open_time_utc,open,high,low,close,volume
2026-06-22T13:30:00Z,126.13,126.15,126.11,126.11,74743
2026-06-22T13:31:00Z,126.11,126.13,126.10,126.11,162178
2026-06-22T13:32:00Z,126.11,126.11,126.10,126.11,142435
2026-06-22T13:33:00Z,126.11,126.15,126.09,126.14,169230
2026-06-22T13:34:00Z,126.14,126.15,126.12,126.13,129743
2026-06-22T13:35:00Z,126.13,126.15,126.11,126.15,181922
2026-06-22T13:36:00Z,126.15,126.15,126.10,126.12,91666
2026-06-22T13:37:00Z,126.12,126.13,126.11,126.12,200255
2026-06-22T13:38:00Z,126.12,126.12,126.12,126.12,170640
2026-06-22T13:39:00Z,126.12,126.14,126.10,126.13,205896
2026-06-22T13:40:00Z,126.13,126.14,126.13,126.13,184742
2026-06-22T13:41:00Z,126.13,126.14,126.11,126.13,194614
2026-06-22T13:42:00Z,126.13,126.17,126.11,126.15,77563
2026-06-22T13:43:00Z,126.15,126.16,126.13,126.14,107179
2026-06-22T13:44:00Z,126.14,126.19,126.14,126.19,164999
2026-06-22T13:45:00Z,126.19,126.20,126.14,126.16,177691
2026-06-22T13:46:00Z,126.16,126.18,126.15,126.18,166409
2026-06-22T13:47:00Z,126.18,126.20,126.16,126.16,81794
2026-06-22T13:48:00Z,126.16,126.16,126.11,126.13,152307
2026-06-22T13:49:00Z,126.13,126.15,126.13,126.14,73333
2026-06-22T13:50:00Z,126.14,126.16,126.13,126.15,160768
2026-06-22T13:51:00Z,126.15,126.18,126.13,126.17,139614
2026-06-22T13:52:00Z,126.17,126.18,126.16,126.17,128332
2026-06-22T13:53:00Z,126.17,126.18,126.13,126.15,191794
2026-06-22T13:54:00Z,126.15,126.18,126.14,126.17,203076
2026-06-22T13:55:00Z,126.17,126.18,126.16,126.18,201665
2026-06-22T13:56:00Z,126.18,126.18,126.14,126.16,173460
2026-06-22T13:57:00Z,126.16,126.16,126.13,126.14,100127
2026-06-22T13:58:00Z,126.14,126.14,126.11,126.11,107179
2026-06-22T13:59:00Z,126.11,126.15,126.11,126.13,177691
2026-06-22T14:00:00Z,126.13,126.13,126.11,126.11,173460
2026-06-22T14:01:00Z,126.11,126.11,126.10,126.11,117050
2026-06-22T14:02:00Z,126.11,126.15,126.09,126.13,184742
2026-06-22T14:03:00Z,126.13,126.14,126.09,126.09,95897
2026-06-22T14:04:00Z,126.09,126.11,126.07,126.10,169230
2026-06-22T14:05:00Z,126.10,126.10,126.06,126.07,80384
2026-06-22T14:06:00Z,126.07,126.08,126.00,126.02,133973
2026-06-22T14:07:00Z,126.02,126.03,126.01,126.02,115640
2026-06-22T14:08:00Z,126.02,126.03,125.99,126.00,157948
2026-06-22T14:09:00Z,126.00,126.01,125.98,126.01,188973
2026-06-22T14:10:00Z,126.01,126.01,125.98,125.99,148076
2026-06-22T14:11:00Z,125.99,126.01,125.97,126.01,74743
2026-06-22T14:12:00Z,126.01,126.05,126.01,126.03,183332
2026-06-22T14:13:00Z,126.03,126.05,126.03,126.05,95897
2026-06-22T14:14:00Z,126.05,126.05,126.02,126.02,94486
2026-06-22T14:15:00Z,126.02,126.05,126.02,126.04,102948
2026-06-22T14:16:00Z,126.04,126.06,126.03,126.05,102948
2026-06-22T14:17:00Z,126.05,126.05,126.02,126.03,91666
2026-06-22T14:18:00Z,126.03,126.05,126.01,126.05,186153
2026-06-22T14:19:00Z,126.05,126.05,126.05,126.05,170640
2026-06-22T14:20:00Z,126.05,126.11,126.04,126.09,100127
2026-06-22T14:21:00Z,126.09,126.10,126.07,126.07,155127
2026-06-22T14:22:00Z,126.07,126.10,126.07,126.09,119871
2026-06-22T14:23:00Z,126.09,126.10,126.08,126.09,164999
2026-06-22T14:24:00Z,126.09,126.09,126.03,126.05,135384
2026-06-22T14:25:00Z,126.05,126.06,126.04,126.06,162178
2026-06-22T14:26:00Z,126.06,126.08,126.04,126.04,196024
2026-06-22T14:27:00Z,126.04,126.05,126.03,126.04,204486
2026-06-22T14:28:00Z,126.04,126.08,126.04,126.06,81794
2026-06-22T14:29:00Z,126.06,126.08,126.06,126.07,157948
2026-06-22T14:30:00Z,126.07,126.09,126.05,126.09,91666
2026-06-22T14:31:00Z,126.09,126.11,126.07,126.11,138204
2026-06-22T14:32:00Z,126.11,126.15,126.10,126.13,162178
2026-06-22T14:33:00Z,126.13,126.18,126.11,126.16,184742
2026-06-22T14:34:00Z,126.16,126.18,126.15,126.16,128332
2026-06-22T14:35:00Z,126.16,126.16,126.14,126.15,162178
2026-06-22T14:36:00Z,126.15,126.19,126.14,126.17,90256
2026-06-22T14:37:00Z,126.17,126.21,126.15,126.21,152307
2026-06-22T14:38:00Z,126.21,126.25,126.20,126.25,111409
2026-06-22T14:39:00Z,126.25,126.29,126.23,126.29,80384
2026-06-22T14:40:00Z,126.29,126.31,126.29,126.31,179101
2026-06-22T14:41:00Z,126.31,126.35,126.29,126.33,179101
2026-06-22T14:42:00Z,126.33,126.33,126.32,126.33,156537
2026-06-22T14:43:00Z,126.33,126.37,126.33,126.35,205896
2026-06-22T14:44:00Z,126.35,126.37,126.34,126.37,159358
2026-06-22T14:45:00Z,126.37,126.39,126.34,126.36,112820
2026-06-22T14:46:00Z,126.36,126.37,126.34,126.36,169230
2026-06-22T14:47:00Z,126.36,126.37,126.32,126.34,114230
2026-06-22T14:48:00Z,126.34,126.39,126.34,126.37,198845
2026-06-22T14:49:00Z,126.37,126.37,126.35,126.37,193204
2026-06-22T14:50:00Z,126.37,126.38,126.37,126.37,133973
2026-06-22T14:51:00Z,126.37,126.38,126.36,126.37,163589
2026-06-22T14:52:00Z,126.37,126.37,126.33,126.35,205896
2026-06-22T14:53:00Z,126.35,126.36,126.34,126.34,133973
2026-06-22T14:54:00Z,126.34,126.35,126.32,126.32,121281
2026-06-22T14:55:00Z,126.32,126.34,126.30,126.31,177691
2026-06-22T14:56:00Z,126.31,126.34,126.31,126.34,98717
2026-06-22T14:57:00Z,126.34,126.34,126.30,126.32,203076
2026-06-22T14:58:00Z,126.32,126.32,126.32,126.32,148076
2026-06-22T14:59:00Z,126.32,126.34,126.31,126.32,125512
2026-06-22T15:00:00Z,126.32,126.34,126.30,126.34,100127
2026-06-22T15:01:00Z,126.34,126.36,126.34,126.36,129743
2026-06-22T15:02:00Z,126.36,126.41,126.34,126.40,93076
2026-06-22T15:03:00Z,126.40,126.42,126.39,126.40,95897
2026-06-22T15:04:00Z,126.40,126.44,126.38,126.42,71922
2026-06-22T15:05:00Z,126.42,126.42,126.41,126.41,177691
2026-06-22T15:06:00Z,126.41,126.42,126.38,126.40,167819
2026-06-22T15:07:00Z,126.40,126.44,126.39,126.42,150896
2026-06-22T15:08:00Z,126.42,126.44,126.39,126.40,78974
2026-06-22T15:09:00Z,126.40,126.44,126.38,126.42,109999
2026-06-22T15:10:00Z,126.42,126.44,126.41,126.41,152307
2026-06-22T15:11:00Z,126.41,126.46,126.39,126.45,87435
2026-06-22T15:12:00Z,126.45,126.47,126.44,126.44,173460
2026-06-22T15:13:00Z,126.44,126.48,126.42,126.46,177691
2026-06-22T15:14:00Z,126.46,126.48,126.44,126.46,112820
2026-06-22T15:15:00Z,126.46,126.46,126.46,126.46,114230
2026-06-22T15:16:00Z,126.46,126.48,126.44,126.48,118461
2026-06-22T15:17:00Z,126.48,126.49,126.47,126.48,208717
2026-06-22T15:18:00Z,126.48,126.48,126.44,126.46,193204
2026-06-22T15:19:00Z,126.46,126.50,126.45,126.49,210127
2026-06-22T15:20:00Z,126.49,126.51,126.48,126.48,179101
2026-06-22T15:21:00Z,126.48,126.48,126.48,126.48,138204
2026-06-22T15:22:00Z,126.48,126.52,126.47,126.50,93076
2026-06-22T15:23:00Z,126.50,126.50,126.49,126.49,145255
2026-06-22T15:24:00Z,126.49,126.50,126.47,126.47,188973
2026-06-22T15:25:00Z,126.47,126.48,126.46,126.47,191794
2026-06-22T15:26:00Z,126.47,126.52,126.47,126.50,74743
2026-06-22T15:27:00Z,126.50,126.51,126.48,126.49,74743
2026-06-22T15:28:00Z,126.49,126.51,126.48,126.51,186153
2026-06-22T15:29:00Z,126.51,126.51,126.50,126.50,159358
2026-06-22T15:30:00Z,126.50,126.53,126.49,126.51,70512
2026-06-22T15:31:00Z,126.51,126.53,126.49,126.50,181922
2026-06-22T15:32:00Z,126.50,126.53,126.49,126.51,208717
2026-06-22T15:33:00Z,126.51,126.52,126.49,126.49,77563
2026-06-22T15:34:00Z,126.49,126.50,126.47,126.49,104358
2026-06-22T15:35:00Z,126.49,126.52,126.49,126.51,155127
2026-06-22T15:36:00Z,126.51,126.53,126.47,126.49,122691
2026-06-22T15:37:00Z,126.49,126.52,126.47,126.51,77563
2026-06-22T15:38:00Z,126.51,126.51,126.49,126.51,131153
2026-06-22T15:39:00Z,126.51,126.53,126.50,126.50,187563
2026-06-22T15:40:00Z,126.50,126.54,126.49,126.52,169230
2026-06-22T15:41:00Z,126.52,126.55,126.52,126.53,101538
2026-06-22T15:42:00Z,126.53,126.56,126.53,126.54,142435
2026-06-22T15:43:00Z,126.54,126.54,126.53,126.54,186153
2026-06-22T15:44:00Z,126.54,126.58,126.53,126.58,81794
2026-06-22T15:45:00Z,126.58,126.59,126.54,126.55,135384
2026-06-22T15:46:00Z,126.55,126.61,126.54,126.59,193204
2026-06-22T15:47:00Z,126.59,126.59,126.59,126.59,197435
2026-06-22T15:48:00Z,126.59,126.63,126.58,126.61,193204
2026-06-22T15:49:00Z,126.61,126.66,126.61,126.64,136794
2026-06-22T15:50:00Z,126.64,126.65,126.64,126.65,198845
2026-06-22T15:51:00Z,126.65,126.67,126.64,126.67,172050
2026-06-22T15:52:00Z,126.67,126.67,126.66,126.67,160768
2026-06-22T15:53:00Z,126.67,126.67,126.65,126.66,122691
2026-06-22T15:54:00Z,126.66,126.68,126.61,126.63,196024
2026-06-22T15:55:00Z,126.63,126.65,126.63,126.65,181922
2026-06-22T15:56:00Z,126.65,126.67,126.61,126.62,174871
2026-06-22T15:57:00Z,126.62,126.65,126.61,126.63,129743
2026-06-22T15:58:00Z,126.63,126.65,126.61,126.61,74743
2026-06-22T15:59:00Z,126.61,126.62,126.58,126.60,163589
2026-06-22T16:00:00Z,126.60,126.61,126.59,126.59,163589
2026-06-22T16:01:00Z,126.59,126.61,126.58,126.60,131153
2026-06-22T16:02:00Z,126.60,126.61,126.57,126.58,132563
2026-06-22T16:03:00Z,126.58,126.60,126.53,126.55,100127
2026-06-22T16:04:00Z,126.55,126.56,126.54,126.54,148076
2026-06-22T16:05:00Z,126.54,126.55,126.52,126.52,180512
2026-06-22T16:06:00Z,126.52,126.55,126.51,126.53,78974
2026-06-22T16:07:00Z,126.53,126.54,126.51,126.53,196024
2026-06-22T16:08:00Z,126.53,126.55,126.52,126.55,132563
2026-06-22T16:09:00Z,126.55,126.57,126.54,126.56,183332
2026-06-22T16:10:00Z,126.56,126.59,126.56,126.57,155127
2026-06-22T16:11:00Z,126.57,126.58,126.53,126.55,197435
2026-06-22T16:12:00Z,126.55,126.56,126.55,126.56,146666
2026-06-22T16:13:00Z,126.56,126.61,126.55,126.59,135384
2026-06-22T16:14:00Z,126.59,126.61,126.58,126.61,118461
2026-06-22T16:15:00Z,126.61,126.66,126.60,126.65,88845
2026-06-22T16:16:00Z,126.65,126.65,126.60,126.62,208717
2026-06-22T16:17:00Z,126.62,126.62,126.57,126.59,186153
2026-06-22T16:18:00Z,126.59,126.61,126.57,126.61,77563
2026-06-22T16:19:00Z,126.61,126.62,126.57,126.59,186153
2026-06-22T16:20:00Z,126.59,126.59,126.56,126.58,142435
2026-06-22T16:21:00Z,126.58,126.59,126.54,126.56,188973
2026-06-22T16:22:00Z,126.56,126.61,126.55,126.60,128332
2026-06-22T16:23:00Z,126.60,126.61,126.58,126.58,125512
2026-06-22T16:24:00Z,126.58,126.61,126.56,126.59,210127
2026-06-22T16:25:00Z,126.59,126.63,126.59,126.61,73333
2026-06-22T16:26:00Z,126.61,126.62,126.60,126.60,128332
2026-06-22T16:27:00Z,126.60,126.62,126.59,126.61,193204
2026-06-22T16:28:00Z,126.61,126.62,126.54,126.56,166409
2026-06-22T16:29:00Z,126.56,126.58,126.54,126.55,166409
2026-06-22T16:30:00Z,126.55,126.55,126.52,126.53,138204
2026-06-22T16:31:00Z,126.53,126.56,126.51,126.54,160768
2026-06-22T16:32:00Z,126.54,126.55,126.51,126.52,201665
2026-06-22T16:33:00Z,126.52,126.54,126.50,126.51,155127
2026-06-22T16:34:00Z,126.51,126.52,126.48,126.49,207306
2026-06-22T16:35:00Z,126.49,126.49,126.47,126.47,129743
2026-06-22T16:36:00Z,126.47,126.50,126.46,126.50,210127
2026-06-22T16:37:00Z,126.50,126.54,126.48,126.52,88845
2026-06-22T16:38:00Z,126.52,126.56,126.52,126.55,73333
2026-06-22T16:39:00Z,126.55,126.57,126.55,126.56,124102
2026-06-22T16:40:00Z,126.56,126.59,126.56,126.58,97307
2026-06-22T16:41:00Z,126.58,126.58,126.56,126.57,149486
2026-06-22T16:42:00Z,126.57,126.61,126.56,126.59,131153
2026-06-22T16:43:00Z,126.59,126.61,126.58,126.60,183332
2026-06-22T16:44:00Z,126.60,126.62,126.58,126.62,146666
2026-06-22T16:45:00Z,126.62,126.66,126.62,126.64,97307
2026-06-22T16:46:00Z,126.64,126.65,126.64,126.65,80384
2026-06-22T16:47:00Z,126.65,126.67,126.62,126.62,117050
2026-06-22T16:48:00Z,126.62,126.65,126.61,126.65,101538
2026-06-22T16:49:00Z,126.65,126.66,126.64,126.65,119871
2026-06-22T16:50:00Z,126.65,126.66,126.60,126.62,150896
2026-06-22T16:51:00Z,126.62,126.62,126.55,126.57,183332
2026-06-22T16:52:00Z,126.57,126.58,126.56,126.56,86025
2026-06-22T16:53:00Z,126.56,126.59,126.54,126.58,170640
2026-06-22T16:54:00Z,126.58,126.60,126.56,126.60,197435
2026-06-22T16:55:00Z,126.60,126.61,126.57,126.59,135384
2026-06-22T16:56:00Z,126.59,126.62,126.58,126.60,172050
2026-06-22T16:57:00Z,126.60,126.60,126.60,126.60,149486
2026-06-22T16:58:00Z,126.60,126.63,126.60,126.62,84615
2026-06-22T16:59:00Z,126.62,126.64,126.60,126.61,188973
2026-06-22T17:00:00Z,126.61,126.65,126.61,126.63,197435
2026-06-22T17:01:00Z,126.63,126.68,126.61,126.67,102948
2026-06-22T17:02:00Z,126.67,126.69,126.64,126.64,177691
2026-06-22T17:03:00Z,126.64,126.67,126.64,126.66,160768
2026-06-22T17:04:00Z,126.66,126.66,126.64,126.64,125512
2026-06-22T17:05:00Z,126.64,126.66,126.62,126.63,208717
2026-06-22T17:06:00Z,126.63,126.65,126.61,126.61,174871
2026-06-22T17:07:00Z,126.61,126.66,126.59,126.64,152307
2026-06-22T17:08:00Z,126.64,126.66,126.64,126.65,177691
2026-06-22T17:09:00Z,126.65,126.69,126.65,126.67,122691
2026-06-22T17:10:00Z,126.67,126.71,126.66,126.69,80384
2026-06-22T17:11:00Z,126.69,126.69,126.67,126.67,78974
2026-06-22T17:12:00Z,126.67,126.70,126.67,126.68,80384
2026-06-22T17:13:00Z,126.68,126.71,126.67,126.70,112820
2026-06-22T17:14:00Z,126.70,126.72,126.70,126.71,198845
2026-06-22T17:15:00Z,126.71,126.72,126.63,126.65,101538
2026-06-22T17:16:00Z,126.65,126.67,126.63,126.67,155127
2026-06-22T17:17:00Z,126.67,126.70,126.67,126.69,143845
2026-06-22T17:18:00Z,126.69,126.69,126.67,126.67,135384
2026-06-22T17:19:00Z,126.67,126.73,126.65,126.71,83204
2026-06-22T17:20:00Z,126.71,126.73,126.68,126.70,173460
2026-06-22T17:21:00Z,126.70,126.72,126.69,126.69,160768
2026-06-22T17:22:00Z,126.69,126.71,126.69,126.70,138204
2026-06-22T17:23:00Z,126.70,126.71,126.68,126.71,114230
2026-06-22T17:24:00Z,126.71,126.73,126.68,126.68,193204
2026-06-22T17:25:00Z,126.68,126.70,126.67,126.67,138204
2026-06-22T17:26:00Z,126.67,126.69,126.65,126.68,159358
2026-06-22T17:27:00Z,126.68,126.68,126.65,126.66,77563
2026-06-22T17:28:00Z,126.66,126.67,126.62,126.64,80384
2026-06-22T17:29:00Z,126.64,126.69,126.63,126.67,200255
2026-06-22T17:30:00Z,126.67,126.67,126.65,126.65,153717
2026-06-22T17:31:00Z,126.65,126.67,126.65,126.66,143845
2026-06-22T17:32:00Z,126.66,126.69,126.65,126.68,159358
2026-06-22T17:33:00Z,126.68,126.72,126.68,126.70,201665
2026-06-22T17:34:00Z,126.70,126.72,126.65,126.65,163589
2026-06-22T17:35:00Z,126.65,126.69,126.63,126.67,108589
2026-06-22T17:36:00Z,126.67,126.70,126.66,126.68,203076
2026-06-22T17:37:00Z,126.68,126.69,126.65,126.65,74743
2026-06-22T17:38:00Z,126.65,126.70,126.65,126.68,93076
2026-06-22T17:39:00Z,126.68,126.71,126.68,126.70,97307
2026-06-22T17:40:00Z,126.70,126.74,126.68,126.72,93076
2026-06-22T17:41:00Z,126.72,126.75,126.72,126.74,210127
2026-06-22T17:42:00Z,126.74,126.77,126.73,126.75,108589
2026-06-22T17:43:00Z,126.75,126.76,126.75,126.76,73333
2026-06-22T17:44:00Z,126.76,126.78,126.74,126.77,181922
2026-06-22T17:45:00Z,126.77,126.81,126.77,126.79,146666
2026-06-22T17:46:00Z,126.79,126.81,126.75,126.77,163589
2026-06-22T17:47:00Z,126.77,126.78,126.77,126.78,150896
2026-06-22T17:48:00Z,126.78,126.79,126.71,126.73,174871
2026-06-22T17:49:00Z,126.73,126.74,126.70,126.71,173460
2026-06-22T17:50:00Z,126.71,126.73,126.70,126.73,80384
2026-06-22T17:51:00Z,126.73,126.74,126.72,126.74,174871
2026-06-22T17:52:00Z,126.74,126.77,126.73,126.76,167819
2026-06-22T17:53:00Z,126.76,126.76,126.73,126.73,126922
2026-06-22T17:54:00Z,126.73,126.77,126.73,126.76,163589
2026-06-22T17:55:00Z,126.76,126.78,126.74,126.74,111409
2026-06-22T17:56:00Z,126.74,126.74,126.73,126.73,208717
2026-06-22T17:57:00Z,126.73,126.75,126.71,126.72,142435
2026-06-22T17:58:00Z,126.72,126.73,126.69,126.70,196024
2026-06-22T17:59:00Z,126.70,126.72,126.68,126.69,107179
2026-06-22T18:00:00Z,126.69,126.69,126.66,126.66,183332
2026-06-22T18:01:00Z,126.66,126.69,126.64,126.68,104358
2026-06-22T18:02:00Z,126.68,126.72,126.66,126.70,115640
2026-06-22T18:03:00Z,126.70,126.73,126.70,126.71,179101
2026-06-22T18:04:00Z,126.71,126.73,126.69,126.72,184742
2026-06-22T18:05:00Z,126.72,126.72,126.71,126.71,88845
2026-06-22T18:06:00Z,126.71,126.71,126.67,126.68,71922
2026-06-22T18:07:00Z,126.68,126.69,126.63,126.65,180512
2026-06-22T18:08:00Z,126.65,126.70,126.64,126.68,117050
2026-06-22T18:09:00Z,126.68,126.73,126.68,126.71,170640
2026-06-22T18:10:00Z,126.71,126.72,126.68,126.69,121281
2026-06-22T18:11:00Z,126.69,126.70,126.68,126.68,169230
2026-06-22T18:12:00Z,126.68,126.70,126.67,126.67,169230
2026-06-22T18:13:00Z,126.67,126.69,126.66,126.69,160768
2026-06-22T18:14:00Z,126.69,126.71,126.67,126.71,122691
2026-06-22T18:15:00Z,126.71,126.71,126.69,126.70,105768
2026-06-22T18:16:00Z,126.70,126.70,126.67,126.69,203076
2026-06-22T18:17:00Z,126.69,126.69,126.67,126.68,121281
2026-06-22T18:18:00Z,126.68,126.71,126.66,126.70,86025
2026-06-22T18:19:00Z,126.70,126.72,126.69,126.69,184742
2026-06-22T18:20:00Z,126.69,126.70,126.66,126.68,125512
2026-06-22T18:21:00Z,126.68,126.71,126.67,126.71,188973
2026-06-22T18:22:00Z,126.71,126.75,126.71,126.75,153717
2026-06-22T18:23:00Z,126.75,126.77,126.72,126.74,139614
2026-06-22T18:24:00Z,126.74,126.76,126.74,126.75,208717
2026-06-22T18:25:00Z,126.75,126.76,126.70,126.72,80384
2026-06-22T18:26:00Z,126.72,126.74,126.71,126.73,155127
2026-06-22T18:27:00Z,126.73,126.77,126.72,126.75,180512
2026-06-22T18:28:00Z,126.75,126.78,126.75,126.76,172050
2026-06-22T18:29:00Z,126.76,126.77,126.74,126.77,150896
2026-06-22T18:30:00Z,126.77,126.80,126.75,126.79,198845
2026-06-22T18:31:00Z,126.79,126.80,126.76,126.78,163589
2026-06-22T18:32:00Z,126.78,126.82,126.76,126.80,157948
2026-06-22T18:33:00Z,126.80,126.83,126.79,126.83,136794
2026-06-22T18:34:00Z,126.83,126.84,126.82,126.82,95897
2026-06-22T18:35:00Z,126.82,126.88,126.81,126.86,109999
2026-06-22T18:36:00Z,126.86,126.86,126.83,126.85,181922
2026-06-22T18:37:00Z,126.85,126.86,126.81,126.83,135384
2026-06-22T18:38:00Z,126.83,126.89,126.83,126.87,97307
2026-06-22T18:39:00Z,126.87,126.88,126.85,126.85,160768
2026-06-22T18:40:00Z,126.85,126.87,126.81,126.81,169230
2026-06-22T18:41:00Z,126.81,126.83,126.80,126.80,76153
2026-06-22T18:42:00Z,126.80,126.85,126.80,126.85,104358
2026-06-22T18:43:00Z,126.85,126.87,126.83,126.85,179101
2026-06-22T18:44:00Z,126.85,126.85,126.83,126.85,111409
2026-06-22T18:45:00Z,126.85,126.86,126.83,126.85,138204
2026-06-22T18:46:00Z,126.85,126.89,126.84,126.89,193204
2026-06-22T18:47:00Z,126.89,126.89,126.89,126.89,117050
2026-06-22T18:48:00Z,126.89,126.90,126.86,126.88,153717
2026-06-22T18:49:00Z,126.88,126.92,126.87,126.92,71922
2026-06-22T18:50:00Z,126.92,126.93,126.91,126.92,129743
2026-06-22T18:51:00Z,126.92,126.94,126.88,126.88,93076
2026-06-22T18:52:00Z,126.88,126.88,126.87,126.88,109999
2026-06-22T18:53:00Z,126.88,126.88,126.88,126.88,97307
2026-06-22T18:54:00Z,126.88,126.88,126.85,126.87,210127
2026-06-22T18:55:00Z,126.87,126.88,126.87,126.87,148076
2026-06-22T18:56:00Z,126.87,126.89,126.85,126.89,117050
2026-06-22T18:57:00Z,126.89,126.91,126.88,126.91,73333
2026-06-22T18:58:00Z,126.91,126.96,126.91,126.94,141025
2026-06-22T18:59:00Z,126.94,126.95,126.93,126.95,94486
2026-06-22T19:00:00Z,126.95,126.95,126.94,126.94,114230
2026-06-22T19:01:00Z,126.94,126.99,126.93,126.98,105768
2026-06-22T19:02:00Z,126.98,126.99,126.95,126.96,169230
2026-06-22T19:03:00Z,126.96,126.96,126.95,126.96,80384
2026-06-22T19:04:00Z,126.96,126.98,126.93,126.94,73333
2026-06-22T19:05:00Z,126.94,126.99,126.93,126.97,131153
2026-06-22T19:06:00Z,126.97,126.97,126.97,126.97,97307
2026-06-22T19:07:00Z,126.97,126.99,126.97,126.99,95897
2026-06-22T19:08:00Z,126.99,127.01,126.97,126.97,133973
2026-06-22T19:09:00Z,126.97,126.99,126.96,126.97,118461
2026-06-22T19:10:00Z,126.97,126.97,126.94,126.96,170640
2026-06-22T19:11:00Z,126.96,126.97,126.95,126.95,138204
2026-06-22T19:12:00Z,126.95,126.97,126.93,126.95,100127
2026-06-22T19:13:00Z,126.95,127.02,126.94,127.00,139614
2026-06-22T19:14:00Z,127.00,127.00,126.99,127.00,90256
2026-06-22T19:15:00Z,127.00,127.04,126.99,127.03,98717
2026-06-22T19:16:00Z,127.03,127.05,127.03,127.03,119871
2026-06-22T19:17:00Z,127.03,127.06,127.01,127.05,174871
2026-06-22T19:18:00Z,127.05,127.07,127.04,127.05,95897
2026-06-22T19:19:00Z,127.05,127.10,127.05,127.08,95897
2026-06-22T19:20:00Z,127.08,127.08,127.05,127.07,211537
2026-06-22T19:21:00Z,127.07,127.07,127.05,127.07,90256
2026-06-22T19:22:00Z,127.07,127.11,127.05,127.11,157948
2026-06-22T19:23:00Z,127.11,127.15,127.11,127.14,98717
2026-06-22T19:24:00Z,127.14,127.21,127.14,127.21,73333
2026-06-22T19:25:00Z,127.21,127.22,127.19,127.19,119871
2026-06-22T19:26:00Z,127.19,127.20,127.15,127.17,210127
2026-06-22T19:27:00Z,127.17,127.19,127.16,127.16,208717
2026-06-22T19:28:00Z,127.16,127.20,127.16,127.18,71922
2026-06-22T19:29:00Z,127.18,127.18,127.16,127.17,149486
2026-06-22T19:30:00Z,127.17,127.19,127.16,127.18,128332
2026-06-22T19:31:00Z,127.18,127.20,127.17,127.18,164999
2026-06-22T19:32:00Z,127.18,127.19,127.16,127.19,93076
2026-06-22T19:33:00Z,127.19,127.19,127.18,127.18,81794
2026-06-22T19:34:00Z,127.18,127.20,127.13,127.14,90256
2026-06-22T19:35:00Z,127.14,127.17,127.12,127.15,112820
2026-06-22T19:36:00Z,127.15,127.17,127.15,127.17,181922
2026-06-22T19:37:00Z,127.17,127.19,127.16,127.17,191794
2026-06-22T19:38:00Z,127.17,127.18,127.13,127.14,70512
2026-06-22T19:39:00Z,127.14,127.16,127.13,127.13,94486
2026-06-22T19:40:00Z,127.13,127.15,127.10,127.11,97307
2026-06-22T19:41:00Z,127.11,127.13,127.09,127.13,155127
2026-06-22T19:42:00Z,127.13,127.13,127.11,127.13,73333
2026-06-22T19:43:00Z,127.13,127.14,127.11,127.11,102948
2026-06-22T19:44:00Z,127.11,127.13,127.11,127.11,191794
2026-06-22T19:45:00Z,127.11,127.11,127.06,127.07,166409
2026-06-22T19:46:00Z,127.07,127.08,127.04,127.05,118461
2026-06-22T19:47:00Z,127.05,127.08,127.03,127.07,157948
2026-06-22T19:48:00Z,127.07,127.09,127.07,127.09,163589
2026-06-22T19:49:00Z,127.09,127.11,127.06,127.08,177691
2026-06-22T19:50:00Z,127.08,127.12,127.06,127.10,102948
2026-06-22T19:51:00Z,127.10,127.12,127.10,127.11,176281
2026-06-22T19:52:00Z,127.11,127.13,127.09,127.12,174871
2026-06-22T19:53:00Z,127.12,127.18,127.12,127.16,201665
2026-06-22T19:54:00Z,127.16,127.17,127.14,127.16,155127
2026-06-22T19:55:00Z,127.16,127.16,127.14,127.14,207306
2026-06-22T19:56:00Z,127.14,127.18,127.13,127.17,76153
2026-06-22T19:57:00Z,127.17,127.19,127.16,127.17,76153
2026-06-22T19:58:00Z,127.17,127.21,127.16,127.19,177691
2026-06-22T19:59:00Z,127.19,127.21,127.17,127.18,188973
2026-06-23T13:30:00Z,127.18,127.22,127.18,127.20,172050
2026-06-23T13:31:00Z,127.20,127.21,127.16,127.17,177691
2026-06-23T13:32:00Z,127.17,127.19,127.12,127.14,197435
2026-06-23T13:33:00Z,127.14,127.18,127.12,127.16,200255
2026-06-23T13:34:00Z,127.16,127.18,127.15,127.16,190383
2026-06-23T13:35:00Z,127.16,127.17,127.14,127.14,200255
2026-06-23T13:36:00Z,127.14,127.16,127.11,127.11,174871
2026-06-23T13:37:00Z,127.11,127.11,127.08,127.10,80384
2026-06-23T13:38:00Z,127.10,127.11,127.09,127.11,183332
2026-06-23T13:39:00Z,127.11,127.13,127.06,127.08,146666
2026-06-23T13:40:00Z,127.08,127.11,127.06,127.09,94486
2026-06-23T13:41:00Z,127.09,127.12,127.07,127.10,86025
2026-06-23T13:42:00Z,127.10,127.10,127.08,127.10,94486
2026-06-23T13:43:00Z,127.10,127.12,127.05,127.07,117050
2026-06-23T13:44:00Z,127.07,127.07,127.06,127.06,122691
2026-06-23T13:45:00Z,127.06,127.07,127.04,127.07,111409
2026-06-23T13:46:00Z,127.07,127.12,127.06,127.10,200255
2026-06-23T13:47:00Z,127.10,127.10,127.09,127.09,111409
2026-06-23T13:48:00Z,127.09,127.12,127.09,127.11,73333
2026-06-23T13:49:00Z,127.11,127.13,127.09,127.09,166409
2026-06-23T13:50:00Z,127.09,127.10,127.05,127.05,87435
2026-06-23T13:51:00Z,127.05,127.09,127.03,127.07,101538
2026-06-23T13:52:00Z,127.07,127.10,127.06,127.09,84615
2026-06-23T13:53:00Z,127.09,127.10,127.06,127.06,91666
2026-06-23T13:54:00Z,127.06,127.08,127.06,127.07,177691
2026-06-23T13:55:00Z,127.07,127.10,127.06,127.08,84615
2026-06-23T13:56:00Z,127.08,127.10,127.07,127.10,201665
2026-06-23T13:57:00Z,127.10,127.12,127.10,127.11,77563
2026-06-23T13:58:00Z,127.11,127.15,127.10,127.13,155127
2026-06-23T13:59:00Z,127.13,127.15,127.13,127.13,91666
2026-06-23T14:00:00Z,127.13,127.15,127.08,127.10,173460
2026-06-23T14:01:00Z,127.10,127.16,127.09,127.14,193204
2026-06-23T14:02:00Z,127.14,127.16,127.14,127.15,133973
2026-06-23T14:03:00Z,127.15,127.16,127.14,127.15,197435
2026-06-23T14:04:00Z,127.15,127.15,127.12,127.13,115640
2026-06-23T14:05:00Z,127.13,127.14,127.10,127.11,112820
2026-06-23T14:06:00Z,127.11,127.15,127.09,127.13,73333
2026-06-23T14:07:00Z,127.13,127.14,127.12,127.14,150896
2026-06-23T14:08:00Z,127.14,127.14,127.11,127.13,142435
2026-06-23T14:09:00Z,127.13,127.15,127.13,127.14,139614
2026-06-23T14:10:00Z,127.14,127.16,127.09,127.10,77563
2026-06-23T14:11:00Z,127.10,127.10,127.10,127.10,149486
2026-06-23T14:12:00Z,127.10,127.13,127.10,127.12,115640
2026-06-23T14:13:00Z,127.12,127.14,127.12,127.12,121281
2026-06-23T14:14:00Z,127.12,127.13,127.10,127.12,150896
2026-06-23T14:15:00Z,127.12,127.14,127.12,127.13,160768
2026-06-23T14:16:00Z,127.13,127.14,127.09,127.11,173460
2026-06-23T14:17:00Z,127.11,127.12,127.11,127.12,157948
2026-06-23T14:18:00Z,127.12,127.13,127.08,127.10,156537
2026-06-23T14:19:00Z,127.10,127.13,127.09,127.11,83204
2026-06-23T14:20:00Z,127.11,127.14,127.10,127.13,142435
2026-06-23T14:21:00Z,127.13,127.15,127.06,127.07,194614
2026-06-23T14:22:00Z,127.07,127.07,127.04,127.05,197435
2026-06-23T14:23:00Z,127.05,127.06,126.99,126.99,93076
2026-06-23T14:24:00Z,126.99,127.01,126.97,126.97,145255
2026-06-23T14:25:00Z,126.97,126.98,126.97,126.98,108589
2026-06-23T14:26:00Z,126.98,127.02,126.97,127.00,139614
2026-06-23T14:27:00Z,127.00,127.00,126.96,126.98,73333
2026-06-23T14:28:00Z,126.98,126.99,126.97,126.99,187563
2026-06-23T14:29:00Z,126.99,127.04,126.97,127.03,208717
2026-06-23T14:30:00Z,127.03,127.04,127.02,127.03,200255
2026-06-23T14:31:00Z,127.03,127.04,127.00,127.01,162178
2026-06-23T14:32:00Z,127.01,127.02,126.99,126.99,135384
2026-06-23T14:33:00Z,126.99,127.06,126.99,127.04,143845
2026-06-23T14:34:00Z,127.04,127.11,127.03,127.09,156537
2026-06-23T14:35:00Z,127.09,127.12,127.08,127.10,70512
2026-06-23T14:36:00Z,127.10,127.12,127.08,127.08,179101
2026-06-23T14:37:00Z,127.08,127.08,127.06,127.06,194614
2026-06-23T14:38:00Z,127.06,127.09,127.04,127.08,141025
2026-06-23T14:39:00Z,127.08,127.11,127.07,127.09,102948
2026-06-23T14:40:00Z,127.09,127.10,127.05,127.07,146666
2026-06-23T14:41:00Z,127.07,127.09,127.05,127.05,125512
2026-06-23T14:42:00Z,127.05,127.05,127.02,127.03,88845
2026-06-23T14:43:00Z,127.03,127.10,127.01,127.08,146666
2026-06-23T14:44:00Z,127.08,127.08,127.04,127.05,73333
2026-06-23T14:45:00Z,127.05,127.10,127.05,127.08,124102
2026-06-23T14:46:00Z,127.08,127.10,127.07,127.10,80384
2026-06-23T14:47:00Z,127.10,127.13,127.10,127.11,146666
2026-06-23T14:48:00Z,127.11,127.12,127.09,127.09,95897
2026-06-23T14:49:00Z,127.09,127.11,127.07,127.10,128332
2026-06-23T14:50:00Z,127.10,127.14,127.08,127.12,180512
2026-06-23T14:51:00Z,127.12,127.13,127.10,127.10,184742
2026-06-23T14:52:00Z,127.10,127.15,127.10,127.15,143845
2026-06-23T14:53:00Z,127.15,127.16,127.14,127.16,77563
2026-06-23T14:54:00Z,127.16,127.16,127.10,127.10,135384
2026-06-23T14:55:00Z,127.10,127.12,127.08,127.11,184742
2026-06-23T14:56:00Z,127.11,127.11,127.08,127.09,149486
2026-06-23T14:57:00Z,127.09,127.10,127.08,127.09,74743
2026-06-23T14:58:00Z,127.09,127.10,127.05,127.06,76153
2026-06-23T14:59:00Z,127.06,127.08,127.04,127.08,194614
2026-06-23T15:00:00Z,127.08,127.13,127.08,127.13,88845
2026-06-23T15:01:00Z,127.13,127.14,127.09,127.09,83204
2026-06-23T15:02:00Z,127.09,127.09,127.06,127.07,183332
2026-06-23T15:03:00Z,127.07,127.09,127.03,127.05,160768
2026-06-23T15:04:00Z,127.05,127.05,127.05,127.05,205896
2026-06-23T15:05:00Z,127.05,127.05,127.01,127.02,186153
2026-06-23T15:06:00Z,127.02,127.02,127.00,127.00,211537
2026-06-23T15:07:00Z,127.00,127.00,126.98,126.98,156537
2026-06-23T15:08:00Z,126.98,126.98,126.93,126.95,172050
2026-06-23T15:09:00Z,126.95,126.97,126.95,126.95,155127
2026-06-23T15:10:00Z,126.95,126.99,126.95,126.98,170640
2026-06-23T15:11:00Z,126.98,126.99,126.97,126.99,132563
2026-06-23T15:12:00Z,126.99,127.02,126.98,127.01,152307
2026-06-23T15:13:00Z,127.01,127.02,126.99,126.99,114230
2026-06-23T15:14:00Z,126.99,127.00,126.94,126.95,176281
2026-06-23T15:15:00Z,126.95,126.96,126.94,126.96,146666
2026-06-23T15:16:00Z,126.96,126.96,126.94,126.94,149486
2026-06-23T15:17:00Z,126.94,126.97,126.92,126.96,73333
2026-06-23T15:18:00Z,126.96,127.00,126.94,126.98,126922
2026-06-23T15:19:00Z,126.98,126.99,126.97,126.98,197435
2026-06-23T15:20:00Z,126.98,127.00,126.94,126.94,173460
2026-06-23T15:21:00Z,126.94,126.98,126.92,126.97,81794
2026-06-23T15:22:00Z,126.97,127.01,126.97,126.99,88845
2026-06-23T15:23:00Z,126.99,127.06,126.98,127.04,125512
2026-06-23T15:24:00Z,127.04,127.04,126.99,127.01,95897
2026-06-23T15:25:00Z,127.01,127.03,126.99,126.99,83204
2026-06-23T15:26:00Z,126.99,126.99,126.95,126.97,119871
2026-06-23T15:27:00Z,126.97,126.98,126.93,126.95,204486
2026-06-23T15:28:00Z,126.95,126.98,126.93,126.96,163589
2026-06-23T15:29:00Z,126.96,126.96,126.94,126.96,146666
2026-06-23T15:30:00Z,126.96,126.96,126.96,126.96,163589
2026-06-23T15:31:00Z,126.96,126.96,126.95,126.95,166409
2026-06-23T15:32:00Z,126.95,126.99,126.93,126.98,208717
2026-06-23T15:33:00Z,126.98,127.04,126.96,127.04,74743
2026-06-23T15:34:00Z,127.04,127.04,127.03,127.03,203076
2026-06-23T15:35:00Z,127.03,127.05,126.99,127.01,87435
2026-06-23T15:36:00Z,127.01,127.02,127.00,127.00,187563
2026-06-23T15:37:00Z,127.00,127.02,126.99,127.01,115640
2026-06-23T15:38:00Z,127.01,127.03,126.97,126.99,177691
2026-06-23T15:39:00Z,126.99,127.00,126.92,126.93,201665
2026-06-23T15:40:00Z,126.93,126.95,126.91,126.95,86025
2026-06-23T15:41:00Z,126.95,126.96,126.91,126.93,136794
2026-06-23T15:42:00Z,126.93,126.94,126.92,126.92,95897
2026-06-23T15:43:00Z,126.92,126.93,126.88,126.90,183332
2026-06-23T15:44:00Z,126.90,126.92,126.86,126.87,186153
2026-06-23T15:45:00Z,126.87,126.87,126.81,126.81,74743
2026-06-23T15:46:00Z,126.81,126.82,126.76,126.76,159358
2026-06-23T15:47:00Z,126.76,126.79,126.76,126.78,90256
2026-06-23T15:48:00Z,126.78,126.78,126.75,126.77,188973
2026-06-23T15:49:00Z,126.77,126.79,126.73,126.75,131153
2026-06-23T15:50:00Z,126.75,126.76,126.73,126.76,164999
2026-06-23T15:51:00Z,126.76,126.80,126.74,126.80,141025
2026-06-23T15:52:00Z,126.80,126.84,126.79,126.82,78974
2026-06-23T15:53:00Z,126.82,126.84,126.81,126.81,203076
2026-06-23T15:54:00Z,126.81,126.83,126.79,126.80,95897
2026-06-23T15:55:00Z,126.80,126.81,126.79,126.79,132563
2026-06-23T15:56:00Z,126.79,126.81,126.79,126.81,102948
2026-06-23T15:57:00Z,126.81,126.85,126.80,126.85,157948
2026-06-23T15:58:00Z,126.85,126.88,126.84,126.86,150896
2026-06-23T15:59:00Z,126.86,126.87,126.83,126.84,136794
2026-06-23T16:00:00Z,126.84,126.87,126.83,126.85,210127
2026-06-23T16:01:00Z,126.85,126.88,126.85,126.87,87435
2026-06-23T16:02:00Z,126.87,126.91,126.87,126.89,88845
2026-06-23T16:03:00Z,126.89,126.90,126.88,126.88,162178
2026-06-23T16:04:00Z,126.88,126.90,126.86,126.89,163589
2026-06-23T16:05:00Z,126.89,126.89,126.84,126.86,80384
2026-06-23T16:06:00Z,126.86,126.91,126.86,126.89,122691
2026-06-23T16:07:00Z,126.89,126.90,126.86,126.88,71922
2026-06-23T16:08:00Z,126.88,126.90,126.87,126.90,98717
2026-06-23T16:09:00Z,126.90,126.91,126.89,126.89,193204
2026-06-23T16:10:00Z,126.89,126.90,126.89,126.90,71922
2026-06-23T16:11:00Z,126.90,126.92,126.89,126.91,205896
2026-06-23T16:12:00Z,126.91,126.96,126.91,126.95,143845
2026-06-23T16:13:00Z,126.95,126.96,126.93,126.96,109999
2026-06-23T16:14:00Z,126.96,126.96,126.94,126.95,141025
2026-06-23T16:15:00Z,126.95,126.96,126.94,126.96,184742
2026-06-23T16:16:00Z,126.96,126.98,126.95,126.97,210127
2026-06-23T16:17:00Z,126.97,126.98,126.95,126.95,210127
2026-06-23T16:18:00Z,126.95,127.01,126.93,126.99,210127
2026-06-23T16:19:00Z,126.99,127.03,126.98,127.02,117050
2026-06-23T16:20:00Z,127.02,127.06,127.02,127.04,133973
2026-06-23T16:21:00Z,127.04,127.04,127.02,127.02,128332
2026-06-23T16:22:00Z,127.02,127.04,127.02,127.04,101538
2026-06-23T16:23:00Z,127.04,127.07,127.04,127.07,176281
2026-06-23T16:24:00Z,127.07,127.11,127.07,127.09,142435
2026-06-23T16:25:00Z,127.09,127.10,127.09,127.10,184742
2026-06-23T16:26:00Z,127.10,127.13,127.08,127.13,95897
2026-06-23T16:27:00Z,127.13,127.15,127.10,127.11,136794
2026-06-23T16:28:00Z,127.11,127.13,127.11,127.13,162178
2026-06-23T16:29:00Z,127.13,127.13,127.11,127.11,146666
2026-06-23T16:30:00Z,127.11,127.12,127.09,127.11,94486
2026-06-23T16:31:00Z,127.11,127.16,127.10,127.14,83204
2026-06-23T16:32:00Z,127.14,127.18,127.12,127.16,81794
2026-06-23T16:33:00Z,127.16,127.20,127.14,127.19,141025
2026-06-23T16:34:00Z,127.19,127.21,127.17,127.18,73333
2026-06-23T16:35:00Z,127.18,127.22,127.17,127.21,172050
2026-06-23T16:36:00Z,127.21,127.21,127.17,127.19,78974
2026-06-23T16:37:00Z,127.19,127.22,127.18,127.20,136794
2026-06-23T16:38:00Z,127.20,127.22,127.18,127.18,200255
2026-06-23T16:39:00Z,127.18,127.21,127.16,127.20,91666
2026-06-23T16:40:00Z,127.20,127.22,127.19,127.19,84615
2026-06-23T16:41:00Z,127.19,127.20,127.18,127.20,135384
2026-06-23T16:42:00Z,127.20,127.20,127.18,127.20,94486
2026-06-23T16:43:00Z,127.20,127.22,127.14,127.14,190383
2026-06-23T16:44:00Z,127.14,127.17,127.12,127.15,138204
2026-06-23T16:45:00Z,127.15,127.17,127.08,127.10,84615
2026-06-23T16:46:00Z,127.10,127.11,127.06,127.08,153717
2026-06-23T16:47:00Z,127.08,127.10,127.06,127.10,148076
2026-06-23T16:48:00Z,127.10,127.10,127.05,127.07,156537
2026-06-23T16:49:00Z,127.07,127.13,127.07,127.11,138204
2026-06-23T16:50:00Z,127.11,127.13,127.11,127.12,198845
2026-06-23T16:51:00Z,127.12,127.14,127.10,127.11,205896
2026-06-23T16:52:00Z,127.11,127.13,127.08,127.08,111409
2026-06-23T16:53:00Z,127.08,127.12,127.07,127.11,93076
2026-06-23T16:54:00Z,127.11,127.14,127.09,127.12,91666
2026-06-23T16:55:00Z,127.12,127.17,127.11,127.15,77563
2026-06-23T16:56:00Z,127.15,127.18,127.15,127.18,208717
2026-06-23T16:57:00Z,127.18,127.26,127.16,127.24,197435
2026-06-23T16:58:00Z,127.24,127.25,127.21,127.22,190383
2026-06-23T16:59:00Z,127.22,127.22,127.20,127.21,124102
2026-06-23T17:00:00Z,127.21,127.21,127.16,127.18,149486
2026-06-23T17:01:00Z,127.18,127.19,127.16,127.16,188973
2026-06-23T17:02:00Z,127.16,127.18,127.15,127.17,81794
2026-06-23T17:03:00Z,127.17,127.19,127.15,127.16,191794
2026-06-23T17:04:00Z,127.16,127.16,127.13,127.15,102948
2026-06-23T17:05:00Z,127.15,127.17,127.10,127.12,153717
2026-06-23T17:06:00Z,127.12,127.13,127.11,127.12,160768
2026-06-23T17:07:00Z,127.12,127.12,127.08,127.10,126922
2026-06-23T17:08:00Z,127.10,127.11,127.04,127.05,200255
2026-06-23T17:09:00Z,127.05,127.09,127.05,127.07,164999
2026-06-23T17:10:00Z,127.07,127.13,127.05,127.13,94486
2026-06-23T17:11:00Z,127.13,127.15,127.10,127.11,208717
2026-06-23T17:12:00Z,127.11,127.12,127.07,127.08,117050
2026-06-23T17:13:00Z,127.08,127.12,127.06,127.10,211537
2026-06-23T17:14:00Z,127.10,127.10,127.08,127.08,155127
2026-06-23T17:15:00Z,127.08,127.08,127.06,127.07,91666
2026-06-23T17:16:00Z,127.07,127.13,127.06,127.11,181922
2026-06-23T17:17:00Z,127.11,127.13,127.11,127.12,200255
2026-06-23T17:18:00Z,127.12,127.13,127.09,127.10,84615
2026-06-23T17:19:00Z,127.10,127.12,127.06,127.08,187563
2026-06-23T17:20:00Z,127.08,127.10,127.07,127.07,87435
2026-06-23T17:21:00Z,127.07,127.12,127.06,127.10,167819
2026-06-23T17:22:00Z,127.10,127.15,127.09,127.13,132563
2026-06-23T17:23:00Z,127.13,127.18,127.12,127.16,177691
2026-06-23T17:24:00Z,127.16,127.19,127.16,127.17,177691
2026-06-23T17:25:00Z,127.17,127.17,127.15,127.16,91666
2026-06-23T17:26:00Z,127.16,127.17,127.14,127.17,172050
2026-06-23T17:27:00Z,127.17,127.20,127.17,127.20,198845
2026-06-23T17:28:00Z,127.20,127.25,127.20,127.23,203076
2026-06-23T17:29:00Z,127.23,127.27,127.23,127.26,176281
2026-06-23T17:30:00Z,127.26,127.33,127.24,127.32,125512
2026-06-23T17:31:00Z,127.32,127.33,127.30,127.33,211537
2026-06-23T17:32:00Z,127.33,127.40,127.32,127.39,159358
2026-06-23T17:33:00Z,127.39,127.42,127.38,127.41,70512
2026-06-23T17:34:00Z,127.41,127.42,127.39,127.40,201665
2026-06-23T17:35:00Z,127.40,127.45,127.40,127.43,201665
2026-06-23T17:36:00Z,127.43,127.44,127.41,127.42,76153
2026-06-23T17:37:00Z,127.42,127.43,127.39,127.39,104358
2026-06-23T17:38:00Z,127.39,127.39,127.35,127.37,150896
2026-06-23T17:39:00Z,127.37,127.43,127.37,127.41,177691
2026-06-23T17:40:00Z,127.41,127.45,127.40,127.44,141025
2026-06-23T17:41:00Z,127.44,127.45,127.44,127.45,101538
2026-06-23T17:42:00Z,127.45,127.50,127.44,127.48,164999
2026-06-23T17:43:00Z,127.48,127.49,127.44,127.46,70512
2026-06-23T17:44:00Z,127.46,127.51,127.44,127.49,71922
2026-06-23T17:45:00Z,127.49,127.49,127.48,127.49,160768
2026-06-23T17:46:00Z,127.49,127.53,127.49,127.51,118461
2026-06-23T17:47:00Z,127.51,127.53,127.45,127.46,121281
2026-06-23T17:48:00Z,127.46,127.46,127.45,127.45,145255
2026-06-23T17:49:00Z,127.45,127.45,127.44,127.44,100127
2026-06-23T17:50:00Z,127.44,127.44,127.38,127.39,169230
2026-06-23T17:51:00Z,127.39,127.43,127.37,127.42,197435
2026-06-23T17:52:00Z,127.42,127.42,127.40,127.41,80384
2026-06-23T17:53:00Z,127.41,127.42,127.41,127.42,184742
2026-06-23T17:54:00Z,127.42,127.43,127.39,127.41,181922
2026-06-23T17:55:00Z,127.41,127.43,127.37,127.37,145255
2026-06-23T17:56:00Z,127.37,127.41,127.35,127.39,101538
2026-06-23T17:57:00Z,127.39,127.41,127.38,127.41,135384
2026-06-23T17:58:00Z,127.41,127.42,127.36,127.37,93076
2026-06-23T17:59:00Z,127.37,127.37,127.35,127.36,149486
2026-06-23T18:00:00Z,127.36,127.38,127.35,127.37,80384
2026-06-23T18:01:00Z,127.37,127.37,127.36,127.36,133973
2026-06-23T18:02:00Z,127.36,127.36,127.35,127.35,143845
2026-06-23T18:03:00Z,127.35,127.37,127.34,127.37,173460
2026-06-23T18:04:00Z,127.37,127.42,127.35,127.42,210127
2026-06-23T18:05:00Z,127.42,127.44,127.42,127.43,95897
2026-06-23T18:06:00Z,127.43,127.47,127.42,127.46,101538
2026-06-23T18:07:00Z,127.46,127.48,127.44,127.48,198845
2026-06-23T18:08:00Z,127.48,127.49,127.46,127.47,88845
2026-06-23T18:09:00Z,127.47,127.49,127.44,127.44,190383
2026-06-23T18:10:00Z,127.44,127.46,127.42,127.43,121281
2026-06-23T18:11:00Z,127.43,127.45,127.41,127.45,190383
2026-06-23T18:12:00Z,127.45,127.46,127.41,127.43,87435
2026-06-23T18:13:00Z,127.43,127.46,127.42,127.44,187563
2026-06-23T18:14:00Z,127.44,127.48,127.43,127.48,122691
2026-06-23T18:15:00Z,127.48,127.50,127.44,127.46,111409
2026-06-23T18:16:00Z,127.46,127.49,127.46,127.47,194614
2026-06-23T18:17:00Z,127.47,127.50,127.45,127.50,141025
2026-06-23T18:18:00Z,127.50,127.53,127.50,127.53,187563
2026-06-23T18:19:00Z,127.53,127.56,127.52,127.54,145255
2026-06-23T18:20:00Z,127.54,127.55,127.52,127.53,77563
2026-06-23T18:21:00Z,127.53,127.54,127.51,127.51,122691
2026-06-23T18:22:00Z,127.51,127.52,127.49,127.50,210127
2026-06-23T18:23:00Z,127.50,127.55,127.48,127.54,187563
2026-06-23T18:24:00Z,127.54,127.54,127.49,127.51,200255
2026-06-23T18:25:00Z,127.51,127.55,127.49,127.53,102948
2026-06-23T18:26:00Z,127.53,127.55,127.53,127.55,100127
2026-06-23T18:27:00Z,127.55,127.55,127.54,127.54,124102
2026-06-23T18:28:00Z,127.54,127.54,127.53,127.53,124102
2026-06-23T18:29:00Z,127.53,127.56,127.53,127.56,156537
2026-06-23T18:30:00Z,127.56,127.62,127.54,127.61,70512
2026-06-23T18:31:00Z,127.61,127.65,127.59,127.63,83204
2026-06-23T18:32:00Z,127.63,127.65,127.61,127.64,153717
2026-06-23T18:33:00Z,127.64,127.67,127.63,127.65,148076
2026-06-23T18:34:00Z,127.65,127.65,127.59,127.61,118461
2026-06-23T18:35:00Z,127.61,127.62,127.59,127.59,76153
2026-06-23T18:36:00Z,127.59,127.59,127.57,127.57,180512
2026-06-23T18:37:00Z,127.57,127.58,127.56,127.58,104358
2026-06-23T18:38:00Z,127.58,127.58,127.55,127.56,186153
2026-06-23T18:39:00Z,127.56,127.58,127.56,127.56,105768
2026-06-23T18:40:00Z,127.56,127.59,127.54,127.57,172050
2026-06-23T18:41:00Z,127.57,127.57,127.54,127.56,207306
2026-06-23T18:42:00Z,127.56,127.60,127.54,127.58,104358
2026-06-23T18:43:00Z,127.58,127.58,127.53,127.55,108589
2026-06-23T18:44:00Z,127.55,127.57,127.54,127.57,162178
2026-06-23T18:45:00Z,127.57,127.59,127.55,127.55,141025
2026-06-23T18:46:00Z,127.55,127.58,127.55,127.56,71922
2026-06-23T18:47:00Z,127.56,127.60,127.56,127.58,205896
2026-06-23T18:48:00Z,127.58,127.60,127.54,127.56,146666
2026-06-23T18:49:00Z,127.56,127.57,127.54,127.54,128332
2026-06-23T18:50:00Z,127.54,127.54,127.50,127.51,100127
2026-06-23T18:51:00Z,127.51,127.53,127.47,127.48,141025
2026-06-23T18:52:00Z,127.48,127.50,127.45,127.46,156537
2026-06-23T18:53:00Z,127.46,127.48,127.46,127.48,135384
2026-06-23T18:54:00Z,127.48,127.50,127.46,127.49,90256
2026-06-23T18:55:00Z,127.49,127.50,127.47,127.47,90256
2026-06-23T18:56:00Z,127.47,127.49,127.46,127.47,100127
2026-06-23T18:57:00Z,127.47,127.48,127.47,127.48,81794
2026-06-23T18:58:00Z,127.48,127.50,127.46,127.48,73333
2026-06-23T18:59:00Z,127.48,127.48,127.42,127.44,101538
2026-06-23T19:00:00Z,127.44,127.44,127.41,127.41,162178
2026-06-23T19:01:00Z,127.41,127.43,127.40,127.42,205896
2026-06-23T19:02:00Z,127.42,127.46,127.42,127.44,210127
2026-06-23T19:03:00Z,127.44,127.46,127.44,127.44,211537
2026-06-23T19:04:00Z,127.44,127.45,127.40,127.41,159358
2026-06-23T19:05:00Z,127.41,127.43,127.39,127.40,150896
2026-06-23T19:06:00Z,127.40,127.40,127.36,127.37,132563
2026-06-23T19:07:00Z,127.37,127.38,127.35,127.37,211537
2026-06-23T19:08:00Z,127.37,127.39,127.34,127.34,73333
2026-06-23T19:09:00Z,127.34,127.36,127.30,127.32,210127
2026-06-23T19:10:00Z,127.32,127.36,127.32,127.35,149486
2026-06-23T19:11:00Z,127.35,127.36,127.31,127.33,188973
2026-06-23T19:12:00Z,127.33,127.35,127.30,127.30,136794
2026-06-23T19:13:00Z,127.30,127.33,127.29,127.33,132563
2026-06-23T19:14:00Z,127.33,127.35,127.31,127.35,91666
2026-06-23T19:15:00Z,127.35,127.37,127.27,127.29,146666
2026-06-23T19:16:00Z,127.29,127.29,127.28,127.29,170640
2026-06-23T19:17:00Z,127.29,127.31,127.25,127.27,163589
2026-06-23T19:18:00Z,127.27,127.28,127.27,127.27,71922
2026-06-23T19:19:00Z,127.27,127.29,127.25,127.27,153717
2026-06-23T19:20:00Z,127.27,127.29,127.27,127.29,207306
2026-06-23T19:21:00Z,127.29,127.32,127.29,127.31,153717
2026-06-23T19:22:00Z,127.31,127.34,127.29,127.32,196024
2026-06-23T19:23:00Z,127.32,127.33,127.28,127.29,118461
2026-06-23T19:24:00Z,127.29,127.32,127.29,127.30,142435
2026-06-23T19:25:00Z,127.30,127.32,127.28,127.29,210127
2026-06-23T19:26:00Z,127.29,127.29,127.27,127.29,211537
2026-06-23T19:27:00Z,127.29,127.32,127.28,127.32,108589
2026-06-23T19:28:00Z,127.32,127.33,127.26,127.26,198845
2026-06-23T19:29:00Z,127.26,127.26,127.23,127.25,150896
2026-06-23T19:30:00Z,127.25,127.26,127.24,127.26,88845
2026-06-23T19:31:00Z,127.26,127.27,127.25,127.27,190383
2026-06-23T19:32:00Z,127.27,127.28,127.22,127.24,194614
2026-06-23T19:33:00Z,127.24,127.25,127.20,127.22,164999
2026-06-23T19:34:00Z,127.22,127.23,127.20,127.23,87435
2026-06-23T19:35:00Z,127.23,127.24,127.22,127.23,80384
2026-06-23T19:36:00Z,127.23,127.24,127.18,127.20,86025
2026-06-23T19:37:00Z,127.20,127.23,127.20,127.23,196024
2026-06-23T19:38:00Z,127.23,127.27,127.21,127.25,200255
2026-06-23T19:39:00Z,127.25,127.27,127.24,127.27,184742
2026-06-23T19:40:00Z,127.27,127.29,127.23,127.25,122691
2026-06-23T19:41:00Z,127.25,127.28,127.23,127.28,197435
2026-06-23T19:42:00Z,127.28,127.33,127.26,127.31,74743
2026-06-23T19:43:00Z,127.31,127.32,127.31,127.32,94486
2026-06-23T19:44:00Z,127.32,127.33,127.28,127.29,91666
2026-06-23T19:45:00Z,127.29,127.30,127.29,127.29,109999
2026-06-23T19:46:00Z,127.29,127.31,127.28,127.30,121281
2026-06-23T19:47:00Z,127.30,127.34,127.29,127.32,131153
2026-06-23T19:48:00Z,127.32,127.35,127.32,127.35,70512
2026-06-23T19:49:00Z,127.35,127.35,127.30,127.32,208717
2026-06-23T19:50:00Z,127.32,127.33,127.29,127.29,170640
2026-06-23T19:51:00Z,127.29,127.33,127.28,127.31,125512
2026-06-23T19:52:00Z,127.31,127.33,127.28,127.29,119871
2026-06-23T19:53:00Z,127.29,127.30,127.28,127.30,91666
2026-06-23T19:54:00Z,127.30,127.30,127.28,127.28,208717
2026-06-23T19:55:00Z,127.28,127.28,127.24,127.25,80384
2026-06-23T19:56:00Z,127.25,127.28,127.24,127.26,114230
2026-06-23T19:57:00Z,127.26,127.27,127.22,127.24,180512
2026-06-23T19:58:00Z,127.24,127.25,127.23,127.24,122691
2026-06-23T19:59:00Z,127.24,127.26,127.24,127.26,74743
2026-06-24T13:30:00Z,127.26,127.28,127.26,127.26,174871
2026-06-24T13:31:00Z,127.26,127.26,127.22,127.23,186153
2026-06-24T13:32:00Z,127.23,127.26,127.21,127.24,77563
2026-06-24T13:33:00Z,127.24,127.25,127.19,127.21,156537
2026-06-24T13:34:00Z,127.21,127.22,127.18,127.20,73333
2026-06-24T13:35:00Z,127.20,127.22,127.19,127.19,91666
2026-06-24T13:36:00Z,127.19,127.21,127.19,127.19,157948
2026-06-24T13:37:00Z,127.19,127.22,127.17,127.20,162178
2026-06-24T13:38:00Z,127.20,127.20,127.18,127.19,93076
2026-06-24T13:39:00Z,127.19,127.21,127.18,127.20,81794
2026-06-24T13:40:00Z,127.20,127.24,127.19,127.22,174871
2026-06-24T13:41:00Z,127.22,127.22,127.20,127.20,143845
2026-06-24T13:42:00Z,127.20,127.20,127.19,127.20,70512
2026-06-24T13:43:00Z,127.20,127.22,127.18,127.22,112820
2026-06-24T13:44:00Z,127.22,127.24,127.17,127.19,177691
2026-06-24T13:45:00Z,127.19,127.20,127.16,127.17,100127
2026-06-24T13:46:00Z,127.17,127.20,127.15,127.19,112820
2026-06-24T13:47:00Z,127.19,127.21,127.18,127.21,210127
2026-06-24T13:48:00Z,127.21,127.23,127.17,127.17,83204
2026-06-24T13:49:00Z,127.17,127.20,127.15,127.18,208717
2026-06-24T13:50:00Z,127.18,127.20,127.17,127.20,190383
2026-06-24T13:51:00Z,127.20,127.22,127.19,127.22,180512
2026-06-24T13:52:00Z,127.22,127.23,127.17,127.19,107179
2026-06-24T13:53:00Z,127.19,127.21,127.19,127.21,104358
2026-06-24T13:54:00Z,127.21,127.22,127.20,127.20,119871
2026-06-24T13:55:00Z,127.20,127.23,127.18,127.21,153717
2026-06-24T13:56:00Z,127.21,127.23,127.18,127.19,152307
2026-06-24T13:57:00Z,127.19,127.22,127.18,127.21,119871
2026-06-24T13:58:00Z,127.21,127.22,127.20,127.21,186153
2026-06-24T13:59:00Z,127.21,127.24,127.19,127.24,166409
2026-06-24T14:00:00Z,127.24,127.27,127.23,127.25,119871
2026-06-24T14:01:00Z,127.25,127.26,127.20,127.22,152307
2026-06-24T14:02:00Z,127.22,127.23,127.19,127.21,197435
2026-06-24T14:03:00Z,127.21,127.23,127.21,127.22,193204
2026-06-24T14:04:00Z,127.22,127.22,127.14,127.15,80384
2026-06-24T14:05:00Z,127.15,127.17,127.12,127.14,126922
2026-06-24T14:06:00Z,127.14,127.18,127.14,127.16,211537
2026-06-24T14:07:00Z,127.16,127.18,127.16,127.18,114230
2026-06-24T14:08:00Z,127.18,127.18,127.13,127.15,94486
2026-06-24T14:09:00Z,127.15,127.15,127.13,127.14,77563
2026-06-24T14:10:00Z,127.14,127.16,127.13,127.16,160768
2026-06-24T14:11:00Z,127.16,127.18,127.12,127.12,186153
2026-06-24T14:12:00Z,127.12,127.13,127.10,127.13,121281
2026-06-24T14:13:00Z,127.13,127.16,127.11,127.14,205896
2026-06-24T14:14:00Z,127.14,127.14,127.09,127.11,109999
2026-06-24T14:15:00Z,127.11,127.12,127.10,127.12,93076
2026-06-24T14:16:00Z,127.12,127.16,127.12,127.14,198845
2026-06-24T14:17:00Z,127.14,127.15,127.13,127.14,138204
2026-06-24T14:18:00Z,127.14,127.17,127.14,127.15,184742
2026-06-24T14:19:00Z,127.15,127.18,127.13,127.17,196024
2026-06-24T14:20:00Z,127.17,127.17,127.13,127.13,208717
2026-06-24T14:21:00Z,127.13,127.15,127.13,127.14,91666
2026-06-24T14:22:00Z,127.14,127.18,127.14,127.17,188973
2026-06-24T14:23:00Z,127.17,127.21,127.16,127.19,145255
2026-06-24T14:24:00Z,127.19,127.20,127.17,127.20,166409
2026-06-24T14:25:00Z,127.20,127.21,127.19,127.19,142435
2026-06-24T14:26:00Z,127.19,127.21,127.16,127.17,105768
2026-06-24T14:27:00Z,127.17,127.22,127.17,127.20,90256
2026-06-24T14:28:00Z,127.20,127.26,127.18,127.26,198845
2026-06-24T14:29:00Z,127.26,127.27,127.24,127.25,190383
2026-06-24T14:30:00Z,127.25,127.25,127.21,127.22,78974
2026-06-24T14:31:00Z,127.22,127.26,127.22,127.25,88845
2026-06-24T14:32:00Z,127.25,127.27,127.23,127.26,138204
2026-06-24T14:33:00Z,127.26,127.27,127.26,127.27,109999
2026-06-24T14:34:00Z,127.27,127.30,127.26,127.28,94486
2026-06-24T14:35:00Z,127.28,127.32,127.28,127.31,201665
2026-06-24T14:36:00Z,127.31,127.33,127.30,127.32,77563
2026-06-24T14:37:00Z,127.32,127.34,127.30,127.31,200255
2026-06-24T14:38:00Z,127.31,127.33,127.31,127.32,76153
2026-06-24T14:39:00Z,127.32,127.35,127.30,127.34,162178
2026-06-24T14:40:00Z,127.34,127.36,127.32,127.33,104358
2026-06-24T14:41:00Z,127.33,127.36,127.31,127.35,187563
2026-06-24T14:42:00Z,127.35,127.35,127.33,127.34,142435
2026-06-24T14:43:00Z,127.34,127.36,127.33,127.36,107179
2026-06-24T14:44:00Z,127.36,127.38,127.29,127.30,166409
2026-06-24T14:45:00Z,127.30,127.32,127.28,127.29,121281
2026-06-24T14:46:00Z,127.29,127.29,127.25,127.27,184742
2026-06-24T14:47:00Z,127.27,127.28,127.25,127.26,126922
2026-06-24T14:48:00Z,127.26,127.30,127.25,127.29,86025
2026-06-24T14:49:00Z,127.29,127.32,127.29,127.31,172050
2026-06-24T14:50:00Z,127.31,127.34,127.29,127.34,190383
2026-06-24T14:51:00Z,127.34,127.35,127.33,127.35,197435
2026-06-24T14:52:00Z,127.35,127.38,127.34,127.36,136794
2026-06-24T14:53:00Z,127.36,127.44,127.34,127.42,173460
2026-06-24T14:54:00Z,127.42,127.46,127.42,127.44,104358
2026-06-24T14:55:00Z,127.44,127.48,127.43,127.46,208717
2026-06-24T14:56:00Z,127.46,127.48,127.44,127.48,129743
2026-06-24T14:57:00Z,127.48,127.50,127.47,127.49,81794
2026-06-24T14:58:00Z,127.49,127.49,127.45,127.46,93076
2026-06-24T14:59:00Z,127.46,127.49,127.45,127.47,208717
2026-06-24T15:00:00Z,127.47,127.48,127.45,127.45,198845
2026-06-24T15:01:00Z,127.45,127.45,127.44,127.44,119871
2026-06-24T15:02:00Z,127.44,127.45,127.41,127.43,157948
2026-06-24T15:03:00Z,127.43,127.44,127.40,127.42,71922
2026-06-24T15:04:00Z,127.42,127.43,127.41,127.43,88845
2026-06-24T15:05:00Z,127.43,127.45,127.40,127.41,200255
2026-06-24T15:06:00Z,127.41,127.43,127.40,127.40,170640
2026-06-24T15:07:00Z,127.40,127.44,127.39,127.44,188973
2026-06-24T15:08:00Z,127.44,127.48,127.43,127.46,98717
2026-06-24T15:09:00Z,127.46,127.47,127.44,127.45,204486
2026-06-24T15:10:00Z,127.45,127.47,127.42,127.44,114230
2026-06-24T15:11:00Z,127.44,127.45,127.42,127.43,104358
2026-06-24T15:12:00Z,127.43,127.44,127.42,127.42,162178
2026-06-24T15:13:00Z,127.42,127.45,127.42,127.45,207306
2026-06-24T15:14:00Z,127.45,127.45,127.44,127.44,155127
2026-06-24T15:15:00Z,127.44,127.45,127.39,127.41,112820
2026-06-24T15:16:00Z,127.41,127.42,127.40,127.42,80384
2026-06-24T15:17:00Z,127.42,127.43,127.41,127.43,109999
2026-06-24T15:18:00Z,127.43,127.44,127.39,127.41,108589
2026-06-24T15:19:00Z,127.41,127.41,127.37,127.38,201665
2026-06-24T15:20:00Z,127.38,127.38,127.37,127.37,74743
2026-06-24T15:21:00Z,127.37,127.39,127.34,127.35,164999
2026-06-24T15:22:00Z,127.35,127.38,127.34,127.37,176281
2026-06-24T15:23:00Z,127.37,127.41,127.36,127.41,125512
2026-06-24T15:24:00Z,127.41,127.43,127.39,127.39,184742
2026-06-24T15:25:00Z,127.39,127.41,127.38,127.40,91666
2026-06-24T15:26:00Z,127.40,127.44,127.38,127.42,196024
2026-06-24T15:27:00Z,127.42,127.42,127.39,127.41,86025
2026-06-24T15:28:00Z,127.41,127.43,127.40,127.42,177691
2026-06-24T15:29:00Z,127.42,127.45,127.41,127.44,169230
2026-06-24T15:30:00Z,127.44,127.48,127.44,127.46,150896
2026-06-24T15:31:00Z,127.46,127.51,127.46,127.49,210127
2026-06-24T15:32:00Z,127.49,127.51,127.46,127.47,138204
2026-06-24T15:33:00Z,127.47,127.52,127.46,127.51,91666
2026-06-24T15:34:00Z,127.51,127.52,127.48,127.50,143845
2026-06-24T15:35:00Z,127.50,127.54,127.48,127.52,187563
2026-06-24T15:36:00Z,127.52,127.55,127.51,127.53,211537
2026-06-24T15:37:00Z,127.53,127.57,127.53,127.55,174871
2026-06-24T15:38:00Z,127.55,127.55,127.51,127.52,104358
2026-06-24T15:39:00Z,127.52,127.55,127.51,127.55,183332
2026-06-24T15:40:00Z,127.55,127.59,127.54,127.57,188973
2026-06-24T15:41:00Z,127.57,127.61,127.55,127.59,108589
2026-06-24T15:42:00Z,127.59,127.60,127.54,127.54,166409
2026-06-24T15:43:00Z,127.54,127.60,127.52,127.58,155127
2026-06-24T15:44:00Z,127.58,127.60,127.56,127.60,83204
2026-06-24T15:45:00Z,127.60,127.63,127.60,127.62,138204
2026-06-24T15:46:00Z,127.62,127.66,127.61,127.65,73333
2026-06-24T15:47:00Z,127.65,127.65,127.64,127.64,194614
2026-06-24T15:48:00Z,127.64,127.64,127.62,127.63,210127
2026-06-24T15:49:00Z,127.63,127.66,127.63,127.65,133973
2026-06-24T15:50:00Z,127.65,127.67,127.62,127.64,109999
2026-06-24T15:51:00Z,127.64,127.69,127.64,127.68,114230
2026-06-24T15:52:00Z,127.68,127.73,127.67,127.72,196024
2026-06-24T15:53:00Z,127.72,127.72,127.71,127.71,70512
2026-06-24T15:54:00Z,127.71,127.72,127.69,127.70,179101
2026-06-24T15:55:00Z,127.70,127.72,127.67,127.69,200255
2026-06-24T15:56:00Z,127.69,127.73,127.67,127.73,152307
2026-06-24T15:57:00Z,127.73,127.76,127.73,127.75,133973
2026-06-24T15:58:00Z,127.75,127.78,127.75,127.77,179101
2026-06-24T15:59:00Z,127.77,127.78,127.75,127.76,105768
2026-06-24T16:00:00Z,127.76,127.76,127.73,127.74,124102
2026-06-24T16:01:00Z,127.74,127.76,127.72,127.73,132563
2026-06-24T16:02:00Z,127.73,127.74,127.70,127.71,84615
2026-06-24T16:03:00Z,127.71,127.73,127.69,127.71,203076
2026-06-24T16:04:00Z,127.71,127.72,127.70,127.72,170640
2026-06-24T16:05:00Z,127.72,127.73,127.71,127.71,136794
2026-06-24T16:06:00Z,127.71,127.74,127.70,127.72,84615
2026-06-24T16:07:00Z,127.72,127.73,127.68,127.70,163589
2026-06-24T16:08:00Z,127.70,127.72,127.68,127.72,210127
2026-06-24T16:09:00Z,127.72,127.73,127.71,127.71,191794
2026-06-24T16:10:00Z,127.71,127.72,127.69,127.71,157948
2026-06-24T16:11:00Z,127.71,127.71,127.64,127.66,203076
2026-06-24T16:12:00Z,127.66,127.68,127.63,127.65,196024
2026-06-24T16:13:00Z,127.65,127.68,127.63,127.68,155127
2026-06-24T16:14:00Z,127.68,127.70,127.64,127.66,179101
2026-06-24T16:15:00Z,127.66,127.69,127.65,127.68,190383
2026-06-24T16:16:00Z,127.68,127.70,127.65,127.67,176281
2026-06-24T16:17:00Z,127.67,127.68,127.62,127.63,181922
2026-06-24T16:18:00Z,127.63,127.64,127.60,127.62,129743
2026-06-24T16:19:00Z,127.62,127.64,127.60,127.61,155127
2026-06-24T16:20:00Z,127.61,127.61,127.59,127.59,201665
2026-06-24T16:21:00Z,127.59,127.59,127.56,127.58,153717
2026-06-24T16:22:00Z,127.58,127.62,127.56,127.60,114230
2026-06-24T16:23:00Z,127.60,127.63,127.58,127.61,143845
2026-06-24T16:24:00Z,127.61,127.61,127.58,127.60,76153
2026-06-24T16:25:00Z,127.60,127.64,127.58,127.62,136794
2026-06-24T16:26:00Z,127.62,127.63,127.58,127.60,200255
2026-06-24T16:27:00Z,127.60,127.66,127.59,127.64,149486
2026-06-24T16:28:00Z,127.64,127.65,127.62,127.62,180512
2026-06-24T16:29:00Z,127.62,127.66,127.60,127.64,84615
2026-06-24T16:30:00Z,127.64,127.64,127.58,127.58,188973
2026-06-24T16:31:00Z,127.58,127.59,127.56,127.59,162178
2026-06-24T16:32:00Z,127.59,127.59,127.55,127.56,122691
2026-06-24T16:33:00Z,127.56,127.58,127.50,127.51,118461
2026-06-24T16:34:00Z,127.51,127.52,127.48,127.49,98717
2026-06-24T16:35:00Z,127.49,127.51,127.49,127.49,173460
2026-06-24T16:36:00Z,127.49,127.50,127.47,127.50,118461
2026-06-24T16:37:00Z,127.50,127.51,127.48,127.51,164999
2026-06-24T16:38:00Z,127.51,127.55,127.51,127.53,112820
2026-06-24T16:39:00Z,127.53,127.56,127.53,127.56,186153
2026-06-24T16:40:00Z,127.56,127.58,127.52,127.53,159358
2026-06-24T16:41:00Z,127.53,127.59,127.51,127.57,136794
2026-06-24T16:42:00Z,127.57,127.60,127.56,127.59,208717
2026-06-24T16:43:00Z,127.59,127.62,127.57,127.61,94486
2026-06-24T16:44:00Z,127.61,127.63,127.59,127.62,91666
2026-06-24T16:45:00Z,127.62,127.66,127.60,127.66,90256
2026-06-24T16:46:00Z,127.66,127.67,127.64,127.64,132563
2026-06-24T16:47:00Z,127.64,127.70,127.64,127.68,155127
2026-06-24T16:48:00Z,127.68,127.70,127.66,127.66,174871
2026-06-24T16:49:00Z,127.66,127.69,127.64,127.68,200255
2026-06-24T16:50:00Z,127.68,127.70,127.65,127.67,70512
2026-06-24T16:51:00Z,127.67,127.69,127.65,127.67,148076
2026-06-24T16:52:00Z,127.67,127.68,127.67,127.68,174871
2026-06-24T16:53:00Z,127.68,127.70,127.66,127.66,167819
2026-06-24T16:54:00Z,127.66,127.68,127.62,127.63,90256
2026-06-24T16:55:00Z,127.63,127.64,127.61,127.62,126922
2026-06-24T16:56:00Z,127.62,127.63,127.59,127.61,180512
2026-06-24T16:57:00Z,127.61,127.62,127.57,127.58,136794
2026-06-24T16:58:00Z,127.58,127.62,127.57,127.60,77563
2026-06-24T16:59:00Z,127.60,127.60,127.58,127.58,129743
2026-06-24T17:00:00Z,127.58,127.61,127.57,127.60,109999
2026-06-24T17:01:00Z,127.60,127.62,127.60,127.62,121281
2026-06-24T17:02:00Z,127.62,127.65,127.61,127.63,211537
2026-06-24T17:03:00Z,127.63,127.66,127.61,127.66,138204
2026-06-24T17:04:00Z,127.66,127.66,127.64,127.64,190383
2026-06-24T17:05:00Z,127.64,127.69,127.62,127.67,87435
2026-06-24T17:06:00Z,127.67,127.67,127.64,127.65,187563
2026-06-24T17:07:00Z,127.65,127.65,127.61,127.62,98717
2026-06-24T17:08:00Z,127.62,127.63,127.60,127.63,136794
2026-06-24T17:09:00Z,127.63,127.64,127.61,127.62,138204
2026-06-24T17:10:00Z,127.62,127.64,127.62,127.63,115640
2026-06-24T17:11:00Z,127.63,127.64,127.62,127.64,167819
2026-06-24T17:12:00Z,127.64,127.69,127.62,127.67,157948
2026-06-24T17:13:00Z,127.67,127.70,127.66,127.70,119871
2026-06-24T17:14:00Z,127.70,127.71,127.67,127.68,107179
2026-06-24T17:15:00Z,127.68,127.72,127.66,127.71,114230
2026-06-24T17:16:00Z,127.71,127.73,127.70,127.72,91666
2026-06-24T17:17:00Z,127.72,127.76,127.70,127.76,78974
2026-06-24T17:18:00Z,127.76,127.81,127.75,127.79,125512
2026-06-24T17:19:00Z,127.79,127.80,127.71,127.72,100127
2026-06-24T17:20:00Z,127.72,127.74,127.70,127.71,174871
2026-06-24T17:21:00Z,127.71,127.74,127.69,127.73,169230
2026-06-24T17:22:00Z,127.73,127.75,127.73,127.75,172050
2026-06-24T17:23:00Z,127.75,127.77,127.71,127.73,173460
2026-06-24T17:24:00Z,127.73,127.74,127.72,127.74,141025
2026-06-24T17:25:00Z,127.74,127.76,127.70,127.72,166409
2026-06-24T17:26:00Z,127.72,127.74,127.71,127.73,205896
2026-06-24T17:27:00Z,127.73,127.75,127.69,127.71,146666
2026-06-24T17:28:00Z,127.71,127.73,127.64,127.66,108589
2026-06-24T17:29:00Z,127.66,127.67,127.64,127.65,172050
2026-06-24T17:30:00Z,127.65,127.68,127.63,127.67,191794
2026-06-24T17:31:00Z,127.67,127.69,127.64,127.65,155127
2026-06-24T17:32:00Z,127.65,127.67,127.64,127.67,194614
2026-06-24T17:33:00Z,127.67,127.69,127.65,127.68,108589
2026-06-24T17:34:00Z,127.68,127.68,127.65,127.66,117050
2026-06-24T17:35:00Z,127.66,127.67,127.64,127.67,167819
2026-06-24T17:36:00Z,127.67,127.70,127.65,127.68,164999
2026-06-24T17:37:00Z,127.68,127.68,127.62,127.63,186153
2026-06-24T17:38:00Z,127.63,127.68,127.61,127.66,81794
2026-06-24T17:39:00Z,127.66,127.71,127.66,127.69,164999
2026-06-24T17:40:00Z,127.69,127.69,127.68,127.69,149486
2026-06-24T17:41:00Z,127.69,127.74,127.67,127.72,114230
2026-06-24T17:42:00Z,127.72,127.76,127.71,127.74,112820
2026-06-24T17:43:00Z,127.74,127.74,127.70,127.72,153717
2026-06-24T17:44:00Z,127.72,127.74,127.70,127.73,114230
2026-06-24T17:45:00Z,127.73,127.74,127.71,127.72,150896
2026-06-24T17:46:00Z,127.72,127.72,127.66,127.68,145255
2026-06-24T17:47:00Z,127.68,127.71,127.66,127.71,122691
2026-06-24T17:48:00Z,127.71,127.73,127.67,127.69,155127
2026-06-24T17:49:00Z,127.69,127.72,127.68,127.71,81794
2026-06-24T17:50:00Z,127.71,127.76,127.70,127.74,114230
2026-06-24T17:51:00Z,127.74,127.76,127.73,127.73,166409
2026-06-24T17:52:00Z,127.73,127.73,127.69,127.70,119871
2026-06-24T17:53:00Z,127.70,127.70,127.69,127.70,80384
2026-06-24T17:54:00Z,127.70,127.73,127.69,127.72,124102
2026-06-24T17:55:00Z,127.72,127.73,127.70,127.71,80384
2026-06-24T17:56:00Z,127.71,127.71,127.64,127.65,179101
2026-06-24T17:57:00Z,127.65,127.73,127.63,127.71,156537
2026-06-24T17:58:00Z,127.71,127.74,127.70,127.73,159358
2026-06-24T17:59:00Z,127.73,127.76,127.73,127.76,121281
2026-06-24T18:00:00Z,127.76,127.76,127.71,127.72,174871
2026-06-24T18:01:00Z,127.72,127.74,127.68,127.69,163589
2026-06-24T18:02:00Z,127.69,127.72,127.69,127.71,194614
2026-06-24T18:03:00Z,127.71,127.72,127.69,127.71,142435
2026-06-24T18:04:00Z,127.71,127.75,127.69,127.74,188973
2026-06-24T18:05:00Z,127.74,127.76,127.73,127.76,115640
2026-06-24T18:06:00Z,127.76,127.80,127.75,127.78,172050
2026-06-24T18:07:00Z,127.78,127.80,127.77,127.80,81794
2026-06-24T18:08:00Z,127.80,127.82,127.80,127.81,97307
2026-06-24T18:09:00Z,127.81,127.87,127.79,127.85,132563
2026-06-24T18:10:00Z,127.85,127.87,127.84,127.85,108589
2026-06-24T18:11:00Z,127.85,127.89,127.84,127.87,81794
2026-06-24T18:12:00Z,127.87,127.87,127.86,127.86,160768
2026-06-24T18:13:00Z,127.86,127.90,127.86,127.88,81794
2026-06-24T18:14:00Z,127.88,127.90,127.88,127.90,95897
2026-06-24T18:15:00Z,127.90,127.91,127.90,127.91,90256
2026-06-24T18:16:00Z,127.91,127.93,127.91,127.91,107179
2026-06-24T18:17:00Z,127.91,127.91,127.90,127.90,177691
2026-06-24T18:18:00Z,127.90,127.90,127.88,127.89,188973
2026-06-24T18:19:00Z,127.89,127.94,127.88,127.92,159358
2026-06-24T18:20:00Z,127.92,127.94,127.89,127.90,207306
2026-06-24T18:21:00Z,127.90,127.93,127.90,127.92,108589
2026-06-24T18:22:00Z,127.92,127.96,127.90,127.94,208717
2026-06-24T18:23:00Z,127.94,127.95,127.92,127.95,210127
2026-06-24T18:24:00Z,127.95,127.96,127.93,127.94,157948
2026-06-24T18:25:00Z,127.94,127.94,127.93,127.93,179101
2026-06-24T18:26:00Z,127.93,127.94,127.91,127.91,184742
2026-06-24T18:27:00Z,127.91,127.93,127.89,127.92,156537
2026-06-24T18:28:00Z,127.92,127.93,127.87,127.89,112820
2026-06-24T18:29:00Z,127.89,127.91,127.88,127.88,91666
2026-06-24T18:30:00Z,127.88,127.89,127.88,127.88,172050
2026-06-24T18:31:00Z,127.88,127.88,127.86,127.86,102948
2026-06-24T18:32:00Z,127.86,127.88,127.83,127.83,71922
2026-06-24T18:33:00Z,127.83,127.91,127.82,127.89,138204
2026-06-24T18:34:00Z,127.89,127.91,127.89,127.89,193204
2026-06-24T18:35:00Z,127.89,127.91,127.85,127.87,88845
2026-06-24T18:36:00Z,127.87,127.91,127.85,127.90,107179
2026-06-24T18:37:00Z,127.90,127.95,127.88,127.93,81794
2026-06-24T18:38:00Z,127.93,127.93,127.91,127.93,181922
2026-06-24T18:39:00Z,127.93,127.93,127.88,127.90,179101
2026-06-24T18:40:00Z,127.90,127.92,127.89,127.89,70512
2026-06-24T18:41:00Z,127.89,127.91,127.87,127.91,118461
2026-06-24T18:42:00Z,127.91,127.91,127.87,127.89,93076
2026-06-24T18:43:00Z,127.89,127.93,127.88,127.91,105768
2026-06-24T18:44:00Z,127.91,127.92,127.91,127.92,196024
2026-06-24T18:45:00Z,127.92,127.95,127.92,127.94,163589
2026-06-24T18:46:00Z,127.94,127.98,127.94,127.96,100127
2026-06-24T18:47:00Z,127.96,127.98,127.96,127.97,78974
2026-06-24T18:48:00Z,127.97,127.98,127.95,127.95,201665
2026-06-24T18:49:00Z,127.95,127.96,127.93,127.95,148076
2026-06-24T18:50:00Z,127.95,127.97,127.93,127.97,94486
2026-06-24T18:51:00Z,127.97,128.00,127.95,127.99,91666
2026-06-24T18:52:00Z,127.99,128.00,127.95,127.97,84615
2026-06-24T18:53:00Z,127.97,127.99,127.95,127.97,108589
2026-06-24T18:54:00Z,127.97,127.99,127.96,127.99,179101
2026-06-24T18:55:00Z,127.99,128.00,127.94,127.96,95897
2026-06-24T18:56:00Z,127.96,127.97,127.96,127.96,184742
2026-06-24T18:57:00Z,127.96,127.97,127.96,127.96,150896
2026-06-24T18:58:00Z,127.96,127.97,127.95,127.97,76153
2026-06-24T18:59:00Z,127.97,127.99,127.94,127.94,133973
2026-06-24T19:00:00Z,127.94,127.96,127.93,127.95,174871
2026-06-24T19:01:00Z,127.95,127.99,127.95,127.99,81794
2026-06-24T19:02:00Z,127.99,127.99,127.96,127.97,155127
2026-06-24T19:03:00Z,127.97,127.99,127.94,127.94,118461
2026-06-24T19:04:00Z,127.94,127.96,127.94,127.95,143845
2026-06-24T19:05:00Z,127.95,127.95,127.91,127.92,129743
2026-06-24T19:06:00Z,127.92,127.94,127.89,127.90,200255
2026-06-24T19:07:00Z,127.90,127.94,127.90,127.93,70512
2026-06-24T19:08:00Z,127.93,127.94,127.88,127.88,148076
2026-06-24T19:09:00Z,127.88,127.90,127.84,127.85,115640
2026-06-24T19:10:00Z,127.85,127.89,127.85,127.88,167819
2026-06-24T19:11:00Z,127.88,127.89,127.85,127.85,70512
2026-06-24T19:12:00Z,127.85,127.88,127.84,127.87,203076
2026-06-24T19:13:00Z,127.87,127.88,127.85,127.85,207306
2026-06-24T19:14:00Z,127.85,127.89,127.83,127.87,102948
2026-06-24T19:15:00Z,127.87,127.90,127.87,127.89,145255
2026-06-24T19:16:00Z,127.89,127.90,127.86,127.87,148076
2026-06-24T19:17:00Z,127.87,127.92,127.86,127.92,124102
2026-06-24T19:18:00Z,127.92,127.94,127.91,127.92,174871
2026-06-24T19:19:00Z,127.92,127.94,127.89,127.90,155127
2026-06-24T19:20:00Z,127.90,127.91,127.87,127.87,155127
2026-06-24T19:21:00Z,127.87,127.87,127.85,127.85,105768
2026-06-24T19:22:00Z,127.85,127.87,127.84,127.84,150896
2026-06-24T19:23:00Z,127.84,127.85,127.78,127.80,119871
2026-06-24T19:24:00Z,127.80,127.82,127.79,127.80,164999
2026-06-24T19:25:00Z,127.80,127.81,127.76,127.76,135384
2026-06-24T19:26:00Z,127.76,127.76,127.72,127.73,114230
2026-06-24T19:27:00Z,127.73,127.75,127.69,127.71,94486
2026-06-24T19:28:00Z,127.71,127.73,127.69,127.69,112820
2026-06-24T19:29:00Z,127.69,127.72,127.67,127.71,91666
2026-06-24T19:30:00Z,127.71,127.74,127.70,127.72,176281
2026-06-24T19:31:00Z,127.72,127.74,127.72,127.74,94486
2026-06-24T19:32:00Z,127.74,127.77,127.73,127.76,177691
2026-06-24T19:33:00Z,127.76,127.82,127.76,127.80,131153
2026-06-24T19:34:00Z,127.80,127.83,127.78,127.83,197435
2026-06-24T19:35:00Z,127.83,127.83,127.80,127.82,107179
2026-06-24T19:36:00Z,127.82,127.83,127.79,127.79,84615
2026-06-24T19:37:00Z,127.79,127.80,127.77,127.77,139614
2026-06-24T19:38:00Z,127.77,127.85,127.75,127.83,131153
2026-06-24T19:39:00Z,127.83,127.84,127.81,127.83,76153
2026-06-24T19:40:00Z,127.83,127.88,127.81,127.87,81794
2026-06-24T19:41:00Z,127.87,127.89,127.87,127.89,87435
2026-06-24T19:42:00Z,127.89,127.89,127.84,127.86,155127
2026-06-24T19:43:00Z,127.86,127.86,127.82,127.84,145255
2026-06-24T19:44:00Z,127.84,127.87,127.83,127.87,169230
2026-06-24T19:45:00Z,127.87,127.92,127.86,127.90,125512
2026-06-24T19:46:00Z,127.90,127.91,127.90,127.91,93076
2026-06-24T19:47:00Z,127.91,127.92,127.89,127.90,210127
2026-06-24T19:48:00Z,127.90,127.94,127.88,127.93,196024
2026-06-24T19:49:00Z,127.93,127.98,127.91,127.96,88845
2026-06-24T19:50:00Z,127.96,128.02,127.96,128.00,95897
2026-06-24T19:51:00Z,128.00,128.02,127.99,127.99,207306
2026-06-24T19:52:00Z,127.99,128.02,127.98,128.02,162178
2026-06-24T19:53:00Z,128.02,128.02,127.98,128.00,177691
2026-06-24T19:54:00Z,128.00,128.02,127.99,128.02,93076
2026-06-24T19:55:00Z,128.02,128.04,127.99,128.00,211537
2026-06-24T19:56:00Z,128.00,128.04,127.98,128.03,150896
2026-06-24T19:57:00Z,128.03,128.05,128.03,128.05,152307
2026-06-24T19:58:00Z,128.05,128.06,128.05,128.06,84615
2026-06-24T19:59:00Z,128.06,128.10,128.06,128.09,193204
2026-06-25T13:30:00Z,128.09,128.10,128.08,128.09,180512
2026-06-25T13:31:00Z,128.09,128.11,128.07,128.09,94486
2026-06-25T13:32:00Z,128.09,128.11,128.07,128.07,129743
2026-06-25T13:33:00Z,128.07,128.08,128.04,128.04,164999
2026-06-25T13:34:00Z,128.04,128.07,128.03,128.07,177691
2026-06-25T13:35:00Z,128.07,128.07,128.05,128.05,77563
2026-06-25T13:36:00Z,128.05,128.07,128.03,128.03,93076
2026-06-25T13:37:00Z,128.03,128.03,128.00,128.01,205896
2026-06-25T13:38:00Z,128.01,128.03,128.01,128.02,112820
2026-06-25T13:39:00Z,128.02,128.03,127.96,127.98,207306
2026-06-25T13:40:00Z,127.98,128.02,127.98,128.01,196024
2026-06-25T13:41:00Z,128.01,128.01,127.97,127.97,188973
2026-06-25T13:42:00Z,127.97,128.00,127.97,127.98,163589
2026-06-25T13:43:00Z,127.98,127.99,127.96,127.99,129743
2026-06-25T13:44:00Z,127.99,128.04,127.97,128.02,164999
2026-06-25T13:45:00Z,128.02,128.06,128.01,128.04,91666
2026-06-25T13:46:00Z,128.04,128.05,127.99,128.01,117050
2026-06-25T13:47:00Z,128.01,128.04,127.99,128.03,210127
2026-06-25T13:48:00Z,128.03,128.03,127.99,128.01,98717
2026-06-25T13:49:00Z,128.01,128.02,127.98,127.98,139614
2026-06-25T13:50:00Z,127.98,127.99,127.95,127.95,142435
2026-06-25T13:51:00Z,127.95,127.98,127.93,127.97,83204
2026-06-25T13:52:00Z,127.97,128.01,127.97,127.99,107179
2026-06-25T13:53:00Z,127.99,128.02,127.98,128.01,146666
2026-06-25T13:54:00Z,128.01,128.04,128.00,128.02,115640
2026-06-25T13:55:00Z,128.02,128.03,127.99,128.00,150896
2026-06-25T13:56:00Z,128.00,128.00,127.98,127.98,98717
2026-06-25T13:57:00Z,127.98,127.99,127.98,127.98,156537
2026-06-25T13:58:00Z,127.98,128.01,127.97,127.99,148076
2026-06-25T13:59:00Z,127.99,128.01,127.97,127.99,117050
2026-06-25T14:00:00Z,127.99,127.99,127.97,127.99,98717
2026-06-25T14:01:00Z,127.99,128.03,127.98,128.01,201665
2026-06-25T14:02:00Z,128.01,128.02,127.98,127.99,90256
2026-06-25T14:03:00Z,127.99,127.99,127.98,127.99,139614
2026-06-25T14:04:00Z,127.99,128.01,127.98,128.01,125512
2026-06-25T14:05:00Z,128.01,128.04,128.01,128.02,197435
2026-06-25T14:06:00Z,128.02,128.05,128.01,128.04,194614
2026-06-25T14:07:00Z,128.04,128.05,128.02,128.02,162178
2026-06-25T14:08:00Z,128.02,128.04,127.99,128.00,101538
2026-06-25T14:09:00Z,128.00,128.02,127.99,128.01,145255
2026-06-25T14:10:00Z,128.01,128.02,127.99,127.99,198845
2026-06-25T14:11:00Z,127.99,128.00,127.94,127.95,148076
2026-06-25T14:12:00Z,127.95,127.96,127.92,127.93,121281
2026-06-25T14:13:00Z,127.93,127.94,127.88,127.90,121281
2026-06-25T14:14:00Z,127.90,127.93,127.88,127.91,128332
2026-06-25T14:15:00Z,127.91,127.93,127.91,127.92,107179
2026-06-25T14:16:00Z,127.92,127.94,127.88,127.90,138204
2026-06-25T14:17:00Z,127.90,127.91,127.89,127.91,205896
2026-06-25T14:18:00Z,127.91,127.91,127.91,127.91,135384
2026-06-25T14:19:00Z,127.91,127.94,127.91,127.92,153717
2026-06-25T14:20:00Z,127.92,127.94,127.91,127.92,101538
2026-06-25T14:21:00Z,127.92,127.93,127.90,127.93,109999
2026-06-25T14:22:00Z,127.93,127.94,127.88,127.90,121281
2026-06-25T14:23:00Z,127.90,127.91,127.86,127.88,208717
2026-06-25T14:24:00Z,127.88,127.89,127.82,127.84,200255
2026-06-25T14:25:00Z,127.84,127.88,127.84,127.86,197435
2026-06-25T14:26:00Z,127.86,127.88,127.85,127.86,167819
2026-06-25T14:27:00Z,127.86,127.87,127.86,127.87,100127
2026-06-25T14:28:00Z,127.87,127.88,127.86,127.88,90256
2026-06-25T14:29:00Z,127.88,127.92,127.88,127.91,122691
2026-06-25T14:30:00Z,127.91,127.93,127.87,127.89,148076
2026-06-25T14:31:00Z,127.89,127.92,127.87,127.90,156537
2026-06-25T14:32:00Z,127.90,127.92,127.89,127.92,131153
2026-06-25T14:33:00Z,127.92,127.93,127.89,127.89,167819
2026-06-25T14:34:00Z,127.89,127.92,127.88,127.91,94486
2026-06-25T14:35:00Z,127.91,127.93,127.89,127.92,184742
2026-06-25T14:36:00Z,127.92,127.96,127.91,127.94,83204
2026-06-25T14:37:00Z,127.94,127.97,127.92,127.95,152307
2026-06-25T14:38:00Z,127.95,127.95,127.88,127.90,119871
2026-06-25T14:39:00Z,127.90,127.92,127.88,127.92,91666
2026-06-25T14:40:00Z,127.92,127.96,127.91,127.96,174871
2026-06-25T14:41:00Z,127.96,127.98,127.93,127.94,187563
2026-06-25T14:42:00Z,127.94,127.96,127.91,127.91,139614
2026-06-25T14:43:00Z,127.91,127.91,127.87,127.88,129743
2026-06-25T14:44:00Z,127.88,127.88,127.85,127.86,167819
2026-06-25T14:45:00Z,127.86,127.90,127.84,127.88,204486
2026-06-25T14:46:00Z,127.88,127.91,127.86,127.90,164999
2026-06-25T14:47:00Z,127.90,127.93,127.90,127.91,80384
2026-06-25T14:48:00Z,127.91,127.92,127.88,127.88,181922
2026-06-25T14:49:00Z,127.88,127.89,127.87,127.87,76153
2026-06-25T14:50:00Z,127.87,127.87,127.84,127.85,108589
2026-06-25T14:51:00Z,127.85,127.88,127.83,127.86,83204
2026-06-25T14:52:00Z,127.86,127.88,127.83,127.84,115640
2026-06-25T14:53:00Z,127.84,127.87,127.84,127.87,146666
2026-06-25T14:54:00Z,127.87,127.87,127.82,127.84,208717
2026-06-25T14:55:00Z,127.84,127.84,127.80,127.81,201665
2026-06-25T14:56:00Z,127.81,127.83,127.80,127.83,170640
2026-06-25T14:57:00Z,127.83,127.84,127.82,127.84,83204
2026-06-25T14:58:00Z,127.84,127.85,127.84,127.85,200255
2026-06-25T14:59:00Z,127.85,127.87,127.82,127.84,122691
2026-06-25T15:00:00Z,127.84,127.86,127.84,127.85,146666
2026-06-25T15:01:00Z,127.85,127.87,127.85,127.86,118461
2026-06-25T15:02:00Z,127.86,127.87,127.84,127.84,142435
2026-06-25T15:03:00Z,127.84,127.84,127.82,127.83,133973
2026-06-25T15:04:00Z,127.83,127.87,127.83,127.85,204486
2026-06-25T15:05:00Z,127.85,127.86,127.84,127.85,139614
2026-06-25T15:06:00Z,127.85,127.87,127.83,127.86,211537
2026-06-25T15:07:00Z,127.86,127.87,127.83,127.85,198845
2026-06-25T15:08:00Z,127.85,127.89,127.83,127.87,81794
2026-06-25T15:09:00Z,127.87,127.89,127.85,127.86,83204
2026-06-25T15:10:00Z,127.86,127.89,127.84,127.88,141025
2026-06-25T15:11:00Z,127.88,127.92,127.88,127.90,163589
2026-06-25T15:12:00Z,127.90,127.92,127.87,127.89,83204
2026-06-25T15:13:00Z,127.89,127.89,127.86,127.87,70512
2026-06-25T15:14:00Z,127.87,127.92,127.85,127.90,194614
2026-06-25T15:15:00Z,127.90,127.92,127.87,127.89,172050
2026-06-25T15:16:00Z,127.89,127.91,127.84,127.86,100127
2026-06-25T15:17:00Z,127.86,127.91,127.85,127.89,71922
2026-06-25T15:18:00Z,127.89,127.94,127.89,127.93,148076
2026-06-25T15:19:00Z,127.93,127.98,127.93,127.96,95897
2026-06-25T15:20:00Z,127.96,128.02,127.94,128.00,131153
2026-06-25T15:21:00Z,128.00,128.04,128.00,128.02,176281
2026-06-25T15:22:00Z,128.02,128.04,128.02,128.04,91666
2026-06-25T15:23:00Z,128.04,128.04,128.00,128.01,135384
2026-06-25T15:24:00Z,128.01,128.01,127.98,128.00,84615
2026-06-25T15:25:00Z,128.00,128.02,127.99,127.99,211537
2026-06-25T15:26:00Z,127.99,128.01,127.97,128.01,164999
2026-06-25T15:27:00Z,128.01,128.01,128.00,128.00,155127
2026-06-25T15:28:00Z,128.00,128.04,127.98,128.04,198845
2026-06-25T15:29:00Z,128.04,128.08,128.02,128.08,196024
2026-06-25T15:30:00Z,128.08,128.12,128.08,128.11,87435
2026-06-25T15:31:00Z,128.11,128.11,128.08,128.10,157948
2026-06-25T15:32:00Z,128.10,128.10,128.09,128.09,174871
2026-06-25T15:33:00Z,128.09,128.09,128.08,128.08,128332
2026-06-25T15:34:00Z,128.08,128.11,128.07,128.10,98717
2026-06-25T15:35:00Z,128.10,128.11,128.05,128.07,210127
2026-06-25T15:36:00Z,128.07,128.08,128.04,128.05,186153
2026-06-25T15:37:00Z,128.05,128.07,128.01,128.02,71922
2026-06-25T15:38:00Z,128.02,128.08,128.02,128.07,163589
2026-06-25T15:39:00Z,128.07,128.10,128.07,128.09,71922
2026-06-25T15:40:00Z,128.09,128.14,128.09,128.12,210127
2026-06-25T15:41:00Z,128.12,128.14,128.11,128.11,208717
2026-06-25T15:42:00Z,128.11,128.11,128.11,128.11,177691
2026-06-25T15:43:00Z,128.11,128.16,128.09,128.14,186153
2026-06-25T15:44:00Z,128.14,128.16,128.09,128.11,73333
2026-06-25T15:45:00Z,128.11,128.12,128.08,128.09,78974
2026-06-25T15:46:00Z,128.09,128.09,128.02,128.04,196024
2026-06-25T15:47:00Z,128.04,128.06,128.02,128.04,91666
2026-06-25T15:48:00Z,128.04,128.07,128.03,128.06,138204
2026-06-25T15:49:00Z,128.06,128.06,128.02,128.04,146666
2026-06-25T15:50:00Z,128.04,128.05,128.01,128.03,190383
2026-06-25T15:51:00Z,128.03,128.05,128.01,128.05,172050
2026-06-25T15:52:00Z,128.05,128.05,128.03,128.03,183332
2026-06-25T15:53:00Z,128.03,128.03,128.01,128.02,135384
2026-06-25T15:54:00Z,128.02,128.04,128.02,128.03,88845
2026-06-25T15:55:00Z,128.03,128.04,128.01,128.04,181922
2026-06-25T15:56:00Z,128.04,128.04,128.02,128.02,184742
2026-06-25T15:57:00Z,128.02,128.03,128.00,128.00,131153
2026-06-25T15:58:00Z,128.00,128.02,127.97,127.99,83204
2026-06-25T15:59:00Z,127.99,128.04,127.99,128.03,115640
2026-06-25T16:00:00Z,128.03,128.04,128.01,128.04,160768
2026-06-25T16:01:00Z,128.04,128.04,128.00,128.02,198845
2026-06-25T16:02:00Z,128.02,128.03,128.01,128.03,148076
2026-06-25T16:03:00Z,128.03,128.05,128.01,128.04,131153
2026-06-25T16:04:00Z,128.04,128.06,128.04,128.06,201665
2026-06-25T16:05:00Z,128.06,128.08,128.01,128.03,184742
2026-06-25T16:06:00Z,128.03,128.04,128.02,128.04,173460
2026-06-25T16:07:00Z,128.04,128.05,128.02,128.05,80384
2026-06-25T16:08:00Z,128.05,128.06,128.05,128.05,174871
2026-06-25T16:09:00Z,128.05,128.07,128.05,128.07,149486
2026-06-25T16:10:00Z,128.07,128.07,128.00,128.02,205896
2026-06-25T16:11:00Z,128.02,128.06,128.02,128.04,173460
2026-06-25T16:12:00Z,128.04,128.05,128.04,128.04,78974
2026-06-25T16:13:00Z,128.04,128.05,128.02,128.02,118461
2026-06-25T16:14:00Z,128.02,128.04,127.99,128.01,208717
2026-06-25T16:15:00Z,128.01,128.03,128.00,128.02,84615
2026-06-25T16:16:00Z,128.02,128.05,128.02,128.05,164999
2026-06-25T16:17:00Z,128.05,128.05,128.01,128.03,98717
2026-06-25T16:18:00Z,128.03,128.04,128.03,128.04,108589
2026-06-25T16:19:00Z,128.04,128.04,128.00,128.02,166409
2026-06-25T16:20:00Z,128.02,128.04,128.00,128.01,156537
2026-06-25T16:21:00Z,128.01,128.03,127.98,127.99,162178
2026-06-25T16:22:00Z,127.99,128.04,127.99,128.02,84615
2026-06-25T16:23:00Z,128.02,128.02,128.01,128.01,203076
2026-06-25T16:24:00Z,128.01,128.05,128.01,128.04,146666
2026-06-25T16:25:00Z,128.04,128.08,128.02,128.06,204486
2026-06-25T16:26:00Z,128.06,128.11,128.04,128.09,201665
2026-06-25T16:27:00Z,128.09,128.09,128.06,128.07,200255
2026-06-25T16:28:00Z,128.07,128.07,128.03,128.04,78974
2026-06-25T16:29:00Z,128.04,128.08,128.04,128.08,74743
2026-06-25T16:30:00Z,128.08,128.09,128.00,128.02,87435
2026-06-25T16:31:00Z,128.02,128.06,128.00,128.04,128332
2026-06-25T16:32:00Z,128.04,128.05,128.03,128.05,181922
2026-06-25T16:33:00Z,128.05,128.06,128.02,128.04,105768
2026-06-25T16:34:00Z,128.04,128.05,128.01,128.01,184742
2026-06-25T16:35:00Z,128.01,128.02,127.98,127.99,204486
2026-06-25T16:36:00Z,127.99,127.99,127.94,127.96,86025
2026-06-25T16:37:00Z,127.96,127.98,127.95,127.98,143845
2026-06-25T16:38:00Z,127.98,128.00,127.97,127.98,187563
2026-06-25T16:39:00Z,127.98,128.00,127.95,127.96,124102
2026-06-25T16:40:00Z,127.96,127.96,127.93,127.95,83204
2026-06-25T16:41:00Z,127.95,127.98,127.95,127.96,108589
2026-06-25T16:42:00Z,127.96,128.01,127.96,127.99,74743
2026-06-25T16:43:00Z,127.99,128.02,127.97,128.00,122691
2026-06-25T16:44:00Z,128.00,128.01,127.98,127.99,83204
2026-06-25T16:45:00Z,127.99,128.00,127.97,127.97,169230
2026-06-25T16:46:00Z,127.97,127.97,127.92,127.92,157948
2026-06-25T16:47:00Z,127.92,127.92,127.87,127.88,76153
2026-06-25T16:48:00Z,127.88,127.93,127.88,127.91,111409
2026-06-25T16:49:00Z,127.91,127.96,127.89,127.94,101538
2026-06-25T16:50:00Z,127.94,127.94,127.92,127.93,170640
2026-06-25T16:51:00Z,127.93,127.98,127.92,127.97,133973
2026-06-25T16:52:00Z,127.97,127.97,127.94,127.95,74743
2026-06-25T16:53:00Z,127.95,127.96,127.95,127.96,186153
2026-06-25T16:54:00Z,127.96,127.99,127.94,127.99,78974
2026-06-25T16:55:00Z,127.99,128.00,127.96,127.97,190383
2026-06-25T16:56:00Z,127.97,127.99,127.94,127.96,84615
2026-06-25T16:57:00Z,127.96,127.96,127.93,127.95,119871
2026-06-25T16:58:00Z,127.95,127.95,127.92,127.93,112820
2026-06-25T16:59:00Z,127.93,127.96,127.91,127.94,211537
2026-06-25T17:00:00Z,127.94,127.97,127.92,127.96,109999
2026-06-25T17:01:00Z,127.96,127.97,127.93,127.95,86025
2026-06-25T17:02:00Z,127.95,127.97,127.92,127.94,176281
2026-06-25T17:03:00Z,127.94,127.97,127.92,127.95,205896
2026-06-25T17:04:00Z,127.95,127.95,127.93,127.93,132563
2026-06-25T17:05:00Z,127.93,127.97,127.93,127.96,167819
2026-06-25T17:06:00Z,127.96,128.04,127.95,128.02,98717
2026-06-25T17:07:00Z,128.02,128.02,127.99,128.01,183332
2026-06-25T17:08:00Z,128.01,128.05,127.99,128.03,204486
2026-06-25T17:09:00Z,128.03,128.06,128.03,128.06,187563
2026-06-25T17:10:00Z,128.06,128.07,128.03,128.05,201665
2026-06-25T17:11:00Z,128.05,128.09,128.03,128.07,98717
2026-06-25T17:12:00Z,128.07,128.09,128.07,128.09,74743
2026-06-25T17:13:00Z,128.09,128.09,128.08,128.08,81794
2026-06-25T17:14:00Z,128.08,128.10,128.06,128.09,104358
2026-06-25T17:15:00Z,128.09,128.11,128.07,128.08,77563
2026-06-25T17:16:00Z,128.08,128.09,128.04,128.05,186153
2026-06-25T17:17:00Z,128.05,128.07,128.05,128.07,88845
2026-06-25T17:18:00Z,128.07,128.08,128.03,128.04,177691
2026-06-25T17:19:00Z,128.04,128.04,128.03,128.03,162178
2026-06-25T17:20:00Z,128.03,128.07,128.02,128.06,203076
2026-06-25T17:21:00Z,128.06,128.09,128.06,128.07,155127
2026-06-25T17:22:00Z,128.07,128.09,128.06,128.06,86025
2026-06-25T17:23:00Z,128.06,128.07,128.06,128.07,97307
2026-06-25T17:24:00Z,128.07,128.11,128.07,128.09,111409
2026-06-25T17:25:00Z,128.09,128.09,128.06,128.07,93076
2026-06-25T17:26:00Z,128.07,128.12,128.07,128.10,97307
2026-06-25T17:27:00Z,128.10,128.11,128.08,128.08,169230
2026-06-25T17:28:00Z,128.08,128.10,128.05,128.06,73333
2026-06-25T17:29:00Z,128.06,128.07,128.05,128.07,132563
2026-06-25T17:30:00Z,128.07,128.07,128.02,128.04,100127
2026-06-25T17:31:00Z,128.04,128.07,128.02,128.05,150896
2026-06-25T17:32:00Z,128.05,128.06,128.05,128.06,129743
2026-06-25T17:33:00Z,128.06,128.10,128.06,128.08,102948
2026-06-25T17:34:00Z,128.08,128.09,128.05,128.07,98717
2026-06-25T17:35:00Z,128.07,128.10,128.05,128.09,203076
2026-06-25T17:36:00Z,128.09,128.10,128.02,128.04,174871
2026-06-25T17:37:00Z,128.04,128.06,128.02,128.03,128332
2026-06-25T17:38:00Z,128.03,128.05,128.02,128.02,90256
2026-06-25T17:39:00Z,128.02,128.04,128.00,128.00,87435
2026-06-25T17:40:00Z,128.00,128.01,128.00,128.01,102948
2026-06-25T17:41:00Z,128.01,128.03,127.99,128.03,105768
2026-06-25T17:42:00Z,128.03,128.05,128.01,128.04,143845
2026-06-25T17:43:00Z,128.04,128.05,128.00,128.01,183332
2026-06-25T17:44:00Z,128.01,128.03,127.99,128.02,203076
2026-06-25T17:45:00Z,128.02,128.02,128.01,128.01,112820
2026-06-25T17:46:00Z,128.01,128.01,128.00,128.00,201665
2026-06-25T17:47:00Z,128.00,128.04,128.00,128.02,81794
2026-06-25T17:48:00Z,128.02,128.02,127.96,127.97,91666
2026-06-25T17:49:00Z,127.97,128.00,127.97,128.00,76153
2026-06-25T17:50:00Z,128.00,128.04,128.00,128.02,173460
2026-06-25T17:51:00Z,128.02,128.04,128.00,128.00,129743
2026-06-25T17:52:00Z,128.00,128.02,127.97,127.99,90256
2026-06-25T17:53:00Z,127.99,128.01,127.97,128.01,142435
2026-06-25T17:54:00Z,128.01,128.02,127.98,127.98,74743
2026-06-25T17:55:00Z,127.98,128.02,127.97,128.00,101538
2026-06-25T17:56:00Z,128.00,128.04,127.99,128.02,109999
2026-06-25T17:57:00Z,128.02,128.06,128.01,128.05,97307
2026-06-25T17:58:00Z,128.05,128.08,128.04,128.06,191794
2026-06-25T17:59:00Z,128.06,128.08,128.02,128.04,136794
2026-06-25T18:00:00Z,128.04,128.07,128.02,128.06,205896
2026-06-25T18:01:00Z,128.06,128.08,128.03,128.04,174871
2026-06-25T18:02:00Z,128.04,128.06,128.03,128.03,132563
2026-06-25T18:03:00Z,128.03,128.05,128.01,128.01,108589
2026-06-25T18:04:00Z,128.01,128.02,127.94,127.95,101538
2026-06-25T18:05:00Z,127.95,127.99,127.95,127.97,121281
2026-06-25T18:06:00Z,127.97,127.99,127.96,127.98,193204
2026-06-25T18:07:00Z,127.98,128.00,127.98,128.00,159358
2026-06-25T18:08:00Z,128.00,128.05,127.98,128.03,164999
2026-06-25T18:09:00Z,128.03,128.03,128.01,128.02,101538
2026-06-25T18:10:00Z,128.02,128.03,128.00,128.03,70512
2026-06-25T18:11:00Z,128.03,128.05,128.00,128.01,78974
2026-06-25T18:12:00Z,128.01,128.02,127.98,127.99,207306
2026-06-25T18:13:00Z,127.99,127.99,127.93,127.94,163589
2026-06-25T18:14:00Z,127.94,127.96,127.90,127.92,112820
2026-06-25T18:15:00Z,127.92,127.94,127.91,127.94,150896
2026-06-25T18:16:00Z,127.94,127.96,127.91,127.92,183332
2026-06-25T18:17:00Z,127.92,127.92,127.88,127.89,194614
2026-06-25T18:18:00Z,127.89,127.91,127.87,127.91,136794
2026-06-25T18:19:00Z,127.91,127.91,127.88,127.90,204486
2026-06-25T18:20:00Z,127.90,127.93,127.90,127.91,149486
2026-06-25T18:21:00Z,127.91,127.91,127.89,127.90,146666
2026-06-25T18:22:00Z,127.90,127.92,127.88,127.91,176281
2026-06-25T18:23:00Z,127.91,127.93,127.89,127.90,100127
2026-06-25T18:24:00Z,127.90,127.90,127.87,127.88,179101
2026-06-25T18:25:00Z,127.88,127.92,127.86,127.91,159358
2026-06-25T18:26:00Z,127.91,127.93,127.89,127.90,90256
2026-06-25T18:27:00Z,127.90,127.91,127.87,127.89,128332
2026-06-25T18:28:00Z,127.89,127.94,127.89,127.93,203076
2026-06-25T18:29:00Z,127.93,127.93,127.91,127.92,180512
2026-06-25T18:30:00Z,127.92,127.94,127.90,127.92,87435
2026-06-25T18:31:00Z,127.92,127.92,127.90,127.90,145255
2026-06-25T18:32:00Z,127.90,127.91,127.89,127.91,71922
2026-06-25T18:33:00Z,127.91,127.95,127.91,127.93,156537
2026-06-25T18:34:00Z,127.93,127.95,127.92,127.95,122691
2026-06-25T18:35:00Z,127.95,127.97,127.95,127.95,108589
2026-06-25T18:36:00Z,127.95,127.97,127.95,127.96,73333
2026-06-25T18:37:00Z,127.96,127.98,127.94,127.96,184742
2026-06-25T18:38:00Z,127.96,128.01,127.96,127.99,108589
2026-06-25T18:39:00Z,127.99,127.99,127.97,127.97,145255
2026-06-25T18:40:00Z,127.97,128.00,127.96,127.98,128332
2026-06-25T18:41:00Z,127.98,127.99,127.96,127.99,102948
2026-06-25T18:42:00Z,127.99,128.03,127.99,128.01,188973
2026-06-25T18:43:00Z,128.01,128.02,127.98,127.99,80384
2026-06-25T18:44:00Z,127.99,127.99,127.93,127.95,153717
2026-06-25T18:45:00Z,127.95,127.96,127.91,127.91,84615
2026-06-25T18:46:00Z,127.91,127.93,127.87,127.89,70512
2026-06-25T18:47:00Z,127.89,127.91,127.87,127.88,194614
2026-06-25T18:48:00Z,127.88,127.89,127.88,127.89,126922
2026-06-25T18:49:00Z,127.89,127.92,127.89,127.90,181922
2026-06-25T18:50:00Z,127.90,127.92,127.86,127.87,188973
2026-06-25T18:51:00Z,127.87,127.87,127.84,127.86,173460
2026-06-25T18:52:00Z,127.86,127.88,127.82,127.83,183332
2026-06-25T18:53:00Z,127.83,127.84,127.78,127.80,74743
2026-06-25T18:54:00Z,127.80,127.82,127.79,127.82,80384
2026-06-25T18:55:00Z,127.82,127.84,127.80,127.84,176281
2026-06-25T18:56:00Z,127.84,127.84,127.81,127.81,172050
2026-06-25T18:57:00Z,127.81,127.81,127.79,127.81,145255
2026-06-25T18:58:00Z,127.81,127.82,127.77,127.79,80384
2026-06-25T18:59:00Z,127.79,127.81,127.77,127.81,93076
2026-06-25T19:00:00Z,127.81,127.82,127.79,127.82,150896
2026-06-25T19:01:00Z,127.82,127.85,127.82,127.83,129743
2026-06-25T19:02:00Z,127.83,127.86,127.82,127.84,126922
2026-06-25T19:03:00Z,127.84,127.85,127.80,127.81,138204
2026-06-25T19:04:00Z,127.81,127.84,127.81,127.83,104358
2026-06-25T19:05:00Z,127.83,127.85,127.79,127.80,77563
2026-06-25T19:06:00Z,127.80,127.82,127.79,127.80,70512
2026-06-25T19:07:00Z,127.80,127.81,127.79,127.81,211537
2026-06-25T19:08:00Z,127.81,127.83,127.79,127.83,121281
2026-06-25T19:09:00Z,127.83,127.87,127.82,127.85,115640
2026-06-25T19:10:00Z,127.85,127.86,127.81,127.83,208717
2026-06-25T19:11:00Z,127.83,127.84,127.82,127.83,136794
2026-06-25T19:12:00Z,127.83,127.83,127.80,127.82,132563
2026-06-25T19:13:00Z,127.82,127.83,127.80,127.80,181922
2026-06-25T19:14:00Z,127.80,127.82,127.80,127.82,186153
2026-06-25T19:15:00Z,127.82,127.84,127.81,127.84,125512
2026-06-25T19:16:00Z,127.84,127.85,127.80,127.82,149486
2026-06-25T19:17:00Z,127.82,127.86,127.82,127.85,149486
2026-06-25T19:18:00Z,127.85,127.85,127.83,127.85,125512
2026-06-25T19:19:00Z,127.85,127.87,127.77,127.79,184742
2026-06-25T19:20:00Z,127.79,127.80,127.77,127.79,196024
2026-06-25T19:21:00Z,127.79,127.79,127.76,127.76,205896
2026-06-25T19:22:00Z,127.76,127.77,127.76,127.76,101538
2026-06-25T19:23:00Z,127.76,127.77,127.71,127.72,167819
2026-06-25T19:24:00Z,127.72,127.75,127.71,127.73,136794
2026-06-25T19:25:00Z,127.73,127.74,127.70,127.72,73333
2026-06-25T19:26:00Z,127.72,127.74,127.71,127.74,187563
2026-06-25T19:27:00Z,127.74,127.75,127.72,127.75,164999
2026-06-25T19:28:00Z,127.75,127.77,127.75,127.77,122691
2026-06-25T19:29:00Z,127.77,127.79,127.75,127.79,112820
2026-06-25T19:30:00Z,127.79,127.79,127.76,127.76,124102
2026-06-25T19:31:00Z,127.76,127.79,127.76,127.77,162178
2026-06-25T19:32:00Z,127.77,127.78,127.74,127.76,128332
2026-06-25T19:33:00Z,127.76,127.78,127.76,127.77,183332
2026-06-25T19:34:00Z,127.77,127.80,127.77,127.79,128332
2026-06-25T19:35:00Z,127.79,127.79,127.75,127.76,70512
2026-06-25T19:36:00Z,127.76,127.78,127.73,127.73,131153
2026-06-25T19:37:00Z,127.73,127.76,127.73,127.76,155127
2026-06-25T19:38:00Z,127.76,127.78,127.75,127.77,104358
2026-06-25T19:39:00Z,127.77,127.77,127.73,127.75,203076
2026-06-25T19:40:00Z,127.75,127.79,127.73,127.77,138204
2026-06-25T19:41:00Z,127.77,127.79,127.75,127.79,90256
2026-06-25T19:42:00Z,127.79,127.81,127.72,127.73,200255
2026-06-25T19:43:00Z,127.73,127.75,127.70,127.71,80384
2026-06-25T19:44:00Z,127.71,127.72,127.69,127.69,160768
2026-06-25T19:45:00Z,127.69,127.72,127.69,127.71,160768
2026-06-25T19:46:00Z,127.71,127.74,127.71,127.73,174871
2026-06-25T19:47:00Z,127.73,127.74,127.69,127.71,126922
2026-06-25T19:48:00Z,127.71,127.75,127.71,127.73,71922
2026-06-25T19:49:00Z,127.73,127.76,127.73,127.74,194614
2026-06-25T19:50:00Z,127.74,127.74,127.70,127.72,125512
2026-06-25T19:51:00Z,127.72,127.72,127.72,127.72,114230
2026-06-25T19:52:00Z,127.72,127.74,127.68,127.69,169230
2026-06-25T19:53:00Z,127.69,127.71,127.69,127.70,86025
2026-06-25T19:54:00Z,127.70,127.72,127.66,127.68,108589
2026-06-25T19:55:00Z,127.68,127.69,127.63,127.63,180512
2026-06-25T19:56:00Z,127.63,127.69,127.63,127.67,122691
2026-06-25T19:57:00Z,127.67,127.69,127.65,127.69,180512
2026-06-25T19:58:00Z,127.69,127.70,127.66,127.66,207306
2026-06-25T19:59:00Z,127.66,127.68,127.63,127.65,177691
2026-06-26T13:30:00Z,127.65,127.66,127.61,127.62,184742
2026-06-26T13:31:00Z,127.62,127.64,127.60,127.60,129743
2026-06-26T13:32:00Z,127.60,127.60,127.57,127.57,80384
2026-06-26T13:33:00Z,127.57,127.57,127.54,127.55,157948
2026-06-26T13:34:00Z,127.55,127.57,127.49,127.51,102948
2026-06-26T13:35:00Z,127.51,127.51,127.49,127.49,107179
2026-06-26T13:36:00Z,127.49,127.49,127.46,127.46,205896
2026-06-26T13:37:00Z,127.46,127.49,127.44,127.47,80384
2026-06-26T13:38:00Z,127.47,127.50,127.45,127.48,187563
2026-06-26T13:39:00Z,127.48,127.49,127.41,127.42,184742
2026-06-26T13:40:00Z,127.42,127.45,127.41,127.44,152307
2026-06-26T13:41:00Z,127.44,127.45,127.37,127.38,183332
2026-06-26T13:42:00Z,127.38,127.39,127.37,127.39,184742
2026-06-26T13:43:00Z,127.39,127.44,127.37,127.42,148076
2026-06-26T13:44:00Z,127.42,127.45,127.41,127.45,150896
2026-06-26T13:45:00Z,127.45,127.47,127.43,127.43,194614
2026-06-26T13:46:00Z,127.43,127.43,127.41,127.41,139614
2026-06-26T13:47:00Z,127.41,127.43,127.37,127.37,122691
2026-06-26T13:48:00Z,127.37,127.39,127.35,127.37,181922
2026-06-26T13:49:00Z,127.37,127.38,127.33,127.35,73333
2026-06-26T13:50:00Z,127.35,127.36,127.31,127.33,80384
2026-06-26T13:51:00Z,127.33,127.35,127.31,127.32,70512
2026-06-26T13:52:00Z,127.32,127.37,127.31,127.37,148076
2026-06-26T13:53:00Z,127.37,127.37,127.36,127.37,86025
2026-06-26T13:54:00Z,127.37,127.40,127.37,127.38,78974
2026-06-26T13:55:00Z,127.38,127.38,127.36,127.38,100127
2026-06-26T13:56:00Z,127.38,127.40,127.37,127.40,184742
2026-06-26T13:57:00Z,127.40,127.42,127.38,127.41,115640
2026-06-26T13:58:00Z,127.41,127.42,127.40,127.41,201665
2026-06-26T13:59:00Z,127.41,127.43,127.40,127.42,190383
2026-06-26T14:00:00Z,127.42,127.43,127.39,127.40,197435
2026-06-26T14:01:00Z,127.40,127.44,127.39,127.43,149486
2026-06-26T14:02:00Z,127.43,127.45,127.41,127.44,131153
2026-06-26T14:03:00Z,127.44,127.44,127.40,127.40,141025
2026-06-26T14:04:00Z,127.40,127.43,127.40,127.41,179101
2026-06-26T14:05:00Z,127.41,127.42,127.35,127.37,153717
2026-06-26T14:06:00Z,127.37,127.39,127.31,127.31,205896
2026-06-26T14:07:00Z,127.31,127.32,127.29,127.32,211537
2026-06-26T14:08:00Z,127.32,127.35,127.32,127.34,207306
2026-06-26T14:09:00Z,127.34,127.35,127.31,127.32,105768
2026-06-26T14:10:00Z,127.32,127.33,127.31,127.32,129743
2026-06-26T14:11:00Z,127.32,127.36,127.32,127.34,81794
2026-06-26T14:12:00Z,127.34,127.35,127.32,127.32,155127
2026-06-26T14:13:00Z,127.32,127.35,127.30,127.35,146666
2026-06-26T14:14:00Z,127.35,127.37,127.31,127.33,146666
2026-06-26T14:15:00Z,127.33,127.35,127.29,127.31,93076
2026-06-26T14:16:00Z,127.31,127.31,127.31,127.31,131153
2026-06-26T14:17:00Z,127.31,127.35,127.30,127.33,169230
2026-06-26T14:18:00Z,127.33,127.38,127.32,127.36,73333
2026-06-26T14:19:00Z,127.36,127.37,127.31,127.33,81794
2026-06-26T14:20:00Z,127.33,127.38,127.31,127.36,131153
2026-06-26T14:21:00Z,127.36,127.37,127.32,127.34,194614
2026-06-26T14:22:00Z,127.34,127.34,127.32,127.32,176281
2026-06-26T14:23:00Z,127.32,127.34,127.31,127.34,111409
2026-06-26T14:24:00Z,127.34,127.38,127.34,127.37,100127
2026-06-26T14:25:00Z,127.37,127.38,127.37,127.37,150896
2026-06-26T14:26:00Z,127.37,127.39,127.37,127.37,91666
2026-06-26T14:27:00Z,127.37,127.40,127.37,127.38,108589
2026-06-26T14:28:00Z,127.38,127.41,127.38,127.39,129743
2026-06-26T14:29:00Z,127.39,127.44,127.37,127.42,126922
2026-06-26T14:30:00Z,127.42,127.44,127.37,127.38,198845
2026-06-26T14:31:00Z,127.38,127.40,127.38,127.39,98717
2026-06-26T14:32:00Z,127.39,127.42,127.38,127.42,204486
2026-06-26T14:33:00Z,127.42,127.44,127.40,127.43,91666
2026-06-26T14:34:00Z,127.43,127.44,127.43,127.44,204486
2026-06-26T14:35:00Z,127.44,127.45,127.42,127.44,91666
2026-06-26T14:36:00Z,127.44,127.46,127.43,127.44,148076
2026-06-26T14:37:00Z,127.44,127.48,127.43,127.46,126922
2026-06-26T14:38:00Z,127.46,127.46,127.45,127.46,101538
2026-06-26T14:39:00Z,127.46,127.48,127.44,127.45,208717
2026-06-26T14:40:00Z,127.45,127.47,127.43,127.45,208717
2026-06-26T14:41:00Z,127.45,127.48,127.43,127.47,91666
2026-06-26T14:42:00Z,127.47,127.48,127.44,127.44,88845
2026-06-26T14:43:00Z,127.44,127.44,127.44,127.44,104358
2026-06-26T14:44:00Z,127.44,127.45,127.43,127.45,141025
2026-06-26T14:45:00Z,127.45,127.46,127.45,127.46,196024
2026-06-26T14:46:00Z,127.46,127.48,127.44,127.48,193204
2026-06-26T14:47:00Z,127.48,127.50,127.47,127.49,198845
2026-06-26T14:48:00Z,127.49,127.53,127.49,127.51,84615
2026-06-26T14:49:00Z,127.51,127.59,127.49,127.57,93076
2026-06-26T14:50:00Z,127.57,127.58,127.57,127.57,153717
2026-06-26T14:51:00Z,127.57,127.61,127.56,127.60,122691
2026-06-26T14:52:00Z,127.60,127.61,127.55,127.57,77563
2026-06-26T14:53:00Z,127.57,127.57,127.56,127.56,197435
2026-06-26T14:54:00Z,127.56,127.60,127.56,127.59,112820
2026-06-26T14:55:00Z,127.59,127.61,127.58,127.61,160768
2026-06-26T14:56:00Z,127.61,127.66,127.59,127.64,155127
2026-06-26T14:57:00Z,127.64,127.64,127.59,127.60,170640
2026-06-26T14:58:00Z,127.60,127.62,127.56,127.58,124102
2026-06-26T14:59:00Z,127.58,127.58,127.57,127.58,117050
2026-06-26T15:00:00Z,127.58,127.58,127.56,127.58,104358
2026-06-26T15:01:00Z,127.58,127.60,127.57,127.57,191794
2026-06-26T15:02:00Z,127.57,127.61,127.55,127.59,111409
2026-06-26T15:03:00Z,127.59,127.61,127.57,127.60,93076
2026-06-26T15:04:00Z,127.60,127.66,127.58,127.65,83204
2026-06-26T15:05:00Z,127.65,127.65,127.64,127.64,124102
2026-06-26T15:06:00Z,127.64,127.66,127.64,127.64,149486
2026-06-26T15:07:00Z,127.64,127.66,127.62,127.62,104358
2026-06-26T15:08:00Z,127.62,127.63,127.59,127.61,87435
2026-06-26T15:09:00Z,127.61,127.63,127.61,127.61,170640
2026-06-26T15:10:00Z,127.61,127.65,127.60,127.63,200255
2026-06-26T15:11:00Z,127.63,127.66,127.62,127.65,87435
2026-06-26T15:12:00Z,127.65,127.65,127.63,127.65,194614
2026-06-26T15:13:00Z,127.65,127.66,127.62,127.63,156537
2026-06-26T15:14:00Z,127.63,127.64,127.59,127.59,204486
2026-06-26T15:15:00Z,127.59,127.63,127.59,127.63,166409
2026-06-26T15:16:00Z,127.63,127.65,127.61,127.64,115640
2026-06-26T15:17:00Z,127.64,127.65,127.64,127.65,105768
2026-06-26T15:18:00Z,127.65,127.67,127.63,127.63,138204
2026-06-26T15:19:00Z,127.63,127.65,127.61,127.64,77563
2026-06-26T15:20:00Z,127.64,127.66,127.63,127.66,174871
2026-06-26T15:21:00Z,127.66,127.69,127.66,127.67,119871
2026-06-26T15:22:00Z,127.67,127.69,127.66,127.66,177691
2026-06-26T15:23:00Z,127.66,127.66,127.64,127.66,95897
2026-06-26T15:24:00Z,127.66,127.66,127.62,127.64,136794
2026-06-26T15:25:00Z,127.64,127.69,127.64,127.67,86025
2026-06-26T15:26:00Z,127.67,127.69,127.62,127.64,94486
2026-06-26T15:27:00Z,127.64,127.68,127.63,127.68,100127
2026-06-26T15:28:00Z,127.68,127.69,127.67,127.68,119871
2026-06-26T15:29:00Z,127.68,127.68,127.67,127.67,126922
2026-06-26T15:30:00Z,127.67,127.68,127.66,127.68,115640
2026-06-26T15:31:00Z,127.68,127.70,127.66,127.69,114230
2026-06-26T15:32:00Z,127.69,127.71,127.68,127.68,201665
2026-06-26T15:33:00Z,127.68,127.70,127.68,127.68,211537
2026-06-26T15:34:00Z,127.68,127.68,127.64,127.65,73333
2026-06-26T15:35:00Z,127.65,127.67,127.61,127.63,170640
2026-06-26T15:36:00Z,127.63,127.65,127.61,127.62,84615
2026-06-26T15:37:00Z,127.62,127.64,127.54,127.56,74743
2026-06-26T15:38:00Z,127.56,127.58,127.53,127.54,128332
2026-06-26T15:39:00Z,127.54,127.57,127.52,127.56,211537
2026-06-26T15:40:00Z,127.56,127.57,127.53,127.54,125512
2026-06-26T15:41:00Z,127.54,127.57,127.54,127.56,180512
2026-06-26T15:42:00Z,127.56,127.58,127.54,127.57,180512
2026-06-26T15:43:00Z,127.57,127.62,127.57,127.60,167819
2026-06-26T15:44:00Z,127.60,127.61,127.56,127.56,145255
2026-06-26T15:45:00Z,127.56,127.56,127.51,127.51,169230
2026-06-26T15:46:00Z,127.51,127.53,127.49,127.53,170640
2026-06-26T15:47:00Z,127.53,127.54,127.52,127.54,108589
2026-06-26T15:48:00Z,127.54,127.55,127.51,127.52,108589
2026-06-26T15:49:00Z,127.52,127.52,127.47,127.49,174871
2026-06-26T15:50:00Z,127.49,127.53,127.47,127.51,109999
2026-06-26T15:51:00Z,127.51,127.55,127.49,127.53,194614
2026-06-26T15:52:00Z,127.53,127.55,127.51,127.51,84615
2026-06-26T15:53:00Z,127.51,127.52,127.51,127.52,104358
2026-06-26T15:54:00Z,127.52,127.52,127.49,127.50,88845
2026-06-26T15:55:00Z,127.50,127.52,127.47,127.49,160768
2026-06-26T15:56:00Z,127.49,127.51,127.48,127.50,117050
2026-06-26T15:57:00Z,127.50,127.53,127.50,127.51,93076
2026-06-26T15:58:00Z,127.51,127.53,127.49,127.52,86025
2026-06-26T15:59:00Z,127.52,127.52,127.49,127.51,124102
2026-06-26T16:00:00Z,127.51,127.51,127.49,127.49,78974
2026-06-26T16:01:00Z,127.49,127.49,127.44,127.46,108589
2026-06-26T16:02:00Z,127.46,127.48,127.43,127.45,142435
2026-06-26T16:03:00Z,127.45,127.50,127.44,127.48,74743
2026-06-26T16:04:00Z,127.48,127.49,127.45,127.45,77563
2026-06-26T16:05:00Z,127.45,127.47,127.40,127.42,149486
2026-06-26T16:06:00Z,127.42,127.44,127.41,127.41,208717
2026-06-26T16:07:00Z,127.41,127.42,127.40,127.42,183332
2026-06-26T16:08:00Z,127.42,127.42,127.42,127.42,86025
2026-06-26T16:09:00Z,127.42,127.47,127.41,127.45,201665
2026-06-26T16:10:00Z,127.45,127.47,127.44,127.44,83204
2026-06-26T16:11:00Z,127.44,127.46,127.41,127.43,114230
2026-06-26T16:12:00Z,127.43,127.44,127.40,127.41,91666
2026-06-26T16:13:00Z,127.41,127.43,127.40,127.40,97307
2026-06-26T16:14:00Z,127.40,127.41,127.37,127.39,74743
2026-06-26T16:15:00Z,127.39,127.41,127.39,127.41,204486
2026-06-26T16:16:00Z,127.41,127.43,127.38,127.39,78974
2026-06-26T16:17:00Z,127.39,127.44,127.39,127.42,146666
2026-06-26T16:18:00Z,127.42,127.44,127.41,127.44,167819
2026-06-26T16:19:00Z,127.44,127.45,127.40,127.42,156537
2026-06-26T16:20:00Z,127.42,127.44,127.35,127.37,126922
2026-06-26T16:21:00Z,127.37,127.40,127.35,127.38,73333
2026-06-26T16:22:00Z,127.38,127.38,127.36,127.36,177691
2026-06-26T16:23:00Z,127.36,127.41,127.36,127.39,102948
2026-06-26T16:24:00Z,127.39,127.40,127.37,127.40,108589
2026-06-26T16:25:00Z,127.40,127.42,127.39,127.39,149486
2026-06-26T16:26:00Z,127.39,127.42,127.38,127.41,101538
2026-06-26T16:27:00Z,127.41,127.42,127.40,127.40,204486
2026-06-26T16:28:00Z,127.40,127.43,127.38,127.41,102948
2026-06-26T16:29:00Z,127.41,127.44,127.39,127.43,95897
2026-06-26T16:30:00Z,127.43,127.43,127.40,127.41,111409
2026-06-26T16:31:00Z,127.41,127.45,127.40,127.43,86025
2026-06-26T16:32:00Z,127.43,127.47,127.41,127.45,78974
2026-06-26T16:33:00Z,127.45,127.50,127.43,127.48,112820
2026-06-26T16:34:00Z,127.48,127.50,127.45,127.45,167819
2026-06-26T16:35:00Z,127.45,127.49,127.45,127.48,119871
2026-06-26T16:36:00Z,127.48,127.48,127.46,127.46,135384
2026-06-26T16:37:00Z,127.46,127.49,127.46,127.47,95897
2026-06-26T16:38:00Z,127.47,127.48,127.46,127.46,181922
2026-06-26T16:39:00Z,127.46,127.48,127.45,127.47,84615
2026-06-26T16:40:00Z,127.47,127.51,127.47,127.49,118461
2026-06-26T16:41:00Z,127.49,127.51,127.46,127.47,86025
2026-06-26T16:42:00Z,127.47,127.49,127.45,127.48,102948
2026-06-26T16:43:00Z,127.48,127.48,127.44,127.46,83204
2026-06-26T16:44:00Z,127.46,127.51,127.44,127.50,156537
2026-06-26T16:45:00Z,127.50,127.52,127.47,127.47,136794
2026-06-26T16:46:00Z,127.47,127.50,127.45,127.49,109999
2026-06-26T16:47:00Z,127.49,127.49,127.47,127.47,88845
2026-06-26T16:48:00Z,127.47,127.49,127.45,127.48,77563
2026-06-26T16:49:00Z,127.48,127.48,127.47,127.47,77563
2026-06-26T16:50:00Z,127.47,127.49,127.45,127.45,167819
2026-06-26T16:51:00Z,127.45,127.48,127.43,127.48,141025
2026-06-26T16:52:00Z,127.48,127.49,127.47,127.49,201665
2026-06-26T16:53:00Z,127.49,127.51,127.47,127.48,117050
2026-06-26T16:54:00Z,127.48,127.52,127.47,127.52,150896
2026-06-26T16:55:00Z,127.52,127.53,127.47,127.47,143845
2026-06-26T16:56:00Z,127.47,127.50,127.46,127.49,118461
2026-06-26T16:57:00Z,127.49,127.51,127.46,127.48,148076
2026-06-26T16:58:00Z,127.48,127.50,127.45,127.45,131153
2026-06-26T16:59:00Z,127.45,127.47,127.43,127.46,186153
2026-06-26T17:00:00Z,127.46,127.48,127.44,127.48,90256
2026-06-26T17:01:00Z,127.48,127.50,127.47,127.49,203076
2026-06-26T17:02:00Z,127.49,127.50,127.44,127.44,155127
2026-06-26T17:03:00Z,127.44,127.48,127.43,127.48,150896
2026-06-26T17:04:00Z,127.48,127.51,127.48,127.51,80384
2026-06-26T17:05:00Z,127.51,127.53,127.49,127.49,186153
2026-06-26T17:06:00Z,127.49,127.50,127.47,127.47,198845
2026-06-26T17:07:00Z,127.47,127.48,127.40,127.42,78974
2026-06-26T17:08:00Z,127.42,127.44,127.42,127.44,93076
2026-06-26T17:09:00Z,127.44,127.48,127.43,127.48,145255
2026-06-26T17:10:00Z,127.48,127.52,127.46,127.50,95897
2026-06-26T17:11:00Z,127.50,127.53,127.50,127.52,208717
2026-06-26T17:12:00Z,127.52,127.52,127.51,127.51,167819
2026-06-26T17:13:00Z,127.51,127.55,127.50,127.53,197435
2026-06-26T17:14:00Z,127.53,127.54,127.50,127.52,205896
2026-06-26T17:15:00Z,127.52,127.52,127.49,127.49,74743
2026-06-26T17:16:00Z,127.49,127.54,127.47,127.52,78974
2026-06-26T17:17:00Z,127.52,127.53,127.52,127.53,205896
2026-06-26T17:18:00Z,127.53,127.56,127.52,127.56,124102
2026-06-26T17:19:00Z,127.56,127.56,127.53,127.55,204486
2026-06-26T17:20:00Z,127.55,127.55,127.51,127.52,191794
2026-06-26T17:21:00Z,127.52,127.52,127.50,127.51,101538
2026-06-26T17:22:00Z,127.51,127.56,127.49,127.55,210127
2026-06-26T17:23:00Z,127.55,127.60,127.53,127.58,131153
2026-06-26T17:24:00Z,127.58,127.59,127.56,127.57,191794
2026-06-26T17:25:00Z,127.57,127.58,127.56,127.58,141025
2026-06-26T17:26:00Z,127.58,127.62,127.57,127.61,78974
2026-06-26T17:27:00Z,127.61,127.64,127.61,127.62,188973
2026-06-26T17:28:00Z,127.62,127.64,127.61,127.63,84615
2026-06-26T17:29:00Z,127.63,127.66,127.61,127.65,170640
2026-06-26T17:30:00Z,127.65,127.67,127.63,127.66,100127
2026-06-26T17:31:00Z,127.66,127.69,127.66,127.67,73333
2026-06-26T17:32:00Z,127.67,127.68,127.65,127.68,87435
2026-06-26T17:33:00Z,127.68,127.72,127.67,127.70,150896
2026-06-26T17:34:00Z,127.70,127.70,127.69,127.70,112820
2026-06-26T17:35:00Z,127.70,127.71,127.64,127.65,88845
2026-06-26T17:36:00Z,127.65,127.68,127.64,127.67,125512
2026-06-26T17:37:00Z,127.67,127.72,127.67,127.70,164999
2026-06-26T17:38:00Z,127.70,127.72,127.69,127.71,136794
2026-06-26T17:39:00Z,127.71,127.71,127.68,127.70,204486
2026-06-26T17:40:00Z,127.70,127.70,127.67,127.67,87435
2026-06-26T17:41:00Z,127.67,127.67,127.63,127.65,155127
2026-06-26T17:42:00Z,127.65,127.66,127.64,127.66,70512
2026-06-26T17:43:00Z,127.66,127.68,127.64,127.68,101538
2026-06-26T17:44:00Z,127.68,127.70,127.66,127.66,179101
2026-06-26T17:45:00Z,127.66,127.70,127.66,127.69,179101
2026-06-26T17:46:00Z,127.69,127.73,127.67,127.72,87435
2026-06-26T17:47:00Z,127.72,127.76,127.70,127.74,70512
2026-06-26T17:48:00Z,127.74,127.78,127.73,127.76,111409
2026-06-26T17:49:00Z,127.76,127.79,127.75,127.79,166409
2026-06-26T17:50:00Z,127.79,127.83,127.77,127.81,77563
2026-06-26T17:51:00Z,127.81,127.84,127.80,127.84,83204
2026-06-26T17:52:00Z,127.84,127.87,127.84,127.85,136794
2026-06-26T17:53:00Z,127.85,127.87,127.83,127.86,155127
2026-06-26T17:54:00Z,127.86,127.88,127.82,127.83,97307
2026-06-26T17:55:00Z,127.83,127.86,127.83,127.86,73333
2026-06-26T17:56:00Z,127.86,127.88,127.82,127.84,133973
2026-06-26T17:57:00Z,127.84,127.87,127.83,127.87,73333
2026-06-26T17:58:00Z,127.87,127.87,127.84,127.84,160768
2026-06-26T17:59:00Z,127.84,127.87,127.84,127.85,177691
2026-06-26T18:00:00Z,127.85,127.85,127.81,127.83,183332
2026-06-26T18:01:00Z,127.83,127.85,127.82,127.82,170640
2026-06-26T18:02:00Z,127.82,127.84,127.82,127.83,166409
2026-06-26T18:03:00Z,127.83,127.85,127.79,127.81,184742
2026-06-26T18:04:00Z,127.81,127.81,127.81,127.81,108589
2026-06-26T18:05:00Z,127.81,127.83,127.78,127.80,105768
2026-06-26T18:06:00Z,127.80,127.82,127.79,127.80,155127
2026-06-26T18:07:00Z,127.80,127.81,127.73,127.75,88845
2026-06-26T18:08:00Z,127.75,127.77,127.71,127.72,208717
2026-06-26T18:09:00Z,127.72,127.76,127.70,127.75,149486
2026-06-26T18:10:00Z,127.75,127.76,127.75,127.76,125512
2026-06-26T18:11:00Z,127.76,127.78,127.72,127.73,176281
2026-06-26T18:12:00Z,127.73,127.75,127.71,127.73,115640
2026-06-26T18:13:00Z,127.73,127.75,127.72,127.72,164999
2026-06-26T18:14:00Z,127.72,127.72,127.68,127.70,179101
2026-06-26T18:15:00Z,127.70,127.75,127.68,127.73,117050
2026-06-26T18:16:00Z,127.73,127.73,127.70,127.71,160768
2026-06-26T18:17:00Z,127.71,127.72,127.69,127.72,188973
2026-06-26T18:18:00Z,127.72,127.73,127.71,127.72,90256
2026-06-26T18:19:00Z,127.72,127.74,127.71,127.71,162178
2026-06-26T18:20:00Z,127.71,127.73,127.69,127.72,162178
2026-06-26T18:21:00Z,127.72,127.74,127.70,127.73,115640
2026-06-26T18:22:00Z,127.73,127.73,127.68,127.70,111409
2026-06-26T18:23:00Z,127.70,127.70,127.67,127.69,152307
2026-06-26T18:24:00Z,127.69,127.70,127.67,127.69,98717
2026-06-26T18:25:00Z,127.69,127.72,127.69,127.71,145255
2026-06-26T18:26:00Z,127.71,127.72,127.69,127.71,184742
2026-06-26T18:27:00Z,127.71,127.73,127.70,127.70,105768
2026-06-26T18:28:00Z,127.70,127.72,127.69,127.72,109999
2026-06-26T18:29:00Z,127.72,127.77,127.71,127.76,95897
2026-06-26T18:30:00Z,127.76,127.78,127.76,127.76,98717
2026-06-26T18:31:00Z,127.76,127.78,127.71,127.73,111409
2026-06-26T18:32:00Z,127.73,127.74,127.72,127.73,80384
2026-06-26T18:33:00Z,127.73,127.74,127.68,127.69,70512
2026-06-26T18:34:00Z,127.69,127.70,127.67,127.70,180512
2026-06-26T18:35:00Z,127.70,127.71,127.70,127.70,167819
2026-06-26T18:36:00Z,127.70,127.72,127.69,127.71,181922
2026-06-26T18:37:00Z,127.71,127.72,127.67,127.68,162178
2026-06-26T18:38:00Z,127.68,127.69,127.67,127.68,203076
2026-06-26T18:39:00Z,127.68,127.69,127.66,127.69,194614
2026-06-26T18:40:00Z,127.69,127.71,127.68,127.70,97307
2026-06-26T18:41:00Z,127.70,127.72,127.68,127.71,191794
2026-06-26T18:42:00Z,127.71,127.73,127.70,127.73,153717
2026-06-26T18:43:00Z,127.73,127.74,127.71,127.71,86025
2026-06-26T18:44:00Z,127.71,127.71,127.70,127.70,176281
2026-06-26T18:45:00Z,127.70,127.73,127.68,127.72,107179
2026-06-26T18:46:00Z,127.72,127.73,127.70,127.70,169230
2026-06-26T18:47:00Z,127.70,127.71,127.69,127.71,210127
2026-06-26T18:48:00Z,127.71,127.73,127.69,127.71,71922
2026-06-26T18:49:00Z,127.71,127.75,127.69,127.73,91666
2026-06-26T18:50:00Z,127.73,127.75,127.73,127.74,141025
2026-06-26T18:51:00Z,127.74,127.76,127.72,127.74,201665
2026-06-26T18:52:00Z,127.74,127.75,127.71,127.72,170640
2026-06-26T18:53:00Z,127.72,127.73,127.71,127.72,196024
2026-06-26T18:54:00Z,127.72,127.73,127.72,127.73,180512
2026-06-26T18:55:00Z,127.73,127.75,127.71,127.75,153717
2026-06-26T18:56:00Z,127.75,127.75,127.73,127.73,105768
2026-06-26T18:57:00Z,127.73,127.73,127.70,127.71,88845
2026-06-26T18:58:00Z,127.71,127.74,127.70,127.72,197435
2026-06-26T18:59:00Z,127.72,127.75,127.70,127.74,148076
2026-06-26T19:00:00Z,127.74,127.74,127.66,127.68,149486
2026-06-26T19:01:00Z,127.68,127.70,127.66,127.68,186153
2026-06-26T19:02:00Z,127.68,127.68,127.63,127.64,94486
2026-06-26T19:03:00Z,127.64,127.68,127.62,127.66,162178
2026-06-26T19:04:00Z,127.66,127.67,127.62,127.62,183332
2026-06-26T19:05:00Z,127.62,127.63,127.59,127.59,159358
2026-06-26T19:06:00Z,127.59,127.59,127.56,127.57,196024
2026-06-26T19:07:00Z,127.57,127.57,127.57,127.57,155127
2026-06-26T19:08:00Z,127.57,127.58,127.53,127.54,77563
2026-06-26T19:09:00Z,127.54,127.57,127.53,127.56,93076
2026-06-26T19:10:00Z,127.56,127.56,127.54,127.54,172050
2026-06-26T19:11:00Z,127.54,127.56,127.49,127.51,73333
2026-06-26T19:12:00Z,127.51,127.51,127.49,127.49,141025
2026-06-26T19:13:00Z,127.49,127.49,127.47,127.49,180512
2026-06-26T19:14:00Z,127.49,127.54,127.48,127.53,152307
2026-06-26T19:15:00Z,127.53,127.55,127.52,127.55,84615
2026-06-26T19:16:00Z,127.55,127.59,127.53,127.58,73333
2026-06-26T19:17:00Z,127.58,127.65,127.56,127.63,115640
2026-06-26T19:18:00Z,127.63,127.65,127.61,127.65,90256
2026-06-26T19:19:00Z,127.65,127.67,127.63,127.66,129743
2026-06-26T19:20:00Z,127.66,127.66,127.61,127.63,102948
2026-06-26T19:21:00Z,127.63,127.63,127.63,127.63,132563
2026-06-26T19:22:00Z,127.63,127.63,127.60,127.61,132563
2026-06-26T19:23:00Z,127.61,127.63,127.61,127.61,152307
2026-06-26T19:24:00Z,127.61,127.65,127.60,127.64,170640
2026-06-26T19:25:00Z,127.64,127.66,127.64,127.64,198845
2026-06-26T19:26:00Z,127.64,127.67,127.64,127.65,145255
2026-06-26T19:27:00Z,127.65,127.66,127.61,127.63,210127
2026-06-26T19:28:00Z,127.63,127.64,127.59,127.60,129743
2026-06-26T19:29:00Z,127.60,127.63,127.59,127.61,118461
2026-06-26T19:30:00Z,127.61,127.64,127.61,127.63,81794
2026-06-26T19:31:00Z,127.63,127.68,127.63,127.68,142435
2026-06-26T19:32:00Z,127.68,127.69,127.64,127.66,181922
2026-06-26T19:33:00Z,127.66,127.66,127.64,127.66,95897
2026-06-26T19:34:00Z,127.66,127.69,127.64,127.67,84615
2026-06-26T19:35:00Z,127.67,127.72,127.65,127.70,180512
2026-06-26T19:36:00Z,127.70,127.70,127.68,127.69,119871
2026-06-26T19:37:00Z,127.69,127.73,127.68,127.73,204486
2026-06-26T19:38:00Z,127.73,127.73,127.72,127.72,183332
2026-06-26T19:39:00Z,127.72,127.75,127.72,127.74,193204
2026-06-26T19:40:00Z,127.74,127.76,127.73,127.73,201665
2026-06-26T19:41:00Z,127.73,127.74,127.73,127.73,196024
2026-06-26T19:42:00Z,127.73,127.75,127.71,127.72,78974
2026-06-26T19:43:00Z,127.72,127.73,127.70,127.70,203076
2026-06-26T19:44:00Z,127.70,127.70,127.68,127.70,177691
2026-06-26T19:45:00Z,127.70,127.74,127.68,127.72,211537
2026-06-26T19:46:00Z,127.72,127.72,127.68,127.70,81794
2026-06-26T19:47:00Z,127.70,127.72,127.70,127.71,77563
2026-06-26T19:48:00Z,127.71,127.71,127.69,127.71,172050
2026-06-26T19:49:00Z,127.71,127.74,127.70,127.74,86025
2026-06-26T19:50:00Z,127.74,127.76,127.73,127.73,132563
2026-06-26T19:51:00Z,127.73,127.76,127.72,127.75,125512
2026-06-26T19:52:00Z,127.75,127.78,127.74,127.77,125512
2026-06-26T19:53:00Z,127.77,127.78,127.75,127.76,181922
2026-06-26T19:54:00Z,127.76,127.78,127.75,127.76,112820
2026-06-26T19:55:00Z,127.76,127.76,127.74,127.74,184742
2026-06-26T19:56:00Z,127.74,127.77,127.73,127.77,205896
2026-06-26T19:57:00Z,127.77,127.81,127.75,127.79,148076
2026-06-26T19:58:00Z,127.79,127.86,127.79,127.84,84615
2026-06-26T19:59:00Z,127.84,127.86,127.81,127.82,186153
