open_time_utc,open,high,low,close,volume
2026-06-22T13:30:00Z,93.39,93.39,93.38,93.38,84102
2026-06-22T13:31:00Z,93.38,93.38,93.38,93.38,110769
2026-06-22T13:32:00Z,93.38,93.38,93.37,93.37,52307
2026-06-22T13:33:00Z,93.37,93.37,93.35,93.36,127179
2026-06-22T13:34:00Z,93.36,93.37,93.36,93.36,129230
2026-06-22T13:35:00Z,93.36,93.37,93.33,93.33,74871
2026-06-22T13:36:00Z,93.33,93.33,93.32,93.32,126153
2026-06-22T13:37:00Z,93.32,93.35,93.32,93.34,94358
2026-06-22T13:38:00Z,93.34,93.34,93.33,93.33,148717
2026-06-22T13:39:00Z,93.33,93.34,93.33,93.33,129230
2026-06-22T13:40:00Z,93.33,93.34,93.33,93.34,107692
2026-06-22T13:41:00Z,93.34,93.34,93.34,93.34,149743
2026-06-22T13:42:00Z,93.34,93.35,93.34,93.34,130256
2026-06-22T13:43:00Z,93.34,93.34,93.34,93.34,135384
2026-06-22T13:44:00Z,93.34,93.34,93.34,93.34,118974
2026-06-22T13:45:00Z,93.34,93.35,93.33,93.33,97435
2026-06-22T13:46:00Z,93.33,93.33,93.30,93.31,107692
2026-06-22T13:47:00Z,93.31,93.31,93.29,93.29,79999
2026-06-22T13:48:00Z,93.29,93.32,93.28,93.32,85128
2026-06-22T13:49:00Z,93.32,93.32,93.29,93.30,64615
2026-06-22T13:50:00Z,93.30,93.30,93.30,93.30,72820
2026-06-22T13:51:00Z,93.30,93.31,93.30,93.30,65640
2026-06-22T13:52:00Z,93.30,93.31,93.27,93.27,98461
2026-06-22T13:53:00Z,93.27,93.28,93.25,93.26,111794
2026-06-22T13:54:00Z,93.26,93.27,93.26,93.27,52307
2026-06-22T13:55:00Z,93.27,93.28,93.26,93.26,115897
2026-06-22T13:56:00Z,93.26,93.27,93.26,93.26,147692
2026-06-22T13:57:00Z,93.26,93.28,93.25,93.27,110769
2026-06-22T13:58:00Z,93.27,93.27,93.26,93.26,148717
2026-06-22T13:59:00Z,93.26,93.27,93.26,93.26,99487
2026-06-22T14:00:00Z,93.26,93.27,93.26,93.26,67692
2026-06-22T14:01:00Z,93.26,93.27,93.26,93.26,99487
2026-06-22T14:02:00Z,93.26,93.27,93.25,93.25,127179
2026-06-22T14:03:00Z,93.25,93.26,93.24,93.24,64615
2026-06-22T14:04:00Z,93.24,93.25,93.23,93.23,142563
2026-06-22T14:05:00Z,93.23,93.23,93.21,93.21,91281
2026-06-22T14:06:00Z,93.21,93.21,93.20,93.21,138461
2026-06-22T14:07:00Z,93.21,93.23,93.21,93.22,113846
2026-06-22T14:08:00Z,93.22,93.22,93.20,93.21,95384
2026-06-22T14:09:00Z,93.21,93.22,93.20,93.21,97435
2026-06-22T14:10:00Z,93.21,93.21,93.19,93.20,147692
2026-06-22T14:11:00Z,93.20,93.21,93.19,93.19,135384
2026-06-22T14:12:00Z,93.19,93.19,93.18,93.18,53333
2026-06-22T14:13:00Z,93.18,93.18,93.17,93.18,140512
2026-06-22T14:14:00Z,93.18,93.19,93.17,93.19,151794
2026-06-22T14:15:00Z,93.19,93.19,93.17,93.18,129230
2026-06-22T14:16:00Z,93.18,93.18,93.18,93.18,97435
2026-06-22T14:17:00Z,93.18,93.19,93.18,93.19,89230
2026-06-22T14:18:00Z,93.19,93.19,93.16,93.16,79999
2026-06-22T14:19:00Z,93.16,93.16,93.15,93.16,118974
2026-06-22T14:20:00Z,93.16,93.16,93.15,93.16,141538
2026-06-22T14:21:00Z,93.16,93.18,93.15,93.17,117948
2026-06-22T14:22:00Z,93.17,93.18,93.17,93.17,121025
2026-06-22T14:23:00Z,93.17,93.18,93.17,93.17,116922
2026-06-22T14:24:00Z,93.17,93.18,93.17,93.18,89230
2026-06-22T14:25:00Z,93.18,93.19,93.18,93.19,123076
2026-06-22T14:26:00Z,93.19,93.20,93.17,93.17,56410
2026-06-22T14:27:00Z,93.17,93.17,93.17,93.17,101538
2026-06-22T14:28:00Z,93.17,93.17,93.15,93.15,70769
2026-06-22T14:29:00Z,93.15,93.16,93.14,93.16,65640
2026-06-22T14:30:00Z,93.16,93.17,93.13,93.13,111794
2026-06-22T14:31:00Z,93.13,93.14,93.12,93.12,139487
2026-06-22T14:32:00Z,93.12,93.12,93.12,93.12,144615
2026-06-22T14:33:00Z,93.12,93.12,93.11,93.12,151794
2026-06-22T14:34:00Z,93.12,93.13,93.12,93.13,131281
2026-06-22T14:35:00Z,93.13,93.14,93.12,93.12,104615
2026-06-22T14:36:00Z,93.12,93.13,93.12,93.13,90256
2026-06-22T14:37:00Z,93.13,93.14,93.12,93.13,110769
2026-06-22T14:38:00Z,93.13,93.13,93.12,93.13,66666
2026-06-22T14:39:00Z,93.13,93.14,93.13,93.14,83076
2026-06-22T14:40:00Z,93.14,93.14,93.14,93.14,83076
2026-06-22T14:41:00Z,93.14,93.14,93.13,93.13,109743
2026-06-22T14:42:00Z,93.13,93.13,93.10,93.11,118974
2026-06-22T14:43:00Z,93.11,93.11,93.11,93.11,114871
2026-06-22T14:44:00Z,93.11,93.11,93.10,93.11,54358
2026-06-22T14:45:00Z,93.11,93.11,93.10,93.10,100512
2026-06-22T14:46:00Z,93.10,93.12,93.10,93.12,118974
2026-06-22T14:47:00Z,93.12,93.15,93.12,93.14,84102
2026-06-22T14:48:00Z,93.14,93.14,93.11,93.12,72820
2026-06-22T14:49:00Z,93.12,93.13,93.11,93.11,84102
2026-06-22T14:50:00Z,93.11,93.11,93.10,93.11,118974
2026-06-22T14:51:00Z,93.11,93.13,93.10,93.13,134358
2026-06-22T14:52:00Z,93.13,93.13,93.13,93.13,143589
2026-06-22T14:53:00Z,93.13,93.13,93.13,93.13,93333
2026-06-22T14:54:00Z,93.13,93.14,93.13,93.14,99487
2026-06-22T14:55:00Z,93.14,93.16,93.13,93.15,78974
2026-06-22T14:56:00Z,93.15,93.15,93.14,93.14,53333
2026-06-22T14:57:00Z,93.14,93.16,93.13,93.15,134358
2026-06-22T14:58:00Z,93.15,93.15,93.15,93.15,79999
2026-06-22T14:59:00Z,93.15,93.15,93.14,93.14,81025
2026-06-22T15:00:00Z,93.14,93.15,93.14,93.15,152820
2026-06-22T15:01:00Z,93.15,93.15,93.14,93.15,108717
2026-06-22T15:02:00Z,93.15,93.16,93.14,93.15,118974
2026-06-22T15:03:00Z,93.15,93.15,93.14,93.14,69743
2026-06-22T15:04:00Z,93.14,93.15,93.13,93.13,52307
2026-06-22T15:05:00Z,93.13,93.13,93.11,93.12,93333
2026-06-22T15:06:00Z,93.12,93.13,93.12,93.12,111794
2026-06-22T15:07:00Z,93.12,93.13,93.12,93.12,56410
2026-06-22T15:08:00Z,93.12,93.12,93.11,93.12,149743
2026-06-22T15:09:00Z,93.12,93.12,93.07,93.08,99487
2026-06-22T15:10:00Z,93.08,93.08,93.07,93.07,97435
2026-06-22T15:11:00Z,93.07,93.07,93.03,93.04,70769
2026-06-22T15:12:00Z,93.04,93.04,93.02,93.03,109743
2026-06-22T15:13:00Z,93.03,93.05,93.02,93.04,72820
2026-06-22T15:14:00Z,93.04,93.04,93.03,93.03,131281
2026-06-22T15:15:00Z,93.03,93.03,93.02,93.02,115897
2026-06-22T15:16:00Z,93.02,93.03,93.02,93.03,151794
2026-06-22T15:17:00Z,93.03,93.04,93.02,93.04,118974
2026-06-22T15:18:00Z,93.04,93.04,93.03,93.03,144615
2026-06-22T15:19:00Z,93.03,93.04,93.02,93.02,66666
2026-06-22T15:20:00Z,93.02,93.03,93.00,93.01,121025
2026-06-22T15:21:00Z,93.01,93.03,93.01,93.02,136410
2026-06-22T15:22:00Z,93.02,93.03,93.02,93.02,84102
2026-06-22T15:23:00Z,93.02,93.06,93.02,93.05,102564
2026-06-22T15:24:00Z,93.05,93.05,93.05,93.05,140512
2026-06-22T15:25:00Z,93.05,93.05,93.05,93.05,135384
2026-06-22T15:26:00Z,93.05,93.05,93.05,93.05,141538
2026-06-22T15:27:00Z,93.05,93.06,93.03,93.04,128205
2026-06-22T15:28:00Z,93.04,93.06,93.04,93.06,66666
2026-06-22T15:29:00Z,93.06,93.08,93.06,93.07,110769
2026-06-22T15:30:00Z,93.07,93.08,93.06,93.06,56410
2026-06-22T15:31:00Z,93.06,93.06,93.05,93.05,118974
2026-06-22T15:32:00Z,93.05,93.05,93.04,93.04,53333
2026-06-22T15:33:00Z,93.04,93.05,93.04,93.04,109743
2026-06-22T15:34:00Z,93.04,93.05,93.02,93.03,106666
2026-06-22T15:35:00Z,93.03,93.04,93.01,93.01,51282
2026-06-22T15:36:00Z,93.01,93.04,93.00,93.03,151794
2026-06-22T15:37:00Z,93.03,93.03,93.03,93.03,108717
2026-06-22T15:38:00Z,93.03,93.03,93.02,93.03,66666
2026-06-22T15:39:00Z,93.03,93.03,93.03,93.03,63589
2026-06-22T15:40:00Z,93.03,93.03,93.00,93.00,103589
2026-06-22T15:41:00Z,93.00,93.01,93.00,93.00,153846
2026-06-22T15:42:00Z,93.00,93.01,93.00,93.00,90256
2026-06-22T15:43:00Z,93.00,93.00,93.00,93.00,68717
2026-06-22T15:44:00Z,93.00,93.00,93.00,93.00,127179
2026-06-22T15:45:00Z,93.00,93.00,92.99,93.00,122051
2026-06-22T15:46:00Z,93.00,93.00,93.00,93.00,54358
2026-06-22T15:47:00Z,93.00,93.00,93.00,93.00,112820
2026-06-22T15:48:00Z,93.00,93.01,92.99,93.01,145640
2026-06-22T15:49:00Z,93.01,93.02,93.00,93.00,92307
2026-06-22T15:50:00Z,93.00,93.02,93.00,93.02,128205
2026-06-22T15:51:00Z,93.02,93.02,93.00,93.00,138461
2026-06-22T15:52:00Z,93.00,93.00,92.98,92.99,77948
2026-06-22T15:53:00Z,92.99,92.99,92.98,92.99,114871
2026-06-22T15:54:00Z,92.99,93.00,92.99,93.00,136410
2026-06-22T15:55:00Z,93.00,93.01,92.98,92.99,63589
2026-06-22T15:56:00Z,92.99,93.00,92.98,92.98,74871
2026-06-22T15:57:00Z,92.98,92.99,92.97,92.97,95384
2026-06-22T15:58:00Z,92.97,93.00,92.97,92.99,83076
2026-06-22T15:59:00Z,92.99,93.00,92.98,92.99,64615
2026-06-22T16:00:00Z,92.99,92.99,92.98,92.99,88205
2026-06-22T16:01:00Z,92.99,92.99,92.97,92.98,93333
2026-06-22T16:02:00Z,92.98,92.99,92.98,92.98,60512
2026-06-22T16:03:00Z,92.98,92.98,92.98,92.98,117948
2026-06-22T16:04:00Z,92.98,92.98,92.97,92.97,110769
2026-06-22T16:05:00Z,92.97,92.97,92.97,92.97,118974
2026-06-22T16:06:00Z,92.97,92.99,92.97,92.99,101538
2026-06-22T16:07:00Z,92.99,92.99,92.97,92.97,140512
2026-06-22T16:08:00Z,92.97,92.98,92.97,92.98,106666
2026-06-22T16:09:00Z,92.98,92.98,92.98,92.98,107692
2026-06-22T16:10:00Z,92.98,92.98,92.98,92.98,75897
2026-06-22T16:11:00Z,92.98,92.98,92.98,92.98,92307
2026-06-22T16:12:00Z,92.98,92.99,92.98,92.98,150769
2026-06-22T16:13:00Z,92.98,92.98,92.98,92.98,127179
2026-06-22T16:14:00Z,92.98,92.98,92.97,92.97,52307
2026-06-22T16:15:00Z,92.97,92.97,92.94,92.95,111794
2026-06-22T16:16:00Z,92.95,92.97,92.95,92.96,151794
2026-06-22T16:17:00Z,92.96,92.99,92.96,92.98,113846
2026-06-22T16:18:00Z,92.98,92.98,92.96,92.96,57435
2026-06-22T16:19:00Z,92.96,92.98,92.95,92.98,54358
2026-06-22T16:20:00Z,92.98,92.99,92.95,92.95,102564
2026-06-22T16:21:00Z,92.95,92.95,92.95,92.95,144615
2026-06-22T16:22:00Z,92.95,92.95,92.95,92.95,70769
2026-06-22T16:23:00Z,92.95,92.96,92.95,92.96,132307
2026-06-22T16:24:00Z,92.96,92.96,92.94,92.95,129230
2026-06-22T16:25:00Z,92.95,92.95,92.92,92.93,110769
2026-06-22T16:26:00Z,92.93,92.93,92.92,92.93,114871
2026-06-22T16:27:00Z,92.93,92.93,92.93,92.93,132307
2026-06-22T16:28:00Z,92.93,92.95,92.93,92.95,123076
2026-06-22T16:29:00Z,92.95,92.95,92.93,92.93,144615
2026-06-22T16:30:00Z,92.93,92.93,92.93,92.93,150769
2026-06-22T16:31:00Z,92.93,92.94,92.93,92.94,76923
2026-06-22T16:32:00Z,92.94,92.94,92.91,92.91,90256
2026-06-22T16:33:00Z,92.91,92.91,92.88,92.89,108717
2026-06-22T16:34:00Z,92.89,92.91,92.89,92.91,98461
2026-06-22T16:35:00Z,92.91,92.91,92.88,92.88,83076
2026-06-22T16:36:00Z,92.88,92.90,92.88,92.89,74871
2026-06-22T16:37:00Z,92.89,92.89,92.87,92.87,135384
2026-06-22T16:38:00Z,92.87,92.87,92.87,92.87,72820
2026-06-22T16:39:00Z,92.87,92.88,92.87,92.88,67692
2026-06-22T16:40:00Z,92.88,92.89,92.87,92.88,132307
2026-06-22T16:41:00Z,92.88,92.89,92.87,92.89,104615
2026-06-22T16:42:00Z,92.89,92.89,92.89,92.89,113846
2026-06-22T16:43:00Z,92.89,92.89,92.85,92.86,73846
2026-06-22T16:44:00Z,92.86,92.86,92.86,92.86,115897
2026-06-22T16:45:00Z,92.86,92.86,92.85,92.86,107692
2026-06-22T16:46:00Z,92.86,92.86,92.86,92.86,145640
2026-06-22T16:47:00Z,92.86,92.88,92.86,92.87,115897
2026-06-22T16:48:00Z,92.87,92.87,92.87,92.87,113846
2026-06-22T16:49:00Z,92.87,92.87,92.86,92.86,110769
2026-06-22T16:50:00Z,92.86,92.86,92.85,92.85,152820
2026-06-22T16:51:00Z,92.85,92.85,92.84,92.85,137435
2026-06-22T16:52:00Z,92.85,92.85,92.81,92.82,139487
2026-06-22T16:53:00Z,92.82,92.83,92.81,92.81,58461
2026-06-22T16:54:00Z,92.81,92.81,92.78,92.79,124102
2026-06-22T16:55:00Z,92.79,92.79,92.77,92.77,61538
2026-06-22T16:56:00Z,92.77,92.78,92.76,92.78,74871
2026-06-22T16:57:00Z,92.78,92.78,92.78,92.78,128205
2026-06-22T16:58:00Z,92.78,92.78,92.75,92.75,59487
2026-06-22T16:59:00Z,92.75,92.76,92.73,92.74,55384
2026-06-22T17:00:00Z,92.74,92.74,92.73,92.74,88205
2026-06-22T17:01:00Z,92.74,92.74,92.74,92.74,73846
2026-06-22T17:02:00Z,92.74,92.75,92.73,92.74,95384
2026-06-22T17:03:00Z,92.74,92.75,92.74,92.74,64615
2026-06-22T17:04:00Z,92.74,92.74,92.73,92.73,69743
2026-06-22T17:05:00Z,92.73,92.73,92.70,92.71,132307
2026-06-22T17:06:00Z,92.71,92.74,92.71,92.73,130256
2026-06-22T17:07:00Z,92.73,92.74,92.73,92.74,153846
2026-06-22T17:08:00Z,92.74,92.74,92.71,92.71,153846
2026-06-22T17:09:00Z,92.71,92.72,92.71,92.72,124102
2026-06-22T17:10:00Z,92.72,92.74,92.72,92.73,62564
2026-06-22T17:11:00Z,92.73,92.73,92.73,92.73,86153
2026-06-22T17:12:00Z,92.73,92.74,92.73,92.73,119999
2026-06-22T17:13:00Z,92.73,92.75,92.73,92.74,119999
2026-06-22T17:14:00Z,92.74,92.74,92.72,92.73,96410
2026-06-22T17:15:00Z,92.73,92.74,92.73,92.74,131281
2026-06-22T17:16:00Z,92.74,92.75,92.73,92.73,143589
2026-06-22T17:17:00Z,92.73,92.73,92.73,92.73,135384
2026-06-22T17:18:00Z,92.73,92.73,92.73,92.73,132307
2026-06-22T17:19:00Z,92.73,92.77,92.73,92.76,77948
2026-06-22T17:20:00Z,92.76,92.77,92.76,92.76,103589
2026-06-22T17:21:00Z,92.76,92.76,92.76,92.76,147692
2026-06-22T17:22:00Z,92.76,92.76,92.76,92.76,149743
2026-06-22T17:23:00Z,92.76,92.77,92.75,92.77,70769
2026-06-22T17:24:00Z,92.77,92.78,92.74,92.75,145640
2026-06-22T17:25:00Z,92.75,92.77,92.74,92.76,126153
2026-06-22T17:26:00Z,92.76,92.76,92.75,92.76,140512
2026-06-22T17:27:00Z,92.76,92.76,92.73,92.73,57435
2026-06-22T17:28:00Z,92.73,92.73,92.73,92.73,137435
2026-06-22T17:29:00Z,92.73,92.74,92.72,92.74,92307
2026-06-22T17:30:00Z,92.74,92.74,92.74,92.74,122051
2026-06-22T17:31:00Z,92.74,92.75,92.73,92.75,84102
2026-06-22T17:32:00Z,92.75,92.75,92.72,92.72,84102
2026-06-22T17:33:00Z,92.72,92.72,92.68,92.69,66666
2026-06-22T17:34:00Z,92.69,92.70,92.69,92.70,61538
2026-06-22T17:35:00Z,92.70,92.70,92.69,92.69,121025
2026-06-22T17:36:00Z,92.69,92.70,92.68,92.69,68717
2026-06-22T17:37:00Z,92.69,92.70,92.69,92.70,114871
2026-06-22T17:38:00Z,92.70,92.71,92.70,92.71,142563
2026-06-22T17:39:00Z,92.71,92.72,92.70,92.70,84102
2026-06-22T17:40:00Z,92.70,92.70,92.69,92.70,133333
2026-06-22T17:41:00Z,92.70,92.71,92.69,92.71,117948
2026-06-22T17:42:00Z,92.71,92.74,92.71,92.74,56410
2026-06-22T17:43:00Z,92.74,92.74,92.73,92.73,133333
2026-06-22T17:44:00Z,92.73,92.74,92.73,92.73,52307
2026-06-22T17:45:00Z,92.73,92.73,92.73,92.73,138461
2026-06-22T17:46:00Z,92.73,92.74,92.73,92.73,132307
2026-06-22T17:47:00Z,92.73,92.74,92.73,92.74,67692
2026-06-22T17:48:00Z,92.74,92.77,92.74,92.76,109743
2026-06-22T17:49:00Z,92.76,92.76,92.74,92.75,111794
2026-06-22T17:50:00Z,92.75,92.75,92.72,92.72,97435
2026-06-22T17:51:00Z,92.72,92.73,92.72,92.73,84102
2026-06-22T17:52:00Z,92.73,92.73,92.72,92.72,62564
2026-06-22T17:53:00Z,92.72,92.74,92.72,92.74,64615
2026-06-22T17:54:00Z,92.74,92.74,92.74,92.74,87179
2026-06-22T17:55:00Z,92.74,92.74,92.74,92.74,147692
2026-06-22T17:56:00Z,92.74,92.74,92.73,92.73,53333
2026-06-22T17:57:00Z,92.73,92.74,92.72,92.73,112820
2026-06-22T17:58:00Z,92.73,92.74,92.72,92.74,140512
2026-06-22T17:59:00Z,92.74,92.76,92.74,92.75,93333
2026-06-22T18:00:00Z,92.75,92.75,92.75,92.75,146666
2026-06-22T18:01:00Z,92.75,92.78,92.75,92.78,124102
2026-06-22T18:02:00Z,92.78,92.78,92.75,92.76,118974
2026-06-22T18:03:00Z,92.76,92.77,92.75,92.76,137435
2026-06-22T18:04:00Z,92.76,92.78,92.76,92.78,136410
2026-06-22T18:05:00Z,92.78,92.80,92.78,92.79,137435
2026-06-22T18:06:00Z,92.79,92.80,92.79,92.79,58461
2026-06-22T18:07:00Z,92.79,92.82,92.79,92.81,76923
2026-06-22T18:08:00Z,92.81,92.82,92.81,92.82,71794
2026-06-22T18:09:00Z,92.82,92.82,92.82,92.82,115897
2026-06-22T18:10:00Z,92.82,92.82,92.81,92.81,147692
2026-06-22T18:11:00Z,92.81,92.82,92.81,92.81,116922
2026-06-22T18:12:00Z,92.81,92.82,92.81,92.82,123076
2026-06-22T18:13:00Z,92.82,92.82,92.81,92.81,64615
2026-06-22T18:14:00Z,92.81,92.83,92.81,92.82,108717
2026-06-22T18:15:00Z,92.82,92.82,92.80,92.80,129230
2026-06-22T18:16:00Z,92.80,92.81,92.80,92.81,100512
2026-06-22T18:17:00Z,92.81,92.83,92.81,92.83,146666
2026-06-22T18:18:00Z,92.83,92.84,92.82,92.82,75897
2026-06-22T18:19:00Z,92.82,92.83,92.81,92.83,51282
2026-06-22T18:20:00Z,92.83,92.84,92.83,92.83,82051
2026-06-22T18:21:00Z,92.83,92.83,92.81,92.81,94358
2026-06-22T18:22:00Z,92.81,92.82,92.81,92.82,129230
2026-06-22T18:23:00Z,92.82,92.82,92.81,92.82,72820
2026-06-22T18:24:00Z,92.82,92.82,92.80,92.81,145640
2026-06-22T18:25:00Z,92.81,92.84,92.81,92.83,61538
2026-06-22T18:26:00Z,92.83,92.84,92.83,92.84,121025
2026-06-22T18:27:00Z,92.84,92.88,92.84,92.87,107692
2026-06-22T18:28:00Z,92.87,92.88,92.87,92.88,62564
2026-06-22T18:29:00Z,92.88,92.89,92.87,92.89,83076
2026-06-22T18:30:00Z,92.89,92.90,92.87,92.88,121025
2026-06-22T18:31:00Z,92.88,92.90,92.88,92.90,64615
2026-06-22T18:32:00Z,92.90,92.93,92.90,92.92,140512
2026-06-22T18:33:00Z,92.92,92.92,92.92,92.92,69743
2026-06-22T18:34:00Z,92.92,92.92,92.91,92.92,114871
2026-06-22T18:35:00Z,92.92,92.92,92.92,92.92,123076
2026-06-22T18:36:00Z,92.92,92.94,92.91,92.93,104615
2026-06-22T18:37:00Z,92.93,92.93,92.92,92.93,124102
2026-06-22T18:38:00Z,92.93,92.94,92.91,92.91,106666
2026-06-22T18:39:00Z,92.91,92.93,92.91,92.92,90256
2026-06-22T18:40:00Z,92.92,92.93,92.90,92.90,51282
2026-06-22T18:41:00Z,92.90,92.91,92.90,92.90,55384
2026-06-22T18:42:00Z,92.90,92.90,92.90,92.90,150769
2026-06-22T18:43:00Z,92.90,92.91,92.89,92.89,74871
2026-06-22T18:44:00Z,92.89,92.90,92.88,92.88,89230
2026-06-22T18:45:00Z,92.88,92.89,92.86,92.87,74871
2026-06-22T18:46:00Z,92.87,92.88,92.86,92.88,84102
2026-06-22T18:47:00Z,92.88,92.89,92.88,92.88,152820
2026-06-22T18:48:00Z,92.88,92.88,92.88,92.88,123076
2026-06-22T18:49:00Z,92.88,92.89,92.87,92.89,128205
2026-06-22T18:50:00Z,92.89,92.90,92.89,92.89,143589
2026-06-22T18:51:00Z,92.89,92.90,92.89,92.89,110769
2026-06-22T18:52:00Z,92.89,92.89,92.89,92.89,90256
2026-06-22T18:53:00Z,92.89,92.91,92.88,92.91,93333
2026-06-22T18:54:00Z,92.91,92.92,92.91,92.92,92307
2026-06-22T18:55:00Z,92.92,92.92,92.91,92.92,72820
2026-06-22T18:56:00Z,92.92,92.94,92.92,92.93,57435
2026-06-22T18:57:00Z,92.93,92.93,92.92,92.92,90256
2026-06-22T18:58:00Z,92.92,92.92,92.92,92.92,57435
2026-06-22T18:59:00Z,92.92,92.94,92.92,92.93,132307
2026-06-22T19:00:00Z,92.93,92.93,92.93,92.93,79999
2026-06-22T19:01:00Z,92.93,92.94,92.93,92.94,132307
2026-06-22T19:02:00Z,92.94,92.94,92.93,92.93,81025
2026-06-22T19:03:00Z,92.93,92.94,92.93,92.93,58461
2026-06-22T19:04:00Z,92.93,92.94,92.92,92.94,104615
2026-06-22T19:05:00Z,92.94,92.94,92.92,92.93,58461
2026-06-22T19:06:00Z,92.93,92.96,92.92,92.96,131281
2026-06-22T19:07:00Z,92.96,92.96,92.94,92.94,101538
2026-06-22T19:08:00Z,92.94,92.95,92.94,92.94,133333
2026-06-22T19:09:00Z,92.94,92.95,92.94,92.95,90256
2026-06-22T19:10:00Z,92.95,92.95,92.94,92.95,59487
2026-06-22T19:11:00Z,92.95,92.97,92.95,92.96,144615
2026-06-22T19:12:00Z,92.96,92.96,92.96,92.96,97435
2026-06-22T19:13:00Z,92.96,92.99,92.96,92.98,103589
2026-06-22T19:14:00Z,92.98,93.00,92.97,92.99,54358
2026-06-22T19:15:00Z,92.99,92.99,92.99,92.99,65640
2026-06-22T19:16:00Z,92.99,93.00,92.99,93.00,133333
2026-06-22T19:17:00Z,93.00,93.00,92.98,92.98,75897
2026-06-22T19:18:00Z,92.98,92.99,92.97,92.97,142563
2026-06-22T19:19:00Z,92.97,92.97,92.96,92.96,122051
2026-06-22T19:20:00Z,92.96,92.98,92.95,92.97,69743
2026-06-22T19:21:00Z,92.97,92.97,92.95,92.95,115897
2026-06-22T19:22:00Z,92.95,92.96,92.93,92.94,72820
2026-06-22T19:23:00Z,92.94,92.94,92.94,92.94,106666
2026-06-22T19:24:00Z,92.94,92.94,92.93,92.93,59487
2026-06-22T19:25:00Z,92.93,92.93,92.90,92.91,91281
2026-06-22T19:26:00Z,92.91,92.94,92.91,92.93,84102
2026-06-22T19:27:00Z,92.93,92.93,92.91,92.92,111794
2026-06-22T19:28:00Z,92.92,92.94,92.91,92.93,117948
2026-06-22T19:29:00Z,92.93,92.97,92.92,92.97,119999
2026-06-22T19:30:00Z,92.97,92.98,92.95,92.95,116922
2026-06-22T19:31:00Z,92.95,92.95,92.95,92.95,87179
2026-06-22T19:32:00Z,92.95,92.97,92.94,92.96,144615
2026-06-22T19:33:00Z,92.96,92.96,92.96,92.96,128205
2026-06-22T19:34:00Z,92.96,92.97,92.95,92.97,76923
2026-06-22T19:35:00Z,92.97,92.98,92.94,92.95,54358
2026-06-22T19:36:00Z,92.95,92.95,92.94,92.94,135384
2026-06-22T19:37:00Z,92.94,92.95,92.94,92.95,85128
2026-06-22T19:38:00Z,92.95,92.97,92.95,92.97,83076
2026-06-22T19:39:00Z,92.97,92.97,92.97,92.97,128205
2026-06-22T19:40:00Z,92.97,92.97,92.97,92.97,131281
2026-06-22T19:41:00Z,92.97,92.97,92.96,92.97,136410
2026-06-22T19:42:00Z,92.97,92.98,92.97,92.97,115897
2026-06-22T19:43:00Z,92.97,92.98,92.97,92.97,136410
2026-06-22T19:44:00Z,92.97,92.98,92.96,92.98,53333
2026-06-22T19:45:00Z,92.98,92.98,92.98,92.98,152820
2026-06-22T19:46:00Z,92.98,92.98,92.98,92.98,74871
2026-06-22T19:47:00Z,92.98,92.99,92.97,92.99,142563
2026-06-22T19:48:00Z,92.99,92.99,92.99,92.99,100512
2026-06-22T19:49:00Z,92.99,92.99,92.97,92.97,55384
2026-06-22T19:50:00Z,92.97,92.97,92.94,92.95,72820
2026-06-22T19:51:00Z,92.95,92.95,92.92,92.92,96410
2026-06-22T19:52:00Z,92.92,92.92,92.92,92.92,51282
2026-06-22T19:53:00Z,92.92,92.92,92.90,92.91,87179
2026-06-22T19:54:00Z,92.91,92.95,92.91,92.94,61538
2026-06-22T19:55:00Z,92.94,92.95,92.93,92.94,95384
2026-06-22T19:56:00Z,92.94,92.95,92.94,92.94,82051
2026-06-22T19:57:00Z,92.94,92.95,92.91,92.91,150769
2026-06-22T19:58:00Z,92.91,92.92,92.91,92.91,56410
2026-06-22T19:59:00Z,92.91,92.92,92.91,92.92,61538
2026-06-23T13:30:00Z,92.92,92.92,92.91,92.91,143589
2026-06-23T13:31:00Z,92.91,92.92,92.90,92.92,66666
2026-06-23T13:32:00Z,92.92,92.95,92.92,92.95,110769
2026-06-23T13:33:00Z,92.95,92.95,92.95,92.95,73846
2026-06-23T13:34:00Z,92.95,92.99,92.95,92.98,121025
2026-06-23T13:35:00Z,92.98,92.98,92.97,92.97,77948
2026-06-23T13:36:00Z,92.97,92.99,92.96,92.98,126153
2026-06-23T13:37:00Z,92.98,92.99,92.98,92.98,95384
2026-06-23T13:38:00Z,92.98,92.99,92.96,92.97,100512
2026-06-23T13:39:00Z,92.97,92.99,92.97,92.98,137435
2026-06-23T13:40:00Z,92.98,92.99,92.98,92.99,58461
2026-06-23T13:41:00Z,92.99,93.00,92.98,93.00,92307
2026-06-23T13:42:00Z,93.00,93.01,93.00,93.01,104615
2026-06-23T13:43:00Z,93.01,93.02,93.01,93.02,103589
2026-06-23T13:44:00Z,93.02,93.04,93.02,93.03,112820
2026-06-23T13:45:00Z,93.03,93.05,93.03,93.04,147692
2026-06-23T13:46:00Z,93.04,93.06,93.03,93.05,153846
2026-06-23T13:47:00Z,93.05,93.07,93.04,93.06,100512
2026-06-23T13:48:00Z,93.06,93.08,93.05,93.07,89230
2026-06-23T13:49:00Z,93.07,93.10,93.06,93.10,127179
2026-06-23T13:50:00Z,93.10,93.10,93.09,93.09,150769
2026-06-23T13:51:00Z,93.09,93.09,93.09,93.09,79999
2026-06-23T13:52:00Z,93.09,93.09,93.09,93.09,136410
2026-06-23T13:53:00Z,93.09,93.10,93.09,93.10,54358
2026-06-23T13:54:00Z,93.10,93.10,93.08,93.09,68717
2026-06-23T13:55:00Z,93.09,93.09,93.07,93.08,125128
2026-06-23T13:56:00Z,93.08,93.09,93.08,93.09,117948
2026-06-23T13:57:00Z,93.09,93.11,93.09,93.10,130256
2026-06-23T13:58:00Z,93.10,93.14,93.10,93.13,115897
2026-06-23T13:59:00Z,93.13,93.16,93.12,93.15,129230
2026-06-23T14:00:00Z,93.15,93.15,93.15,93.15,78974
2026-06-23T14:01:00Z,93.15,93.16,93.15,93.16,148717
2026-06-23T14:02:00Z,93.16,93.16,93.14,93.15,87179
2026-06-23T14:03:00Z,93.15,93.16,93.15,93.16,79999
2026-06-23T14:04:00Z,93.16,93.18,93.16,93.18,153846
2026-06-23T14:05:00Z,93.18,93.18,93.17,93.17,78974
2026-06-23T14:06:00Z,93.17,93.19,93.17,93.19,59487
2026-06-23T14:07:00Z,93.19,93.19,93.17,93.17,145640
2026-06-23T14:08:00Z,93.17,93.18,93.17,93.18,61538
2026-06-23T14:09:00Z,93.18,93.19,93.17,93.19,60512
2026-06-23T14:10:00Z,93.19,93.20,93.19,93.20,98461
2026-06-23T14:11:00Z,93.20,93.23,93.19,93.22,144615
2026-06-23T14:12:00Z,93.22,93.23,93.22,93.23,55384
2026-06-23T14:13:00Z,93.23,93.25,93.23,93.24,132307
2026-06-23T14:14:00Z,93.24,93.25,93.23,93.25,105640
2026-06-23T14:15:00Z,93.25,93.26,93.25,93.26,151794
2026-06-23T14:16:00Z,93.26,93.26,93.26,93.26,124102
2026-06-23T14:17:00Z,93.26,93.30,93.25,93.29,116922
2026-06-23T14:18:00Z,93.29,93.31,93.28,93.30,125128
2026-06-23T14:19:00Z,93.30,93.30,93.29,93.30,91281
2026-06-23T14:20:00Z,93.30,93.30,93.28,93.29,135384
2026-06-23T14:21:00Z,93.29,93.32,93.29,93.32,53333
2026-06-23T14:22:00Z,93.32,93.35,93.32,93.34,118974
2026-06-23T14:23:00Z,93.34,93.34,93.30,93.31,140512
2026-06-23T14:24:00Z,93.31,93.31,93.29,93.30,142563
2026-06-23T14:25:00Z,93.30,93.30,93.28,93.28,142563
2026-06-23T14:26:00Z,93.28,93.29,93.27,93.29,67692
2026-06-23T14:27:00Z,93.29,93.30,93.29,93.30,71794
2026-06-23T14:28:00Z,93.30,93.31,93.30,93.31,57435
2026-06-23T14:29:00Z,93.31,93.33,93.31,93.33,139487
2026-06-23T14:30:00Z,93.33,93.35,93.32,93.34,103589
2026-06-23T14:31:00Z,93.34,93.35,93.34,93.35,57435
2026-06-23T14:32:00Z,93.35,93.36,93.35,93.36,143589
2026-06-23T14:33:00Z,93.36,93.37,93.36,93.37,63589
2026-06-23T14:34:00Z,93.37,93.37,93.35,93.35,88205
2026-06-23T14:35:00Z,93.35,93.36,93.35,93.36,142563
2026-06-23T14:36:00Z,93.36,93.37,93.35,93.36,115897
2026-06-23T14:37:00Z,93.36,93.39,93.35,93.39,153846
2026-06-23T14:38:00Z,93.39,93.39,93.38,93.39,133333
2026-06-23T14:39:00Z,93.39,93.40,93.39,93.40,99487
2026-06-23T14:40:00Z,93.40,93.40,93.39,93.39,126153
2026-06-23T14:41:00Z,93.39,93.39,93.38,93.38,69743
2026-06-23T14:42:00Z,93.38,93.38,93.36,93.36,150769
2026-06-23T14:43:00Z,93.36,93.37,93.35,93.37,55384
2026-06-23T14:44:00Z,93.37,93.39,93.37,93.39,106666
2026-06-23T14:45:00Z,93.39,93.39,93.37,93.38,132307
2026-06-23T14:46:00Z,93.38,93.39,93.37,93.37,107692
2026-06-23T14:47:00Z,93.37,93.39,93.37,93.38,144615
2026-06-23T14:48:00Z,93.38,93.38,93.38,93.38,116922
2026-06-23T14:49:00Z,93.38,93.40,93.38,93.40,89230
2026-06-23T14:50:00Z,93.40,93.40,93.39,93.40,104615
2026-06-23T14:51:00Z,93.40,93.41,93.40,93.40,84102
2026-06-23T14:52:00Z,93.40,93.40,93.37,93.38,138461
2026-06-23T14:53:00Z,93.38,93.41,93.38,93.41,116922
2026-06-23T14:54:00Z,93.41,93.42,93.41,93.42,51282
2026-06-23T14:55:00Z,93.42,93.42,93.41,93.41,147692
2026-06-23T14:56:00Z,93.41,93.43,93.40,93.42,142563
2026-06-23T14:57:00Z,93.42,93.43,93.42,93.42,153846
2026-06-23T14:58:00Z,93.42,93.44,93.42,93.43,145640
2026-06-23T14:59:00Z,93.43,93.45,93.43,93.44,121025
2026-06-23T15:00:00Z,93.44,93.44,93.40,93.41,143589
2026-06-23T15:01:00Z,93.41,93.43,93.40,93.43,134358
2026-06-23T15:02:00Z,93.43,93.46,93.43,93.45,86153
2026-06-23T15:03:00Z,93.45,93.46,93.45,93.46,113846
2026-06-23T15:04:00Z,93.46,93.46,93.43,93.44,111794
2026-06-23T15:05:00Z,93.44,93.46,93.43,93.46,73846
2026-06-23T15:06:00Z,93.46,93.48,93.46,93.47,52307
2026-06-23T15:07:00Z,93.47,93.48,93.47,93.47,90256
2026-06-23T15:08:00Z,93.47,93.48,93.47,93.48,109743
2026-06-23T15:09:00Z,93.48,93.48,93.47,93.48,75897
2026-06-23T15:10:00Z,93.48,93.49,93.48,93.49,132307
2026-06-23T15:11:00Z,93.49,93.50,93.48,93.50,106666
2026-06-23T15:12:00Z,93.50,93.51,93.50,93.51,82051
2026-06-23T15:13:00Z,93.51,93.53,93.51,93.52,69743
2026-06-23T15:14:00Z,93.52,93.52,93.51,93.51,108717
2026-06-23T15:15:00Z,93.51,93.52,93.50,93.52,55384
2026-06-23T15:16:00Z,93.52,93.52,93.51,93.51,130256
2026-06-23T15:17:00Z,93.51,93.52,93.51,93.52,95384
2026-06-23T15:18:00Z,93.52,93.52,93.48,93.49,85128
2026-06-23T15:19:00Z,93.49,93.50,93.49,93.49,68717
2026-06-23T15:20:00Z,93.49,93.50,93.49,93.50,140512
2026-06-23T15:21:00Z,93.50,93.50,93.48,93.49,153846
2026-06-23T15:22:00Z,93.49,93.49,93.45,93.46,103589
2026-06-23T15:23:00Z,93.46,93.48,93.45,93.48,128205
2026-06-23T15:24:00Z,93.48,93.48,93.46,93.46,107692
2026-06-23T15:25:00Z,93.46,93.48,93.45,93.48,135384
2026-06-23T15:26:00Z,93.48,93.48,93.46,93.46,63589
2026-06-23T15:27:00Z,93.46,93.47,93.46,93.46,151794
2026-06-23T15:28:00Z,93.46,93.47,93.46,93.47,74871
2026-06-23T15:29:00Z,93.47,93.50,93.47,93.50,53333
2026-06-23T15:30:00Z,93.50,93.52,93.50,93.51,82051
2026-06-23T15:31:00Z,93.51,93.52,93.50,93.52,56410
2026-06-23T15:32:00Z,93.52,93.52,93.51,93.51,101538
2026-06-23T15:33:00Z,93.51,93.52,93.51,93.52,147692
2026-06-23T15:34:00Z,93.52,93.53,93.51,93.51,100512
2026-06-23T15:35:00Z,93.51,93.52,93.48,93.48,132307
2026-06-23T15:36:00Z,93.48,93.48,93.47,93.48,114871
2026-06-23T15:37:00Z,93.48,93.48,93.48,93.48,52307
2026-06-23T15:38:00Z,93.48,93.48,93.46,93.46,134358
2026-06-23T15:39:00Z,93.46,93.47,93.46,93.47,152820
2026-06-23T15:40:00Z,93.47,93.47,93.46,93.46,87179
2026-06-23T15:41:00Z,93.46,93.46,93.45,93.46,122051
2026-06-23T15:42:00Z,93.46,93.47,93.45,93.45,112820
2026-06-23T15:43:00Z,93.45,93.46,93.45,93.46,98461
2026-06-23T15:44:00Z,93.46,93.47,93.46,93.47,147692
2026-06-23T15:45:00Z,93.47,93.48,93.46,93.48,144615
2026-06-23T15:46:00Z,93.48,93.48,93.46,93.46,133333
2026-06-23T15:47:00Z,93.46,93.49,93.46,93.49,146666
2026-06-23T15:48:00Z,93.49,93.50,93.48,93.50,93333
2026-06-23T15:49:00Z,93.50,93.53,93.49,93.53,68717
2026-06-23T15:50:00Z,93.53,93.56,93.52,93.56,129230
2026-06-23T15:51:00Z,93.56,93.57,93.55,93.55,71794
2026-06-23T15:52:00Z,93.55,93.56,93.55,93.56,74871
2026-06-23T15:53:00Z,93.56,93.56,93.53,93.54,51282
2026-06-23T15:54:00Z,93.54,93.54,93.54,93.54,61538
2026-06-23T15:55:00Z,93.54,93.55,93.52,93.52,150769
2026-06-23T15:56:00Z,93.52,93.53,93.51,93.53,75897
2026-06-23T15:57:00Z,93.53,93.54,93.53,93.54,82051
2026-06-23T15:58:00Z,93.54,93.55,93.52,93.52,87179
2026-06-23T15:59:00Z,93.52,93.54,93.52,93.53,109743
2026-06-23T16:00:00Z,93.53,93.53,93.51,93.52,131281
2026-06-23T16:01:00Z,93.52,93.52,93.52,93.52,126153
2026-06-23T16:02:00Z,93.52,93.53,93.52,93.53,128205
2026-06-23T16:03:00Z,93.53,93.54,93.53,93.53,136410
2026-06-23T16:04:00Z,93.53,93.55,93.53,93.54,75897
2026-06-23T16:05:00Z,93.54,93.55,93.54,93.55,102564
2026-06-23T16:06:00Z,93.55,93.59,93.55,93.58,68717
2026-06-23T16:07:00Z,93.58,93.59,93.57,93.59,149743
2026-06-23T16:08:00Z,93.59,93.60,93.58,93.60,95384
2026-06-23T16:09:00Z,93.60,93.60,93.59,93.60,127179
2026-06-23T16:10:00Z,93.60,93.62,93.60,93.61,145640
2026-06-23T16:11:00Z,93.61,93.62,93.61,93.61,106666
2026-06-23T16:12:00Z,93.61,93.61,93.60,93.61,149743
2026-06-23T16:13:00Z,93.61,93.61,93.58,93.58,55384
2026-06-23T16:14:00Z,93.58,93.59,93.58,93.59,119999
2026-06-23T16:15:00Z,93.59,93.60,93.59,93.59,118974
2026-06-23T16:16:00Z,93.59,93.61,93.59,93.60,88205
2026-06-23T16:17:00Z,93.60,93.62,93.60,93.61,140512
2026-06-23T16:18:00Z,93.61,93.62,93.58,93.59,76923
2026-06-23T16:19:00Z,93.59,93.60,93.59,93.60,86153
2026-06-23T16:20:00Z,93.60,93.62,93.59,93.62,83076
2026-06-23T16:21:00Z,93.62,93.63,93.59,93.59,117948
2026-06-23T16:22:00Z,93.59,93.60,93.58,93.60,101538
2026-06-23T16:23:00Z,93.60,93.61,93.58,93.58,68717
2026-06-23T16:24:00Z,93.58,93.59,93.57,93.59,126153
2026-06-23T16:25:00Z,93.59,93.60,93.58,93.59,126153
2026-06-23T16:26:00Z,93.59,93.61,93.59,93.60,124102
2026-06-23T16:27:00Z,93.60,93.63,93.60,93.62,124102
2026-06-23T16:28:00Z,93.62,93.62,93.59,93.60,117948
2026-06-23T16:29:00Z,93.60,93.61,93.59,93.61,142563
2026-06-23T16:30:00Z,93.61,93.61,93.60,93.60,150769
2026-06-23T16:31:00Z,93.60,93.63,93.60,93.63,153846
2026-06-23T16:32:00Z,93.63,93.64,93.62,93.62,51282
2026-06-23T16:33:00Z,93.62,93.63,93.61,93.63,128205
2026-06-23T16:34:00Z,93.63,93.63,93.63,93.63,55384
2026-06-23T16:35:00Z,93.63,93.64,93.63,93.64,85128
2026-06-23T16:36:00Z,93.64,93.67,93.64,93.67,135384
2026-06-23T16:37:00Z,93.67,93.68,93.67,93.68,71794
2026-06-23T16:38:00Z,93.68,93.69,93.66,93.66,150769
2026-06-23T16:39:00Z,93.66,93.66,93.66,93.66,126153
2026-06-23T16:40:00Z,93.66,93.66,93.65,93.65,151794
2026-06-23T16:41:00Z,93.65,93.66,93.64,93.66,73846
2026-06-23T16:42:00Z,93.66,93.66,93.66,93.66,65640
2026-06-23T16:43:00Z,93.66,93.66,93.63,93.64,83076
2026-06-23T16:44:00Z,93.64,93.64,93.64,93.64,106666
2026-06-23T16:45:00Z,93.64,93.65,93.64,93.65,62564
2026-06-23T16:46:00Z,93.65,93.66,93.65,93.66,83076
2026-06-23T16:47:00Z,93.66,93.68,93.66,93.68,85128
2026-06-23T16:48:00Z,93.68,93.70,93.68,93.70,144615
2026-06-23T16:49:00Z,93.70,93.71,93.69,93.69,138461
2026-06-23T16:50:00Z,93.69,93.70,93.68,93.70,104615
2026-06-23T16:51:00Z,93.70,93.70,93.69,93.69,59487
2026-06-23T16:52:00Z,93.69,93.72,93.69,93.71,100512
2026-06-23T16:53:00Z,93.71,93.71,93.71,93.71,134358
2026-06-23T16:54:00Z,93.71,93.72,93.70,93.72,89230
2026-06-23T16:55:00Z,93.72,93.73,93.72,93.73,52307
2026-06-23T16:56:00Z,93.73,93.73,93.71,93.72,53333
2026-06-23T16:57:00Z,93.72,93.73,93.72,93.73,125128
2026-06-23T16:58:00Z,93.73,93.73,93.72,93.72,56410
2026-06-23T16:59:00Z,93.72,93.72,93.71,93.72,98461
2026-06-23T17:00:00Z,93.72,93.72,93.69,93.70,145640
2026-06-23T17:01:00Z,93.70,93.71,93.70,93.71,121025
2026-06-23T17:02:00Z,93.71,93.72,93.70,93.72,144615
2026-06-23T17:03:00Z,93.72,93.72,93.72,93.72,121025
2026-06-23T17:04:00Z,93.72,93.74,93.72,93.74,51282
2026-06-23T17:05:00Z,93.74,93.75,93.74,93.75,82051
2026-06-23T17:06:00Z,93.75,93.75,93.74,93.74,144615
2026-06-23T17:07:00Z,93.74,93.74,93.73,93.73,152820
2026-06-23T17:08:00Z,93.73,93.75,93.72,93.74,109743
2026-06-23T17:09:00Z,93.74,93.75,93.74,93.75,82051
2026-06-23T17:10:00Z,93.75,93.75,93.75,93.75,119999
2026-06-23T17:11:00Z,93.75,93.76,93.74,93.76,134358
2026-06-23T17:12:00Z,93.76,93.79,93.76,93.78,72820
2026-06-23T17:13:00Z,93.78,93.79,93.78,93.79,75897
2026-06-23T17:14:00Z,93.79,93.81,93.79,93.81,63589
2026-06-23T17:15:00Z,93.81,93.82,93.81,93.82,64615
2026-06-23T17:16:00Z,93.82,93.83,93.82,93.83,115897
2026-06-23T17:17:00Z,93.83,93.83,93.81,93.82,106666
2026-06-23T17:18:00Z,93.82,93.84,93.81,93.84,152820
2026-06-23T17:19:00Z,93.84,93.86,93.84,93.85,74871
2026-06-23T17:20:00Z,93.85,93.86,93.85,93.86,89230
2026-06-23T17:21:00Z,93.86,93.88,93.85,93.88,106666
2026-06-23T17:22:00Z,93.88,93.90,93.88,93.90,105640
2026-06-23T17:23:00Z,93.90,93.92,93.90,93.91,117948
2026-06-23T17:24:00Z,93.91,93.92,93.91,93.92,99487
2026-06-23T17:25:00Z,93.92,93.93,93.89,93.90,152820
2026-06-23T17:26:00Z,93.90,93.90,93.90,93.90,76923
2026-06-23T17:27:00Z,93.90,93.91,93.90,93.91,60512
2026-06-23T17:28:00Z,93.91,93.92,93.91,93.92,137435
2026-06-23T17:29:00Z,93.92,93.92,93.92,93.92,58461
2026-06-23T17:30:00Z,93.92,93.92,93.92,93.92,144615
2026-06-23T17:31:00Z,93.92,93.92,93.90,93.91,70769
2026-06-23T17:32:00Z,93.91,93.92,93.90,93.92,133333
2026-06-23T17:33:00Z,93.92,93.93,93.92,93.92,79999
2026-06-23T17:34:00Z,93.92,93.93,93.91,93.93,129230
2026-06-23T17:35:00Z,93.93,93.94,93.93,93.93,126153
2026-06-23T17:36:00Z,93.93,93.94,93.92,93.94,125128
2026-06-23T17:37:00Z,93.94,93.95,93.94,93.95,105640
2026-06-23T17:38:00Z,93.95,93.96,93.94,93.95,101538
2026-06-23T17:39:00Z,93.95,93.95,93.94,93.94,142563
2026-06-23T17:40:00Z,93.94,93.96,93.94,93.96,82051
2026-06-23T17:41:00Z,93.96,93.96,93.95,93.95,103589
2026-06-23T17:42:00Z,93.95,93.95,93.93,93.94,130256
2026-06-23T17:43:00Z,93.94,93.97,93.94,93.96,150769
2026-06-23T17:44:00Z,93.96,93.97,93.96,93.97,54358
2026-06-23T17:45:00Z,93.97,93.98,93.96,93.97,99487
2026-06-23T17:46:00Z,93.97,93.97,93.96,93.97,121025
2026-06-23T17:47:00Z,93.97,93.97,93.97,93.97,71794
2026-06-23T17:48:00Z,93.97,93.98,93.97,93.98,133333
2026-06-23T17:49:00Z,93.98,93.98,93.98,93.98,146666
2026-06-23T17:50:00Z,93.98,94.00,93.98,93.99,133333
2026-06-23T17:51:00Z,93.99,94.00,93.98,93.98,126153
2026-06-23T17:52:00Z,93.98,94.00,93.98,94.00,79999
2026-06-23T17:53:00Z,94.00,94.01,94.00,94.01,78974
2026-06-23T17:54:00Z,94.01,94.02,94.01,94.01,100512
2026-06-23T17:55:00Z,94.01,94.03,94.01,94.02,149743
2026-06-23T17:56:00Z,94.02,94.02,94.01,94.02,96410
2026-06-23T17:57:00Z,94.02,94.02,94.01,94.01,67692
2026-06-23T17:58:00Z,94.01,94.01,93.98,93.98,106666
2026-06-23T17:59:00Z,93.98,93.98,93.97,93.98,149743
2026-06-23T18:00:00Z,93.98,93.98,93.97,93.97,71794
2026-06-23T18:01:00Z,93.97,93.99,93.97,93.99,94358
2026-06-23T18:02:00Z,93.99,94.00,93.99,94.00,150769
2026-06-23T18:03:00Z,94.00,94.01,93.99,94.00,131281
2026-06-23T18:04:00Z,94.00,94.01,93.99,94.01,133333
2026-06-23T18:05:00Z,94.01,94.01,93.99,93.99,88205
2026-06-23T18:06:00Z,93.99,94.02,93.99,94.01,139487
2026-06-23T18:07:00Z,94.01,94.01,93.99,93.99,143589
2026-06-23T18:08:00Z,93.99,94.01,93.99,94.00,148717
2026-06-23T18:09:00Z,94.00,94.04,94.00,94.04,57435
2026-06-23T18:10:00Z,94.04,94.04,94.04,94.04,81025
2026-06-23T18:11:00Z,94.04,94.08,94.03,94.07,98461
2026-06-23T18:12:00Z,94.07,94.09,94.07,94.08,107692
2026-06-23T18:13:00Z,94.08,94.08,94.07,94.07,131281
2026-06-23T18:14:00Z,94.07,94.08,94.06,94.07,104615
2026-06-23T18:15:00Z,94.07,94.07,94.05,94.05,86153
2026-06-23T18:16:00Z,94.05,94.05,94.02,94.03,58461
2026-06-23T18:17:00Z,94.03,94.04,94.00,94.01,116922
2026-06-23T18:18:00Z,94.01,94.01,93.99,94.00,130256
2026-06-23T18:19:00Z,94.00,94.00,93.97,93.97,109743
2026-06-23T18:20:00Z,93.97,93.97,93.95,93.96,121025
2026-06-23T18:21:00Z,93.96,93.96,93.94,93.95,73846
2026-06-23T18:22:00Z,93.95,93.95,93.95,93.95,131281
2026-06-23T18:23:00Z,93.95,93.96,93.93,93.93,141538
2026-06-23T18:24:00Z,93.93,93.94,93.92,93.92,77948
2026-06-23T18:25:00Z,93.92,93.93,93.90,93.90,59487
2026-06-23T18:26:00Z,93.90,93.92,93.90,93.91,68717
2026-06-23T18:27:00Z,93.91,93.92,93.91,93.92,111794
2026-06-23T18:28:00Z,93.92,93.92,93.92,93.92,126153
2026-06-23T18:29:00Z,93.92,93.93,93.92,93.93,100512
2026-06-23T18:30:00Z,93.93,93.93,93.91,93.91,69743
2026-06-23T18:31:00Z,93.91,93.92,93.90,93.92,78974
2026-06-23T18:32:00Z,93.92,93.92,93.91,93.91,69743
2026-06-23T18:33:00Z,93.91,93.92,93.90,93.91,150769
2026-06-23T18:34:00Z,93.91,93.92,93.91,93.91,97435
2026-06-23T18:35:00Z,93.91,93.92,93.90,93.92,131281
2026-06-23T18:36:00Z,93.92,93.92,93.92,93.92,112820
2026-06-23T18:37:00Z,93.92,93.92,93.92,93.92,103589
2026-06-23T18:38:00Z,93.92,93.92,93.92,93.92,69743
2026-06-23T18:39:00Z,93.92,93.92,93.91,93.92,89230
2026-06-23T18:40:00Z,93.92,93.94,93.92,93.93,93333
2026-06-23T18:41:00Z,93.93,93.94,93.92,93.94,51282
2026-06-23T18:42:00Z,93.94,93.94,93.93,93.94,149743
2026-06-23T18:43:00Z,93.94,93.95,93.94,93.95,66666
2026-06-23T18:44:00Z,93.95,93.96,93.94,93.96,118974
2026-06-23T18:45:00Z,93.96,93.97,93.95,93.97,127179
2026-06-23T18:46:00Z,93.97,93.98,93.96,93.97,102564
2026-06-23T18:47:00Z,93.97,93.98,93.97,93.98,110769
2026-06-23T18:48:00Z,93.98,93.99,93.98,93.99,151794
2026-06-23T18:49:00Z,93.99,93.99,93.98,93.99,74871
2026-06-23T18:50:00Z,93.99,94.00,93.99,94.00,68717
2026-06-23T18:51:00Z,94.00,94.01,93.99,94.00,58461
2026-06-23T18:52:00Z,94.00,94.00,94.00,94.00,75897
2026-06-23T18:53:00Z,94.00,94.00,94.00,94.00,78974
2026-06-23T18:54:00Z,94.00,94.00,94.00,94.00,99487
2026-06-23T18:55:00Z,94.00,94.03,94.00,94.02,78974
2026-06-23T18:56:00Z,94.02,94.02,94.02,94.02,123076
2026-06-23T18:57:00Z,94.02,94.04,94.02,94.04,145640
2026-06-23T18:58:00Z,94.04,94.05,94.03,94.04,148717
2026-06-23T18:59:00Z,94.04,94.05,94.03,94.03,63589
2026-06-23T19:00:00Z,94.03,94.04,94.02,94.04,128205
2026-06-23T19:01:00Z,94.04,94.05,94.02,94.03,95384
2026-06-23T19:02:00Z,94.03,94.05,94.02,94.05,79999
2026-06-23T19:03:00Z,94.05,94.05,94.03,94.03,153846
2026-06-23T19:04:00Z,94.03,94.06,94.03,94.05,68717
2026-06-23T19:05:00Z,94.05,94.05,94.01,94.02,104615
2026-06-23T19:06:00Z,94.02,94.03,94.00,94.01,81025
2026-06-23T19:07:00Z,94.01,94.03,94.00,94.02,142563
2026-06-23T19:08:00Z,94.02,94.04,94.01,94.03,137435
2026-06-23T19:09:00Z,94.03,94.03,94.03,94.03,66666
2026-06-23T19:10:00Z,94.03,94.03,94.03,94.03,131281
2026-06-23T19:11:00Z,94.03,94.03,94.03,94.03,95384
2026-06-23T19:12:00Z,94.03,94.04,94.02,94.04,60512
2026-06-23T19:13:00Z,94.04,94.06,94.04,94.05,61538
2026-06-23T19:14:00Z,94.05,94.05,94.04,94.05,82051
2026-06-23T19:15:00Z,94.05,94.05,94.04,94.04,109743
2026-06-23T19:16:00Z,94.04,94.06,94.04,94.05,52307
2026-06-23T19:17:00Z,94.05,94.05,94.03,94.03,79999
2026-06-23T19:18:00Z,94.03,94.03,94.01,94.01,77948
2026-06-23T19:19:00Z,94.01,94.02,94.00,94.02,140512
2026-06-23T19:20:00Z,94.02,94.03,94.00,94.01,97435
2026-06-23T19:21:00Z,94.01,94.01,94.01,94.01,86153
2026-06-23T19:22:00Z,94.01,94.01,94.01,94.01,115897
2026-06-23T19:23:00Z,94.01,94.02,94.01,94.02,130256
2026-06-23T19:24:00Z,94.02,94.02,94.01,94.02,153846
2026-06-23T19:25:00Z,94.02,94.02,94.02,94.02,126153
2026-06-23T19:26:00Z,94.02,94.02,94.02,94.02,101538
2026-06-23T19:27:00Z,94.02,94.03,94.02,94.02,59487
2026-06-23T19:28:00Z,94.02,94.02,94.01,94.02,95384
2026-06-23T19:29:00Z,94.02,94.03,94.02,94.03,102564
2026-06-23T19:30:00Z,94.03,94.04,93.99,94.00,117948
2026-06-23T19:31:00Z,94.00,94.03,94.00,94.02,86153
2026-06-23T19:32:00Z,94.02,94.03,94.02,94.02,146666
2026-06-23T19:33:00Z,94.02,94.03,94.02,94.03,68717
2026-06-23T19:34:00Z,94.03,94.04,94.02,94.03,115897
2026-06-23T19:35:00Z,94.03,94.03,94.03,94.03,85128
2026-06-23T19:36:00Z,94.03,94.04,94.03,94.03,109743
2026-06-23T19:37:00Z,94.03,94.03,94.01,94.01,62564
2026-06-23T19:38:00Z,94.01,94.01,94.01,94.01,127179
2026-06-23T19:39:00Z,94.01,94.01,94.01,94.01,94358
2026-06-23T19:40:00Z,94.01,94.01,93.98,93.98,133333
2026-06-23T19:41:00Z,93.98,93.99,93.97,93.98,124102
2026-06-23T19:42:00Z,93.98,93.99,93.96,93.96,78974
2026-06-23T19:43:00Z,93.96,93.97,93.94,93.94,123076
2026-06-23T19:44:00Z,93.94,93.97,93.94,93.96,98461
2026-06-23T19:45:00Z,93.96,93.98,93.96,93.97,145640
2026-06-23T19:46:00Z,93.97,93.97,93.97,93.97,116922
2026-06-23T19:47:00Z,93.97,93.98,93.96,93.97,89230
2026-06-23T19:48:00Z,93.97,93.97,93.96,93.97,125128
2026-06-23T19:49:00Z,93.97,93.97,93.96,93.96,60512
2026-06-23T19:50:00Z,93.96,93.96,93.92,93.92,143589
2026-06-23T19:51:00Z,93.92,93.92,93.90,93.90,91281
2026-06-23T19:52:00Z,93.90,93.91,93.90,93.90,118974
2026-06-23T19:53:00Z,93.90,93.91,93.90,93.91,153846
2026-06-23T19:54:00Z,93.91,93.94,93.91,93.94,105640
2026-06-23T19:55:00Z,93.94,93.97,93.94,93.96,99487
2026-06-23T19:56:00Z,93.96,93.97,93.96,93.97,103589
2026-06-23T19:57:00Z,93.97,93.98,93.93,93.94,135384
2026-06-23T19:58:00Z,93.94,93.94,93.93,93.93,65640
2026-06-23T19:59:00Z,93.93,93.94,93.92,93.93,147692
2026-06-24T13:30:00Z,93.93,93.93,93.92,93.92,119999
2026-06-24T13:31:00Z,93.92,93.93,93.90,93.91,112820
2026-06-24T13:32:00Z,93.91,93.91,93.90,93.91,129230
2026-06-24T13:33:00Z,93.91,93.95,93.91,93.94,111794
2026-06-24T13:34:00Z,93.94,93.94,93.93,93.93,123076
2026-06-24T13:35:00Z,93.93,93.94,93.92,93.93,83076
2026-06-24T13:36:00Z,93.93,93.93,93.91,93.92,149743
2026-06-24T13:37:00Z,93.92,93.93,93.91,93.92,88205
2026-06-24T13:38:00Z,93.92,93.92,93.89,93.90,81025
2026-06-24T13:39:00Z,93.90,93.91,93.90,93.90,124102
2026-06-24T13:40:00Z,93.90,93.91,93.90,93.91,127179
2026-06-24T13:41:00Z,93.91,93.92,93.91,93.91,72820
2026-06-24T13:42:00Z,93.91,93.91,93.90,93.90,91281
2026-06-24T13:43:00Z,93.90,93.90,93.90,93.90,109743
2026-06-24T13:44:00Z,93.90,93.92,93.90,93.92,101538
2026-06-24T13:45:00Z,93.92,93.92,93.90,93.90,141538
2026-06-24T13:46:00Z,93.90,93.90,93.90,93.90,134358
2026-06-24T13:47:00Z,93.90,93.90,93.87,93.88,109743
2026-06-24T13:48:00Z,93.88,93.89,93.87,93.87,70769
2026-06-24T13:49:00Z,93.87,93.88,93.87,93.88,143589
2026-06-24T13:50:00Z,93.88,93.89,93.85,93.86,63589
2026-06-24T13:51:00Z,93.86,93.89,93.86,93.89,62564
2026-06-24T13:52:00Z,93.89,93.89,93.89,93.89,70769
2026-06-24T13:53:00Z,93.89,93.90,93.89,93.89,114871
2026-06-24T13:54:00Z,93.89,93.90,93.87,93.87,121025
2026-06-24T13:55:00Z,93.87,93.87,93.84,93.85,94358
2026-06-24T13:56:00Z,93.85,93.88,93.84,93.87,68717
2026-06-24T13:57:00Z,93.87,93.87,93.87,93.87,68717
2026-06-24T13:58:00Z,93.87,93.87,93.85,93.86,63589
2026-06-24T13:59:00Z,93.86,93.86,93.84,93.84,126153
2026-06-24T14:00:00Z,93.84,93.85,93.83,93.84,134358
2026-06-24T14:01:00Z,93.84,93.85,93.82,93.82,104615
2026-06-24T14:02:00Z,93.82,93.85,93.82,93.84,96410
2026-06-24T14:03:00Z,93.84,93.85,93.82,93.82,121025
2026-06-24T14:04:00Z,93.82,93.83,93.81,93.83,136410
2026-06-24T14:05:00Z,93.83,93.84,93.80,93.80,89230
2026-06-24T14:06:00Z,93.80,93.82,93.80,93.81,111794
2026-06-24T14:07:00Z,93.81,93.82,93.81,93.81,146666
2026-06-24T14:08:00Z,93.81,93.81,93.81,93.81,112820
2026-06-24T14:09:00Z,93.81,93.82,93.81,93.82,117948
2026-06-24T14:10:00Z,93.82,93.84,93.82,93.83,71794
2026-06-24T14:11:00Z,93.83,93.84,93.82,93.82,74871
2026-06-24T14:12:00Z,93.82,93.83,93.80,93.80,153846
2026-06-24T14:13:00Z,93.80,93.81,93.76,93.77,144615
2026-06-24T14:14:00Z,93.77,93.78,93.76,93.78,70769
2026-06-24T14:15:00Z,93.78,93.78,93.77,93.78,152820
2026-06-24T14:16:00Z,93.78,93.78,93.78,93.78,79999
2026-06-24T14:17:00Z,93.78,93.79,93.78,93.79,144615
2026-06-24T14:18:00Z,93.79,93.80,93.77,93.78,88205
2026-06-24T14:19:00Z,93.78,93.81,93.78,93.81,85128
2026-06-24T14:20:00Z,93.81,93.81,93.81,93.81,102564
2026-06-24T14:21:00Z,93.81,93.83,93.81,93.83,89230
2026-06-24T14:22:00Z,93.83,93.83,93.80,93.81,153846
2026-06-24T14:23:00Z,93.81,93.82,93.81,93.82,99487
2026-06-24T14:24:00Z,93.82,93.82,93.82,93.82,53333
2026-06-24T14:25:00Z,93.82,93.84,93.82,93.83,134358
2026-06-24T14:26:00Z,93.83,93.84,93.83,93.83,118974
2026-06-24T14:27:00Z,93.83,93.83,93.82,93.82,86153
2026-06-24T14:28:00Z,93.82,93.82,93.81,93.81,114871
2026-06-24T14:29:00Z,93.81,93.82,93.81,93.82,89230
2026-06-24T14:30:00Z,93.82,93.82,93.80,93.81,81025
2026-06-24T14:31:00Z,93.81,93.81,93.81,93.81,140512
2026-06-24T14:32:00Z,93.81,93.85,93.81,93.84,93333
2026-06-24T14:33:00Z,93.84,93.85,93.84,93.85,107692
2026-06-24T14:34:00Z,93.85,93.86,93.84,93.84,108717
2026-06-24T14:35:00Z,93.84,93.85,93.84,93.85,61538
2026-06-24T14:36:00Z,93.85,93.85,93.85,93.85,58461
2026-06-24T14:37:00Z,93.85,93.85,93.83,93.84,139487
2026-06-24T14:38:00Z,93.84,93.85,93.84,93.85,58461
2026-06-24T14:39:00Z,93.85,93.85,93.84,93.85,113846
2026-06-24T14:40:00Z,93.85,93.86,93.83,93.83,91281
2026-06-24T14:41:00Z,93.83,93.83,93.83,93.83,143589
2026-06-24T14:42:00Z,93.83,93.83,93.82,93.82,129230
2026-06-24T14:43:00Z,93.82,93.83,93.81,93.82,111794
2026-06-24T14:44:00Z,93.82,93.84,93.82,93.83,64615
2026-06-24T14:45:00Z,93.83,93.84,93.83,93.84,100512
2026-06-24T14:46:00Z,93.84,93.84,93.83,93.84,78974
2026-06-24T14:47:00Z,93.84,93.85,93.83,93.83,96410
2026-06-24T14:48:00Z,93.83,93.83,93.79,93.80,59487
2026-06-24T14:49:00Z,93.80,93.81,93.78,93.79,73846
2026-06-24T14:50:00Z,93.79,93.79,93.79,93.79,105640
2026-06-24T14:51:00Z,93.79,93.81,93.78,93.80,102564
2026-06-24T14:52:00Z,93.80,93.80,93.79,93.80,79999
2026-06-24T14:53:00Z,93.80,93.80,93.79,93.80,129230
2026-06-24T14:54:00Z,93.80,93.80,93.79,93.79,99487
2026-06-24T14:55:00Z,93.79,93.80,93.78,93.78,112820
2026-06-24T14:56:00Z,93.78,93.81,93.78,93.81,76923
2026-06-24T14:57:00Z,93.81,93.82,93.81,93.82,147692
2026-06-24T14:58:00Z,93.82,93.84,93.81,93.84,77948
2026-06-24T14:59:00Z,93.84,93.85,93.84,93.84,144615
2026-06-24T15:00:00Z,93.84,93.84,93.84,93.84,69743
2026-06-24T15:01:00Z,93.84,93.85,93.84,93.85,56410
2026-06-24T15:02:00Z,93.85,93.85,93.84,93.85,95384
2026-06-24T15:03:00Z,93.85,93.85,93.83,93.84,92307
2026-06-24T15:04:00Z,93.84,93.85,93.83,93.84,57435
2026-06-24T15:05:00Z,93.84,93.85,93.84,93.85,52307
2026-06-24T15:06:00Z,93.85,93.86,93.85,93.86,115897
2026-06-24T15:07:00Z,93.86,93.86,93.85,93.85,51282
2026-06-24T15:08:00Z,93.85,93.85,93.84,93.85,123076
2026-06-24T15:09:00Z,93.85,93.86,93.85,93.86,98461
2026-06-24T15:10:00Z,93.86,93.87,93.86,93.87,102564
2026-06-24T15:11:00Z,93.87,93.87,93.86,93.86,99487
2026-06-24T15:12:00Z,93.86,93.89,93.86,93.88,85128
2026-06-24T15:13:00Z,93.88,93.91,93.88,93.90,102564
2026-06-24T15:14:00Z,93.90,93.91,93.87,93.88,105640
2026-06-24T15:15:00Z,93.88,93.89,93.88,93.89,110769
2026-06-24T15:16:00Z,93.89,93.89,93.87,93.88,131281
2026-06-24T15:17:00Z,93.88,93.89,93.87,93.89,125128
2026-06-24T15:18:00Z,93.89,93.89,93.86,93.86,96410
2026-06-24T15:19:00Z,93.86,93.88,93.86,93.88,91281
2026-06-24T15:20:00Z,93.88,93.89,93.88,93.89,67692
2026-06-24T15:21:00Z,93.89,93.89,93.88,93.89,109743
2026-06-24T15:22:00Z,93.89,93.90,93.88,93.90,83076
2026-06-24T15:23:00Z,93.90,93.91,93.90,93.91,91281
2026-06-24T15:24:00Z,93.91,93.92,93.91,93.91,75897
2026-06-24T15:25:00Z,93.91,93.91,93.90,93.90,65640
2026-06-24T15:26:00Z,93.90,93.91,93.90,93.91,73846
2026-06-24T15:27:00Z,93.91,93.91,93.90,93.91,70769
2026-06-24T15:28:00Z,93.91,93.92,93.91,93.91,143589
2026-06-24T15:29:00Z,93.91,93.91,93.89,93.90,81025
2026-06-24T15:30:00Z,93.90,93.90,93.90,93.90,135384
2026-06-24T15:31:00Z,93.90,93.90,93.87,93.87,61538
2026-06-24T15:32:00Z,93.87,93.88,93.87,93.88,110769
2026-06-24T15:33:00Z,93.88,93.88,93.88,93.88,104615
2026-06-24T15:34:00Z,93.88,93.91,93.88,93.91,98461
2026-06-24T15:35:00Z,93.91,93.92,93.89,93.90,143589
2026-06-24T15:36:00Z,93.90,93.92,93.89,93.91,64615
2026-06-24T15:37:00Z,93.91,93.91,93.89,93.89,103589
2026-06-24T15:38:00Z,93.89,93.89,93.86,93.86,131281
2026-06-24T15:39:00Z,93.86,93.86,93.86,93.86,119999
2026-06-24T15:40:00Z,93.86,93.87,93.83,93.84,59487
2026-06-24T15:41:00Z,93.84,93.86,93.84,93.86,147692
2026-06-24T15:42:00Z,93.86,93.87,93.84,93.84,55384
2026-06-24T15:43:00Z,93.84,93.86,93.84,93.85,132307
2026-06-24T15:44:00Z,93.85,93.87,93.85,93.86,69743
2026-06-24T15:45:00Z,93.86,93.87,93.86,93.86,146666
2026-06-24T15:46:00Z,93.86,93.88,93.86,93.88,149743
2026-06-24T15:47:00Z,93.88,93.90,93.88,93.90,109743
2026-06-24T15:48:00Z,93.90,93.90,93.90,93.90,82051
2026-06-24T15:49:00Z,93.90,93.92,93.90,93.91,127179
2026-06-24T15:50:00Z,93.91,93.92,93.90,93.92,150769
2026-06-24T15:51:00Z,93.92,93.92,93.90,93.90,82051
2026-06-24T15:52:00Z,93.90,93.91,93.89,93.90,55384
2026-06-24T15:53:00Z,93.90,93.90,93.90,93.90,94358
2026-06-24T15:54:00Z,93.90,93.90,93.88,93.88,109743
2026-06-24T15:55:00Z,93.88,93.88,93.85,93.85,70769
2026-06-24T15:56:00Z,93.85,93.85,93.84,93.84,138461
2026-06-24T15:57:00Z,93.84,93.85,93.84,93.85,131281
2026-06-24T15:58:00Z,93.85,93.85,93.85,93.85,105640
2026-06-24T15:59:00Z,93.85,93.86,93.85,93.86,92307
2026-06-24T16:00:00Z,93.86,93.88,93.86,93.87,72820
2026-06-24T16:01:00Z,93.87,93.87,93.87,93.87,59487
2026-06-24T16:02:00Z,93.87,93.88,93.87,93.88,100512
2026-06-24T16:03:00Z,93.88,93.93,93.87,93.92,89230
2026-06-24T16:04:00Z,93.92,93.92,93.92,93.92,85128
2026-06-24T16:05:00Z,93.92,93.92,93.92,93.92,137435
2026-06-24T16:06:00Z,93.92,93.94,93.91,93.94,108717
2026-06-24T16:07:00Z,93.94,93.95,93.93,93.94,93333
2026-06-24T16:08:00Z,93.94,93.95,93.94,93.94,122051
2026-06-24T16:09:00Z,93.94,93.95,93.93,93.95,113846
2026-06-24T16:10:00Z,93.95,93.97,93.94,93.96,111794
2026-06-24T16:11:00Z,93.96,93.99,93.96,93.99,151794
2026-06-24T16:12:00Z,93.99,94.00,93.99,94.00,105640
2026-06-24T16:13:00Z,94.00,94.02,94.00,94.01,102564
2026-06-24T16:14:00Z,94.01,94.02,94.01,94.02,110769
2026-06-24T16:15:00Z,94.02,94.03,94.02,94.03,150769
2026-06-24T16:16:00Z,94.03,94.03,94.02,94.03,109743
2026-06-24T16:17:00Z,94.03,94.03,94.02,94.03,129230
2026-06-24T16:18:00Z,94.03,94.05,94.03,94.05,127179
2026-06-24T16:19:00Z,94.05,94.05,94.04,94.04,105640
2026-06-24T16:20:00Z,94.04,94.04,94.03,94.03,135384
2026-06-24T16:21:00Z,94.03,94.03,94.00,94.00,53333
2026-06-24T16:22:00Z,94.00,94.00,93.99,93.99,147692
2026-06-24T16:23:00Z,93.99,94.00,93.97,93.98,110769
2026-06-24T16:24:00Z,93.98,94.00,93.97,93.99,153846
2026-06-24T16:25:00Z,93.99,94.02,93.98,94.02,67692
2026-06-24T16:26:00Z,94.02,94.02,94.00,94.00,119999
2026-06-24T16:27:00Z,94.00,94.01,93.95,93.96,141538
2026-06-24T16:28:00Z,93.96,93.97,93.96,93.97,103589
2026-06-24T16:29:00Z,93.97,93.97,93.96,93.96,79999
2026-06-24T16:30:00Z,93.96,93.96,93.94,93.94,93333
2026-06-24T16:31:00Z,93.94,93.95,93.93,93.93,83076
2026-06-24T16:32:00Z,93.93,93.95,93.93,93.94,78974
2026-06-24T16:33:00Z,93.94,93.95,93.94,93.95,60512
2026-06-24T16:34:00Z,93.95,93.96,93.93,93.93,144615
2026-06-24T16:35:00Z,93.93,93.95,93.93,93.94,81025
2026-06-24T16:36:00Z,93.94,93.94,93.93,93.94,121025
2026-06-24T16:37:00Z,93.94,93.96,93.94,93.95,69743
2026-06-24T16:38:00Z,93.95,93.96,93.95,93.96,62564
2026-06-24T16:39:00Z,93.96,93.96,93.95,93.96,121025
2026-06-24T16:40:00Z,93.96,93.98,93.96,93.97,129230
2026-06-24T16:41:00Z,93.97,93.99,93.97,93.98,118974
2026-06-24T16:42:00Z,93.98,93.98,93.96,93.97,66666
2026-06-24T16:43:00Z,93.97,93.97,93.96,93.96,139487
2026-06-24T16:44:00Z,93.96,93.98,93.95,93.98,103589
2026-06-24T16:45:00Z,93.98,93.99,93.98,93.98,85128
2026-06-24T16:46:00Z,93.98,94.00,93.97,93.99,143589
2026-06-24T16:47:00Z,93.99,94.00,93.96,93.96,92307
2026-06-24T16:48:00Z,93.96,93.96,93.96,93.96,150769
2026-06-24T16:49:00Z,93.96,93.97,93.96,93.97,76923
2026-06-24T16:50:00Z,93.97,93.97,93.96,93.96,66666
2026-06-24T16:51:00Z,93.96,93.96,93.95,93.95,138461
2026-06-24T16:52:00Z,93.95,93.96,93.95,93.95,51282
2026-06-24T16:53:00Z,93.95,93.96,93.95,93.95,132307
2026-06-24T16:54:00Z,93.95,93.96,93.95,93.96,144615
2026-06-24T16:55:00Z,93.96,93.97,93.95,93.97,133333
2026-06-24T16:56:00Z,93.97,93.97,93.97,93.97,105640
2026-06-24T16:57:00Z,93.97,94.00,93.97,93.99,79999
2026-06-24T16:58:00Z,93.99,94.02,93.99,94.02,85128
2026-06-24T16:59:00Z,94.02,94.02,94.00,94.00,76923
2026-06-24T17:00:00Z,94.00,94.00,94.00,94.00,144615
2026-06-24T17:01:00Z,94.00,94.04,94.00,94.04,62564
2026-06-24T17:02:00Z,94.04,94.06,94.04,94.05,97435
2026-06-24T17:03:00Z,94.05,94.05,94.05,94.05,136410
2026-06-24T17:04:00Z,94.05,94.07,94.05,94.07,133333
2026-06-24T17:05:00Z,94.07,94.07,94.05,94.06,146666
2026-06-24T17:06:00Z,94.06,94.07,94.03,94.03,123076
2026-06-24T17:07:00Z,94.03,94.05,94.03,94.04,144615
2026-06-24T17:08:00Z,94.04,94.06,94.03,94.05,79999
2026-06-24T17:09:00Z,94.05,94.07,94.05,94.06,59487
2026-06-24T17:10:00Z,94.06,94.11,94.06,94.10,71794
2026-06-24T17:11:00Z,94.10,94.11,94.10,94.11,88205
2026-06-24T17:12:00Z,94.11,94.12,94.10,94.11,124102
2026-06-24T17:13:00Z,94.11,94.12,94.11,94.12,79999
2026-06-24T17:14:00Z,94.12,94.15,94.12,94.15,134358
2026-06-24T17:15:00Z,94.15,94.16,94.15,94.16,151794
2026-06-24T17:16:00Z,94.16,94.18,94.15,94.18,74871
2026-06-24T17:17:00Z,94.18,94.20,94.18,94.20,56410
2026-06-24T17:18:00Z,94.20,94.20,94.20,94.20,116922
2026-06-24T17:19:00Z,94.20,94.20,94.20,94.20,91281
2026-06-24T17:20:00Z,94.20,94.21,94.20,94.21,63589
2026-06-24T17:21:00Z,94.21,94.21,94.18,94.19,76923
2026-06-24T17:22:00Z,94.19,94.20,94.19,94.20,125128
2026-06-24T17:23:00Z,94.20,94.20,94.20,94.20,115897
2026-06-24T17:24:00Z,94.20,94.20,94.18,94.19,104615
2026-06-24T17:25:00Z,94.19,94.21,94.19,94.20,134358
2026-06-24T17:26:00Z,94.20,94.20,94.18,94.18,135384
2026-06-24T17:27:00Z,94.18,94.18,94.17,94.18,111794
2026-06-24T17:28:00Z,94.18,94.18,94.17,94.17,119999
2026-06-24T17:29:00Z,94.17,94.19,94.17,94.19,112820
2026-06-24T17:30:00Z,94.19,94.19,94.17,94.18,146666
2026-06-24T17:31:00Z,94.18,94.18,94.18,94.18,114871
2026-06-24T17:32:00Z,94.18,94.19,94.18,94.18,81025
2026-06-24T17:33:00Z,94.18,94.19,94.18,94.19,144615
2026-06-24T17:34:00Z,94.19,94.19,94.18,94.19,103589
2026-06-24T17:35:00Z,94.19,94.20,94.17,94.17,137435
2026-06-24T17:36:00Z,94.17,94.17,94.13,94.14,107692
2026-06-24T17:37:00Z,94.14,94.14,94.14,94.14,127179
2026-06-24T17:38:00Z,94.14,94.14,94.13,94.14,105640
2026-06-24T17:39:00Z,94.14,94.15,94.14,94.15,150769
2026-06-24T17:40:00Z,94.15,94.15,94.14,94.14,117948
2026-06-24T17:41:00Z,94.14,94.15,94.14,94.15,131281
2026-06-24T17:42:00Z,94.15,94.15,94.14,94.15,98461
2026-06-24T17:43:00Z,94.15,94.15,94.15,94.15,102564
2026-06-24T17:44:00Z,94.15,94.15,94.12,94.12,103589
2026-06-24T17:45:00Z,94.12,94.13,94.12,94.13,147692
2026-06-24T17:46:00Z,94.13,94.13,94.12,94.12,82051
2026-06-24T17:47:00Z,94.12,94.12,94.12,94.12,92307
2026-06-24T17:48:00Z,94.12,94.14,94.11,94.14,133333
2026-06-24T17:49:00Z,94.14,94.15,94.14,94.14,131281
2026-06-24T17:50:00Z,94.14,94.14,94.14,94.14,100512
2026-06-24T17:51:00Z,94.14,94.15,94.14,94.15,74871
2026-06-24T17:52:00Z,94.15,94.15,94.14,94.15,63589
2026-06-24T17:53:00Z,94.15,94.15,94.13,94.14,74871
2026-06-24T17:54:00Z,94.14,94.14,94.14,94.14,55384
2026-06-24T17:55:00Z,94.14,94.15,94.14,94.15,86153
2026-06-24T17:56:00Z,94.15,94.15,94.13,94.13,63589
2026-06-24T17:57:00Z,94.13,94.15,94.13,94.14,124102
2026-06-24T17:58:00Z,94.14,94.14,94.11,94.11,140512
2026-06-24T17:59:00Z,94.11,94.11,94.08,94.09,81025
2026-06-24T18:00:00Z,94.09,94.10,94.09,94.09,54358
2026-06-24T18:01:00Z,94.09,94.10,94.09,94.10,133333
2026-06-24T18:02:00Z,94.10,94.11,94.10,94.10,88205
2026-06-24T18:03:00Z,94.10,94.13,94.10,94.12,137435
2026-06-24T18:04:00Z,94.12,94.12,94.11,94.11,81025
2026-06-24T18:05:00Z,94.11,94.11,94.09,94.10,152820
2026-06-24T18:06:00Z,94.10,94.11,94.10,94.10,81025
2026-06-24T18:07:00Z,94.10,94.12,94.10,94.11,76923
2026-06-24T18:08:00Z,94.11,94.11,94.08,94.09,136410
2026-06-24T18:09:00Z,94.09,94.10,94.06,94.07,83076
2026-06-24T18:10:00Z,94.07,94.08,94.05,94.05,90256
2026-06-24T18:11:00Z,94.05,94.06,94.03,94.04,134358
2026-06-24T18:12:00Z,94.04,94.05,94.04,94.05,76923
2026-06-24T18:13:00Z,94.05,94.09,94.04,94.08,142563
2026-06-24T18:14:00Z,94.08,94.09,94.07,94.07,113846
2026-06-24T18:15:00Z,94.07,94.10,94.07,94.09,128205
2026-06-24T18:16:00Z,94.09,94.09,94.09,94.09,52307
2026-06-24T18:17:00Z,94.09,94.10,94.09,94.10,96410
2026-06-24T18:18:00Z,94.10,94.10,94.07,94.07,69743
2026-06-24T18:19:00Z,94.07,94.07,94.07,94.07,133333
2026-06-24T18:20:00Z,94.07,94.07,94.05,94.05,144615
2026-06-24T18:21:00Z,94.05,94.05,94.05,94.05,83076
2026-06-24T18:22:00Z,94.05,94.05,94.02,94.02,65640
2026-06-24T18:23:00Z,94.02,94.04,94.02,94.04,95384
2026-06-24T18:24:00Z,94.04,94.05,94.03,94.04,57435
2026-06-24T18:25:00Z,94.04,94.05,94.02,94.02,83076
2026-06-24T18:26:00Z,94.02,94.02,94.01,94.01,109743
2026-06-24T18:27:00Z,94.01,94.03,94.01,94.03,90256
2026-06-24T18:28:00Z,94.03,94.03,94.02,94.02,95384
2026-06-24T18:29:00Z,94.02,94.03,94.01,94.03,52307
2026-06-24T18:30:00Z,94.03,94.03,94.01,94.01,82051
2026-06-24T18:31:00Z,94.01,94.02,94.00,94.02,128205
2026-06-24T18:32:00Z,94.02,94.02,94.02,94.02,124102
2026-06-24T18:33:00Z,94.02,94.03,94.01,94.01,151794
2026-06-24T18:34:00Z,94.01,94.04,94.00,94.03,133333
2026-06-24T18:35:00Z,94.03,94.03,93.99,93.99,93333
2026-06-24T18:36:00Z,93.99,94.00,93.99,93.99,105640
2026-06-24T18:37:00Z,93.99,93.99,93.99,93.99,143589
2026-06-24T18:38:00Z,93.99,94.00,93.99,93.99,88205
2026-06-24T18:39:00Z,93.99,93.99,93.99,93.99,146666
2026-06-24T18:40:00Z,93.99,93.99,93.99,93.99,91281
2026-06-24T18:41:00Z,93.99,94.00,93.99,93.99,95384
2026-06-24T18:42:00Z,93.99,93.99,93.98,93.98,149743
2026-06-24T18:43:00Z,93.98,94.01,93.97,94.00,141538
2026-06-24T18:44:00Z,94.00,94.00,93.98,93.98,56410
2026-06-24T18:45:00Z,93.98,93.98,93.97,93.98,100512
2026-06-24T18:46:00Z,93.98,94.00,93.97,93.99,84102
2026-06-24T18:47:00Z,93.99,94.02,93.99,94.02,138461
2026-06-24T18:48:00Z,94.02,94.05,94.02,94.05,140512
2026-06-24T18:49:00Z,94.05,94.06,94.05,94.06,124102
2026-06-24T18:50:00Z,94.06,94.07,94.05,94.07,54358
2026-06-24T18:51:00Z,94.07,94.07,94.07,94.07,124102
2026-06-24T18:52:00Z,94.07,94.07,94.06,94.06,87179
2026-06-24T18:53:00Z,94.06,94.08,94.06,94.08,126153
2026-06-24T18:54:00Z,94.08,94.11,94.07,94.10,121025
2026-06-24T18:55:00Z,94.10,94.11,94.10,94.11,101538
2026-06-24T18:56:00Z,94.11,94.13,94.11,94.12,76923
2026-06-24T18:57:00Z,94.12,94.13,94.11,94.11,63589
2026-06-24T18:58:00Z,94.11,94.11,94.11,94.11,124102
2026-06-24T18:59:00Z,94.11,94.11,94.09,94.09,112820
2026-06-24T19:00:00Z,94.09,94.09,94.08,94.08,52307
2026-06-24T19:01:00Z,94.08,94.08,94.08,94.08,84102
2026-06-24T19:02:00Z,94.08,94.08,94.07,94.07,58461
2026-06-24T19:03:00Z,94.07,94.07,94.06,94.07,118974
2026-06-24T19:04:00Z,94.07,94.07,94.07,94.07,102564
2026-06-24T19:05:00Z,94.07,94.08,94.06,94.07,83076
2026-06-24T19:06:00Z,94.07,94.08,94.07,94.07,92307
2026-06-24T19:07:00Z,94.07,94.09,94.07,94.09,136410
2026-06-24T19:08:00Z,94.09,94.09,94.06,94.06,81025
2026-06-24T19:09:00Z,94.06,94.07,94.04,94.05,62564
2026-06-24T19:10:00Z,94.05,94.05,94.03,94.04,142563
2026-06-24T19:11:00Z,94.04,94.05,94.01,94.02,68717
2026-06-24T19:12:00Z,94.02,94.02,94.02,94.02,150769
2026-06-24T19:13:00Z,94.02,94.03,94.02,94.03,129230
2026-06-24T19:14:00Z,94.03,94.03,94.01,94.01,129230
2026-06-24T19:15:00Z,94.01,94.01,94.00,94.01,130256
2026-06-24T19:16:00Z,94.01,94.01,94.00,94.00,126153
2026-06-24T19:17:00Z,94.00,94.02,94.00,94.02,103589
2026-06-24T19:18:00Z,94.02,94.03,94.01,94.02,96410
2026-06-24T19:19:00Z,94.02,94.03,93.98,93.98,122051
2026-06-24T19:20:00Z,93.98,93.98,93.97,93.97,60512
2026-06-24T19:21:00Z,93.97,93.98,93.94,93.95,95384
2026-06-24T19:22:00Z,93.95,93.95,93.92,93.93,107692
2026-06-24T19:23:00Z,93.93,93.93,93.93,93.93,143589
2026-06-24T19:24:00Z,93.93,93.94,93.91,93.92,128205
2026-06-24T19:25:00Z,93.92,93.94,93.91,93.93,113846
2026-06-24T19:26:00Z,93.93,93.95,93.93,93.95,127179
2026-06-24T19:27:00Z,93.95,93.95,93.94,93.94,75897
2026-06-24T19:28:00Z,93.94,93.94,93.91,93.92,124102
2026-06-24T19:29:00Z,93.92,93.93,93.92,93.93,66666
2026-06-24T19:30:00Z,93.93,93.93,93.90,93.90,76923
2026-06-24T19:31:00Z,93.90,93.91,93.90,93.91,130256
2026-06-24T19:32:00Z,93.91,93.92,93.90,93.92,101538
2026-06-24T19:33:00Z,93.92,93.95,93.92,93.95,97435
2026-06-24T19:34:00Z,93.95,93.95,93.92,93.93,92307
2026-06-24T19:35:00Z,93.93,93.95,93.93,93.94,59487
2026-06-24T19:36:00Z,93.94,93.94,93.93,93.94,138461
2026-06-24T19:37:00Z,93.94,93.97,93.93,93.96,58461
2026-06-24T19:38:00Z,93.96,93.97,93.96,93.97,103589
2026-06-24T19:39:00Z,93.97,94.00,93.96,93.99,83076
2026-06-24T19:40:00Z,93.99,94.00,93.99,94.00,79999
2026-06-24T19:41:00Z,94.00,94.00,93.98,93.98,97435
2026-06-24T19:42:00Z,93.98,94.01,93.98,94.00,90256
2026-06-24T19:43:00Z,94.00,94.02,94.00,94.01,86153
2026-06-24T19:44:00Z,94.01,94.02,94.00,94.02,129230
2026-06-24T19:45:00Z,94.02,94.02,94.02,94.02,65640
2026-06-24T19:46:00Z,94.02,94.04,94.01,94.04,74871
2026-06-24T19:47:00Z,94.04,94.07,94.04,94.06,124102
2026-06-24T19:48:00Z,94.06,94.07,94.05,94.06,123076
2026-06-24T19:49:00Z,94.06,94.06,94.05,94.05,151794
2026-06-24T19:50:00Z,94.05,94.06,94.05,94.06,95384
2026-06-24T19:51:00Z,94.06,94.07,94.06,94.07,150769
2026-06-24T19:52:00Z,94.07,94.09,94.06,94.08,107692
2026-06-24T19:53:00Z,94.08,94.08,94.08,94.08,143589
2026-06-24T19:54:00Z,94.08,94.08,94.07,94.08,83076
2026-06-24T19:55:00Z,94.08,94.09,94.07,94.09,87179
2026-06-24T19:56:00Z,94.09,94.10,94.08,94.10,100512
2026-06-24T19:57:00Z,94.10,94.14,94.10,94.14,94358
2026-06-24T19:58:00Z,94.14,94.14,94.11,94.12,54358
2026-06-24T19:59:00Z,94.12,94.16,94.11,94.16,73846
2026-06-25T13:30:00Z,94.16,94.16,94.16,94.16,100512
2026-06-25T13:31:00Z,94.16,94.16,94.13,94.13,151794
2026-06-25T13:32:00Z,94.13,94.13,94.11,94.11,108717
2026-06-25T13:33:00Z,94.11,94.11,94.10,94.10,134358
2026-06-25T13:34:00Z,94.10,94.10,94.09,94.09,106666
2026-06-25T13:35:00Z,94.09,94.11,94.09,94.10,112820
2026-06-25T13:36:00Z,94.10,94.10,94.09,94.09,134358
2026-06-25T13:37:00Z,94.09,94.09,94.09,94.09,143589
2026-06-25T13:38:00Z,94.09,94.10,94.07,94.07,123076
2026-06-25T13:39:00Z,94.07,94.07,94.06,94.06,114871
2026-06-25T13:40:00Z,94.06,94.07,94.06,94.07,140512
2026-06-25T13:41:00Z,94.07,94.09,94.07,94.09,145640
2026-06-25T13:42:00Z,94.09,94.09,94.06,94.07,95384
2026-06-25T13:43:00Z,94.07,94.09,94.07,94.08,59487
2026-06-25T13:44:00Z,94.08,94.08,94.08,94.08,150769
2026-06-25T13:45:00Z,94.08,94.08,94.05,94.05,96410
2026-06-25T13:46:00Z,94.05,94.05,94.02,94.02,145640
2026-06-25T13:47:00Z,94.02,94.03,94.02,94.02,53333
2026-06-25T13:48:00Z,94.02,94.03,94.00,94.00,149743
2026-06-25T13:49:00Z,94.00,94.00,93.98,93.99,59487
2026-06-25T13:50:00Z,93.99,93.99,93.98,93.98,137435
2026-06-25T13:51:00Z,93.98,93.98,93.95,93.96,54358
2026-06-25T13:52:00Z,93.96,93.96,93.96,93.96,150769
2026-06-25T13:53:00Z,93.96,93.97,93.96,93.97,145640
2026-06-25T13:54:00Z,93.97,93.97,93.96,93.96,75897
2026-06-25T13:55:00Z,93.96,93.96,93.95,93.95,133333
2026-06-25T13:56:00Z,93.95,93.97,93.94,93.96,102564
2026-06-25T13:57:00Z,93.96,93.98,93.95,93.98,145640
2026-06-25T13:58:00Z,93.98,93.98,93.98,93.98,105640
2026-06-25T13:59:00Z,93.98,93.99,93.98,93.99,88205
2026-06-25T14:00:00Z,93.99,93.99,93.99,93.99,132307
2026-06-25T14:01:00Z,93.99,94.00,93.99,94.00,129230
2026-06-25T14:02:00Z,94.00,94.01,93.96,93.97,90256
2026-06-25T14:03:00Z,93.97,93.98,93.95,93.95,134358
2026-06-25T14:04:00Z,93.95,93.99,93.95,93.98,116922
2026-06-25T14:05:00Z,93.98,94.00,93.97,94.00,85128
2026-06-25T14:06:00Z,94.00,94.01,93.99,94.01,111794
2026-06-25T14:07:00Z,94.01,94.03,94.01,94.02,96410
2026-06-25T14:08:00Z,94.02,94.02,94.02,94.02,55384
2026-06-25T14:09:00Z,94.02,94.02,94.00,94.00,72820
2026-06-25T14:10:00Z,94.00,94.00,93.98,93.98,53333
2026-06-25T14:11:00Z,93.98,93.99,93.98,93.99,88205
2026-06-25T14:12:00Z,93.99,94.00,93.98,93.99,87179
2026-06-25T14:13:00Z,93.99,94.00,93.97,93.98,61538
2026-06-25T14:14:00Z,93.98,93.99,93.98,93.99,71794
2026-06-25T14:15:00Z,93.99,94.00,93.96,93.97,81025
2026-06-25T14:16:00Z,93.97,94.00,93.97,94.00,146666
2026-06-25T14:17:00Z,94.00,94.00,93.99,93.99,143589
2026-06-25T14:18:00Z,93.99,94.01,93.99,94.00,98461
2026-06-25T14:19:00Z,94.00,94.02,93.99,94.02,125128
2026-06-25T14:20:00Z,94.02,94.04,94.02,94.03,72820
2026-06-25T14:21:00Z,94.03,94.04,94.02,94.04,89230
2026-06-25T14:22:00Z,94.04,94.06,94.04,94.05,75897
2026-06-25T14:23:00Z,94.05,94.05,94.03,94.03,91281
2026-06-25T14:24:00Z,94.03,94.04,94.03,94.04,92307
2026-06-25T14:25:00Z,94.04,94.04,94.01,94.01,82051
2026-06-25T14:26:00Z,94.01,94.01,94.00,94.00,97435
2026-06-25T14:27:00Z,94.00,94.00,94.00,94.00,98461
2026-06-25T14:28:00Z,94.00,94.00,93.99,94.00,150769
2026-06-25T14:29:00Z,94.00,94.01,94.00,94.00,88205
2026-06-25T14:30:00Z,94.00,94.03,94.00,94.02,144615
2026-06-25T14:31:00Z,94.02,94.02,94.02,94.02,117948
2026-06-25T14:32:00Z,94.02,94.02,93.97,93.98,110769
2026-06-25T14:33:00Z,93.98,93.99,93.98,93.99,112820
2026-06-25T14:34:00Z,93.99,94.02,93.99,94.01,140512
2026-06-25T14:35:00Z,94.01,94.02,94.01,94.01,87179
2026-06-25T14:36:00Z,94.01,94.01,94.01,94.01,122051
2026-06-25T14:37:00Z,94.01,94.01,94.00,94.00,66666
2026-06-25T14:38:00Z,94.00,94.00,93.99,93.99,51282
2026-06-25T14:39:00Z,93.99,94.00,93.99,93.99,126153
2026-06-25T14:40:00Z,93.99,94.00,93.98,93.99,89230
2026-06-25T14:41:00Z,93.99,93.99,93.98,93.99,114871
2026-06-25T14:42:00Z,93.99,93.99,93.95,93.96,101538
2026-06-25T14:43:00Z,93.96,93.97,93.96,93.97,94358
2026-06-25T14:44:00Z,93.97,93.97,93.95,93.96,94358
2026-06-25T14:45:00Z,93.96,93.96,93.94,93.94,84102
2026-06-25T14:46:00Z,93.94,93.94,93.91,93.92,96410
2026-06-25T14:47:00Z,93.92,93.93,93.91,93.92,139487
2026-06-25T14:48:00Z,93.92,93.92,93.90,93.90,144615
2026-06-25T14:49:00Z,93.90,93.91,93.89,93.89,121025
2026-06-25T14:50:00Z,93.89,93.89,93.88,93.89,127179
2026-06-25T14:51:00Z,93.89,93.90,93.89,93.90,114871
2026-06-25T14:52:00Z,93.90,93.90,93.90,93.90,82051
2026-06-25T14:53:00Z,93.90,93.91,93.88,93.88,103589
2026-06-25T14:54:00Z,93.88,93.89,93.88,93.89,121025
2026-06-25T14:55:00Z,93.89,93.89,93.88,93.88,83076
2026-06-25T14:56:00Z,93.88,93.88,93.86,93.86,104615
2026-06-25T14:57:00Z,93.86,93.86,93.86,93.86,55384
2026-06-25T14:58:00Z,93.86,93.87,93.86,93.87,109743
2026-06-25T14:59:00Z,93.87,93.87,93.87,93.87,131281
2026-06-25T15:00:00Z,93.87,93.88,93.87,93.88,100512
2026-06-25T15:01:00Z,93.88,93.89,93.88,93.89,94358
2026-06-25T15:02:00Z,93.89,93.89,93.86,93.87,148717
2026-06-25T15:03:00Z,93.87,93.87,93.85,93.85,98461
2026-06-25T15:04:00Z,93.85,93.86,93.85,93.86,146666
2026-06-25T15:05:00Z,93.86,93.86,93.85,93.85,119999
2026-06-25T15:06:00Z,93.85,93.85,93.83,93.83,85128
2026-06-25T15:07:00Z,93.83,93.83,93.81,93.81,101538
2026-06-25T15:08:00Z,93.81,93.84,93.81,93.83,61538
2026-06-25T15:09:00Z,93.83,93.84,93.79,93.80,61538
2026-06-25T15:10:00Z,93.80,93.80,93.79,93.80,136410
2026-06-25T15:11:00Z,93.80,93.81,93.78,93.78,147692
2026-06-25T15:12:00Z,93.78,93.78,93.75,93.76,95384
2026-06-25T15:13:00Z,93.76,93.76,93.75,93.76,63589
2026-06-25T15:14:00Z,93.76,93.76,93.75,93.75,131281
2026-06-25T15:15:00Z,93.75,93.77,93.74,93.76,135384
2026-06-25T15:16:00Z,93.76,93.77,93.76,93.76,78974
2026-06-25T15:17:00Z,93.76,93.77,93.74,93.75,92307
2026-06-25T15:18:00Z,93.75,93.76,93.74,93.75,56410
2026-06-25T15:19:00Z,93.75,93.80,93.75,93.79,78974
2026-06-25T15:20:00Z,93.79,93.79,93.76,93.77,91281
2026-06-25T15:21:00Z,93.77,93.77,93.72,93.73,129230
2026-06-25T15:22:00Z,93.73,93.74,93.73,93.73,89230
2026-06-25T15:23:00Z,93.73,93.74,93.70,93.71,97435
2026-06-25T15:24:00Z,93.71,93.71,93.71,93.71,62564
2026-06-25T15:25:00Z,93.71,93.73,93.71,93.72,66666
2026-06-25T15:26:00Z,93.72,93.74,93.71,93.74,97435
2026-06-25T15:27:00Z,93.74,93.76,93.73,93.76,85128
2026-06-25T15:28:00Z,93.76,93.78,93.76,93.78,63589
2026-06-25T15:29:00Z,93.78,93.78,93.77,93.77,55384
2026-06-25T15:30:00Z,93.77,93.79,93.77,93.79,84102
2026-06-25T15:31:00Z,93.79,93.80,93.77,93.78,138461
2026-06-25T15:32:00Z,93.78,93.79,93.75,93.75,147692
2026-06-25T15:33:00Z,93.75,93.75,93.73,93.73,130256
2026-06-25T15:34:00Z,93.73,93.75,93.72,93.75,66666
2026-06-25T15:35:00Z,93.75,93.78,93.75,93.78,57435
2026-06-25T15:36:00Z,93.78,93.80,93.78,93.79,51282
2026-06-25T15:37:00Z,93.79,93.80,93.79,93.79,67692
2026-06-25T15:38:00Z,93.79,93.81,93.79,93.81,143589
2026-06-25T15:39:00Z,93.81,93.81,93.81,93.81,136410
2026-06-25T15:40:00Z,93.81,93.81,93.79,93.80,92307
2026-06-25T15:41:00Z,93.80,93.81,93.77,93.78,141538
2026-06-25T15:42:00Z,93.78,93.79,93.78,93.78,88205
2026-06-25T15:43:00Z,93.78,93.79,93.78,93.79,110769
2026-06-25T15:44:00Z,93.79,93.80,93.79,93.80,131281
2026-06-25T15:45:00Z,93.80,93.81,93.80,93.81,56410
2026-06-25T15:46:00Z,93.81,93.81,93.81,93.81,89230
2026-06-25T15:47:00Z,93.81,93.83,93.81,93.83,134358
2026-06-25T15:48:00Z,93.83,93.83,93.82,93.82,53333
2026-06-25T15:49:00Z,93.82,93.82,93.82,93.82,94358
2026-06-25T15:50:00Z,93.82,93.83,93.82,93.83,96410
2026-06-25T15:51:00Z,93.83,93.83,93.81,93.81,55384
2026-06-25T15:52:00Z,93.81,93.81,93.80,93.80,117948
2026-06-25T15:53:00Z,93.80,93.80,93.77,93.77,57435
2026-06-25T15:54:00Z,93.77,93.78,93.77,93.78,94358
2026-06-25T15:55:00Z,93.78,93.78,93.77,93.77,65640
2026-06-25T15:56:00Z,93.77,93.77,93.73,93.73,152820
2026-06-25T15:57:00Z,93.73,93.74,93.73,93.74,59487
2026-06-25T15:58:00Z,93.74,93.76,93.73,93.75,93333
2026-06-25T15:59:00Z,93.75,93.77,93.75,93.77,148717
2026-06-25T16:00:00Z,93.77,93.77,93.76,93.77,150769
2026-06-25T16:01:00Z,93.77,93.77,93.77,93.77,58461
2026-06-25T16:02:00Z,93.77,93.78,93.77,93.78,125128
2026-06-25T16:03:00Z,93.78,93.78,93.77,93.77,137435
2026-06-25T16:04:00Z,93.77,93.78,93.76,93.76,123076
2026-06-25T16:05:00Z,93.76,93.76,93.75,93.75,123076
2026-06-25T16:06:00Z,93.75,93.77,93.75,93.76,111794
2026-06-25T16:07:00Z,93.76,93.76,93.75,93.76,63589
2026-06-25T16:08:00Z,93.76,93.77,93.76,93.77,97435
2026-06-25T16:09:00Z,93.77,93.79,93.77,93.79,75897
2026-06-25T16:10:00Z,93.79,93.82,93.79,93.82,91281
2026-06-25T16:11:00Z,93.82,93.83,93.80,93.80,117948
2026-06-25T16:12:00Z,93.80,93.80,93.80,93.80,136410
2026-06-25T16:13:00Z,93.80,93.80,93.77,93.77,56410
2026-06-25T16:14:00Z,93.77,93.80,93.77,93.79,101538
2026-06-25T16:15:00Z,93.79,93.79,93.77,93.77,113846
2026-06-25T16:16:00Z,93.77,93.78,93.76,93.78,73846
2026-06-25T16:17:00Z,93.78,93.79,93.75,93.76,100512
2026-06-25T16:18:00Z,93.76,93.76,93.76,93.76,130256
2026-06-25T16:19:00Z,93.76,93.77,93.75,93.77,85128
2026-06-25T16:20:00Z,93.77,93.77,93.77,93.77,90256
2026-06-25T16:21:00Z,93.77,93.79,93.77,93.78,102564
2026-06-25T16:22:00Z,93.78,93.78,93.75,93.76,74871
2026-06-25T16:23:00Z,93.76,93.77,93.75,93.77,97435
2026-06-25T16:24:00Z,93.77,93.77,93.77,93.77,82051
2026-06-25T16:25:00Z,93.77,93.80,93.77,93.79,66666
2026-06-25T16:26:00Z,93.79,93.80,93.79,93.79,89230
2026-06-25T16:27:00Z,93.79,93.81,93.79,93.80,135384
2026-06-25T16:28:00Z,93.80,93.81,93.80,93.80,144615
2026-06-25T16:29:00Z,93.80,93.81,93.79,93.80,117948
2026-06-25T16:30:00Z,93.80,93.81,93.79,93.79,114871
2026-06-25T16:31:00Z,93.79,93.81,93.79,93.81,58461
2026-06-25T16:32:00Z,93.81,93.82,93.81,93.82,117948
2026-06-25T16:33:00Z,93.82,93.83,93.79,93.80,79999
2026-06-25T16:34:00Z,93.80,93.82,93.79,93.82,143589
2026-06-25T16:35:00Z,93.82,93.84,93.81,93.84,130256
2026-06-25T16:36:00Z,93.84,93.85,93.84,93.85,75897
2026-06-25T16:37:00Z,93.85,93.86,93.85,93.86,104615
2026-06-25T16:38:00Z,93.86,93.86,93.84,93.84,67692
2026-06-25T16:39:00Z,93.84,93.85,93.83,93.83,79999
2026-06-25T16:40:00Z,93.83,93.84,93.83,93.84,100512
2026-06-25T16:41:00Z,93.84,93.84,93.83,93.84,117948
2026-06-25T16:42:00Z,93.84,93.85,93.83,93.84,101538
2026-06-25T16:43:00Z,93.84,93.87,93.83,93.86,149743
2026-06-25T16:44:00Z,93.86,93.86,93.85,93.85,128205
2026-06-25T16:45:00Z,93.85,93.85,93.85,93.85,68717
2026-06-25T16:46:00Z,93.85,93.87,93.84,93.86,70769
2026-06-25T16:47:00Z,93.86,93.87,93.86,93.87,79999
2026-06-25T16:48:00Z,93.87,93.88,93.86,93.88,131281
2026-06-25T16:49:00Z,93.88,93.88,93.87,93.88,94358
2026-06-25T16:50:00Z,93.88,93.88,93.86,93.87,150769
2026-06-25T16:51:00Z,93.87,93.88,93.87,93.88,149743
2026-06-25T16:52:00Z,93.88,93.88,93.85,93.86,142563
2026-06-25T16:53:00Z,93.86,93.89,93.86,93.88,128205
2026-06-25T16:54:00Z,93.88,93.89,93.85,93.85,137435
2026-06-25T16:55:00Z,93.85,93.85,93.83,93.84,137435
2026-06-25T16:56:00Z,93.84,93.86,93.84,93.85,121025
2026-06-25T16:57:00Z,93.85,93.85,93.85,93.85,139487
2026-06-25T16:58:00Z,93.85,93.86,93.85,93.86,145640
2026-06-25T16:59:00Z,93.86,93.87,93.84,93.85,57435
2026-06-25T17:00:00Z,93.85,93.86,93.84,93.84,132307
2026-06-25T17:01:00Z,93.84,93.85,93.81,93.81,74871
2026-06-25T17:02:00Z,93.81,93.82,93.80,93.80,141538
2026-06-25T17:03:00Z,93.80,93.80,93.78,93.79,94358
2026-06-25T17:04:00Z,93.79,93.80,93.79,93.80,124102
2026-06-25T17:05:00Z,93.80,93.80,93.80,93.80,150769
2026-06-25T17:06:00Z,93.80,93.80,93.78,93.78,75897
2026-06-25T17:07:00Z,93.78,93.79,93.77,93.78,91281
2026-06-25T17:08:00Z,93.78,93.79,93.78,93.79,72820
2026-06-25T17:09:00Z,93.79,93.81,93.79,93.81,122051
2026-06-25T17:10:00Z,93.81,93.83,93.81,93.82,64615
2026-06-25T17:11:00Z,93.82,93.82,93.79,93.80,72820
2026-06-25T17:12:00Z,93.80,93.82,93.80,93.81,110769
2026-06-25T17:13:00Z,93.81,93.82,93.81,93.82,140512
2026-06-25T17:14:00Z,93.82,93.83,93.82,93.82,131281
2026-06-25T17:15:00Z,93.82,93.82,93.81,93.81,133333
2026-06-25T17:16:00Z,93.81,93.83,93.80,93.82,112820
2026-06-25T17:17:00Z,93.82,93.84,93.81,93.84,142563
2026-06-25T17:18:00Z,93.84,93.84,93.82,93.83,68717
2026-06-25T17:19:00Z,93.83,93.83,93.83,93.83,130256
2026-06-25T17:20:00Z,93.83,93.85,93.83,93.85,98461
2026-06-25T17:21:00Z,93.85,93.86,93.84,93.85,89230
2026-06-25T17:22:00Z,93.85,93.85,93.84,93.85,141538
2026-06-25T17:23:00Z,93.85,93.90,93.84,93.89,125128
2026-06-25T17:24:00Z,93.89,93.90,93.88,93.89,147692
2026-06-25T17:25:00Z,93.89,93.90,93.88,93.88,52307
2026-06-25T17:26:00Z,93.88,93.88,93.86,93.86,81025
2026-06-25T17:27:00Z,93.86,93.86,93.84,93.84,56410
2026-06-25T17:28:00Z,93.84,93.86,93.84,93.85,143589
2026-06-25T17:29:00Z,93.85,93.86,93.85,93.86,152820
2026-06-25T17:30:00Z,93.86,93.87,93.85,93.85,92307
2026-06-25T17:31:00Z,93.85,93.85,93.83,93.83,118974
2026-06-25T17:32:00Z,93.83,93.84,93.83,93.83,85128
2026-06-25T17:33:00Z,93.83,93.84,93.83,93.83,78974
2026-06-25T17:34:00Z,93.83,93.83,93.81,93.81,96410
2026-06-25T17:35:00Z,93.81,93.81,93.80,93.81,73846
2026-06-25T17:36:00Z,93.81,93.81,93.80,93.81,133333
2026-06-25T17:37:00Z,93.81,93.82,93.80,93.80,90256
2026-06-25T17:38:00Z,93.80,93.80,93.78,93.79,112820
2026-06-25T17:39:00Z,93.79,93.82,93.78,93.81,73846
2026-06-25T17:40:00Z,93.81,93.82,93.81,93.82,63589
2026-06-25T17:41:00Z,93.82,93.83,93.79,93.80,109743
2026-06-25T17:42:00Z,93.80,93.83,93.79,93.83,111794
2026-06-25T17:43:00Z,93.83,93.84,93.82,93.83,128205
2026-06-25T17:44:00Z,93.83,93.84,93.83,93.84,141538
2026-06-25T17:45:00Z,93.84,93.85,93.84,93.85,78974
2026-06-25T17:46:00Z,93.85,93.87,93.85,93.86,64615
2026-06-25T17:47:00Z,93.86,93.87,93.86,93.87,106666
2026-06-25T17:48:00Z,93.87,93.90,93.87,93.90,131281
2026-06-25T17:49:00Z,93.90,93.90,93.89,93.89,67692
2026-06-25T17:50:00Z,93.89,93.91,93.89,93.91,67692
2026-06-25T17:51:00Z,93.91,93.91,93.89,93.89,150769
2026-06-25T17:52:00Z,93.89,93.90,93.89,93.90,153846
2026-06-25T17:53:00Z,93.90,93.90,93.87,93.88,132307
2026-06-25T17:54:00Z,93.88,93.88,93.88,93.88,89230
2026-06-25T17:55:00Z,93.88,93.89,93.85,93.86,136410
2026-06-25T17:56:00Z,93.86,93.87,93.86,93.87,79999
2026-06-25T17:57:00Z,93.87,93.88,93.85,93.86,72820
2026-06-25T17:58:00Z,93.86,93.87,93.85,93.87,145640
2026-06-25T17:59:00Z,93.87,93.89,93.86,93.89,149743
2026-06-25T18:00:00Z,93.89,93.90,93.87,93.87,144615
2026-06-25T18:01:00Z,93.87,93.87,93.84,93.85,96410
2026-06-25T18:02:00Z,93.85,93.86,93.84,93.85,84102
2026-06-25T18:03:00Z,93.85,93.87,93.85,93.87,107692
2026-06-25T18:04:00Z,93.87,93.87,93.87,93.87,92307
2026-06-25T18:05:00Z,93.87,93.89,93.87,93.88,117948
2026-06-25T18:06:00Z,93.88,93.89,93.87,93.88,78974
2026-06-25T18:07:00Z,93.88,93.89,93.88,93.89,133333
2026-06-25T18:08:00Z,93.89,93.90,93.88,93.89,73846
2026-06-25T18:09:00Z,93.89,93.91,93.89,93.91,151794
2026-06-25T18:10:00Z,93.91,93.91,93.90,93.90,122051
2026-06-25T18:11:00Z,93.90,93.92,93.90,93.92,51282
2026-06-25T18:12:00Z,93.92,93.93,93.92,93.92,83076
2026-06-25T18:13:00Z,93.92,93.93,93.91,93.93,91281
2026-06-25T18:14:00Z,93.93,93.93,93.90,93.90,68717
2026-06-25T18:15:00Z,93.90,93.90,93.88,93.88,100512
2026-06-25T18:16:00Z,93.88,93.90,93.88,93.89,64615
2026-06-25T18:17:00Z,93.89,93.90,93.88,93.90,99487
2026-06-25T18:18:00Z,93.90,93.91,93.87,93.87,135384
2026-06-25T18:19:00Z,93.87,93.87,93.86,93.86,85128
2026-06-25T18:20:00Z,93.86,93.86,93.86,93.86,53333
2026-06-25T18:21:00Z,93.86,93.87,93.85,93.87,105640
2026-06-25T18:22:00Z,93.87,93.88,93.86,93.86,104615
2026-06-25T18:23:00Z,93.86,93.87,93.86,93.87,105640
2026-06-25T18:24:00Z,93.87,93.87,93.87,93.87,104615
2026-06-25T18:25:00Z,93.87,93.88,93.87,93.87,78974
2026-06-25T18:26:00Z,93.87,93.87,93.84,93.84,149743
2026-06-25T18:27:00Z,93.84,93.86,93.83,93.85,103589
2026-06-25T18:28:00Z,93.85,93.85,93.82,93.83,112820
2026-06-25T18:29:00Z,93.83,93.84,93.80,93.80,131281
2026-06-25T18:30:00Z,93.80,93.80,93.79,93.79,72820
2026-06-25T18:31:00Z,93.79,93.79,93.78,93.79,124102
2026-06-25T18:32:00Z,93.79,93.82,93.79,93.81,62564
2026-06-25T18:33:00Z,93.81,93.81,93.77,93.77,67692
2026-06-25T18:34:00Z,93.77,93.80,93.77,93.80,74871
2026-06-25T18:35:00Z,93.80,93.81,93.80,93.81,128205
2026-06-25T18:36:00Z,93.81,93.81,93.79,93.79,130256
2026-06-25T18:37:00Z,93.79,93.81,93.79,93.80,147692
2026-06-25T18:38:00Z,93.80,93.80,93.80,93.80,106666
2026-06-25T18:39:00Z,93.80,93.81,93.79,93.79,64615
2026-06-25T18:40:00Z,93.79,93.79,93.77,93.78,124102
2026-06-25T18:41:00Z,93.78,93.80,93.78,93.79,63589
2026-06-25T18:42:00Z,93.79,93.79,93.78,93.79,70769
2026-06-25T18:43:00Z,93.79,93.79,93.79,93.79,127179
2026-06-25T18:44:00Z,93.79,93.80,93.78,93.78,109743
2026-06-25T18:45:00Z,93.78,93.79,93.77,93.79,90256
2026-06-25T18:46:00Z,93.79,93.80,93.74,93.75,141538
2026-06-25T18:47:00Z,93.75,93.76,93.75,93.76,69743
2026-06-25T18:48:00Z,93.76,93.80,93.75,93.79,110769
2026-06-25T18:49:00Z,93.79,93.80,93.79,93.79,58461
2026-06-25T18:50:00Z,93.79,93.79,93.79,93.79,72820
2026-06-25T18:51:00Z,93.79,93.80,93.79,93.80,85128
2026-06-25T18:52:00Z,93.80,93.80,93.80,93.80,77948
2026-06-25T18:53:00Z,93.80,93.80,93.79,93.79,79999
2026-06-25T18:54:00Z,93.79,93.79,93.77,93.77,100512
2026-06-25T18:55:00Z,93.77,93.79,93.77,93.78,67692
2026-06-25T18:56:00Z,93.78,93.78,93.77,93.77,86153
2026-06-25T18:57:00Z,93.77,93.79,93.77,93.78,85128
2026-06-25T18:58:00Z,93.78,93.78,93.76,93.77,117948
2026-06-25T18:59:00Z,93.77,93.79,93.77,93.79,56410
2026-06-25T19:00:00Z,93.79,93.81,93.79,93.81,135384
2026-06-25T19:01:00Z,93.81,93.81,93.81,93.81,141538
2026-06-25T19:02:00Z,93.81,93.82,93.81,93.82,57435
2026-06-25T19:03:00Z,93.82,93.83,93.81,93.82,138461
2026-06-25T19:04:00Z,93.82,93.84,93.81,93.84,145640
2026-06-25T19:05:00Z,93.84,93.85,93.84,93.85,96410
2026-06-25T19:06:00Z,93.85,93.86,93.84,93.85,53333
2026-06-25T19:07:00Z,93.85,93.86,93.85,93.86,132307
2026-06-25T19:08:00Z,93.86,93.89,93.85,93.88,64615
2026-06-25T19:09:00Z,93.88,93.88,93.88,93.88,114871
2026-06-25T19:10:00Z,93.88,93.88,93.85,93.86,151794
2026-06-25T19:11:00Z,93.86,93.86,93.85,93.85,108717
2026-06-25T19:12:00Z,93.85,93.85,93.83,93.83,88205
2026-06-25T19:13:00Z,93.83,93.83,93.81,93.81,144615
2026-06-25T19:14:00Z,93.81,93.82,93.81,93.82,119999
2026-06-25T19:15:00Z,93.82,93.83,93.79,93.79,124102
2026-06-25T19:16:00Z,93.79,93.79,93.78,93.78,142563
2026-06-25T19:17:00Z,93.78,93.79,93.77,93.77,94358
2026-06-25T19:18:00Z,93.77,93.77,93.77,93.77,126153
2026-06-25T19:19:00Z,93.77,93.80,93.77,93.79,82051
2026-06-25T19:20:00Z,93.79,93.81,93.78,93.81,150769
2026-06-25T19:21:00Z,93.81,93.81,93.78,93.79,150769
2026-06-25T19:22:00Z,93.79,93.80,93.79,93.80,152820
2026-06-25T19:23:00Z,93.80,93.80,93.80,93.80,67692
2026-06-25T19:24:00Z,93.80,93.81,93.80,93.81,84102
2026-06-25T19:25:00Z,93.81,93.82,93.81,93.82,104615
2026-06-25T19:26:00Z,93.82,93.82,93.81,93.81,138461
2026-06-25T19:27:00Z,93.81,93.81,93.81,93.81,58461
2026-06-25T19:28:00Z,93.81,93.84,93.81,93.84,93333
2026-06-25T19:29:00Z,93.84,93.84,93.83,93.84,109743
2026-06-25T19:30:00Z,93.84,93.85,93.84,93.84,137435
2026-06-25T19:31:00Z,93.84,93.86,93.83,93.85,135384
2026-06-25T19:32:00Z,93.85,93.85,93.84,93.84,82051
2026-06-25T19:33:00Z,93.84,93.84,93.84,93.84,67692
2026-06-25T19:34:00Z,93.84,93.86,93.83,93.86,118974
2026-06-25T19:35:00Z,93.86,93.86,93.84,93.84,140512
2026-06-25T19:36:00Z,93.84,93.85,93.82,93.83,89230
2026-06-25T19:37:00Z,93.83,93.84,93.82,93.84,67692
2026-06-25T19:38:00Z,93.84,93.84,93.83,93.83,99487
2026-06-25T19:39:00Z,93.83,93.85,93.82,93.84,107692
2026-06-25T19:40:00Z,93.84,93.85,93.82,93.83,121025
2026-06-25T19:41:00Z,93.83,93.86,93.82,93.86,133333
2026-06-25T19:42:00Z,93.86,93.86,93.85,93.85,103589
2026-06-25T19:43:00Z,93.85,93.85,93.85,93.85,82051
2026-06-25T19:44:00Z,93.85,93.85,93.84,93.84,101538
2026-06-25T19:45:00Z,93.84,93.84,93.82,93.82,58461
2026-06-25T19:46:00Z,93.82,93.82,93.81,93.81,119999
2026-06-25T19:47:00Z,93.81,93.82,93.81,93.82,77948
2026-06-25T19:48:00Z,93.82,93.83,93.82,93.82,138461
2026-06-25T19:49:00Z,93.82,93.82,93.81,93.81,128205
2026-06-25T19:50:00Z,93.81,93.82,93.81,93.82,122051
2026-06-25T19:51:00Z,93.82,93.82,93.79,93.80,147692
2026-06-25T19:52:00Z,93.80,93.81,93.80,93.81,128205
2026-06-25T19:53:00Z,93.81,93.82,93.81,93.82,108717
2026-06-25T19:54:00Z,93.82,93.83,93.78,93.78,148717
2026-06-25T19:55:00Z,93.78,93.79,93.77,93.77,69743
2026-06-25T19:56:00Z,93.77,93.77,93.76,93.76,150769
2026-06-25T19:57:00Z,93.76,93.77,93.76,93.77,104615
2026-06-25T19:58:00Z,93.77,93.80,93.76,93.80,85128
2026-06-25T19:59:00Z,93.80,93.81,93.79,93.81,94358
2026-06-26T13:30:00Z,93.81,93.81,93.81,93.81,124102
2026-06-26T13:31:00Z,93.81,93.82,93.81,93.81,125128
2026-06-26T13:32:00Z,93.81,93.83,93.81,93.82,58461
2026-06-26T13:33:00Z,93.82,93.83,93.82,93.83,76923
2026-06-26T13:34:00Z,93.83,93.84,93.81,93.81,62564
2026-06-26T13:35:00Z,93.81,93.81,93.81,93.81,146666
2026-06-26T13:36:00Z,93.81,93.83,93.80,93.83,149743
2026-06-26T13:37:00Z,93.83,93.83,93.82,93.83,83076
2026-06-26T13:38:00Z,93.83,93.83,93.80,93.81,124102
2026-06-26T13:39:00Z,93.81,93.81,93.79,93.80,93333
2026-06-26T13:40:00Z,93.80,93.81,93.79,93.81,61538
2026-06-26T13:41:00Z,93.81,93.81,93.80,93.80,117948
2026-06-26T13:42:00Z,93.80,93.81,93.79,93.80,83076
2026-06-26T13:43:00Z,93.80,93.81,93.79,93.80,127179
2026-06-26T13:44:00Z,93.80,93.80,93.80,93.80,51282
2026-06-26T13:45:00Z,93.80,93.81,93.79,93.81,106666
2026-06-26T13:46:00Z,93.81,93.82,93.81,93.82,75897
2026-06-26T13:47:00Z,93.82,93.82,93.79,93.79,106666
2026-06-26T13:48:00Z,93.79,93.79,93.78,93.79,83076
2026-06-26T13:49:00Z,93.79,93.79,93.79,93.79,61538
2026-06-26T13:50:00Z,93.79,93.79,93.77,93.77,90256
2026-06-26T13:51:00Z,93.77,93.77,93.76,93.77,81025
2026-06-26T13:52:00Z,93.77,93.79,93.76,93.78,102564
2026-06-26T13:53:00Z,93.78,93.79,93.77,93.79,117948
2026-06-26T13:54:00Z,93.79,93.79,93.77,93.77,68717
2026-06-26T13:55:00Z,93.77,93.77,93.77,93.77,111794
2026-06-26T13:56:00Z,93.77,93.79,93.77,93.78,69743
2026-06-26T13:57:00Z,93.78,93.79,93.78,93.78,119999
2026-06-26T13:58:00Z,93.78,93.78,93.75,93.76,133333
2026-06-26T13:59:00Z,93.76,93.76,93.73,93.74,59487
2026-06-26T14:00:00Z,93.74,93.74,93.71,93.72,145640
2026-06-26T14:01:00Z,93.72,93.72,93.72,93.72,89230
2026-06-26T14:02:00Z,93.72,93.72,93.70,93.71,144615
2026-06-26T14:03:00Z,93.71,93.72,93.71,93.72,117948
2026-06-26T14:04:00Z,93.72,93.72,93.72,93.72,100512
2026-06-26T14:05:00Z,93.72,93.74,93.71,93.74,138461
2026-06-26T14:06:00Z,93.74,93.75,93.74,93.74,71794
2026-06-26T14:07:00Z,93.74,93.75,93.73,93.75,64615
2026-06-26T14:08:00Z,93.75,93.75,93.71,93.72,54358
2026-06-26T14:09:00Z,93.72,93.72,93.72,93.72,123076
2026-06-26T14:10:00Z,93.72,93.72,93.69,93.69,84102
2026-06-26T14:11:00Z,93.69,93.70,93.68,93.69,140512
2026-06-26T14:12:00Z,93.69,93.70,93.68,93.69,73846
2026-06-26T14:13:00Z,93.69,93.70,93.69,93.70,81025
2026-06-26T14:14:00Z,93.70,93.70,93.68,93.69,66666
2026-06-26T14:15:00Z,93.69,93.71,93.68,93.70,144615
2026-06-26T14:16:00Z,93.70,93.70,93.69,93.70,86153
2026-06-26T14:17:00Z,93.70,93.71,93.70,93.71,147692
2026-06-26T14:18:00Z,93.71,93.71,93.70,93.70,79999
2026-06-26T14:19:00Z,93.70,93.71,93.70,93.71,70769
2026-06-26T14:20:00Z,93.71,93.72,93.70,93.71,112820
2026-06-26T14:21:00Z,93.71,93.72,93.71,93.72,152820
2026-06-26T14:22:00Z,93.72,93.73,93.72,93.73,64615
2026-06-26T14:23:00Z,93.73,93.75,93.73,93.75,123076
2026-06-26T14:24:00Z,93.75,93.75,93.75,93.75,73846
2026-06-26T14:25:00Z,93.75,93.78,93.74,93.77,129230
2026-06-26T14:26:00Z,93.77,93.77,93.76,93.77,65640
2026-06-26T14:27:00Z,93.77,93.78,93.77,93.78,118974
2026-06-26T14:28:00Z,93.78,93.79,93.78,93.78,54358
2026-06-26T14:29:00Z,93.78,93.79,93.75,93.75,68717
2026-06-26T14:30:00Z,93.75,93.75,93.74,93.74,117948
2026-06-26T14:31:00Z,93.74,93.74,93.73,93.74,65640
2026-06-26T14:32:00Z,93.74,93.76,93.74,93.75,144615
2026-06-26T14:33:00Z,93.75,93.76,93.75,93.76,70769
2026-06-26T14:34:00Z,93.76,93.77,93.75,93.76,91281
2026-06-26T14:35:00Z,93.76,93.77,93.75,93.76,131281
2026-06-26T14:36:00Z,93.76,93.78,93.76,93.77,56410
2026-06-26T14:37:00Z,93.77,93.78,93.76,93.78,53333
2026-06-26T14:38:00Z,93.78,93.79,93.75,93.76,127179
2026-06-26T14:39:00Z,93.76,93.77,93.76,93.77,100512
2026-06-26T14:40:00Z,93.77,93.77,93.76,93.77,109743
2026-06-26T14:41:00Z,93.77,93.78,93.77,93.77,94358
2026-06-26T14:42:00Z,93.77,93.79,93.76,93.78,101538
2026-06-26T14:43:00Z,93.78,93.79,93.76,93.76,112820
2026-06-26T14:44:00Z,93.76,93.78,93.76,93.77,135384
2026-06-26T14:45:00Z,93.77,93.78,93.77,93.77,81025
2026-06-26T14:46:00Z,93.77,93.79,93.77,93.78,123076
2026-06-26T14:47:00Z,93.78,93.80,93.78,93.79,148717
2026-06-26T14:48:00Z,93.79,93.80,93.78,93.80,141538
2026-06-26T14:49:00Z,93.80,93.80,93.79,93.80,54358
2026-06-26T14:50:00Z,93.80,93.80,93.79,93.80,134358
2026-06-26T14:51:00Z,93.80,93.83,93.80,93.82,105640
2026-06-26T14:52:00Z,93.82,93.83,93.81,93.82,130256
2026-06-26T14:53:00Z,93.82,93.83,93.82,93.83,100512
2026-06-26T14:54:00Z,93.83,93.84,93.82,93.84,136410
2026-06-26T14:55:00Z,93.84,93.86,93.84,93.86,72820
2026-06-26T14:56:00Z,93.86,93.86,93.85,93.85,72820
2026-06-26T14:57:00Z,93.85,93.87,93.85,93.87,72820
2026-06-26T14:58:00Z,93.87,93.87,93.87,93.87,89230
2026-06-26T14:59:00Z,93.87,93.88,93.87,93.88,113846
2026-06-26T15:00:00Z,93.88,93.88,93.87,93.87,94358
2026-06-26T15:01:00Z,93.87,93.88,93.83,93.84,123076
2026-06-26T15:02:00Z,93.84,93.85,93.82,93.82,110769
2026-06-26T15:03:00Z,93.82,93.83,93.82,93.82,87179
2026-06-26T15:04:00Z,93.82,93.84,93.81,93.83,61538
2026-06-26T15:05:00Z,93.83,93.83,93.82,93.83,93333
2026-06-26T15:06:00Z,93.83,93.85,93.83,93.84,133333
2026-06-26T15:07:00Z,93.84,93.84,93.81,93.82,55384
2026-06-26T15:08:00Z,93.82,93.83,93.82,93.83,78974
2026-06-26T15:09:00Z,93.83,93.83,93.82,93.82,75897
2026-06-26T15:10:00Z,93.82,93.82,93.81,93.82,138461
2026-06-26T15:11:00Z,93.82,93.83,93.81,93.82,97435
2026-06-26T15:12:00Z,93.82,93.84,93.81,93.83,121025
2026-06-26T15:13:00Z,93.83,93.84,93.83,93.84,51282
2026-06-26T15:14:00Z,93.84,93.85,93.80,93.81,121025
2026-06-26T15:15:00Z,93.81,93.81,93.81,93.81,94358
2026-06-26T15:16:00Z,93.81,93.82,93.81,93.81,119999
2026-06-26T15:17:00Z,93.81,93.83,93.80,93.82,132307
2026-06-26T15:18:00Z,93.82,93.84,93.81,93.84,149743
2026-06-26T15:19:00Z,93.84,93.85,93.84,93.85,88205
2026-06-26T15:20:00Z,93.85,93.87,93.84,93.86,153846
2026-06-26T15:21:00Z,93.86,93.86,93.85,93.85,135384
2026-06-26T15:22:00Z,93.85,93.85,93.82,93.82,103589
2026-06-26T15:23:00Z,93.82,93.82,93.81,93.82,104615
2026-06-26T15:24:00Z,93.82,93.85,93.82,93.84,71794
2026-06-26T15:25:00Z,93.84,93.85,93.84,93.85,150769
2026-06-26T15:26:00Z,93.85,93.87,93.84,93.86,144615
2026-06-26T15:27:00Z,93.86,93.87,93.85,93.87,89230
2026-06-26T15:28:00Z,93.87,93.87,93.86,93.86,119999
2026-06-26T15:29:00Z,93.86,93.87,93.86,93.87,130256
2026-06-26T15:30:00Z,93.87,93.87,93.86,93.86,99487
2026-06-26T15:31:00Z,93.86,93.90,93.86,93.90,64615
2026-06-26T15:32:00Z,93.90,93.90,93.89,93.89,79999
2026-06-26T15:33:00Z,93.89,93.92,93.88,93.91,105640
2026-06-26T15:34:00Z,93.91,93.91,93.91,93.91,57435
2026-06-26T15:35:00Z,93.91,93.92,93.91,93.92,66666
2026-06-26T15:36:00Z,93.92,93.92,93.89,93.90,54358
2026-06-26T15:37:00Z,93.90,93.91,93.89,93.90,87179
2026-06-26T15:38:00Z,93.90,93.92,93.89,93.92,53333
2026-06-26T15:39:00Z,93.92,93.95,93.91,93.95,57435
2026-06-26T15:40:00Z,93.95,93.95,93.92,93.92,140512
2026-06-26T15:41:00Z,93.92,93.93,93.91,93.91,85128
2026-06-26T15:42:00Z,93.91,93.92,93.89,93.90,52307
2026-06-26T15:43:00Z,93.90,93.90,93.88,93.88,84102
2026-06-26T15:44:00Z,93.88,93.88,93.88,93.88,56410
2026-06-26T15:45:00Z,93.88,93.89,93.85,93.85,141538
2026-06-26T15:46:00Z,93.85,93.85,93.84,93.85,98461
2026-06-26T15:47:00Z,93.85,93.86,93.84,93.85,128205
2026-06-26T15:48:00Z,93.85,93.86,93.84,93.86,94358
2026-06-26T15:49:00Z,93.86,93.88,93.85,93.87,64615
2026-06-26T15:50:00Z,93.87,93.88,93.85,93.86,149743
2026-06-26T15:51:00Z,93.86,93.86,93.86,93.86,108717
2026-06-26T15:52:00Z,93.86,93.88,93.86,93.87,60512
2026-06-26T15:53:00Z,93.87,93.91,93.87,93.91,84102
2026-06-26T15:54:00Z,93.91,93.92,93.90,93.92,112820
2026-06-26T15:55:00Z,93.92,93.93,93.90,93.90,116922
2026-06-26T15:56:00Z,93.90,93.91,93.90,93.91,88205
2026-06-26T15:57:00Z,93.91,93.92,93.89,93.90,128205
2026-06-26T15:58:00Z,93.90,93.90,93.89,93.90,65640
2026-06-26T15:59:00Z,93.90,93.92,93.90,93.91,128205
2026-06-26T16:00:00Z,93.91,93.91,93.90,93.91,82051
2026-06-26T16:01:00Z,93.91,93.92,93.90,93.90,135384
2026-06-26T16:02:00Z,93.90,93.90,93.90,93.90,81025
2026-06-26T16:03:00Z,93.90,93.90,93.90,93.90,77948
2026-06-26T16:04:00Z,93.90,93.90,93.90,93.90,144615
2026-06-26T16:05:00Z,93.90,93.91,93.89,93.89,73846
2026-06-26T16:06:00Z,93.89,93.91,93.89,93.91,132307
2026-06-26T16:07:00Z,93.91,93.92,93.90,93.92,144615
2026-06-26T16:08:00Z,93.92,93.92,93.92,93.92,125128
2026-06-26T16:09:00Z,93.92,93.93,93.92,93.92,106666
2026-06-26T16:10:00Z,93.92,93.92,93.92,93.92,124102
2026-06-26T16:11:00Z,93.92,93.94,93.92,93.93,65640
2026-06-26T16:12:00Z,93.93,93.95,93.93,93.94,133333
2026-06-26T16:13:00Z,93.94,93.95,93.93,93.93,93333
2026-06-26T16:14:00Z,93.93,93.94,93.93,93.94,65640
2026-06-26T16:15:00Z,93.94,93.94,93.91,93.92,70769
2026-06-26T16:16:00Z,93.92,93.94,93.92,93.93,127179
2026-06-26T16:17:00Z,93.93,93.94,93.93,93.94,119999
2026-06-26T16:18:00Z,93.94,93.96,93.93,93.95,72820
2026-06-26T16:19:00Z,93.95,93.96,93.95,93.96,60512
2026-06-26T16:20:00Z,93.96,93.97,93.96,93.96,153846
2026-06-26T16:21:00Z,93.96,93.96,93.95,93.95,89230
2026-06-26T16:22:00Z,93.95,93.95,93.93,93.93,134358
2026-06-26T16:23:00Z,93.93,93.94,93.93,93.94,75897
2026-06-26T16:24:00Z,93.94,93.94,93.94,93.94,125128
2026-06-26T16:25:00Z,93.94,93.96,93.94,93.95,106666
2026-06-26T16:26:00Z,93.95,93.96,93.94,93.94,137435
2026-06-26T16:27:00Z,93.94,93.95,93.94,93.94,64615
2026-06-26T16:28:00Z,93.94,93.95,93.93,93.95,148717
2026-06-26T16:29:00Z,93.95,93.96,93.92,93.93,101538
2026-06-26T16:30:00Z,93.93,93.93,93.92,93.93,116922
2026-06-26T16:31:00Z,93.93,93.94,93.91,93.91,63589
2026-06-26T16:32:00Z,93.91,93.92,93.91,93.91,58461
2026-06-26T16:33:00Z,93.91,93.92,93.91,93.92,51282
2026-06-26T16:34:00Z,93.92,93.93,93.91,93.92,136410
2026-06-26T16:35:00Z,93.92,93.95,93.92,93.94,87179
2026-06-26T16:36:00Z,93.94,93.94,93.94,93.94,117948
2026-06-26T16:37:00Z,93.94,93.94,93.94,93.94,84102
2026-06-26T16:38:00Z,93.94,93.94,93.94,93.94,97435
2026-06-26T16:39:00Z,93.94,93.94,93.93,93.94,99487
2026-06-26T16:40:00Z,93.94,93.95,93.92,93.93,137435
2026-06-26T16:41:00Z,93.93,93.94,93.92,93.93,60512
2026-06-26T16:42:00Z,93.93,93.93,93.92,93.92,138461
2026-06-26T16:43:00Z,93.92,93.92,93.91,93.91,141538
2026-06-26T16:44:00Z,93.91,93.91,93.91,93.91,93333
2026-06-26T16:45:00Z,93.91,93.93,93.91,93.92,105640
2026-06-26T16:46:00Z,93.92,93.93,93.90,93.90,92307
2026-06-26T16:47:00Z,93.90,93.91,93.90,93.90,98461
2026-06-26T16:48:00Z,93.90,93.91,93.89,93.89,137435
2026-06-26T16:49:00Z,93.89,93.89,93.88,93.89,92307
2026-06-26T16:50:00Z,93.89,93.89,93.89,93.89,119999
2026-06-26T16:51:00Z,93.89,93.90,93.88,93.88,102564
2026-06-26T16:52:00Z,93.88,93.89,93.88,93.88,86153
2026-06-26T16:53:00Z,93.88,93.88,93.87,93.88,86153
2026-06-26T16:54:00Z,93.88,93.88,93.83,93.84,130256
2026-06-26T16:55:00Z,93.84,93.84,93.84,93.84,123076
2026-06-26T16:56:00Z,93.84,93.86,93.84,93.85,147692
2026-06-26T16:57:00Z,93.85,93.86,93.85,93.86,143589
2026-06-26T16:58:00Z,93.86,93.86,93.83,93.83,107692
2026-06-26T16:59:00Z,93.83,93.85,93.83,93.84,66666
2026-06-26T17:00:00Z,93.84,93.84,93.83,93.84,51282
2026-06-26T17:01:00Z,93.84,93.87,93.84,93.87,115897
2026-06-26T17:02:00Z,93.87,93.87,93.85,93.85,64615
2026-06-26T17:03:00Z,93.85,93.85,93.82,93.82,93333
2026-06-26T17:04:00Z,93.82,93.83,93.82,93.83,63589
2026-06-26T17:05:00Z,93.83,93.86,93.83,93.85,106666
2026-06-26T17:06:00Z,93.85,93.86,93.84,93.84,62564
2026-06-26T17:07:00Z,93.84,93.84,93.83,93.83,147692
2026-06-26T17:08:00Z,93.83,93.83,93.83,93.83,53333
2026-06-26T17:09:00Z,93.83,93.84,93.83,93.84,89230
2026-06-26T17:10:00Z,93.84,93.85,93.81,93.82,64615
2026-06-26T17:11:00Z,93.82,93.82,93.79,93.79,108717
2026-06-26T17:12:00Z,93.79,93.79,93.78,93.78,70769
2026-06-26T17:13:00Z,93.78,93.78,93.78,93.78,87179
2026-06-26T17:14:00Z,93.78,93.78,93.77,93.77,121025
2026-06-26T17:15:00Z,93.77,93.77,93.77,93.77,148717
2026-06-26T17:16:00Z,93.77,93.77,93.75,93.76,92307
2026-06-26T17:17:00Z,93.76,93.77,93.76,93.77,88205
2026-06-26T17:18:00Z,93.77,93.79,93.77,93.79,103589
2026-06-26T17:19:00Z,93.79,93.79,93.78,93.79,153846
2026-06-26T17:20:00Z,93.79,93.79,93.77,93.77,75897
2026-06-26T17:21:00Z,93.77,93.77,93.77,93.77,86153
2026-06-26T17:22:00Z,93.77,93.79,93.76,93.78,145640
2026-06-26T17:23:00Z,93.78,93.78,93.77,93.77,152820
2026-06-26T17:24:00Z,93.77,93.77,93.75,93.75,133333
2026-06-26T17:25:00Z,93.75,93.77,93.75,93.76,129230
2026-06-26T17:26:00Z,93.76,93.76,93.76,93.76,148717
2026-06-26T17:27:00Z,93.76,93.77,93.76,93.77,60512
2026-06-26T17:28:00Z,93.77,93.78,93.76,93.77,104615
2026-06-26T17:29:00Z,93.77,93.78,93.77,93.78,146666
2026-06-26T17:30:00Z,93.78,93.78,93.76,93.77,63589
2026-06-26T17:31:00Z,93.77,93.78,93.74,93.74,78974
2026-06-26T17:32:00Z,93.74,93.76,93.74,93.76,76923
2026-06-26T17:33:00Z,93.76,93.76,93.72,93.73,145640
2026-06-26T17:34:00Z,93.73,93.74,93.72,93.74,94358
2026-06-26T17:35:00Z,93.74,93.75,93.74,93.74,152820
2026-06-26T17:36:00Z,93.74,93.75,93.74,93.75,139487
2026-06-26T17:37:00Z,93.75,93.78,93.75,93.78,85128
2026-06-26T17:38:00Z,93.78,93.79,93.77,93.79,145640
2026-06-26T17:39:00Z,93.79,93.79,93.79,93.79,142563
2026-06-26T17:40:00Z,93.79,93.79,93.78,93.78,144615
2026-06-26T17:41:00Z,93.78,93.78,93.76,93.76,87179
2026-06-26T17:42:00Z,93.76,93.77,93.76,93.76,59487
2026-06-26T17:43:00Z,93.76,93.77,93.75,93.75,88205
2026-06-26T17:44:00Z,93.75,93.76,93.75,93.76,144615
2026-06-26T17:45:00Z,93.76,93.76,93.74,93.74,106666
2026-06-26T17:46:00Z,93.74,93.74,93.73,93.73,114871
2026-06-26T17:47:00Z,93.73,93.76,93.72,93.75,152820
2026-06-26T17:48:00Z,93.75,93.75,93.74,93.74,83076
2026-06-26T17:49:00Z,93.74,93.74,93.74,93.74,59487
2026-06-26T17:50:00Z,93.74,93.74,93.73,93.73,116922
2026-06-26T17:51:00Z,93.73,93.74,93.72,93.74,103589
2026-06-26T17:52:00Z,93.74,93.77,93.74,93.76,69743
2026-06-26T17:53:00Z,93.76,93.78,93.76,93.77,89230
2026-06-26T17:54:00Z,93.77,93.77,93.75,93.76,152820
2026-06-26T17:55:00Z,93.76,93.76,93.75,93.75,129230
2026-06-26T17:56:00Z,93.75,93.76,93.75,93.75,97435
2026-06-26T17:57:00Z,93.75,93.76,93.75,93.75,62564
2026-06-26T17:58:00Z,93.75,93.76,93.75,93.75,135384
2026-06-26T17:59:00Z,93.75,93.75,93.75,93.75,86153
2026-06-26T18:00:00Z,93.75,93.76,93.69,93.70,126153
2026-06-26T18:01:00Z,93.70,93.70,93.69,93.69,113846
2026-06-26T18:02:00Z,93.69,93.70,93.69,93.70,61538
2026-06-26T18:03:00Z,93.70,93.70,93.67,93.68,92307
2026-06-26T18:04:00Z,93.68,93.69,93.68,93.69,85128
2026-06-26T18:05:00Z,93.69,93.69,93.69,93.69,105640
2026-06-26T18:06:00Z,93.69,93.69,93.68,93.68,68717
2026-06-26T18:07:00Z,93.68,93.69,93.64,93.65,94358
2026-06-26T18:08:00Z,93.65,93.67,93.65,93.66,126153
2026-06-26T18:09:00Z,93.66,93.66,93.66,93.66,125128
2026-06-26T18:10:00Z,93.66,93.70,93.66,93.70,131281
2026-06-26T18:11:00Z,93.70,93.70,93.69,93.69,131281
2026-06-26T18:12:00Z,93.69,93.71,93.69,93.71,73846
2026-06-26T18:13:00Z,93.71,93.71,93.70,93.71,136410
2026-06-26T18:14:00Z,93.71,93.72,93.68,93.68,111794
2026-06-26T18:15:00Z,93.68,93.68,93.68,93.68,111794
2026-06-26T18:16:00Z,93.68,93.68,93.68,93.68,88205
2026-06-26T18:17:00Z,93.68,93.69,93.68,93.69,130256
2026-06-26T18:18:00Z,93.69,93.69,93.69,93.69,84102
2026-06-26T18:19:00Z,93.69,93.69,93.66,93.67,96410
2026-06-26T18:20:00Z,93.67,93.68,93.64,93.64,67692
2026-06-26T18:21:00Z,93.64,93.66,93.64,93.66,138461
2026-06-26T18:22:00Z,93.66,93.67,93.66,93.66,61538
2026-06-26T18:23:00Z,93.66,93.66,93.64,93.64,101538
2026-06-26T18:24:00Z,93.64,93.64,93.64,93.64,132307
2026-06-26T18:25:00Z,93.64,93.64,93.64,93.64,62564
2026-06-26T18:26:00Z,93.64,93.64,93.63,93.64,142563
2026-06-26T18:27:00Z,93.64,93.67,93.64,93.67,139487
2026-06-26T18:28:00Z,93.67,93.68,93.66,93.66,148717
2026-06-26T18:29:00Z,93.66,93.68,93.65,93.68,58461
2026-06-26T18:30:00Z,93.68,93.69,93.68,93.68,100512
2026-06-26T18:31:00Z,93.68,93.71,93.68,93.70,91281
2026-06-26T18:32:00Z,93.70,93.71,93.70,93.71,78974
2026-06-26T18:33:00Z,93.71,93.73,93.70,93.73,105640
2026-06-26T18:34:00Z,93.73,93.74,93.73,93.73,135384
2026-06-26T18:35:00Z,93.73,93.74,93.72,93.72,139487
2026-06-26T18:36:00Z,93.72,93.73,93.70,93.70,148717
2026-06-26T18:37:00Z,93.70,93.71,93.69,93.69,127179
2026-06-26T18:38:00Z,93.69,93.73,93.68,93.72,114871
2026-06-26T18:39:00Z,93.72,93.72,93.71,93.72,138461
2026-06-26T18:40:00Z,93.72,93.72,93.72,93.72,96410
2026-06-26T18:41:00Z,93.72,93.73,93.72,93.73,91281
2026-06-26T18:42:00Z,93.73,93.74,93.69,93.70,65640
2026-06-26T18:43:00Z,93.70,93.70,93.69,93.70,121025
2026-06-26T18:44:00Z,93.70,93.70,93.67,93.67,119999
2026-06-26T18:45:00Z,93.67,93.68,93.67,93.68,61538
2026-06-26T18:46:00Z,93.68,93.69,93.67,93.68,70769
2026-06-26T18:47:00Z,93.68,93.69,93.68,93.69,142563
2026-06-26T18:48:00Z,93.69,93.69,93.67,93.68,64615
2026-06-26T18:49:00Z,93.68,93.68,93.66,93.67,69743
2026-06-26T18:50:00Z,93.67,93.68,93.67,93.68,84102
2026-06-26T18:51:00Z,93.68,93.70,93.68,93.70,96410
2026-06-26T18:52:00Z,93.70,93.70,93.67,93.67,147692
2026-06-26T18:53:00Z,93.67,93.70,93.66,93.70,83076
2026-06-26T18:54:00Z,93.70,93.70,93.69,93.70,132307
2026-06-26T18:55:00Z,93.70,93.70,93.68,93.68,53333
2026-06-26T18:56:00Z,93.68,93.68,93.67,93.67,81025
2026-06-26T18:57:00Z,93.67,93.67,93.67,93.67,93333
2026-06-26T18:58:00Z,93.67,93.67,93.67,93.67,143589
2026-06-26T18:59:00Z,93.67,93.68,93.67,93.68,153846
2026-06-26T19:00:00Z,93.68,93.69,93.67,93.69,100512
2026-06-26T19:01:00Z,93.69,93.69,93.68,93.68,60512
2026-06-26T19:02:00Z,93.68,93.69,93.68,93.69,114871
2026-06-26T19:03:00Z,93.69,93.69,93.68,93.68,59487
2026-06-26T19:04:00Z,93.68,93.71,93.67,93.70,133333
2026-06-26T19:05:00Z,93.70,93.70,93.68,93.69,85128
2026-06-26T19:06:00Z,93.69,93.72,93.68,93.72,110769
2026-06-26T19:07:00Z,93.72,93.74,93.72,93.74,62564
2026-06-26T19:08:00Z,93.74,93.75,93.74,93.75,64615
2026-06-26T19:09:00Z,93.75,93.76,93.72,93.73,60512
2026-06-26T19:10:00Z,93.73,93.74,93.73,93.74,71794
2026-06-26T19:11:00Z,93.74,93.74,93.72,93.72,128205
2026-06-26T19:12:00Z,93.72,93.72,93.70,93.71,56410
2026-06-26T19:13:00Z,93.71,93.71,93.71,93.71,147692
2026-06-26T19:14:00Z,93.71,93.72,93.70,93.71,125128
2026-06-26T19:15:00Z,93.71,93.72,93.71,93.71,143589
2026-06-26T19:16:00Z,93.71,93.72,93.71,93.71,131281
2026-06-26T19:17:00Z,93.71,93.73,93.71,93.73,61538
2026-06-26T19:18:00Z,93.73,93.74,93.72,93.72,54358
2026-06-26T19:19:00Z,93.72,93.72,93.69,93.70,60512
2026-06-26T19:20:00Z,93.70,93.70,93.70,93.70,83076
2026-06-26T19:21:00Z,93.70,93.70,93.69,93.70,76923
2026-06-26T19:22:00Z,93.70,93.72,93.69,93.71,150769
2026-06-26T19:23:00Z,93.71,93.71,93.70,93.70,151794
2026-06-26T19:24:00Z,93.70,93.71,93.69,93.70,116922
2026-06-26T19:25:00Z,93.70,93.70,93.69,93.70,60512
2026-06-26T19:26:00Z,93.70,93.71,93.69,93.71,67692
2026-06-26T19:27:00Z,93.71,93.72,93.69,93.69,153846
2026-06-26T19:28:00Z,93.69,93.70,93.69,93.70,106666
2026-06-26T19:29:00Z,93.70,93.71,93.70,93.71,98461
2026-06-26T19:30:00Z,93.71,93.72,93.69,93.69,133333
2026-06-26T19:31:00Z,93.69,93.69,93.68,93.69,90256
2026-06-26T19:32:00Z,93.69,93.69,93.68,93.68,87179
2026-06-26T19:33:00Z,93.68,93.69,93.66,93.67,100512
2026-06-26T19:34:00Z,93.67,93.69,93.67,93.68,105640
2026-06-26T19:35:00Z,93.68,93.68,93.67,93.68,126153
2026-06-26T19:36:00Z,93.68,93.68,93.67,93.67,81025
2026-06-26T19:37:00Z,93.67,93.67,93.64,93.65,92307
2026-06-26T19:38:00Z,93.65,93.65,93.63,93.64,153846
2026-06-26T19:39:00Z,93.64,93.67,93.64,93.67,78974
2026-06-26T19:40:00Z,93.67,93.67,93.65,93.65,110769
2026-06-26T19:41:00Z,93.65,93.66,93.65,93.65,130256
2026-06-26T19:42:00Z,93.65,93.66,93.65,93.65,142563
2026-06-26T19:43:00Z,93.65,93.65,93.65,93.65,129230
2026-06-26T19:44:00Z,93.65,93.66,93.65,93.65,136410
2026-06-26T19:45:00Z,93.65,93.65,93.63,93.64,135384
2026-06-26T19:46:00Z,93.64,93.65,93.64,93.64,113846
2026-06-26T19:47:00Z,93.64,93.64,93.63,93.64,134358
2026-06-26T19:48:00Z,93.64,93.65,93.63,93.63,51282
2026-06-26T19:49:00Z,93.63,93.64,93.62,93.62,115897
2026-06-26T19:50:00Z,93.62,93.63,93.61,93.61,97435
2026-06-26T19:51:00Z,93.61,93.64,93.61,93.63,129230
2026-06-26T19:52:00Z,93.63,93.64,93.60,93.61,91281
2026-06-26T19:53:00Z,93.61,93.61,93.59,93.59,76923
2026-06-26T19:54:00Z,93.59,93.62,93.59,93.62,133333
2026-06-26T19:55:00Z,93.62,93.62,93.60,93.60,67692
2026-06-26T19:56:00Z,93.60,93.61,93.60,93.60,58461
2026-06-26T19:57:00Z,93.60,93.61,93.60,93.60,124102
2026-06-26T19:58:00Z,93.60,93.62,93.60,93.62,82051
2026-06-26T19:59:00Z,93.62,93.62,93.62,93.62,69743
