open_time_utc,open,high,low,close,volume
2026-06-22T00:00:00Z,43481.51,43498.51,43472.82,43494.17,10
2026-06-22T00:01:00Z,43494.17,43502.86,43459.00,43467.69,16
2026-06-22T00:02:00Z,43467.69,43502.09,43467.69,43484.70,16
2026-06-22T00:03:00Z,43484.70,43527.80,43476.01,43514.75,18
2026-06-22T00:04:00Z,43514.75,43519.10,43505.67,43514.37,24
2026-06-22T00:05:00Z,43514.37,43531.40,43505.67,43518.35,11
2026-06-22T00:06:00Z,43518.35,43570.18,43505.30,43552.76,12
2026-06-22T00:07:00Z,43552.76,43561.47,43543.67,43548.02,15
2026-06-22T00:08:00Z,43548.02,43569.42,43543.67,43552.00,19
2026-06-22T00:09:00Z,43552.00,43569.42,43538.56,43542.91,17
2026-06-22T00:10:00Z,43542.91,43555.97,43512.07,43529.48,13
2026-06-22T00:11:00Z,43529.48,43542.14,43529.48,43537.79,24
2026-06-22T00:12:00Z,43537.79,43537.79,43520.00,43537.41,24
2026-06-22T00:13:00Z,43537.41,43567.49,43528.71,43558.78,24
2026-06-22T00:14:00Z,43558.78,43563.13,43532.29,43532.29,19
2026-06-22T00:15:00Z,43532.29,43536.26,43519.24,43536.26,13
2026-06-22T00:16:00Z,43536.26,43561.99,43527.56,43553.28,22
2026-06-22T00:17:00Z,43553.28,43565.94,43540.22,43565.94,21
2026-06-22T00:18:00Z,43565.94,43609.07,43552.88,43596.00,18
2026-06-22T00:19:00Z,43596.00,43626.11,43578.57,43613.03,14
2026-06-22T00:20:00Z,43613.03,43626.11,43599.57,43603.93,25
2026-06-22T00:21:00Z,43603.93,43638.39,43595.21,43629.67,12
2026-06-22T00:22:00Z,43629.67,43629.67,43611.83,43629.28,9
2026-06-22T00:23:00Z,43629.28,43646.73,43611.48,43611.48,10
2026-06-22T00:24:00Z,43611.48,43659.01,43594.04,43641.56,24
2026-06-22T00:25:00Z,43641.56,43645.92,43623.75,43623.75,23
2026-06-22T00:26:00Z,43623.75,43649.48,43610.67,43649.48,16
2026-06-22T00:27:00Z,43649.48,43670.87,43649.48,43670.87,25
2026-06-22T00:28:00Z,43670.87,43679.20,43662.14,43674.84,18
2026-06-22T00:29:00Z,43674.84,43692.30,43670.10,43674.46,15
2026-06-22T00:30:00Z,43674.46,43695.85,43665.73,43691.49,23
2026-06-22T00:31:00Z,43691.49,43700.22,43669.30,43678.03,23
2026-06-22T00:32:00Z,43678.03,43682.39,43677.65,43677.65,14
2026-06-22T00:33:00Z,43677.65,43677.65,43668.55,43668.55,9
2026-06-22T00:34:00Z,43668.55,43681.23,43659.82,43676.87,20
2026-06-22T00:35:00Z,43676.87,43711.38,43659.40,43693.91,14
2026-06-22T00:36:00Z,43693.91,43693.91,43667.35,43680.45,17
2026-06-22T00:37:00Z,43680.45,43689.18,43645.20,43658.29,15
2026-06-22T00:38:00Z,43658.29,43667.02,43623.09,43631.81,15
2026-06-22T00:39:00Z,43631.81,43640.53,43600.94,43618.38,23
2026-06-22T00:40:00Z,43618.38,43622.74,43604.97,43604.97,13
2026-06-22T00:41:00Z,43604.97,43630.66,43587.53,43630.66,23
2026-06-22T00:42:00Z,43630.66,43643.74,43612.83,43630.28,16
2026-06-22T00:43:00Z,43630.28,43630.28,43621.22,43621.22,10
2026-06-22T00:44:00Z,43621.22,43673.02,43603.78,43664.29,17
2026-06-22T00:45:00Z,43664.29,43685.68,43664.29,43676.95,13
2026-06-22T00:46:00Z,43676.95,43707.04,43676.95,43702.67,20
2026-06-22T00:47:00Z,43702.67,43702.67,43693.57,43697.93,15
2026-06-22T00:48:00Z,43697.93,43706.66,43675.72,43693.19,16
2026-06-22T00:49:00Z,43693.19,43693.19,43666.69,43675.42,11
2026-06-22T00:50:00Z,43675.42,43692.43,43666.69,43692.43,13
2026-06-22T00:51:00Z,43692.43,43705.14,43683.70,43696.41,9
2026-06-22T00:52:00Z,43696.41,43726.53,43683.31,43713.42,17
2026-06-22T00:53:00Z,43713.42,43730.90,43682.51,43699.98,19
2026-06-22T00:54:00Z,43699.98,43717.45,43677.81,43690.91,12
2026-06-22T00:55:00Z,43690.91,43704.01,43668.73,43681.83,20
2026-06-22T00:56:00Z,43681.83,43716.26,43677.47,43707.52,13
2026-06-22T00:57:00Z,43707.52,43716.26,43707.15,43707.15,8
2026-06-22T00:58:00Z,43707.15,43719.81,43698.41,43719.81,23
2026-06-22T00:59:00Z,43719.81,43732.92,43706.37,43710.74,14
2026-06-22T01:00:00Z,43710.74,43740.00,43693.26,43735.63,9
2026-06-22T01:01:00Z,43735.63,43744.37,43725.55,43725.55,13
2026-06-22T01:02:00Z,43725.55,43743.04,43724.21,43724.21,14
2026-06-22T01:03:00Z,43724.21,43753.49,43719.84,43740.37,10
2026-06-22T01:04:00Z,43740.37,43744.74,43734.66,43734.66,23
2026-06-22T01:05:00Z,43734.66,43752.15,43711.47,43724.58,23
2026-06-22T01:06:00Z,43724.58,43737.69,43710.14,43723.25,24
2026-06-22T01:07:00Z,43723.25,43736.36,43695.69,43695.69,25
2026-06-22T01:08:00Z,43695.69,43708.79,43668.16,43672.52,9
2026-06-22T01:09:00Z,43672.52,43672.52,43649.38,43666.84,16
2026-06-22T01:10:00Z,43666.84,43671.20,43643.69,43656.78,17
2026-06-22T01:11:00Z,43656.78,43656.78,43633.65,43642.37,22
2026-06-22T01:12:00Z,43642.37,43675.94,43638.01,43662.85,14
2026-06-22T01:13:00Z,43662.85,43680.31,43635.35,43652.81,8
2026-06-22T01:14:00Z,43652.81,43670.27,43647.12,43647.12,19
2026-06-22T01:15:00Z,43647.12,43680.68,43629.67,43680.68,9
2026-06-22T01:16:00Z,43680.68,43709.92,43663.21,43692.45,20
2026-06-22T01:17:00Z,43692.45,43721.68,43674.98,43712.94,11
2026-06-22T01:18:00Z,43712.94,43730.42,43711.61,43711.61,11
2026-06-22T01:19:00Z,43711.61,43715.98,43684.09,43697.19,11
2026-06-22T01:20:00Z,43697.19,43701.55,43678.40,43687.13,17
2026-06-22T01:21:00Z,43687.13,43703.25,43687.13,43703.25,23
2026-06-22T01:22:00Z,43703.25,43728.12,43694.51,43715.01,25
2026-06-22T01:23:00Z,43715.01,43735.53,43697.53,43722.42,10
2026-06-22T01:24:00Z,43722.42,43756.03,43713.68,43742.91,20
2026-06-22T01:25:00Z,43742.91,43750.31,43734.17,43750.31,17
2026-06-22T01:26:00Z,43750.31,43770.84,43737.19,43762.09,14
2026-06-22T01:27:00Z,43762.09,43778.25,43762.09,43765.13,19
2026-06-22T01:28:00Z,43765.13,43773.88,43750.68,43763.80,16
2026-06-22T01:29:00Z,43763.80,43793.07,43763.80,43784.32,17
2026-06-22T01:30:00Z,43784.32,43804.85,43784.32,43791.72,11
2026-06-22T01:31:00Z,43791.72,43804.85,43777.28,43777.28,19
2026-06-22T01:32:00Z,43777.28,43786.03,43758.45,43771.58,18
2026-06-22T01:33:00Z,43771.58,43787.73,43758.45,43787.73,20
2026-06-22T01:34:00Z,43787.73,43796.48,43747.07,43755.82,12
2026-06-22T01:35:00Z,43755.82,43767.58,43747.07,43767.58,21
2026-06-22T01:36:00Z,43767.58,43776.33,43757.51,43766.26,15
2026-06-22T01:37:00Z,43766.26,43799.90,43748.76,43782.39,17
2026-06-22T01:38:00Z,43782.39,43820.41,43778.02,43802.89,21
2026-06-22T01:39:00Z,43802.89,43827.80,43789.75,43819.04,20
2026-06-22T01:40:00Z,43819.04,43857.07,43810.28,43843.92,17
2026-06-22T01:41:00Z,43843.92,43881.94,43826.39,43877.56,13
2026-06-22T01:42:00Z,43877.56,43880.60,43877.56,43880.60,13
2026-06-22T01:43:00Z,43880.60,43896.77,43871.83,43896.77,25
2026-06-22T01:44:00Z,43896.77,43904.19,43892.39,43899.81,13
2026-06-22T01:45:00Z,43899.81,43902.85,43899.81,43902.85,18
2026-06-22T01:46:00Z,43902.85,43932.21,43885.29,43914.65,25
2026-06-22T01:47:00Z,43914.65,43939.62,43910.26,43922.06,20
2026-06-22T01:48:00Z,43922.06,43951.37,43904.50,43946.98,13
2026-06-22T01:49:00Z,43946.98,43963.21,43938.20,43950.03,14
2026-06-22T01:50:00Z,43950.03,43967.61,43917.98,43935.55,15
2026-06-22T01:51:00Z,43935.55,43939.94,43912.28,43925.45,24
2026-06-22T01:52:00Z,43925.45,43925.45,43910.96,43915.35,25
2026-06-22T01:53:00Z,43915.35,43944.69,43897.79,43931.52,19
2026-06-22T01:54:00Z,43931.52,43944.69,43917.02,43925.80,10
2026-06-22T01:55:00Z,43925.80,43943.37,43902.57,43906.96,19
2026-06-22T01:56:00Z,43906.96,43918.77,43893.79,43914.38,17
2026-06-22T01:57:00Z,43914.38,43921.81,43896.82,43917.42,18
2026-06-22T01:58:00Z,43917.42,43930.59,43889.77,43907.33,10
2026-06-22T01:59:00Z,43907.33,43936.66,43902.94,43923.49,12
2026-06-22T02:00:00Z,43923.49,43924.78,43919.10,43924.78,12
2026-06-22T02:01:00Z,43924.78,43937.95,43886.55,43904.11,13
2026-06-22T02:02:00Z,43904.11,43909.80,43895.33,43905.41,16
2026-06-22T02:03:00Z,43905.41,43915.49,43901.02,43911.10,22
2026-06-22T02:04:00Z,43911.10,43943.13,43897.93,43938.74,22
2026-06-22T02:05:00Z,43938.74,43948.82,43934.35,43944.43,19
2026-06-22T02:06:00Z,43944.43,43980.88,43940.04,43972.09,21
2026-06-22T02:07:00Z,43972.09,43999.76,43967.70,43999.76,9
2026-06-22T02:08:00Z,43999.76,44045.04,43995.37,44031.84,19
2026-06-22T02:09:00Z,44031.84,44045.04,44019.93,44024.33,11
2026-06-22T02:10:00Z,44024.33,44047.64,44019.93,44030.03,19
2026-06-22T02:11:00Z,44030.03,44044.53,44030.03,44031.33,12
2026-06-22T02:12:00Z,44031.33,44067.84,44026.93,44059.03,17
2026-06-22T02:13:00Z,44059.03,44059.03,44042.71,44042.71,25
2026-06-22T02:14:00Z,44042.71,44079.22,44038.31,44079.22,12
2026-06-22T02:15:00Z,44079.22,44084.92,44070.41,44084.92,21
2026-06-22T02:16:00Z,44084.92,44103.84,44080.52,44090.62,22
2026-06-22T02:17:00Z,44090.62,44109.53,44086.22,44096.31,13
2026-06-22T02:18:00Z,44096.31,44113.94,44079.98,44088.79,23
2026-06-22T02:19:00Z,44088.79,44112.12,44088.79,44107.71,10
2026-06-22T02:20:00Z,44107.71,44148.70,44107.71,44131.05,22
2026-06-22T02:21:00Z,44131.05,44145.58,44126.64,44141.17,23
2026-06-22T02:22:00Z,44141.17,44151.29,44123.52,44142.47,20
2026-06-22T02:23:00Z,44142.47,44155.71,44130.53,44130.53,25
2026-06-22T02:24:00Z,44130.53,44145.05,44130.53,44140.64,9
2026-06-22T02:25:00Z,44140.64,44158.29,44137.51,44137.51,18
2026-06-22T02:26:00Z,44137.51,44165.28,44119.86,44147.63,21
2026-06-22T02:27:00Z,44147.63,44147.63,44104.82,44122.46,10
2026-06-22T02:28:00Z,44122.46,44126.87,44101.71,44110.53,15
2026-06-22T02:29:00Z,44110.53,44129.45,44097.30,44129.45,9
2026-06-22T02:30:00Z,44129.45,44166.02,44125.04,44161.61,24
2026-06-22T02:31:00Z,44161.61,44162.91,44161.61,44162.91,16
2026-06-22T02:32:00Z,44162.91,44186.26,44145.25,44181.85,20
2026-06-22T02:33:00Z,44181.85,44183.15,44177.44,44183.15,9
2026-06-22T02:34:00Z,44183.15,44184.44,44174.32,44184.44,16
2026-06-22T02:35:00Z,44184.44,44194.56,44175.61,44190.15,13
2026-06-22T02:36:00Z,44190.15,44194.56,44160.53,44178.20,9
2026-06-22T02:37:00Z,44178.20,44182.61,44166.26,44170.67,22
2026-06-22T02:38:00Z,44170.67,44179.50,44154.32,44158.73,10
2026-06-22T02:39:00Z,44158.73,44167.56,44124.73,44137.97,14
2026-06-22T02:40:00Z,44137.97,44142.38,44130.45,44134.86,22
2026-06-22T02:41:00Z,44134.86,44149.38,44126.04,44140.56,14
2026-06-22T02:42:00Z,44140.56,44168.31,44122.91,44155.07,18
2026-06-22T02:43:00Z,44155.07,44155.07,44107.86,44112.27,12
2026-06-22T02:44:00Z,44112.27,44122.38,44099.04,44122.38,15
2026-06-22T02:45:00Z,44122.38,44135.61,44084.00,44101.64,21
2026-06-22T02:46:00Z,44101.64,44110.46,44094.13,44094.13,22
2026-06-22T02:47:00Z,44094.13,44095.43,44076.50,44095.43,22
2026-06-22T02:48:00Z,44095.43,44095.43,44092.32,44092.32,14
2026-06-22T02:49:00Z,44092.32,44098.02,44079.10,44093.62,15
2026-06-22T02:50:00Z,44093.62,44112.54,44080.40,44099.32,11
2026-06-22T02:51:00Z,44099.32,44113.82,44086.10,44109.41,15
2026-06-22T02:52:00Z,44109.41,44163.58,44096.18,44154.75,11
2026-06-22T02:53:00Z,44154.75,44163.58,44098.73,44111.96,16
2026-06-22T02:54:00Z,44111.96,44117.67,44111.96,44113.26,10
2026-06-22T02:55:00Z,44113.26,44113.26,44079.31,44096.94,10
2026-06-22T02:56:00Z,44096.94,44101.34,44071.82,44071.82,22
2026-06-22T02:57:00Z,44071.82,44090.72,44067.42,44081.91,12
2026-06-22T02:58:00Z,44081.91,44081.91,44061.17,44078.80,11
2026-06-22T02:59:00Z,44078.80,44078.80,44049.27,44066.89,22
2026-06-22T03:00:00Z,44066.89,44070.54,44066.89,44070.54,25
2026-06-22T03:01:00Z,44070.54,44088.16,44047.75,44060.96,9
2026-06-22T03:02:00Z,44060.96,44069.01,44047.75,44069.01,17
2026-06-22T03:03:00Z,44069.01,44086.63,44059.44,44068.25,18
2026-06-22T03:04:00Z,44068.25,44093.92,44050.63,44085.11,9
2026-06-22T03:05:00Z,44085.11,44106.38,44076.30,44097.57,20
2026-06-22T03:06:00Z,44097.57,44110.79,44083.59,44087.99,21
2026-06-22T03:07:00Z,44087.99,44096.04,44074.77,44096.04,10
2026-06-22T03:08:00Z,44096.04,44112.91,44082.82,44099.69,20
2026-06-22T03:09:00Z,44099.69,44125.37,44082.06,44120.96,13
2026-06-22T03:10:00Z,44120.96,44120.96,44106.97,44115.79,21
2026-06-22T03:11:00Z,44115.79,44133.43,44092.99,44092.99,15
2026-06-22T03:12:00Z,44092.99,44127.49,44088.59,44109.85,21
2026-06-22T03:13:00Z,44109.85,44153.17,44101.03,44139.93,16
2026-06-22T03:14:00Z,44139.93,44161.22,44131.11,44147.98,25
2026-06-22T03:15:00Z,44147.98,44164.86,44143.57,44156.03,8
2026-06-22T03:16:00Z,44156.03,44177.31,44151.62,44172.90,17
2026-06-22T03:17:00Z,44172.90,44194.20,44159.65,44185.37,24
2026-06-22T03:18:00Z,44185.37,44198.62,44180.19,44180.19,17
2026-06-22T03:19:00Z,44180.19,44197.86,44157.35,44175.02,18
2026-06-22T03:20:00Z,44175.02,44179.43,44143.37,44152.20,14
2026-06-22T03:21:00Z,44152.20,44177.91,44147.79,44160.25,24
2026-06-22T03:22:00Z,44160.25,44177.91,44141.85,44146.26,13
2026-06-22T03:23:00Z,44146.26,44150.67,44132.26,44145.50,16
2026-06-22T03:24:00Z,44145.50,44163.15,44131.50,44144.74,10
2026-06-22T03:25:00Z,44144.74,44144.74,44126.33,44139.57,12
2026-06-22T03:26:00Z,44139.57,44156.44,44121.92,44147.62,19
2026-06-22T03:27:00Z,44147.62,44160.86,44124.81,44142.46,22
2026-06-22T03:28:00Z,44142.46,44163.73,44129.22,44159.32,23
2026-06-22T03:29:00Z,44159.32,44171.80,44154.91,44162.97,10
2026-06-22T03:30:00Z,44162.97,44171.02,44149.73,44171.02,15
2026-06-22T03:31:00Z,44171.02,44201.12,44166.61,44192.29,21
2026-06-22T03:32:00Z,44192.29,44213.61,44192.29,44195.94,24
2026-06-22T03:33:00Z,44195.94,44199.59,44182.69,44199.59,20
2026-06-22T03:34:00Z,44199.59,44208.42,44185.59,44194.42,19
2026-06-22T03:35:00Z,44194.42,44203.25,44167.20,44176.03,13
2026-06-22T03:36:00Z,44176.03,44184.86,44153.25,44153.25,18
2026-06-22T03:37:00Z,44153.25,44166.49,44121.64,44139.29,20
2026-06-22T03:38:00Z,44139.29,44152.53,44116.51,44125.33,16
2026-06-22T03:39:00Z,44125.33,44142.18,44112.10,44142.18,23
2026-06-22T03:40:00Z,44142.18,44159.05,44142.18,44150.22,20
2026-06-22T03:41:00Z,44150.22,44163.46,44145.06,44145.06,14
2026-06-22T03:42:00Z,44145.06,44157.51,44131.82,44153.10,23
2026-06-22T03:43:00Z,44153.10,44183.17,44144.27,44174.34,11
2026-06-22T03:44:00Z,44174.34,44208.84,44165.51,44195.59,20
2026-06-22T03:45:00Z,44195.59,44221.28,44182.34,44212.44,16
2026-06-22T03:46:00Z,44212.44,44216.86,44198.44,44207.28,12
2026-06-22T03:47:00Z,44207.28,44211.70,44180.06,44193.31,8
2026-06-22T03:48:00Z,44193.31,44197.72,44170.54,44174.95,11
2026-06-22T03:49:00Z,44174.95,44178.60,44174.95,44178.60,20
2026-06-22T03:50:00Z,44178.60,44195.50,44160.93,44182.25,13
2026-06-22T03:51:00Z,44182.25,44185.90,44164.58,44185.90,23
2026-06-22T03:52:00Z,44185.90,44216.00,44172.65,44202.74,25
2026-06-22T03:53:00Z,44202.74,44207.16,44197.58,44197.58,18
2026-06-22T03:54:00Z,44197.58,44240.91,44197.58,44223.23,9
2026-06-22T03:55:00Z,44223.23,44232.07,44182.78,44200.46,17
2026-06-22T03:56:00Z,44200.46,44226.18,44200.46,44208.50,11
2026-06-22T03:57:00Z,44208.50,44212.92,44176.93,44181.34,24
2026-06-22T03:58:00Z,44181.34,44211.43,44172.51,44198.18,11
2026-06-22T03:59:00Z,44198.18,44250.29,44193.77,44237.02,24
2026-06-22T04:00:00Z,44237.02,44237.02,44200.07,44217.75,8
2026-06-22T04:01:00Z,44217.75,44222.17,44211.75,44216.17,17
2026-06-22T04:02:00Z,44216.17,44258.81,44211.75,44245.54,17
2026-06-22T04:03:00Z,44245.54,44266.09,44227.85,44257.24,10
2026-06-22T04:04:00Z,44257.24,44286.63,44239.54,44268.93,15
2026-06-22T04:05:00Z,44268.93,44276.20,44264.51,44271.78,13
2026-06-22T04:06:00Z,44271.78,44310.04,44267.36,44301.18,19
2026-06-22T04:07:00Z,44301.18,44321.75,44296.75,44321.75,13
2026-06-22T04:08:00Z,44321.75,44337.89,44308.46,44324.60,22
2026-06-22T04:09:00Z,44324.60,44342.32,44323.02,44323.02,23
2026-06-22T04:10:00Z,44323.02,44323.02,44317.02,44321.45,23
2026-06-22T04:11:00Z,44321.45,44337.58,44321.45,44328.72,17
2026-06-22T04:12:00Z,44328.72,44337.58,44313.85,44322.71,21
2026-06-22T04:13:00Z,44322.71,44336.00,44298.98,44316.70,22
2026-06-22T04:14:00Z,44316.70,44329.99,44284.14,44288.56,24
2026-06-22T04:15:00Z,44288.56,44309.11,44275.28,44304.68,23
2026-06-22T04:16:00Z,44304.68,44317.97,44294.25,44298.67,20
2026-06-22T04:17:00Z,44298.67,44316.38,44274.97,44288.25,17
2026-06-22T04:18:00Z,44288.25,44297.10,44260.13,44264.55,10
2026-06-22T04:19:00Z,44264.55,44289.52,44246.85,44271.82,17
2026-06-22T04:20:00Z,44271.82,44280.67,44261.40,44261.40,9
2026-06-22T04:21:00Z,44261.40,44273.11,44252.55,44264.26,15
2026-06-22T04:22:00Z,44264.26,44271.53,44250.99,44271.53,25
2026-06-22T04:23:00Z,44271.53,44275.95,44269.95,44269.95,24
2026-06-22T04:24:00Z,44269.95,44278.80,44246.27,44255.12,20
2026-06-22T04:25:00Z,44255.12,44272.82,44222.61,44231.45,13
2026-06-22T04:26:00Z,44231.45,44249.14,44207.80,44212.22,19
2026-06-22T04:27:00Z,44212.22,44225.48,44193.00,44193.00,17
2026-06-22T04:28:00Z,44193.00,44197.41,44160.57,44164.98,15
2026-06-22T04:29:00Z,44164.98,44178.22,44159.01,44159.01,13
2026-06-22T04:30:00Z,44159.01,44172.25,44130.98,44148.63,14
2026-06-22T04:31:00Z,44148.63,44161.87,44138.26,44147.08,13
2026-06-22T04:32:00Z,44147.08,44185.19,44142.67,44176.36,15
2026-06-22T04:33:00Z,44176.36,44189.61,44161.56,44170.39,22
2026-06-22T04:34:00Z,44170.39,44199.72,44157.14,44182.05,8
2026-06-22T04:35:00Z,44182.05,44193.74,44168.80,44184.91,19
2026-06-22T04:36:00Z,44184.91,44184.91,44170.11,44178.94,20
2026-06-22T04:37:00Z,44178.94,44199.42,44170.11,44195.01,23
2026-06-22T04:38:00Z,44195.01,44215.53,44181.76,44202.27,12
2026-06-22T04:39:00Z,44202.27,44231.60,44189.01,44218.34,12
2026-06-22T04:40:00Z,44218.34,44236.02,44199.12,44203.54,9
2026-06-22T04:41:00Z,44203.54,44210.79,44203.54,44210.79,23
2026-06-22T04:42:00Z,44210.79,44231.33,44206.37,44213.65,10
2026-06-22T04:43:00Z,44213.65,44218.07,44190.03,44198.86,20
2026-06-22T04:44:00Z,44198.86,44223.79,44181.19,44206.11,8
2026-06-22T04:45:00Z,44206.11,44231.05,44197.27,44213.37,20
2026-06-22T04:46:00Z,44213.37,44226.63,44185.31,44202.99,11
2026-06-22T04:47:00Z,44202.99,44223.52,44198.57,44205.84,13
2026-06-22T04:48:00Z,44205.84,44226.35,44188.16,44213.09,13
2026-06-22T04:49:00Z,44213.09,44233.59,44208.67,44229.17,9
2026-06-22T04:50:00Z,44229.17,44249.71,44215.91,44232.02,22
2026-06-22T04:51:00Z,44232.02,44240.86,44203.99,44208.41,13
2026-06-22T04:52:00Z,44208.41,44221.67,44193.60,44206.86,15
2026-06-22T04:53:00Z,44206.86,44240.57,44193.60,44231.73,17
2026-06-22T04:54:00Z,44231.73,44269.84,44222.89,44269.84,15
2026-06-22T04:55:00Z,44269.84,44269.84,44224.12,44237.39,21
2026-06-22T04:56:00Z,44237.39,44246.23,44218.15,44235.84,24
2026-06-22T04:57:00Z,44235.84,44291.64,44222.57,44273.94,16
2026-06-22T04:58:00Z,44273.94,44307.71,44256.24,44294.43,19
2026-06-22T04:59:00Z,44294.43,44319.38,44294.43,44310.52,21
2026-06-22T05:00:00Z,44310.52,44323.81,44274.62,44283.47,18
2026-06-22T05:01:00Z,44283.47,44300.71,44283.47,44291.86,23
2026-06-22T05:02:00Z,44291.86,44317.97,44283.01,44300.25,18
2026-06-22T05:03:00Z,44300.25,44309.11,44277.64,44286.49,19
2026-06-22T05:04:00Z,44286.49,44294.87,44277.64,44290.45,13
2026-06-22T05:05:00Z,44290.45,44316.56,44272.74,44298.85,25
2026-06-22T05:06:00Z,44298.85,44312.13,44254.09,44267.37,10
2026-06-22T05:07:00Z,44267.37,44293.47,44262.95,44275.76,21
2026-06-22T05:08:00Z,44275.76,44293.00,44258.05,44284.15,8
2026-06-22T05:09:00Z,44284.15,44305.82,44279.73,44292.54,12
2026-06-22T05:10:00Z,44292.54,44323.08,44292.54,44305.36,22
2026-06-22T05:11:00Z,44305.36,44323.08,44278.33,44296.04,20
2026-06-22T05:12:00Z,44296.04,44296.04,44273.43,44286.71,16
2026-06-22T05:13:00Z,44286.71,44304.42,44272.97,44286.25,12
2026-06-22T05:14:00Z,44286.25,44290.67,44259.22,44272.50,13
2026-06-22T05:15:00Z,44272.50,44290.20,44241.05,44254.32,12
2026-06-22T05:16:00Z,44254.32,44258.74,44240.58,44245.00,19
2026-06-22T05:17:00Z,44245.00,44258.27,44235.70,44240.12,18
2026-06-22T05:18:00Z,44240.12,44244.54,44226.39,44239.66,12
2026-06-22T05:19:00Z,44239.66,44261.31,44226.39,44243.62,14
2026-06-22T05:20:00Z,44243.62,44265.28,44243.62,44252.01,21
2026-06-22T05:21:00Z,44252.01,44264.82,44252.01,44264.82,17
2026-06-22T05:22:00Z,44264.82,44269.24,44228.96,44246.65,24
2026-06-22T05:23:00Z,44246.65,44264.34,44232.93,44241.77,8
2026-06-22T05:24:00Z,44241.77,44246.19,44236.88,44236.88,24
2026-06-22T05:25:00Z,44236.88,44285.09,44232.46,44267.39,13
2026-06-22T05:26:00Z,44267.39,44289.05,44267.39,44271.35,20
2026-06-22T05:27:00Z,44271.35,44279.74,44266.93,44279.74,15
2026-06-22T05:28:00Z,44279.74,44284.16,44266.00,44274.85,12
2026-06-22T05:29:00Z,44274.85,44274.85,44230.13,44247.82,24
2026-06-22T05:30:00Z,44247.82,44269.49,44238.98,44269.49,21
2026-06-22T05:31:00Z,44269.49,44278.34,44242.45,44242.45,14
2026-06-22T05:32:00Z,44242.45,44242.45,44233.14,44237.56,23
2026-06-22T05:33:00Z,44237.56,44246.40,44232.67,44232.67,13
2026-06-22T05:34:00Z,44232.67,44263.17,44214.98,44245.48,16
2026-06-22T05:35:00Z,44245.48,44245.48,44218.49,44231.75,23
2026-06-22T05:36:00Z,44231.75,44275.53,44231.75,44257.83,11
2026-06-22T05:37:00Z,44257.83,44266.68,44235.24,44244.08,12
2026-06-22T05:38:00Z,44244.08,44270.17,44235.24,44252.47,18
2026-06-22T05:39:00Z,44252.47,44256.43,44239.20,44256.43,16
2026-06-22T05:40:00Z,44256.43,44313.52,44256.43,44295.81,23
2026-06-22T05:41:00Z,44295.81,44304.21,44282.53,44299.79,14
2026-06-22T05:42:00Z,44299.79,44308.64,44255.02,44268.30,14
2026-06-22T05:43:00Z,44268.30,44281.11,44259.45,44276.69,18
2026-06-22T05:44:00Z,44276.69,44285.54,44245.23,44254.08,15
2026-06-22T05:45:00Z,44254.08,44271.32,44245.23,44262.47,13
2026-06-22T05:46:00Z,44262.47,44271.32,44235.45,44248.72,23
2026-06-22T05:47:00Z,44248.72,44261.99,44239.42,44243.84,21
2026-06-22T05:48:00Z,44243.84,44256.64,44239.42,44247.80,23
2026-06-22T05:49:00Z,44247.80,44260.61,44247.80,44251.76,19
2026-06-22T05:50:00Z,44251.76,44282.28,44247.34,44269.00,23
2026-06-22T05:51:00Z,44269.00,44277.85,44219.84,44237.53,14
2026-06-22T05:52:00Z,44237.53,44263.61,44233.11,44245.92,11
2026-06-22T05:53:00Z,44245.92,44267.58,44228.23,44249.89,12
2026-06-22T05:54:00Z,44249.89,44280.41,44236.62,44267.13,11
2026-06-22T05:55:00Z,44267.13,44271.55,44235.68,44253.38,12
2026-06-22T05:56:00Z,44253.38,44271.08,44252.92,44252.92,23
2026-06-22T05:57:00Z,44252.92,44270.62,44225.89,44225.89,23
2026-06-22T05:58:00Z,44225.89,44230.31,44203.30,44203.30,20
2026-06-22T05:59:00Z,44203.30,44207.72,44189.59,44198.42,13
2026-06-22T06:00:00Z,44198.42,44218.27,44189.59,44205.01,16
2026-06-22T06:01:00Z,44205.01,44233.72,44200.59,44216.04,21
2026-06-22T06:02:00Z,44216.04,44229.30,44187.29,44196.12,17
2026-06-22T06:03:00Z,44196.12,44202.72,44187.29,44198.31,9
2026-06-22T06:04:00Z,44198.31,44198.31,44178.40,44178.40,25
2026-06-22T06:05:00Z,44178.40,44196.07,44158.50,44176.17,24
2026-06-22T06:06:00Z,44176.17,44209.26,44162.92,44191.59,25
2026-06-22T06:07:00Z,44191.59,44215.86,44191.59,44198.19,22
2026-06-22T06:08:00Z,44198.19,44213.64,44180.52,44200.38,21
2026-06-22T06:09:00Z,44200.38,44204.80,44167.22,44184.89,8
2026-06-22T06:10:00Z,44184.89,44218.00,44171.64,44209.16,12
2026-06-22T06:11:00Z,44209.16,44209.16,44198.09,44202.51,21
2026-06-22T06:12:00Z,44202.51,44240.03,44198.09,44226.77,9
2026-06-22T06:13:00Z,44226.77,44264.32,44213.51,44255.47,18
2026-06-22T06:14:00Z,44255.47,44259.89,44204.59,44217.85,22
2026-06-22T06:15:00Z,44217.85,44235.53,44193.52,44206.78,19
2026-06-22T06:16:00Z,44206.78,44220.04,44186.87,44200.13,20
2026-06-22T06:17:00Z,44200.13,44204.55,44171.40,44189.07,22
2026-06-22T06:18:00Z,44189.07,44204.49,44189.07,44200.07,23
2026-06-22T06:19:00Z,44200.07,44208.91,44166.93,44180.18,16
2026-06-22T06:20:00Z,44180.18,44193.43,44160.29,44173.54,12
2026-06-22T06:21:00Z,44173.54,44188.98,44164.71,44175.73,14
2026-06-22T06:22:00Z,44175.73,44180.14,44164.68,44164.68,21
2026-06-22T06:23:00Z,44164.68,44177.92,44144.80,44158.04,11
2026-06-22T06:24:00Z,44158.04,44171.28,44138.14,44155.80,25
2026-06-22T06:25:00Z,44155.80,44184.46,44155.80,44175.63,15
2026-06-22T06:26:00Z,44175.63,44195.47,44171.22,44186.64,9
2026-06-22T06:27:00Z,44186.64,44210.91,44182.23,44193.24,9
2026-06-22T06:28:00Z,44193.24,44210.91,44191.01,44191.01,23
2026-06-22T06:29:00Z,44191.01,44206.43,44182.18,44206.43,24
2026-06-22T06:30:00Z,44206.43,44239.52,44206.43,44226.26,9
2026-06-22T06:31:00Z,44226.26,44226.26,44206.36,44215.20,18
2026-06-22T06:32:00Z,44215.20,44230.63,44197.52,44230.63,16
2026-06-22T06:33:00Z,44230.63,44246.08,44226.21,44232.82,9
2026-06-22T06:34:00Z,44232.82,44246.08,44217.34,44221.76,18
2026-06-22T06:35:00Z,44221.76,44268.13,44221.76,44250.43,19
2026-06-22T06:36:00Z,44250.43,44261.44,44237.16,44257.02,9
2026-06-22T06:37:00Z,44257.02,44265.87,44254.79,44254.79,25
2026-06-22T06:38:00Z,44254.79,44283.51,44254.79,44265.81,16
2026-06-22T06:39:00Z,44265.81,44265.81,44254.73,44263.58,9
2026-06-22T06:40:00Z,44263.58,44292.30,44259.16,44274.60,16
2026-06-22T06:41:00Z,44274.60,44279.02,44245.83,44263.53,20
2026-06-22T06:42:00Z,44263.53,44287.82,44250.26,44274.54,19
2026-06-22T06:43:00Z,44274.54,44278.96,44250.19,44267.89,14
2026-06-22T06:44:00Z,44267.89,44318.70,44263.47,44305.41,21
2026-06-22T06:45:00Z,44305.41,44351.82,44296.55,44342.96,13
2026-06-22T06:46:00Z,44342.96,44358.42,44342.96,44353.99,11
2026-06-22T06:47:00Z,44353.99,44378.30,44336.25,44378.30,20
2026-06-22T06:48:00Z,44378.30,44396.05,44340.63,44345.06,15
2026-06-22T06:49:00Z,44345.06,44362.79,44329.54,44333.97,15
2026-06-22T06:50:00Z,44333.97,44358.28,44333.97,44349.42,12
2026-06-22T06:51:00Z,44349.42,44378.19,44340.56,44360.45,17
2026-06-22T06:52:00Z,44360.45,44369.32,44313.95,44322.81,10
2026-06-22T06:53:00Z,44322.81,44331.67,44276.34,44294.05,18
2026-06-22T06:54:00Z,44294.05,44311.76,44287.39,44291.81,9
2026-06-22T06:55:00Z,44291.81,44320.50,44291.81,44320.50,25
2026-06-22T06:56:00Z,44320.50,44338.22,44296.16,44300.59,8
2026-06-22T06:57:00Z,44300.59,44313.88,44289.52,44289.52,18
2026-06-22T06:58:00Z,44289.52,44289.52,44287.29,44287.29,24
2026-06-22T06:59:00Z,44287.29,44287.29,44276.23,44276.23,19
2026-06-22T07:00:00Z,44276.23,44285.08,44267.65,44272.07,24
2026-06-22T07:01:00Z,44272.07,44289.77,44263.50,44267.92,14
2026-06-22T07:02:00Z,44267.92,44272.61,44250.22,44272.61,24
2026-06-22T07:03:00Z,44272.61,44281.74,44254.91,44281.74,22
2026-06-22T07:04:00Z,44281.74,44290.86,44268.46,44282.01,15
2026-06-22T07:05:00Z,44282.01,44304.42,44282.01,44295.57,25
2026-06-22T07:06:00Z,44295.57,44299.99,44251.55,44260.40,17
2026-06-22T07:07:00Z,44260.40,44278.10,44247.40,44256.25,17
2026-06-22T07:08:00Z,44256.25,44273.95,44225.54,44238.81,13
2026-06-22T07:09:00Z,44238.81,44247.93,44221.12,44247.93,12
2026-06-22T07:10:00Z,44247.93,44279.17,44247.93,44261.47,23
2026-06-22T07:11:00Z,44261.47,44270.32,44230.78,44248.47,8
2026-06-22T07:12:00Z,44248.47,44266.43,44239.63,44262.01,22
2026-06-22T07:13:00Z,44262.01,44293.27,44253.16,44275.56,16
2026-06-22T07:14:00Z,44275.56,44275.56,44227.15,44244.84,13
2026-06-22T07:15:00Z,44244.84,44258.11,44227.42,44236.26,16
2026-06-22T07:16:00Z,44236.26,44249.53,44205.59,44223.27,23
2026-06-22T07:17:00Z,44223.27,44245.65,44210.01,44227.96,23
2026-06-22T07:18:00Z,44227.96,44245.93,44210.27,44228.24,8
2026-06-22T07:19:00Z,44228.24,44245.93,44201.98,44219.66,23
2026-06-22T07:20:00Z,44219.66,44259.73,44206.40,44255.31,22
2026-06-22T07:21:00Z,44255.31,44259.73,44242.30,44251.15,16
2026-06-22T07:22:00Z,44251.15,44269.12,44242.30,44260.27,18
2026-06-22T07:23:00Z,44260.27,44291.52,44255.85,44278.24,9
2026-06-22T07:24:00Z,44278.24,44291.52,44247.53,44251.95,18
2026-06-22T07:25:00Z,44251.95,44283.19,44238.68,44269.91,17
2026-06-22T07:26:00Z,44269.91,44279.04,44269.91,44279.04,9
2026-06-22T07:27:00Z,44279.04,44301.44,44279.04,44292.59,18
2026-06-22T07:28:00Z,44292.59,44297.29,44283.74,44297.29,23
2026-06-22T07:29:00Z,44297.29,44301.71,44288.72,44293.14,21
2026-06-22T07:30:00Z,44293.14,44302.26,44288.72,44293.41,19
2026-06-22T07:31:00Z,44293.41,44293.41,44258.26,44275.97,12
2026-06-22T07:32:00Z,44275.97,44316.09,44267.12,44302.80,19
2026-06-22T07:33:00Z,44302.80,44320.52,44289.80,44298.65,14
2026-06-22T07:34:00Z,44298.65,44325.49,44289.80,44307.77,11
2026-06-22T07:35:00Z,44307.77,44325.76,44290.05,44316.90,15
2026-06-22T07:36:00Z,44316.90,44330.19,44295.01,44312.73,16
2026-06-22T07:37:00Z,44312.73,44326.30,44312.73,44313.01,22
2026-06-22T07:38:00Z,44313.01,44330.73,44295.55,44308.84,11
2026-06-22T07:39:00Z,44308.84,44313.27,44300.26,44300.26,11
2026-06-22T07:40:00Z,44300.26,44349.26,44291.40,44331.53,23
2026-06-22T07:41:00Z,44331.53,44331.53,44300.78,44309.64,11
2026-06-22T07:42:00Z,44309.64,44318.76,44291.92,44318.76,19
2026-06-22T07:43:00Z,44318.76,44336.48,44296.88,44305.74,14
2026-06-22T07:44:00Z,44305.74,44305.74,44261.73,44275.01,15
2026-06-22T07:45:00Z,44275.01,44306.26,44270.59,44288.55,19
2026-06-22T07:46:00Z,44288.55,44315.40,44279.70,44306.54,11
2026-06-22T07:47:00Z,44306.54,44319.83,44297.95,44297.95,18
2026-06-22T07:48:00Z,44297.95,44320.37,44293.53,44320.37,8
2026-06-22T07:49:00Z,44320.37,44338.36,44302.65,44338.36,21
2026-06-22T07:50:00Z,44338.36,44356.09,44316.48,44329.77,16
2026-06-22T07:51:00Z,44329.77,44338.63,44299.02,44316.74,13
2026-06-22T07:52:00Z,44316.74,44348.04,44312.31,44330.31,18
2026-06-22T07:53:00Z,44330.31,44339.44,44317.02,44330.58,13
2026-06-22T07:54:00Z,44330.58,44348.58,44321.72,44344.15,19
2026-06-22T07:55:00Z,44344.15,44344.15,44300.09,44313.38,16
2026-06-22T07:56:00Z,44313.38,44335.80,44304.52,44326.94,14
2026-06-22T07:57:00Z,44326.94,44335.80,44291.76,44309.48,24
2026-06-22T07:58:00Z,44309.48,44318.34,44292.04,44292.04,13
2026-06-22T07:59:00Z,44292.04,44301.17,44292.04,44301.17,18
2026-06-22T08:00:00Z,44301.17,44301.17,44297.00,44297.00,18
2026-06-22T08:01:00Z,44297.00,44319.42,44288.15,44319.42,14
2026-06-22T08:02:00Z,44319.42,44328.56,44301.70,44328.56,22
2026-06-22T08:03:00Z,44328.56,44337.70,44328.56,44337.70,23
2026-06-22T08:04:00Z,44337.70,44342.13,44320.24,44329.10,15
2026-06-22T08:05:00Z,44329.10,44337.96,44316.08,44316.08,14
2026-06-22T08:06:00Z,44316.08,44329.65,44307.22,44316.36,16
2026-06-22T08:07:00Z,44316.36,44329.65,44285.63,44294.48,11
2026-06-22T08:08:00Z,44294.48,44303.33,44285.90,44290.32,18
2026-06-22T08:09:00Z,44290.32,44308.03,44259.59,44259.59,16
2026-06-22T08:10:00Z,44259.59,44268.44,44233.32,44242.16,9
2026-06-22T08:11:00Z,44242.16,44251.28,44224.47,44246.86,10
2026-06-22T08:12:00Z,44246.86,44255.70,44229.43,44233.85,15
2026-06-22T08:13:00Z,44233.85,44251.81,44229.43,44247.39,10
2026-06-22T08:14:00Z,44247.39,44247.39,44221.13,44229.97,12
2026-06-22T08:15:00Z,44229.97,44278.90,44229.97,44261.20,14
2026-06-22T08:16:00Z,44261.20,44301.29,44252.35,44292.44,17
2026-06-22T08:17:00Z,44292.44,44301.29,44252.87,44266.14,14
2026-06-22T08:18:00Z,44266.14,44279.41,44248.71,44248.71,20
2026-06-22T08:19:00Z,44248.71,44293.24,44239.87,44279.96,12
2026-06-22T08:20:00Z,44279.96,44297.93,44266.68,44284.65,12
2026-06-22T08:21:00Z,44284.65,44311.49,44280.23,44293.78,17
2026-06-22T08:22:00Z,44293.78,44320.63,44276.07,44316.20,14
2026-06-22T08:23:00Z,44316.20,44329.77,44298.48,44325.34,24
2026-06-22T08:24:00Z,44325.34,44343.33,44320.91,44334.47,21
2026-06-22T08:25:00Z,44334.47,44352.47,44321.17,44343.61,21
2026-06-22T08:26:00Z,44343.61,44357.18,44330.31,44352.75,8
2026-06-22T08:27:00Z,44352.75,44361.62,44335.30,44344.16,16
2026-06-22T08:28:00Z,44344.16,44393.20,44335.30,44379.89,25
2026-06-22T08:29:00Z,44379.89,44397.64,44362.42,44366.85,9
2026-06-22T08:30:00Z,44366.85,44371.28,44344.95,44358.25,21
2026-06-22T08:31:00Z,44358.25,44362.68,44345.23,44349.66,15
2026-06-22T08:32:00Z,44349.66,44372.10,44349.66,44372.10,12
2026-06-22T08:33:00Z,44372.10,44381.24,44372.10,44376.81,18
2026-06-22T08:34:00Z,44376.81,44376.81,44368.22,44372.65,25
2026-06-22T08:35:00Z,44372.65,44372.65,44355.18,44368.49,13
2026-06-22T08:36:00Z,44368.49,44395.36,44350.75,44390.93,9
2026-06-22T08:37:00Z,44390.93,44413.39,44377.62,44395.64,22
2026-06-22T08:38:00Z,44395.64,44395.64,44378.17,44391.48,19
2026-06-22T08:39:00Z,44391.48,44400.35,44365.13,44374.00,10
2026-06-22T08:40:00Z,44374.00,44400.88,44369.57,44387.57,17
2026-06-22T08:41:00Z,44387.57,44392.00,44356.78,44370.09,22
2026-06-22T08:42:00Z,44370.09,44388.11,44370.09,44370.37,17
2026-06-22T08:43:00Z,44370.37,44370.65,44357.06,44370.65,25
2026-06-22T08:44:00Z,44370.65,44397.54,44366.22,44379.79,23
2026-06-22T08:45:00Z,44379.79,44397.81,44366.48,44393.38,18
2026-06-22T08:46:00Z,44393.38,44402.25,44375.91,44380.34,15
2026-06-22T08:47:00Z,44380.34,44389.49,44362.59,44389.49,14
2026-06-22T08:48:00Z,44389.49,44407.24,44367.57,44376.44,23
2026-06-22T08:49:00Z,44376.44,44381.15,44363.13,44381.15,13
2026-06-22T08:50:00Z,44381.15,44385.58,44359.24,44359.24,17
2026-06-22T08:51:00Z,44359.24,44372.54,44324.05,44332.91,25
2026-06-22T08:52:00Z,44332.91,44346.20,44297.73,44315.45,14
2026-06-22T08:53:00Z,44315.45,44320.16,44315.45,44315.73,15
2026-06-22T08:54:00Z,44315.73,44333.45,44289.43,44293.85,17
2026-06-22T08:55:00Z,44293.85,44298.55,44293.85,44298.55,16
2026-06-22T08:56:00Z,44298.55,44316.53,44289.70,44316.53,13
2026-06-22T08:57:00Z,44316.53,44325.39,44303.51,44307.94,22
2026-06-22T08:58:00Z,44307.94,44343.65,44303.51,44330.36,13
2026-06-22T08:59:00Z,44330.36,44343.65,44295.20,44299.62,9
2026-06-22T09:00:00Z,44299.62,44299.62,44285.21,44298.49,19
2026-06-22T09:01:00Z,44298.49,44337.25,44294.07,44323.96,19
2026-06-22T09:02:00Z,44323.96,44331.70,44323.96,44327.27,11
2026-06-22T09:03:00Z,44327.27,44331.70,44303.99,44303.99,12
2026-06-22T09:04:00Z,44303.99,44321.71,44276.29,44285.14,18
2026-06-22T09:05:00Z,44285.14,44306.17,44271.86,44292.89,24
2026-06-22T09:06:00Z,44292.89,44313.91,44279.61,44296.20,16
2026-06-22T09:07:00Z,44296.20,44305.05,44277.37,44281.79,17
2026-06-22T09:08:00Z,44281.79,44298.40,44277.37,44298.40,9
2026-06-22T09:09:00Z,44298.40,44302.82,44279.57,44288.42,17
2026-06-22T09:10:00Z,44288.42,44292.84,44265.13,44265.13,22
2026-06-22T09:11:00Z,44265.13,44278.40,44241.87,44250.72,15
2026-06-22T09:12:00Z,44250.72,44268.42,44223.03,44236.30,13
2026-06-22T09:13:00Z,44236.30,44249.57,44221.89,44221.89,18
2026-06-22T09:14:00Z,44221.89,44221.89,44203.07,44211.91,16
2026-06-22T09:15:00Z,44211.91,44237.37,44194.23,44237.37,17
2026-06-22T09:16:00Z,44237.37,44246.21,44209.69,44227.38,18
2026-06-22T09:17:00Z,44227.38,44236.22,44190.85,44204.11,19
2026-06-22T09:18:00Z,44204.11,44221.79,44194.15,44202.99,18
2026-06-22T09:19:00Z,44202.99,44211.83,44162.05,44179.72,17
2026-06-22T09:20:00Z,44179.72,44197.39,44156.49,44169.74,18
2026-06-22T09:21:00Z,44169.74,44199.58,44160.91,44181.91,9
2026-06-22T09:22:00Z,44181.91,44199.58,44163.12,44180.79,23
2026-06-22T09:23:00Z,44180.79,44198.46,44148.71,44161.95,18
2026-06-22T09:24:00Z,44161.95,44209.50,44157.54,44191.83,24
2026-06-22T09:25:00Z,44191.83,44226.14,44178.58,44212.88,24
2026-06-22T09:26:00Z,44212.88,44233.91,44208.46,44225.07,14
2026-06-22T09:27:00Z,44225.07,44229.49,44219.54,44223.96,21
2026-06-22T09:28:00Z,44223.96,44228.38,44191.81,44200.65,18
2026-06-22T09:29:00Z,44200.65,44234.98,44191.81,44221.72,23
2026-06-22T09:30:00Z,44221.72,44226.14,44216.19,44220.61,10
2026-06-22T09:31:00Z,44220.61,44225.03,44201.76,44206.18,19
2026-06-22T09:32:00Z,44206.18,44231.63,44197.34,44213.95,22
2026-06-22T09:33:00Z,44213.95,44227.21,44190.72,44208.40,13
2026-06-22T09:34:00Z,44208.40,44242.79,44203.98,44238.37,24
2026-06-22T09:35:00Z,44238.37,44247.21,44188.48,44206.16,24
2026-06-22T09:36:00Z,44206.16,44215.00,44196.17,44196.17,23
2026-06-22T09:37:00Z,44196.17,44200.58,44172.95,44190.62,16
2026-06-22T09:38:00Z,44190.62,44198.40,44186.21,44198.40,11
2026-06-22T09:39:00Z,44198.40,44219.41,44185.15,44201.73,13
2026-06-22T09:40:00Z,44201.73,44240.54,44192.89,44227.28,22
2026-06-22T09:41:00Z,44227.28,44236.12,44212.83,44212.83,24
2026-06-22T09:42:00Z,44212.83,44220.62,44212.83,44220.62,19
2026-06-22T09:43:00Z,44220.62,44263.88,44211.78,44246.19,14
2026-06-22T09:44:00Z,44246.19,44246.19,44218.49,44231.75,21
2026-06-22T09:45:00Z,44231.75,44240.59,44217.30,44217.30,11
2026-06-22T09:46:00Z,44217.30,44234.98,44189.58,44198.41,21
2026-06-22T09:47:00Z,44198.41,44228.34,44198.41,44215.08,9
2026-06-22T09:48:00Z,44215.08,44223.92,44178.49,44191.74,11
2026-06-22T09:49:00Z,44191.74,44221.70,44187.33,44212.86,23
2026-06-22T09:50:00Z,44212.86,44212.86,44198.42,44198.42,21
2026-06-22T09:51:00Z,44198.42,44211.67,44161.82,44175.07,19
2026-06-22T09:52:00Z,44175.07,44183.90,44165.12,44169.53,14
2026-06-22T09:53:00Z,44169.53,44187.19,44132.98,44150.64,15
2026-06-22T09:54:00Z,44150.64,44162.84,44146.23,44158.43,12
2026-06-22T09:55:00Z,44158.43,44170.60,44149.60,44161.77,19
2026-06-22T09:56:00Z,44161.77,44170.60,44125.17,44133.99,24
2026-06-22T09:57:00Z,44133.99,44151.64,44101.87,44115.10,18
2026-06-22T09:58:00Z,44115.10,44131.71,44110.69,44122.89,18
2026-06-22T09:59:00Z,44122.89,44140.53,44099.56,44099.56,14
2026-06-22T10:00:00Z,44099.56,44108.37,44055.36,44068.58,17
2026-06-22T10:01:00Z,44068.58,44086.20,44046.44,44050.84,21
2026-06-22T10:02:00Z,44050.84,44055.24,44037.53,44046.33,12
2026-06-22T10:03:00Z,44046.33,44081.46,44046.33,44072.65,9
2026-06-22T10:04:00Z,44072.65,44098.97,44068.25,44090.16,22
2026-06-22T10:05:00Z,44090.16,44116.49,44085.76,44098.86,18
2026-06-22T10:06:00Z,44098.86,44129.60,44094.46,44120.78,17
2026-06-22T10:07:00Z,44120.78,44129.60,44103.04,44103.04,13
2026-06-22T10:08:00Z,44103.04,44107.45,44067.67,44067.67,10
2026-06-22T10:09:00Z,44067.67,44080.89,44045.54,44063.16,12
2026-06-22T10:10:00Z,44063.16,44067.56,44036.63,44054.25,16
2026-06-22T10:11:00Z,44054.25,44054.25,44036.55,44040.95,13
2026-06-22T10:12:00Z,44040.95,44076.04,44032.15,44071.64,10
2026-06-22T10:13:00Z,44071.64,44102.36,44054.02,44089.14,9
2026-06-22T10:14:00Z,44089.14,44097.95,44067.01,44075.82,8
2026-06-22T10:15:00Z,44075.82,44115.36,44075.82,44097.73,10
2026-06-22T10:16:00Z,44097.73,44137.28,44084.51,44119.64,20
2026-06-22T10:17:00Z,44119.64,44128.46,44101.90,44110.72,12
2026-06-22T10:18:00Z,44110.72,44167.88,44097.49,44154.64,11
2026-06-22T10:19:00Z,44154.64,44185.39,44150.23,44185.39,23
2026-06-22T10:20:00Z,44185.39,44216.15,44167.72,44211.73,23
2026-06-22T10:21:00Z,44211.73,44229.26,44207.31,44229.26,13
2026-06-22T10:22:00Z,44229.26,44255.65,44224.84,44242.38,18
2026-06-22T10:23:00Z,44242.38,44259.93,44242.38,44255.51,19
2026-06-22T10:24:00Z,44255.51,44259.93,44215.62,44233.31,10
2026-06-22T10:25:00Z,44233.31,44268.52,44228.89,44259.67,10
2026-06-22T10:26:00Z,44259.67,44277.21,44259.67,44272.79,11
2026-06-22T10:27:00Z,44272.79,44308.05,44268.37,44290.34,20
2026-06-22T10:28:00Z,44290.34,44308.05,44268.13,44272.55,12
2026-06-22T10:29:00Z,44272.55,44294.50,44263.70,44294.50,9
2026-06-22T10:30:00Z,44294.50,44307.78,44276.71,44281.13,21
2026-06-22T10:31:00Z,44281.13,44307.54,44263.42,44294.26,16
2026-06-22T10:32:00Z,44294.26,44307.54,44289.72,44294.14,13
2026-06-22T10:33:00Z,44294.14,44302.99,44285.17,44294.02,15
2026-06-22T10:34:00Z,44294.02,44320.42,44294.02,44311.56,19
2026-06-22T10:35:00Z,44311.56,44333.59,44298.27,44315.87,17
2026-06-22T10:36:00Z,44315.87,44329.00,44302.58,44329.00,16
2026-06-22T10:37:00Z,44329.00,44355.41,44311.27,44346.55,24
2026-06-22T10:38:00Z,44346.55,44368.56,44328.82,44355.26,14
2026-06-22T10:39:00Z,44355.26,44368.56,44328.61,44337.47,13
2026-06-22T10:40:00Z,44337.47,44377.11,44333.04,44372.68,24
2026-06-22T10:41:00Z,44372.68,44372.68,44359.30,44359.30,12
2026-06-22T10:42:00Z,44359.30,44372.44,44346.00,44368.01,20
2026-06-22T10:43:00Z,44368.01,44385.57,44363.58,44385.57,10
2026-06-22T10:44:00Z,44385.57,44394.44,44363.30,44376.61,13
2026-06-22T10:45:00Z,44376.61,44381.04,44341.07,44358.81,17
2026-06-22T10:46:00Z,44358.81,44367.68,44336.53,44354.27,11
2026-06-22T10:47:00Z,44354.27,44358.70,44327.60,44345.33,20
2026-06-22T10:48:00Z,44345.33,44363.06,44314.27,44327.56,23
2026-06-22T10:49:00Z,44327.56,44345.29,44300.90,44318.62,16
2026-06-22T10:50:00Z,44318.62,44336.21,44309.76,44322.92,12
2026-06-22T10:51:00Z,44322.92,44340.64,44322.81,44322.81,21
2026-06-22T10:52:00Z,44322.81,44344.80,44318.38,44331.51,21
2026-06-22T10:53:00Z,44331.51,44357.90,44327.08,44349.04,17
2026-06-22T10:54:00Z,44349.04,44357.90,44335.67,44340.10,11
2026-06-22T10:55:00Z,44340.10,44340.10,44326.72,44335.58,18
2026-06-22T10:56:00Z,44335.58,44370.81,44317.85,44357.51,12
2026-06-22T10:57:00Z,44357.51,44383.96,44348.64,44366.22,19
2026-06-22T10:58:00Z,44366.22,44366.22,44326.36,44335.22,20
2026-06-22T10:59:00Z,44335.22,44357.20,44326.36,44348.34,13
2026-06-22T11:00:00Z,44348.34,44352.77,44327.52,44340.82,22
2026-06-22T11:01:00Z,44340.82,44368.79,44331.96,44351.05,23
2026-06-22T11:02:00Z,44351.05,44359.92,44312.51,44312.51,11
2026-06-22T11:03:00Z,44312.51,44322.74,44303.65,44313.88,9
2026-06-22T11:04:00Z,44313.88,44332.96,44305.02,44328.53,12
2026-06-22T11:05:00Z,44328.53,44346.26,44285.61,44298.89,23
2026-06-22T11:06:00Z,44298.89,44322.38,44290.04,44317.95,23
2026-06-22T11:07:00Z,44317.95,44335.67,44279.47,44288.32,19
2026-06-22T11:08:00Z,44288.32,44311.82,44270.61,44298.54,8
2026-06-22T11:09:00Z,44298.54,44298.54,44291.06,44291.06,11
2026-06-22T11:10:00Z,44291.06,44310.12,44286.64,44310.12,21
2026-06-22T11:11:00Z,44310.12,44323.41,44302.64,44307.07,16
2026-06-22T11:12:00Z,44307.07,44335.01,44307.07,44317.29,11
2026-06-22T11:13:00Z,44317.29,44317.29,44292.09,44305.38,18
2026-06-22T11:14:00Z,44305.38,44305.38,44293.47,44302.33,13
2026-06-22T11:15:00Z,44302.33,44334.67,44284.61,44325.81,12
2026-06-22T11:16:00Z,44325.81,44331.61,44308.08,44331.61,13
2026-06-22T11:17:00Z,44331.61,44359.55,44322.75,44346.25,13
2026-06-22T11:18:00Z,44346.25,44360.92,44328.52,44347.62,16
2026-06-22T11:19:00Z,44347.62,44366.69,44347.62,44362.26,21
2026-06-22T11:20:00Z,44362.26,44376.92,44353.39,44368.05,19
2026-06-22T11:21:00Z,44368.05,44368.05,44342.85,44351.72,14
2026-06-22T11:22:00Z,44351.72,44366.39,44347.29,44357.52,12
2026-06-22T11:23:00Z,44357.52,44375.26,44336.77,44341.20,9
2026-06-22T11:24:00Z,44341.20,44382.42,44332.34,44364.68,8
2026-06-22T11:25:00Z,44364.68,44397.07,44364.68,44379.32,19
2026-06-22T11:26:00Z,44379.32,44383.75,44371.83,44376.26,24
2026-06-22T11:27:00Z,44376.26,44390.90,44358.51,44390.90,18
2026-06-22T11:28:00Z,44390.90,44395.33,44383.43,44383.43,13
2026-06-22T11:29:00Z,44383.43,44401.18,44358.25,44367.12,17
2026-06-22T11:30:00Z,44367.12,44403.92,44358.25,44386.17,23
2026-06-22T11:31:00Z,44386.17,44390.60,44383.12,44383.12,23
2026-06-22T11:32:00Z,44383.12,44396.43,44357.95,44366.82,11
2026-06-22T11:33:00Z,44366.82,44381.50,44353.51,44368.19,13
2026-06-22T11:34:00Z,44368.19,44381.50,44347.45,44356.32,16
2026-06-22T11:35:00Z,44356.32,44379.78,44347.45,44379.78,20
2026-06-22T11:36:00Z,44379.78,44412.16,44379.78,44394.41,19
2026-06-22T11:37:00Z,44394.41,44400.21,44385.54,44400.21,10
2026-06-22T11:38:00Z,44400.21,44417.97,44375.05,44383.92,17
2026-06-22T11:39:00Z,44383.92,44401.67,44354.37,44358.80,20
2026-06-22T11:40:00Z,44358.80,44369.04,44345.50,44360.17,9
2026-06-22T11:41:00Z,44360.17,44369.04,44326.22,44335.08,17
2026-06-22T11:42:00Z,44335.08,44367.42,44335.08,44349.69,9
2026-06-22T11:43:00Z,44349.69,44373.18,44331.96,44364.31,20
2026-06-22T11:44:00Z,44364.31,44368.74,44352.46,44352.46,20
2026-06-22T11:45:00Z,44352.46,44389.17,44348.03,44380.30,21
2026-06-22T11:46:00Z,44380.30,44408.25,44371.43,44390.50,17
2026-06-22T11:47:00Z,44390.50,44405.19,44377.19,44391.88,9
2026-06-22T11:48:00Z,44391.88,44419.85,44391.88,44402.09,19
2026-06-22T11:49:00Z,44402.09,44406.53,44385.81,44390.24,10
2026-06-22T11:50:00Z,44390.24,44418.21,44376.93,44400.45,16
2026-06-22T11:51:00Z,44400.45,44409.33,44375.29,44388.60,12
2026-06-22T11:52:00Z,44388.60,44393.03,44367.89,44376.76,13
2026-06-22T11:53:00Z,44376.76,44386.95,44372.33,44386.95,23
2026-06-22T11:54:00Z,44386.95,44404.70,44361.81,44375.12,9
2026-06-22T11:55:00Z,44375.12,44398.60,44366.25,44389.73,17
2026-06-22T11:56:00Z,44389.73,44404.40,44385.30,44395.53,21
2026-06-22T11:57:00Z,44395.53,44404.40,44379.29,44379.29,20
2026-06-22T11:58:00Z,44379.29,44397.04,44371.87,44371.87,19
2026-06-22T11:59:00Z,44371.87,44380.74,44364.43,44368.86,9
2026-06-22T12:00:00Z,44368.86,44389.19,44359.99,44389.19,10
2026-06-22T12:01:00Z,44389.19,44422.85,44389.19,44409.53,20
2026-06-22T12:02:00Z,44409.53,44427.29,44398.81,44407.69,21
2026-06-22T12:03:00Z,44407.69,44425.45,44379.20,44396.95,13
2026-06-22T12:04:00Z,44396.95,44408.42,44379.20,44403.98,17
2026-06-22T12:05:00Z,44403.98,44417.30,44379.94,44397.69,16
2026-06-22T12:06:00Z,44397.69,44415.44,44364.76,44373.63,22
2026-06-22T12:07:00Z,44373.63,44402.84,44373.63,44385.09,10
2026-06-22T12:08:00Z,44385.09,44398.40,44361.06,44378.81,23
2026-06-22T12:09:00Z,44378.81,44399.14,44374.38,44394.71,24
2026-06-22T12:10:00Z,44394.71,44408.02,44335.15,44348.45,25
2026-06-22T12:11:00Z,44348.45,44366.18,44311.12,44324.41,15
2026-06-22T12:12:00Z,44324.41,44337.70,44295.97,44313.69,18
2026-06-22T12:13:00Z,44313.69,44351.74,44309.26,44334.01,18
2026-06-22T12:14:00Z,44334.01,44342.87,44314.42,44318.85,19
2026-06-22T12:15:00Z,44318.85,44339.16,44309.99,44330.30,14
2026-06-22T12:16:00Z,44330.30,44339.16,44292.97,44292.97,19
2026-06-22T12:17:00Z,44292.97,44306.25,44268.95,44268.95,18
2026-06-22T12:18:00Z,44268.95,44268.95,44244.96,44262.66,19
2026-06-22T12:19:00Z,44262.66,44267.08,44234.26,44251.96,22
2026-06-22T12:20:00Z,44251.96,44272.24,44243.11,44263.39,22
2026-06-22T12:21:00Z,44263.39,44267.81,44230.56,44248.25,17
2026-06-22T12:22:00Z,44248.25,44255.24,44243.83,44250.82,12
2026-06-22T12:23:00Z,44250.82,44253.39,44237.55,44253.39,17
2026-06-22T12:24:00Z,44253.39,44273.67,44244.54,44255.97,21
2026-06-22T12:25:00Z,44255.97,44264.82,44214.27,44231.96,12
2026-06-22T12:26:00Z,44231.96,44236.38,44203.55,44207.97,17
2026-06-22T12:27:00Z,44207.97,44216.81,44188.45,44206.13,21
2026-06-22T12:28:00Z,44206.13,44239.66,44188.45,44226.40,11
2026-06-22T12:29:00Z,44226.40,44244.09,44193.59,44211.27,13
2026-06-22T12:30:00Z,44211.27,44227.12,44198.01,44227.12,20
2026-06-22T12:31:00Z,44227.12,44227.12,44220.84,44220.84,20
2026-06-22T12:32:00Z,44220.84,44234.10,44205.73,44214.57,19
2026-06-22T12:33:00Z,44214.57,44214.57,44190.60,44199.43,24
2026-06-22T12:34:00Z,44199.43,44199.43,44166.62,44179.87,9
2026-06-22T12:35:00Z,44179.87,44179.87,44151.49,44155.90,19
2026-06-22T12:36:00Z,44155.90,44184.98,44138.24,44171.73,18
2026-06-22T12:37:00Z,44171.73,44176.14,44152.22,44169.88,17
2026-06-22T12:38:00Z,44169.88,44194.55,44156.63,44176.88,24
2026-06-22T12:39:00Z,44176.88,44197.12,44168.05,44183.87,18
2026-06-22T12:40:00Z,44183.87,44192.70,44142.23,44155.47,12
2026-06-22T12:41:00Z,44155.47,44158.04,44142.23,44158.04,12
2026-06-22T12:42:00Z,44158.04,44162.45,44138.50,44142.91,21
2026-06-22T12:43:00Z,44142.91,44160.56,44110.15,44123.38,16
2026-06-22T12:44:00Z,44123.38,44148.03,44114.56,44139.21,12
2026-06-22T12:45:00Z,44139.21,44156.86,44101.98,44101.98,19
2026-06-22T12:46:00Z,44101.98,44106.39,44082.49,44091.30,9
2026-06-22T12:47:00Z,44091.30,44108.93,44076.21,44080.61,18
2026-06-22T12:48:00Z,44080.61,44098.24,44052.30,44069.92,9
2026-06-22T12:49:00Z,44069.92,44116.62,44065.52,44098.99,22
2026-06-22T12:50:00Z,44098.99,44105.97,44090.18,44105.97,14
2026-06-22T12:51:00Z,44105.97,44121.78,44092.74,44108.55,17
2026-06-22T12:52:00Z,44108.55,44126.19,44084.62,44093.43,23
2026-06-22T12:53:00Z,44093.43,44102.24,44069.53,44087.16,8
2026-06-22T12:54:00Z,44087.16,44087.16,44058.84,44072.06,9
2026-06-22T12:55:00Z,44072.06,44083.44,44058.84,44079.04,21
2026-06-22T12:56:00Z,44079.04,44099.28,44070.23,44099.28,10
2026-06-22T12:57:00Z,44099.28,44103.68,44088.61,44093.01,20
2026-06-22T12:58:00Z,44093.01,44108.82,44084.20,44100.00,11
2026-06-22T12:59:00Z,44100.00,44120.22,44086.77,44102.58,25
2026-06-22T13:00:00Z,44102.58,44115.81,44076.24,44093.87,15
2026-06-22T13:01:00Z,44093.87,44124.85,44085.06,44107.21,14
2026-06-22T13:02:00Z,44107.21,44107.21,44094.09,44094.09,19
2026-06-22T13:03:00Z,44094.09,44120.68,44085.28,44103.04,15
2026-06-22T13:04:00Z,44103.04,44111.86,44098.75,44098.75,17
2026-06-22T13:05:00Z,44098.75,44107.56,44090.04,44090.04,15
2026-06-22T13:06:00Z,44090.04,44121.05,44090.04,44121.05,17
2026-06-22T13:07:00Z,44121.05,44134.41,44103.41,44125.59,23
2026-06-22T13:08:00Z,44125.59,44152.21,44116.77,44152.21,8
2026-06-22T13:09:00Z,44152.21,44169.87,44121.41,44121.41,22
2026-06-22T13:10:00Z,44121.41,44148.01,44103.77,44130.36,17
2026-06-22T13:11:00Z,44130.36,44156.99,44130.36,44156.99,16
2026-06-22T13:12:00Z,44156.99,44165.82,44121.78,44135.02,14
2026-06-22T13:13:00Z,44135.02,44152.67,44121.91,44130.73,13
2026-06-22T13:14:00Z,44130.73,44148.51,44113.08,44135.27,24
2026-06-22T13:15:00Z,44135.27,44139.68,44113.33,44122.15,23
2026-06-22T13:16:00Z,44122.15,44122.15,44082.54,44100.18,14
2026-06-22T13:17:00Z,44100.18,44117.94,44095.77,44100.30,11
2026-06-22T13:18:00Z,44100.30,44144.59,44091.48,44126.94,18
2026-06-22T13:19:00Z,44126.94,44175.67,44113.71,44158.01,25
2026-06-22T13:20:00Z,44158.01,44175.67,44131.64,44149.29,11
2026-06-22T13:21:00Z,44149.29,44162.53,44136.18,44145.00,11
2026-06-22T13:22:00Z,44145.00,44158.24,44123.05,44136.29,14
2026-06-22T13:23:00Z,44136.29,44145.11,44123.18,44132.00,24
2026-06-22T13:24:00Z,44132.00,44145.36,44123.18,44132.13,17
2026-06-22T13:25:00Z,44132.13,44141.09,44127.72,44132.27,14
2026-06-22T13:26:00Z,44132.27,44145.66,44123.45,44141.25,11
2026-06-22T13:27:00Z,44141.25,44145.66,44106.01,44114.83,21
2026-06-22T13:28:00Z,44114.83,44114.83,44092.85,44092.85,14
2026-06-22T13:29:00Z,44092.85,44092.98,44075.22,44092.98,22
2026-06-22T13:30:00Z,44092.98,44110.61,44040.06,44044.46,23
2026-06-22T13:31:00Z,44044.46,44057.80,44026.85,44044.59,18
2026-06-22T13:32:00Z,44044.59,44044.59,44009.43,44027.04,12
2026-06-22T13:33:00Z,44027.04,44027.16,44009.43,44027.16,11
2026-06-22T13:34:00Z,44027.16,44075.86,44018.36,44067.05,19
2026-06-22T13:35:00Z,44067.05,44071.45,44053.91,44053.91,16
2026-06-22T13:36:00Z,44053.91,44062.86,44040.70,44058.46,11
2026-06-22T13:37:00Z,44058.46,44062.86,44036.51,44040.91,15
2026-06-22T13:38:00Z,44040.91,44045.46,44032.11,44045.46,10
2026-06-22T13:39:00Z,44045.46,44072.09,44032.25,44067.69,12
2026-06-22T13:40:00Z,44067.69,44076.63,44050.07,44067.82,13
2026-06-22T13:41:00Z,44067.82,44081.04,44032.63,44045.84,8
2026-06-22T13:42:00Z,44045.84,44072.47,44028.23,44063.66,24
2026-06-22T13:43:00Z,44063.66,44072.60,44059.26,44063.79,23
2026-06-22T13:44:00Z,44063.79,44099.28,44054.98,44086.06,9
2026-06-22T13:45:00Z,44086.06,44090.46,44064.12,44077.34,15
2026-06-22T13:46:00Z,44077.34,44077.34,44050.94,44055.34,8
2026-06-22T13:47:00Z,44055.34,44068.55,44037.78,44037.78,24
2026-06-22T13:48:00Z,44037.78,44046.71,44037.78,44037.91,13
2026-06-22T13:49:00Z,44037.91,44064.52,44020.30,44051.31,18
2026-06-22T13:50:00Z,44051.31,44068.93,44033.75,44033.75,20
2026-06-22T13:51:00Z,44033.75,44069.22,44020.54,44056.01,9
2026-06-22T13:52:00Z,44056.01,44064.95,44056.01,44056.14,22
2026-06-22T13:53:00Z,44056.14,44060.71,44038.52,44060.71,18
2026-06-22T13:54:00Z,44060.71,44074.13,44043.09,44074.13,18
2026-06-22T13:55:00Z,44074.13,44078.53,44065.44,44069.84,11
2026-06-22T13:56:00Z,44069.84,44074.24,44047.91,44061.12,20
2026-06-22T13:57:00Z,44061.12,44078.93,44052.31,44070.12,24
2026-06-22T13:58:00Z,44070.12,44074.66,44070.12,44070.26,18
2026-06-22T13:59:00Z,44070.26,44083.67,44057.04,44079.27,11
2026-06-22T14:00:00Z,44079.27,44079.27,44033.92,44051.54,16
2026-06-22T14:01:00Z,44051.54,44059.06,44047.14,44054.66,21
2026-06-22T14:02:00Z,44054.66,44063.47,44031.36,44044.57,9
2026-06-22T14:03:00Z,44044.57,44069.71,44035.77,44065.31,15
2026-06-22T14:04:00Z,44065.31,44068.44,44052.10,44068.44,16
2026-06-22T14:05:00Z,44068.44,44080.37,44055.22,44075.97,24
2026-06-22T14:06:00Z,44075.97,44101.14,44062.75,44087.92,10
2026-06-22T14:07:00Z,44087.92,44121.91,44074.70,44104.27,10
2026-06-22T14:08:00Z,44104.27,44121.91,44098.59,44103.00,17
2026-06-22T14:09:00Z,44103.00,44123.77,44098.59,44110.54,8
2026-06-22T14:10:00Z,44110.54,44153.39,44106.13,44135.74,11
2026-06-22T14:11:00Z,44135.74,44148.98,44116.81,44134.46,21
2026-06-22T14:12:00Z,44134.46,44147.70,44102.29,44111.11,17
2026-06-22T14:13:00Z,44111.11,44128.75,44096.59,44101.00,24
2026-06-22T14:14:00Z,44101.00,44121.78,44096.59,44104.14,23
2026-06-22T14:15:00Z,44104.14,44124.91,44095.32,44111.68,13
2026-06-22T14:16:00Z,44111.68,44141.28,44111.68,44136.87,20
2026-06-22T14:17:00Z,44136.87,44175.34,44132.46,44166.51,14
2026-06-22T14:18:00Z,44166.51,44178.47,44162.10,44174.06,21
2026-06-22T14:19:00Z,44174.06,44186.03,44160.81,44181.62,19
2026-06-22T14:20:00Z,44181.62,44186.03,44175.91,44175.91,18
2026-06-22T14:21:00Z,44175.91,44205.57,44158.24,44192.32,19
2026-06-22T14:22:00Z,44192.32,44235.25,44192.32,44217.57,14
2026-06-22T14:23:00Z,44217.57,44238.40,44217.57,44220.72,9
2026-06-22T14:24:00Z,44220.72,44250.40,44220.72,44232.71,11
2026-06-22T14:25:00Z,44232.71,44241.55,44191.61,44200.45,24
2026-06-22T14:26:00Z,44200.45,44225.69,44191.61,44208.01,16
2026-06-22T14:27:00Z,44208.01,44225.69,44184.63,44202.31,9
2026-06-22T14:28:00Z,44202.31,44211.15,44187.77,44196.60,22
2026-06-22T14:29:00Z,44196.60,44201.01,44182.08,44195.33,16
2026-06-22T14:30:00Z,44195.33,44213.00,44171.95,44189.62,15
2026-06-22T14:31:00Z,44189.62,44207.29,44175.09,44188.34,12
2026-06-22T14:32:00Z,44188.34,44191.49,44188.34,44191.49,22
2026-06-22T14:33:00Z,44191.49,44209.16,44154.83,44159.24,12
2026-06-22T14:34:00Z,44159.24,44188.91,44154.83,44188.91,23
2026-06-22T14:35:00Z,44188.91,44188.91,44139.00,44152.24,22
2026-06-22T14:36:00Z,44152.24,44169.90,44133.29,44133.29,8
2026-06-22T14:37:00Z,44133.29,44162.93,44124.47,44154.10,24
2026-06-22T14:38:00Z,44154.10,44162.93,44139.59,44152.83,14
2026-06-22T14:39:00Z,44152.83,44160.38,44139.59,44155.97,18
2026-06-22T14:40:00Z,44155.97,44155.97,44132.60,44137.01,15
2026-06-22T14:41:00Z,44137.01,44166.65,44119.36,44157.82,23
2026-06-22T14:42:00Z,44157.82,44174.22,44144.58,44169.81,13
2026-06-22T14:43:00Z,44169.81,44187.47,44155.26,44155.26,25
2026-06-22T14:44:00Z,44155.26,44180.49,44137.60,44162.83,17
2026-06-22T14:45:00Z,44162.83,44180.49,44157.12,44157.12,15
2026-06-22T14:46:00Z,44157.12,44174.78,44151.41,44151.41,16
2026-06-22T14:47:00Z,44151.41,44151.41,44123.63,44136.87,20
2026-06-22T14:48:00Z,44136.87,44148.82,44123.63,44140.00,24
2026-06-22T14:49:00Z,44140.00,44157.65,44107.81,44121.04,16
2026-06-22T14:50:00Z,44121.04,44138.68,44088.86,44106.50,22
2026-06-22T14:51:00Z,44106.50,44114.06,44102.09,44114.06,18
2026-06-22T14:52:00Z,44114.06,44118.47,44090.71,44103.94,24
2026-06-22T14:53:00Z,44103.94,44112.76,44080.61,44093.83,19
2026-06-22T14:54:00Z,44093.83,44114.62,44089.43,44110.21,18
2026-06-22T14:55:00Z,44110.21,44113.35,44096.98,44113.35,25
2026-06-22T14:56:00Z,44113.35,44122.17,44094.39,44094.39,19
2026-06-22T14:57:00Z,44094.39,44124.02,44081.17,44115.20,13
2026-06-22T14:58:00Z,44115.20,44140.40,44101.97,44127.17,10
2026-06-22T14:59:00Z,44127.17,44161.23,44122.76,44143.58,8
2026-06-22T15:00:00Z,44143.58,44165.31,44125.93,44147.66,19
2026-06-22T15:01:00Z,44147.66,44173.82,44130.01,44160.58,8
2026-06-22T15:02:00Z,44160.58,44204.42,44142.92,44204.42,22
2026-06-22T15:03:00Z,44204.42,44213.26,44195.26,44199.67,19
2026-06-22T15:04:00Z,44199.67,44208.50,44141.90,44159.56,10
2026-06-22T15:05:00Z,44159.56,44181.32,44159.56,44168.07,20
2026-06-22T15:06:00Z,44168.07,44185.41,44163.66,44181.00,17
2026-06-22T15:07:00Z,44181.00,44229.28,44176.59,44216.02,12
2026-06-22T15:08:00Z,44216.02,44229.28,44189.17,44206.85,11
2026-06-22T15:09:00Z,44206.85,44219.79,44189.17,44219.79,24
2026-06-22T15:10:00Z,44219.79,44254.85,44206.53,44241.58,22
2026-06-22T15:11:00Z,44241.58,44267.80,44241.58,44263.38,19
2026-06-22T15:12:00Z,44263.38,44281.08,44223.23,44240.92,11
2026-06-22T15:13:00Z,44240.92,44245.34,44227.32,44227.32,16
2026-06-22T15:14:00Z,44227.32,44262.38,44227.32,44253.53,23
2026-06-22T15:15:00Z,44253.53,44266.80,44213.38,44226.64,19
2026-06-22T15:16:00Z,44226.64,44231.06,44199.79,44217.47,21
2026-06-22T15:17:00Z,44217.47,44235.15,44168.52,44186.19,22
2026-06-22T15:18:00Z,44186.19,44199.44,44154.94,44159.35,16
2026-06-22T15:19:00Z,44159.35,44176.69,44154.94,44176.69,24
2026-06-22T15:20:00Z,44176.69,44185.52,44163.12,44171.95,19
2026-06-22T15:21:00Z,44171.95,44180.78,44153.96,44158.37,14
2026-06-22T15:22:00Z,44158.37,44175.70,44140.71,44171.29,12
2026-06-22T15:23:00Z,44171.29,44188.95,44140.05,44157.71,17
2026-06-22T15:24:00Z,44157.71,44170.63,44157.71,44170.63,10
2026-06-22T15:25:00Z,44170.63,44170.63,44152.64,44161.47,11
2026-06-22T15:26:00Z,44161.47,44183.22,44152.64,44165.56,21
2026-06-22T15:27:00Z,44165.56,44174.39,44156.41,44165.24,13
2026-06-22T15:28:00Z,44165.24,44165.24,44151.68,44164.92,20
2026-06-22T15:29:00Z,44164.92,44164.92,44146.93,44155.76,14
2026-06-22T15:30:00Z,44155.76,44173.42,44137.77,44151.01,20
2026-06-22T15:31:00Z,44151.01,44163.93,44151.01,44159.52,13
2026-06-22T15:32:00Z,44159.52,44172.45,44155.11,44172.45,22
2026-06-22T15:33:00Z,44172.45,44176.86,44158.88,44163.29,20
2026-06-22T15:34:00Z,44163.29,44172.12,44154.14,44158.55,24
2026-06-22T15:35:00Z,44158.55,44171.79,44127.32,44144.97,24
2026-06-22T15:36:00Z,44144.97,44184.38,44144.97,44179.97,10
2026-06-22T15:37:00Z,44179.97,44214.99,44175.56,44197.32,16
2026-06-22T15:38:00Z,44197.32,44206.15,44188.15,44188.15,12
2026-06-22T15:39:00Z,44188.15,44205.82,44165.73,44170.14,16
2026-06-22T15:40:00Z,44170.14,44178.64,44156.89,44174.23,19
2026-06-22T15:41:00Z,44174.23,44187.48,44142.98,44147.39,15
2026-06-22T15:42:00Z,44147.39,44182.40,44138.57,44169.15,21
2026-06-22T15:43:00Z,44169.15,44173.56,44160.00,44164.41,21
2026-06-22T15:44:00Z,44164.41,44173.24,44150.84,44155.25,22
2026-06-22T15:45:00Z,44155.25,44181.41,44146.42,44177.00,20
2026-06-22T15:46:00Z,44177.00,44181.41,44167.85,44172.26,11
2026-06-22T15:47:00Z,44172.26,44207.28,44159.01,44198.45,9
2026-06-22T15:48:00Z,44198.45,44211.39,44194.04,44202.55,11
2026-06-22T15:49:00Z,44202.55,44211.39,44188.97,44193.38,10
2026-06-22T15:50:00Z,44193.38,44224.00,44188.97,44206.32,12
2026-06-22T15:51:00Z,44206.32,44214.84,44193.06,44210.42,21
2026-06-22T15:52:00Z,44210.42,44210.42,44183.57,44201.25,16
2026-06-22T15:53:00Z,44201.25,44210.09,44165.57,44183.24,15
2026-06-22T15:54:00Z,44183.24,44200.91,44169.66,44178.49,24
2026-06-22T15:55:00Z,44178.49,44182.58,44174.08,44182.58,20
2026-06-22T15:56:00Z,44182.58,44182.58,44155.74,44168.99,20
2026-06-22T15:57:00Z,44168.99,44199.59,44151.33,44190.76,24
2026-06-22T15:58:00Z,44190.76,44230.22,44173.09,44225.80,21
2026-06-22T15:59:00Z,44225.80,44225.80,44212.22,44225.48,17
2026-06-22T16:00:00Z,44225.48,44225.48,44207.59,44220.85,14
2026-06-22T16:01:00Z,44220.85,44251.59,44203.17,44242.75,14
2026-06-22T16:02:00Z,44242.75,44251.59,44207.15,44220.41,24
2026-06-22T16:03:00Z,44220.41,44229.25,44198.08,44202.50,21
2026-06-22T16:04:00Z,44202.50,44211.34,44180.20,44197.87,25
2026-06-22T16:05:00Z,44197.87,44211.12,44188.83,44193.24,19
2026-06-22T16:06:00Z,44193.24,44210.71,44179.99,44201.87,18
2026-06-22T16:07:00Z,44201.87,44206.09,44193.03,44206.09,20
2026-06-22T16:08:00Z,44206.09,44245.69,44188.41,44241.27,21
2026-06-22T16:09:00Z,44241.27,44258.96,44205.66,44218.92,14
2026-06-22T16:10:00Z,44218.92,44236.40,44205.66,44227.56,8
2026-06-22T16:11:00Z,44227.56,44245.25,44214.07,44214.07,13
2026-06-22T16:12:00Z,44214.07,44218.49,44196.17,44205.01,17
2026-06-22T16:13:00Z,44205.01,44222.49,44196.17,44213.65,10
2026-06-22T16:14:00Z,44213.65,44231.33,44195.77,44209.03,14
2026-06-22T16:15:00Z,44209.03,44209.03,44169.01,44186.68,20
2026-06-22T16:16:00Z,44186.68,44208.60,44182.27,44208.60,9
2026-06-22T16:17:00Z,44208.60,44217.44,44181.87,44199.54,18
2026-06-22T16:18:00Z,44199.54,44212.60,44181.87,44203.76,13
2026-06-22T16:19:00Z,44203.76,44221.44,44181.46,44199.13,13
2026-06-22T16:20:00Z,44199.13,44212.38,44194.50,44194.50,12
2026-06-22T16:21:00Z,44194.50,44203.33,44163.34,44181.01,14
2026-06-22T16:22:00Z,44181.01,44189.84,44149.87,44167.53,21
2026-06-22T16:23:00Z,44167.53,44180.78,44149.66,44162.90,22
2026-06-22T16:24:00Z,44162.90,44162.90,44149.44,44158.27,21
2026-06-22T16:25:00Z,44158.27,44167.10,44131.53,44140.35,11
2026-06-22T16:26:00Z,44140.35,44166.68,44127.11,44157.85,14
2026-06-22T16:27:00Z,44157.85,44166.68,44113.42,44131.07,11
2026-06-22T16:28:00Z,44131.07,44139.89,44091.09,44108.73,19
2026-06-22T16:29:00Z,44108.73,44126.18,44095.50,44112.95,9
2026-06-22T16:30:00Z,44112.95,44165.79,44104.13,44148.14,12
2026-06-22T16:31:00Z,44148.14,44148.14,44121.43,44139.08,21
2026-06-22T16:32:00Z,44139.08,44143.49,44116.77,44125.59,12
2026-06-22T16:33:00Z,44125.59,44165.21,44116.77,44156.38,19
2026-06-22T16:34:00Z,44156.38,44169.44,44156.38,44160.61,25
2026-06-22T16:35:00Z,44160.61,44160.61,44129.46,44147.11,20
2026-06-22T16:36:00Z,44147.11,44151.52,44129.18,44129.18,21
2026-06-22T16:37:00Z,44129.18,44133.59,44098.03,44111.26,16
2026-06-22T16:38:00Z,44111.26,44124.49,44102.23,44111.05,15
2026-06-22T16:39:00Z,44111.05,44119.87,44084.35,44101.99,19
2026-06-22T16:40:00Z,44101.99,44110.81,44062.01,44079.64,14
2026-06-22T16:41:00Z,44079.64,44079.64,44066.18,44070.58,23
2026-06-22T16:42:00Z,44070.58,44079.39,44052.74,44065.95,23
2026-06-22T16:43:00Z,44065.95,44074.57,44057.14,44070.17,12
2026-06-22T16:44:00Z,44070.17,44087.79,44052.26,44052.26,15
2026-06-22T16:45:00Z,44052.26,44056.66,43994.62,44012.22,18
2026-06-22T16:46:00Z,44012.22,44056.19,43999.02,44047.39,11
2026-06-22T16:47:00Z,44047.39,44056.03,44029.78,44056.03,19
2026-06-22T16:48:00Z,44056.03,44056.03,44016.03,44024.83,17
2026-06-22T16:49:00Z,44024.83,44024.83,43993.69,44002.49,8
2026-06-22T16:50:00Z,44002.49,44059.70,43998.09,44042.09,12
2026-06-22T16:51:00Z,44042.09,44068.36,44042.09,44050.74,14
2026-06-22T16:52:00Z,44050.74,44059.55,44024.05,44037.26,10
2026-06-22T16:53:00Z,44037.26,44046.06,44001.63,44001.63,19
2026-06-22T16:54:00Z,44001.63,44019.07,43992.83,44010.27,20
2026-06-22T16:55:00Z,44010.27,44032.11,44001.47,44018.91,12
2026-06-22T16:56:00Z,44018.91,44027.71,43970.03,43974.42,15
2026-06-22T16:57:00Z,43974.42,43987.42,43970.03,43978.63,21
2026-06-22T16:58:00Z,43978.63,43987.42,43965.21,43974.00,18
2026-06-22T16:59:00Z,43974.00,43991.41,43960.81,43978.22,9
2026-06-22T17:00:00Z,43978.22,43987.01,43934.13,43938.52,11
2026-06-22T17:01:00Z,43938.52,43969.16,43920.95,43964.77,8
2026-06-22T17:02:00Z,43964.77,43973.56,43960.26,43964.65,9
2026-06-22T17:03:00Z,43964.65,43999.71,43960.26,43986.52,21
2026-06-22T17:04:00Z,43986.52,44012.80,43977.73,44004.00,21
2026-06-22T17:05:00Z,44004.00,44008.40,43986.29,43990.68,12
2026-06-22T17:06:00Z,43990.68,44012.55,43986.29,44012.55,24
2026-06-22T17:07:00Z,44012.55,44060.83,44012.55,44043.22,12
2026-06-22T17:08:00Z,44043.22,44047.62,44021.09,44029.89,13
2026-06-22T17:09:00Z,44029.89,44073.78,44025.49,44060.57,21
2026-06-22T17:10:00Z,44060.57,44064.97,44034.03,44051.65,11
2026-06-22T17:11:00Z,44051.65,44082.35,44034.03,44064.73,20
2026-06-22T17:12:00Z,44064.73,44077.94,44003.00,44020.60,24
2026-06-22T17:13:00Z,44020.60,44042.47,44007.40,44038.07,23
2026-06-22T17:14:00Z,44038.07,44046.87,44029.15,44029.15,21
2026-06-22T17:15:00Z,44029.15,44046.76,44020.25,44020.25,9
2026-06-22T17:16:00Z,44020.25,44033.45,44002.55,44006.95,22
2026-06-22T17:17:00Z,44006.95,44033.21,44006.95,44024.41,13
2026-06-22T17:18:00Z,44024.41,44068.29,44024.41,44050.67,16
2026-06-22T17:19:00Z,44050.67,44072.56,44046.27,44059.35,18
2026-06-22T17:20:00Z,44059.35,44072.42,44059.35,44072.42,23
2026-06-22T17:21:00Z,44072.42,44076.82,44059.11,44059.11,22
2026-06-22T17:22:00Z,44059.11,44076.73,44037.00,44045.80,15
2026-06-22T17:23:00Z,44045.80,44045.80,44028.08,44045.69,9
2026-06-22T17:24:00Z,44045.69,44063.30,44032.39,44041.19,25
2026-06-22T17:25:00Z,44041.19,44076.27,44041.19,44058.65,9
2026-06-22T17:26:00Z,44058.65,44067.46,44040.96,44045.36,12
2026-06-22T17:27:00Z,44045.36,44080.44,44045.36,44062.82,21
2026-06-22T17:28:00Z,44062.82,44076.03,44058.31,44058.31,24
2026-06-22T17:29:00Z,44058.31,44093.39,44040.69,44080.17,23
2026-06-22T17:30:00Z,44080.17,44093.39,44058.08,44058.08,9
2026-06-22T17:31:00Z,44058.08,44071.29,44027.17,44044.78,19
2026-06-22T17:32:00Z,44044.78,44057.99,44022.70,44031.50,25
2026-06-22T17:33:00Z,44031.50,44035.90,44013.84,44013.84,12
2026-06-22T17:34:00Z,44013.84,44040.05,44013.84,44040.05,21
2026-06-22T17:35:00Z,44040.05,44061.90,44031.25,44057.50,15
2026-06-22T17:36:00Z,44057.50,44083.77,44057.50,44074.96,16
2026-06-22T17:37:00Z,44074.96,44123.22,44066.15,44105.58,13
2026-06-22T17:38:00Z,44105.58,44114.26,44092.35,44114.26,23
2026-06-22T17:39:00Z,44114.26,44131.74,44114.26,44127.33,21
2026-06-22T17:40:00Z,44127.33,44127.33,44113.98,44127.21,24
2026-06-22T17:41:00Z,44127.21,44131.50,44118.39,44131.50,14
2026-06-22T17:42:00Z,44131.50,44153.39,44113.85,44144.57,15
2026-06-22T17:43:00Z,44144.57,44179.68,44131.33,44166.44,15
2026-06-22T17:44:00Z,44166.44,44184.10,44157.53,44157.53,21
2026-06-22T17:45:00Z,44157.53,44157.53,44144.21,44148.62,24
2026-06-22T17:46:00Z,44148.62,44157.32,44139.80,44152.91,20
2026-06-22T17:47:00Z,44152.91,44187.96,44152.91,44187.96,10
2026-06-22T17:48:00Z,44187.96,44205.43,44179.13,44205.43,24
2026-06-22T17:49:00Z,44205.43,44214.27,44200.90,44205.32,20
2026-06-22T17:50:00Z,44205.32,44223.00,44187.53,44205.21,9
2026-06-22T17:51:00Z,44205.21,44214.05,44191.88,44196.29,20
2026-06-22T17:52:00Z,44196.29,44205.12,44169.76,44178.59,25
2026-06-22T17:53:00Z,44178.59,44196.06,44165.34,44196.06,24
2026-06-22T17:54:00Z,44196.06,44204.89,44160.68,44178.35,10
2026-06-22T17:55:00Z,44178.35,44196.02,44151.79,44169.45,24
2026-06-22T17:56:00Z,44169.45,44191.35,44165.04,44182.52,25
2026-06-22T17:57:00Z,44182.52,44195.77,44151.56,44169.22,16
2026-06-22T17:58:00Z,44169.22,44173.63,44147.09,44160.33,8
2026-06-22T17:59:00Z,44160.33,44164.74,44142.61,44151.44,22
2026-06-22T18:00:00Z,44151.44,44171.55,44138.20,44158.31,15
2026-06-22T18:01:00Z,44158.31,44167.14,44134.28,44147.52,13
2026-06-22T18:02:00Z,44147.52,44185.30,44143.11,44172.05,20
2026-06-22T18:03:00Z,44172.05,44209.85,44172.05,44205.43,15
2026-06-22T18:04:00Z,44205.43,44243.25,44201.01,44225.56,16
2026-06-22T18:05:00Z,44225.56,44229.98,44214.75,44219.17,14
2026-06-22T18:06:00Z,44219.17,44239.31,44219.17,44239.31,14
2026-06-22T18:07:00Z,44239.31,44243.73,44215.25,44224.09,24
2026-06-22T18:08:00Z,44224.09,44228.51,44200.02,44204.44,20
2026-06-22T18:09:00Z,44204.44,44224.58,44191.18,44206.90,15
2026-06-22T18:10:00Z,44206.90,44244.70,44193.64,44235.86,15
2026-06-22T18:11:00Z,44235.86,44249.13,44225.06,44225.06,13
2026-06-22T18:12:00Z,44225.06,44267.30,44211.80,44254.03,18
2026-06-22T18:13:00Z,44254.03,44269.75,44249.61,44265.33,24
2026-06-22T18:14:00Z,44265.33,44276.64,44247.63,44276.64,16
2026-06-22T18:15:00Z,44276.64,44318.93,44267.79,44301.21,9
2026-06-22T18:16:00Z,44301.21,44325.81,44292.35,44312.52,15
2026-06-22T18:17:00Z,44312.52,44328.26,44303.66,44319.40,17
2026-06-22T18:18:00Z,44319.40,44339.58,44314.97,44339.58,18
2026-06-22T18:19:00Z,44339.58,44377.47,44330.72,44377.47,11
2026-06-22T18:20:00Z,44377.47,44393.24,44364.16,44379.93,17
2026-06-22T18:21:00Z,44379.93,44388.80,44351.35,44360.22,22
2026-06-22T18:22:00Z,44360.22,44364.65,44340.52,44353.82,24
2026-06-22T18:23:00Z,44353.82,44374.02,44353.82,44356.28,11
2026-06-22T18:24:00Z,44356.28,44369.58,44336.57,44354.31,9
2026-06-22T18:25:00Z,44354.31,44392.22,44349.88,44374.48,16
2026-06-22T18:26:00Z,44374.48,44387.79,44359.22,44363.65,18
2026-06-22T18:27:00Z,44363.65,44379.39,44363.65,44374.96,18
2026-06-22T18:28:00Z,44374.96,44388.27,44341.96,44350.83,18
2026-06-22T18:29:00Z,44350.83,44393.17,44350.83,44379.86,15
2026-06-22T18:30:00Z,44379.86,44384.29,44355.72,44364.59,9
2026-06-22T18:31:00Z,44364.59,44373.46,44349.33,44349.33,13
2026-06-22T18:32:00Z,44349.33,44353.76,44320.77,44338.50,24
2026-06-22T18:33:00Z,44338.50,44351.80,44323.24,44336.54,15
2026-06-22T18:34:00Z,44336.54,44383.29,44323.24,44365.55,18
2026-06-22T18:35:00Z,44365.55,44365.55,44354.72,44354.72,21
2026-06-22T18:36:00Z,44354.72,44370.48,44336.98,44357.18,18
2026-06-22T18:37:00Z,44357.18,44381.79,44352.75,44372.92,10
2026-06-22T18:38:00Z,44372.92,44390.66,44348.78,44366.52,25
2026-06-22T18:39:00Z,44366.52,44370.95,44337.98,44346.84,14
2026-06-22T18:40:00Z,44346.84,44346.84,44331.60,44331.60,8
2026-06-22T18:41:00Z,44331.60,44344.89,44320.78,44329.64,10
2026-06-22T18:42:00Z,44329.64,44329.64,44292.29,44296.71,24
2026-06-22T18:43:00Z,44296.71,44352.25,44296.71,44334.52,20
2026-06-22T18:44:00Z,44334.52,44352.25,44319.28,44328.14,11
2026-06-22T18:45:00Z,44328.14,44345.87,44304.03,44321.75,13
2026-06-22T18:46:00Z,44321.75,44333.07,44304.03,44324.21,11
2026-06-22T18:47:00Z,44324.21,44326.67,44319.78,44326.67,18
2026-06-22T18:48:00Z,44326.67,44364.54,44322.24,44351.24,20
2026-06-22T18:49:00Z,44351.24,44362.54,44333.50,44362.54,12
2026-06-22T18:50:00Z,44362.54,44371.41,44311.87,44329.60,22
2026-06-22T18:51:00Z,44329.60,44349.79,44311.87,44332.06,21
2026-06-22T18:52:00Z,44332.06,44365.51,44314.33,44352.21,12
2026-06-22T18:53:00Z,44352.21,44367.93,44347.78,44367.93,25
2026-06-22T18:54:00Z,44367.93,44379.23,44363.50,44379.23,15
2026-06-22T18:55:00Z,44379.23,44379.23,44355.10,44368.41,20
2026-06-22T18:56:00Z,44368.41,44388.62,44359.54,44370.88,17
2026-06-22T18:57:00Z,44370.88,44388.62,44355.64,44355.64,20
2026-06-22T18:58:00Z,44355.64,44373.38,44327.10,44344.83,15
2026-06-22T18:59:00Z,44344.83,44353.69,44316.34,44325.20,9
2026-06-22T19:00:00Z,44325.20,44334.06,44306.34,44315.20,12
2026-06-22T19:01:00Z,44315.20,44331.79,44310.77,44322.93,17
2026-06-22T19:02:00Z,44322.93,44343.96,44318.50,44339.53,18
2026-06-22T19:03:00Z,44339.53,44357.26,44329.53,44329.53,11
2026-06-22T19:04:00Z,44329.53,44347.26,44315.10,44315.10,13
2026-06-22T19:05:00Z,44315.10,44332.82,44309.55,44309.55,24
2026-06-22T19:06:00Z,44309.55,44327.27,44303.99,44308.42,11
2026-06-22T19:07:00Z,44308.42,44317.28,44294.02,44298.44,18
2026-06-22T19:08:00Z,44298.44,44298.44,44266.32,44284.03,15
2026-06-22T19:09:00Z,44284.03,44313.89,44275.18,44300.60,17
2026-06-22T19:10:00Z,44300.60,44321.62,44300.60,44308.33,19
2026-06-22T19:11:00Z,44308.33,44326.05,44293.92,44298.34,12
2026-06-22T19:12:00Z,44298.34,44319.36,44285.06,44301.64,23
2026-06-22T19:13:00Z,44301.64,44335.93,44292.78,44327.07,25
2026-06-22T19:14:00Z,44327.07,44352.52,44313.78,44339.22,9
2026-06-22T19:15:00Z,44339.22,44339.22,44320.38,44320.38,11
2026-06-22T19:16:00Z,44320.38,44320.38,44305.96,44319.25,24
2026-06-22T19:17:00Z,44319.25,44336.97,44278.28,44287.13,20
2026-06-22T19:18:00Z,44287.13,44295.98,44272.73,44286.01,20
2026-06-22T19:19:00Z,44286.01,44302.59,44268.30,44289.31,24
2026-06-22T19:20:00Z,44289.31,44293.73,44288.19,44288.19,20
2026-06-22T19:21:00Z,44288.19,44297.04,44264.95,44264.95,8
2026-06-22T19:22:00Z,44264.95,44273.80,44241.72,44254.99,9
2026-06-22T19:23:00Z,44254.99,44254.99,44236.21,44236.21,11
2026-06-22T19:24:00Z,44236.21,44248.35,44236.21,44239.51,20
2026-06-22T19:25:00Z,44239.51,44251.65,44221.82,44242.81,15
2026-06-22T19:26:00Z,44242.81,44263.78,44229.54,44263.78,17
2026-06-22T19:27:00Z,44263.78,44272.63,44218.46,44236.15,14
2026-06-22T19:28:00Z,44236.15,44253.84,44226.21,44226.21,12
2026-06-22T19:29:00Z,44226.21,44235.05,44203.01,44211.85,12
2026-06-22T19:30:00Z,44211.85,44211.85,44179.83,44197.50,24
2026-06-22T19:31:00Z,44197.50,44222.87,44184.25,44214.03,13
2026-06-22T19:32:00Z,44214.03,44218.45,44195.23,44212.91,16
2026-06-22T19:33:00Z,44212.91,44230.59,44207.39,44207.39,11
2026-06-22T19:34:00Z,44207.39,44228.35,44207.39,44215.09,12
2026-06-22T19:35:00Z,44215.09,44231.62,44206.25,44227.20,15
2026-06-22T19:36:00Z,44227.20,44252.60,44218.36,44239.33,15
2026-06-22T19:37:00Z,44239.33,44282.38,44239.33,44264.68,18
2026-06-22T19:38:00Z,44264.68,44277.95,44241.49,44241.49,11
2026-06-22T19:39:00Z,44241.49,44241.49,44240.38,44240.38,16
2026-06-22T19:40:00Z,44240.38,44274.55,44227.11,44274.55,15
2026-06-22T19:41:00Z,44274.55,44299.98,44265.70,44282.27,25
2026-06-22T19:42:00Z,44282.27,44291.12,44259.04,44272.32,16
2026-06-22T19:43:00Z,44272.32,44276.74,44257.94,44266.79,13
2026-06-22T19:44:00Z,44266.79,44275.64,44252.45,44252.45,12
2026-06-22T19:45:00Z,44252.45,44308.74,44239.18,44291.03,19
2026-06-22T19:46:00Z,44291.03,44304.31,44267.80,44285.51,13
2026-06-22T19:47:00Z,44285.51,44333.00,44267.80,44315.28,18
2026-06-22T19:48:00Z,44315.28,44331.84,44315.28,44327.41,17
2026-06-22T19:49:00Z,44327.41,44340.70,44295.34,44308.63,22
2026-06-22T19:50:00Z,44308.63,44308.63,44280.99,44294.27,20
2026-06-22T19:51:00Z,44294.27,44310.84,44289.85,44301.98,14
2026-06-22T19:52:00Z,44301.98,44306.41,44292.04,44296.46,22
2026-06-22T19:53:00Z,44296.46,44309.74,44295.34,44295.34,12
2026-06-22T19:54:00Z,44295.34,44316.31,44282.06,44311.88,15
2026-06-22T19:55:00Z,44311.88,44316.31,44262.16,44279.87,22
2026-06-22T19:56:00Z,44279.87,44300.83,44279.87,44291.98,13
2026-06-22T19:57:00Z,44291.98,44296.40,44259.97,44268.82,21
2026-06-22T19:58:00Z,44268.82,44303.03,44255.54,44289.75,12
2026-06-22T19:59:00Z,44289.75,44294.17,44262.14,44275.42,15
2026-06-22T20:00:00Z,44275.42,44312.23,44275.42,44294.52,10
2026-06-22T20:01:00Z,44294.52,44298.94,44251.64,44269.34,13
2026-06-22T20:02:00Z,44269.34,44282.62,44226.47,44239.74,16
2026-06-22T20:03:00Z,44239.74,44244.16,44196.90,44196.90,20
2026-06-22T20:04:00Z,44196.90,44196.90,44189.46,44193.87,21
2026-06-22T20:05:00Z,44193.87,44204.10,44176.20,44204.10,23
2026-06-22T20:06:00Z,44204.10,44218.74,44190.84,44218.74,15
2026-06-22T20:07:00Z,44218.74,44251.08,44205.48,44242.24,24
2026-06-22T20:08:00Z,44242.24,44255.51,44217.09,44217.09,15
2026-06-22T20:09:00Z,44217.09,44230.35,44196.38,44214.06,20
2026-06-22T20:10:00Z,44214.06,44231.74,44188.93,44197.76,10
2026-06-22T20:11:00Z,44197.76,44197.76,44185.90,44185.90,19
2026-06-22T20:12:00Z,44185.90,44227.05,44181.49,44209.37,15
2026-06-22T20:13:00Z,44209.37,44222.63,44206.35,44206.35,17
2026-06-22T20:14:00Z,44206.35,44212.16,44197.51,44212.16,20
2026-06-22T20:15:00Z,44212.16,44216.58,44187.03,44204.71,12
2026-06-22T20:16:00Z,44204.71,44204.71,44188.44,44197.27,17
2026-06-22T20:17:00Z,44197.27,44211.91,44184.02,44211.91,22
2026-06-22T20:18:00Z,44211.91,44230.98,44194.23,44217.72,25
2026-06-22T20:19:00Z,44217.72,44226.56,44210.27,44214.69,22
2026-06-22T20:20:00Z,44214.69,44260.29,44214.69,44242.60,16
2026-06-22T20:21:00Z,44242.60,44266.10,44233.76,44248.41,25
2026-06-22T20:22:00Z,44248.41,44261.68,44232.12,44232.12,17
2026-06-22T20:23:00Z,44232.12,44273.30,44214.43,44264.45,25
2026-06-22T20:24:00Z,44264.45,44287.96,44264.45,44279.11,23
2026-06-22T20:25:00Z,44279.11,44315.91,44261.40,44302.62,20
2026-06-22T20:26:00Z,44302.62,44308.44,44293.76,44308.44,10
2026-06-22T20:27:00Z,44308.44,44331.97,44295.15,44314.25,16
2026-06-22T20:28:00Z,44314.25,44323.11,44293.50,44302.36,19
2026-06-22T20:29:00Z,44302.36,44321.47,44302.36,44308.18,14
2026-06-22T20:30:00Z,44308.18,44336.13,44308.18,44322.84,15
2026-06-22T20:31:00Z,44322.84,44341.95,44309.55,44341.95,16
2026-06-22T20:32:00Z,44341.95,44347.76,44324.22,44347.76,14
2026-06-22T20:33:00Z,44347.76,44371.33,44334.46,44353.59,8
2026-06-22T20:34:00Z,44353.59,44368.28,44353.59,44354.98,12
2026-06-22T20:35:00Z,44354.98,44363.85,44334.21,44347.51,20
2026-06-22T20:36:00Z,44347.51,44362.19,44343.08,44353.32,9
2026-06-22T20:37:00Z,44353.32,44359.15,44335.58,44354.72,23
2026-06-22T20:38:00Z,44354.72,44372.46,44329.52,44338.38,24
2026-06-22T20:39:00Z,44338.38,44357.51,44338.38,44339.78,23
2026-06-22T20:40:00Z,44339.78,44348.64,44327.88,44327.88,15
2026-06-22T20:41:00Z,44327.88,44360.28,44323.45,44351.41,22
2026-06-22T20:42:00Z,44351.41,44351.41,44335.08,44335.08,9
2026-06-22T20:43:00Z,44335.08,44339.51,44318.76,44332.05,19
2026-06-22T20:44:00Z,44332.05,44332.05,44306.88,44306.88,14
2026-06-22T20:45:00Z,44306.88,44306.88,44272.86,44290.57,22
2026-06-22T20:46:00Z,44290.57,44294.99,44247.74,44252.16,12
2026-06-22T20:47:00Z,44252.16,44256.58,44227.03,44227.03,22
2026-06-22T20:48:00Z,44227.03,44235.87,44210.76,44215.18,13
2026-06-22T20:49:00Z,44215.18,44228.44,44172.41,44185.66,21
2026-06-22T20:50:00Z,44185.66,44185.66,44142.93,44151.76,25
2026-06-22T20:51:00Z,44151.76,44169.42,44131.09,44144.33,22
2026-06-22T20:52:00Z,44144.33,44172.19,44139.92,44158.95,21
2026-06-22T20:53:00Z,44158.95,44164.75,44158.95,44160.34,24
2026-06-22T20:54:00Z,44160.34,44160.34,44152.92,44152.92,16
2026-06-22T20:55:00Z,44152.92,44189.60,44144.09,44171.94,25
2026-06-22T20:56:00Z,44171.94,44186.59,44171.94,44173.34,9
2026-06-22T20:57:00Z,44173.34,44210.03,44164.51,44192.36,10
2026-06-22T20:58:00Z,44192.36,44206.99,44183.53,44206.99,8
2026-06-22T20:59:00Z,44206.99,44206.99,44168.67,44177.50,16
2026-06-22T21:00:00Z,44177.50,44177.50,44151.20,44168.86,13
2026-06-22T21:01:00Z,44168.86,44168.86,44142.56,44151.39,10
2026-06-22T21:02:00Z,44151.39,44151.59,44151.39,44151.59,18
2026-06-22T21:03:00Z,44151.59,44160.62,44133.93,44156.21,16
2026-06-22T21:04:00Z,44156.21,44160.82,44151.80,44160.82,17
2026-06-22T21:05:00Z,44160.82,44191.92,44147.58,44174.26,20
2026-06-22T21:06:00Z,44174.26,44187.51,44139.13,44156.79,18
2026-06-22T21:07:00Z,44156.79,44161.41,44147.96,44161.41,19
2026-06-22T21:08:00Z,44161.41,44161.41,44152.77,44152.77,16
2026-06-22T21:09:00Z,44152.77,44161.60,44130.90,44148.55,24
2026-06-22T21:10:00Z,44148.55,44153.16,44130.90,44148.75,15
2026-06-22T21:11:00Z,44148.75,44157.57,44144.54,44144.54,13
2026-06-22T21:12:00Z,44144.54,44153.56,44144.54,44144.74,22
2026-06-22T21:13:00Z,44144.74,44149.15,44122.87,44140.52,25
2026-06-22T21:14:00Z,44140.52,44171.62,44122.87,44162.79,11
2026-06-22T21:15:00Z,44162.79,44185.07,44145.13,44171.82,9
2026-06-22T21:16:00Z,44171.82,44180.85,44167.41,44172.02,12
2026-06-22T21:17:00Z,44172.02,44181.04,44154.36,44176.63,19
2026-06-22T21:18:00Z,44176.63,44194.50,44158.96,44185.67,14
2026-06-22T21:19:00Z,44185.67,44216.79,44176.84,44199.12,10
2026-06-22T21:20:00Z,44199.12,44203.53,44168.39,44181.64,23
2026-06-22T21:21:00Z,44181.64,44181.64,44146.51,44159.75,20
2026-06-22T21:22:00Z,44159.75,44172.99,44137.88,44155.54,22
2026-06-22T21:23:00Z,44155.54,44195.48,44155.54,44182.23,12
2026-06-22T21:24:00Z,44182.23,44195.48,44169.18,44178.01,21
2026-06-22T21:25:00Z,44178.01,44217.97,44164.76,44200.29,11
2026-06-22T21:26:00Z,44200.29,44204.71,44169.57,44182.82,22
2026-06-22T21:27:00Z,44182.82,44205.10,44173.99,44191.85,19
2026-06-22T21:28:00Z,44191.85,44231.82,44178.60,44218.56,20
2026-06-22T21:29:00Z,44218.56,44227.40,44205.50,44214.34,12
2026-06-22T21:30:00Z,44214.34,44232.22,44205.50,44214.54,25
2026-06-22T21:31:00Z,44214.54,44227.80,44170.54,44188.21,18
2026-06-22T21:32:00Z,44188.21,44201.46,44166.32,44175.15,11
2026-06-22T21:33:00Z,44175.15,44193.02,44166.32,44179.77,18
2026-06-22T21:34:00Z,44179.77,44188.79,44162.10,44184.38,16
2026-06-22T21:35:00Z,44184.38,44224.34,44184.38,44206.66,15
2026-06-22T21:36:00Z,44206.66,44206.66,44149.42,44167.08,16
2026-06-22T21:37:00Z,44167.08,44189.36,44162.67,44171.70,16
2026-06-22T21:38:00Z,44171.70,44171.90,44154.04,44171.90,19
2026-06-22T21:39:00Z,44171.90,44172.10,44163.07,44172.10,17
2026-06-22T21:40:00Z,44172.10,44189.76,44132.55,44150.21,16
2026-06-22T21:41:00Z,44150.21,44167.87,44128.35,44146.00,16
2026-06-22T21:42:00Z,44146.00,44146.00,44110.89,44128.54,8
2026-06-22T21:43:00Z,44128.54,44168.45,44115.31,44159.62,14
2026-06-22T21:44:00Z,44159.62,44177.28,44124.51,44142.16,8
2026-06-22T21:45:00Z,44142.16,44155.59,44142.16,44151.18,20
2026-06-22T21:46:00Z,44151.18,44177.86,44142.35,44164.62,9
2026-06-22T21:47:00Z,44164.62,44169.03,44138.33,44142.74,15
2026-06-22T21:48:00Z,44142.74,44160.60,44133.92,44151.77,9
2026-06-22T21:49:00Z,44151.77,44156.38,44134.11,44156.38,15
2026-06-22T21:50:00Z,44156.38,44169.62,44147.75,44152.16,19
2026-06-22T21:51:00Z,44152.16,44165.40,44130.29,44147.94,17
2026-06-22T21:52:00Z,44147.94,44179.04,44134.70,44165.80,10
2026-06-22T21:53:00Z,44165.80,44179.04,44135.09,44148.33,12
2026-06-22T21:54:00Z,44148.33,44165.98,44130.87,44135.28,18
2026-06-22T21:55:00Z,44135.28,44153.12,44126.46,44148.71,25
2026-06-22T21:56:00Z,44148.71,44175.39,44139.89,44170.98,12
2026-06-22T21:57:00Z,44170.98,44193.26,44157.73,44180.01,22
2026-06-22T21:58:00Z,44180.01,44184.42,44158.12,44166.95,23
2026-06-22T21:59:00Z,44166.95,44202.48,44166.95,44193.65,12
2026-06-22T22:00:00Z,44193.65,44214.10,44180.40,44209.68,13
2026-06-22T22:01:00Z,44209.68,44243.41,44196.42,44234.57,18
2026-06-22T22:02:00Z,44234.57,44259.47,44216.88,44259.47,10
2026-06-22T22:03:00Z,44259.47,44302.10,44259.47,44288.82,15
2026-06-22T22:04:00Z,44288.82,44306.53,44260.61,44278.32,23
2026-06-22T22:05:00Z,44278.32,44282.74,44245.69,44254.54,19
2026-06-22T22:06:00Z,44254.54,44275.02,44236.84,44266.17,22
2026-06-22T22:07:00Z,44266.17,44283.87,44264.54,44264.54,12
2026-06-22T22:08:00Z,44264.54,44282.24,44249.64,44262.91,14
2026-06-22T22:09:00Z,44262.91,44283.40,44249.64,44270.12,13
2026-06-22T22:10:00Z,44270.12,44283.40,44255.21,44259.63,24
2026-06-22T22:11:00Z,44259.63,44259.63,44244.71,44253.56,11
2026-06-22T22:12:00Z,44253.56,44282.91,44253.56,44265.21,18
2026-06-22T22:13:00Z,44265.21,44281.27,44251.94,44272.42,15
2026-06-22T22:14:00Z,44272.42,44292.92,44268.00,44288.50,15
2026-06-22T22:15:00Z,44288.50,44288.50,44269.15,44282.43,13
2026-06-22T22:16:00Z,44282.43,44291.28,44267.49,44267.49,16
2026-06-22T22:17:00Z,44267.49,44280.77,44243.73,44257.00,21
2026-06-22T22:18:00Z,44257.00,44286.35,44243.73,44273.07,11
2026-06-22T22:19:00Z,44273.07,44286.35,44258.14,44258.14,17
2026-06-22T22:20:00Z,44258.14,44274.20,44253.72,44269.78,10
2026-06-22T22:21:00Z,44269.78,44283.06,44228.29,44241.56,16
2026-06-22T22:22:00Z,44241.56,44270.91,44232.72,44257.64,17
2026-06-22T22:23:00Z,44257.64,44266.49,44225.02,44242.71,13
2026-06-22T22:24:00Z,44242.71,44263.19,44233.87,44245.50,10
2026-06-22T22:25:00Z,44245.50,44265.97,44227.81,44248.28,15
2026-06-22T22:26:00Z,44248.28,44248.28,44233.36,44233.36,19
2026-06-22T22:27:00Z,44233.36,44233.36,44187.46,44200.72,15
2026-06-22T22:28:00Z,44200.72,44205.14,44168.14,44185.81,19
2026-06-22T22:29:00Z,44185.81,44206.29,44168.14,44206.29,17
2026-06-22T22:30:00Z,44206.29,44219.55,44195.81,44204.65,22
2026-06-22T22:31:00Z,44204.65,44213.49,44180.90,44185.31,16
2026-06-22T22:32:00Z,44185.31,44189.72,44152.72,44161.55,14
2026-06-22T22:33:00Z,44161.55,44190.85,44152.72,44177.60,21
2026-06-22T22:34:00Z,44177.60,44180.38,44177.60,44180.38,17
2026-06-22T22:35:00Z,44180.38,44205.27,44175.97,44196.44,25
2026-06-22T22:36:00Z,44196.44,44196.44,44163.85,44181.52,25
2026-06-22T22:37:00Z,44181.52,44215.27,44181.52,44206.43,20
2026-06-22T22:38:00Z,44206.43,44215.27,44191.54,44204.80,23
2026-06-22T22:39:00Z,44204.80,44204.80,44203.16,44203.16,25
2026-06-22T22:40:00Z,44203.16,44220.84,44192.67,44192.67,16
2026-06-22T22:41:00Z,44192.67,44205.92,44177.76,44182.17,14
2026-06-22T22:42:00Z,44182.17,44186.58,44171.71,44180.54,10
2026-06-22T22:43:00Z,44180.54,44205.44,44180.54,44201.02,25
2026-06-22T22:44:00Z,44201.02,44205.44,44155.14,44168.39,10
2026-06-22T22:45:00Z,44168.39,44186.05,44157.93,44166.76,8
2026-06-22T22:46:00Z,44166.76,44178.37,44157.93,44169.54,18
2026-06-22T22:47:00Z,44169.54,44203.28,44165.13,44190.03,9
2026-06-22T22:48:00Z,44190.03,44201.67,44185.62,44201.67,14
2026-06-22T22:49:00Z,44201.67,44219.35,44173.51,44191.18,9
2026-06-22T22:50:00Z,44191.18,44242.65,44186.77,44233.81,9
2026-06-22T22:51:00Z,44233.81,44242.65,44223.31,44223.31,10
2026-06-22T22:52:00Z,44223.31,44232.15,44199.56,44217.24,9
2026-06-22T22:53:00Z,44217.24,44242.18,44217.24,44242.18,19
2026-06-22T22:54:00Z,44242.18,44251.02,44227.28,44240.55,19
2026-06-22T22:55:00Z,44240.55,44249.39,44207.92,44225.61,20
2026-06-22T22:56:00Z,44225.61,44241.68,44207.92,44232.84,10
2026-06-22T22:57:00Z,44232.84,44237.26,44204.62,44213.46,19
2026-06-22T22:58:00Z,44213.46,44229.52,44204.62,44216.26,24
2026-06-22T22:59:00Z,44216.26,44233.94,44179.17,44179.17,17
2026-06-22T23:00:00Z,44179.17,44202.35,44161.50,44189.10,17
2026-06-22T23:01:00Z,44189.10,44203.45,44184.69,44199.04,11
2026-06-22T23:02:00Z,44199.04,44217.81,44190.21,44217.81,11
2026-06-22T23:03:00Z,44217.81,44232.18,44213.39,44218.92,13
2026-06-22T23:04:00Z,44218.92,44223.34,44211.17,44215.59,19
2026-06-22T23:05:00Z,44215.59,44225.54,44197.91,44221.12,14
2026-06-22T23:06:00Z,44221.12,44234.38,44204.53,44208.95,17
2026-06-22T23:07:00Z,44208.95,44217.79,44205.63,44205.63,23
2026-06-22T23:08:00Z,44205.63,44218.89,44193.48,44193.48,14
2026-06-22T23:09:00Z,44193.48,44193.48,44172.48,44172.48,14
2026-06-22T23:10:00Z,44172.48,44186.83,44168.07,44186.83,9
2026-06-22T23:11:00Z,44186.83,44200.08,44165.84,44179.09,19
2026-06-22T23:12:00Z,44179.09,44192.34,44171.37,44175.78,24
2026-06-22T23:13:00Z,44175.78,44212.21,44171.37,44194.54,15
2026-06-22T23:14:00Z,44194.54,44222.16,44181.29,44208.90,9
2026-06-22T23:15:00Z,44208.90,44226.58,44161.40,44179.07,17
2026-06-22T23:16:00Z,44179.07,44197.83,44179.07,44184.58,24
2026-06-22T23:17:00Z,44184.58,44185.69,44180.17,44185.69,14
2026-06-22T23:18:00Z,44185.69,44204.45,44172.44,44195.62,14
2026-06-22T23:19:00Z,44195.62,44214.40,44186.79,44196.73,20
2026-06-22T23:20:00Z,44196.73,44206.66,44187.90,44202.24,21
2026-06-22T23:21:00Z,44202.24,44219.92,44181.26,44194.51,13
2026-06-22T23:22:00Z,44194.51,44194.51,44177.95,44182.36,24
2026-06-22T23:23:00Z,44182.36,44205.54,44164.69,44187.87,23
2026-06-22T23:24:00Z,44187.87,44192.28,44162.48,44175.73,25
2026-06-22T23:25:00Z,44175.73,44194.48,44175.73,44194.48,20
2026-06-22T23:26:00Z,44194.48,44198.89,44173.50,44186.75,16
2026-06-22T23:27:00Z,44186.75,44200.00,44148.11,44165.77,15
2026-06-22T23:28:00Z,44165.77,44179.01,44144.80,44153.63,17
2026-06-22T23:29:00Z,44153.63,44166.87,44132.68,44141.50,13
2026-06-22T23:30:00Z,44141.50,44154.74,44102.90,44120.54,19
2026-06-22T23:31:00Z,44120.54,44152.52,44107.31,44134.87,14
2026-06-22T23:32:00Z,44134.87,44149.19,44130.46,44144.78,17
2026-06-22T23:33:00Z,44144.78,44163.53,44144.78,44159.12,21
2026-06-22T23:34:00Z,44159.12,44176.78,44124.92,44129.33,10
2026-06-22T23:35:00Z,44129.33,44161.31,44116.10,44143.66,23
2026-06-22T23:36:00Z,44143.66,44161.31,44105.06,44113.88,17
2026-06-22T23:37:00Z,44113.88,44127.11,44070.92,44079.73,20
2026-06-22T23:38:00Z,44079.73,44088.54,44058.80,44076.43,9
2026-06-22T23:39:00Z,44076.43,44085.24,44064.31,44073.12,8
2026-06-22T23:40:00Z,44073.12,44090.74,44043.40,44056.61,19
2026-06-22T23:41:00Z,44056.61,44070.91,44043.40,44066.51,23
2026-06-22T23:42:00Z,44066.51,44098.44,44053.30,44089.63,19
2026-06-22T23:43:00Z,44089.63,44117.16,44080.82,44108.34,16
2026-06-22T23:44:00Z,44108.34,44108.34,44078.60,44096.23,11
2026-06-22T23:45:00Z,44096.23,44119.36,44083.01,44114.95,8
2026-06-22T23:46:00Z,44114.95,44124.87,44114.95,44116.05,13
2026-06-22T23:47:00Z,44116.05,44133.69,44086.30,44103.94,21
2026-06-22T23:48:00Z,44103.94,44135.89,44086.30,44118.25,14
2026-06-22T23:49:00Z,44118.25,44122.66,44075.29,44084.10,9
2026-06-22T23:50:00Z,44084.10,44116.03,44075.29,44098.40,16
2026-06-22T23:51:00Z,44098.40,44111.62,44090.70,44090.70,19
2026-06-22T23:52:00Z,44090.70,44095.10,44078.60,44083.00,19
2026-06-22T23:53:00Z,44083.00,44096.22,44079.69,44079.69,16
2026-06-22T23:54:00Z,44079.69,44084.09,44036.78,44036.78,10
2026-06-22T23:55:00Z,44036.78,44055.47,44027.98,44046.67,15
2026-06-22T23:56:00Z,44046.67,44055.47,44008.18,44021.38,21
2026-06-22T23:57:00Z,44021.38,44048.86,44008.18,44040.06,23
2026-06-22T23:58:00Z,44040.06,44067.57,44040.06,44049.96,13
2026-06-22T23:59:00Z,44049.96,44068.67,44049.96,44055.46,14
2026-06-23T00:00:00Z,44055.46,44060.49,44046.65,44060.49,18
2026-06-23T00:01:00Z,44060.49,44078.74,44047.28,44065.53,9
2026-06-23T00:02:00Z,44065.53,44083.15,44039.74,44048.54,23
2026-06-23T00:03:00Z,44048.54,44057.97,44030.93,44057.97,21
2026-06-23T00:04:00Z,44057.97,44075.59,44049.80,44054.20,9
2026-06-23T00:05:00Z,44054.20,44107.69,44054.20,44090.06,24
2026-06-23T00:06:00Z,44090.06,44103.28,44068.65,44081.87,18
2026-06-23T00:07:00Z,44081.87,44090.68,44056.07,44064.88,15
2026-06-23T00:08:00Z,44064.88,44078.72,44051.67,44078.72,8
2026-06-23T00:09:00Z,44078.72,44083.75,44074.32,44083.75,24
2026-06-23T00:10:00Z,44083.75,44106.40,44083.75,44106.40,14
2026-06-23T00:11:00Z,44106.40,44106.40,44093.81,44093.81,15
2026-06-23T00:12:00Z,44093.81,44111.44,44068.01,44076.82,8
2026-06-23T00:13:00Z,44076.82,44103.88,44068.01,44090.66,12
2026-06-23T00:14:00Z,44090.66,44104.51,44077.44,44091.29,19
2026-06-23T00:15:00Z,44091.29,44113.95,44086.89,44096.32,20
2026-06-23T00:16:00Z,44096.32,44100.72,44066.12,44083.75,10
2026-06-23T00:17:00Z,44083.75,44106.39,44066.12,44101.98,20
2026-06-23T00:18:00Z,44101.98,44111.42,44093.16,44107.01,22
2026-06-23T00:19:00Z,44107.01,44107.01,44085.63,44094.44,11
2026-06-23T00:20:00Z,44094.44,44117.11,44081.22,44099.48,21
2026-06-23T00:21:00Z,44099.48,44135.35,44095.08,44117.71,21
2026-06-23T00:22:00Z,44117.71,44140.37,44100.07,44127.14,24
2026-06-23T00:23:00Z,44127.14,44144.79,44118.97,44118.97,20
2026-06-23T00:24:00Z,44118.97,44137.24,44101.33,44124.01,15
2026-06-23T00:25:00Z,44124.01,44137.24,44102.61,44115.84,23
2026-06-23T00:26:00Z,44115.84,44138.50,44111.43,44125.27,13
2026-06-23T00:27:00Z,44125.27,44161.15,44112.04,44143.50,15
2026-06-23T00:28:00Z,44143.50,44161.15,44108.89,44122.12,10
2026-06-23T00:29:00Z,44122.12,44135.35,44087.56,44096.37,8
2026-06-23T00:30:00Z,44096.37,44101.41,44096.37,44097.01,15
2026-06-23T00:31:00Z,44097.01,44114.64,44075.62,44093.25,9
2026-06-23T00:32:00Z,44093.25,44115.86,44088.85,44115.86,8
2026-06-23T00:33:00Z,44115.86,44133.50,44098.92,44098.92,22
2026-06-23T00:34:00Z,44098.92,44121.55,44081.29,44112.73,22
2026-06-23T00:35:00Z,44112.73,44126.57,44103.91,44122.16,11
2026-06-23T00:36:00Z,44122.16,44126.57,44100.77,44118.41,15
2026-06-23T00:37:00Z,44118.41,44163.03,44109.59,44149.79,8
2026-06-23T00:38:00Z,44149.79,44154.84,44149.79,44150.43,16
2026-06-23T00:39:00Z,44150.43,44150.43,44137.87,44142.28,19
2026-06-23T00:40:00Z,44142.28,44146.69,44112.09,44129.74,22
2026-06-23T00:41:00Z,44129.74,44138.56,44112.75,44125.98,14
2026-06-23T00:42:00Z,44125.98,44148.62,44112.75,44139.80,15
2026-06-23T00:43:00Z,44139.80,44149.23,44130.98,44149.23,11
2026-06-23T00:44:00Z,44149.23,44154.26,44149.23,44154.26,23
2026-06-23T00:45:00Z,44154.26,44163.71,44154.26,44159.30,17
2026-06-23T00:46:00Z,44159.30,44181.91,44159.30,44181.91,20
2026-06-23T00:47:00Z,44181.91,44191.35,44177.50,44186.94,19
2026-06-23T00:48:00Z,44186.94,44200.19,44174.36,44183.19,18
2026-06-23T00:49:00Z,44183.19,44196.44,44175.04,44175.04,11
2026-06-23T00:50:00Z,44175.04,44188.29,44136.08,44149.32,18
2026-06-23T00:51:00Z,44149.32,44176.40,44140.50,44158.74,24
2026-06-23T00:52:00Z,44158.74,44176.40,44124.20,44137.44,18
2026-06-23T00:53:00Z,44137.44,44173.29,44119.79,44155.63,11
2026-06-23T00:54:00Z,44155.63,44173.91,44142.39,44160.67,22
2026-06-23T00:55:00Z,44160.67,44178.98,44151.84,44161.32,21
2026-06-23T00:56:00Z,44161.32,44192.79,44161.32,44175.12,17
2026-06-23T00:57:00Z,44175.12,44193.44,44161.87,44175.77,13
2026-06-23T00:58:00Z,44175.77,44194.06,44158.10,44180.81,21
2026-06-23T00:59:00Z,44180.81,44194.71,44167.56,44181.46,20
2026-06-23T01:00:00Z,44181.46,44203.46,44163.79,44185.79,25
2026-06-23T01:01:00Z,44185.79,44203.46,44168.03,44176.86,8
2026-06-23T01:02:00Z,44176.86,44181.19,44159.19,44181.19,10
2026-06-23T01:03:00Z,44181.19,44190.02,44141.36,44159.02,11
2026-06-23T01:04:00Z,44159.02,44172.26,44145.69,44145.69,21
2026-06-23T01:05:00Z,44145.69,44163.26,44136.87,44150.02,24
2026-06-23T01:06:00Z,44150.02,44158.85,44132.29,44132.29,10
2026-06-23T01:07:00Z,44132.29,44167.50,44123.47,44149.85,23
2026-06-23T01:08:00Z,44149.85,44185.07,44145.44,44167.41,24
2026-06-23T01:09:00Z,44167.41,44215.89,44158.58,44198.22,25
2026-06-23T01:10:00Z,44198.22,44215.89,44193.71,44193.71,22
2026-06-23T01:11:00Z,44193.71,44215.71,44193.71,44198.04,19
2026-06-23T01:12:00Z,44198.04,44211.21,44193.63,44206.79,21
2026-06-23T01:13:00Z,44206.79,44211.21,44197.87,44197.87,14
2026-06-23T01:14:00Z,44197.87,44224.29,44197.87,44206.61,11
2026-06-23T01:15:00Z,44206.61,44237.43,44206.61,44237.43,12
2026-06-23T01:16:00Z,44237.43,44255.12,44197.57,44215.25,10
2026-06-23T01:17:00Z,44215.25,44241.66,44215.25,44232.82,13
2026-06-23T01:18:00Z,44232.82,44237.24,44223.90,44232.74,25
2026-06-23T01:19:00Z,44232.74,44250.32,44223.90,44241.48,9
2026-06-23T01:20:00Z,44241.48,44250.32,44219.30,44232.56,13
2026-06-23T01:21:00Z,44232.56,44241.40,44210.40,44210.40,18
2026-06-23T01:22:00Z,44210.40,44219.24,44201.49,44205.91,9
2026-06-23T01:23:00Z,44205.91,44210.33,44201.40,44205.82,21
2026-06-23T01:24:00Z,44205.82,44227.81,44201.40,44218.97,18
2026-06-23T01:25:00Z,44218.97,44227.81,44205.65,44210.07,19
2026-06-23T01:26:00Z,44210.07,44249.69,44210.07,44240.85,19
2026-06-23T01:27:00Z,44240.85,44249.69,44218.66,44236.35,12
2026-06-23T01:28:00Z,44236.35,44249.62,44227.44,44231.86,15
2026-06-23T01:29:00Z,44231.86,44236.28,44227.36,44227.36,20
2026-06-23T01:30:00Z,44227.36,44245.05,44209.59,44227.28,22
2026-06-23T01:31:00Z,44227.28,44236.02,44218.44,44236.02,24
2026-06-23T01:32:00Z,44236.02,44249.19,44236.02,44240.35,14
2026-06-23T01:33:00Z,44240.35,44258.04,44213.78,44227.04,13
2026-06-23T01:34:00Z,44227.04,44253.47,44218.20,44235.78,8
2026-06-23T01:35:00Z,44235.78,44240.20,44213.62,44226.88,10
2026-06-23T01:36:00Z,44226.88,44235.63,44213.62,44231.21,15
2026-06-23T01:37:00Z,44231.21,44240.05,44204.68,44209.10,22
2026-06-23T01:38:00Z,44209.10,44222.36,44200.18,44209.02,17
2026-06-23T01:39:00Z,44209.02,44226.70,44186.91,44191.32,8
2026-06-23T01:40:00Z,44191.32,44208.89,44182.49,44200.05,12
2026-06-23T01:41:00Z,44200.05,44217.63,44195.63,44208.79,18
2026-06-23T01:42:00Z,44208.79,44230.78,44199.95,44217.52,8
2026-06-23T01:43:00Z,44217.52,44235.20,44168.97,44182.22,22
2026-06-23T01:44:00Z,44182.22,44212.99,44164.55,44204.15,23
2026-06-23T01:45:00Z,44204.15,44221.83,44177.60,44195.27,22
2026-06-23T01:46:00Z,44195.27,44208.52,44173.19,44177.60,9
2026-06-23T01:47:00Z,44177.60,44199.56,44164.35,44190.73,11
2026-06-23T01:48:00Z,44190.73,44221.49,44186.32,44212.65,10
2026-06-23T01:49:00Z,44212.65,44225.91,44181.72,44194.97,23
2026-06-23T01:50:00Z,44194.97,44225.74,44190.56,44216.90,17
2026-06-23T01:51:00Z,44216.90,44260.89,44216.90,44247.62,11
2026-06-23T01:52:00Z,44247.62,44252.04,44225.50,44234.34,23
2026-06-23T01:53:00Z,44234.34,44256.30,44221.07,44251.88,23
2026-06-23T01:54:00Z,44251.88,44265.03,44251.88,44260.61,9
2026-06-23T01:55:00Z,44260.61,44265.03,44247.33,44247.33,20
2026-06-23T01:56:00Z,44247.33,44291.37,44229.64,44273.67,22
2026-06-23T01:57:00Z,44273.67,44291.20,44260.39,44291.20,16
2026-06-23T01:58:00Z,44291.20,44304.38,44286.78,44295.53,15
2026-06-23T01:59:00Z,44295.53,44304.27,44277.82,44304.27,12
2026-06-23T02:00:00Z,44304.27,44308.70,44280.25,44289.10,14
2026-06-23T02:01:00Z,44289.10,44309.37,44289.10,44291.66,20
2026-06-23T02:02:00Z,44291.66,44298.64,44282.81,44298.64,14
2026-06-23T02:03:00Z,44298.64,44307.49,44279.06,44296.77,15
2026-06-23T02:04:00Z,44296.77,44308.18,44296.77,44299.33,24
2026-06-23T02:05:00Z,44299.33,44299.33,44293.04,44297.46,17
2026-06-23T02:06:00Z,44297.46,44315.17,44269.02,44277.87,10
2026-06-23T02:07:00Z,44277.87,44286.72,44262.72,44262.72,24
2026-06-23T02:08:00Z,44262.72,44275.99,44238.73,44252.00,14
2026-06-23T02:09:00Z,44252.00,44289.94,44238.73,44285.52,18
2026-06-23T02:10:00Z,44285.52,44298.80,44283.65,44283.65,15
2026-06-23T02:11:00Z,44283.65,44288.07,44259.65,44268.50,19
2026-06-23T02:12:00Z,44268.50,44286.20,44244.52,44248.94,23
2026-06-23T02:13:00Z,44248.94,44278.04,44244.52,44260.34,21
2026-06-23T02:14:00Z,44260.34,44273.61,44200.99,44218.67,19
2026-06-23T02:15:00Z,44218.67,44243.32,44200.99,44238.90,8
2026-06-23T02:16:00Z,44238.90,44243.32,44184.00,44201.68,19
2026-06-23T02:17:00Z,44201.68,44257.25,44184.00,44239.56,19
2026-06-23T02:18:00Z,44239.56,44243.98,44215.60,44224.44,10
2026-06-23T02:19:00Z,44224.44,44242.12,44200.48,44213.74,22
2026-06-23T02:20:00Z,44213.74,44229.55,44213.74,44220.71,10
2026-06-23T02:21:00Z,44220.71,44258.62,44203.03,44240.93,18
2026-06-23T02:22:00Z,44240.93,44249.77,44199.30,44212.56,24
2026-06-23T02:23:00Z,44212.56,44216.98,44184.21,44188.62,9
2026-06-23T02:24:00Z,44188.62,44230.91,44179.79,44217.65,13
2026-06-23T02:25:00Z,44217.65,44242.30,44213.23,44229.04,24
2026-06-23T02:26:00Z,44229.04,44229.04,44213.92,44222.76,16
2026-06-23T02:27:00Z,44222.76,44240.44,44194.39,44212.07,22
2026-06-23T02:28:00Z,44212.07,44220.91,44183.73,44183.73,20
2026-06-23T02:29:00Z,44183.73,44203.93,44183.73,44199.52,21
2026-06-23T02:30:00Z,44199.52,44215.34,44186.27,44202.08,23
2026-06-23T02:31:00Z,44202.08,44202.08,44156.09,44164.92,22
2026-06-23T02:32:00Z,44164.92,44178.16,44127.78,44145.43,12
2026-06-23T02:33:00Z,44145.43,44165.63,44127.78,44152.39,23
2026-06-23T02:34:00Z,44152.39,44152.39,44146.13,44146.13,12
2026-06-23T02:35:00Z,44146.13,44146.13,44126.65,44135.47,21
2026-06-23T02:36:00Z,44135.47,44144.29,44102.77,44120.41,9
2026-06-23T02:37:00Z,44120.41,44136.19,44107.18,44127.37,8
2026-06-23T02:38:00Z,44127.37,44136.19,44116.71,44121.12,24
2026-06-23T02:39:00Z,44121.12,44141.28,44116.71,44141.28,22
2026-06-23T02:40:00Z,44141.28,44170.29,44136.87,44157.05,11
2026-06-23T02:41:00Z,44157.05,44199.29,44143.81,44186.04,12
2026-06-23T02:42:00Z,44186.04,44206.24,44168.37,44197.41,23
2026-06-23T02:43:00Z,44197.41,44226.43,44184.16,44222.01,13
2026-06-23T02:44:00Z,44222.01,44259.90,44208.75,44242.21,18
2026-06-23T02:45:00Z,44242.21,44246.63,44227.10,44235.94,24
2026-06-23T02:46:00Z,44235.94,44256.16,44222.67,44247.32,11
2026-06-23T02:47:00Z,44247.32,44263.14,44247.32,44254.29,19
2026-06-23T02:48:00Z,44254.29,44258.71,44230.34,44243.61,11
2026-06-23T02:49:00Z,44243.61,44261.30,44224.07,44237.34,15
2026-06-23T02:50:00Z,44237.34,44261.95,44237.34,44261.95,12
2026-06-23T02:51:00Z,44261.95,44266.37,44215.92,44233.61,11
2026-06-23T02:52:00Z,44233.61,44238.03,44192.03,44205.29,21
2026-06-23T02:53:00Z,44205.29,44229.93,44200.87,44212.25,22
2026-06-23T02:54:00Z,44212.25,44212.25,44192.74,44201.58,18
2026-06-23T02:55:00Z,44201.58,44210.42,44195.32,44199.73,15
2026-06-23T02:56:00Z,44199.73,44217.40,44193.47,44197.88,22
2026-06-23T02:57:00Z,44197.88,44202.29,44156.35,44169.60,23
2026-06-23T02:58:00Z,44169.60,44207.43,44169.60,44189.76,17
2026-06-23T02:59:00Z,44189.76,44210.00,44189.76,44192.33,23
2026-06-23T03:00:00Z,44192.33,44205.58,44173.54,44182.37,20
2026-06-23T03:01:00Z,44182.37,44203.35,44182.37,44203.35,20
2026-06-23T03:02:00Z,44203.35,44246.43,44185.67,44228.74,12
2026-06-23T03:03:00Z,44228.74,44242.00,44201.10,44218.78,17
2026-06-23T03:04:00Z,44218.78,44244.19,44218.78,44230.93,18
2026-06-23T03:05:00Z,44230.93,44235.35,44194.44,44207.70,22
2026-06-23T03:06:00Z,44207.70,44219.85,44194.44,44211.01,14
2026-06-23T03:07:00Z,44211.01,44224.27,44187.79,44205.47,13
2026-06-23T03:08:00Z,44205.47,44223.15,44182.28,44186.69,16
2026-06-23T03:09:00Z,44186.69,44216.49,44169.02,44216.49,24
2026-06-23T03:10:00Z,44216.49,44216.49,44184.44,44193.27,16
2026-06-23T03:11:00Z,44193.27,44200.99,44193.27,44200.99,24
2026-06-23T03:12:00Z,44200.99,44218.67,44186.64,44191.05,10
2026-06-23T03:13:00Z,44191.05,44195.46,44163.44,44176.69,16
2026-06-23T03:14:00Z,44176.69,44197.65,44159.02,44188.82,9
2026-06-23T03:15:00Z,44188.82,44214.20,44179.99,44196.53,21
2026-06-23T03:16:00Z,44196.53,44239.59,44183.28,44221.91,23
2026-06-23T03:17:00Z,44221.91,44235.17,44194.29,44203.13,19
2026-06-23T03:18:00Z,44203.13,44237.34,44194.29,44224.08,18
2026-06-23T03:19:00Z,44224.08,44241.76,44214.13,44218.55,25
2026-06-23T03:20:00Z,44218.55,44218.55,44213.01,44217.43,24
2026-06-23T03:21:00Z,44217.43,44229.57,44217.43,44225.15,20
2026-06-23T03:22:00Z,44225.15,44241.72,44211.89,44228.46,12
2026-06-23T03:23:00Z,44228.46,44237.30,44200.84,44205.26,17
2026-06-23T03:24:00Z,44205.26,44208.57,44205.26,44208.57,21
2026-06-23T03:25:00Z,44208.57,44208.57,44172.15,44185.40,14
2026-06-23T03:26:00Z,44185.40,44197.51,44185.40,44193.10,24
2026-06-23T03:27:00Z,44193.10,44236.13,44193.10,44222.87,22
2026-06-23T03:28:00Z,44222.87,44236.13,44173.19,44190.86,23
2026-06-23T03:29:00Z,44190.86,44208.53,44163.30,44167.71,14
2026-06-23T03:30:00Z,44167.71,44172.12,44131.35,44140.17,22
2026-06-23T03:31:00Z,44140.17,44157.82,44121.44,44125.85,9
2026-06-23T03:32:00Z,44125.85,44125.85,44120.34,44124.75,21
2026-06-23T03:33:00Z,44124.75,44137.98,44110.43,44114.84,17
2026-06-23T03:34:00Z,44114.84,44135.76,44110.43,44131.35,20
2026-06-23T03:35:00Z,44131.35,44143.48,44118.12,44134.66,12
2026-06-23T03:36:00Z,44134.66,44139.07,44111.54,44115.95,19
2026-06-23T03:37:00Z,44115.95,44133.59,44092.82,44110.46,18
2026-06-23T03:38:00Z,44110.46,44110.46,44100.57,44100.57,20
2026-06-23T03:39:00Z,44100.57,44125.89,44091.75,44112.66,14
2026-06-23T03:40:00Z,44112.66,44142.40,44112.66,44124.76,10
2026-06-23T03:41:00Z,44124.76,44150.10,44107.12,44132.45,23
2026-06-23T03:42:00Z,44132.45,44144.58,44132.45,44135.76,21
2026-06-23T03:43:00Z,44135.76,44161.11,44126.94,44143.46,11
2026-06-23T03:44:00Z,44143.46,44152.28,44129.16,44129.16,10
2026-06-23T03:45:00Z,44129.16,44142.39,44092.85,44106.08,9
2026-06-23T03:46:00Z,44106.08,44123.72,44091.79,44091.79,23
2026-06-23T03:47:00Z,44091.79,44105.01,44068.68,44086.31,16
2026-06-23T03:48:00Z,44086.31,44095.12,44067.59,44085.22,11
2026-06-23T03:49:00Z,44085.22,44114.90,44085.22,44106.08,20
2026-06-23T03:50:00Z,44106.08,44127.03,44088.44,44109.39,11
2026-06-23T03:51:00Z,44109.39,44122.62,44090.68,44103.91,10
2026-06-23T03:52:00Z,44103.91,44142.38,44099.50,44133.56,8
2026-06-23T03:53:00Z,44133.56,44145.69,44115.91,44136.87,19
2026-06-23T03:54:00Z,44136.87,44162.14,44123.63,44162.14,10
2026-06-23T03:55:00Z,44162.14,44200.64,44153.31,44196.23,17
2026-06-23T03:56:00Z,44196.23,44209.48,44159.90,44168.73,20
2026-06-23T03:57:00Z,44168.73,44186.39,44163.22,44167.63,24
2026-06-23T03:58:00Z,44167.63,44179.74,44149.97,44175.33,19
2026-06-23T03:59:00Z,44175.33,44209.44,44170.92,44205.02,16
2026-06-23T04:00:00Z,44205.02,44213.03,44191.76,44213.03,19
2026-06-23T04:01:00Z,44213.03,44234.30,44195.35,44225.46,23
2026-06-23T04:02:00Z,44225.46,44255.59,44212.20,44242.32,23
2026-06-23T04:03:00Z,44242.32,44245.92,44224.63,44245.92,13
2026-06-23T04:04:00Z,44245.92,44263.61,44245.09,44245.09,10
2026-06-23T04:05:00Z,44245.09,44253.11,44245.09,44248.69,14
2026-06-23T04:06:00Z,44248.69,44256.72,44239.85,44256.72,16
2026-06-23T04:07:00Z,44256.72,44286.89,44239.02,44282.47,9
2026-06-23T04:08:00Z,44282.47,44291.32,44255.07,44268.35,14
2026-06-23T04:09:00Z,44268.35,44272.77,44236.54,44254.24,22
2026-06-23T04:10:00Z,44254.24,44266.71,44254.24,44266.71,21
2026-06-23T04:11:00Z,44266.71,44284.41,44243.75,44257.02,21
2026-06-23T04:12:00Z,44257.02,44291.63,44239.32,44273.93,24
2026-06-23T04:13:00Z,44273.93,44286.40,44269.51,44281.98,15
2026-06-23T04:14:00Z,44281.98,44286.40,44241.26,44245.68,17
2026-06-23T04:15:00Z,44245.68,44245.68,44227.17,44244.86,17
2026-06-23T04:16:00Z,44244.86,44248.47,44240.44,44248.47,22
2026-06-23T04:17:00Z,44248.47,44274.22,44244.05,44256.52,21
2026-06-23T04:18:00Z,44256.52,44274.22,44238.00,44255.70,11
2026-06-23T04:19:00Z,44255.70,44268.18,44242.43,44259.33,14
2026-06-23T04:20:00Z,44259.33,44277.03,44245.23,44254.08,11
2026-06-23T04:21:00Z,44254.08,44270.99,44236.38,44266.57,10
2026-06-23T04:22:00Z,44266.57,44283.48,44262.15,44274.63,20
2026-06-23T04:23:00Z,44274.63,44296.01,44274.63,44296.01,20
2026-06-23T04:24:00Z,44296.01,44309.29,44277.48,44290.76,21
2026-06-23T04:25:00Z,44290.76,44304.04,44281.06,44281.06,22
2026-06-23T04:26:00Z,44281.06,44293.54,44263.35,44284.69,22
2026-06-23T04:27:00Z,44284.69,44302.40,44261.71,44274.99,9
2026-06-23T04:28:00Z,44274.99,44274.99,44225.39,44243.08,21
2026-06-23T04:29:00Z,44243.08,44256.35,44224.54,44228.96,14
2026-06-23T04:30:00Z,44228.96,44233.38,44214.83,44214.83,10
2026-06-23T04:31:00Z,44214.83,44227.29,44205.99,44218.45,11
2026-06-23T04:32:00Z,44218.45,44231.71,44199.95,44217.63,14
2026-06-23T04:33:00Z,44217.63,44235.31,44176.95,44194.62,22
2026-06-23T04:34:00Z,44194.62,44207.11,44185.79,44207.11,8
2026-06-23T04:35:00Z,44207.11,44207.11,44188.61,44206.29,19
2026-06-23T04:36:00Z,44206.29,44214.33,44201.87,44209.91,21
2026-06-23T04:37:00Z,44209.91,44209.91,44186.89,44186.89,10
2026-06-23T04:38:00Z,44186.89,44208.18,44182.48,44190.51,12
2026-06-23T04:39:00Z,44190.51,44199.34,44145.41,44163.07,16
2026-06-23T04:40:00Z,44163.07,44180.73,44131.25,44140.07,13
2026-06-23T04:41:00Z,44140.07,44156.93,44122.42,44143.69,14
2026-06-23T04:42:00Z,44143.69,44169.42,44134.87,44156.18,20
2026-06-23T04:43:00Z,44156.18,44156.18,44128.81,44142.05,13
2026-06-23T04:44:00Z,44142.05,44150.87,44127.92,44127.92,12
2026-06-23T04:45:00Z,44127.92,44141.15,44109.45,44127.10,18
2026-06-23T04:46:00Z,44127.10,44140.33,44121.87,44126.28,16
2026-06-23T04:47:00Z,44126.28,44139.51,44094.44,44098.84,10
2026-06-23T04:48:00Z,44098.84,44098.84,44080.34,44089.15,13
2026-06-23T04:49:00Z,44089.15,44105.99,44075.93,44092.77,21
2026-06-23T04:50:00Z,44092.77,44109.64,44079.55,44100.82,22
2026-06-23T04:51:00Z,44100.82,44114.05,44077.88,44086.69,10
2026-06-23T04:52:00Z,44086.69,44116.87,44077.88,44108.05,15
2026-06-23T04:53:00Z,44108.05,44129.43,44094.82,44129.43,20
2026-06-23T04:54:00Z,44129.43,44164.06,44116.20,44150.82,20
2026-06-23T04:55:00Z,44150.82,44163.34,44133.16,44163.34,15
2026-06-23T04:56:00Z,44163.34,44181.00,44122.65,44140.30,10
2026-06-23T04:57:00Z,44140.30,44166.03,44127.06,44148.38,22
2026-06-23T04:58:00Z,44148.38,44169.76,44143.97,44165.35,14
2026-06-23T04:59:00Z,44165.35,44191.17,44147.69,44182.34,15
2026-06-23T05:00:00Z,44182.34,44194.60,44169.09,44194.60,15
2026-06-23T05:01:00Z,44194.60,44212.27,44189.21,44193.62,18
2026-06-23T05:02:00Z,44193.62,44198.03,44188.22,44188.22,11
2026-06-23T05:03:00Z,44188.22,44204.90,44188.22,44196.07,11
2026-06-23T05:04:00Z,44196.07,44204.90,44168.58,44181.83,23
2026-06-23T05:05:00Z,44181.83,44229.46,44168.58,44211.78,25
2026-06-23T05:06:00Z,44211.78,44225.04,44197.52,44197.52,21
2026-06-23T05:07:00Z,44197.52,44215.19,44165.60,44174.43,22
2026-06-23T05:08:00Z,44174.43,44177.86,44161.18,44177.86,21
2026-06-23T05:09:00Z,44177.86,44177.86,44176.88,44176.88,16
2026-06-23T05:10:00Z,44176.88,44194.55,44136.14,44153.80,10
2026-06-23T05:11:00Z,44153.80,44170.48,44153.80,44170.48,14
2026-06-23T05:12:00Z,44170.48,44179.31,44160.65,44160.65,21
2026-06-23T05:13:00Z,44160.65,44178.31,44159.67,44159.67,20
2026-06-23T05:14:00Z,44159.67,44189.60,44150.84,44171.94,12
2026-06-23T05:15:00Z,44171.94,44193.04,44154.28,44184.21,12
2026-06-23T05:16:00Z,44184.21,44197.46,44161.14,44165.55,24
2026-06-23T05:17:00Z,44165.55,44178.79,44146.91,44164.57,23
2026-06-23T05:18:00Z,44164.57,44176.82,44164.57,44167.99,17
2026-06-23T05:19:00Z,44167.99,44176.82,44118.42,44136.07,16
2026-06-23T05:20:00Z,44136.07,44153.72,44121.84,44121.84,18
2026-06-23T05:21:00Z,44121.84,44139.48,44112.04,44120.86,22
2026-06-23T05:22:00Z,44120.86,44120.86,44102.24,44119.88,17
2026-06-23T05:23:00Z,44119.88,44145.37,44111.06,44132.14,19
2026-06-23T05:24:00Z,44132.14,44175.30,44123.32,44157.64,20
2026-06-23T05:25:00Z,44157.64,44178.75,44139.98,44178.75,24
2026-06-23T05:26:00Z,44178.75,44192.00,44164.51,44168.92,19
2026-06-23T05:27:00Z,44168.92,44186.58,44145.85,44154.68,23
2026-06-23T05:28:00Z,44154.68,44180.20,44137.02,44171.37,12
2026-06-23T05:29:00Z,44171.37,44180.20,44165.98,44170.39,12
2026-06-23T05:30:00Z,44170.39,44179.22,44142.89,44151.72,25
2026-06-23T05:31:00Z,44151.72,44160.55,44124.24,44137.48,19
2026-06-23T05:32:00Z,44137.48,44171.82,44133.07,44154.16,11
2026-06-23T05:33:00Z,44154.16,44175.27,44136.50,44175.27,23
2026-06-23T05:34:00Z,44175.27,44209.64,44170.86,44191.97,12
2026-06-23T05:35:00Z,44191.97,44191.97,44146.77,44155.60,9
2026-06-23T05:36:00Z,44155.60,44155.60,44114.85,44123.67,19
2026-06-23T05:37:00Z,44123.67,44141.31,44087.37,44091.77,14
2026-06-23T05:38:00Z,44091.77,44109.40,44064.32,44073.13,20
2026-06-23T05:39:00Z,44073.13,44077.53,44058.91,44058.91,15
2026-06-23T05:40:00Z,44058.91,44076.53,44053.53,44057.93,20
2026-06-23T05:41:00Z,44057.93,44066.74,44021.69,44030.49,18
2026-06-23T05:42:00Z,44030.49,44039.29,44020.70,44029.50,15
2026-06-23T05:43:00Z,44029.50,44037.33,44025.10,44037.33,19
2026-06-23T05:44:00Z,44037.33,44037.33,44023.14,44031.94,15
2026-06-23T05:45:00Z,44031.94,44036.34,44013.33,44017.73,22
2026-06-23T05:46:00Z,44017.73,44030.93,44007.94,44012.34,14
2026-06-23T05:47:00Z,44012.34,44021.14,43998.14,43998.14,14
2026-06-23T05:48:00Z,43998.14,44023.56,43984.95,44010.36,13
2026-06-23T05:49:00Z,44010.36,44026.98,44001.56,44013.78,16
2026-06-23T05:50:00Z,44013.78,44039.23,43996.18,44039.23,12
2026-06-23T05:51:00Z,44039.23,44073.50,44021.62,44060.29,10
2026-06-23T05:52:00Z,44060.29,44076.94,44060.29,44068.13,21
2026-06-23T05:53:00Z,44068.13,44068.13,44040.68,44045.08,19
2026-06-23T05:54:00Z,44045.08,44053.88,44039.68,44039.68,14
2026-06-23T05:55:00Z,44039.68,44073.96,44039.68,44069.56,13
2026-06-23T05:56:00Z,44069.56,44078.37,44024.49,44042.10,24
2026-06-23T05:57:00Z,44042.10,44085.19,44033.30,44067.57,24
2026-06-23T05:58:00Z,44067.57,44076.38,44044.55,44057.76,20
2026-06-23T05:59:00Z,44057.76,44062.16,44039.14,44043.54,13
2026-06-23T06:00:00Z,44043.54,44047.94,44024.47,44028.87,20
2026-06-23T06:01:00Z,44028.87,44071.44,44028.87,44058.23,11
2026-06-23T06:02:00Z,44058.23,44083.20,44053.83,44078.80,13
2026-06-23T06:03:00Z,44078.80,44103.79,44065.58,44090.57,22
2026-06-23T06:04:00Z,44090.57,44099.38,44071.48,44084.70,9
2026-06-23T06:05:00Z,44084.70,44100.87,44067.07,44100.87,24
2026-06-23T06:06:00Z,44100.87,44100.87,44064.15,44077.37,22
2026-06-23T06:07:00Z,44077.37,44111.17,44064.15,44106.76,25
2026-06-23T06:08:00Z,44106.76,44127.34,44097.94,44122.93,24
2026-06-23T06:09:00Z,44122.93,44161.16,44109.70,44147.92,20
2026-06-23T06:10:00Z,44147.92,44147.92,44115.58,44128.81,17
2026-06-23T06:11:00Z,44128.81,44131.77,44119.99,44131.77,19
2026-06-23T06:12:00Z,44131.77,44149.42,44112.67,44125.90,18
2026-06-23T06:13:00Z,44125.90,44150.90,44125.90,44137.66,24
2026-06-23T06:14:00Z,44137.66,44149.44,44124.42,44140.62,18
2026-06-23T06:15:00Z,44140.62,44156.79,44122.97,44152.38,23
2026-06-23T06:16:00Z,44152.38,44161.21,44128.86,44137.68,10
2026-06-23T06:17:00Z,44137.68,44137.68,44122.99,44131.81,14
2026-06-23T06:18:00Z,44131.81,44136.22,44103.91,44112.73,10
2026-06-23T06:19:00Z,44112.73,44125.96,44084.84,44093.65,15
2026-06-23T06:20:00Z,44093.65,44127.44,44084.84,44114.21,19
2026-06-23T06:21:00Z,44114.21,44130.37,44105.39,44130.37,9
2026-06-23T06:22:00Z,44130.37,44146.56,44117.14,44133.33,17
2026-06-23T06:23:00Z,44133.33,44140.69,44128.92,44136.28,20
2026-06-23T06:24:00Z,44136.28,44136.28,44099.55,44117.19,19
2026-06-23T06:25:00Z,44117.19,44128.96,44099.55,44120.14,18
2026-06-23T06:26:00Z,44120.14,44158.36,44106.91,44145.12,14
2026-06-23T06:27:00Z,44145.12,44161.31,44131.88,44148.07,16
2026-06-23T06:28:00Z,44148.07,44165.72,44128.96,44146.61,18
2026-06-23T06:29:00Z,44146.61,44176.02,44133.37,44162.78,24
2026-06-23T06:30:00Z,44162.78,44171.61,44148.09,44152.50,12
2026-06-23T06:31:00Z,44152.50,44152.50,44142.23,44142.23,13
2026-06-23T06:32:00Z,44142.23,44155.47,44114.31,44131.96,23
2026-06-23T06:33:00Z,44131.96,44139.33,44131.96,44134.92,10
2026-06-23T06:34:00Z,44134.92,44159.92,44117.27,44142.27,20
2026-06-23T06:35:00Z,44142.27,44171.67,44129.03,44158.43,21
2026-06-23T06:36:00Z,44158.43,44196.67,44149.60,44179.00,17
2026-06-23T06:37:00Z,44179.00,44190.77,44174.59,44190.77,17
2026-06-23T06:38:00Z,44190.77,44206.97,44186.36,44193.72,21
2026-06-23T06:39:00Z,44193.72,44231.98,44176.05,44214.30,18
2026-06-23T06:40:00Z,44214.30,44227.56,44155.49,44173.15,22
2026-06-23T06:41:00Z,44173.15,44198.17,44168.74,44184.92,20
2026-06-23T06:42:00Z,44184.92,44209.90,44180.51,44209.90,15
2026-06-23T06:43:00Z,44209.90,44209.90,44181.95,44199.62,22
2026-06-23T06:44:00Z,44199.62,44217.29,44176.10,44189.35,11
2026-06-23T06:45:00Z,44189.35,44193.76,44170.26,44174.67,15
2026-06-23T06:46:00Z,44174.67,44208.46,44174.67,44199.63,9
2026-06-23T06:47:00Z,44199.63,44204.04,44158.47,44176.14,18
2026-06-23T06:48:00Z,44176.14,44193.81,44161.47,44165.88,11
2026-06-23T06:49:00Z,44165.88,44170.29,44133.56,44151.22,20
2026-06-23T06:50:00Z,44151.22,44168.88,44127.71,44145.36,20
2026-06-23T06:51:00Z,44145.36,44145.36,44121.89,44130.71,22
2026-06-23T06:52:00Z,44130.71,44135.12,44098.43,44116.07,17
2026-06-23T06:53:00Z,44116.07,44154.25,44116.07,44136.60,23
2026-06-23T06:54:00Z,44136.60,44154.25,44121.91,44135.15,16
2026-06-23T06:55:00Z,44135.15,44139.56,44124.90,44124.90,12
2026-06-23T06:56:00Z,44124.90,44149.89,44111.67,44136.65,8
2026-06-23T06:57:00Z,44136.65,44157.25,44136.65,44139.60,15
2026-06-23T06:58:00Z,44139.60,44152.84,44111.70,44129.35,20
2026-06-23T06:59:00Z,44129.35,44138.17,44101.51,44110.33,18
2026-06-23T07:00:00Z,44110.33,44125.99,44105.92,44125.99,13
2026-06-23T07:01:00Z,44125.99,44154.90,44117.17,44141.66,24
2026-06-23T07:02:00Z,44141.66,44150.48,44099.95,44108.77,25
2026-06-23T07:03:00Z,44108.77,44115.62,44099.95,44111.21,13
2026-06-23T07:04:00Z,44111.21,44111.21,44087.17,44100.40,18
2026-06-23T07:05:00Z,44100.40,44116.06,44095.99,44102.83,20
2026-06-23T07:06:00Z,44102.83,44120.47,44069.98,44078.79,22
2026-06-23T07:07:00Z,44078.79,44087.60,44054.75,44054.75,12
2026-06-23T07:08:00Z,44054.75,44092.44,44041.54,44074.82,13
2026-06-23T07:09:00Z,44074.82,44092.44,44041.99,44059.61,11
2026-06-23T07:10:00Z,44059.61,44064.01,44035.58,44039.98,13
2026-06-23T07:11:00Z,44039.98,44057.59,44002.73,44011.53,15
2026-06-23T07:12:00Z,44011.53,44015.93,43983.11,43987.50,11
2026-06-23T07:13:00Z,43987.50,43994.34,43983.11,43994.34,11
2026-06-23T07:14:00Z,43994.34,44014.35,43985.55,43996.76,13
2026-06-23T07:15:00Z,43996.76,44016.79,43979.17,44003.59,20
2026-06-23T07:16:00Z,44003.59,44021.19,43966.38,43983.97,24
2026-06-23T07:17:00Z,43983.97,43983.97,43968.79,43977.58,19
2026-06-23T07:18:00Z,43977.58,43986.37,43957.99,43966.78,11
2026-06-23T07:19:00Z,43966.78,43973.60,43953.59,43969.21,15
2026-06-23T07:20:00Z,43969.21,43989.27,43960.42,43989.27,24
2026-06-23T07:21:00Z,43989.27,43989.27,43960.87,43978.46,17
2026-06-23T07:22:00Z,43978.46,43998.51,43978.46,43994.12,23
2026-06-23T07:23:00Z,43994.12,44011.71,43965.73,43983.32,12
2026-06-23T07:24:00Z,43983.32,44000.91,43954.93,43972.51,12
2026-06-23T07:25:00Z,43972.51,43992.54,43972.51,43979.35,13
2026-06-23T07:26:00Z,43979.35,43986.21,43970.56,43986.21,13
2026-06-23T07:27:00Z,43986.21,44010.71,43986.21,44006.31,13
2026-06-23T07:28:00Z,44006.31,44015.11,43982.27,43986.66,15
2026-06-23T07:29:00Z,43986.66,43986.66,43975.90,43984.69,12
2026-06-23T07:30:00Z,43984.69,43995.92,43971.50,43987.13,8
2026-06-23T07:31:00Z,43987.13,44004.72,43963.09,43967.48,15
2026-06-23T07:32:00Z,43967.48,44000.84,43963.09,44000.84,19
2026-06-23T07:33:00Z,44000.84,44000.84,43976.77,43976.77,9
2026-06-23T07:34:00Z,43976.77,43992.42,43967.98,43983.63,12
2026-06-23T07:35:00Z,43983.63,43983.63,43959.62,43972.81,19
2026-06-23T07:36:00Z,43972.81,43990.39,43944.37,43953.16,21
2026-06-23T07:37:00Z,43953.16,43968.78,43935.58,43955.60,17
2026-06-23T07:38:00Z,43955.60,43988.88,43955.60,43971.30,18
2026-06-23T07:39:00Z,43971.30,43988.88,43947.31,43960.49,21
2026-06-23T07:40:00Z,43960.49,43964.88,43927.68,43945.25,8
2026-06-23T07:41:00Z,43945.25,43958.43,43938.86,43938.86,14
2026-06-23T07:42:00Z,43938.86,43943.25,43914.87,43928.04,10
2026-06-23T07:43:00Z,43928.04,43932.43,43908.51,43926.08,9
2026-06-23T07:44:00Z,43926.08,43934.86,43866.77,43884.32,9
2026-06-23T07:45:00Z,43884.32,43893.09,43869.16,43877.93,10
2026-06-23T07:46:00Z,43877.93,43882.31,43871.58,43875.96,15
2026-06-23T07:47:00Z,43875.96,43891.59,43875.96,43882.82,21
2026-06-23T07:48:00Z,43882.82,43887.20,43854.43,43867.59,16
2026-06-23T07:49:00Z,43867.59,43874.46,43858.82,43874.46,16
2026-06-23T07:50:00Z,43874.46,43878.84,43854.85,43859.23,21
2026-06-23T07:51:00Z,43859.23,43868.00,43839.62,43844.00,19
2026-06-23T07:52:00Z,43844.00,43859.69,43830.85,43859.69,12
2026-06-23T07:53:00Z,43859.69,43875.40,43859.69,43875.40,11
2026-06-23T07:54:00Z,43875.40,43879.78,43864.63,43869.01,18
2026-06-23T07:55:00Z,43869.01,43882.17,43845.00,43853.77,19
2026-06-23T07:56:00Z,43853.77,43873.91,43840.62,43873.91,18
2026-06-23T07:57:00Z,43873.91,43887.07,43858.71,43863.09,12
2026-06-23T07:58:00Z,43863.09,43871.86,43847.89,43852.27,13
2026-06-23T07:59:00Z,43852.27,43861.04,43845.93,43850.31,13
2026-06-23T08:00:00Z,43850.31,43867.85,43823.66,43841.19,14
2026-06-23T08:01:00Z,43841.19,43871.54,43841.19,43867.16,11
2026-06-23T08:02:00Z,43867.16,43880.32,43827.36,43844.89,23
2026-06-23T08:03:00Z,43844.89,43844.89,43818.26,43831.40,16
2026-06-23T08:04:00Z,43831.40,43844.54,43804.78,43822.30,23
2026-06-23T08:05:00Z,43822.30,43839.82,43808.83,43821.97,23
2026-06-23T08:06:00Z,43821.97,43847.93,43821.97,43830.40,11
2026-06-23T08:07:00Z,43830.40,43851.98,43812.87,43847.60,21
2026-06-23T08:08:00Z,43847.60,43873.57,43834.45,43860.42,14
2026-06-23T08:09:00Z,43860.42,43873.24,43860.42,43864.47,13
2026-06-23T08:10:00Z,43864.47,43872.91,43860.09,43872.91,12
2026-06-23T08:11:00Z,43872.91,43876.96,43855.37,43876.96,10
2026-06-23T08:12:00Z,43876.96,43894.17,43863.80,43881.01,13
2026-06-23T08:13:00Z,43881.01,43889.78,43849.97,43863.12,15
2026-06-23T08:14:00Z,43863.12,43880.33,43863.12,43867.17,9
2026-06-23T08:15:00Z,43867.17,43884.71,43844.90,43853.67,22
2026-06-23T08:16:00Z,43853.67,43871.21,43813.88,43827.02,24
2026-06-23T08:17:00Z,43827.02,43827.02,43809.16,43813.54,22
2026-06-23T08:18:00Z,43813.54,43831.06,43795.68,43795.68,14
2026-06-23T08:19:00Z,43795.68,43800.05,43777.82,43777.82,11
2026-06-23T08:20:00Z,43777.82,43794.99,43777.82,43794.99,17
2026-06-23T08:21:00Z,43794.99,43794.99,43794.66,43794.66,10
2026-06-23T08:22:00Z,43794.66,43803.41,43794.33,43794.33,21
2026-06-23T08:23:00Z,43794.33,43798.70,43758.96,43776.47,22
2026-06-23T08:24:00Z,43776.47,43776.47,43749.86,43749.86,19
2026-06-23T08:25:00Z,43749.86,43749.86,43732.03,43740.77,18
2026-06-23T08:26:00Z,43740.77,43771.06,43736.40,43771.06,24
2026-06-23T08:27:00Z,43771.06,43775.43,43757.60,43770.73,18
2026-06-23T08:28:00Z,43770.73,43775.10,43739.76,43744.13,23
2026-06-23T08:29:00Z,43744.13,43748.50,43721.92,43726.29,11
2026-06-23T08:30:00Z,43726.29,43735.03,43708.47,43725.96,14
2026-06-23T08:31:00Z,43725.96,43730.33,43716.88,43716.88,16
2026-06-23T08:32:00Z,43716.88,43716.88,43703.43,43712.17,12
2026-06-23T08:33:00Z,43712.17,43725.28,43685.62,43694.35,11
2026-06-23T08:34:00Z,43694.35,43707.45,43694.02,43694.02,9
2026-06-23T08:35:00Z,43694.02,43719.91,43680.92,43711.17,9
2026-06-23T08:36:00Z,43711.17,43732.69,43711.17,43719.58,12
2026-06-23T08:37:00Z,43719.58,43728.32,43701.76,43714.87,23
2026-06-23T08:38:00Z,43714.87,43727.65,43710.50,43723.28,24
2026-06-23T08:39:00Z,43723.28,43732.02,43705.47,43722.95,23
2026-06-23T08:40:00Z,43722.95,43722.95,43709.49,43713.86,12
2026-06-23T08:41:00Z,43713.86,43757.25,43700.75,43739.76,17
2026-06-23T08:42:00Z,43739.76,43752.88,43739.43,43739.43,13
2026-06-23T08:43:00Z,43739.43,43739.43,43717.23,43734.72,24
2026-06-23T08:44:00Z,43734.72,43751.87,43717.23,43743.13,10
2026-06-23T08:45:00Z,43743.13,43747.50,43734.05,43738.42,8
2026-06-23T08:46:00Z,43738.42,43781.84,43725.30,43773.09,13
2026-06-23T08:47:00Z,43773.09,43794.65,43773.09,43794.65,8
2026-06-23T08:48:00Z,43794.65,43794.65,43759.28,43768.03,25
2026-06-23T08:49:00Z,43768.03,43793.96,43763.66,43785.21,8
2026-06-23T08:50:00Z,43785.21,43806.77,43772.08,43789.26,10
2026-06-23T08:51:00Z,43789.26,43802.39,43753.89,43762.64,13
2026-06-23T08:52:00Z,43762.64,43771.05,43758.27,43766.68,23
2026-06-23T08:53:00Z,43766.68,43771.05,43726.95,43740.07,11
2026-06-23T08:54:00Z,43740.07,43757.56,43726.62,43735.36,13
2026-06-23T08:55:00Z,43735.36,43743.78,43735.36,43743.78,10
2026-06-23T08:56:00Z,43743.78,43761.27,43734.69,43734.69,9
2026-06-23T08:57:00Z,43734.69,43743.43,43734.36,43734.36,24
2026-06-23T08:58:00Z,43734.36,43747.48,43699.04,43716.52,21
2026-06-23T08:59:00Z,43716.52,43733.67,43703.41,43724.93,11
2026-06-23T09:00:00Z,43724.93,43759.08,43711.82,43759.08,13
2026-06-23T09:01:00Z,43759.08,43762.63,43759.08,43762.63,19
2026-06-23T09:02:00Z,43762.63,43780.13,43748.67,43757.42,19
2026-06-23T09:03:00Z,43757.42,43766.17,43739.10,43747.84,16
2026-06-23T09:04:00Z,43747.84,43747.84,43729.52,43733.89,15
2026-06-23T09:05:00Z,43733.89,43776.78,43716.40,43763.66,19
2026-06-23T09:06:00Z,43763.66,43780.33,43750.54,43775.96,18
2026-06-23T09:07:00Z,43775.96,43801.38,43775.96,43792.63,11
2026-06-23T09:08:00Z,43792.63,43809.30,43792.63,43809.30,18
2026-06-23T09:09:00Z,43809.30,43813.68,43790.96,43799.71,24
2026-06-23T09:10:00Z,43799.71,43799.71,43772.63,43777.00,9
2026-06-23T09:11:00Z,43777.00,43793.68,43777.00,43780.55,12
2026-06-23T09:12:00Z,43780.55,43792.85,43776.18,43784.10,24
2026-06-23T09:13:00Z,43784.10,43818.30,43784.10,43800.78,8
2026-06-23T09:14:00Z,43800.78,43830.59,43800.78,43817.45,23
2026-06-23T09:15:00Z,43817.45,43817.45,43794.72,43812.24,15
2026-06-23T09:16:00Z,43812.24,43829.76,43780.78,43793.91,22
2026-06-23T09:17:00Z,43793.91,43819.34,43789.54,43806.20,11
2026-06-23T09:18:00Z,43806.20,43836.01,43793.06,43822.87,10
2026-06-23T09:19:00Z,43822.87,43831.63,43795.78,43813.30,17
2026-06-23T09:20:00Z,43813.30,43851.87,43804.54,43838.72,17
2026-06-23T09:21:00Z,43838.72,43877.29,43838.72,43868.52,9
2026-06-23T09:22:00Z,43868.52,43872.90,43858.92,43867.69,15
2026-06-23T09:23:00Z,43867.69,43880.01,43867.69,43871.24,19
2026-06-23T09:24:00Z,43871.24,43888.78,43861.64,43870.41,14
2026-06-23T09:25:00Z,43870.41,43887.95,43834.55,43843.31,20
2026-06-23T09:26:00Z,43843.31,43881.87,43843.31,43877.49,20
2026-06-23T09:27:00Z,43877.49,43907.34,43859.94,43889.79,14
2026-06-23T09:28:00Z,43889.79,43906.47,43881.02,43906.47,25
2026-06-23T09:29:00Z,43906.47,43919.64,43888.07,43905.63,17
2026-06-23T09:30:00Z,43905.63,43926.69,43905.63,43926.69,21
2026-06-23T09:31:00Z,43926.69,43944.26,43895.17,43903.95,17
2026-06-23T09:32:00Z,43903.95,43912.73,43881.20,43894.36,13
2026-06-23T09:33:00Z,43894.36,43919.85,43885.59,43902.29,25
2026-06-23T09:34:00Z,43902.29,43927.77,43893.51,43910.21,24
2026-06-23T09:35:00Z,43910.21,43927.77,43887.48,43887.48,15
2026-06-23T09:36:00Z,43887.48,43899.78,43869.93,43895.40,17
2026-06-23T09:37:00Z,43895.40,43899.78,43872.69,43872.69,20
2026-06-23T09:38:00Z,43872.69,43877.07,43863.11,43867.49,10
2026-06-23T09:39:00Z,43867.49,43876.26,43818.53,43836.06,13
2026-06-23T09:40:00Z,43836.06,43865.86,43836.06,43852.71,13
2026-06-23T09:41:00Z,43852.71,43861.48,43851.88,43851.88,13
2026-06-23T09:42:00Z,43851.88,43856.26,43829.16,43842.31,9
2026-06-23T09:43:00Z,43842.31,43872.08,43833.55,43867.70,23
2026-06-23T09:44:00Z,43867.70,43906.28,43854.54,43888.73,22
2026-06-23T09:45:00Z,43888.73,43922.90,43888.73,43918.51,22
2026-06-23T09:46:00Z,43918.51,43922.90,43904.52,43917.69,12
2026-06-23T09:47:00Z,43917.69,43922.08,43908.11,43908.11,19
2026-06-23T09:48:00Z,43908.11,43912.50,43889.74,43902.91,9
2026-06-23T09:49:00Z,43902.91,43924.00,43898.52,43910.83,8
2026-06-23T09:50:00Z,43910.83,43949.39,43893.27,43940.61,23
2026-06-23T09:51:00Z,43940.61,43966.09,43940.61,43952.91,18
2026-06-23T09:52:00Z,43952.91,43961.70,43925.82,43925.82,14
2026-06-23T09:53:00Z,43925.82,43925.82,43907.46,43920.63,16
2026-06-23T09:54:00Z,43920.63,43941.74,43920.63,43924.18,15
2026-06-23T09:55:00Z,43924.18,43927.73,43924.18,43927.73,11
2026-06-23T09:56:00Z,43927.73,43931.28,43910.16,43931.28,10
2026-06-23T09:57:00Z,43931.28,43935.67,43899.84,43899.84,9
2026-06-23T09:58:00Z,43899.84,43916.56,43882.29,43903.39,23
2026-06-23T09:59:00Z,43903.39,43907.78,43850.10,43863.25,21
2026-06-23T10:00:00Z,43863.25,43891.08,43854.48,43873.54,20
2026-06-23T10:01:00Z,43873.54,43873.54,43848.75,43866.29,8
2026-06-23T10:02:00Z,43866.29,43889.75,43857.52,43876.59,9
2026-06-23T10:03:00Z,43876.59,43886.88,43876.59,43882.50,24
2026-06-23T10:04:00Z,43882.50,43900.05,43853.31,43853.31,25
2026-06-23T10:05:00Z,43853.31,43857.69,43841.69,43846.07,12
2026-06-23T10:06:00Z,43846.07,43850.45,43825.68,43834.44,11
2026-06-23T10:07:00Z,43834.44,43879.80,43834.44,43862.26,21
2026-06-23T10:08:00Z,43862.26,43871.03,43846.24,43846.24,11
2026-06-23T10:09:00Z,43846.24,43874.06,43846.24,43874.06,8
2026-06-23T10:10:00Z,43874.06,43878.44,43849.26,43858.03,18
2026-06-23T10:11:00Z,43858.03,43872.70,43840.49,43868.32,24
2026-06-23T10:12:00Z,43868.32,43877.09,43839.15,43856.69,17
2026-06-23T10:13:00Z,43856.69,43875.76,43852.31,43858.22,13
2026-06-23T10:14:00Z,43858.22,43872.90,43840.68,43872.90,16
2026-06-23T10:15:00Z,43872.90,43909.51,43872.90,43896.35,14
2026-06-23T10:16:00Z,43896.35,43896.35,43845.24,43862.78,20
2026-06-23T10:17:00Z,43862.78,43886.22,43862.78,43886.22,10
2026-06-23T10:18:00Z,43886.22,43892.13,43881.84,43887.75,20
2026-06-23T10:19:00Z,43887.75,43919.98,43870.20,43911.20,13
2026-06-23T10:20:00Z,43911.20,43919.98,43882.00,43895.16,20
2026-06-23T10:21:00Z,43895.16,43899.54,43879.14,43887.91,19
2026-06-23T10:22:00Z,43887.91,43911.37,43879.14,43893.82,10
2026-06-23T10:23:00Z,43893.82,43898.20,43860.26,43873.42,20
2026-06-23T10:24:00Z,43873.42,43879.33,43864.65,43874.95,12
2026-06-23T10:25:00Z,43874.95,43883.72,43854.55,43863.32,23
2026-06-23T10:26:00Z,43863.32,43882.39,43863.32,43869.23,18
2026-06-23T10:27:00Z,43869.23,43875.14,43856.07,43875.14,10
2026-06-23T10:28:00Z,43875.14,43881.05,43857.59,43876.67,15
2026-06-23T10:29:00Z,43876.67,43894.22,43856.28,43865.05,12
2026-06-23T10:30:00Z,43865.05,43866.57,43860.67,43866.57,24
2026-06-23T10:31:00Z,43866.57,43881.25,43849.03,43872.48,12
2026-06-23T10:32:00Z,43872.48,43904.69,43872.48,43891.53,13
2026-06-23T10:33:00Z,43891.53,43904.69,43853.59,43871.13,8
2026-06-23T10:34:00Z,43871.13,43881.42,43857.97,43877.04,11
2026-06-23T10:35:00Z,43877.04,43926.80,43872.66,43909.24,18
2026-06-23T10:36:00Z,43909.24,43913.63,43875.68,43888.84,23
2026-06-23T10:37:00Z,43888.84,43916.68,43880.07,43899.13,9
2026-06-23T10:38:00Z,43899.13,43907.90,43861.20,43865.58,22
2026-06-23T10:39:00Z,43865.58,43880.26,43856.81,43871.49,21
2026-06-23T10:40:00Z,43871.49,43889.03,43842.32,43859.86,12
2026-06-23T10:41:00Z,43859.86,43877.40,43839.49,43848.25,23
2026-06-23T10:42:00Z,43848.25,43865.78,43823.49,43836.64,24
2026-06-23T10:43:00Z,43836.64,43842.54,43823.49,43842.54,14
2026-06-23T10:44:00Z,43842.54,43861.58,43838.16,43857.20,14
2026-06-23T10:45:00Z,43857.20,43861.58,43836.82,43849.97,21
2026-06-23T10:46:00Z,43849.97,43869.04,43832.44,43851.50,11
2026-06-23T10:47:00Z,43851.50,43870.55,43847.12,43861.78,16
2026-06-23T10:48:00Z,43861.78,43870.55,43845.79,43845.79,14
2026-06-23T10:49:00Z,43845.79,43850.17,43838.56,43842.94,24
2026-06-23T10:50:00Z,43842.94,43875.11,43838.56,43866.34,15
2026-06-23T10:51:00Z,43866.34,43875.11,43837.19,43854.73,17
2026-06-23T10:52:00Z,43854.73,43867.88,43834.36,43838.74,18
2026-06-23T10:53:00Z,43838.74,43847.50,43818.36,43835.89,22
2026-06-23T10:54:00Z,43835.89,43846.18,43831.51,43837.42,18
2026-06-23T10:55:00Z,43837.42,43854.95,43808.32,43808.32,11
2026-06-23T10:56:00Z,43808.32,43817.08,43787.98,43796.73,17
2026-06-23T10:57:00Z,43796.73,43820.14,43779.22,43807.00,18
2026-06-23T10:58:00Z,43807.00,43826.01,43789.48,43826.01,17
2026-06-23T10:59:00Z,43826.01,43830.39,43814.40,43823.16,12
2026-06-23T11:00:00Z,43823.16,43831.09,43823.16,43826.71,25
2026-06-23T11:01:00Z,43826.71,43844.24,43803.97,43812.73,23
2026-06-23T11:02:00Z,43812.73,43821.49,43803.13,43803.13,10
2026-06-23T11:03:00Z,43803.13,43837.33,43794.37,43819.81,21
2026-06-23T11:04:00Z,43819.81,43819.81,43801.45,43814.59,23
2026-06-23T11:05:00Z,43814.59,43832.11,43787.48,43787.48,10
2026-06-23T11:06:00Z,43787.48,43826.05,43778.73,43812.91,18
2026-06-23T11:07:00Z,43812.91,43829.60,43808.53,43816.46,24
2026-06-23T11:08:00Z,43816.46,43825.22,43811.25,43815.63,23
2026-06-23T11:09:00Z,43815.63,43832.31,43811.25,43832.31,14
2026-06-23T11:10:00Z,43832.31,43857.76,43814.78,43840.23,23
2026-06-23T11:11:00Z,43840.23,43848.16,43840.23,43848.16,12
2026-06-23T11:12:00Z,43848.16,43848.16,43825.42,43829.80,24
2026-06-23T11:13:00Z,43829.80,43838.56,43815.83,43815.83,22
2026-06-23T11:14:00Z,43815.83,43832.51,43815.83,43823.75,15
2026-06-23T11:15:00Z,43823.75,43849.18,43810.61,43849.18,21
2026-06-23T11:16:00Z,43849.18,43892.15,43849.18,43883.38,18
2026-06-23T11:17:00Z,43883.38,43913.24,43870.22,43895.69,23
2026-06-23T11:18:00Z,43895.69,43904.46,43864.17,43872.94,18
2026-06-23T11:19:00Z,43872.94,43889.63,43855.40,43885.25,9
2026-06-23T11:20:00Z,43885.25,43928.25,43885.25,43915.08,14
2026-06-23T11:21:00Z,43915.08,43928.25,43879.15,43896.70,16
2026-06-23T11:22:00Z,43896.70,43896.70,43873.93,43891.48,21
2026-06-23T11:23:00Z,43891.48,43912.58,43887.10,43895.03,19
2026-06-23T11:24:00Z,43895.03,43911.72,43890.65,43911.72,12
2026-06-23T11:25:00Z,43911.72,43932.83,43907.33,43915.27,19
2026-06-23T11:26:00Z,43915.27,43915.27,43905.67,43905.67,17
2026-06-23T11:27:00Z,43905.67,43953.06,43905.67,43939.88,9
2026-06-23T11:28:00Z,43939.88,43939.88,43903.94,43921.50,16
2026-06-23T11:29:00Z,43921.50,43930.28,43872.46,43881.23,17
2026-06-23T11:30:00Z,43881.23,43881.23,43854.10,43871.64,24
2026-06-23T11:31:00Z,43871.64,43888.32,43862.87,43883.94,14
2026-06-23T11:32:00Z,43883.94,43909.37,43883.94,43909.37,17
2026-06-23T11:33:00Z,43909.37,43922.54,43869.11,43877.88,13
2026-06-23T11:34:00Z,43877.88,43890.18,43877.88,43885.80,15
2026-06-23T11:35:00Z,43885.80,43890.18,43863.04,43880.59,20
2026-06-23T11:36:00Z,43880.59,43897.28,43867.43,43888.51,22
2026-06-23T11:37:00Z,43888.51,43901.67,43857.01,43874.55,23
2026-06-23T11:38:00Z,43874.55,43891.26,43861.39,43878.10,19
2026-06-23T11:39:00Z,43878.10,43899.14,43878.10,43899.14,12
2026-06-23T11:40:00Z,43899.14,43899.14,43876.40,43889.56,21
2026-06-23T11:41:00Z,43889.56,43893.94,43871.18,43888.73,10
2026-06-23T11:42:00Z,43888.73,43906.28,43879.15,43879.15,16
2026-06-23T11:43:00Z,43879.15,43891.45,43865.99,43887.07,15
2026-06-23T11:44:00Z,43887.07,43891.45,43846.84,43864.38,17
2026-06-23T11:45:00Z,43864.38,43889.83,43855.61,43876.67,23
2026-06-23T11:46:00Z,43876.67,43881.05,43845.24,43849.62,21
2026-06-23T11:47:00Z,43849.62,43854.00,43826.91,43840.06,16
2026-06-23T11:48:00Z,43840.06,43869.88,43831.30,43852.34,17
2026-06-23T11:49:00Z,43852.34,43864.63,43843.57,43860.25,19
2026-06-23T11:50:00Z,43860.25,43873.40,43855.05,43859.43,24
2026-06-23T11:51:00Z,43859.43,43863.81,43845.49,43849.87,12
2026-06-23T11:52:00Z,43849.87,43866.57,43849.87,43853.42,19
2026-06-23T11:53:00Z,43853.42,43887.57,43840.27,43878.80,10
2026-06-23T11:54:00Z,43878.80,43878.80,43847.35,43860.50,11
2026-06-23T11:55:00Z,43860.50,43860.50,43829.05,43846.58,15
2026-06-23T11:56:00Z,43846.58,43876.39,43837.82,43858.85,13
2026-06-23T11:57:00Z,43858.85,43884.26,43841.31,43875.49,22
2026-06-23T11:58:00Z,43875.49,43879.04,43875.49,43879.04,25
2026-06-23T11:59:00Z,43879.04,43913.25,43879.04,43895.70,9
2026-06-23T12:00:00Z,43895.70,43901.06,43886.93,43901.06,22
2026-06-23T12:01:00Z,43901.06,43914.23,43893.26,43893.26,16
2026-06-23T12:02:00Z,43893.26,43897.64,43859.13,43872.29,16
2026-06-23T12:03:00Z,43872.29,43882.05,43867.91,43882.05,13
2026-06-23T12:04:00Z,43882.05,43896.19,43877.67,43896.19,25
2026-06-23T12:05:00Z,43896.19,43910.34,43896.19,43901.56,18
2026-06-23T12:06:00Z,43901.56,43928.87,43901.56,43915.70,18
2026-06-23T12:07:00Z,43915.70,43921.08,43915.70,43921.08,10
2026-06-23T12:08:00Z,43921.08,43925.47,43900.10,43917.66,19
2026-06-23T12:09:00Z,43917.66,43917.66,43874.75,43892.30,14
2026-06-23T12:10:00Z,43892.30,43910.84,43892.30,43893.29,12
2026-06-23T12:11:00Z,43893.29,43906.45,43876.72,43881.10,22
2026-06-23T12:12:00Z,43881.10,43908.41,43876.72,43890.86,10
2026-06-23T12:13:00Z,43890.86,43909.39,43882.09,43891.84,12
2026-06-23T12:14:00Z,43891.84,43910.38,43874.29,43901.60,24
2026-06-23T12:15:00Z,43901.60,43950.86,43884.04,43937.68,20
2026-06-23T12:16:00Z,43937.68,43955.25,43929.88,43929.88,23
2026-06-23T12:17:00Z,43929.88,43957.21,43929.88,43944.03,9
2026-06-23T12:18:00Z,43944.03,43958.20,43939.64,43945.02,22
2026-06-23T12:19:00Z,43945.02,43962.59,43928.44,43932.83,12
2026-06-23T12:20:00Z,43932.83,43941.61,43925.02,43929.41,16
2026-06-23T12:21:00Z,43929.41,43929.41,43908.44,43921.61,21
2026-06-23T12:22:00Z,43921.61,43953.31,43921.61,43944.53,11
2026-06-23T12:23:00Z,43944.53,43963.08,43940.14,43958.69,14
2026-06-23T12:24:00Z,43958.69,43958.69,43928.92,43937.70,12
2026-06-23T12:25:00Z,43937.70,43956.25,43924.52,43951.86,19
2026-06-23T12:26:00Z,43951.86,43979.19,43938.68,43966.01,21
2026-06-23T12:27:00Z,43966.01,43966.01,43927.45,43931.84,13
2026-06-23T12:28:00Z,43931.84,43945.01,43902.08,43902.08,22
2026-06-23T12:29:00Z,43902.08,43929.40,43897.69,43911.84,18
2026-06-23T12:30:00Z,43911.84,43939.15,43911.84,43939.15,14
2026-06-23T12:31:00Z,43939.15,43947.93,43896.22,43900.61,9
2026-06-23T12:32:00Z,43900.61,43918.17,43888.43,43888.43,12
2026-06-23T12:33:00Z,43888.43,43892.81,43858.70,43871.86,12
2026-06-23T12:34:00Z,43871.86,43880.63,43824.63,43842.16,11
2026-06-23T12:35:00Z,43842.16,43850.92,43829.99,43834.37,10
2026-06-23T12:36:00Z,43834.37,43848.49,43821.22,43844.11,18
2026-06-23T12:37:00Z,43844.11,43848.49,43831.94,43836.32,9
2026-06-23T12:38:00Z,43836.32,43863.59,43823.17,43850.44,22
2026-06-23T12:39:00Z,43850.44,43882.11,43850.44,43864.57,17
2026-06-23T12:40:00Z,43864.57,43882.11,43839.24,43856.78,20
2026-06-23T12:41:00Z,43856.78,43856.78,43840.24,43844.62,12
2026-06-23T12:42:00Z,43844.62,43854.36,43844.62,43854.36,13
2026-06-23T12:43:00Z,43854.36,43894.77,43849.98,43890.39,22
2026-06-23T12:44:00Z,43890.39,43904.52,43886.01,43895.75,18
2026-06-23T12:45:00Z,43895.75,43923.07,43886.98,43905.51,18
2026-06-23T12:46:00Z,43905.51,43914.29,43880.16,43897.71,14
2026-06-23T12:47:00Z,43897.71,43898.70,43884.55,43898.70,17
2026-06-23T12:48:00Z,43898.70,43904.06,43885.54,43899.68,10
2026-06-23T12:49:00Z,43899.68,43913.82,43890.91,43913.82,14
2026-06-23T12:50:00Z,43913.82,43918.21,43901.64,43906.03,13
2026-06-23T12:51:00Z,43906.03,43924.56,43888.47,43915.78,19
2026-06-23T12:52:00Z,43915.78,43928.95,43912.38,43912.38,11
2026-06-23T12:53:00Z,43912.38,43926.52,43899.21,43922.13,8
2026-06-23T12:54:00Z,43922.13,43945.06,43913.35,43931.89,20
2026-06-23T12:55:00Z,43931.89,43936.28,43910.91,43928.48,11
2026-06-23T12:56:00Z,43928.48,43947.04,43910.91,43929.47,15
2026-06-23T12:57:00Z,43929.47,43939.22,43911.90,43939.22,14
2026-06-23T12:58:00Z,43939.22,43953.37,43934.83,43948.98,20
2026-06-23T12:59:00Z,43948.98,43966.55,43914.85,43919.24,14
2026-06-23T13:00:00Z,43919.24,43936.80,43895.23,43908.40,20
2026-06-23T13:01:00Z,43908.40,43928.31,43895.23,43915.14,10
2026-06-23T13:02:00Z,43915.14,43939.44,43906.36,43930.66,9
2026-06-23T13:03:00Z,43930.66,43946.17,43913.09,43937.39,15
2026-06-23T13:04:00Z,43937.39,43937.39,43887.03,43900.20,16
2026-06-23T13:05:00Z,43900.20,43920.10,43891.42,43915.71,24
2026-06-23T13:06:00Z,43915.71,43920.10,43891.71,43896.09,19
2026-06-23T13:07:00Z,43896.09,43929.15,43896.09,43924.76,19
2026-06-23T13:08:00Z,43924.76,43937.93,43874.43,43891.98,15
2026-06-23T13:09:00Z,43891.98,43942.60,43883.21,43925.03,16
2026-06-23T13:10:00Z,43925.03,43938.20,43922.97,43922.97,16
2026-06-23T13:11:00Z,43922.97,43960.44,43914.19,43947.26,19
2026-06-23T13:12:00Z,43947.26,43980.35,43942.87,43971.56,13
2026-06-23T13:13:00Z,43971.56,43995.88,43958.37,43978.29,11
2026-06-23T13:14:00Z,43978.29,43991.48,43941.09,43945.48,15
2026-06-23T13:15:00Z,43945.48,43969.79,43927.91,43956.61,24
2026-06-23T13:16:00Z,43956.61,43974.19,43906.25,43923.81,18
2026-06-23T13:17:00Z,43923.81,43943.71,43915.03,43939.32,12
2026-06-23T13:18:00Z,43939.32,43941.67,43934.93,43941.67,17
2026-06-23T13:19:00Z,43941.67,43957.20,43928.49,43944.02,17
2026-06-23T13:20:00Z,43944.02,43963.93,43944.02,43946.36,23
2026-06-23T13:21:00Z,43946.36,43966.28,43941.97,43948.71,21
2026-06-23T13:22:00Z,43948.71,43986.19,43931.14,43968.61,20
2026-06-23T13:23:00Z,43968.61,43979.73,43968.61,43975.34,23
2026-06-23T13:24:00Z,43975.34,43984.13,43946.94,43960.12,11
2026-06-23T13:25:00Z,43960.12,43966.86,43955.73,43962.47,19
2026-06-23T13:26:00Z,43962.47,43991.17,43949.29,43973.59,25
2026-06-23T13:27:00Z,43973.59,43973.59,43932.02,43932.02,9
2026-06-23T13:28:00Z,43932.02,43938.75,43914.45,43938.75,9
2026-06-23T13:29:00Z,43938.75,43949.87,43929.97,43945.48,12
2026-06-23T13:30:00Z,43945.48,43954.26,43925.88,43925.88,25
2026-06-23T13:31:00Z,43925.88,43925.88,43919.45,43923.84,15
2026-06-23T13:32:00Z,43923.84,43974.44,43915.06,43961.26,23
2026-06-23T13:33:00Z,43961.26,43961.26,43946.03,43954.82,14
2026-06-23T13:34:00Z,43954.82,43959.21,43952.78,43952.78,10
2026-06-23T13:35:00Z,43952.78,43968.29,43943.99,43968.29,21
2026-06-23T13:36:00Z,43968.29,43992.57,43968.29,43992.57,10
2026-06-23T13:37:00Z,43992.57,44001.36,43955.38,43968.57,12
2026-06-23T13:38:00Z,43968.57,43992.87,43950.99,43984.08,16
2026-06-23T13:39:00Z,43984.08,44004.00,43975.29,43990.81,23
2026-06-23T13:40:00Z,43990.81,43997.53,43986.42,43997.53,21
2026-06-23T13:41:00Z,43997.53,44004.27,43997.53,44004.27,10
2026-06-23T13:42:00Z,44004.27,44011.02,43995.47,44006.62,22
2026-06-23T13:43:00Z,44006.62,44044.11,43989.02,44030.91,18
2026-06-23T13:44:00Z,44030.91,44044.11,44024.46,44028.86,25
2026-06-23T13:45:00Z,44028.86,44028.86,43991.64,44009.24,21
2026-06-23T13:46:00Z,44009.24,44022.44,43976.44,43985.23,20
2026-06-23T13:47:00Z,43985.23,43994.02,43956.84,43970.03,24
2026-06-23T13:48:00Z,43970.03,43970.03,43959.22,43959.22,16
2026-06-23T13:49:00Z,43959.22,43965.96,43954.83,43961.57,13
2026-06-23T13:50:00Z,43961.57,43961.57,43941.94,43959.52,25
2026-06-23T13:51:00Z,43959.52,44001.34,43959.52,43992.55,16
2026-06-23T13:52:00Z,43992.55,44016.86,43988.16,44008.06,22
2026-06-23T13:53:00Z,44008.06,44012.46,43975.26,43988.45,21
2026-06-23T13:54:00Z,43988.45,44003.99,43988.45,43990.80,13
2026-06-23T13:55:00Z,43990.80,44019.50,43990.80,44006.30,18
2026-06-23T13:56:00Z,44006.30,44017.44,44006.30,44008.64,10
2026-06-23T13:57:00Z,44008.64,44026.24,43980.26,43989.05,17
2026-06-23T13:58:00Z,43989.05,44004.57,43975.86,43995.78,15
2026-06-23T13:59:00Z,43995.78,44033.27,43991.39,44015.67,9
2026-06-23T14:00:00Z,44015.67,44015.67,43978.68,43991.87,11
2026-06-23T14:01:00Z,43991.87,44020.88,43978.68,44016.48,14
2026-06-23T14:02:00Z,44016.48,44058.71,44003.28,44045.50,18
2026-06-23T14:03:00Z,44045.50,44049.90,44026.11,44039.32,11
2026-06-23T14:04:00Z,44039.32,44063.94,44021.71,44059.54,12
2026-06-23T14:05:00Z,44059.54,44070.96,44050.73,44062.15,24
2026-06-23T14:06:00Z,44062.15,44070.96,44029.55,44033.95,16
2026-06-23T14:07:00Z,44033.95,44076.19,44029.55,44058.57,21
2026-06-23T14:08:00Z,44058.57,44058.57,44043.58,44043.58,9
2026-06-23T14:09:00Z,44043.58,44052.38,44028.60,44037.40,12
2026-06-23T14:10:00Z,44037.40,44048.82,44024.19,44048.82,24
2026-06-23T14:11:00Z,44048.82,44069.03,44048.82,44064.63,10
2026-06-23T14:12:00Z,44064.63,44064.63,44045.26,44045.26,14
2026-06-23T14:13:00Z,44045.26,44083.08,44032.05,44065.46,21
2026-06-23T14:14:00Z,44065.46,44085.71,44056.65,44072.49,15
2026-06-23T14:15:00Z,44072.49,44088.30,44072.49,44088.30,17
2026-06-23T14:16:00Z,44088.30,44117.32,44070.67,44112.91,13
2026-06-23T14:17:00Z,44112.91,44126.14,44111.14,44111.14,21
2026-06-23T14:18:00Z,44111.14,44149.00,44102.32,44131.35,18
2026-06-23T14:19:00Z,44131.35,44135.76,44107.56,44111.97,22
2026-06-23T14:20:00Z,44111.97,44116.38,44088.17,44101.40,20
2026-06-23T14:21:00Z,44101.40,44119.04,44068.86,44073.26,23
2026-06-23T14:22:00Z,44073.26,44102.30,44064.45,44084.67,15
2026-06-23T14:23:00Z,44084.67,44118.11,44067.04,44100.47,13
2026-06-23T14:24:00Z,44100.47,44104.88,44067.92,44081.14,14
2026-06-23T14:25:00Z,44081.14,44094.36,44070.59,44070.59,20
2026-06-23T14:26:00Z,44070.59,44112.77,44061.78,44099.55,22
2026-06-23T14:27:00Z,44099.55,44103.95,44080.15,44097.78,14
2026-06-23T14:28:00Z,44097.78,44102.18,44082.80,44096.02,8
2026-06-23T14:29:00Z,44096.02,44120.68,44096.02,44103.04,12
2026-06-23T14:30:00Z,44103.04,44132.08,44089.81,44114.44,17
2026-06-23T14:31:00Z,44114.44,44127.67,44095.07,44108.30,18
2026-06-23T14:32:00Z,44108.30,44154.91,44099.48,44137.26,17
2026-06-23T14:33:00Z,44137.26,44153.10,44128.44,44144.28,8
2026-06-23T14:34:00Z,44144.28,44182.08,44144.28,44173.25,21
2026-06-23T14:35:00Z,44173.25,44202.34,44173.25,44184.67,17
2026-06-23T14:36:00Z,44184.67,44184.67,44156.52,44160.93,12
2026-06-23T14:37:00Z,44160.93,44167.96,44156.52,44163.55,21
2026-06-23T14:38:00Z,44163.55,44176.79,44131.00,44144.24,15
2026-06-23T14:39:00Z,44144.24,44148.65,44129.32,44129.32,12
2026-06-23T14:40:00Z,44129.32,44146.97,44105.59,44114.41,15
2026-06-23T14:41:00Z,44114.41,44117.04,44110.00,44117.04,14
2026-06-23T14:42:00Z,44117.04,44163.57,44108.22,44154.74,17
2026-06-23T14:43:00Z,44154.74,44159.15,44148.60,44148.60,14
2026-06-23T14:44:00Z,44148.60,44153.01,44107.29,44124.93,18
2026-06-23T14:45:00Z,44124.93,44136.34,44120.52,44136.34,13
2026-06-23T14:46:00Z,44136.34,44160.91,44131.93,44156.50,14
2026-06-23T14:47:00Z,44156.50,44198.68,44143.26,44185.43,11
2026-06-23T14:48:00Z,44185.43,44192.45,44181.02,44192.45,14
2026-06-23T14:49:00Z,44192.45,44196.86,44168.65,44186.32,24
2026-06-23T14:50:00Z,44186.32,44190.73,44171.42,44171.42,15
2026-06-23T14:51:00Z,44171.42,44196.03,44153.76,44187.20,14
2026-06-23T14:52:00Z,44187.20,44196.03,44172.21,44185.46,8
2026-06-23T14:53:00Z,44185.46,44223.26,44167.79,44210.00,18
2026-06-23T14:54:00Z,44210.00,44230.31,44196.74,44212.63,20
2026-06-23T14:55:00Z,44212.63,44217.05,44188.90,44197.73,12
2026-06-23T14:56:00Z,44197.73,44215.40,44178.44,44182.85,8
2026-06-23T14:57:00Z,44182.85,44198.70,44178.44,44189.87,20
2026-06-23T14:58:00Z,44189.87,44198.70,44170.54,44179.37,13
2026-06-23T14:59:00Z,44179.37,44217.19,44179.37,44199.52,16
2026-06-23T15:00:00Z,44199.52,44203.93,44189.82,44189.82,9
2026-06-23T15:01:00Z,44189.82,44197.79,44176.57,44197.79,24
2026-06-23T15:02:00Z,44197.79,44215.46,44152.74,44161.57,14
2026-06-23T15:03:00Z,44161.57,44174.81,44143.04,44143.04,18
2026-06-23T15:04:00Z,44143.04,44143.04,44115.69,44115.69,24
2026-06-23T15:05:00Z,44115.69,44141.31,44111.28,44141.31,20
2026-06-23T15:06:00Z,44141.31,44154.55,44113.97,44131.62,20
2026-06-23T15:07:00Z,44131.62,44144.85,44117.51,44117.51,16
2026-06-23T15:08:00Z,44117.51,44135.15,44103.41,44112.23,11
2026-06-23T15:09:00Z,44112.23,44146.66,44112.23,44142.25,19
2026-06-23T15:10:00Z,44142.25,44155.49,44132.56,44136.97,15
2026-06-23T15:11:00Z,44136.97,44141.38,44118.47,44136.12,18
2026-06-23T15:12:00Z,44136.12,44161.73,44136.12,44144.08,17
2026-06-23T15:13:00Z,44144.08,44152.90,44121.15,44129.97,13
2026-06-23T15:14:00Z,44129.97,44129.97,44107.03,44107.03,10
2026-06-23T15:15:00Z,44107.03,44120.26,44040.01,44057.63,25
2026-06-23T15:16:00Z,44057.63,44083.21,44057.63,44083.21,20
2026-06-23T15:17:00Z,44083.21,44100.84,44073.54,44073.54,24
2026-06-23T15:18:00Z,44073.54,44073.54,44046.24,44059.45,25
2026-06-23T15:19:00Z,44059.45,44063.85,44036.56,44049.77,17
2026-06-23T15:20:00Z,44049.77,44097.38,44036.56,44079.75,15
2026-06-23T15:21:00Z,44079.75,44084.15,44065.67,44070.07,15
2026-06-23T15:22:00Z,44070.07,44074.47,44042.76,44051.57,9
2026-06-23T15:23:00Z,44051.57,44064.78,44033.10,44050.72,14
2026-06-23T15:24:00Z,44050.72,44102.74,44050.72,44085.11,17
2026-06-23T15:25:00Z,44085.11,44093.92,44057.79,44066.60,15
2026-06-23T15:26:00Z,44066.60,44078.96,44062.20,44078.96,21
2026-06-23T15:27:00Z,44078.96,44104.55,44078.96,44095.74,17
2026-06-23T15:28:00Z,44095.74,44108.96,44081.65,44086.05,24
2026-06-23T15:29:00Z,44086.05,44090.45,44041.11,44054.32,16
2026-06-23T15:30:00Z,44054.32,44063.13,44035.84,44053.46,21
2026-06-23T15:31:00Z,44053.46,44071.08,44030.57,44043.78,10
2026-06-23T15:32:00Z,44043.78,44060.54,44043.78,44051.73,19
2026-06-23T15:33:00Z,44051.73,44060.54,44028.84,44042.05,19
2026-06-23T15:34:00Z,44042.05,44046.45,44032.38,44036.78,19
2026-06-23T15:35:00Z,44036.78,44053.54,44036.78,44044.74,18
2026-06-23T15:36:00Z,44044.74,44065.91,44040.34,44061.51,20
2026-06-23T15:37:00Z,44061.51,44065.05,44061.51,44065.05,21
2026-06-23T15:38:00Z,44065.05,44086.22,44056.24,44073.00,18
2026-06-23T15:39:00Z,44073.00,44077.40,44054.50,44063.31,22
2026-06-23T15:40:00Z,44063.31,44076.52,44040.42,44053.63,16
2026-06-23T15:41:00Z,44053.63,44053.63,44030.75,44043.96,8
2026-06-23T15:42:00Z,44043.96,44060.73,44043.96,44060.73,18
2026-06-23T15:43:00Z,44060.73,44077.50,44051.92,44077.50,22
2026-06-23T15:44:00Z,44077.50,44086.31,44063.42,44076.64,16
2026-06-23T15:45:00Z,44076.64,44089.86,44049.32,44058.13,17
2026-06-23T15:46:00Z,44058.13,44075.75,44048.46,44052.86,15
2026-06-23T15:47:00Z,44052.86,44057.26,44029.98,44043.19,11
2026-06-23T15:48:00Z,44043.19,44043.19,44029.12,44037.92,12
2026-06-23T15:49:00Z,44037.92,44063.49,44020.31,44059.09,22
2026-06-23T15:50:00Z,44059.09,44084.68,44041.47,44071.46,17
2026-06-23T15:51:00Z,44071.46,44083.83,44058.24,44083.83,8
2026-06-23T15:52:00Z,44083.83,44088.23,44065.33,44069.73,25
2026-06-23T15:53:00Z,44069.73,44086.52,44052.11,44086.52,12
2026-06-23T15:54:00Z,44086.52,44090.92,44059.19,44068.00,18
2026-06-23T15:55:00Z,44068.00,44085.62,44058.32,44062.72,17
2026-06-23T15:56:00Z,44062.72,44070.68,44058.32,44070.68,19
2026-06-23T15:57:00Z,44070.68,44079.49,44038.96,44047.76,19
2026-06-23T15:58:00Z,44047.76,44047.76,44029.27,44033.67,8
2026-06-23T15:59:00Z,44033.67,44054.84,44029.27,44041.63,19
2026-06-23T16:00:00Z,44041.63,44041.63,44030.76,44030.76,25
2026-06-23T16:01:00Z,44030.76,44043.96,44019.90,44028.70,15
2026-06-23T16:02:00Z,44028.70,44044.25,44015.50,44035.45,13
2026-06-23T16:03:00Z,44035.45,44048.66,44024.59,44028.99,13
2026-06-23T16:04:00Z,44028.99,44044.55,44011.38,44035.75,13
2026-06-23T16:05:00Z,44035.75,44053.36,43985.28,43998.47,18
2026-06-23T16:06:00Z,43998.47,43998.47,43970.03,43987.62,13
2026-06-23T16:07:00Z,43987.62,44005.21,43963.58,43981.17,21
2026-06-23T16:08:00Z,43981.17,43996.70,43963.58,43987.91,15
2026-06-23T16:09:00Z,43987.91,44001.10,43981.47,43981.47,20
2026-06-23T16:10:00Z,43981.47,44018.98,43977.08,44018.98,10
2026-06-23T16:11:00Z,44018.98,44030.13,44010.18,44021.33,16
2026-06-23T16:12:00Z,44021.33,44034.53,43984.08,44001.68,13
2026-06-23T16:13:00Z,44001.68,44008.43,44001.68,44004.03,16
2026-06-23T16:14:00Z,44004.03,44008.43,43993.19,43993.19,24
2026-06-23T16:15:00Z,43993.19,44010.78,43982.35,43986.74,13
2026-06-23T16:16:00Z,43986.74,44015.47,43977.95,44002.27,9
2026-06-23T16:17:00Z,44002.27,44004.62,44002.27,44004.62,21
2026-06-23T16:18:00Z,44004.62,44015.76,43995.82,44015.76,13
2026-06-23T16:19:00Z,44015.76,44018.12,43998.16,44018.12,15
2026-06-23T16:20:00Z,44018.12,44029.27,44000.52,44020.47,15
2026-06-23T16:21:00Z,44020.47,44040.40,44007.27,44040.40,16
2026-06-23T16:22:00Z,44040.40,44053.61,44016.35,44029.55,12
2026-06-23T16:23:00Z,44029.55,44047.16,43983.52,43996.71,21
2026-06-23T16:24:00Z,43996.71,44007.86,43992.32,43999.07,11
2026-06-23T16:25:00Z,43999.07,44032.19,43981.48,44018.99,12
2026-06-23T16:26:00Z,44018.99,44038.94,44005.79,44021.34,13
2026-06-23T16:27:00Z,44021.34,44032.48,44012.54,44028.08,23
2026-06-23T16:28:00Z,44028.08,44056.82,44028.08,44043.61,13
2026-06-23T16:29:00Z,44043.61,44052.41,44028.37,44037.17,10
2026-06-23T16:30:00Z,44037.17,44070.31,44032.77,44057.10,23
2026-06-23T16:31:00Z,44057.10,44061.50,44055.05,44055.05,19
2026-06-23T16:32:00Z,44055.05,44097.00,44037.43,44083.78,20
2026-06-23T16:33:00Z,44083.78,44092.59,44072.91,44081.72,17
2026-06-23T16:34:00Z,44081.72,44097.28,44068.50,44092.88,22
2026-06-23T16:35:00Z,44092.88,44134.86,44092.88,44121.63,16
2026-06-23T16:36:00Z,44121.63,44163.64,44117.22,44145.99,11
2026-06-23T16:37:00Z,44145.99,44145.99,44126.28,44143.93,10
2026-06-23T16:38:00Z,44143.93,44161.58,44111.00,44128.65,24
2026-06-23T16:39:00Z,44128.65,44146.30,44078.15,44095.78,9
2026-06-23T16:40:00Z,44095.78,44120.13,44091.38,44120.13,17
2026-06-23T16:41:00Z,44120.13,44126.89,44106.90,44122.48,19
2026-06-23T16:42:00Z,44122.48,44133.64,44113.66,44129.23,13
2026-06-23T16:43:00Z,44129.23,44153.63,44129.23,44135.98,24
2026-06-23T16:44:00Z,44135.98,44155.96,44135.98,44147.14,20
2026-06-23T16:45:00Z,44147.14,44151.55,44131.86,44136.27,19
2026-06-23T16:46:00Z,44136.27,44165.07,44127.45,44147.42,15
2026-06-23T16:47:00Z,44147.42,44162.98,44129.77,44162.98,21
2026-06-23T16:48:00Z,44162.98,44191.78,44145.32,44182.95,18
2026-06-23T16:49:00Z,44182.95,44220.60,44178.54,44207.34,16
2026-06-23T16:50:00Z,44207.34,44227.34,44202.92,44218.50,10
2026-06-23T16:51:00Z,44218.50,44227.34,44194.36,44207.62,14
2026-06-23T16:52:00Z,44207.62,44207.62,44183.47,44201.15,22
2026-06-23T16:53:00Z,44201.15,44218.83,44194.68,44194.68,15
2026-06-23T16:54:00Z,44194.68,44194.68,44170.55,44188.22,12
2026-06-23T16:55:00Z,44188.22,44205.89,44159.68,44177.35,18
2026-06-23T16:56:00Z,44177.35,44195.02,44148.86,44148.86,15
2026-06-23T16:57:00Z,44148.86,44173.27,44148.86,44155.61,16
2026-06-23T16:58:00Z,44155.61,44160.02,44113.92,44122.74,15
2026-06-23T16:59:00Z,44122.74,44122.74,44094.31,44094.31,23
2026-06-23T17:00:00Z,44094.31,44111.94,44080.76,44089.57,24
2026-06-23T17:01:00Z,44089.57,44102.79,44058.38,44071.60,19
2026-06-23T17:02:00Z,44071.60,44102.12,44058.38,44093.31,23
2026-06-23T17:03:00Z,44093.31,44115.01,44075.68,44097.38,20
2026-06-23T17:04:00Z,44097.38,44101.78,44066.19,44070.59,16
2026-06-23T17:05:00Z,44070.59,44087.89,44057.37,44074.67,14
2026-06-23T17:06:00Z,44074.67,44083.48,44061.11,44061.11,21
2026-06-23T17:07:00Z,44061.11,44100.44,44061.11,44082.81,15
2026-06-23T17:08:00Z,44082.81,44091.62,44056.04,44064.85,25
2026-06-23T17:09:00Z,44064.85,44082.14,44064.85,44077.74,23
2026-06-23T17:10:00Z,44077.74,44077.74,44059.78,44068.59,19
2026-06-23T17:11:00Z,44068.59,44099.12,44064.19,44081.49,8
2026-06-23T17:12:00Z,44081.49,44085.89,44067.93,44067.93,20
2026-06-23T17:13:00Z,44067.93,44089.62,44067.93,44072.00,14
2026-06-23T17:14:00Z,44072.00,44080.48,44067.60,44076.08,12
2026-06-23T17:15:00Z,44076.08,44084.89,44066.94,44075.75,25
2026-06-23T17:16:00Z,44075.75,44101.86,44075.75,44084.23,9
2026-06-23T17:17:00Z,44084.23,44088.63,44079.50,44079.50,11
2026-06-23T17:18:00Z,44079.50,44092.38,44079.50,44087.98,14
2026-06-23T17:19:00Z,44087.98,44101.20,44087.65,44087.65,19
2026-06-23T17:20:00Z,44087.65,44096.13,44070.02,44091.73,11
2026-06-23T17:21:00Z,44091.73,44104.95,44082.58,44082.58,14
2026-06-23T17:22:00Z,44082.58,44091.39,44073.44,44082.25,13
2026-06-23T17:23:00Z,44082.25,44099.88,44046.67,44059.88,22
2026-06-23T17:24:00Z,44059.88,44077.50,44046.33,44050.73,13
2026-06-23T17:25:00Z,44050.73,44054.80,44050.73,44054.80,15
2026-06-23T17:26:00Z,44054.80,44068.01,44023.65,44041.26,24
2026-06-23T17:27:00Z,44041.26,44041.26,44010.10,44023.30,10
2026-06-23T17:28:00Z,44023.30,44062.59,44010.10,44049.38,25
2026-06-23T17:29:00Z,44049.38,44084.30,44036.17,44084.30,10
2026-06-23T17:30:00Z,44084.30,44088.37,44075.49,44088.37,9
2026-06-23T17:31:00Z,44088.37,44123.31,44079.56,44123.31,17
2026-06-23T17:32:00Z,44123.31,44140.95,44118.57,44118.57,14
2026-06-23T17:33:00Z,44118.57,44118.57,44113.82,44113.82,23
2026-06-23T17:34:00Z,44113.82,44131.13,44100.59,44122.31,18
2026-06-23T17:35:00Z,44122.31,44166.12,44109.08,44152.88,22
2026-06-23T17:36:00Z,44152.88,44157.29,44117.23,44126.05,10
2026-06-23T17:37:00Z,44126.05,44143.70,44099.24,44112.47,23
2026-06-23T17:38:00Z,44112.47,44125.38,44108.06,44125.38,11
2026-06-23T17:39:00Z,44125.38,44138.28,44125.38,44133.87,13
2026-06-23T17:40:00Z,44133.87,44133.87,44133.54,44133.54,13
2026-06-23T17:41:00Z,44133.54,44146.78,44115.56,44119.97,24
2026-06-23T17:42:00Z,44119.97,44128.79,44110.81,44110.81,12
2026-06-23T17:43:00Z,44110.81,44124.04,44092.84,44110.48,13
2026-06-23T17:44:00Z,44110.48,44127.80,44110.48,44114.57,8
2026-06-23T17:45:00Z,44114.57,44149.54,44114.57,44145.13,8
2026-06-23T17:46:00Z,44145.13,44184.54,44145.13,44166.88,11
2026-06-23T17:47:00Z,44166.88,44180.13,44131.22,44144.46,19
2026-06-23T17:48:00Z,44144.46,44161.78,44126.81,44148.54,10
2026-06-23T17:49:00Z,44148.54,44165.87,44148.54,44157.04,14
2026-06-23T17:50:00Z,44157.04,44169.96,44139.38,44161.13,22
2026-06-23T17:51:00Z,44161.13,44178.45,44156.72,44165.21,15
2026-06-23T17:52:00Z,44165.21,44165.21,44147.21,44151.62,9
2026-06-23T17:53:00Z,44151.62,44156.03,44133.63,44133.63,25
2026-06-23T17:54:00Z,44133.63,44138.04,44106.80,44106.80,10
2026-06-23T17:55:00Z,44106.80,44115.62,44062.36,44071.17,10
2026-06-23T17:56:00Z,44071.17,44079.98,44066.44,44066.44,12
2026-06-23T17:57:00Z,44066.44,44083.73,44057.63,44070.51,22
2026-06-23T17:58:00Z,44070.51,44070.51,44039.33,44056.95,23
2026-06-23T17:59:00Z,44056.95,44083.06,44052.55,44078.66,17
2026-06-23T18:00:00Z,44078.66,44091.88,44069.23,44069.23,24
2026-06-23T18:01:00Z,44069.23,44069.23,44028.98,44042.19,16
2026-06-23T18:02:00Z,44042.19,44054.79,44037.79,44045.99,10
2026-06-23T18:03:00Z,44045.99,44050.39,44014.57,44023.37,13
2026-06-23T18:04:00Z,44023.37,44040.37,44018.97,44031.57,9
2026-06-23T18:05:00Z,44031.57,44049.18,44004.57,44013.37,20
2026-06-23T18:06:00Z,44013.37,44034.76,43995.77,44025.96,14
2026-06-23T18:07:00Z,44025.96,44025.96,44012.17,44025.37,16
2026-06-23T18:08:00Z,44025.37,44042.98,44007.17,44024.77,24
2026-06-23T18:09:00Z,44024.77,44076.99,44020.37,44059.37,9
2026-06-23T18:10:00Z,44059.37,44076.99,44041.16,44049.96,11
2026-06-23T18:11:00Z,44049.96,44049.96,44014.16,44018.56,23
2026-06-23T18:12:00Z,44018.56,44022.96,43987.17,44004.77,20
2026-06-23T18:13:00Z,44004.77,44017.97,43990.98,44004.18,23
2026-06-23T18:14:00Z,44004.18,44025.58,44004.18,44007.98,21
2026-06-23T18:15:00Z,44007.98,44016.78,43985.41,43985.41,11
2026-06-23T18:16:00Z,43985.41,43994.20,43967.23,43980.42,15
2026-06-23T18:17:00Z,43980.42,43993.61,43957.85,43975.44,21
2026-06-23T18:18:00Z,43975.44,43988.63,43961.65,43974.84,14
2026-06-23T18:19:00Z,43974.84,43992.42,43930.34,43943.52,18
2026-06-23T18:20:00Z,43943.52,43969.25,43939.13,43964.86,20
2026-06-23T18:21:00Z,43964.86,43973.65,43933.56,43933.56,16
2026-06-23T18:22:00Z,43933.56,43941.74,43924.78,43941.74,24
2026-06-23T18:23:00Z,43941.74,43941.74,43919.23,43923.62,22
2026-06-23T18:24:00Z,43923.62,43966.89,43919.23,43953.71,20
2026-06-23T18:25:00Z,43953.71,43983.87,43940.53,43966.29,10
2026-06-23T18:26:00Z,43966.29,43974.47,43948.71,43974.47,8
2026-06-23T18:27:00Z,43974.47,44000.21,43974.47,44000.21,13
2026-06-23T18:28:00Z,44000.21,44004.61,43973.25,43990.84,14
2026-06-23T18:29:00Z,43990.84,44008.43,43985.87,43985.87,17
2026-06-23T18:30:00Z,43985.87,44003.46,43972.13,43972.13,23
2026-06-23T18:31:00Z,43972.13,44032.98,43963.34,44019.78,9
2026-06-23T18:32:00Z,44019.78,44028.58,44006.01,44014.81,9
2026-06-23T18:33:00Z,44014.81,44019.21,43992.27,43996.66,14
2026-06-23T18:34:00Z,43996.66,44014.25,43978.53,43978.53,12
2026-06-23T18:35:00Z,43978.53,44008.65,43978.53,44004.25,20
2026-06-23T18:36:00Z,44004.25,44038.78,44004.25,44034.38,22
2026-06-23T18:37:00Z,44034.38,44046.96,44029.98,44042.56,20
2026-06-23T18:38:00Z,44042.56,44055.15,44042.56,44050.75,15
2026-06-23T18:39:00Z,44050.75,44089.72,44050.75,44076.50,17
2026-06-23T18:40:00Z,44076.50,44102.33,44063.28,44084.70,22
2026-06-23T18:41:00Z,44084.70,44102.33,44070.90,44079.71,23
2026-06-23T18:42:00Z,44079.71,44088.52,44074.72,44079.12,13
2026-06-23T18:43:00Z,44079.12,44091.71,44079.12,44087.31,16
2026-06-23T18:44:00Z,44087.31,44108.71,44082.91,44099.90,21
2026-06-23T18:45:00Z,44099.90,44138.84,44099.90,44138.84,15
2026-06-23T18:46:00Z,44138.84,44147.06,44125.60,44142.65,11
2026-06-23T18:47:00Z,44142.65,44155.89,44111.21,44128.86,24
2026-06-23T18:48:00Z,44128.86,44146.51,44106.25,44119.48,23
2026-06-23T18:49:00Z,44119.48,44128.30,44110.08,44114.49,22
2026-06-23T18:50:00Z,44114.49,44118.30,44096.85,44118.30,19
2026-06-23T18:51:00Z,44118.30,44131.53,44104.47,44117.70,24
2026-06-23T18:52:00Z,44117.70,44130.93,44081.98,44081.98,18
2026-06-23T18:53:00Z,44081.98,44095.20,44054.99,44072.61,22
2026-06-23T18:54:00Z,44072.61,44098.43,44059.39,44080.80,22
2026-06-23T18:55:00Z,44080.80,44085.20,44066.99,44080.21,25
2026-06-23T18:56:00Z,44080.21,44105.99,44062.58,44097.18,18
2026-06-23T18:57:00Z,44097.18,44097.18,44070.20,44083.42,12
2026-06-23T18:58:00Z,44083.42,44101.05,44065.29,44065.29,10
2026-06-23T18:59:00Z,44065.29,44113.03,44056.48,44095.40,10
2026-06-23T19:00:00Z,44095.40,44113.03,44070.89,44088.52,14
2026-06-23T19:01:00Z,44088.52,44101.74,44072.83,44072.83,13
2026-06-23T19:02:00Z,44072.83,44086.05,44061.56,44070.37,10
2026-06-23T19:03:00Z,44070.37,44079.18,44050.29,44059.10,9
2026-06-23T19:04:00Z,44059.10,44059.10,44030.20,44043.41,11
2026-06-23T19:05:00Z,44043.41,44061.02,44005.73,44018.93,10
2026-06-23T19:06:00Z,44018.93,44027.73,43994.47,44012.07,9
2026-06-23T19:07:00Z,44012.07,44014.02,43998.87,44014.02,10
2026-06-23T19:08:00Z,44014.02,44018.42,44002.76,44011.56,12
2026-06-23T19:09:00Z,44011.56,44039.90,43993.96,44035.50,16
2026-06-23T19:10:00Z,44035.50,44055.05,44035.50,44046.25,9
2026-06-23T19:11:00Z,44046.25,44059.46,44026.18,44043.79,10
2026-06-23T19:12:00Z,44043.79,44061.40,44010.51,44028.12,12
2026-06-23T19:13:00Z,44028.12,44028.12,44016.86,44021.26,11
2026-06-23T19:14:00Z,44021.26,44038.86,43979.22,43988.01,10
2026-06-23T19:15:00Z,43988.01,44001.20,43967.98,43976.77,10
2026-06-23T19:16:00Z,43976.77,44000.68,43959.18,43991.89,15
2026-06-23T19:17:00Z,43991.89,44011.42,43987.50,44011.42,9
2026-06-23T19:18:00Z,44011.42,44057.36,43993.82,44039.75,19
2026-06-23T19:19:00Z,44039.75,44039.75,44010.89,44010.89,10
2026-06-23T19:20:00Z,44010.89,44019.69,43973.25,43990.84,12
2026-06-23T19:21:00Z,43990.84,44010.36,43986.45,44010.36,11
2026-06-23T19:22:00Z,44010.36,44027.96,43985.93,43994.72,14
2026-06-23T19:23:00Z,43994.72,44027.43,43977.13,44027.43,11
2026-06-23T19:24:00Z,44027.43,44045.04,44011.77,44011.77,20
2026-06-23T19:25:00Z,44011.77,44020.57,43991.72,44009.32,23
2026-06-23T19:26:00Z,44009.32,44050.85,44000.52,44033.24,13
2026-06-23T19:27:00Z,44033.24,44050.85,44013.19,44013.19,11
2026-06-23T19:28:00Z,44013.19,44019.53,43999.99,44015.13,8
2026-06-23T19:29:00Z,44015.13,44032.73,43977.51,43995.10,14
2026-06-23T19:30:00Z,43995.10,44008.29,43966.27,43983.86,22
2026-06-23T19:31:00Z,43983.86,44029.73,43970.67,44029.73,10
2026-06-23T19:32:00Z,44029.73,44053.67,44025.33,44040.46,17
2026-06-23T19:33:00Z,44040.46,44044.86,44016.01,44024.81,24
2026-06-23T19:34:00Z,44024.81,44029.21,44013.56,44017.96,14
2026-06-23T19:35:00Z,44017.96,44022.36,44006.72,44006.72,18
2026-06-23T19:36:00Z,44006.72,44039.42,43993.52,44035.02,24
2026-06-23T19:37:00Z,44035.02,44058.96,44030.62,44050.15,20
2026-06-23T19:38:00Z,44050.15,44096.11,44036.94,44078.48,12
2026-06-23T19:39:00Z,44078.48,44096.11,44045.21,44058.42,10
2026-06-23T19:40:00Z,44058.42,44064.76,44058.42,44060.36,21
2026-06-23T19:41:00Z,44060.36,44097.53,44055.96,44079.90,20
2026-06-23T19:42:00Z,44079.90,44134.67,44079.90,44121.44,11
2026-06-23T19:43:00Z,44121.44,44121.44,44088.14,44101.37,21
2026-06-23T19:44:00Z,44101.37,44110.19,44090.10,44094.50,18
2026-06-23T19:45:00Z,44094.50,44094.50,44074.41,44092.04,20
2026-06-23T19:46:00Z,44092.04,44111.61,44092.04,44098.39,20
2026-06-23T19:47:00Z,44098.39,44109.16,44093.99,44100.34,24
2026-06-23T19:48:00Z,44100.34,44124.31,44095.93,44111.08,11
2026-06-23T19:49:00Z,44111.08,44128.72,44095.39,44108.62,17
2026-06-23T19:50:00Z,44108.62,44159.01,44095.39,44145.77,14
2026-06-23T19:51:00Z,44145.77,44163.42,44103.65,44121.29,19
2026-06-23T19:52:00Z,44121.29,44162.88,44121.29,44149.64,9
2026-06-23T19:53:00Z,44149.64,44169.25,44145.23,44151.59,25
2026-06-23T19:54:00Z,44151.59,44171.18,44151.59,44157.94,9
2026-06-23T19:55:00Z,44157.94,44186.34,44149.11,44177.51,13
2026-06-23T19:56:00Z,44177.51,44201.52,44164.26,44183.85,21
2026-06-23T19:57:00Z,44183.85,44188.26,44163.76,44163.76,19
2026-06-23T19:58:00Z,44163.76,44177.00,44139.27,44143.68,16
2026-06-23T19:59:00Z,44143.68,44180.90,44130.44,44163.24,16
2026-06-23T20:00:00Z,44163.24,44181.76,44163.24,44177.35,24
2026-06-23T20:01:00Z,44177.35,44209.14,44177.35,44204.72,13
2026-06-23T20:02:00Z,44204.72,44227.70,44191.46,44223.28,18
2026-06-23T20:03:00Z,44223.28,44241.84,44210.02,44241.84,11
2026-06-23T20:04:00Z,44241.84,44260.42,44233.00,44260.42,16
2026-06-23T20:05:00Z,44260.42,44269.27,44230.31,44234.73,21
2026-06-23T20:06:00Z,44234.73,44262.16,44221.46,44253.31,14
2026-06-23T20:07:00Z,44253.31,44276.32,44253.31,44267.47,19
2026-06-23T20:08:00Z,44267.47,44281.62,44249.77,44277.20,16
2026-06-23T20:09:00Z,44277.20,44300.23,44277.20,44282.52,14
2026-06-23T20:10:00Z,44282.52,44305.54,44264.81,44292.26,16
2026-06-23T20:11:00Z,44292.26,44292.26,44271.00,44284.28,14
2026-06-23T20:12:00Z,44284.28,44297.56,44267.44,44276.29,12
2026-06-23T20:13:00Z,44276.29,44280.71,44224.03,44241.72,23
2026-06-23T20:14:00Z,44241.72,44250.56,44207.18,44216.02,11
2026-06-23T20:15:00Z,44216.02,44233.70,44185.93,44203.61,21
2026-06-23T20:16:00Z,44203.61,44226.61,44199.19,44217.77,9
2026-06-23T20:17:00Z,44217.77,44235.45,44205.37,44209.79,12
2026-06-23T20:18:00Z,44209.79,44223.05,44179.68,44179.68,15
2026-06-23T20:19:00Z,44179.68,44193.82,44162.01,44193.82,18
2026-06-23T20:20:00Z,44193.82,44207.07,44159.33,44177.00,22
2026-06-23T20:21:00Z,44177.00,44199.97,44163.75,44186.72,22
2026-06-23T20:22:00Z,44186.72,44200.85,44182.31,44192.02,14
2026-06-23T20:23:00Z,44192.02,44228.29,44192.02,44210.61,18
2026-06-23T20:24:00Z,44210.61,44223.87,44180.53,44198.20,19
2026-06-23T20:25:00Z,44198.20,44198.20,44154.83,44168.08,23
2026-06-23T20:26:00Z,44168.08,44168.95,44154.83,44168.95,9
2026-06-23T20:27:00Z,44168.95,44173.36,44147.74,44160.98,19
2026-06-23T20:28:00Z,44160.98,44197.23,44156.57,44183.98,12
2026-06-23T20:29:00Z,44183.98,44188.39,44162.76,44176.01,23
2026-06-23T20:30:00Z,44176.01,44176.01,44163.62,44168.03,22
2026-06-23T20:31:00Z,44168.03,44182.15,44150.37,44168.90,15
2026-06-23T20:32:00Z,44168.90,44168.90,44152.12,44165.36,15
2026-06-23T20:33:00Z,44165.36,44178.60,44126.42,44139.66,13
2026-06-23T20:34:00Z,44139.66,44149.36,44130.84,44140.54,18
2026-06-23T20:35:00Z,44140.54,44159.06,44122.89,44141.41,16
2026-06-23T20:36:00Z,44141.41,44150.23,44106.91,44115.73,19
2026-06-23T20:37:00Z,44115.73,44129.87,44115.73,44129.87,14
2026-06-23T20:38:00Z,44129.87,44143.97,44129.87,44130.74,22
2026-06-23T20:39:00Z,44130.74,44130.74,44105.06,44105.06,24
2026-06-23T20:40:00Z,44105.06,44105.06,44070.53,44070.53,9
2026-06-23T20:41:00Z,44070.53,44075.83,44066.13,44075.83,9
2026-06-23T20:42:00Z,44075.83,44085.52,44071.43,44081.12,22
2026-06-23T20:43:00Z,44081.12,44104.05,44081.12,44086.42,20
2026-06-23T20:44:00Z,44086.42,44095.23,44056.37,44069.59,16
2026-06-23T20:45:00Z,44069.59,44082.81,44048.42,44066.04,20
2026-06-23T20:46:00Z,44066.04,44070.44,44040.43,44049.23,23
2026-06-23T20:47:00Z,44049.23,44053.63,44019.15,44019.15,21
2026-06-23T20:48:00Z,44019.15,44020.02,44001.55,44020.02,8
2026-06-23T20:49:00Z,44020.02,44020.02,43998.87,44016.47,21
2026-06-23T20:50:00Z,44016.47,44052.63,43998.87,44035.02,13
2026-06-23T20:51:00Z,44035.02,44049.11,44030.62,44040.31,14
2026-06-23T20:52:00Z,44040.31,44040.31,44019.07,44019.07,19
2026-06-23T20:53:00Z,44019.07,44033.17,44005.87,44024.37,15
2026-06-23T20:54:00Z,44024.37,44038.44,44019.97,44025.24,9
2026-06-23T20:55:00Z,44025.24,44065.84,44016.44,44048.23,24
2026-06-23T20:56:00Z,44048.23,44057.90,44043.83,44049.10,19
2026-06-23T20:57:00Z,44049.10,44053.50,44041.16,44045.56,19
2026-06-23T20:58:00Z,44045.56,44072.90,44027.95,44055.28,16
2026-06-23T20:59:00Z,44055.28,44082.63,44050.88,44065.01,12
2026-06-23T21:00:00Z,44065.01,44093.77,44060.61,44080.55,11
2026-06-23T21:01:00Z,44080.55,44080.55,44043.21,44056.42,14
2026-06-23T21:02:00Z,44056.42,44074.04,44023.51,44036.72,18
2026-06-23T21:03:00Z,44036.72,44061.06,44036.72,44052.25,18
2026-06-23T21:04:00Z,44052.25,44052.25,44023.76,44028.16,24
2026-06-23T21:05:00Z,44028.16,44056.88,44019.36,44048.08,11
2026-06-23T21:06:00Z,44048.08,44054.81,44030.47,44050.41,15
2026-06-23T21:07:00Z,44050.41,44063.62,43999.93,44017.53,8
2026-06-23T21:08:00Z,44017.53,44033.05,44013.13,44028.65,20
2026-06-23T21:09:00Z,44028.65,44028.65,44008.97,44026.58,24
2026-06-23T21:10:00Z,44026.58,44042.11,44022.18,44033.31,17
2026-06-23T21:11:00Z,44033.31,44062.01,44024.51,44062.01,18
2026-06-23T21:12:00Z,44062.01,44103.92,44048.80,44099.52,15
2026-06-23T21:13:00Z,44099.52,44137.09,44086.30,44123.86,15
2026-06-23T21:14:00Z,44123.86,44141.50,44099.76,44099.76,11
2026-06-23T21:15:00Z,44099.76,44112.98,44053.67,44066.89,12
2026-06-23T21:16:00Z,44066.89,44069.22,44049.27,44069.22,9
2026-06-23T21:17:00Z,44069.22,44086.84,44053.97,44053.97,14
2026-06-23T21:18:00Z,44053.97,44065.11,44036.35,44056.30,14
2026-06-23T21:19:00Z,44056.30,44063.04,44056.30,44058.64,24
2026-06-23T21:20:00Z,44058.64,44074.18,44049.83,44060.97,25
2026-06-23T21:21:00Z,44060.97,44080.92,44043.35,44063.30,23
2026-06-23T21:22:00Z,44063.30,44083.25,44058.90,44065.63,24
2026-06-23T21:23:00Z,44065.63,44076.75,44065.63,44076.75,11
2026-06-23T21:24:00Z,44076.75,44083.48,44076.75,44079.08,22
2026-06-23T21:25:00Z,44079.08,44092.30,44063.82,44072.63,20
2026-06-23T21:26:00Z,44072.63,44077.03,44061.81,44061.81,19
2026-06-23T21:27:00Z,44061.81,44094.94,44061.81,44077.31,12
2026-06-23T21:28:00Z,44077.31,44088.44,44077.31,44084.04,8
2026-06-23T21:29:00Z,44084.04,44117.17,44066.41,44099.54,9
2026-06-23T21:30:00Z,44099.54,44112.76,44084.29,44093.10,22
2026-06-23T21:31:00Z,44093.10,44126.22,44088.70,44112.99,22
2026-06-23T21:32:00Z,44112.99,44132.97,44108.58,44115.33,17
2026-06-23T21:33:00Z,44115.33,44132.97,44104.49,44108.90,19
2026-06-23T21:34:00Z,44108.90,44113.31,44089.26,44098.07,21
2026-06-23T21:35:00Z,44098.07,44115.70,44052.11,44065.32,10
2026-06-23T21:36:00Z,44065.32,44094.03,44060.92,44080.81,11
2026-06-23T21:37:00Z,44080.81,44140.24,44080.81,44122.60,11
2026-06-23T21:38:00Z,44122.60,44155.67,44122.60,44151.26,17
2026-06-23T21:39:00Z,44151.26,44188.82,44138.02,44171.16,18
2026-06-23T21:40:00Z,44171.16,44217.49,44162.33,44204.23,12
2026-06-23T21:41:00Z,44204.23,44241.76,44190.97,44232.92,14
2026-06-23T21:42:00Z,44232.92,44246.18,44186.80,44204.48,23
2026-06-23T21:43:00Z,44204.48,44213.32,44171.63,44180.46,9
2026-06-23T21:44:00Z,44180.46,44222.42,44162.79,44204.74,15
2026-06-23T21:45:00Z,44204.74,44220.28,44187.06,44215.86,24
2026-06-23T21:46:00Z,44215.86,44235.88,44202.60,44218.20,13
2026-06-23T21:47:00Z,44218.20,44238.16,44200.52,44229.32,23
2026-06-23T21:48:00Z,44229.32,44233.74,44214.09,44214.09,24
2026-06-23T21:49:00Z,44214.09,44227.35,44194.42,44203.26,17
2026-06-23T21:50:00Z,44203.26,44216.52,44179.19,44192.44,16
2026-06-23T21:51:00Z,44192.44,44196.85,44186.01,44186.01,14
2026-06-23T21:52:00Z,44186.01,44192.74,44172.76,44192.74,22
2026-06-23T21:53:00Z,44192.74,44217.12,44192.74,44203.86,13
2026-06-23T21:54:00Z,44203.86,44219.46,44195.02,44206.20,13
2026-06-23T21:55:00Z,44206.20,44208.54,44188.52,44208.54,17
2026-06-23T21:56:00Z,44208.54,44219.69,44190.86,44215.27,24
2026-06-23T21:57:00Z,44215.27,44219.69,44200.01,44208.85,12
2026-06-23T21:58:00Z,44208.85,44219.96,44204.43,44219.96,18
2026-06-23T21:59:00Z,44219.96,44248.73,44215.54,44235.46,14
2026-06-23T22:00:00Z,44235.46,44254.04,44235.46,44236.35,11
2026-06-23T22:01:00Z,44236.35,44236.35,44201.87,44219.55,20
2026-06-23T22:02:00Z,44219.55,44223.97,44202.76,44207.18,13
2026-06-23T22:03:00Z,44207.18,44221.34,44198.34,44208.08,21
2026-06-23T22:04:00Z,44208.08,44217.82,44208.08,44217.82,22
2026-06-23T22:05:00Z,44217.82,44236.40,44204.56,44236.40,18
2026-06-23T22:06:00Z,44236.40,44245.24,44228.45,44232.87,19
2026-06-23T22:07:00Z,44232.87,44232.87,44216.08,44224.92,12
2026-06-23T22:08:00Z,44224.92,44225.81,44207.24,44225.81,11
2026-06-23T22:09:00Z,44225.81,44244.40,44225.81,44226.71,15
2026-06-23T22:10:00Z,44226.71,44226.71,44205.50,44218.76,9
2026-06-23T22:11:00Z,44218.76,44246.18,44205.50,44232.92,8
2026-06-23T22:12:00Z,44232.92,44237.34,44224.97,44229.39,13
2026-06-23T22:13:00Z,44229.39,44242.65,44194.91,44194.91,20
2026-06-23T22:14:00Z,44194.91,44194.91,44173.72,44178.13,21
2026-06-23T22:15:00Z,44178.13,44182.54,44152.53,44170.19,16
2026-06-23T22:16:00Z,44170.19,44187.85,44140.18,44140.18,9
2026-06-23T22:17:00Z,44140.18,44163.13,44122.53,44149.89,11
2026-06-23T22:18:00Z,44149.89,44186.10,44132.24,44172.85,19
2026-06-23T22:19:00Z,44172.85,44191.41,44155.19,44173.75,20
2026-06-23T22:20:00Z,44173.75,44182.58,44143.74,44156.98,19
2026-06-23T22:21:00Z,44156.98,44184.36,44139.32,44166.70,23
2026-06-23T22:22:00Z,44166.70,44180.83,44166.70,44176.42,14
2026-06-23T22:23:00Z,44176.42,44212.64,44158.75,44199.39,25
2026-06-23T22:24:00Z,44199.39,44203.80,44187.04,44195.87,20
2026-06-23T22:25:00Z,44195.87,44196.76,44191.46,44196.76,22
2026-06-23T22:26:00Z,44196.76,44219.75,44183.51,44210.91,20
2026-06-23T22:27:00Z,44210.91,44228.59,44172.04,44189.71,12
2026-06-23T22:28:00Z,44189.71,44202.96,44168.53,44177.36,9
2026-06-23T22:29:00Z,44177.36,44222.42,44172.95,44209.16,15
2026-06-23T22:30:00Z,44209.16,44218.00,44183.55,44196.80,16
2026-06-23T22:31:00Z,44196.80,44214.47,44166.78,44171.19,13
2026-06-23T22:32:00Z,44171.19,44216.24,44157.94,44198.57,12
2026-06-23T22:33:00Z,44198.57,44202.98,44186.22,44190.63,24
2026-06-23T22:34:00Z,44190.63,44226.86,44177.38,44209.18,18
2026-06-23T22:35:00Z,44209.18,44213.60,44170.32,44179.15,8
2026-06-23T22:36:00Z,44179.15,44196.82,44149.14,44166.80,16
2026-06-23T22:37:00Z,44166.80,44180.93,44157.97,44176.52,15
2026-06-23T22:38:00Z,44176.52,44189.77,44146.52,44159.76,15
2026-06-23T22:39:00Z,44159.76,44177.42,44134.18,44134.18,14
2026-06-23T22:40:00Z,44134.18,44165.95,44120.94,44152.71,14
2026-06-23T22:41:00Z,44152.71,44157.12,44149.19,44149.19,11
2026-06-23T22:42:00Z,44149.19,44153.60,44136.84,44136.84,11
2026-06-23T22:43:00Z,44136.84,44164.20,44136.84,44146.55,14
2026-06-23T22:44:00Z,44146.55,44169.50,44128.90,44165.09,8
2026-06-23T22:45:00Z,44165.09,44173.92,44139.52,44148.34,15
2026-06-23T22:46:00Z,44148.34,44161.58,44109.53,44127.18,15
2026-06-23T22:47:00Z,44127.18,44136.00,44106.03,44119.26,23
2026-06-23T22:48:00Z,44119.26,44142.20,44114.85,44137.79,14
2026-06-23T22:49:00Z,44137.79,44147.50,44137.79,44147.50,10
2026-06-23T22:50:00Z,44147.50,44174.88,44143.09,44157.22,14
2026-06-23T22:51:00Z,44157.22,44197.83,44148.39,44180.16,16
2026-06-23T22:52:00Z,44180.16,44198.72,44162.49,44185.47,15
2026-06-23T22:53:00Z,44185.47,44186.37,44181.06,44186.37,20
2026-06-23T22:54:00Z,44186.37,44231.43,44168.70,44213.75,19
2026-06-23T22:55:00Z,44213.75,44213.75,44192.56,44192.56,10
2026-06-23T22:56:00Z,44192.56,44197.87,44183.73,44193.46,14
2026-06-23T22:57:00Z,44193.46,44211.13,44185.53,44189.94,23
2026-06-23T22:58:00Z,44189.94,44203.19,44164.34,44182.01,16
2026-06-23T22:59:00Z,44182.01,44190.84,44165.25,44165.25,20
2026-06-23T23:00:00Z,44165.25,44184.25,44165.25,44175.42,11
2026-06-23T23:01:00Z,44175.42,44190.01,44157.75,44176.76,16
2026-06-23T23:02:00Z,44176.76,44178.10,44159.09,44178.10,9
2026-06-23T23:03:00Z,44178.10,44197.11,44173.69,44183.86,23
2026-06-23T23:04:00Z,44183.86,44192.69,44171.96,44180.79,11
2026-06-23T23:05:00Z,44180.79,44213.06,44171.96,44195.39,17
2026-06-23T23:06:00Z,44195.39,44232.11,44177.72,44227.69,24
2026-06-23T23:07:00Z,44227.69,44245.38,44220.20,44224.62,16
2026-06-23T23:08:00Z,44224.62,44224.62,44212.71,44221.55,13
2026-06-23T23:09:00Z,44221.55,44230.39,44200.79,44214.05,18
2026-06-23T23:10:00Z,44214.05,44214.05,44193.29,44206.55,18
2026-06-23T23:11:00Z,44206.55,44224.23,44185.80,44199.05,18
2026-06-23T23:12:00Z,44199.05,44218.08,44194.64,44200.40,13
2026-06-23T23:13:00Z,44200.40,44209.24,44148.68,44157.51,16
2026-06-23T23:14:00Z,44157.51,44166.34,44145.59,44145.59,24
2026-06-23T23:15:00Z,44145.59,44158.83,44111.60,44120.42,17
2026-06-23T23:16:00Z,44120.42,44129.24,44090.87,44108.51,15
2026-06-23T23:17:00Z,44108.51,44117.33,44087.80,44105.44,15
2026-06-23T23:18:00Z,44105.44,44118.67,44084.73,44102.37,19
2026-06-23T23:19:00Z,44102.37,44112.53,44102.37,44103.71,15
2026-06-23T23:20:00Z,44103.71,44109.47,44094.89,44109.47,14
2026-06-23T23:21:00Z,44109.47,44113.88,44097.57,44101.98,24
2026-06-23T23:22:00Z,44101.98,44106.39,44098.91,44098.91,23
2026-06-23T23:23:00Z,44098.91,44098.91,44069.36,44082.58,8
2026-06-23T23:24:00Z,44082.58,44123.64,44069.36,44106.00,12
2026-06-23T23:25:00Z,44106.00,44114.82,44076.44,44085.25,19
2026-06-23T23:26:00Z,44085.25,44085.25,44068.96,44082.18,11
2026-06-23T23:27:00Z,44082.18,44095.40,44057.02,44057.02,16
2026-06-23T23:28:00Z,44057.02,44071.57,44039.40,44058.36,12
2026-06-23T23:29:00Z,44058.36,44075.98,44042.09,44055.30,19
2026-06-23T23:30:00Z,44055.30,44059.70,44003.71,44016.91,22
2026-06-23T23:31:00Z,44016.91,44053.50,44003.71,44035.89,23
2026-06-23T23:32:00Z,44035.89,44035.89,43997.56,44015.16,18
2026-06-23T23:33:00Z,44015.16,44028.36,43985.66,43998.85,16
2026-06-23T23:34:00Z,43998.85,44017.83,43990.06,44017.83,21
2026-06-23T23:35:00Z,44017.83,44035.43,43979.51,43997.10,24
2026-06-23T23:36:00Z,43997.10,43998.44,43992.71,43998.44,14
2026-06-23T23:37:00Z,43998.44,44016.03,43977.76,43990.95,22
2026-06-23T23:38:00Z,43990.95,43995.34,43965.84,43970.23,11
2026-06-23T23:39:00Z,43970.23,43989.16,43957.04,43975.97,18
2026-06-23T23:40:00Z,43975.97,43980.36,43950.90,43964.08,19
2026-06-23T23:41:00Z,43964.08,43972.87,43925.80,43943.37,9
2026-06-23T23:42:00Z,43943.37,43947.76,43927.11,43935.89,13
2026-06-23T23:43:00Z,43935.89,43937.22,43931.50,43937.22,9
2026-06-23T23:44:00Z,43937.22,43946.00,43925.37,43934.15,15
2026-06-23T23:45:00Z,43934.15,43938.54,43909.09,43922.26,19
2026-06-23T23:46:00Z,43922.26,43926.65,43901.63,43919.19,15
2026-06-23T23:47:00Z,43919.19,43919.19,43907.30,43907.30,14
2026-06-23T23:48:00Z,43907.30,43924.86,43882.22,43886.60,9
2026-06-23T23:49:00Z,43886.60,43896.74,43877.83,43896.74,24
2026-06-23T23:50:00Z,43896.74,43901.12,43871.68,43880.45,16
2026-06-23T23:51:00Z,43880.45,43890.55,43867.29,43881.78,19
2026-06-23T23:52:00Z,43881.78,43896.27,43877.40,43883.11,11
2026-06-23T23:53:00Z,43883.11,43883.11,43862.49,43880.04,11
2026-06-23T23:54:00Z,43880.04,43912.20,43862.49,43912.20,12
2026-06-23T23:55:00Z,43912.20,43912.20,43895.92,43900.31,24
2026-06-23T23:56:00Z,43900.31,43914.83,43891.53,43906.05,22
2026-06-23T23:57:00Z,43906.05,43916.18,43888.49,43911.79,19
2026-06-23T23:58:00Z,43911.79,43930.70,43898.62,43917.53,9
2026-06-23T23:59:00Z,43917.53,43954.08,43917.53,43936.51,11
2026-06-24T00:00:00Z,43936.51,43940.90,43908.05,43912.44,14
2026-06-24T00:01:00Z,43912.44,43912.44,43883.99,43883.99,16
2026-06-24T00:02:00Z,43883.99,43892.76,43842.39,43842.39,18
2026-06-24T00:03:00Z,43842.39,43849.06,43829.24,43849.06,8
2026-06-24T00:04:00Z,43849.06,43866.59,43825.04,43842.57,18
2026-06-24T00:05:00Z,43842.57,43842.57,43818.55,43836.08,10
2026-06-24T00:06:00Z,43836.08,43855.90,43818.55,43855.90,16
2026-06-24T00:07:00Z,43855.90,43875.73,43842.75,43858.19,13
2026-06-24T00:08:00Z,43858.19,43913.12,43853.81,43895.57,14
2026-06-24T00:09:00Z,43895.57,43915.41,43886.80,43897.86,13
2026-06-24T00:10:00Z,43897.86,43902.24,43865.03,43882.58,11
2026-06-24T00:11:00Z,43882.58,43911.22,43869.42,43911.22,24
2026-06-24T00:12:00Z,43911.22,43917.90,43906.83,43913.51,12
2026-06-24T00:13:00Z,43913.51,43915.80,43904.73,43915.80,14
2026-06-24T00:14:00Z,43915.80,43926.89,43902.63,43926.89,19
2026-06-24T00:15:00Z,43926.89,43944.46,43907.20,43907.20,19
2026-06-24T00:16:00Z,43907.20,43924.76,43852.40,43865.55,13
2026-06-24T00:17:00Z,43865.55,43869.93,43854.66,43854.66,25
2026-06-24T00:18:00Z,43854.66,43874.49,43850.28,43861.34,24
2026-06-24T00:19:00Z,43861.34,43885.57,43848.19,43872.41,11
2026-06-24T00:20:00Z,43872.41,43879.08,43863.64,43874.70,13
2026-06-24T00:21:00Z,43874.70,43881.38,43865.93,43881.38,14
2026-06-24T00:22:00Z,43881.38,43885.76,43866.12,43874.89,10
2026-06-24T00:23:00Z,43874.89,43892.43,43850.85,43864.00,18
2026-06-24T00:24:00Z,43864.00,43888.24,43864.00,43888.24,9
2026-06-24T00:25:00Z,43888.24,43888.24,43842.23,43855.38,18
2026-06-24T00:26:00Z,43855.38,43855.38,43853.29,43853.29,14
2026-06-24T00:27:00Z,43853.29,43866.44,43811.67,43811.67,20
2026-06-24T00:28:00Z,43811.67,43827.10,43811.67,43818.34,11
2026-06-24T00:29:00Z,43818.34,43818.34,43785.56,43798.69,9
2026-06-24T00:30:00Z,43798.69,43807.44,43774.68,43783.43,13
2026-06-24T00:31:00Z,43783.43,43796.56,43755.06,43772.56,10
2026-06-24T00:32:00Z,43772.56,43814.29,43763.81,43809.91,20
2026-06-24T00:33:00Z,43809.91,43829.72,43792.39,43812.20,18
2026-06-24T00:34:00Z,43812.20,43829.72,43783.80,43796.93,11
2026-06-24T00:35:00Z,43796.93,43814.44,43781.69,43790.44,11
2026-06-24T00:36:00Z,43790.44,43823.41,43777.31,43810.27,13
2026-06-24T00:37:00Z,43810.27,43823.41,43764.33,43781.84,15
2026-06-24T00:38:00Z,43781.84,43801.64,43777.47,43788.51,23
2026-06-24T00:39:00Z,43788.51,43817.09,43784.14,43803.95,20
2026-06-24T00:40:00Z,43803.95,43812.71,43771.17,43788.68,16
2026-06-24T00:41:00Z,43788.68,43793.05,43764.67,43773.42,19
2026-06-24T00:42:00Z,43773.42,43773.42,43745.04,43762.54,17
2026-06-24T00:43:00Z,43762.54,43780.04,43756.07,43760.44,20
2026-06-24T00:44:00Z,43760.44,43773.56,43740.83,43749.57,12
2026-06-24T00:45:00Z,43749.57,43762.69,43743.10,43747.47,22
2026-06-24T00:46:00Z,43747.47,43767.27,43729.98,43758.52,9
2026-06-24T00:47:00Z,43758.52,43771.64,43734.53,43752.03,25
2026-06-24T00:48:00Z,43752.03,43763.09,43747.66,43763.09,16
2026-06-24T00:49:00Z,43763.09,43763.09,43747.84,43752.21,24
2026-06-24T00:50:00Z,43752.21,43758.88,43739.09,43758.88,12
2026-06-24T00:51:00Z,43758.88,43772.00,43756.78,43756.78,14
2026-06-24T00:52:00Z,43756.78,43807.29,43748.03,43789.78,23
2026-06-24T00:53:00Z,43789.78,43818.39,43772.27,43809.63,13
2026-06-24T00:54:00Z,43809.63,43816.31,43796.49,43816.31,11
2026-06-24T00:55:00Z,43816.31,43840.54,43798.79,43831.78,23
2026-06-24T00:56:00Z,43831.78,43840.54,43790.17,43798.92,12
2026-06-24T00:57:00Z,43798.92,43814.36,43798.92,43805.60,24
2026-06-24T00:58:00Z,43805.60,43818.74,43781.59,43799.10,22
2026-06-24T00:59:00Z,43799.10,43845.30,43790.35,43836.54,14
2026-06-24T01:00:00Z,43836.54,43854.07,43800.62,43818.14,25
2026-06-24T01:01:00Z,43818.14,43831.28,43786.62,43804.14,19
2026-06-24T01:02:00Z,43804.14,43821.66,43768.26,43781.39,24
2026-06-24T01:03:00Z,43781.39,43785.76,43780.53,43780.53,18
2026-06-24T01:04:00Z,43780.53,43789.28,43749.05,43766.55,17
2026-06-24T01:05:00Z,43766.55,43779.67,43752.58,43756.95,10
2026-06-24T01:06:00Z,43756.95,43773.59,43752.58,43764.84,19
2026-06-24T01:07:00Z,43764.84,43772.74,43760.47,43772.74,19
2026-06-24T01:08:00Z,43772.74,43785.87,43750.02,43763.14,24
2026-06-24T01:09:00Z,43763.14,43767.51,43757.92,43757.92,19
2026-06-24T01:10:00Z,43757.92,43771.04,43722.08,43735.20,23
2026-06-24T01:11:00Z,43735.20,43743.94,43729.99,43729.99,16
2026-06-24T01:12:00Z,43729.99,43737.89,43729.99,43733.52,10
2026-06-24T01:13:00Z,43733.52,43758.89,43724.78,43750.14,17
2026-06-24T01:14:00Z,43750.14,43763.26,43736.17,43749.29,14
2026-06-24T01:15:00Z,43749.29,43770.29,43736.17,43765.92,20
2026-06-24T01:16:00Z,43765.92,43779.04,43725.72,43738.84,22
2026-06-24T01:17:00Z,43738.84,43756.33,43729.26,43733.63,20
2026-06-24T01:18:00Z,43733.63,43741.53,43720.51,43737.16,22
2026-06-24T01:19:00Z,43737.16,43766.89,43728.42,43766.89,19
2026-06-24T01:20:00Z,43766.89,43775.64,43761.67,43761.67,22
2026-06-24T01:21:00Z,43761.67,43778.30,43757.30,43778.30,14
2026-06-24T01:22:00Z,43778.30,43803.70,43773.93,43790.57,12
2026-06-24T01:23:00Z,43790.57,43790.57,43767.83,43785.34,22
2026-06-24T01:24:00Z,43785.34,43802.85,43775.75,43780.12,24
2026-06-24T01:25:00Z,43780.12,43796.75,43766.99,43792.38,13
2026-06-24T01:26:00Z,43792.38,43804.64,43783.63,43804.64,9
2026-06-24T01:27:00Z,43804.64,43809.02,43777.56,43786.31,9
2026-06-24T01:28:00Z,43786.31,43816.07,43768.80,43807.31,18
2026-06-24T01:29:00Z,43807.31,43815.21,43789.79,43815.21,22
2026-06-24T01:30:00Z,43815.21,43840.62,43806.45,43823.10,13
2026-06-24T01:31:00Z,43823.10,43826.63,43805.58,43826.63,8
2026-06-24T01:32:00Z,43826.63,43843.28,43822.25,43838.90,21
2026-06-24T01:33:00Z,43838.90,43881.82,43825.75,43864.28,25
2026-06-24T01:34:00Z,43864.28,43885.32,43864.28,43876.55,20
2026-06-24T01:35:00Z,43876.55,43876.55,43866.95,43866.95,18
2026-06-24T01:36:00Z,43866.95,43866.95,43835.43,43852.97,23
2026-06-24T01:37:00Z,43852.97,43887.10,43839.82,43887.10,24
2026-06-24T01:38:00Z,43887.10,43900.26,43846.83,43864.37,24
2026-06-24T01:39:00Z,43864.37,43876.67,43855.60,43867.90,13
2026-06-24T01:40:00Z,43867.90,43884.54,43854.74,43880.16,11
2026-06-24T01:41:00Z,43880.16,43923.10,43862.61,43909.93,13
2026-06-24T01:42:00Z,43909.93,43926.58,43901.15,43926.58,17
2026-06-24T01:43:00Z,43926.58,43947.67,43917.80,43930.10,22
2026-06-24T01:44:00Z,43930.10,43947.67,43907.35,43911.74,9
2026-06-24T01:45:00Z,43911.74,43959.07,43907.35,43945.89,18
2026-06-24T01:46:00Z,43945.89,43975.74,43941.50,43958.16,19
2026-06-24T01:47:00Z,43958.16,43966.95,43944.13,43957.31,25
2026-06-24T01:48:00Z,43957.31,43982.78,43939.73,43969.59,15
2026-06-24T01:49:00Z,43969.59,43982.78,43959.97,43964.36,11
2026-06-24T01:50:00Z,43964.36,43968.75,43954.74,43954.74,8
2026-06-24T01:51:00Z,43954.74,43954.74,43923.19,43940.76,20
2026-06-24T01:52:00Z,43940.76,43949.54,43931.14,43935.53,19
2026-06-24T01:53:00Z,43935.53,43953.10,43895.27,43904.05,23
2026-06-24T01:54:00Z,43904.05,43917.22,43885.64,43903.20,17
2026-06-24T01:55:00Z,43903.20,43920.76,43889.23,43893.61,22
2026-06-24T01:56:00Z,43893.61,43911.16,43879.64,43884.02,18
2026-06-24T01:57:00Z,43884.02,43897.18,43874.43,43878.81,24
2026-06-24T01:58:00Z,43878.81,43891.11,43861.26,43882.34,23
2026-06-24T01:59:00Z,43882.34,43899.03,43877.96,43885.87,20
2026-06-24T02:00:00Z,43885.87,43890.25,43870.90,43875.28,13
2026-06-24T02:01:00Z,43875.28,43879.66,43873.48,43873.48,10
2026-06-24T02:02:00Z,43873.48,43882.25,43827.81,43845.34,12
2026-06-24T02:03:00Z,43845.34,43845.34,43817.23,43834.76,11
2026-06-24T02:04:00Z,43834.76,43863.63,43834.76,43846.10,15
2026-06-24T02:05:00Z,43846.10,43846.10,43826.76,43839.91,16
2026-06-24T02:06:00Z,43839.91,43855.63,43831.15,43842.48,19
2026-06-24T02:07:00Z,43842.48,43842.48,43827.53,43840.68,22
2026-06-24T02:08:00Z,43840.68,43858.21,43821.33,43825.71,8
2026-06-24T02:09:00Z,43825.71,43832.67,43816.95,43828.29,16
2026-06-24T02:10:00Z,43828.29,43857.16,43810.76,43839.63,19
2026-06-24T02:11:00Z,43839.63,43848.39,43793.99,43811.51,19
2026-06-24T02:12:00Z,43811.51,43829.03,43809.70,43809.70,11
2026-06-24T02:13:00Z,43809.70,43829.80,43805.32,43821.04,20
2026-06-24T02:14:00Z,43821.04,43849.91,43807.90,43832.38,10
2026-06-24T02:15:00Z,43832.38,43845.52,43799.89,43813.03,18
2026-06-24T02:16:00Z,43813.03,43846.28,43799.89,43833.14,20
2026-06-24T02:17:00Z,43833.14,43848.87,43815.61,43840.11,11
2026-06-24T02:18:00Z,43840.11,43855.84,43831.35,43855.84,9
2026-06-24T02:19:00Z,43855.84,43897.92,43851.46,43880.37,21
2026-06-24T02:20:00Z,43880.37,43889.14,43865.40,43878.56,14
2026-06-24T02:21:00Z,43878.56,43896.11,43872.38,43876.76,23
2026-06-24T02:22:00Z,43876.76,43876.76,43861.79,43874.95,9
2026-06-24T02:23:00Z,43874.95,43895.09,43861.79,43877.54,10
2026-06-24T02:24:00Z,43877.54,43910.86,43868.77,43906.47,24
2026-06-24T02:25:00Z,43906.47,43939.81,43888.91,43922.25,16
2026-06-24T02:26:00Z,43922.25,43946.80,43917.86,43929.23,17
2026-06-24T02:27:00Z,43929.23,43949.40,43911.66,43940.62,16
2026-06-24T02:28:00Z,43940.62,43953.80,43894.84,43908.01,11
2026-06-24T02:29:00Z,43908.01,43916.79,43853.50,43871.04,23
2026-06-24T02:30:00Z,43871.04,43875.42,43860.44,43860.44,24
2026-06-24T02:31:00Z,43860.44,43860.44,43858.64,43858.64,12
2026-06-24T02:32:00Z,43858.64,43887.54,43858.64,43870.00,24
2026-06-24T02:33:00Z,43870.00,43876.97,43865.62,43872.59,12
2026-06-24T02:34:00Z,43872.59,43901.51,43868.21,43888.35,9
2026-06-24T02:35:00Z,43888.35,43926.10,43870.80,43921.71,14
2026-06-24T02:36:00Z,43921.71,43933.08,43904.15,43928.69,12
2026-06-24T02:37:00Z,43928.69,43979.66,43928.69,43966.48,20
2026-06-24T02:38:00Z,43966.48,43973.47,43966.48,43973.47,12
2026-06-24T02:39:00Z,43973.47,43998.07,43973.47,43989.28,14
2026-06-24T02:40:00Z,43989.28,44013.89,43984.89,44005.09,25
2026-06-24T02:41:00Z,44005.09,44022.69,43976.86,43981.25,24
2026-06-24T02:42:00Z,43981.25,44014.67,43981.25,44005.87,21
2026-06-24T02:43:00Z,44005.87,44014.67,43964.43,43982.02,21
2026-06-24T02:44:00Z,43982.02,43995.21,43962.58,43962.58,13
2026-06-24T02:45:00Z,43962.58,43982.78,43949.40,43973.99,17
2026-06-24T02:46:00Z,43973.99,43985.39,43956.41,43985.39,17
2026-06-24T02:47:00Z,43985.39,43996.79,43981.00,43992.40,21
2026-06-24T02:48:00Z,43992.40,44005.59,43946.55,43959.73,11
2026-06-24T02:49:00Z,43959.73,43977.31,43940.34,43953.52,20
2026-06-24T02:50:00Z,43953.52,43969.29,43935.94,43956.11,22
2026-06-24T02:51:00Z,43956.11,43960.50,43941.12,43949.90,18
2026-06-24T02:52:00Z,43949.90,43967.47,43939.28,43939.28,23
2026-06-24T02:53:00Z,43939.28,43959.48,43934.89,43950.69,18
2026-06-24T02:54:00Z,43950.69,43968.27,43926.89,43940.07,24
2026-06-24T02:55:00Z,43940.07,43940.07,43916.25,43916.25,14
2026-06-24T02:56:00Z,43916.25,43920.64,43892.45,43901.23,24
2026-06-24T02:57:00Z,43901.23,43921.40,43901.23,43908.23,22
2026-06-24T02:58:00Z,43908.23,43921.40,43871.25,43884.41,24
2026-06-24T02:59:00Z,43884.41,43888.79,43865.05,43878.21,10
2026-06-24T03:00:00Z,43878.21,43882.59,43860.82,43860.82,24
2026-06-24T03:01:00Z,43860.82,43891.68,43847.67,43874.14,22
2026-06-24T03:02:00Z,43874.14,43878.52,43826.06,43843.59,24
2026-06-24T03:03:00Z,43843.59,43861.29,43826.06,43848.14,11
2026-06-24T03:04:00Z,43848.14,43852.69,43834.99,43852.69,12
2026-06-24T03:05:00Z,43852.69,43857.24,43839.54,43857.24,17
2026-06-24T03:06:00Z,43857.24,43857.24,43835.48,43853.02,24
2026-06-24T03:07:00Z,43853.02,43888.28,43839.87,43879.51,24
2026-06-24T03:08:00Z,43879.51,43888.28,43844.58,43862.12,22
2026-06-24T03:09:00Z,43862.12,43866.50,43853.52,43857.90,11
2026-06-24T03:10:00Z,43857.90,43862.45,43853.52,43858.07,18
2026-06-24T03:11:00Z,43858.07,43880.16,43853.69,43875.78,19
2026-06-24T03:12:00Z,43875.78,43875.78,43849.63,43858.40,8
2026-06-24T03:13:00Z,43858.40,43875.94,43841.03,43854.18,17
2026-06-24T03:14:00Z,43854.18,43858.74,43854.18,43854.36,17
2026-06-24T03:15:00Z,43854.36,43872.06,43841.21,43867.68,12
2026-06-24T03:16:00Z,43867.68,43894.16,43858.91,43881.00,21
2026-06-24T03:17:00Z,43881.00,43889.77,43872.39,43872.39,19
2026-06-24T03:18:00Z,43872.39,43890.10,43859.23,43885.72,21
2026-06-24T03:19:00Z,43885.72,43890.10,43863.95,43881.50,21
2026-06-24T03:20:00Z,43881.50,43899.22,43863.95,43899.22,19
2026-06-24T03:21:00Z,43899.22,43907.99,43868.67,43881.83,15
2026-06-24T03:22:00Z,43881.83,43881.83,43855.68,43868.84,15
2026-06-24T03:23:00Z,43868.84,43877.61,43842.69,43847.07,17
2026-06-24T03:24:00Z,43847.07,43864.77,43842.69,43847.24,11
2026-06-24T03:25:00Z,43847.24,43860.39,43803.57,43816.71,13
2026-06-24T03:26:00Z,43816.71,43856.31,43807.95,43838.78,25
2026-06-24T03:27:00Z,43838.78,43843.33,43825.63,43838.95,17
2026-06-24T03:28:00Z,43838.95,43843.33,43821.58,43834.73,13
2026-06-24T03:29:00Z,43834.73,43847.88,43808.61,43817.37,22
2026-06-24T03:30:00Z,43817.37,43843.83,43812.99,43826.30,8
2026-06-24T03:31:00Z,43826.30,43830.68,43782.66,43791.41,21
2026-06-24T03:32:00Z,43791.41,43809.09,43791.41,43809.09,24
2026-06-24T03:33:00Z,43809.09,43813.47,43782.98,43791.73,16
2026-06-24T03:34:00Z,43791.73,43835.69,43791.73,43818.17,10
2026-06-24T03:35:00Z,43818.17,43827.10,43800.65,43818.34,14
2026-06-24T03:36:00Z,43818.34,43818.34,43787.84,43805.36,9
2026-06-24T03:37:00Z,43805.36,43823.06,43792.22,43805.54,23
2026-06-24T03:38:00Z,43805.54,43823.22,43792.40,43810.08,25
2026-06-24T03:39:00Z,43810.08,43823.39,43801.32,43814.63,9
2026-06-24T03:40:00Z,43814.63,43827.94,43801.49,43819.18,11
2026-06-24T03:41:00Z,43819.18,43836.87,43810.42,43828.11,14
2026-06-24T03:42:00Z,43828.11,43837.04,43810.58,43837.04,13
2026-06-24T03:43:00Z,43837.04,43867.89,43832.66,43859.12,23
2026-06-24T03:44:00Z,43859.12,43885.61,43854.74,43868.07,19
2026-06-24T03:45:00Z,43868.07,43885.78,43854.91,43885.78,11
2026-06-24T03:46:00Z,43885.78,43903.33,43850.85,43859.62,22
2026-06-24T03:47:00Z,43859.62,43868.55,43846.47,43864.17,18
2026-06-24T03:48:00Z,43864.17,43868.55,43833.64,43846.79,19
2026-06-24T03:49:00Z,43846.79,43859.94,43820.66,43829.42,20
2026-06-24T03:50:00Z,43829.42,43838.18,43812.06,43825.20,10
2026-06-24T03:51:00Z,43825.20,43833.96,43794.70,43812.22,19
2026-06-24T03:52:00Z,43812.22,43834.30,43812.22,43825.54,17
2026-06-24T03:53:00Z,43825.54,43825.71,43812.40,43825.71,19
2026-06-24T03:54:00Z,43825.71,43847.78,43808.18,43839.02,16
2026-06-24T03:55:00Z,43839.02,43856.72,43830.26,43843.57,13
2026-06-24T03:56:00Z,43843.57,43843.57,43808.67,43813.05,10
2026-06-24T03:57:00Z,43813.05,43826.36,43808.67,43813.22,15
2026-06-24T03:58:00Z,43813.22,43835.29,43808.84,43826.53,22
2026-06-24T03:59:00Z,43826.53,43826.53,43813.56,43817.94,15
2026-06-24T04:00:00Z,43817.94,43831.24,43809.18,43826.86,12
2026-06-24T04:01:00Z,43826.86,43840.16,43813.72,43835.78,11
2026-06-24T04:02:00Z,43835.78,43862.23,43831.40,43853.46,14
2026-06-24T04:03:00Z,43853.46,43871.16,43849.08,43862.39,21
2026-06-24T04:04:00Z,43862.39,43897.62,43844.85,43888.85,8
2026-06-24T04:05:00Z,43888.85,43906.40,43871.45,43884.61,15
2026-06-24T04:06:00Z,43884.61,43884.61,43871.60,43871.60,15
2026-06-24T04:07:00Z,43871.60,43871.76,43871.60,43871.76,13
2026-06-24T04:08:00Z,43871.76,43884.92,43863.14,43863.14,13
2026-06-24T04:09:00Z,43863.14,43893.99,43845.60,43876.44,17
2026-06-24T04:10:00Z,43876.44,43880.82,43841.53,43854.68,23
2026-06-24T04:11:00Z,43854.68,43885.52,43850.30,43876.75,22
2026-06-24T04:12:00Z,43876.75,43881.29,43859.20,43881.29,18
2026-06-24T04:13:00Z,43881.29,43929.66,43876.91,43925.27,20
2026-06-24T04:14:00Z,43925.27,43929.66,43903.49,43907.88,13
2026-06-24T04:15:00Z,43907.88,43916.66,43894.88,43894.88,17
2026-06-24T04:16:00Z,43894.88,43895.03,43881.72,43895.03,14
2026-06-24T04:17:00Z,43895.03,43908.19,43882.04,43886.42,19
2026-06-24T04:18:00Z,43886.42,43912.89,43882.04,43904.11,10
2026-06-24T04:19:00Z,43904.11,43930.57,43895.33,43921.79,14
2026-06-24T04:20:00Z,43921.79,43943.88,43908.62,43930.71,24
2026-06-24T04:21:00Z,43930.71,43943.88,43913.33,43913.33,21
2026-06-24T04:22:00Z,43913.33,43913.49,43900.16,43913.49,20
2026-06-24T04:23:00Z,43913.49,43917.88,43896.10,43904.88,19
2026-06-24T04:24:00Z,43904.88,43918.18,43900.49,43913.79,19
2026-06-24T04:25:00Z,43913.79,43922.72,43896.23,43913.94,12
2026-06-24T04:26:00Z,43913.94,43931.66,43909.55,43918.49,15
2026-06-24T04:27:00Z,43918.49,43918.49,43914.27,43914.27,16
2026-06-24T04:28:00Z,43914.27,43940.70,43909.88,43940.70,13
2026-06-24T04:29:00Z,43940.70,43949.48,43932.10,43932.10,24
2026-06-24T04:30:00Z,43932.10,43954.19,43918.93,43941.01,16
2026-06-24T04:31:00Z,43941.01,43958.73,43932.23,43941.16,10
2026-06-24T04:32:00Z,43941.16,43958.84,43927.98,43954.45,18
2026-06-24T04:33:00Z,43954.45,43954.45,43941.47,43941.47,19
2026-06-24T04:34:00Z,43941.47,43976.69,43932.69,43967.90,14
2026-06-24T04:35:00Z,43967.90,43981.09,43946.09,43963.67,10
2026-06-24T04:36:00Z,43963.67,43985.78,43954.88,43972.59,23
2026-06-24T04:37:00Z,43972.59,43990.17,43946.43,43959.61,22
2026-06-24T04:38:00Z,43959.61,43968.56,43942.03,43959.77,14
2026-06-24T04:39:00Z,43959.77,43972.95,43942.38,43951.17,21
2026-06-24T04:40:00Z,43951.17,43951.17,43929.39,43942.57,22
2026-06-24T04:41:00Z,43942.57,43960.14,43907.67,43925.24,14
2026-06-24T04:42:00Z,43925.24,43929.63,43894.72,43912.28,18
2026-06-24T04:43:00Z,43912.28,43929.84,43890.56,43899.33,13
2026-06-24T04:44:00Z,43899.33,43938.91,43890.56,43921.35,20
2026-06-24T04:45:00Z,43921.35,43939.06,43912.57,43925.89,14
2026-06-24T04:46:00Z,43925.89,43943.46,43908.55,43912.94,9
2026-06-24T04:47:00Z,43912.94,43917.33,43891.20,43904.37,12
2026-06-24T04:48:00Z,43904.37,43913.15,43878.32,43882.70,16
2026-06-24T04:49:00Z,43882.70,43891.47,43830.41,43847.94,22
2026-06-24T04:50:00Z,43847.94,43852.32,43826.28,43830.66,12
2026-06-24T04:51:00Z,43830.66,43852.63,43817.52,43852.63,15
2026-06-24T04:52:00Z,43852.63,43852.63,43826.64,43826.64,16
2026-06-24T04:53:00Z,43826.64,43857.40,43809.11,43844.25,22
2026-06-24T04:54:00Z,43844.25,43866.27,43839.87,43857.50,15
2026-06-24T04:55:00Z,43857.50,43875.04,43822.72,43835.87,13
2026-06-24T04:56:00Z,43835.87,43849.02,43814.20,43827.34,10
2026-06-24T04:57:00Z,43827.34,43858.02,43809.81,43858.02,18
2026-06-24T04:58:00Z,43858.02,43875.56,43818.92,43827.68,9
2026-06-24T04:59:00Z,43827.68,43854.11,43810.15,43836.58,23
2026-06-24T05:00:00Z,43836.58,43862.82,43827.82,43845.29,22
2026-06-24T05:01:00Z,43845.29,43862.82,43814.55,43818.93,18
2026-06-24T05:02:00Z,43818.93,43827.69,43779.46,43796.97,21
2026-06-24T05:03:00Z,43796.97,43810.10,43788.18,43792.55,24
2026-06-24T05:04:00Z,43792.55,43818.77,43783.80,43810.01,20
2026-06-24T05:05:00Z,43810.01,43827.53,43809.96,43809.96,15
2026-06-24T05:06:00Z,43809.96,43818.72,43779.26,43783.63,9
2026-06-24T05:07:00Z,43783.63,43801.08,43770.50,43796.71,15
2026-06-24T05:08:00Z,43796.71,43805.46,43787.91,43792.28,9
2026-06-24T05:09:00Z,43792.28,43809.79,43779.11,43783.48,21
2026-06-24T05:10:00Z,43783.48,43796.61,43748.41,43765.91,16
2026-06-24T05:11:00Z,43765.91,43774.66,43743.97,43743.97,13
2026-06-24T05:12:00Z,43743.97,43770.17,43743.97,43752.67,16
2026-06-24T05:13:00Z,43752.67,43770.17,43739.50,43748.24,20
2026-06-24T05:14:00Z,43748.24,43778.81,43743.87,43778.81,12
2026-06-24T05:15:00Z,43778.81,43783.18,43770.02,43778.77,23
2026-06-24T05:16:00Z,43778.77,43791.90,43761.21,43778.72,18
2026-06-24T05:17:00Z,43778.72,43783.09,43752.40,43761.15,13
2026-06-24T05:18:00Z,43761.15,43782.98,43756.78,43778.61,18
2026-06-24T05:19:00Z,43778.61,43813.58,43778.61,43796.07,16
2026-06-24T05:20:00Z,43796.07,43835.43,43787.32,43826.67,20
2026-06-24T05:21:00Z,43826.67,43844.20,43804.71,43813.47,13
2026-06-24T05:22:00Z,43813.47,43817.85,43809.04,43809.04,21
2026-06-24T05:23:00Z,43809.04,43817.80,43769.57,43787.08,22
2026-06-24T05:24:00Z,43787.08,43804.59,43760.75,43760.75,19
2026-06-24T05:25:00Z,43760.75,43773.83,43752.00,43765.08,18
2026-06-24T05:26:00Z,43765.08,43795.65,43751.96,43791.28,14
2026-06-24T05:27:00Z,43791.28,43808.74,43791.28,43804.36,25
2026-06-24T05:28:00Z,43804.36,43834.98,43786.84,43817.46,14
2026-06-24T05:29:00Z,43817.46,43839.31,43817.46,43826.17,12
2026-06-24T05:30:00Z,43826.17,43839.26,43817.41,43830.50,22
2026-06-24T05:31:00Z,43830.50,43839.26,43799.77,43799.77,23
2026-06-24T05:32:00Z,43799.77,43821.62,43782.26,43804.10,24
2026-06-24T05:33:00Z,43804.10,43843.47,43799.72,43830.33,18
2026-06-24T05:34:00Z,43830.33,43839.09,43812.76,43830.29,10
2026-06-24T05:35:00Z,43830.29,43834.67,43825.85,43825.85,12
2026-06-24T05:36:00Z,43825.85,43838.99,43803.88,43803.88,25
2026-06-24T05:37:00Z,43803.88,43812.60,43799.50,43808.22,15
2026-06-24T05:38:00Z,43808.22,43812.60,43790.65,43799.40,22
2026-06-24T05:39:00Z,43799.40,43812.53,43781.84,43799.35,22
2026-06-24T05:40:00Z,43799.35,43834.34,43781.84,43816.82,25
2026-06-24T05:41:00Z,43816.82,43838.68,43799.30,43829.92,21
2026-06-24T05:42:00Z,43829.92,43843.01,43829.92,43838.63,24
2026-06-24T05:43:00Z,43838.63,43882.42,43821.10,43864.88,14
2026-06-24T05:44:00Z,43864.88,43882.42,43842.91,43856.06,22
2026-06-24T05:45:00Z,43856.06,43886.71,43838.52,43873.55,13
2026-06-24T05:46:00Z,43873.55,43882.26,43856.01,43877.88,13
2026-06-24T05:47:00Z,43877.88,43886.60,43877.88,43882.22,15
2026-06-24T05:48:00Z,43882.22,43899.77,43829.53,43847.06,16
2026-06-24T05:49:00Z,43847.06,43847.06,43816.32,43833.85,12
2026-06-24T05:50:00Z,43833.85,43855.72,43829.47,43838.19,17
2026-06-24T05:51:00Z,43838.19,43838.19,43798.69,43811.83,17
2026-06-24T05:52:00Z,43811.83,43816.21,43789.87,43807.39,11
2026-06-24T05:53:00Z,43807.39,43824.87,43798.63,43820.49,25
2026-06-24T05:54:00Z,43820.49,43833.58,43820.49,43824.82,12
2026-06-24T05:55:00Z,43824.82,43824.82,43807.24,43820.38,19
2026-06-24T05:56:00Z,43820.38,43833.52,43798.43,43807.19,12
2026-06-24T05:57:00Z,43807.19,43811.57,43807.14,43807.14,10
2026-06-24T05:58:00Z,43807.14,43833.37,43802.76,43815.85,10
2026-06-24T05:59:00Z,43815.85,43833.33,43798.33,43820.19,11
2026-06-24T06:00:00Z,43820.19,43832.47,43807.05,43828.09,18
2026-06-24T06:01:00Z,43828.09,43828.09,43809.70,43822.84,10
2026-06-24T06:02:00Z,43822.84,43831.60,43817.60,43817.60,19
2026-06-24T06:03:00Z,43817.60,43830.74,43807.97,43812.35,20
2026-06-24T06:04:00Z,43812.35,43825.49,43789.59,43802.73,23
2026-06-24T06:05:00Z,43802.73,43823.77,43802.73,43810.63,8
2026-06-24T06:06:00Z,43810.63,43828.15,43796.63,43801.01,9
2026-06-24T06:07:00Z,43801.01,43818.53,43791.40,43795.77,11
2026-06-24T06:08:00Z,43795.77,43816.81,43795.77,43812.43,15
2026-06-24T06:09:00Z,43812.43,43820.33,43812.43,43815.95,22
2026-06-24T06:10:00Z,43815.95,43858.89,43815.95,43841.36,10
2026-06-24T06:11:00Z,43841.36,43879.94,43841.36,43871.17,20
2026-06-24T06:12:00Z,43871.17,43896.60,43858.01,43887.83,23
2026-06-24T06:13:00Z,43887.83,43908.90,43883.45,43891.35,21
2026-06-24T06:14:00Z,43891.35,43891.35,43851.03,43868.57,23
2026-06-24T06:15:00Z,43868.57,43872.95,43867.70,43867.70,20
2026-06-24T06:16:00Z,43867.70,43885.24,43853.68,43862.45,20
2026-06-24T06:17:00Z,43862.45,43870.36,43844.91,43865.98,22
2026-06-24T06:18:00Z,43865.98,43865.98,43838.81,43856.35,23
2026-06-24T06:19:00Z,43856.35,43869.50,43816.08,43820.46,12
2026-06-24T06:20:00Z,43820.46,43859.00,43802.94,43841.47,21
2026-06-24T06:21:00Z,43841.47,43850.23,43809.96,43818.72,10
2026-06-24T06:22:00Z,43818.72,43831.86,43809.12,43813.50,23
2026-06-24T06:23:00Z,43813.50,43817.02,43813.50,43817.02,19
2026-06-24T06:24:00Z,43817.02,43834.54,43781.16,43798.67,24
2026-06-24T06:25:00Z,43798.67,43811.80,43780.31,43797.82,14
2026-06-24T06:26:00Z,43797.82,43814.46,43780.31,43810.08,9
2026-06-24T06:27:00Z,43810.08,43814.46,43782.99,43791.74,10
2026-06-24T06:28:00Z,43791.74,43800.49,43769.04,43777.79,18
2026-06-24T06:29:00Z,43777.79,43798.79,43769.04,43790.04,20
2026-06-24T06:30:00Z,43790.04,43807.55,43754.21,43771.71,22
2026-06-24T06:31:00Z,43771.71,43792.73,43771.71,43779.60,8
2026-06-24T06:32:00Z,43779.60,43804.99,43770.85,43787.48,14
2026-06-24T06:33:00Z,43787.48,43804.10,43774.35,43804.10,15
2026-06-24T06:34:00Z,43804.10,43817.24,43781.39,43794.52,9
2026-06-24T06:35:00Z,43794.52,43811.14,43794.52,43811.14,15
2026-06-24T06:36:00Z,43811.14,43849.63,43793.62,43840.87,10
2026-06-24T06:37:00Z,43840.87,43848.77,43827.72,43848.77,20
2026-06-24T06:38:00Z,43848.77,43878.57,43831.24,43861.03,13
2026-06-24T06:39:00Z,43861.03,43878.57,43847.03,43860.18,9
2026-06-24T06:40:00Z,43860.18,43868.08,43851.41,43863.70,8
2026-06-24T06:41:00Z,43863.70,43880.34,43863.70,43875.96,12
2026-06-24T06:42:00Z,43875.96,43888.26,43867.19,43879.49,18
2026-06-24T06:43:00Z,43879.49,43896.15,43870.72,43887.38,13
2026-06-24T06:44:00Z,43887.38,43891.76,43873.40,43873.40,13
2026-06-24T06:45:00Z,43873.40,43907.59,43855.86,43890.04,23
2026-06-24T06:46:00Z,43890.04,43894.42,43862.90,43876.06,21
2026-06-24T06:47:00Z,43876.06,43893.61,43853.34,43857.72,14
2026-06-24T06:48:00Z,43857.72,43875.26,43848.14,43848.14,22
2026-06-24T06:49:00Z,43848.14,43861.29,43834.18,43834.18,15
2026-06-24T06:50:00Z,43834.18,43859.59,43825.42,43842.06,11
2026-06-24T06:51:00Z,43842.06,43863.09,43828.91,43854.32,21
2026-06-24T06:52:00Z,43854.32,43867.47,43840.32,43853.47,25
2026-06-24T06:53:00Z,43853.47,43857.85,43848.25,43848.25,12
2026-06-24T06:54:00Z,43848.25,43864.89,43848.25,43860.51,16
2026-06-24T06:55:00Z,43860.51,43864.03,43842.97,43864.03,16
2026-06-24T06:56:00Z,43864.03,43868.41,43836.96,43841.34,10
2026-06-24T06:57:00Z,43841.34,43841.34,43818.63,43831.77,21
2026-06-24T06:58:00Z,43831.77,43836.15,43809.03,43826.56,13
2026-06-24T06:59:00Z,43826.56,43843.21,43817.80,43834.45,23
2026-06-24T07:00:00Z,43834.45,43838.83,43815.25,43815.25,23
2026-06-24T07:01:00Z,43815.25,43832.77,43804.83,43809.21,18
2026-06-24T07:02:00Z,43809.21,43817.97,43763.76,43776.89,19
2026-06-24T07:03:00Z,43776.89,43776.89,43731.48,43748.97,14
2026-06-24T07:04:00Z,43748.97,43764.82,43735.85,43756.07,23
2026-06-24T07:05:00Z,43756.07,43764.82,43728.17,43745.66,16
2026-06-24T07:06:00Z,43745.66,43763.15,43739.64,43744.01,19
2026-06-24T07:07:00Z,43744.01,43746.73,43730.89,43746.73,23
2026-06-24T07:08:00Z,43746.73,43780.08,43746.73,43771.33,19
2026-06-24T07:09:00Z,43771.33,43775.70,43769.68,43769.68,15
2026-06-24T07:10:00Z,43769.68,43807.42,43765.31,43789.91,11
2026-06-24T07:11:00Z,43789.91,43789.91,43757.60,43775.11,23
2026-06-24T07:12:00Z,43775.11,43790.96,43775.11,43786.59,23
2026-06-24T07:13:00Z,43786.59,43806.83,43773.46,43798.08,8
2026-06-24T07:14:00Z,43798.08,43798.08,43765.77,43778.90,19
2026-06-24T07:15:00Z,43778.90,43783.27,43764.11,43772.86,21
2026-06-24T07:16:00Z,43772.86,43781.61,43758.08,43762.45,21
2026-06-24T07:17:00Z,43762.45,43771.20,43756.42,43756.42,23
2026-06-24T07:18:00Z,43756.42,43767.89,43756.42,43759.14,18
2026-06-24T07:19:00Z,43759.14,43761.86,43754.77,43761.86,10
2026-06-24T07:20:00Z,43761.86,43795.22,43757.49,43782.09,14
2026-06-24T07:21:00Z,43782.09,43782.09,43749.76,43749.76,18
2026-06-24T07:22:00Z,43749.76,43765.60,43732.27,43752.48,15
2026-06-24T07:23:00Z,43752.48,43790.22,43734.98,43772.72,11
2026-06-24T07:24:00Z,43772.72,43806.10,43759.59,43788.59,20
2026-06-24T07:25:00Z,43788.59,43821.99,43788.59,43808.85,24
2026-06-24T07:26:00Z,43808.85,43821.99,43776.50,43776.50,13
2026-06-24T07:27:00Z,43776.50,43787.98,43758.99,43779.23,12
2026-06-24T07:28:00Z,43779.23,43808.24,43761.72,43795.11,12
2026-06-24T07:29:00Z,43795.11,43824.13,43795.11,43806.61,19
2026-06-24T07:30:00Z,43806.61,43853.17,43806.61,43835.64,13
2026-06-24T07:31:00Z,43835.64,43835.64,43825.21,43825.21,21
2026-06-24T07:32:00Z,43825.21,43838.35,43788.48,43801.62,19
2026-06-24T07:33:00Z,43801.62,43810.38,43764.91,43778.04,20
2026-06-24T07:34:00Z,43778.04,43795.55,43776.39,43776.39,23
2026-06-24T07:35:00Z,43776.39,43789.52,43748.47,43765.97,24
2026-06-24T07:36:00Z,43765.97,43765.97,43759.95,43764.32,22
2026-06-24T07:37:00Z,43764.32,43777.44,43758.30,43762.67,19
2026-06-24T07:38:00Z,43762.67,43782.90,43745.17,43765.40,18
2026-06-24T07:39:00Z,43765.40,43794.40,43761.03,43776.89,22
2026-06-24T07:40:00Z,43776.89,43790.02,43731.41,43744.53,20
2026-06-24T07:41:00Z,43744.53,43744.53,43725.37,43734.11,21
2026-06-24T07:42:00Z,43734.11,43747.23,43693.07,43710.55,10
2026-06-24T07:43:00Z,43710.55,43743.90,43706.18,43730.79,23
2026-06-24T07:44:00Z,43730.79,43751.03,43722.05,43746.66,17
2026-06-24T07:45:00Z,43746.66,43766.88,43729.17,43749.39,16
2026-06-24T07:46:00Z,43749.39,43758.13,43734.59,43734.59,12
2026-06-24T07:47:00Z,43734.59,43759.20,43717.10,43746.08,24
2026-06-24T07:48:00Z,43746.08,43754.82,43722.54,43731.28,12
2026-06-24T07:49:00Z,43731.28,43755.89,43713.79,43747.15,18
2026-06-24T07:50:00Z,43747.15,43754.25,43742.78,43754.25,18
2026-06-24T07:51:00Z,43754.25,43763.00,43717.57,43730.68,20
2026-06-24T07:52:00Z,43730.68,43739.42,43707.13,43711.50,17
2026-06-24T07:53:00Z,43711.50,43720.24,43670.48,43687.95,24
2026-06-24T07:54:00Z,43687.95,43699.43,43683.59,43699.43,24
2026-06-24T07:55:00Z,43699.43,43712.53,43662.79,43680.26,12
2026-06-24T07:56:00Z,43680.26,43684.62,43669.87,43674.23,24
2026-06-24T07:57:00Z,43674.23,43703.18,43674.23,43685.71,15
2026-06-24T07:58:00Z,43685.71,43703.18,43670.96,43684.06,9
2026-06-24T07:59:00Z,43684.06,43686.78,43675.33,43686.78,22
2026-06-24T08:00:00Z,43686.78,43699.88,43682.07,43686.43,21
2026-06-24T08:01:00Z,43686.43,43694.81,43668.96,43690.45,9
2026-06-24T08:02:00Z,43690.45,43699.18,43681.37,43685.73,13
2026-06-24T08:03:00Z,43685.73,43690.09,43659.18,43659.18,24
2026-06-24T08:04:00Z,43659.18,43671.93,43641.72,43663.20,24
2026-06-24T08:05:00Z,43663.20,43671.93,43645.40,43658.49,16
2026-06-24T08:06:00Z,43658.49,43658.49,43649.42,43649.42,9
2026-06-24T08:07:00Z,43649.42,43649.42,43631.62,43649.07,14
2026-06-24T08:08:00Z,43649.07,43657.79,43618.19,43626.91,14
2026-06-24T08:09:00Z,43626.91,43652.73,43626.91,43652.73,11
2026-06-24T08:10:00Z,43652.73,43682.93,43644.00,43665.47,19
2026-06-24T08:11:00Z,43665.47,43674.20,43652.03,43660.76,25
2026-06-24T08:12:00Z,43660.76,43699.68,43647.67,43686.58,18
2026-06-24T08:13:00Z,43686.58,43703.71,43673.48,43690.61,23
2026-06-24T08:14:00Z,43690.61,43690.61,43681.54,43685.90,10
2026-06-24T08:15:00Z,43685.90,43694.63,43676.82,43685.55,15
2026-06-24T08:16:00Z,43685.55,43720.13,43668.08,43707.02,13
2026-06-24T08:17:00Z,43707.02,43724.50,43645.57,43663.03,20
2026-06-24T08:18:00Z,43663.03,43680.49,43632.16,43645.25,18
2026-06-24T08:19:00Z,43645.25,43675.43,43632.16,43666.70,24
2026-06-24T08:20:00Z,43666.70,43696.89,43657.97,43683.79,16
2026-06-24T08:21:00Z,43683.79,43705.26,43670.69,43692.16,11
2026-06-24T08:22:00Z,43692.16,43700.89,43669.99,43683.09,14
2026-06-24T08:23:00Z,43683.09,43696.19,43665.29,43682.76,9
2026-06-24T08:24:00Z,43682.76,43699.88,43665.29,43686.78,18
2026-06-24T08:25:00Z,43686.78,43699.51,43669.31,43695.15,23
2026-06-24T08:26:00Z,43695.15,43716.62,43690.79,43712.25,21
2026-06-24T08:27:00Z,43712.25,43742.46,43712.25,43729.35,24
2026-06-24T08:28:00Z,43729.35,43742.46,43702.82,43711.56,14
2026-06-24T08:29:00Z,43711.56,43741.77,43711.56,43728.66,12
2026-06-24T08:30:00Z,43728.66,43746.15,43719.58,43723.95,14
2026-06-24T08:31:00Z,43723.95,43745.43,43719.58,43732.32,13
2026-06-24T08:32:00Z,43732.32,43745.43,43701.41,43718.89,24
2026-06-24T08:33:00Z,43718.89,43740.40,43714.52,43722.92,10
2026-06-24T08:34:00Z,43722.92,43740.40,43692.02,43709.50,19
2026-06-24T08:35:00Z,43709.50,43709.50,43696.09,43696.09,18
2026-06-24T08:36:00Z,43696.09,43730.63,43687.36,43721.89,9
2026-06-24T08:37:00Z,43721.89,43726.26,43712.81,43721.55,14
2026-06-24T08:38:00Z,43721.55,43721.55,43708.14,43708.14,15
2026-06-24T08:39:00Z,43708.14,43725.26,43695.03,43716.52,19
2026-06-24T08:40:00Z,43716.52,43720.89,43716.18,43716.18,17
2026-06-24T08:41:00Z,43716.18,43759.46,43711.81,43741.97,20
2026-06-24T08:42:00Z,43741.97,43741.97,43698.00,43715.48,22
2026-06-24T08:43:00Z,43715.48,43715.48,43706.43,43710.80,19
2026-06-24T08:44:00Z,43710.80,43719.54,43693.00,43706.11,21
2026-06-24T08:45:00Z,43706.11,43731.92,43701.74,43723.18,9
2026-06-24T08:46:00Z,43723.18,43753.39,43723.18,43740.27,24
2026-06-24T08:47:00Z,43740.27,43753.39,43731.19,43739.93,18
2026-06-24T08:48:00Z,43739.93,43753.05,43730.85,43739.59,23
2026-06-24T08:49:00Z,43739.59,43739.59,43691.30,43708.78,17
2026-06-24T08:50:00Z,43708.78,43726.26,43682.34,43682.34,14
2026-06-24T08:51:00Z,43682.34,43712.52,43677.98,43695.05,21
2026-06-24T08:52:00Z,43695.05,43699.41,43681.62,43694.72,19
2026-06-24T08:53:00Z,43694.72,43712.19,43676.95,43690.05,25
2026-06-24T08:54:00Z,43690.05,43720.19,43676.95,43711.45,25
2026-06-24T08:55:00Z,43711.45,43715.47,43693.97,43715.47,23
2026-06-24T08:56:00Z,43715.47,43741.28,43706.73,43732.54,12
2026-06-24T08:57:00Z,43732.54,43750.03,43710.43,43714.80,10
2026-06-24T08:58:00Z,43714.80,43714.80,43701.40,43705.77,20
2026-06-24T08:59:00Z,43705.77,43731.55,43705.77,43727.18,10
2026-06-24T09:00:00Z,43727.18,43727.18,43706.93,43720.04,25
2026-06-24T09:01:00Z,43720.04,43737.52,43695.42,43708.53,12
2026-06-24T09:02:00Z,43708.53,43717.27,43683.93,43683.93,23
2026-06-24T09:03:00Z,43683.93,43711.74,43675.20,43698.64,23
2026-06-24T09:04:00Z,43698.64,43722.10,43681.17,43717.73,21
2026-06-24T09:05:00Z,43717.73,43726.47,43697.49,43697.49,24
2026-06-24T09:06:00Z,43697.49,43701.85,43686.01,43694.74,18
2026-06-24T09:07:00Z,43694.74,43712.21,43674.53,43678.89,23
2026-06-24T09:08:00Z,43678.89,43711.05,43661.42,43697.95,14
2026-06-24T09:09:00Z,43697.95,43717.04,43684.85,43708.30,20
2026-06-24T09:10:00Z,43708.30,43714.28,43690.82,43714.28,18
2026-06-24T09:11:00Z,43714.28,43755.19,43701.17,43746.45,14
2026-06-24T09:12:00Z,43746.45,43763.94,43713.10,43730.59,9
2026-06-24T09:13:00Z,43730.59,43736.58,43717.48,43732.21,16
2026-06-24T09:14:00Z,43732.21,43751.28,43727.84,43746.91,11
2026-06-24T09:15:00Z,43746.91,43755.65,43731.05,43739.79,15
2026-06-24T09:16:00Z,43739.79,43763.24,43726.67,43758.87,16
2026-06-24T09:17:00Z,43758.87,43776.37,43756.11,43756.11,24
2026-06-24T09:18:00Z,43756.11,43760.48,43744.63,43749.00,10
2026-06-24T09:19:00Z,43749.00,43803.03,43749.00,43785.52,22
2026-06-24T09:20:00Z,43785.52,43795.87,43768.01,43795.87,11
2026-06-24T09:21:00Z,43795.87,43819.34,43787.12,43810.58,18
2026-06-24T09:22:00Z,43810.58,43810.58,43803.44,43807.82,16
2026-06-24T09:23:00Z,43807.82,43813.82,43803.44,43809.44,24
2026-06-24T09:24:00Z,43809.44,43809.44,43776.09,43789.22,13
2026-06-24T09:25:00Z,43789.22,43808.34,43776.09,43795.21,12
2026-06-24T09:26:00Z,43795.21,43827.38,43777.70,43823.00,11
2026-06-24T09:27:00Z,43823.00,43831.76,43802.77,43807.15,24
2026-06-24T09:28:00Z,43807.15,43815.91,43791.26,43804.40,25
2026-06-24T09:29:00Z,43804.40,43804.40,43788.55,43797.30,20
2026-06-24T09:30:00Z,43797.30,43816.38,43784.17,43812.00,18
2026-06-24T09:31:00Z,43812.00,43816.38,43804.87,43809.25,18
2026-06-24T09:32:00Z,43809.25,43818.01,43802.13,43806.51,24
2026-06-24T09:33:00Z,43806.51,43819.65,43777.57,43786.32,15
2026-06-24T09:34:00Z,43786.32,43805.46,43786.32,43787.95,13
2026-06-24T09:35:00Z,43787.95,43792.32,43776.48,43780.85,16
2026-06-24T09:36:00Z,43780.85,43799.94,43772.10,43791.19,20
2026-06-24T09:37:00Z,43791.19,43799.94,43784.09,43784.09,18
2026-06-24T09:38:00Z,43784.09,43785.71,43766.58,43785.71,8
2026-06-24T09:39:00Z,43785.71,43803.22,43765.50,43778.63,17
2026-06-24T09:40:00Z,43778.63,43796.14,43741.03,43749.77,20
2026-06-24T09:41:00Z,43749.77,43755.76,43736.65,43755.76,11
2026-06-24T09:42:00Z,43755.76,43768.88,43748.68,43748.68,18
2026-06-24T09:43:00Z,43748.68,43767.82,43731.19,43750.32,19
2026-06-24T09:44:00Z,43750.32,43767.82,43725.81,43734.55,9
2026-06-24T09:45:00Z,43734.55,43770.97,43717.06,43766.60,16
2026-06-24T09:46:00Z,43766.60,43785.72,43753.48,43772.59,15
2026-06-24T09:47:00Z,43772.59,43785.72,43756.80,43761.17,17
2026-06-24T09:48:00Z,43761.17,43761.17,43732.33,43741.07,23
2026-06-24T09:49:00Z,43741.07,43758.56,43712.18,43729.67,12
2026-06-24T09:50:00Z,43729.67,43742.78,43713.89,43722.63,17
2026-06-24T09:51:00Z,43722.63,43741.72,43705.15,43728.61,24
2026-06-24T09:52:00Z,43728.61,43734.59,43711.12,43734.59,21
2026-06-24T09:53:00Z,43734.59,43752.08,43723.21,43723.21,16
2026-06-24T09:54:00Z,43723.21,43759.67,43714.47,43746.55,12
2026-06-24T09:55:00Z,43746.55,43778.65,43737.81,43769.90,9
2026-06-24T09:56:00Z,43769.90,43775.88,43756.77,43775.88,24
2026-06-24T09:57:00Z,43775.88,43803.65,43775.88,43794.90,14
2026-06-24T09:58:00Z,43794.90,43813.94,43786.15,43809.56,14
2026-06-24T09:59:00Z,43809.56,43822.70,43780.65,43798.16,10
2026-06-24T10:00:00Z,43798.16,43828.61,43793.79,43815.47,12
2026-06-24T10:01:00Z,43815.47,43815.47,43784.60,43784.60,20
2026-06-24T10:02:00Z,43784.60,43788.97,43758.14,43771.27,20
2026-06-24T10:03:00Z,43771.27,43775.64,43757.95,43766.70,15
2026-06-24T10:04:00Z,43766.70,43766.70,43735.88,43749.00,22
2026-06-24T10:05:00Z,43749.00,43766.29,43749.00,43753.17,14
2026-06-24T10:06:00Z,43753.17,43761.73,43740.05,43761.73,11
2026-06-24T10:07:00Z,43761.73,43761.73,43748.41,43752.78,24
2026-06-24T10:08:00Z,43752.78,43765.90,43726.34,43743.83,16
2026-06-24T10:09:00Z,43743.83,43752.38,43739.46,43752.38,19
2026-06-24T10:10:00Z,43752.38,43769.88,43743.43,43747.80,11
2026-06-24T10:11:00Z,43747.80,43752.17,43730.12,43747.61,10
2026-06-24T10:12:00Z,43747.61,43773.66,43743.24,43756.16,16
2026-06-24T10:13:00Z,43756.16,43764.91,43747.22,43751.59,18
2026-06-24T10:14:00Z,43751.59,43755.96,43733.90,43738.27,22
2026-06-24T10:15:00Z,43738.27,43755.55,43733.90,43746.81,10
2026-06-24T10:16:00Z,43746.81,43746.81,43720.37,43724.74,15
2026-06-24T10:17:00Z,43724.74,43737.66,43711.63,43737.66,8
2026-06-24T10:18:00Z,43737.66,43755.15,43711.23,43728.72,10
2026-06-24T10:19:00Z,43728.72,43772.26,43724.35,43754.76,22
2026-06-24T10:20:00Z,43754.76,43793.94,43746.01,43776.43,15
2026-06-24T10:21:00Z,43776.43,43780.80,43758.73,43767.48,15
2026-06-24T10:22:00Z,43767.48,43780.42,43767.48,43780.42,24
2026-06-24T10:23:00Z,43780.42,43797.74,43771.67,43797.74,12
2026-06-24T10:24:00Z,43797.74,43810.87,43771.27,43775.64,18
2026-06-24T10:25:00Z,43775.64,43793.15,43753.55,43757.92,20
2026-06-24T10:26:00Z,43757.92,43770.85,43740.42,43766.48,10
2026-06-24T10:27:00Z,43766.48,43779.60,43740.02,43740.02,18
2026-06-24T10:28:00Z,43740.02,43744.39,43704.83,43704.83,23
2026-06-24T10:29:00Z,43704.83,43713.57,43682.78,43700.26,15
2026-06-24T10:30:00Z,43700.26,43709.00,43686.94,43686.94,23
2026-06-24T10:31:00Z,43686.94,43704.41,43656.17,43669.27,19
2026-06-24T10:32:00Z,43669.27,43669.27,43638.52,43647.24,16
2026-06-24T10:33:00Z,43647.24,43664.50,43634.15,43651.41,17
2026-06-24T10:34:00Z,43651.41,43677.41,43633.95,43668.68,8
2026-06-24T10:35:00Z,43668.68,43681.57,43655.58,43672.84,19
2026-06-24T10:36:00Z,43672.84,43685.94,43650.81,43659.54,14
2026-06-24T10:37:00Z,43659.54,43677.00,43654.98,43654.98,15
2026-06-24T10:38:00Z,43654.98,43676.61,43641.89,43672.25,11
2026-06-24T10:39:00Z,43672.25,43680.98,43663.33,43672.06,15
2026-06-24T10:40:00Z,43672.06,43680.79,43645.66,43663.12,12
2026-06-24T10:41:00Z,43663.12,43680.58,43658.56,43658.56,14
2026-06-24T10:42:00Z,43658.56,43658.56,43640.90,43640.90,8
2026-06-24T10:43:00Z,43640.90,43658.16,43627.81,43645.07,24
2026-06-24T10:44:00Z,43645.07,43645.07,43614.33,43631.78,23
2026-06-24T10:45:00Z,43631.78,43636.14,43601.04,43614.12,15
2026-06-24T10:46:00Z,43614.12,43631.56,43596.48,43605.20,13
2026-06-24T10:47:00Z,43605.20,43622.64,43583.20,43600.64,9
2026-06-24T10:48:00Z,43600.64,43630.97,43596.28,43613.53,11
2026-06-24T10:49:00Z,43613.53,43622.25,43604.61,43608.97,12
2026-06-24T10:50:00Z,43608.97,43626.41,43595.68,43595.68,18
2026-06-24T10:51:00Z,43595.68,43600.03,43560.61,43569.32,14
2026-06-24T10:52:00Z,43569.32,43590.91,43556.25,43577.84,9
2026-06-24T10:53:00Z,43577.84,43582.19,43564.57,43564.57,12
2026-06-24T10:54:00Z,43564.57,43581.99,43551.30,43551.30,22
2026-06-24T10:55:00Z,43551.30,43577.23,43538.24,43568.52,8
2026-06-24T10:56:00Z,43568.52,43572.87,43550.90,43559.61,12
2026-06-24T10:57:00Z,43559.61,43589.91,43542.19,43581.20,20
2026-06-24T10:58:00Z,43581.20,43589.91,43559.22,43572.29,21
2026-06-24T10:59:00Z,43572.29,43589.52,43567.94,43580.81,17
2026-06-24T11:00:00Z,43580.81,43595.05,43563.38,43586.34,22
2026-06-24T11:01:00Z,43586.34,43600.59,43586.34,43596.24,13
2026-06-24T11:02:00Z,43596.24,43636.66,43578.81,43627.94,21
2026-06-24T11:03:00Z,43627.94,43646.56,43610.49,43646.56,20
2026-06-24T11:04:00Z,43646.56,43659.65,43621.57,43639.02,15
2026-06-24T11:05:00Z,43639.02,43652.11,43614.03,43631.48,24
2026-06-24T11:06:00Z,43631.48,43644.56,43606.50,43619.58,20
2026-06-24T11:07:00Z,43619.58,43628.30,43590.24,43594.59,24
2026-06-24T11:08:00Z,43594.59,43626.29,43594.59,43608.85,16
2026-06-24T11:09:00Z,43608.85,43618.75,43604.49,43618.75,17
2026-06-24T11:10:00Z,43618.75,43618.75,43602.49,43602.49,16
2026-06-24T11:11:00Z,43602.49,43625.46,43593.77,43612.38,24
2026-06-24T11:12:00Z,43612.38,43616.74,43604.85,43609.21,13
2026-06-24T11:13:00Z,43609.21,43619.11,43609.21,43614.75,21
2026-06-24T11:14:00Z,43614.75,43627.83,43598.50,43602.86,9
2026-06-24T11:15:00Z,43602.86,43607.22,43564.81,43577.88,25
2026-06-24T11:16:00Z,43577.88,43595.31,43557.29,43561.64,20
2026-06-24T11:17:00Z,43561.64,43610.73,43552.93,43597.66,21
2026-06-24T11:18:00Z,43597.66,43603.19,43584.59,43598.84,14
2026-06-24T11:19:00Z,43598.84,43626.18,43581.41,43608.74,17
2026-06-24T11:20:00Z,43608.74,43608.74,43583.78,43588.13,23
2026-06-24T11:21:00Z,43588.13,43615.46,43588.13,43611.10,11
2026-06-24T11:22:00Z,43611.10,43629.71,43593.66,43616.63,10
2026-06-24T11:23:00Z,43616.63,43629.71,43596.02,43613.46,23
2026-06-24T11:24:00Z,43613.46,43632.08,43600.38,43627.72,25
2026-06-24T11:25:00Z,43627.72,43659.43,43614.64,43641.98,22
2026-06-24T11:26:00Z,43641.98,43655.07,43638.79,43638.79,16
2026-06-24T11:27:00Z,43638.79,43656.24,43618.17,43622.53,22
2026-06-24T11:28:00Z,43622.53,43632.43,43613.81,43632.43,18
2026-06-24T11:29:00Z,43632.43,43632.43,43611.82,43620.54,11
2026-06-24T11:30:00Z,43620.54,43639.15,43611.82,43639.15,17
2026-06-24T11:31:00Z,43639.15,43657.78,43639.15,43657.78,20
2026-06-24T11:32:00Z,43657.78,43676.43,43657.78,43658.97,13
2026-06-24T11:33:00Z,43658.97,43681.95,43650.24,43681.95,14
2026-06-24T11:34:00Z,43681.95,43691.87,43664.48,43683.14,10
2026-06-24T11:35:00Z,43683.14,43700.61,43671.24,43675.60,22
2026-06-24T11:36:00Z,43675.60,43693.07,43659.32,43672.42,23
2026-06-24T11:37:00Z,43672.42,43685.52,43656.15,43660.51,9
2026-06-24T11:38:00Z,43660.51,43679.16,43651.78,43661.70,9
2026-06-24T11:39:00Z,43661.70,43693.43,43652.97,43680.33,22
2026-06-24T11:40:00Z,43680.33,43720.81,43662.86,43703.33,24
2026-06-24T11:41:00Z,43703.33,43707.70,43673.94,43691.41,21
2026-06-24T11:42:00Z,43691.41,43714.43,43687.05,43701.32,25
2026-06-24T11:43:00Z,43701.32,43710.06,43698.14,43698.14,16
2026-06-24T11:44:00Z,43698.14,43702.50,43655.68,43673.14,16
2026-06-24T11:45:00Z,43673.14,43681.87,43661.23,43665.59,13
2026-06-24T11:46:00Z,43665.59,43665.59,43636.24,43649.33,16
2026-06-24T11:47:00Z,43649.33,43685.41,43640.61,43672.31,11
2026-06-24T11:48:00Z,43672.31,43699.65,43667.95,43695.29,22
2026-06-24T11:49:00Z,43695.29,43712.76,43674.66,43674.66,13
2026-06-24T11:50:00Z,43674.66,43693.32,43674.66,43675.85,11
2026-06-24T11:51:00Z,43675.85,43684.58,43655.23,43659.59,16
2026-06-24T11:52:00Z,43659.59,43672.68,43617.17,43625.89,16
2026-06-24T11:53:00Z,43625.89,43638.97,43583.51,43596.58,22
2026-06-24T11:54:00Z,43596.58,43605.29,43567.28,43584.71,13
2026-06-24T11:55:00Z,43584.71,43603.30,43584.71,43598.95,19
2026-06-24T11:56:00Z,43598.95,43617.54,43581.52,43617.54,17
2026-06-24T11:57:00Z,43617.54,43631.80,43617.54,43623.08,13
2026-06-24T11:58:00Z,43623.08,43641.70,43605.64,43632.98,18
2026-06-24T11:59:00Z,43632.98,43651.62,43624.26,43634.17,18
2026-06-24T12:00:00Z,43634.17,43642.89,43611.26,43619.98,23
2026-06-24T12:01:00Z,43619.98,43662.51,43615.62,43653.78,15
2026-06-24T12:02:00Z,43653.78,43666.87,43630.87,43648.32,10
2026-06-24T12:03:00Z,43648.32,43652.68,43625.42,43629.78,15
2026-06-24T12:04:00Z,43629.78,43650.51,43625.42,43637.42,9
2026-06-24T12:05:00Z,43637.42,43662.50,43628.70,43653.77,15
2026-06-24T12:06:00Z,43653.77,43691.95,43653.77,43674.49,24
2026-06-24T12:07:00Z,43674.49,43708.32,43661.39,43690.85,21
2026-06-24T12:08:00Z,43690.85,43690.85,43676.67,43685.40,12
2026-06-24T12:09:00Z,43685.40,43694.13,43662.50,43671.23,16
2026-06-24T12:10:00Z,43671.23,43684.33,43652.70,43661.43,10
2026-06-24T12:11:00Z,43661.43,43686.52,43657.07,43673.42,23
2026-06-24T12:12:00Z,43673.42,43698.50,43655.96,43689.77,18
2026-06-24T12:13:00Z,43689.77,43710.52,43689.77,43693.05,10
2026-06-24T12:14:00Z,43693.05,43713.78,43688.69,43705.04,21
2026-06-24T12:15:00Z,43705.04,43721.40,43687.56,43717.03,10
2026-06-24T12:16:00Z,43717.03,43746.47,43703.92,43742.10,16
2026-06-24T12:17:00Z,43742.10,43762.85,43724.61,43754.10,20
2026-06-24T12:18:00Z,43754.10,43758.47,43748.64,43753.01,19
2026-06-24T12:19:00Z,43753.01,43769.37,43739.89,43769.37,21
2026-06-24T12:20:00Z,43769.37,43769.37,43746.42,43763.92,23
2026-06-24T12:21:00Z,43763.92,43768.29,43758.46,43762.83,9
2026-06-24T12:22:00Z,43762.83,43762.83,43744.30,43748.67,18
2026-06-24T12:23:00Z,43748.67,43765.02,43735.55,43765.02,18
2026-06-24T12:24:00Z,43765.02,43765.02,43750.85,43755.22,23
2026-06-24T12:25:00Z,43755.22,43762.86,43737.72,43762.86,22
2026-06-24T12:26:00Z,43762.86,43788.00,43745.36,43770.50,16
2026-06-24T12:27:00Z,43770.50,43821.79,43766.13,43804.27,12
2026-06-24T12:28:00Z,43804.27,43825.05,43791.13,43811.91,19
2026-06-24T12:29:00Z,43811.91,43816.29,43793.33,43806.47,18
2026-06-24T12:30:00Z,43806.47,43818.51,43806.47,43809.75,16
2026-06-24T12:31:00Z,43809.75,43822.89,43786.83,43799.96,13
2026-06-24T12:32:00Z,43799.96,43799.96,43768.36,43777.11,21
2026-06-24T12:33:00Z,43777.11,43790.24,43754.19,43771.69,16
2026-06-24T12:34:00Z,43771.69,43792.47,43762.94,43774.97,18
2026-06-24T12:35:00Z,43774.97,43774.97,43747.78,43752.15,19
2026-06-24T12:36:00Z,43752.15,43785.98,43739.03,43768.48,24
2026-06-24T12:37:00Z,43768.48,43789.21,43759.73,43780.46,9
2026-06-24T12:38:00Z,43780.46,43788.12,43780.46,43783.75,22
2026-06-24T12:39:00Z,43783.75,43808.81,43766.24,43804.43,8
2026-06-24T12:40:00Z,43804.43,43821.95,43790.23,43803.37,17
2026-06-24T12:41:00Z,43803.37,43812.13,43802.31,43802.31,17
2026-06-24T12:42:00Z,43802.31,43815.45,43779.39,43796.90,23
2026-06-24T12:43:00Z,43796.90,43804.54,43779.39,43804.54,11
2026-06-24T12:44:00Z,43804.54,43816.59,43800.16,43807.83,8
2026-06-24T12:45:00Z,43807.83,43819.88,43794.69,43811.12,11
2026-06-24T12:46:00Z,43811.12,43824.26,43788.20,43805.72,14
2026-06-24T12:47:00Z,43805.72,43809.01,43801.34,43809.01,24
2026-06-24T12:48:00Z,43809.01,43825.41,43795.87,43816.65,19
2026-06-24T12:49:00Z,43816.65,43841.81,43807.89,43824.29,21
2026-06-24T12:50:00Z,43824.29,43840.61,43824.29,43840.61,10
2026-06-24T12:51:00Z,43840.61,43861.36,43823.08,43852.59,18
2026-06-24T12:52:00Z,43852.59,43865.74,43834.12,43838.50,14
2026-06-24T12:53:00Z,43838.50,43863.67,43834.12,43846.14,25
2026-06-24T12:54:00Z,43846.14,43850.52,43827.68,43832.06,23
2026-06-24T12:55:00Z,43832.06,43848.42,43814.53,43844.04,18
2026-06-24T12:56:00Z,43844.04,43860.48,43839.66,43847.33,19
2026-06-24T12:57:00Z,43847.33,43856.09,43837.60,43837.60,11
2026-06-24T12:58:00Z,43837.60,43837.60,43819.03,43836.56,17
2026-06-24T12:59:00Z,43836.56,43854.09,43817.99,43835.52,9
2026-06-24T13:00:00Z,43835.52,43867.83,43822.37,43859.06,10
2026-06-24T13:01:00Z,43859.06,43876.60,43843.15,43856.30,14
2026-06-24T13:02:00Z,43856.30,43865.07,43836.00,43853.54,19
2026-06-24T13:03:00Z,43853.54,43871.08,43824.48,43828.86,15
2026-06-24T13:04:00Z,43828.86,43839.26,43828.86,43834.88,22
2026-06-24T13:05:00Z,43834.88,43849.66,43817.35,43836.51,17
2026-06-24T13:06:00Z,43836.51,43845.27,43811.84,43820.60,18
2026-06-24T13:07:00Z,43820.60,43844.14,43803.08,43826.61,19
2026-06-24T13:08:00Z,43826.61,43830.99,43801.95,43819.47,14
2026-06-24T13:09:00Z,43819.47,43838.63,43801.95,43838.63,25
2026-06-24T13:10:00Z,43838.63,43847.39,43822.73,43831.49,9
2026-06-24T13:11:00Z,43831.49,43840.25,43815.59,43815.59,12
2026-06-24T13:12:00Z,43815.59,43847.87,43798.07,43839.11,8
2026-06-24T13:13:00Z,43839.11,43853.90,43830.35,43840.75,22
2026-06-24T13:14:00Z,43840.75,43846.76,43836.37,43846.76,23
2026-06-24T13:15:00Z,43846.76,43892.22,43842.38,43874.68,20
2026-06-24T13:16:00Z,43874.68,43879.06,43867.54,43871.92,16
2026-06-24T13:17:00Z,43871.92,43876.30,43851.62,43869.16,16
2026-06-24T13:18:00Z,43869.16,43883.94,43851.62,43879.56,14
2026-06-24T13:19:00Z,43879.56,43879.56,43854.88,43854.88,13
2026-06-24T13:20:00Z,43854.88,43882.80,43854.88,43874.03,12
2026-06-24T13:21:00Z,43874.03,43901.96,43869.65,43893.19,12
2026-06-24T13:22:00Z,43893.19,43899.20,43875.64,43899.20,11
2026-06-24T13:23:00Z,43899.20,43914.00,43890.43,43909.61,9
2026-06-24T13:24:00Z,43909.61,43927.17,43893.68,43906.85,16
2026-06-24T13:25:00Z,43906.85,43917.26,43898.07,43908.48,13
2026-06-24T13:26:00Z,43908.48,43918.88,43899.70,43914.49,24
2026-06-24T13:27:00Z,43914.49,43951.22,43910.10,43946.83,9
2026-06-24T13:28:00Z,43946.83,43946.83,43917.72,43926.50,13
2026-06-24T13:29:00Z,43926.50,43945.68,43917.72,43932.51,11
2026-06-24T13:30:00Z,43932.51,43945.68,43894.64,43894.64,18
2026-06-24T13:31:00Z,43894.64,43912.19,43883.12,43887.50,22
2026-06-24T13:32:00Z,43887.50,43906.67,43878.73,43897.90,19
2026-06-24T13:33:00Z,43897.90,43915.45,43881.99,43890.76,14
2026-06-24T13:34:00Z,43890.76,43908.31,43883.62,43883.62,15
2026-06-24T13:35:00Z,43883.62,43901.17,43858.95,43858.95,9
2026-06-24T13:36:00Z,43858.95,43878.13,43845.80,43860.59,14
2026-06-24T13:37:00Z,43860.59,43878.13,43827.17,43835.93,24
2026-06-24T13:38:00Z,43835.93,43868.23,43831.55,43850.69,21
2026-06-24T13:39:00Z,43850.69,43850.69,43847.94,43847.94,18
2026-06-24T13:40:00Z,43847.94,43865.47,43814.52,43832.05,11
2026-06-24T13:41:00Z,43832.05,43840.81,43807.43,43807.43,20
2026-06-24T13:42:00Z,43807.43,43807.43,43765.31,43778.44,11
2026-06-24T13:43:00Z,43778.44,43791.57,43758.19,43771.32,14
2026-06-24T13:44:00Z,43771.32,43812.30,43762.57,43794.79,14
2026-06-24T13:45:00Z,43794.79,43807.92,43774.54,43787.67,17
2026-06-24T13:46:00Z,43787.67,43811.18,43770.16,43798.05,12
2026-06-24T13:47:00Z,43798.05,43821.56,43789.30,43808.42,21
2026-06-24T13:48:00Z,43808.42,43840.68,43790.90,43827.54,24
2026-06-24T13:49:00Z,43827.54,43827.54,43807.27,43824.79,10
2026-06-24T13:50:00Z,43824.79,43829.17,43808.92,43813.30,16
2026-06-24T13:51:00Z,43813.30,43830.82,43806.18,43806.18,21
2026-06-24T13:52:00Z,43806.18,43829.67,43788.66,43825.29,13
2026-06-24T13:53:00Z,43825.29,43848.81,43812.15,43835.66,11
2026-06-24T13:54:00Z,43835.66,43853.19,43806.64,43824.16,16
2026-06-24T13:55:00Z,43824.16,43824.16,43803.90,43821.42,11
2026-06-24T13:56:00Z,43821.42,43825.80,43792.41,43809.93,22
2026-06-24T13:57:00Z,43809.93,43809.93,43794.07,43798.44,23
2026-06-24T13:58:00Z,43798.44,43826.30,43798.44,43821.92,15
2026-06-24T13:59:00Z,43821.92,43826.30,43797.30,43810.44,25
2026-06-24T14:00:00Z,43810.44,43848.79,43801.68,43831.26,10
2026-06-24T14:01:00Z,43831.26,43834.56,43818.12,43834.56,17
2026-06-24T14:02:00Z,43834.56,43837.87,43817.03,43837.87,15
2026-06-24T14:03:00Z,43837.87,43855.40,43823.63,43836.78,17
2026-06-24T14:04:00Z,43836.78,43849.93,43809.41,43818.17,23
2026-06-24T14:05:00Z,43818.17,43825.85,43809.41,43825.85,9
2026-06-24T14:06:00Z,43825.85,43825.85,43798.49,43811.63,10
2026-06-24T14:07:00Z,43811.63,43819.31,43802.87,43814.93,18
2026-06-24T14:08:00Z,43814.93,43840.13,43806.17,43822.61,15
2026-06-24T14:09:00Z,43822.61,43831.37,43808.39,43808.39,25
2026-06-24T14:10:00Z,43808.39,43816.07,43799.63,43811.69,18
2026-06-24T14:11:00Z,43811.69,43815.00,43798.55,43815.00,17
2026-06-24T14:12:00Z,43815.00,43823.76,43787.64,43800.78,22
2026-06-24T14:13:00Z,43800.78,43809.54,43777.83,43790.96,23
2026-06-24T14:14:00Z,43790.96,43829.27,43790.96,43816.13,19
2026-06-24T14:15:00Z,43816.13,43836.95,43816.13,43828.19,15
2026-06-24T14:16:00Z,43828.19,43828.19,43778.96,43787.71,20
2026-06-24T14:17:00Z,43787.71,43792.08,43777.90,43777.90,17
2026-06-24T14:18:00Z,43777.90,43811.81,43773.53,43798.68,19
2026-06-24T14:19:00Z,43798.68,43806.37,43789.93,43801.99,19
2026-06-24T14:20:00Z,43801.99,43819.51,43792.17,43796.54,19
2026-06-24T14:21:00Z,43796.54,43812.97,43779.03,43804.21,22
2026-06-24T14:22:00Z,43804.21,43816.26,43799.83,43816.26,17
2026-06-24T14:23:00Z,43816.26,43837.05,43807.50,43837.05,20
2026-06-24T14:24:00Z,43837.05,43862.26,43828.29,43844.73,24
2026-06-24T14:25:00Z,43844.73,43862.26,43791.12,43804.26,10
2026-06-24T14:26:00Z,43804.26,43846.92,43804.26,43842.54,24
2026-06-24T14:27:00Z,43842.54,43872.09,43838.16,43867.71,15
2026-06-24T14:28:00Z,43867.71,43876.48,43844.75,43844.75,20
2026-06-24T14:29:00Z,43844.75,43852.43,43844.75,43848.05,12
2026-06-24T14:30:00Z,43848.05,43864.50,43839.29,43851.35,15
2026-06-24T14:31:00Z,43851.35,43854.66,43833.81,43854.66,14
2026-06-24T14:32:00Z,43854.66,43854.66,43849.20,43853.58,13
2026-06-24T14:33:00Z,43853.58,43853.58,43834.97,43852.51,13
2026-06-24T14:34:00Z,43852.51,43856.89,43842.66,43851.43,8
2026-06-24T14:35:00Z,43851.43,43867.89,43847.05,43854.74,13
2026-06-24T14:36:00Z,43854.74,43901.81,43837.20,43888.65,10
2026-06-24T14:37:00Z,43888.65,43896.33,43871.10,43896.33,8
2026-06-24T14:38:00Z,43896.33,43930.30,43896.33,43917.13,13
2026-06-24T14:39:00Z,43917.13,43933.59,43903.96,43924.81,13
2026-06-24T14:40:00Z,43924.81,43929.20,43919.35,43919.35,8
2026-06-24T14:41:00Z,43919.35,43936.91,43900.71,43918.27,19
2026-06-24T14:42:00Z,43918.27,43952.24,43900.71,43943.46,17
2026-06-24T14:43:00Z,43943.46,43981.85,43943.46,43968.66,25
2026-06-24T14:44:00Z,43968.66,43989.52,43964.27,43980.73,9
2026-06-24T14:45:00Z,43980.73,44010.38,43963.14,43992.79,22
2026-06-24T14:46:00Z,43992.79,44005.98,43965.40,43969.79,9
2026-06-24T14:47:00Z,43969.79,43990.67,43952.21,43973.09,19
2026-06-24T14:48:00Z,43973.09,43989.59,43959.90,43976.40,25
2026-06-24T14:49:00Z,43976.40,44001.63,43963.21,43992.84,9
2026-06-24T14:50:00Z,43992.84,44013.67,43992.84,44013.67,12
2026-06-24T14:51:00Z,44013.67,44031.27,43995.05,43999.44,20
2026-06-24T14:52:00Z,43999.44,43999.44,43958.87,43972.06,19
2026-06-24T14:53:00Z,43972.06,44010.45,43958.87,43997.26,20
2026-06-24T14:54:00Z,43997.26,44010.45,43996.17,43996.17,16
2026-06-24T14:55:00Z,43996.17,44000.56,43964.36,43981.95,9
2026-06-24T14:56:00Z,43981.95,43995.14,43950.17,43963.35,22
2026-06-24T14:57:00Z,43963.35,43963.35,43944.76,43949.15,10
2026-06-24T14:58:00Z,43949.15,43962.33,43939.29,43948.07,10
2026-06-24T14:59:00Z,43948.07,43961.25,43920.69,43933.87,9
2026-06-24T15:00:00Z,43933.87,43958.26,43933.87,43945.08,16
2026-06-24T15:01:00Z,43945.08,43951.91,43931.90,43947.52,12
2026-06-24T15:02:00Z,43947.52,43956.30,43941.17,43945.56,14
2026-06-24T15:03:00Z,43945.56,43945.56,43934.82,43939.21,23
2026-06-24T15:04:00Z,43939.21,43954.82,43934.82,43941.64,16
2026-06-24T15:05:00Z,43941.64,43950.42,43913.33,43930.90,8
2026-06-24T15:06:00Z,43930.90,43948.47,43915.77,43920.16,9
2026-06-24T15:07:00Z,43920.16,43926.99,43911.38,43922.60,13
2026-06-24T15:08:00Z,43922.60,43960.16,43913.82,43946.98,19
2026-06-24T15:09:00Z,43946.98,43946.98,43923.06,43940.63,15
2026-06-24T15:10:00Z,43940.63,43940.63,43934.28,43938.67,24
2026-06-24T15:11:00Z,43938.67,43956.24,43897.20,43910.37,19
2026-06-24T15:12:00Z,43910.37,43923.54,43873.30,43890.85,24
2026-06-24T15:13:00Z,43890.85,43906.45,43886.47,43902.06,13
2026-06-24T15:14:00Z,43902.06,43922.05,43888.89,43913.27,11
2026-06-24T15:15:00Z,43913.27,43913.27,43876.22,43893.77,21
2026-06-24T15:16:00Z,43893.77,43931.30,43880.61,43918.13,17
2026-06-24T15:17:00Z,43918.13,43933.73,43918.13,43920.56,25
2026-06-24T15:18:00Z,43920.56,43958.10,43911.78,43953.71,24
2026-06-24T15:19:00Z,43953.71,43966.89,43916.62,43934.19,19
2026-06-24T15:20:00Z,43934.19,43934.19,43914.68,43923.46,8
2026-06-24T15:21:00Z,43923.46,43939.05,43919.07,43934.66,17
2026-06-24T15:22:00Z,43934.66,43947.84,43928.32,43932.71,18
2026-06-24T15:23:00Z,43932.71,43941.49,43908.82,43913.21,16
2026-06-24T15:24:00Z,43913.21,43955.14,43913.21,43941.96,13
2026-06-24T15:25:00Z,43941.96,43975.10,43928.78,43970.71,21
2026-06-24T15:26:00Z,43970.71,43995.13,43953.13,43977.54,16
2026-06-24T15:27:00Z,43977.54,43986.33,43958.02,43958.02,21
2026-06-24T15:28:00Z,43958.02,43966.81,43947.29,43951.68,8
2026-06-24T15:29:00Z,43951.68,43998.03,43938.50,43980.44,21
2026-06-24T15:30:00Z,43980.44,43996.04,43967.25,43996.04,18
2026-06-24T15:31:00Z,43996.04,43998.48,43996.04,43998.48,11
2026-06-24T15:32:00Z,43998.48,44002.87,43978.95,43978.95,8
2026-06-24T15:33:00Z,43978.95,43985.77,43974.56,43985.77,20
2026-06-24T15:34:00Z,43985.77,43985.77,43961.85,43966.24,9
2026-06-24T15:35:00Z,43966.24,43979.42,43955.51,43959.90,21
2026-06-24T15:36:00Z,43959.90,43973.08,43944.79,43944.79,20
2026-06-24T15:37:00Z,43944.79,43957.97,43912.13,43925.30,15
2026-06-24T15:38:00Z,43925.30,43942.87,43918.96,43918.96,20
2026-06-24T15:39:00Z,43918.96,43930.16,43914.57,43930.16,10
2026-06-24T15:40:00Z,43930.16,43947.73,43906.28,43915.06,24
2026-06-24T15:41:00Z,43915.06,43935.02,43910.67,43935.02,24
2026-06-24T15:42:00Z,43935.02,43954.98,43921.84,43950.59,16
2026-06-24T15:43:00Z,43950.59,43957.42,43946.20,43953.03,17
2026-06-24T15:44:00Z,43953.03,43981.81,43939.85,43968.62,14
2026-06-24T15:45:00Z,43968.62,43997.37,43959.83,43992.98,15
2026-06-24T15:46:00Z,43992.98,44004.19,43984.19,43999.80,20
2026-06-24T15:47:00Z,43999.80,44019.83,43986.61,44002.23,16
2026-06-24T15:48:00Z,44002.23,44002.23,43978.32,43987.11,21
2026-06-24T15:49:00Z,43987.11,43993.94,43987.11,43989.55,23
2026-06-24T15:50:00Z,43989.55,44007.14,43965.65,43974.44,24
2026-06-24T15:51:00Z,43974.44,44003.21,43956.86,43990.02,21
2026-06-24T15:52:00Z,43990.02,44023.19,43990.02,44014.39,24
2026-06-24T15:53:00Z,44014.39,44031.99,43981.68,43999.27,12
2026-06-24T15:54:00Z,43999.27,44003.66,43984.14,43992.93,10
2026-06-24T15:55:00Z,43992.93,44008.55,43975.34,43995.36,14
2026-06-24T15:56:00Z,43995.36,44028.52,43977.77,44019.72,19
2026-06-24T15:57:00Z,44019.72,44035.36,44006.52,44022.16,24
2026-06-24T15:58:00Z,44022.16,44039.76,43998.24,44007.04,23
2026-06-24T15:59:00Z,44007.04,44024.64,43983.15,43987.54,18
2026-06-24T16:00:00Z,43987.54,44005.13,43959.34,43976.93,16
2026-06-24T16:01:00Z,43976.93,43981.32,43966.34,43975.13,22
2026-06-24T16:02:00Z,43975.13,43990.90,43966.34,43986.51,12
2026-06-24T16:03:00Z,43986.51,44002.29,43973.32,43993.50,14
2026-06-24T16:04:00Z,43993.50,44000.49,43989.11,43996.10,25
2026-06-24T16:05:00Z,43996.10,44007.48,43987.31,43998.69,25
2026-06-24T16:06:00Z,43998.69,44032.09,43981.10,44027.69,9
2026-06-24T16:07:00Z,44027.69,44039.08,44010.08,44030.28,11
2026-06-24T16:08:00Z,44030.28,44030.28,44010.86,44015.26,23
2026-06-24T16:09:00Z,44015.26,44032.86,44004.66,44013.46,12
2026-06-24T16:10:00Z,44013.46,44033.66,44000.26,44033.66,11
2026-06-24T16:11:00Z,44033.66,44051.27,44001.04,44018.64,14
2026-06-24T16:12:00Z,44018.64,44043.24,44009.84,44034.44,14
2026-06-24T16:13:00Z,44034.44,44045.84,44021.23,44037.04,20
2026-06-24T16:14:00Z,44037.04,44037.04,44017.61,44017.61,12
2026-06-24T16:15:00Z,44017.61,44035.21,43980.56,43980.56,23
2026-06-24T16:16:00Z,43980.56,43983.16,43976.17,43983.16,19
2026-06-24T16:17:00Z,43983.16,44003.34,43983.16,43985.75,11
2026-06-24T16:18:00Z,43985.75,43994.54,43948.76,43966.34,8
2026-06-24T16:19:00Z,43966.34,43986.53,43948.76,43977.74,16
2026-06-24T16:20:00Z,43977.74,44006.72,43968.95,43993.53,14
2026-06-24T16:21:00Z,43993.53,44026.94,43989.14,44009.34,10
2026-06-24T16:22:00Z,44009.34,44022.54,43994.33,43998.72,19
2026-06-24T16:23:00Z,43998.72,44023.33,43981.13,44014.53,25
2026-06-24T16:24:00Z,44014.53,44034.74,44014.53,44021.54,11
2026-06-24T16:25:00Z,44021.54,44021.54,43993.31,44010.91,17
2026-06-24T16:26:00Z,44010.91,44024.11,44004.71,44009.11,23
2026-06-24T16:27:00Z,44009.11,44017.91,43994.08,43994.08,11
2026-06-24T16:28:00Z,43994.08,44031.90,43994.08,44014.30,24
2026-06-24T16:29:00Z,44014.30,44027.50,43990.48,44003.68,22
2026-06-24T16:30:00Z,44003.68,44032.69,43986.08,44019.49,21
2026-06-24T16:31:00Z,44019.49,44032.69,43973.65,43991.24,10
2026-06-24T16:32:00Z,43991.24,44008.83,43963.02,43971.81,21
2026-06-24T16:33:00Z,43971.81,44005.21,43954.23,43996.42,21
2026-06-24T16:34:00Z,43996.42,44000.81,43994.62,43994.62,11
2026-06-24T16:35:00Z,43994.62,44012.21,43979.61,43988.40,11
2026-06-24T16:36:00Z,43988.40,43992.79,43960.19,43977.78,15
2026-06-24T16:37:00Z,43977.78,44011.18,43968.99,43997.99,12
2026-06-24T16:38:00Z,43997.99,44006.78,43996.19,43996.19,9
2026-06-24T16:39:00Z,43996.19,44020.81,43983.00,44012.01,23
2026-06-24T16:40:00Z,44012.01,44054.26,43994.41,44036.65,11
2026-06-24T16:41:00Z,44036.65,44052.47,44023.44,44039.26,20
2026-06-24T16:42:00Z,44039.26,44041.86,44034.86,44041.86,24
2026-06-24T16:43:00Z,44041.86,44055.07,44026.84,44035.64,9
2026-06-24T16:44:00Z,44035.64,44044.44,44003.00,44020.60,21
2026-06-24T16:45:00Z,44020.60,44040.82,44011.80,44032.02,16
2026-06-24T16:46:00Z,44032.02,44040.82,43994.97,44012.57,10
2026-06-24T16:47:00Z,44012.57,44037.18,44003.77,44023.98,14
2026-06-24T16:48:00Z,44023.98,44028.38,43986.91,43991.30,8
2026-06-24T16:49:00Z,43991.30,44008.89,43967.50,43985.09,12
2026-06-24T16:50:00Z,43985.09,44014.11,43971.90,44000.91,21
2026-06-24T16:51:00Z,44000.91,44014.11,43990.31,43994.70,23
2026-06-24T16:52:00Z,43994.70,44019.30,43985.91,44001.70,17
2026-06-24T16:53:00Z,44001.70,44010.50,43951.45,43969.03,25
2026-06-24T16:54:00Z,43969.03,43977.82,43962.82,43962.82,10
2026-06-24T16:55:00Z,43962.82,43971.61,43961.01,43961.01,21
2026-06-24T16:56:00Z,43961.01,43969.80,43923.99,43937.17,18
2026-06-24T16:57:00Z,43937.17,43945.95,43900.18,43917.74,14
2026-06-24T16:58:00Z,43917.74,43930.91,43898.38,43915.94,19
2026-06-24T16:59:00Z,43915.94,43933.50,43909.75,43914.14,11
2026-06-24T17:00:00Z,43914.14,43922.92,43896.37,43905.15,19
2026-06-24T17:01:00Z,43905.15,43944.46,43905.15,43940.07,8
2026-06-24T17:02:00Z,43940.07,43940.07,43913.50,43917.89,16
2026-06-24T17:03:00Z,43917.89,43930.86,43909.11,43926.47,16
2026-06-24T17:04:00Z,43926.47,43935.05,43908.90,43935.05,19
2026-06-24T17:05:00Z,43935.05,43952.62,43890.92,43908.48,13
2026-06-24T17:06:00Z,43908.48,43912.67,43899.70,43912.67,13
2026-06-24T17:07:00Z,43912.67,43917.06,43886.13,43899.29,15
2026-06-24T17:08:00Z,43899.29,43912.45,43881.53,43894.69,15
2026-06-24T17:09:00Z,43894.69,43916.43,43877.14,43907.65,20
2026-06-24T17:10:00Z,43907.65,43929.40,43898.87,43911.84,23
2026-06-24T17:11:00Z,43911.84,43925.01,43902.85,43902.85,24
2026-06-24T17:12:00Z,43902.85,43937.77,43902.85,43920.21,24
2026-06-24T17:13:00Z,43920.21,43924.60,43893.66,43906.83,11
2026-06-24T17:14:00Z,43906.83,43906.83,43897.85,43906.63,14
2026-06-24T17:15:00Z,43906.63,43915.41,43902.04,43906.43,12
2026-06-24T17:16:00Z,43906.43,43923.99,43893.05,43901.83,20
2026-06-24T17:17:00Z,43901.83,43927.97,43901.83,43914.80,19
2026-06-24T17:18:00Z,43914.80,43923.58,43905.82,43914.60,14
2026-06-24T17:19:00Z,43914.60,43923.38,43905.62,43910.01,15
2026-06-24T17:20:00Z,43910.01,43927.37,43892.45,43918.59,17
2026-06-24T17:21:00Z,43918.59,43940.34,43914.20,43931.56,12
2026-06-24T17:22:00Z,43931.56,43935.75,43913.99,43935.75,15
2026-06-24T17:23:00Z,43935.75,43953.12,43926.97,43939.94,11
2026-06-24T17:24:00Z,43939.94,43953.12,43904.60,43922.16,15
2026-06-24T17:25:00Z,43922.16,43939.52,43913.38,43930.74,23
2026-06-24T17:26:00Z,43930.74,43948.31,43926.15,43930.54,23
2026-06-24T17:27:00Z,43930.54,43965.49,43912.97,43956.70,25
2026-06-24T17:28:00Z,43956.70,43956.70,43943.31,43952.10,24
2026-06-24T17:29:00Z,43952.10,43965.08,43947.71,43960.69,15
2026-06-24T17:30:00Z,43960.69,43982.46,43947.51,43964.88,8
2026-06-24T17:31:00Z,43964.88,43995.45,43956.09,43986.66,20
2026-06-24T17:32:00Z,43986.66,44004.05,43973.47,44004.05,23
2026-06-24T17:33:00Z,44004.05,44008.45,43986.25,43995.04,18
2026-06-24T17:34:00Z,43995.04,44008.23,43955.25,43972.83,23
2026-06-24T17:35:00Z,43972.83,43990.41,43963.83,43963.83,25
2026-06-24T17:36:00Z,43963.83,43972.41,43955.04,43968.02,9
2026-06-24T17:37:00Z,43968.02,43972.41,43959.02,43959.02,24
2026-06-24T17:38:00Z,43959.02,43980.79,43941.44,43963.21,17
2026-06-24T17:39:00Z,43963.21,43984.99,43963.21,43967.41,12
2026-06-24T17:40:00Z,43967.41,43976.20,43958.42,43967.21,16
2026-06-24T17:41:00Z,43967.21,44006.58,43967.21,43988.99,24
2026-06-24T17:42:00Z,43988.99,44028.38,43980.20,44015.18,9
2026-06-24T17:43:00Z,44015.18,44023.98,43997.37,44006.17,21
2026-06-24T17:44:00Z,44006.17,44023.77,43988.36,44001.56,15
2026-06-24T17:45:00Z,44001.56,44014.76,43983.76,43988.15,19
2026-06-24T17:46:00Z,43988.15,44001.34,43983.55,43983.55,18
2026-06-24T17:47:00Z,43983.55,43992.34,43970.15,43970.15,13
2026-06-24T17:48:00Z,43970.15,43978.94,43947.97,43965.55,23
2026-06-24T17:49:00Z,43965.55,44009.32,43965.55,43991.73,18
2026-06-24T17:50:00Z,43991.73,44004.92,43965.13,43982.72,13
2026-06-24T17:51:00Z,43982.72,43987.11,43964.93,43973.72,15
2026-06-24T17:52:00Z,43973.72,43991.30,43964.73,43973.52,14
2026-06-24T17:53:00Z,43973.52,43977.91,43938.14,43951.32,10
2026-06-24T17:54:00Z,43951.32,43968.90,43933.54,43951.12,18
2026-06-24T17:55:00Z,43951.12,43951.12,43928.95,43946.52,21
2026-06-24T17:56:00Z,43946.52,43950.91,43937.54,43946.32,16
2026-06-24T17:57:00Z,43946.32,43981.28,43928.75,43963.70,15
2026-06-24T17:58:00Z,43963.70,43981.08,43959.31,43972.29,23
2026-06-24T17:59:00Z,43972.29,43980.89,43972.29,43980.89,22
2026-06-24T18:00:00Z,43980.89,43991.99,43967.70,43991.99,13
2026-06-24T18:01:00Z,43991.99,43998.68,43974.40,43994.29,13
2026-06-24T18:02:00Z,43994.29,44023.00,43976.70,44005.40,15
2026-06-24T18:03:00Z,44005.40,44016.51,43987.80,44012.11,24
2026-06-24T18:04:00Z,44012.11,44054.03,44012.11,44049.63,18
2026-06-24T18:05:00Z,44049.63,44069.57,44045.23,44051.95,9
2026-06-24T18:06:00Z,44051.95,44051.95,44032.24,44036.64,14
2026-06-24T18:07:00Z,44036.64,44054.25,44021.33,44021.33,8
2026-06-24T18:08:00Z,44021.33,44030.13,43988.43,44001.63,11
2026-06-24T18:09:00Z,44001.63,44001.63,43981.94,43995.13,8
2026-06-24T18:10:00Z,43995.13,44003.92,43975.44,43975.44,9
2026-06-24T18:11:00Z,43975.44,43999.73,43957.85,43982.14,16
2026-06-24T18:12:00Z,43982.14,44002.04,43964.55,43993.25,18
2026-06-24T18:13:00Z,43993.25,44017.57,43988.86,44004.37,23
2026-06-24T18:14:00Z,44004.37,44004.37,43971.47,43989.06,23
2026-06-24T18:15:00Z,43989.06,44008.96,43975.87,43995.77,20
2026-06-24T18:16:00Z,43995.77,44008.96,43958.47,43962.86,13
2026-06-24T18:17:00Z,43962.86,43982.76,43949.68,43982.76,23
2026-06-24T18:18:00Z,43982.76,43987.15,43967.46,43967.46,8
2026-06-24T18:19:00Z,43967.46,43980.65,43952.20,43965.38,11
2026-06-24T18:20:00Z,43965.38,43980.88,43956.59,43967.69,17
2026-06-24T18:21:00Z,43967.69,43967.69,43956.82,43965.61,23
2026-06-24T18:22:00Z,43965.61,43974.40,43928.34,43945.91,11
2026-06-24T18:23:00Z,43945.91,43965.81,43932.73,43965.81,10
2026-06-24T18:24:00Z,43965.81,43978.99,43932.93,43937.32,24
2026-06-24T18:25:00Z,43937.32,43950.50,43908.86,43926.43,13
2026-06-24T18:26:00Z,43926.43,43930.82,43915.55,43919.94,11
2026-06-24T18:27:00Z,43919.94,43926.64,43919.94,43922.25,11
2026-06-24T18:28:00Z,43922.25,43931.03,43902.58,43911.36,23
2026-06-24T18:29:00Z,43911.36,43926.85,43902.58,43918.07,21
2026-06-24T18:30:00Z,43918.07,43918.07,43902.80,43911.58,13
2026-06-24T18:31:00Z,43911.58,43922.66,43907.19,43913.88,23
2026-06-24T18:32:00Z,43913.88,43924.97,43896.32,43916.19,9
2026-06-24T18:33:00Z,43916.19,43953.67,43907.41,43940.49,20
2026-06-24T18:34:00Z,43940.49,43944.88,43925.21,43933.99,11
2026-06-24T18:35:00Z,43933.99,43933.99,43927.50,43927.50,11
2026-06-24T18:36:00Z,43927.50,43931.89,43907.81,43912.20,17
2026-06-24T18:37:00Z,43912.20,43912.20,43892.53,43901.31,12
2026-06-24T18:38:00Z,43901.31,43912.41,43883.75,43908.02,16
2026-06-24T18:39:00Z,43908.02,43932.30,43890.46,43923.52,21
2026-06-24T18:40:00Z,43923.52,43941.08,43899.43,43899.43,13
2026-06-24T18:41:00Z,43899.43,43912.59,43875.39,43892.94,10
2026-06-24T18:42:00Z,43892.94,43892.94,43873.27,43877.65,11
2026-06-24T18:43:00Z,43877.65,43906.31,43873.27,43888.76,9
2026-06-24T18:44:00Z,43888.76,43893.14,43869.12,43886.67,24
2026-06-24T18:45:00Z,43886.67,43906.53,43886.67,43893.37,11
2026-06-24T18:46:00Z,43893.37,43902.14,43869.32,43878.09,11
2026-06-24T18:47:00Z,43878.09,43886.86,43849.63,43858.40,10
2026-06-24T18:48:00Z,43858.40,43858.40,43834.34,43838.72,10
2026-06-24T18:49:00Z,43838.72,43851.87,43814.68,43819.06,16
2026-06-24T18:50:00Z,43819.06,43830.14,43819.06,43830.14,24
2026-06-24T18:51:00Z,43830.14,43843.28,43801.69,43801.69,24
2026-06-24T18:52:00Z,43801.69,43825.91,43797.31,43812.77,19
2026-06-24T18:53:00Z,43812.77,43817.15,43793.13,43801.89,20
2026-06-24T18:54:00Z,43801.89,43810.65,43782.30,43799.81,11
2026-06-24T18:55:00Z,43799.81,43804.18,43767.03,43784.54,19
2026-06-24T18:56:00Z,43784.54,43793.29,43764.90,43769.27,25
2026-06-24T18:57:00Z,43769.27,43786.77,43767.19,43767.19,22
2026-06-24T18:58:00Z,43767.19,43780.32,43743.18,43751.93,21
2026-06-24T18:59:00Z,43751.93,43758.62,43751.93,43758.62,13
2026-06-24T19:00:00Z,43758.62,43776.12,43737.20,43737.20,17
2026-06-24T19:01:00Z,43737.20,43754.69,43724.55,43733.29,10
2026-06-24T19:02:00Z,43733.29,43751.24,43720.18,43738.12,25
2026-06-24T19:03:00Z,43738.12,43756.08,43733.75,43738.59,22
2026-06-24T19:04:00Z,43738.59,43769.66,43738.59,43760.91,15
2026-06-24T19:05:00Z,43760.91,43760.91,43735.12,43752.62,11
2026-06-24T19:06:00Z,43752.62,43770.12,43722.46,43735.58,23
2026-06-24T19:07:00Z,43735.58,43766.66,43731.21,43753.54,21
2026-06-24T19:08:00Z,43753.54,43771.04,43745.26,43745.26,24
2026-06-24T19:09:00Z,43745.26,43767.59,43736.52,43750.09,21
2026-06-24T19:10:00Z,43750.09,43754.46,43719.93,43719.93,8
2026-06-24T19:11:00Z,43719.93,43737.41,43711.64,43716.01,18
2026-06-24T19:12:00Z,43716.01,43725.22,43711.64,43716.48,16
2026-06-24T19:13:00Z,43716.48,43721.31,43699.00,43716.94,22
2026-06-24T19:14:00Z,43716.94,43752.38,43708.20,43739.26,15
2026-06-24T19:15:00Z,43739.26,43765.97,43739.26,43757.22,13
2026-06-24T19:16:00Z,43757.22,43783.93,43757.22,43770.80,23
2026-06-24T19:17:00Z,43770.80,43779.55,43762.52,43766.89,10
2026-06-24T19:18:00Z,43766.89,43784.85,43753.76,43784.85,10
2026-06-24T19:19:00Z,43784.85,43798.44,43771.72,43794.07,9
2026-06-24T19:20:00Z,43794.07,43820.80,43776.56,43807.66,17
2026-06-24T19:21:00Z,43807.66,43834.40,43790.14,43821.26,15
2026-06-24T19:22:00Z,43821.26,43821.26,43804.20,43817.34,24
2026-06-24T19:23:00Z,43817.34,43830.48,43804.65,43804.65,19
2026-06-24T19:24:00Z,43804.65,43822.17,43787.60,43787.60,9
2026-06-24T19:25:00Z,43787.60,43814.32,43770.09,43814.32,17
2026-06-24T19:26:00Z,43814.32,43818.70,43784.13,43792.88,22
2026-06-24T19:27:00Z,43792.88,43810.39,43780.21,43788.96,23
2026-06-24T19:28:00Z,43788.96,43820.07,43771.45,43811.31,19
2026-06-24T19:29:00Z,43811.31,43824.45,43772.37,43776.74,20
2026-06-24T19:30:00Z,43776.74,43785.49,43764.07,43764.07,16
2026-06-24T19:31:00Z,43764.07,43777.19,43733.92,43738.29,24
2026-06-24T19:32:00Z,43738.29,43751.41,43681.92,43695.02,10
2026-06-24T19:33:00Z,43695.02,43726.07,43695.02,43712.96,16
2026-06-24T19:34:00Z,43712.96,43748.37,43695.48,43739.63,15
2026-06-24T19:35:00Z,43739.63,43752.75,43718.24,43731.35,24
2026-06-24T19:36:00Z,43731.35,43753.66,43718.24,43753.66,21
2026-06-24T19:37:00Z,43753.66,43780.37,43749.29,43762.87,12
2026-06-24T19:38:00Z,43762.87,43780.37,43737.10,43745.84,21
2026-06-24T19:39:00Z,43745.84,43768.16,43728.35,43755.04,11
2026-06-24T19:40:00Z,43755.04,43759.41,43738.01,43751.13,20
2026-06-24T19:41:00Z,43751.13,43786.57,43746.76,43777.82,17
2026-06-24T19:42:00Z,43777.82,43800.16,43764.69,43791.41,18
2026-06-24T19:43:00Z,43791.41,43791.41,43774.36,43787.49,10
2026-06-24T19:44:00Z,43787.49,43796.24,43757.32,43774.82,17
2026-06-24T19:45:00Z,43774.82,43788.41,43761.69,43788.41,10
2026-06-24T19:46:00Z,43788.41,43797.16,43771.36,43775.73,24
2026-06-24T19:47:00Z,43775.73,43784.48,43749.94,43749.94,15
2026-06-24T19:48:00Z,43749.94,43759.15,43732.45,43750.40,19
2026-06-24T19:49:00Z,43750.40,43754.77,43737.75,43737.75,19
2026-06-24T19:50:00Z,43737.75,43746.95,43720.26,43742.58,24
2026-06-24T19:51:00Z,43742.58,43751.32,43734.30,43734.30,18
2026-06-24T19:52:00Z,43734.30,43747.88,43734.30,43743.51,24
2026-06-24T19:53:00Z,43743.51,43761.00,43726.48,43730.85,21
2026-06-24T19:54:00Z,43730.85,43730.85,43718.20,43726.94,23
2026-06-24T19:55:00Z,43726.94,43753.62,43726.94,43744.88,21
2026-06-24T19:56:00Z,43744.88,43758.00,43714.75,43723.49,14
2026-06-24T19:57:00Z,43723.49,43754.53,43714.75,43750.16,17
2026-06-24T19:58:00Z,43750.16,43758.91,43741.88,43741.88,12
2026-06-24T19:59:00Z,43741.88,43764.21,43741.88,43746.72,22
2026-06-24T20:00:00Z,43746.72,43769.49,43742.35,43751.99,23
2026-06-24T20:01:00Z,43751.99,43770.39,43734.49,43757.27,25
2026-06-24T20:02:00Z,43757.27,43774.77,43736.30,43749.42,8
2026-06-24T20:03:00Z,43749.42,43749.42,43719.70,43724.07,20
2026-06-24T20:04:00Z,43724.07,43733.71,43715.33,43729.34,16
2026-06-24T20:05:00Z,43729.34,43743.36,43729.34,43738.99,12
2026-06-24T20:06:00Z,43738.99,43779.27,43734.62,43761.77,9
2026-06-24T20:07:00Z,43761.77,43780.18,43757.40,43762.68,20
2026-06-24T20:08:00Z,43762.68,43780.18,43741.70,43746.07,21
2026-06-24T20:09:00Z,43746.07,43768.86,43741.70,43760.11,10
2026-06-24T20:10:00Z,43760.11,43778.52,43760.11,43774.15,15
2026-06-24T20:11:00Z,43774.15,43779.44,43761.02,43779.44,9
2026-06-24T20:12:00Z,43779.44,43796.95,43736.55,43745.29,15
2026-06-24T20:13:00Z,43745.29,43781.22,43740.92,43776.85,25
2026-06-24T20:14:00Z,43776.85,43777.77,43768.10,43777.77,11
2026-06-24T20:15:00Z,43777.77,43800.59,43760.26,43800.59,24
2026-06-24T20:16:00Z,43800.59,43809.35,43775.21,43783.96,20
2026-06-24T20:17:00Z,43783.96,43801.47,43762.98,43780.49,14
2026-06-24T20:18:00Z,43780.49,43798.00,43763.88,43768.25,23
2026-06-24T20:19:00Z,43768.25,43769.16,43763.88,43769.16,9
2026-06-24T20:20:00Z,43769.16,43770.07,43756.03,43770.07,9
2026-06-24T20:21:00Z,43770.07,43770.07,43757.84,43762.21,19
2026-06-24T20:22:00Z,43762.21,43771.90,43757.84,43771.90,20
2026-06-24T20:23:00Z,43771.90,43790.31,43758.77,43772.81,9
2026-06-24T20:24:00Z,43772.81,43777.18,43760.56,43760.56,19
2026-06-24T20:25:00Z,43760.56,43787.76,43751.81,43783.39,17
2026-06-24T20:26:00Z,43783.39,43801.82,43783.39,43788.69,23
2026-06-24T20:27:00Z,43788.69,43807.11,43784.32,43789.60,11
2026-06-24T20:28:00Z,43789.60,43793.97,43768.59,43772.96,9
2026-06-24T20:29:00Z,43772.96,43800.17,43759.83,43787.04,19
2026-06-24T20:30:00Z,43787.04,43795.79,43770.43,43779.18,13
2026-06-24T20:31:00Z,43779.18,43779.18,43753.82,43771.32,8
2026-06-24T20:32:00Z,43771.32,43788.82,43737.17,43750.29,10
2026-06-24T20:33:00Z,43750.29,43790.63,43737.17,43773.13,8
2026-06-24T20:34:00Z,43773.13,43781.88,43747.71,43747.71,21
2026-06-24T20:35:00Z,43747.71,43756.45,43722.34,43735.46,15
2026-06-24T20:36:00Z,43735.46,43748.58,43714.49,43727.60,18
2026-06-24T20:37:00Z,43727.60,43737.26,43714.49,43728.52,14
2026-06-24T20:38:00Z,43728.52,43751.33,43715.41,43742.59,25
2026-06-24T20:39:00Z,43742.59,43752.28,43733.85,43752.28,9
2026-06-24T20:40:00Z,43752.28,43761.03,43726.86,43726.86,10
2026-06-24T20:41:00Z,43726.86,43732.16,43718.12,43732.16,23
2026-06-24T20:42:00Z,43732.16,43776.90,43719.05,43759.40,20
2026-06-24T20:43:00Z,43759.40,43790.99,43750.65,43773.49,24
2026-06-24T20:44:00Z,43773.49,43796.38,43760.36,43796.38,12
2026-06-24T20:45:00Z,43796.38,43809.51,43779.76,43788.51,18
2026-06-24T20:46:00Z,43788.51,43789.43,43779.76,43789.43,24
2026-06-24T20:47:00Z,43789.43,43807.89,43785.06,43799.14,9
2026-06-24T20:48:00Z,43799.14,43817.58,43790.39,43800.06,16
2026-06-24T20:49:00Z,43800.06,43804.44,43748.31,43765.81,16
2026-06-24T20:50:00Z,43765.81,43778.93,43740.43,43753.55,13
2026-06-24T20:51:00Z,43753.55,43771.05,43710.58,43719.32,18
2026-06-24T20:52:00Z,43719.32,43736.80,43698.38,43715.86,23
2026-06-24T20:53:00Z,43715.86,43715.86,43699.28,43712.39,14
2026-06-24T20:54:00Z,43712.39,43725.50,43678.26,43691.36,9
2026-06-24T20:55:00Z,43691.36,43695.72,43674.77,43683.50,11
2026-06-24T20:56:00Z,43683.50,43715.05,43674.77,43697.58,17
2026-06-24T20:57:00Z,43697.58,43711.59,43688.85,43698.49,15
2026-06-24T20:58:00Z,43698.49,43707.22,43673.14,43686.24,11
2026-06-24T20:59:00Z,43686.24,43690.60,43638.98,43656.44,8
2026-06-24T21:00:00Z,43656.44,43656.44,43641.05,43649.77,24
2026-06-24T21:01:00Z,43649.77,43673.67,43632.32,43656.21,11
2026-06-24T21:02:00Z,43656.21,43671.38,43638.75,43671.38,8
2026-06-24T21:03:00Z,43671.38,43684.48,43647.25,43651.61,17
2026-06-24T21:04:00Z,43651.61,43662.41,43647.25,43662.41,25
2026-06-24T21:05:00Z,43662.41,43666.77,43647.03,43660.12,10
2026-06-24T21:06:00Z,43660.12,43688.38,43660.12,43670.92,14
2026-06-24T21:07:00Z,43670.92,43679.65,43655.53,43659.89,12
2026-06-24T21:08:00Z,43659.89,43701.27,43659.89,43688.17,21
2026-06-24T21:09:00Z,43688.17,43690.25,43679.44,43690.25,22
2026-06-24T21:10:00Z,43690.25,43696.70,43681.52,43696.70,21
2026-06-24T21:11:00Z,43696.70,43701.06,43659.45,43676.92,20
2026-06-24T21:12:00Z,43676.92,43676.92,43665.87,43665.87,10
2026-06-24T21:13:00Z,43665.87,43665.87,43637.38,43654.84,8
2026-06-24T21:14:00Z,43654.84,43670.01,43641.75,43661.28,12
2026-06-24T21:15:00Z,43661.28,43670.01,43641.53,43654.62,21
2026-06-24T21:16:00Z,43654.62,43658.98,43634.87,43643.59,21
2026-06-24T21:17:00Z,43643.59,43667.49,43634.87,43654.40,25
2026-06-24T21:18:00Z,43654.40,43665.19,43636.94,43656.46,17
2026-06-24T21:19:00Z,43656.46,43673.92,43623.59,43636.68,12
2026-06-24T21:20:00Z,43636.68,43649.77,43621.29,43625.65,10
2026-06-24T21:21:00Z,43625.65,43638.73,43610.26,43614.62,13
2026-06-24T21:22:00Z,43614.62,43632.06,43590.51,43594.86,11
2026-06-24T21:23:00Z,43594.86,43605.66,43577.43,43605.66,9
2026-06-24T21:24:00Z,43605.66,43633.91,43601.30,43625.19,24
2026-06-24T21:25:00Z,43625.19,43633.91,43618.53,43618.53,13
2026-06-24T21:26:00Z,43618.53,43635.97,43585.69,43603.13,14
2026-06-24T21:27:00Z,43603.13,43603.13,43583.40,43596.47,13
2026-06-24T21:28:00Z,43596.47,43615.97,43592.12,43598.54,17
2026-06-24T21:29:00Z,43598.54,43615.97,43570.08,43583.15,9
2026-06-24T21:30:00Z,43583.15,43583.15,43559.02,43559.02,11
2026-06-24T21:31:00Z,43559.02,43587.25,43550.31,43574.18,15
2026-06-24T21:32:00Z,43574.18,43593.68,43565.47,43576.25,24
2026-06-24T21:33:00Z,43576.25,43600.12,43567.54,43587.05,11
2026-06-24T21:34:00Z,43587.05,43606.56,43582.70,43593.49,16
2026-06-24T21:35:00Z,43593.49,43621.77,43584.78,43621.77,21
2026-06-24T21:36:00Z,43621.77,43634.85,43584.53,43593.24,20
2026-06-24T21:37:00Z,43593.24,43601.95,43573.50,43582.21,18
2026-06-24T21:38:00Z,43582.21,43599.64,43536.28,43544.98,19
2026-06-24T21:39:00Z,43544.98,43549.33,43533.99,43542.69,23
2026-06-24T21:40:00Z,43542.69,43562.20,43538.34,43557.85,23
2026-06-24T21:41:00Z,43557.85,43594.81,43540.43,43577.38,15
2026-06-24T21:42:00Z,43577.38,43581.73,43557.64,43570.71,23
2026-06-24T21:43:00Z,43570.71,43583.78,43533.52,43546.58,9
2026-06-24T21:44:00Z,43546.58,43583.54,43537.88,43570.47,12
2026-06-24T21:45:00Z,43570.47,43589.98,43557.40,43576.91,21
2026-06-24T21:46:00Z,43576.91,43576.91,43539.69,43544.04,21
2026-06-24T21:47:00Z,43544.04,43572.26,43535.34,43554.84,11
2026-06-24T21:48:00Z,43554.84,43554.84,43530.74,43543.80,11
2026-06-24T21:49:00Z,43543.80,43558.93,43526.39,43545.87,22
2026-06-24T21:50:00Z,43545.87,43563.28,43534.86,43539.21,24
2026-06-24T21:51:00Z,43539.21,43539.21,43506.39,43515.09,22
2026-06-24T21:52:00Z,43515.09,43538.92,43506.39,43521.52,21
2026-06-24T21:53:00Z,43521.52,43521.52,43471.26,43479.95,25
2026-06-24T21:54:00Z,43479.95,43484.29,43455.88,43468.92,10
2026-06-24T21:55:00Z,43468.92,43497.14,43464.58,43497.14,15
2026-06-24T21:56:00Z,43497.14,43503.55,43488.45,43499.21,13
2026-06-24T21:57:00Z,43499.21,43531.78,43486.17,43518.73,17
2026-06-24T21:58:00Z,43518.73,43518.73,43498.99,43503.34,9
2026-06-24T21:59:00Z,43503.34,43557.73,43494.64,43540.32,11
2026-06-24T22:00:00Z,43540.32,43557.73,43525.30,43538.36,19
2026-06-24T22:01:00Z,43538.36,43551.42,43519.00,43532.05,9
2026-06-24T22:02:00Z,43532.05,43543.15,43532.05,43534.45,16
2026-06-24T22:03:00Z,43534.45,43538.80,43528.14,43528.14,12
2026-06-24T22:04:00Z,43528.14,43532.49,43487.03,43504.43,13
2026-06-24T22:05:00Z,43504.43,43519.87,43495.73,43511.17,25
2026-06-24T22:06:00Z,43511.17,43530.96,43498.12,43522.26,12
2026-06-24T22:07:00Z,43522.26,43555.12,43517.91,43537.71,20
2026-06-24T22:08:00Z,43537.71,43566.23,43529.01,43553.17,23
2026-06-24T22:09:00Z,43553.17,43586.04,43548.82,43568.62,23
2026-06-24T22:10:00Z,43568.62,43581.69,43553.60,43562.31,21
2026-06-24T22:11:00Z,43562.31,43577.77,43544.89,43564.71,21
2026-06-24T22:12:00Z,43564.71,43601.95,43551.65,43588.88,12
2026-06-24T22:13:00Z,43588.88,43613.05,43580.17,43613.05,19
2026-06-24T22:14:00Z,43613.05,43663.40,43613.05,43650.31,12
2026-06-24T22:15:00Z,43650.31,43665.80,43641.58,43657.07,15
2026-06-24T22:16:00Z,43657.07,43672.56,43648.34,43663.83,12
2026-06-24T22:17:00Z,43663.83,43681.29,43644.42,43657.51,15
2026-06-24T22:18:00Z,43657.51,43681.72,43653.15,43672.99,18
2026-06-24T22:19:00Z,43672.99,43710.30,43659.89,43701.56,15
2026-06-24T22:20:00Z,43701.56,43719.04,43673.39,43690.86,20
2026-06-24T22:21:00Z,43690.86,43736.93,43686.50,43719.45,25
2026-06-24T22:22:00Z,43719.45,43739.31,43710.71,43734.94,23
2026-06-24T22:23:00Z,43734.94,43734.94,43715.49,43724.23,11
2026-06-24T22:24:00Z,43724.23,43732.97,43704.79,43709.16,10
2026-06-24T22:25:00Z,43709.16,43717.90,43685.38,43694.11,19
2026-06-24T22:26:00Z,43694.11,43748.90,43694.11,43731.41,11
2026-06-24T22:27:00Z,43731.41,43746.91,43731.41,43742.54,12
2026-06-24T22:28:00Z,43742.54,43746.91,43714.36,43718.73,16
2026-06-24T22:29:00Z,43718.73,43729.86,43718.73,43729.86,21
2026-06-24T22:30:00Z,43729.86,43742.97,43706.04,43723.52,9
2026-06-24T22:31:00Z,43723.52,43732.26,43704.08,43712.82,23
2026-06-24T22:32:00Z,43712.82,43721.56,43702.12,43706.49,24
2026-06-24T22:33:00Z,43706.49,43721.99,43706.49,43713.25,12
2026-06-24T22:34:00Z,43713.25,43724.38,43700.14,43724.38,19
2026-06-24T22:35:00Z,43724.38,43766.08,43706.90,43752.96,16
2026-06-24T22:36:00Z,43752.96,43757.33,43742.24,43750.99,22
2026-06-24T22:37:00Z,43750.99,43788.35,43746.62,43770.85,10
2026-06-24T22:38:00Z,43770.85,43770.85,43747.03,43760.15,20
2026-06-24T22:39:00Z,43760.15,43760.15,43731.98,43736.35,15
2026-06-24T22:40:00Z,43736.35,43743.12,43736.35,43738.75,13
2026-06-24T22:41:00Z,43738.75,43758.64,43721.26,43741.15,24
2026-06-24T22:42:00Z,43741.15,43758.64,43726.09,43734.83,21
2026-06-24T22:43:00Z,43734.83,43752.32,43732.86,43732.86,24
2026-06-24T22:44:00Z,43732.86,43745.97,43717.80,43717.80,19
2026-06-24T22:45:00Z,43717.80,43726.54,43694.03,43698.39,11
2026-06-24T22:46:00Z,43698.39,43718.22,43680.92,43718.22,20
2026-06-24T22:47:00Z,43718.22,43735.70,43703.17,43707.54,20
2026-06-24T22:48:00Z,43707.54,43727.38,43698.80,43723.01,11
2026-06-24T22:49:00Z,43723.01,43755.97,43709.90,43742.85,18
2026-06-24T22:50:00Z,43742.85,43747.22,43723.39,43740.88,12
2026-06-24T22:51:00Z,43740.88,43752.01,43740.88,43752.01,20
2026-06-24T22:52:00Z,43752.01,43760.76,43732.54,43750.04,11
2026-06-24T22:53:00Z,43750.04,43769.94,43736.92,43752.44,24
2026-06-24T22:54:00Z,43752.44,43789.76,43739.32,43781.01,16
2026-06-24T22:55:00Z,43781.01,43781.01,43774.69,43774.69,21
2026-06-24T22:56:00Z,43774.69,43781.46,43774.69,43777.09,23
2026-06-24T22:57:00Z,43777.09,43785.84,43735.80,43753.30,24
2026-06-24T22:58:00Z,43753.30,43777.51,43748.93,43773.14,23
2026-06-24T22:59:00Z,43773.14,43777.51,43758.07,43766.82,17
2026-06-24T23:00:00Z,43766.82,43777.86,43749.32,43777.86,21
2026-06-24T23:01:00Z,43777.86,43790.99,43740.76,43758.26,24
2026-06-24T23:02:00Z,43758.26,43775.76,43747.42,43747.42,13
2026-06-24T23:03:00Z,43747.42,43762.84,43738.68,43754.09,10
2026-06-24T23:04:00Z,43754.09,43758.46,43738.89,43747.63,9
2026-06-24T23:05:00Z,43747.63,43749.92,43730.14,43749.92,10
2026-06-24T23:06:00Z,43749.92,43767.41,43721.58,43730.32,17
2026-06-24T23:07:00Z,43730.32,43741.36,43717.21,43736.99,13
2026-06-24T23:08:00Z,43736.99,43750.11,43699.91,43717.39,24
2026-06-24T23:09:00Z,43717.39,43734.87,43702.17,43702.17,9
2026-06-24T23:10:00Z,43702.17,43708.84,43697.80,43708.84,12
2026-06-24T23:11:00Z,43708.84,43728.64,43700.10,43728.64,20
2026-06-24T23:12:00Z,43728.64,43744.05,43724.27,43730.94,11
2026-06-24T23:13:00Z,43730.94,43759.50,43730.94,43746.38,16
2026-06-24T23:14:00Z,43746.38,43759.50,43709.27,43726.76,14
2026-06-24T23:15:00Z,43726.76,43744.25,43685.29,43702.77,14
2026-06-24T23:16:00Z,43702.77,43707.14,43656.92,43670.02,10
2026-06-24T23:17:00Z,43670.02,43674.38,43659.20,43663.56,17
2026-06-24T23:18:00Z,43663.56,43683.33,43659.20,43670.23,25
2026-06-24T23:19:00Z,43670.23,43707.53,43665.87,43694.43,19
2026-06-24T23:20:00Z,43694.43,43714.25,43690.07,43709.88,14
2026-06-24T23:21:00Z,43709.88,43725.31,43701.14,43716.57,14
2026-06-24T23:22:00Z,43716.57,43720.94,43705.75,43714.49,20
2026-06-24T23:23:00Z,43714.49,43729.92,43697.01,43721.18,23
2026-06-24T23:24:00Z,43721.18,43736.62,43712.44,43727.88,22
2026-06-24T23:25:00Z,43727.88,43736.62,43703.88,43708.25,13
2026-06-24T23:26:00Z,43708.25,43732.43,43695.14,43714.95,11
2026-06-24T23:27:00Z,43714.95,43732.43,43704.10,43704.10,23
2026-06-24T23:28:00Z,43704.10,43712.84,43666.96,43675.69,15
2026-06-24T23:29:00Z,43675.69,43680.05,43642.93,43647.29,21
2026-06-24T23:30:00Z,43647.29,43662.75,43638.57,43662.75,16
2026-06-24T23:31:00Z,43662.75,43673.80,43654.02,43669.44,11
2026-06-24T23:32:00Z,43669.44,43689.21,43660.71,43671.75,18
2026-06-24T23:33:00Z,43671.75,43695.94,43663.02,43682.84,17
2026-06-24T23:34:00Z,43682.84,43691.57,43672.04,43680.77,9
2026-06-24T23:35:00Z,43680.77,43698.24,43656.81,43669.91,18
2026-06-24T23:36:00Z,43669.91,43702.87,43656.81,43685.40,23
2026-06-24T23:37:00Z,43685.40,43714.03,43667.93,43705.29,10
2026-06-24T23:38:00Z,43705.29,43709.66,43659.35,43672.45,11
2026-06-24T23:39:00Z,43672.45,43681.18,43644.09,43652.82,8
2026-06-24T23:40:00Z,43652.82,43657.18,43628.87,43641.96,25
2026-06-24T23:41:00Z,43641.96,43646.32,43622.32,43622.32,17
2026-06-24T23:42:00Z,43622.32,43633.41,43609.24,43633.41,10
2026-06-24T23:43:00Z,43633.41,43642.13,43613.89,43631.34,19
2026-06-24T23:44:00Z,43631.34,43644.42,43611.76,43620.48,22
2026-06-24T23:45:00Z,43620.48,43644.69,43620.48,43635.97,23
2026-06-24T23:46:00Z,43635.97,43635.97,43603.28,43620.72,11
2026-06-24T23:47:00Z,43620.72,43644.90,43603.28,43631.82,18
2026-06-24T23:48:00Z,43631.82,43649.27,43625.39,43629.75,14
2026-06-24T23:49:00Z,43629.75,43654.01,43621.03,43649.65,14
2026-06-24T23:50:00Z,43649.65,43654.01,43638.86,43647.58,9
2026-06-24T23:51:00Z,43647.58,43665.03,43632.36,43636.72,16
2026-06-24T23:52:00Z,43636.72,43654.17,43621.50,43625.86,13
2026-06-24T23:53:00Z,43625.86,43625.86,43619.40,43619.40,13
2026-06-24T23:54:00Z,43619.40,43652.43,43619.40,43643.71,21
2026-06-24T23:55:00Z,43643.71,43648.07,43606.49,43610.85,9
2026-06-24T23:56:00Z,43610.85,43615.21,43595.70,43608.78,14
2026-06-24T23:57:00Z,43608.78,43624.19,43600.06,43611.11,20
2026-06-24T23:58:00Z,43611.11,43619.83,43609.04,43609.04,19
2026-06-24T23:59:00Z,43609.04,43609.04,43598.19,43598.19,21
2026-06-25T00:00:00Z,43598.19,43615.92,43589.48,43611.56,15
2026-06-25T00:01:00Z,43611.56,43611.56,43585.69,43603.13,20
2026-06-25T00:02:00Z,43603.13,43603.13,43581.63,43585.98,20
2026-06-25T00:03:00Z,43585.98,43608.07,43568.55,43603.71,21
2026-06-25T00:04:00Z,43603.71,43630.18,43599.35,43621.46,21
2026-06-25T00:05:00Z,43621.46,43643.57,43612.74,43626.12,17
2026-06-25T00:06:00Z,43626.12,43652.59,43613.04,43639.50,17
2026-06-25T00:07:00Z,43639.50,43648.22,43613.62,43631.07,21
2026-06-25T00:08:00Z,43631.07,43648.81,43622.35,43644.45,19
2026-06-25T00:09:00Z,43644.45,43644.76,43627.00,43644.76,11
2026-06-25T00:10:00Z,43644.76,43662.51,43640.40,43662.51,10
2026-06-25T00:11:00Z,43662.51,43684.63,43649.42,43675.90,19
2026-06-25T00:12:00Z,43675.90,43680.26,43667.46,43667.46,10
2026-06-25T00:13:00Z,43667.46,43689.60,43658.73,43676.50,10
2026-06-25T00:14:00Z,43676.50,43689.60,43650.60,43654.96,11
2026-06-25T00:15:00Z,43654.96,43663.69,43620.34,43629.06,8
2026-06-25T00:16:00Z,43629.06,43633.42,43590.10,43607.54,12
2026-06-25T00:17:00Z,43607.54,43651.45,43598.82,43638.36,20
2026-06-25T00:18:00Z,43638.36,43651.75,43629.64,43643.03,14
2026-06-25T00:19:00Z,43643.03,43651.75,43625.88,43634.60,9
2026-06-25T00:20:00Z,43634.60,43643.32,43604.36,43617.44,16
2026-06-25T00:21:00Z,43617.44,43630.52,43582.85,43600.29,20
2026-06-25T00:22:00Z,43600.29,43613.37,43596.23,43596.23,21
2026-06-25T00:23:00Z,43596.23,43604.94,43592.18,43592.18,24
2026-06-25T00:24:00Z,43592.18,43618.63,43583.47,43614.27,17
2026-06-25T00:25:00Z,43614.27,43627.35,43592.76,43605.84,25
2026-06-25T00:26:00Z,43605.84,43632.29,43588.40,43627.93,10
2026-06-25T00:27:00Z,43627.93,43641.01,43584.63,43593.34,15
2026-06-25T00:28:00Z,43593.34,43632.87,43584.63,43619.79,12
2026-06-25T00:29:00Z,43619.79,43632.87,43615.72,43615.72,14
2026-06-25T00:30:00Z,43615.72,43620.08,43602.93,43602.93,24
2026-06-25T00:31:00Z,43602.93,43611.65,43585.80,43598.87,16
2026-06-25T00:32:00Z,43598.87,43638.41,43585.80,43625.33,12
2026-06-25T00:33:00Z,43625.33,43660.52,43612.25,43656.16,23
2026-06-25T00:34:00Z,43656.16,43691.38,43638.70,43678.28,20
2026-06-25T00:35:00Z,43678.28,43687.01,43661.11,43665.47,22
2026-06-25T00:36:00Z,43665.47,43678.56,43630.86,43648.31,16
2026-06-25T00:37:00Z,43648.31,43687.89,43639.59,43674.79,9
2026-06-25T00:38:00Z,43674.79,43683.52,43644.53,43657.62,18
2026-06-25T00:39:00Z,43657.62,43657.62,43631.74,43649.19,22
2026-06-25T00:40:00Z,43649.19,43649.19,43623.31,43632.03,21
2026-06-25T00:41:00Z,43632.03,43658.51,43632.03,43641.06,25
2026-06-25T00:42:00Z,43641.06,43658.81,43641.06,43641.36,9
2026-06-25T00:43:00Z,43641.36,43663.47,43632.64,43646.02,20
2026-06-25T00:44:00Z,43646.02,43646.02,43620.15,43633.23,24
2026-06-25T00:45:00Z,43633.23,43646.61,43624.51,43646.61,9
2026-06-25T00:46:00Z,43646.61,43668.73,43633.52,43664.37,15
2026-06-25T00:47:00Z,43664.37,43673.39,43646.91,43669.03,11
2026-06-25T00:48:00Z,43669.03,43708.62,43651.57,43691.15,18
2026-06-25T00:49:00Z,43691.15,43691.15,43673.98,43687.08,23
2026-06-25T00:50:00Z,43687.08,43704.86,43682.72,43687.39,19
2026-06-25T00:51:00Z,43687.39,43700.79,43678.66,43700.79,13
2026-06-25T00:52:00Z,43700.79,43718.56,43683.31,43709.82,11
2026-06-25T00:53:00Z,43709.82,43727.30,43666.43,43683.90,21
2026-06-25T00:54:00Z,43683.90,43701.66,43679.54,43701.66,17
2026-06-25T00:55:00Z,43701.66,43710.70,43697.29,43706.33,14
2026-06-25T00:56:00Z,43706.33,43711.00,43706.33,43706.63,13
2026-06-25T00:57:00Z,43706.63,43715.37,43663.24,43663.24,9
2026-06-25T00:58:00Z,43663.24,43671.97,43632.99,43637.35,12
2026-06-25T00:59:00Z,43637.35,43650.44,43615.84,43633.29,18
2026-06-25T01:00:00Z,43633.29,43643.83,43633.29,43643.83,14
2026-06-25T01:01:00Z,43643.83,43652.55,43628.20,43632.56,14
2026-06-25T01:02:00Z,43632.56,43643.11,43628.20,43634.39,9
2026-06-25T01:03:00Z,43634.39,43675.49,43625.67,43666.76,22
2026-06-25T01:04:00Z,43666.76,43686.06,43653.66,43672.96,12
2026-06-25T01:05:00Z,43672.96,43690.42,43652.96,43666.05,24
2026-06-25T01:06:00Z,43666.05,43685.35,43648.59,43680.99,12
2026-06-25T01:07:00Z,43680.99,43689.72,43665.34,43665.34,17
2026-06-25T01:08:00Z,43665.34,43680.27,43660.98,43675.91,20
2026-06-25T01:09:00Z,43675.91,43693.38,43638.43,43655.89,22
2026-06-25T01:10:00Z,43655.89,43670.81,43642.80,43662.08,13
2026-06-25T01:11:00Z,43662.08,43670.81,43624.61,43633.33,11
2026-06-25T01:12:00Z,43633.33,43642.05,43613.34,43630.79,8
2026-06-25T01:13:00Z,43630.79,43630.79,43606.44,43619.52,14
2026-06-25T01:14:00Z,43619.52,43630.07,43619.52,43630.07,17
2026-06-25T01:15:00Z,43630.07,43645.00,43616.99,43645.00,11
2026-06-25T01:16:00Z,43645.00,43645.00,43642.46,43642.46,9
2026-06-25T01:17:00Z,43642.46,43666.13,43642.46,43661.77,12
2026-06-25T01:18:00Z,43661.77,43667.96,43644.31,43663.60,18
2026-06-25T01:19:00Z,43663.60,43709.13,43654.87,43696.03,12
2026-06-25T01:20:00Z,43696.03,43710.96,43696.03,43697.86,21
2026-06-25T01:21:00Z,43697.86,43697.86,43682.19,43682.19,23
2026-06-25T01:22:00Z,43682.19,43688.40,43682.19,43688.40,14
2026-06-25T01:23:00Z,43688.40,43712.07,43670.93,43694.60,10
2026-06-25T01:24:00Z,43694.60,43707.70,43674.60,43692.07,17
2026-06-25T01:25:00Z,43692.07,43707.03,43692.07,43707.03,21
2026-06-25T01:26:00Z,43707.03,43743.88,43707.03,43739.51,10
2026-06-25T01:27:00Z,43739.51,43754.47,43726.39,43741.35,9
2026-06-25T01:28:00Z,43741.35,43741.35,43708.18,43721.29,25
2026-06-25T01:29:00Z,43721.29,43721.29,43714.37,43714.37,20
2026-06-25T01:30:00Z,43714.37,43720.57,43710.00,43716.20,12
2026-06-25T01:31:00Z,43716.20,43726.78,43703.09,43718.04,19
2026-06-25T01:32:00Z,43718.04,43741.74,43700.56,43728.63,20
2026-06-25T01:33:00Z,43728.63,43741.74,43726.10,43726.10,13
2026-06-25T01:34:00Z,43726.10,43741.08,43712.99,43741.08,21
2026-06-25T01:35:00Z,43741.08,43741.08,43716.64,43721.01,19
2026-06-25T01:36:00Z,43721.01,43757.88,43721.01,43753.51,14
2026-06-25T01:37:00Z,43753.51,43766.63,43746.59,43746.59,24
2026-06-25T01:38:00Z,43746.59,43746.59,43726.52,43730.89,18
2026-06-25T01:39:00Z,43730.89,43748.38,43697.71,43710.82,22
2026-06-25T01:40:00Z,43710.82,43743.30,43697.71,43734.56,10
2026-06-25T01:41:00Z,43734.56,43752.05,43692.62,43710.10,19
2026-06-25T01:42:00Z,43710.10,43720.69,43701.36,43711.95,9
2026-06-25T01:43:00Z,43711.95,43731.28,43707.58,43718.17,23
2026-06-25T01:44:00Z,43718.17,43718.17,43698.10,43698.10,18
2026-06-25T01:45:00Z,43698.10,43715.57,43673.68,43682.41,18
2026-06-25T01:46:00Z,43682.41,43691.14,43653.63,43662.36,21
2026-06-25T01:47:00Z,43662.36,43694.80,43653.63,43677.33,13
2026-06-25T01:48:00Z,43677.33,43696.66,43659.86,43687.93,24
2026-06-25T01:49:00Z,43687.93,43705.40,43650.36,43654.72,22
2026-06-25T01:50:00Z,43654.72,43667.81,43625.97,43643.42,14
2026-06-25T01:51:00Z,43643.42,43656.51,43601.52,43610.24,10
2026-06-25T01:52:00Z,43610.24,43612.07,43592.80,43612.07,13
2026-06-25T01:53:00Z,43612.07,43616.43,43596.43,43600.79,21
2026-06-25T01:54:00Z,43600.79,43609.51,43576.41,43585.12,21
2026-06-25T01:55:00Z,43585.12,43600.04,43567.69,43591.33,17
2026-06-25T01:56:00Z,43591.33,43610.62,43578.26,43601.90,11
2026-06-25T01:57:00Z,43601.90,43601.90,43595.02,43599.37,25
2026-06-25T01:58:00Z,43599.37,43612.44,43574.98,43579.33,22
2026-06-25T01:59:00Z,43579.33,43585.52,43570.62,43581.17,12
2026-06-25T02:00:00Z,43581.17,43615.60,43563.74,43598.17,16
2026-06-25T02:01:00Z,43598.17,43602.52,43558.52,43575.95,19
2026-06-25T02:02:00Z,43575.95,43575.95,43553.73,43553.73,22
2026-06-25T02:03:00Z,43553.73,43566.37,43540.67,43562.02,12
2026-06-25T02:04:00Z,43562.02,43609.51,43553.31,43592.08,16
2026-06-25T02:05:00Z,43592.08,43609.51,43587.30,43587.30,24
2026-06-25T02:06:00Z,43587.30,43604.29,43574.23,43595.58,20
2026-06-25T02:07:00Z,43595.58,43604.29,43582.09,43595.16,19
2026-06-25T02:08:00Z,43595.16,43620.88,43577.73,43616.52,19
2026-06-25T02:09:00Z,43616.52,43633.96,43568.13,43581.20,19
2026-06-25T02:10:00Z,43581.20,43594.27,43550.27,43550.27,20
2026-06-25T02:11:00Z,43550.27,43562.90,43545.92,43562.90,18
2026-06-25T02:12:00Z,43562.90,43566.83,43562.90,43566.83,18
2026-06-25T02:13:00Z,43566.83,43579.90,43540.26,43553.32,21
2026-06-25T02:14:00Z,43553.32,43565.96,43548.97,43565.96,10
2026-06-25T02:15:00Z,43565.96,43574.67,43539.39,43552.45,10
2026-06-25T02:16:00Z,43552.45,43552.45,43517.18,43521.53,19
2026-06-25T02:17:00Z,43521.53,43530.23,43494.99,43499.33,24
2026-06-25T02:18:00Z,43499.33,43499.33,43477.16,43494.55,9
2026-06-25T02:19:00Z,43494.55,43498.89,43459.33,43476.72,9
2026-06-25T02:20:00Z,43476.72,43511.07,43468.03,43493.68,21
2026-06-25T02:21:00Z,43493.68,43493.68,43458.46,43475.85,24
2026-06-25T02:22:00Z,43475.85,43510.20,43471.51,43505.85,12
2026-06-25T02:23:00Z,43505.85,43527.18,43501.50,43509.78,9
2026-06-25T02:24:00Z,43509.78,43548.51,43501.08,43531.10,13
2026-06-25T02:25:00Z,43531.10,43561.16,43518.05,43552.45,18
2026-06-25T02:26:00Z,43552.45,43552.45,43534.60,43552.02,21
2026-06-25T02:27:00Z,43552.02,43586.45,43543.31,43573.38,12
2026-06-25T02:28:00Z,43573.38,43582.09,43568.60,43572.95,12
2026-06-25T02:29:00Z,43572.95,43603.03,43572.95,43594.32,10
2026-06-25T02:30:00Z,43594.32,43628.78,43589.97,43620.06,22
2026-06-25T02:31:00Z,43620.06,43624.42,43602.18,43610.90,14
2026-06-25T02:32:00Z,43610.90,43623.98,43606.11,43606.11,15
2026-06-25T02:33:00Z,43606.11,43618.76,43601.75,43610.04,23
2026-06-25T02:34:00Z,43610.04,43627.06,43601.32,43618.34,10
2026-06-25T02:35:00Z,43618.34,43626.63,43605.26,43622.27,14
2026-06-25T02:36:00Z,43622.27,43635.35,43613.12,43617.48,11
2026-06-25T02:37:00Z,43617.48,43626.20,43612.69,43617.05,12
2026-06-25T02:38:00Z,43617.05,43620.99,43617.05,43620.99,22
2026-06-25T02:39:00Z,43620.99,43620.99,43607.48,43616.20,21
2026-06-25T02:40:00Z,43616.20,43650.67,43616.20,43637.58,24
2026-06-25T02:41:00Z,43637.58,43646.30,43615.33,43619.69,8
2026-06-25T02:42:00Z,43619.69,43637.13,43610.53,43614.89,19
2026-06-25T02:43:00Z,43614.89,43636.27,43610.53,43618.83,23
2026-06-25T02:44:00Z,43618.83,43627.55,43600.94,43605.30,14
2026-06-25T02:45:00Z,43605.30,43613.60,43587.86,43609.24,16
2026-06-25T02:46:00Z,43609.24,43621.89,43591.80,43617.53,15
2026-06-25T02:47:00Z,43617.53,43643.28,43600.09,43638.92,13
2026-06-25T02:48:00Z,43638.92,43669.04,43625.83,43651.58,24
2026-06-25T02:49:00Z,43651.58,43659.88,43634.12,43655.52,20
2026-06-25T02:50:00Z,43655.52,43659.88,43646.37,43655.10,9
2026-06-25T02:51:00Z,43655.10,43663.83,43624.11,43641.56,15
2026-06-25T02:52:00Z,43641.56,43641.56,43623.67,43623.67,14
2026-06-25T02:53:00Z,43623.67,43653.78,43619.31,43636.33,17
2026-06-25T02:54:00Z,43636.33,43675.19,43623.24,43657.73,24
2026-06-25T02:55:00Z,43657.73,43675.19,43635.45,43635.45,14
2026-06-25T02:56:00Z,43635.45,43648.54,43617.58,43635.03,12
2026-06-25T02:57:00Z,43635.03,43656.42,43621.94,43652.06,23
2026-06-25T02:58:00Z,43652.06,43656.42,43612.35,43629.80,15
2026-06-25T02:59:00Z,43629.80,43664.29,43616.72,43646.84,15
2026-06-25T03:00:00Z,43646.84,43664.29,43615.64,43628.72,21
2026-06-25T03:01:00Z,43628.72,43645.50,43611.27,43632.42,16
2026-06-25T03:02:00Z,43632.42,43653.58,43632.42,43636.13,16
2026-06-25T03:03:00Z,43636.13,43670.39,43636.13,43657.30,14
2026-06-25T03:04:00Z,43657.30,43678.49,43652.94,43678.49,17
2026-06-25T03:05:00Z,43678.49,43678.49,43669.09,43669.09,10
2026-06-25T03:06:00Z,43669.09,43673.45,43633.50,43646.59,23
2026-06-25T03:07:00Z,43646.59,43646.59,43619.75,43628.47,13
2026-06-25T03:08:00Z,43628.47,43628.47,43610.36,43619.08,24
2026-06-25T03:09:00Z,43619.08,43627.80,43596.61,43600.97,24
2026-06-25T03:10:00Z,43600.97,43618.41,43582.87,43591.58,16
2026-06-25T03:11:00Z,43591.58,43595.93,43573.48,43582.19,18
2026-06-25T03:12:00Z,43582.19,43590.90,43572.83,43577.18,14
2026-06-25T03:13:00Z,43577.18,43598.33,43577.18,43593.98,15
2026-06-25T03:14:00Z,43593.98,43602.69,43532.26,43549.67,17
2026-06-25T03:15:00Z,43549.67,43558.37,43535.95,43549.01,18
2026-06-25T03:16:00Z,43549.01,43557.71,43535.29,43548.35,8
2026-06-25T03:17:00Z,43548.35,43561.41,43517.19,43530.24,17
2026-06-25T03:18:00Z,43530.24,43543.29,43499.08,43512.13,10
2026-06-25T03:19:00Z,43512.13,43512.13,43502.75,43502.75,20
2026-06-25T03:20:00Z,43502.75,43502.75,43471.58,43475.92,19
2026-06-25T03:21:00Z,43475.92,43493.31,43457.86,43475.25,19
2026-06-25T03:22:00Z,43475.25,43483.29,43470.91,43478.95,8
2026-06-25T03:23:00Z,43478.95,43500.03,43478.95,43482.64,12
2026-06-25T03:24:00Z,43482.64,43500.03,43455.82,43455.82,13
2026-06-25T03:25:00Z,43455.82,43468.85,43442.12,43455.15,11
2026-06-25T03:26:00Z,43455.15,43468.18,43432.73,43441.41,20
2026-06-25T03:27:00Z,43441.41,43454.44,43397.25,43414.61,20
2026-06-25T03:28:00Z,43414.61,43414.61,43392.16,43392.16,15
2026-06-25T03:29:00Z,43392.16,43405.17,43378.49,43391.50,14
2026-06-25T03:30:00Z,43391.50,43395.83,43382.15,43386.48,19
2026-06-25T03:31:00Z,43386.48,43390.81,43368.46,43385.81,9
2026-06-25T03:32:00Z,43385.81,43390.14,43363.42,43372.09,20
2026-06-25T03:33:00Z,43372.09,43389.43,43367.07,43367.07,11
2026-06-25T03:34:00Z,43367.07,43371.40,43344.72,43362.06,9
2026-06-25T03:35:00Z,43362.06,43391.81,43344.72,43378.80,18
2026-06-25T03:36:00Z,43378.80,43378.80,43356.41,43369.42,11
2026-06-25T03:37:00Z,43369.42,43394.85,43365.09,43386.18,9
2026-06-25T03:38:00Z,43386.18,43394.85,43381.18,43385.51,19
2026-06-25T03:39:00Z,43385.51,43406.60,43376.84,43397.93,13
2026-06-25T03:40:00Z,43397.93,43410.30,43397.93,43401.62,16
2026-06-25T03:41:00Z,43401.62,43418.36,43401.62,43409.68,9
2026-06-25T03:42:00Z,43409.68,43435.13,43392.32,43422.11,19
2026-06-25T03:43:00Z,43422.11,43438.88,43417.77,43434.54,18
2026-06-25T03:44:00Z,43434.54,43447.57,43425.19,43429.53,9
2026-06-25T03:45:00Z,43429.53,43437.60,43416.51,43437.60,21
2026-06-25T03:46:00Z,43437.60,43450.63,43410.84,43428.21,12
2026-06-25T03:47:00Z,43428.21,43475.51,43428.21,43458.13,12
2026-06-25T03:48:00Z,43458.13,43475.51,43409.52,43426.89,16
2026-06-25T03:49:00Z,43426.89,43426.89,43400.12,43413.14,16
2026-06-25T03:50:00Z,43413.14,43426.16,43386.32,43390.65,23
2026-06-25T03:51:00Z,43390.65,43403.08,43390.65,43403.08,10
2026-06-25T03:52:00Z,43403.08,43411.76,43385.00,43389.33,9
2026-06-25T03:53:00Z,43389.33,43393.66,43375.66,43388.67,21
2026-06-25T03:54:00Z,43388.67,43393.00,43331.40,43348.73,19
2026-06-25T03:55:00Z,43348.73,43378.52,43331.40,43365.52,15
2026-06-25T03:56:00Z,43365.52,43382.86,43330.04,43343.04,21
2026-06-25T03:57:00Z,43343.04,43351.70,43320.64,43329.30,21
2026-06-25T03:58:00Z,43329.30,43346.63,43293.87,43311.19,14
2026-06-25T03:59:00Z,43311.19,43328.51,43293.19,43306.18,17
2026-06-25T04:00:00Z,43306.18,43323.50,43299.54,43303.87,25
2026-06-25T04:01:00Z,43303.87,43312.53,43279.92,43279.92,16
2026-06-25T04:02:00Z,43279.92,43292.90,43251.67,43268.97,14
2026-06-25T04:03:00Z,43268.97,43283.97,43251.67,43283.97,24
2026-06-25T04:04:00Z,43283.97,43307.65,43283.97,43303.32,18
2026-06-25T04:05:00Z,43303.32,43303.32,43283.72,43292.37,21
2026-06-25T04:06:00Z,43292.37,43324.71,43288.05,43311.72,23
2026-06-25T04:07:00Z,43311.72,43357.05,43303.06,43344.05,11
2026-06-25T04:08:00Z,43344.05,43344.05,43328.75,43341.75,21
2026-06-25T04:09:00Z,43341.75,43365.45,43341.75,43348.12,8
2026-06-25T04:10:00Z,43348.12,43348.12,43328.49,43345.82,21
2026-06-25T04:11:00Z,43345.82,43358.82,43326.19,43334.85,14
2026-06-25T04:12:00Z,43334.85,43339.18,43284.92,43302.24,9
2026-06-25T04:13:00Z,43302.24,43319.56,43291.30,43299.95,9
2026-06-25T04:14:00Z,43299.95,43306.31,43299.95,43306.31,17
2026-06-25T04:15:00Z,43306.31,43312.67,43288.99,43308.34,22
2026-06-25T04:16:00Z,43308.34,43323.36,43299.68,43319.03,12
2026-06-25T04:17:00Z,43319.03,43336.35,43312.41,43316.74,11
2026-06-25T04:18:00Z,43316.74,43334.06,43292.79,43305.78,8
2026-06-25T04:19:00Z,43305.78,43310.11,43294.83,43303.49,17
2026-06-25T04:20:00Z,43303.49,43335.82,43286.17,43327.16,23
2026-06-25T04:21:00Z,43327.16,43335.82,43307.55,43311.88,19
2026-06-25T04:22:00Z,43311.88,43324.87,43287.93,43305.25,16
2026-06-25T04:23:00Z,43305.25,43350.57,43305.25,43337.57,23
2026-06-25T04:24:00Z,43337.57,43361.26,43324.57,43352.59,15
2026-06-25T04:25:00Z,43352.59,43369.93,43328.64,43332.97,22
2026-06-25T04:26:00Z,43332.97,43341.63,43322.01,43330.67,12
2026-06-25T04:27:00Z,43330.67,43335.00,43306.73,43319.72,16
2026-06-25T04:28:00Z,43319.72,43337.04,43295.79,43304.45,23
2026-06-25T04:29:00Z,43304.45,43313.11,43280.53,43297.84,14
2026-06-25T04:30:00Z,43297.84,43334.48,43289.19,43317.16,11
2026-06-25T04:31:00Z,43317.16,43353.82,43308.50,43340.82,18
2026-06-25T04:32:00Z,43340.82,43351.51,43332.16,43347.18,22
2026-06-25T04:33:00Z,43347.18,43370.84,43334.18,43370.84,14
2026-06-25T04:34:00Z,43370.84,43398.86,43353.50,43398.86,23
2026-06-25T04:35:00Z,43398.86,43426.91,43385.85,43413.89,23
2026-06-25T04:36:00Z,43413.89,43426.91,43385.56,43402.92,25
2026-06-25T04:37:00Z,43402.92,43422.28,43389.90,43422.28,15
2026-06-25T04:38:00Z,43422.28,43439.64,43389.64,43393.97,9
2026-06-25T04:39:00Z,43393.97,43417.66,43385.30,43417.66,21
2026-06-25T04:40:00Z,43417.66,43432.71,43408.98,43424.03,20
2026-06-25T04:41:00Z,43424.03,43432.71,43400.04,43404.38,10
2026-06-25T04:42:00Z,43404.38,43410.75,43400.04,43410.75,15
2026-06-25T04:43:00Z,43410.75,43456.12,43406.41,43447.44,22
2026-06-25T04:44:00Z,43447.44,43460.47,43427.77,43445.14,12
2026-06-25T04:45:00Z,43445.14,43477.51,43440.80,43477.51,15
2026-06-25T04:46:00Z,43477.51,43509.94,43477.51,43501.24,20
2026-06-25T04:47:00Z,43501.24,43520.68,43483.84,43503.28,22
2026-06-25T04:48:00Z,43503.28,43531.39,43490.23,43513.99,23
2026-06-25T04:49:00Z,43513.99,43533.41,43505.29,43524.71,10
2026-06-25T04:50:00Z,43524.71,43544.11,43524.71,43544.11,8
2026-06-25T04:51:00Z,43544.11,43548.46,43528.77,43528.77,19
2026-06-25T04:52:00Z,43528.77,43561.22,43524.42,43552.51,20
2026-06-25T04:53:00Z,43552.51,43569.93,43519.79,43519.79,14
2026-06-25T04:54:00Z,43519.79,43519.79,43495.74,43513.14,17
2026-06-25T04:55:00Z,43513.14,43558.62,43504.44,43545.56,12
2026-06-25T04:56:00Z,43545.56,43545.56,43521.52,43525.87,22
2026-06-25T04:57:00Z,43525.87,43530.22,43497.48,43514.88,9
2026-06-25T04:58:00Z,43514.88,43519.23,43473.50,43486.54,13
2026-06-25T04:59:00Z,43486.54,43527.66,43469.15,43510.26,11
2026-06-25T05:00:00Z,43510.26,43517.09,43492.86,43517.09,20
2026-06-25T05:01:00Z,43517.09,43528.27,43517.09,43523.92,23
2026-06-25T05:02:00Z,43523.92,43569.93,43506.52,43556.87,11
2026-06-25T05:03:00Z,43556.87,43565.58,43541.93,43554.99,15
2026-06-25T05:04:00Z,43554.99,43563.70,43535.71,43548.77,11
2026-06-25T05:05:00Z,43548.77,43553.12,43529.48,43546.89,21
2026-06-25T05:06:00Z,43546.89,43555.59,43527.61,43545.02,14
2026-06-25T05:07:00Z,43545.02,43564.91,43545.02,43551.85,8
2026-06-25T05:08:00Z,43551.85,43558.68,43534.43,43554.33,22
2026-06-25T05:09:00Z,43554.33,43554.33,43539.40,43552.46,14
2026-06-25T05:10:00Z,43552.46,43565.52,43537.52,43550.58,20
2026-06-25T05:11:00Z,43550.58,43574.84,43541.87,43557.42,18
2026-06-25T05:12:00Z,43557.42,43564.25,43540.00,43559.90,9
2026-06-25T05:13:00Z,43559.90,43572.96,43540.62,43553.68,10
2026-06-25T05:14:00Z,43553.68,43560.51,43540.62,43560.51,11
2026-06-25T05:15:00Z,43560.51,43584.75,43547.45,43576.04,9
2026-06-25T05:16:00Z,43576.04,43584.75,43556.75,43569.82,25
2026-06-25T05:17:00Z,43569.82,43574.17,43559.24,43563.59,21
2026-06-25T05:18:00Z,43563.59,43596.54,43546.17,43592.19,17
2026-06-25T05:19:00Z,43592.19,43592.19,43577.25,43581.60,12
2026-06-25T05:20:00Z,43581.60,43590.31,43562.32,43571.03,22
2026-06-25T05:21:00Z,43571.03,43603.97,43571.03,43599.62,22
2026-06-25T05:22:00Z,43599.62,43619.52,43586.55,43615.16,14
2026-06-25T05:23:00Z,43615.16,43623.88,43582.80,43591.51,13
2026-06-25T05:24:00Z,43591.51,43591.51,43563.50,43580.93,11
2026-06-25T05:25:00Z,43580.93,43598.36,43561.66,43566.01,24
2026-06-25T05:26:00Z,43566.01,43603.30,43557.30,43594.59,18
2026-06-25T05:27:00Z,43594.59,43603.30,43584.02,43584.02,14
2026-06-25T05:28:00Z,43584.02,43592.73,43573.44,43577.79,18
2026-06-25T05:29:00Z,43577.79,43588.99,43564.72,43580.28,13
2026-06-25T05:30:00Z,43580.28,43600.16,43571.57,43600.16,11
2026-06-25T05:31:00Z,43600.16,43633.11,43587.08,43628.75,24
2026-06-25T05:32:00Z,43628.75,43628.75,43605.09,43618.17,23
2026-06-25T05:33:00Z,43618.17,43646.80,43600.73,43629.35,15
2026-06-25T05:34:00Z,43629.35,43675.41,43629.35,43662.32,18
2026-06-25T05:35:00Z,43662.32,43704.04,43644.86,43690.94,21
2026-06-25T05:36:00Z,43690.94,43719.62,43682.21,43706.51,8
2026-06-25T05:37:00Z,43706.51,43708.99,43697.77,43708.99,20
2026-06-25T05:38:00Z,43708.99,43742.02,43691.51,43728.91,15
2026-06-25T05:39:00Z,43728.91,43761.97,43724.54,43748.85,20
2026-06-25T05:40:00Z,43748.85,43764.42,43744.48,43760.05,9
2026-06-25T05:41:00Z,43760.05,43771.29,43751.30,43762.54,24
2026-06-25T05:42:00Z,43762.54,43780.04,43743.18,43747.55,17
2026-06-25T05:43:00Z,43747.55,43760.67,43715.09,43732.58,22
2026-06-25T05:44:00Z,43732.58,43748.15,43719.47,43743.78,11
2026-06-25T05:45:00Z,43743.78,43768.09,43735.04,43759.34,20
2026-06-25T05:46:00Z,43759.34,43763.71,43735.63,43740.00,25
2026-06-25T05:47:00Z,43740.00,43759.95,43740.00,43751.20,23
2026-06-25T05:48:00Z,43751.20,43764.32,43718.76,43731.87,18
2026-06-25T05:49:00Z,43731.87,43756.17,43727.50,43747.43,12
2026-06-25T05:50:00Z,43747.43,43767.41,43729.94,43749.92,22
2026-06-25T05:51:00Z,43749.92,43769.84,43736.80,43769.84,14
2026-06-25T05:52:00Z,43769.84,43769.84,43741.74,43754.86,20
2026-06-25T05:53:00Z,43754.86,43772.36,43704.98,43713.72,24
2026-06-25T05:54:00Z,43713.72,43729.31,43700.61,43716.20,24
2026-06-25T05:55:00Z,43716.20,43736.17,43707.46,43718.69,17
2026-06-25T05:56:00Z,43718.69,43727.43,43690.66,43695.02,18
2026-06-25T05:57:00Z,43695.02,43706.22,43686.29,43706.22,16
2026-06-25T05:58:00Z,43706.22,43734.87,43688.74,43721.76,14
2026-06-25T05:59:00Z,43721.76,43754.77,43717.39,43746.03,22
2026-06-25T06:00:00Z,43746.03,43775.78,43741.66,43767.03,10
2026-06-25T06:01:00Z,43767.03,43771.40,43726.78,43735.52,10
2026-06-25T06:02:00Z,43735.52,43739.89,43690.93,43708.41,14
2026-06-25T06:03:00Z,43708.41,43720.65,43690.93,43720.65,8
2026-06-25T06:04:00Z,43720.65,43725.02,43684.81,43702.29,15
2026-06-25T06:05:00Z,43702.29,43702.29,43675.21,43692.68,14
2026-06-25T06:06:00Z,43692.68,43692.68,43678.70,43678.70,22
2026-06-25T06:07:00Z,43678.70,43683.06,43660.35,43660.35,23
2026-06-25T06:08:00Z,43660.35,43690.05,43642.89,43676.95,17
2026-06-25T06:09:00Z,43676.95,43685.68,43662.98,43671.71,12
2026-06-25T06:10:00Z,43671.71,43680.44,43644.64,43657.73,19
2026-06-25T06:11:00Z,43657.73,43674.32,43657.73,43661.23,9
2026-06-25T06:12:00Z,43661.23,43669.08,43648.14,43664.72,22
2026-06-25T06:13:00Z,43664.72,43682.18,43646.39,43663.85,10
2026-06-25T06:14:00Z,43663.85,43668.21,43632.42,43636.78,10
2026-06-25T06:15:00Z,43636.78,43666.46,43632.42,43657.73,18
2026-06-25T06:16:00Z,43657.73,43670.82,43656.86,43656.86,23
2026-06-25T06:17:00Z,43656.86,43674.32,43642.90,43647.26,17
2026-06-25T06:18:00Z,43647.26,43660.35,43607.11,43624.55,12
2026-06-25T06:19:00Z,43624.55,43624.55,43593.13,43601.85,18
2026-06-25T06:20:00Z,43601.85,43631.51,43597.49,43614.07,20
2026-06-25T06:21:00Z,43614.07,43652.46,43614.07,43643.74,11
2026-06-25T06:22:00Z,43643.74,43652.46,43612.32,43629.77,11
2026-06-25T06:23:00Z,43629.77,43634.13,43602.72,43607.08,24
2026-06-25T06:24:00Z,43607.08,43620.16,43584.40,43588.75,20
2026-06-25T06:25:00Z,43588.75,43618.40,43575.68,43600.96,21
2026-06-25T06:26:00Z,43600.96,43617.54,43587.88,43617.54,20
2026-06-25T06:27:00Z,43617.54,43647.21,43600.10,43638.49,10
2026-06-25T06:28:00Z,43638.49,43655.08,43629.77,43655.08,21
2026-06-25T06:29:00Z,43655.08,43672.54,43645.48,43645.48,22
2026-06-25T06:30:00Z,43645.48,43649.84,43631.52,43644.61,12
2026-06-25T06:31:00Z,43644.61,43678.66,43635.89,43661.20,23
2026-06-25T06:32:00Z,43661.20,43682.17,43656.84,43669.07,8
2026-06-25T06:33:00Z,43669.07,43673.43,43628.90,43646.35,20
2026-06-25T06:34:00Z,43646.35,43650.71,43614.90,43614.90,9
2026-06-25T06:35:00Z,43614.90,43623.62,43587.87,43605.31,14
2026-06-25T06:36:00Z,43605.31,43630.61,43587.87,43626.25,19
2026-06-25T06:37:00Z,43626.25,43642.83,43617.53,43638.47,22
2026-06-25T06:38:00Z,43638.47,43651.56,43624.51,43628.87,22
2026-06-25T06:39:00Z,43628.87,43641.95,43584.36,43601.80,11
2026-06-25T06:40:00Z,43601.80,43601.80,43583.49,43600.93,14
2026-06-25T06:41:00Z,43600.93,43608.79,43583.49,43604.43,8
2026-06-25T06:42:00Z,43604.43,43617.51,43573.03,43590.46,8
2026-06-25T06:43:00Z,43590.46,43599.17,43572.16,43589.59,19
2026-06-25T06:44:00Z,43589.59,43610.52,43576.52,43597.45,21
2026-06-25T06:45:00Z,43597.45,43618.38,43597.45,43605.30,18
2026-06-25T06:46:00Z,43605.30,43608.79,43596.58,43608.79,10
2026-06-25T06:47:00Z,43608.79,43634.10,43591.35,43621.02,11
2026-06-25T06:48:00Z,43621.02,43628.87,43612.30,43624.51,18
2026-06-25T06:49:00Z,43624.51,43632.37,43611.43,43632.37,14
2026-06-25T06:50:00Z,43632.37,43649.82,43618.40,43618.40,11
2026-06-25T06:51:00Z,43618.40,43635.84,43600.08,43613.16,20
2026-06-25T06:52:00Z,43613.16,43629.75,43595.72,43629.75,19
2026-06-25T06:53:00Z,43629.75,43638.47,43607.06,43615.78,10
2026-06-25T06:54:00Z,43615.78,43619.27,43602.70,43619.27,11
2026-06-25T06:55:00Z,43619.27,43627.99,43596.59,43614.03,13
2026-06-25T06:56:00Z,43614.03,43618.39,43604.45,43613.17,15
2026-06-25T06:57:00Z,43613.17,43647.22,43613.17,43634.13,19
2026-06-25T06:58:00Z,43634.13,43641.99,43629.77,43641.99,19
2026-06-25T06:59:00Z,43641.99,43654.21,43628.90,43645.49,15
2026-06-25T07:00:00Z,43645.49,43662.94,43611.97,43629.42,17
2026-06-25T07:01:00Z,43629.42,43633.78,43626.44,43626.44,15
2026-06-25T07:02:00Z,43626.44,43626.44,43623.46,43623.46,16
2026-06-25T07:03:00Z,43623.46,43627.82,43607.41,43611.77,16
2026-06-25T07:04:00Z,43611.77,43626.24,43603.05,43613.16,22
2026-06-25T07:05:00Z,43613.16,43614.55,43600.08,43614.55,22
2026-06-25T07:06:00Z,43614.55,43623.27,43576.70,43594.13,22
2026-06-25T07:07:00Z,43594.13,43611.56,43556.30,43556.30,24
2026-06-25T07:08:00Z,43556.30,43562.04,43551.95,43562.04,19
2026-06-25T07:09:00Z,43562.04,43563.43,43562.04,43563.43,19
2026-06-25T07:10:00Z,43563.43,43573.52,43559.08,43573.52,10
2026-06-25T07:11:00Z,43573.52,43577.87,43553.14,43570.56,16
2026-06-25T07:12:00Z,43570.56,43602.44,43553.14,43585.01,22
2026-06-25T07:13:00Z,43585.01,43621.26,43571.94,43608.18,20
2026-06-25T07:14:00Z,43608.18,43612.54,43570.34,43583.41,12
2026-06-25T07:15:00Z,43583.41,43619.67,43570.34,43606.59,9
2026-06-25T07:16:00Z,43606.59,43624.03,43599.26,43603.62,20
2026-06-25T07:17:00Z,43603.62,43612.34,43570.15,43583.22,17
2026-06-25T07:18:00Z,43583.22,43623.81,43570.15,43619.45,19
2026-06-25T07:19:00Z,43619.45,43655.72,43619.45,43651.36,10
2026-06-25T07:20:00Z,43651.36,43651.36,43630.93,43644.02,22
2026-06-25T07:21:00Z,43644.02,43649.77,43639.66,43649.77,13
2026-06-25T07:22:00Z,43649.77,43664.24,43649.77,43659.88,11
2026-06-25T07:23:00Z,43659.88,43664.24,43643.82,43656.91,22
2026-06-25T07:24:00Z,43656.91,43693.21,43643.82,43680.11,22
2026-06-25T07:25:00Z,43680.11,43688.84,43659.67,43672.77,16
2026-06-25T07:26:00Z,43672.77,43685.87,43643.61,43652.34,16
2026-06-25T07:27:00Z,43652.34,43662.47,43639.25,43653.74,21
2026-06-25T07:28:00Z,43653.74,43671.20,43628.95,43642.04,23
2026-06-25T07:29:00Z,43642.04,43650.76,43630.34,43630.34,22
2026-06-25T07:30:00Z,43630.34,43630.34,43614.29,43627.37,8
2026-06-25T07:31:00Z,43627.37,43644.82,43620.05,43624.41,15
2026-06-25T07:32:00Z,43624.41,43634.52,43615.69,43625.80,8
2026-06-25T07:33:00Z,43625.80,43627.19,43621.44,43627.19,10
2026-06-25T07:34:00Z,43627.19,43641.65,43627.19,43641.65,21
2026-06-25T07:35:00Z,43641.65,43650.37,43612.53,43621.25,19
2026-06-25T07:36:00Z,43621.25,43621.25,43592.13,43600.85,18
2026-06-25T07:37:00Z,43600.85,43602.24,43592.13,43602.24,20
2026-06-25T07:38:00Z,43602.24,43610.96,43594.92,43599.27,17
2026-06-25T07:39:00Z,43599.27,43607.98,43587.60,43587.60,25
2026-06-25T07:40:00Z,43587.60,43605.03,43571.56,43584.63,19
2026-06-25T07:41:00Z,43584.63,43588.98,43559.89,43568.60,25
2026-06-25T07:42:00Z,43568.60,43578.69,43555.53,43578.69,23
2026-06-25T07:43:00Z,43578.69,43614.92,43578.69,43606.20,16
2026-06-25T07:44:00Z,43606.20,43633.72,43588.76,43625.00,17
2026-06-25T07:45:00Z,43625.00,43642.45,43617.67,43622.03,20
2026-06-25T07:46:00Z,43622.03,43623.42,43608.95,43623.42,20
2026-06-25T07:47:00Z,43623.42,43640.86,43594.32,43594.32,14
2026-06-25T07:48:00Z,43594.32,43617.49,43576.89,43604.41,10
2026-06-25T07:49:00Z,43604.41,43623.22,43586.97,43614.50,9
2026-06-25T07:50:00Z,43614.50,43618.86,43602.81,43611.53,21
2026-06-25T07:51:00Z,43611.53,43643.42,43594.09,43630.34,10
2026-06-25T07:52:00Z,43630.34,43662.24,43617.26,43644.79,17
2026-06-25T07:53:00Z,43644.79,43654.90,43627.34,43646.18,20
2026-06-25T07:54:00Z,43646.18,43663.63,43608.35,43617.07,8
2026-06-25T07:55:00Z,43617.07,43625.79,43601.04,43605.40,25
2026-06-25T07:56:00Z,43605.40,43650.35,43601.04,43632.90,8
2026-06-25T07:57:00Z,43632.90,43638.64,43624.18,43638.64,11
2026-06-25T07:58:00Z,43638.64,43647.36,43622.60,43626.96,10
2026-06-25T07:59:00Z,43626.96,43645.78,43618.24,43637.06,14
2026-06-25T08:00:00Z,43637.06,43645.78,43636.63,43636.63,8
2026-06-25T08:01:00Z,43636.63,43644.92,43632.27,43640.56,23
2026-06-25T08:02:00Z,43640.56,43658.01,43600.86,43613.94,21
2026-06-25T08:03:00Z,43613.94,43613.94,43600.42,43609.14,16
2026-06-25T08:04:00Z,43609.14,43613.50,43582.56,43595.63,15
2026-06-25T08:05:00Z,43595.63,43612.63,43595.63,43612.63,8
2026-06-25T08:06:00Z,43612.63,43616.99,43590.39,43590.39,9
2026-06-25T08:07:00Z,43590.39,43607.39,43572.96,43607.39,20
2026-06-25T08:08:00Z,43607.39,43620.47,43589.51,43589.51,18
2026-06-25T08:09:00Z,43589.51,43597.80,43585.16,43597.80,19
2026-06-25T08:10:00Z,43597.80,43623.53,43597.80,43623.53,21
2026-06-25T08:11:00Z,43623.53,43640.97,43596.93,43614.37,9
2026-06-25T08:12:00Z,43614.37,43631.81,43605.22,43613.94,13
2026-06-25T08:13:00Z,43613.94,43618.30,43600.42,43604.78,10
2026-06-25T08:14:00Z,43604.78,43613.50,43569.47,43569.47,8
2026-06-25T08:15:00Z,43569.47,43582.54,43560.33,43569.04,9
2026-06-25T08:16:00Z,43569.04,43577.75,43538.11,43555.53,21
2026-06-25T08:17:00Z,43555.53,43568.59,43542.03,43550.74,19
2026-06-25T08:18:00Z,43550.74,43550.74,43537.25,43550.31,8
2026-06-25T08:19:00Z,43550.31,43554.66,43532.48,43549.89,24
2026-06-25T08:20:00Z,43549.89,43562.95,43527.69,43545.10,15
2026-06-25T08:21:00Z,43545.10,43558.16,43527.24,43527.24,9
2026-06-25T08:22:00Z,43527.24,43535.94,43518.10,43522.45,18
2026-06-25T08:23:00Z,43522.45,43522.45,43508.96,43508.96,24
2026-06-25T08:24:00Z,43508.96,43543.34,43508.96,43530.29,25
2026-06-25T08:25:00Z,43530.29,43564.68,43525.94,43547.27,22
2026-06-25T08:26:00Z,43547.27,43555.97,43520.70,43520.70,23
2026-06-25T08:27:00Z,43520.70,43528.97,43516.35,43524.62,10
2026-06-25T08:28:00Z,43524.62,43559.01,43507.22,43554.66,10
2026-06-25T08:29:00Z,43554.66,43567.72,43541.17,43545.52,21
2026-06-25T08:30:00Z,43545.52,43549.87,43527.68,43545.09,22
2026-06-25T08:31:00Z,43545.09,43562.07,43545.09,43549.01,17
2026-06-25T08:32:00Z,43549.01,43549.01,43539.87,43544.22,13
2026-06-25T08:33:00Z,43544.22,43556.84,43539.87,43548.14,14
2026-06-25T08:34:00Z,43548.14,43565.55,43534.65,43539.00,13
2026-06-25T08:35:00Z,43539.00,43556.41,43525.51,43538.57,25
2026-06-25T08:36:00Z,43538.57,43546.85,43538.57,43546.85,18
2026-06-25T08:37:00Z,43546.85,43563.84,43542.50,43563.84,20
2026-06-25T08:38:00Z,43563.84,43585.20,43563.84,43585.20,17
2026-06-25T08:39:00Z,43585.20,43602.63,43554.27,43571.69,17
2026-06-25T08:40:00Z,43571.69,43597.40,43562.98,43584.33,22
2026-06-25T08:41:00Z,43584.33,43596.97,43575.62,43592.62,19
2026-06-25T08:42:00Z,43592.62,43627.07,43583.91,43618.35,25
2026-06-25T08:43:00Z,43618.35,43622.71,43600.47,43613.55,15
2026-06-25T08:44:00Z,43613.55,43617.91,43591.32,43604.40,18
2026-06-25T08:45:00Z,43604.40,43617.48,43577.81,43595.24,14
2026-06-25T08:46:00Z,43595.24,43595.24,43586.09,43590.44,14
2026-06-25T08:47:00Z,43590.44,43594.37,43586.09,43594.37,8
2026-06-25T08:48:00Z,43594.37,43607.02,43585.66,43602.66,23
2026-06-25T08:49:00Z,43602.66,43602.66,43580.44,43589.15,18
2026-06-25T08:50:00Z,43589.15,43627.96,43589.15,43619.24,20
2026-06-25T08:51:00Z,43619.24,43623.60,43596.99,43601.35,25
2026-06-25T08:52:00Z,43601.35,43605.71,43587.84,43592.19,13
2026-06-25T08:53:00Z,43592.19,43617.92,43579.12,43617.92,24
2026-06-25T08:54:00Z,43617.92,43617.92,43604.40,43604.40,16
2026-06-25T08:55:00Z,43604.40,43630.14,43591.32,43621.42,21
2026-06-25T08:56:00Z,43621.42,43651.53,43621.42,43634.08,21
2026-06-25T08:57:00Z,43634.08,43638.44,43594.36,43603.08,17
2026-06-25T08:58:00Z,43603.08,43603.08,43580.84,43585.19,21
2026-06-25T08:59:00Z,43585.19,43589.54,43562.97,43571.68,22
2026-06-25T09:00:00Z,43571.68,43595.99,43558.61,43582.92,18
2026-06-25T09:01:00Z,43582.92,43589.81,43578.57,43589.81,15
2026-06-25T09:02:00Z,43589.81,43594.16,43587.99,43587.99,18
2026-06-25T09:03:00Z,43587.99,43594.87,43574.92,43590.52,14
2026-06-25T09:04:00Z,43590.52,43590.52,43553.84,43571.26,8
2026-06-25T09:05:00Z,43571.26,43588.68,43534.58,43552.00,12
2026-06-25T09:06:00Z,43552.00,43569.42,43519.69,43532.74,8
2026-06-25T09:07:00Z,43532.74,43537.09,43526.57,43530.92,16
2026-06-25T09:08:00Z,43530.92,43548.33,43511.69,43520.39,10
2026-06-25T09:09:00Z,43520.39,43533.44,43492.46,43509.86,17
2026-06-25T09:10:00Z,43509.86,43542.85,43509.86,43534.15,11
2026-06-25T09:11:00Z,43534.15,43547.21,43501.86,43519.26,22
2026-06-25T09:12:00Z,43519.26,43532.31,43478.26,43495.65,8
2026-06-25T09:13:00Z,43495.65,43498.18,43491.31,43498.18,11
2026-06-25T09:14:00Z,43498.18,43513.76,43480.79,43513.76,15
2026-06-25T09:15:00Z,43513.76,43526.81,43477.12,43485.81,19
2026-06-25T09:16:00Z,43485.81,43501.38,43485.81,43497.04,21
2026-06-25T09:17:00Z,43497.04,43521.32,43488.35,43503.92,17
2026-06-25T09:18:00Z,43503.92,43532.55,43490.87,43523.85,18
2026-06-25T09:19:00Z,43523.85,43541.25,43500.26,43508.96,24
2026-06-25T09:20:00Z,43508.96,43513.31,43502.78,43502.78,10
2026-06-25T09:21:00Z,43502.78,43518.36,43498.43,43505.31,18
2026-06-25T09:22:00Z,43505.31,43522.71,43499.14,43503.49,13
2026-06-25T09:23:00Z,43503.49,43503.49,43484.26,43488.60,24
2026-06-25T09:24:00Z,43488.60,43492.94,43486.77,43486.77,19
2026-06-25T09:25:00Z,43486.77,43497.99,43469.38,43493.65,23
2026-06-25T09:26:00Z,43493.65,43513.57,43489.31,43496.18,21
2026-06-25T09:27:00Z,43496.18,43513.57,43455.18,43463.87,21
2026-06-25T09:28:00Z,43463.87,43483.80,43463.87,43483.80,10
2026-06-25T09:29:00Z,43483.80,43488.14,43434.12,43451.50,15
2026-06-25T09:30:00Z,43451.50,43468.88,43414.86,43414.86,13
2026-06-25T09:31:00Z,43414.86,43432.22,43382.64,43399.99,12
2026-06-25T09:32:00Z,43399.99,43413.00,43354.73,43367.74,14
2026-06-25T09:33:00Z,43367.74,43391.96,43363.41,43383.29,10
2026-06-25T09:34:00Z,43383.29,43407.51,43370.28,43398.84,12
2026-06-25T09:35:00Z,43398.84,43398.84,43362.27,43375.28,21
2026-06-25T09:36:00Z,43375.28,43390.80,43375.28,43377.79,13
2026-06-25T09:37:00Z,43377.79,43423.74,43364.78,43410.72,10
2026-06-25T09:38:00Z,43410.72,43415.06,43365.45,43378.46,17
2026-06-25T09:39:00Z,43378.46,43378.46,43359.27,43363.60,13
2026-06-25T09:40:00Z,43363.60,43387.82,43346.26,43383.49,19
2026-06-25T09:41:00Z,43383.49,43392.16,43364.32,43381.67,25
2026-06-25T09:42:00Z,43381.67,43401.55,43373.00,43397.22,8
2026-06-25T09:43:00Z,43397.22,43397.22,43382.39,43395.40,8
2026-06-25T09:44:00Z,43395.40,43404.07,43389.25,43393.58,22
2026-06-25T09:45:00Z,43393.58,43393.58,43339.63,43356.97,15
2026-06-25T09:46:00Z,43356.97,43356.97,43333.44,43337.77,16
2026-06-25T09:47:00Z,43337.77,43366.31,43320.44,43353.31,9
2026-06-25T09:48:00Z,43353.31,43394.89,43340.31,43377.54,8
2026-06-25T09:49:00Z,43377.54,43390.55,43349.67,43362.67,22
2026-06-25T09:50:00Z,43362.67,43386.90,43362.67,43378.23,11
2026-06-25T09:51:00Z,43378.23,43378.23,43359.05,43372.06,9
2026-06-25T09:52:00Z,43372.06,43372.06,43335.46,43335.46,19
2026-06-25T09:53:00Z,43335.46,43342.32,43318.13,43342.32,24
2026-06-25T09:54:00Z,43342.32,43366.50,43333.66,43349.17,13
2026-06-25T09:55:00Z,43349.17,43349.17,43334.31,43334.31,9
2026-06-25T09:56:00Z,43334.31,43351.64,43315.11,43315.11,17
2026-06-25T09:57:00Z,43315.11,43339.31,43302.12,43330.65,11
2026-06-25T09:58:00Z,43330.65,43334.98,43320.17,43328.83,22
2026-06-25T09:59:00Z,43328.83,43340.04,43320.17,43340.04,19
2026-06-25T10:00:00Z,43340.04,43348.70,43329.37,43333.70,12
2026-06-25T10:01:00Z,43333.70,43351.03,43310.03,43318.69,17
2026-06-25T10:02:00Z,43318.69,43347.02,43305.70,43329.69,17
2026-06-25T10:03:00Z,43329.69,43334.02,43319.02,43327.68,14
2026-06-25T10:04:00Z,43327.68,43332.01,43299.70,43308.36,24
2026-06-25T10:05:00Z,43308.36,43349.66,43291.04,43332.33,11
2026-06-25T10:06:00Z,43332.33,43352.00,43328.00,43339.00,21
2026-06-25T10:07:00Z,43339.00,43356.33,43319.67,43328.33,14
2026-06-25T10:08:00Z,43328.33,43356.65,43319.67,43352.32,17
2026-06-25T10:09:00Z,43352.32,43352.32,43324.31,43324.31,9
2026-06-25T10:10:00Z,43324.31,43337.30,43300.65,43300.65,13
2026-06-25T10:11:00Z,43300.65,43328.95,43300.65,43320.29,22
2026-06-25T10:12:00Z,43320.29,43337.61,43309.63,43313.96,19
2026-06-25T10:13:00Z,43313.96,43318.29,43285.99,43303.31,13
2026-06-25T10:14:00Z,43303.31,43331.60,43290.32,43327.27,16
2026-06-25T10:15:00Z,43327.27,43355.58,43318.61,43351.25,23
2026-06-25T10:16:00Z,43351.25,43370.91,43333.91,43357.91,19
2026-06-25T10:17:00Z,43357.91,43381.90,43353.58,43377.57,10
2026-06-25T10:18:00Z,43377.57,43379.90,43368.90,43379.90,16
2026-06-25T10:19:00Z,43379.90,43392.91,43351.90,43364.90,17
2026-06-25T10:20:00Z,43364.90,43384.55,43356.23,43380.22,9
2026-06-25T10:21:00Z,43380.22,43380.22,43365.21,43373.88,16
2026-06-25T10:22:00Z,43373.88,43382.55,43354.54,43371.88,17
2026-06-25T10:23:00Z,43371.88,43382.87,43367.55,43378.54,23
2026-06-25T10:24:00Z,43378.54,43406.89,43365.53,43389.54,9
2026-06-25T10:25:00Z,43389.54,43391.87,43380.87,43391.87,11
2026-06-25T10:26:00Z,43391.87,43411.54,43391.87,43407.20,9
2026-06-25T10:27:00Z,43407.20,43435.54,43389.84,43431.20,12
2026-06-25T10:28:00Z,43431.20,43463.91,43431.20,43450.88,15
2026-06-25T10:29:00Z,43450.88,43468.26,43435.84,43448.87,14
2026-06-25T10:30:00Z,43448.87,43453.21,43446.86,43446.86,10
2026-06-25T10:31:00Z,43446.86,43466.54,43442.52,43466.54,23
2026-06-25T10:32:00Z,43466.54,43470.88,43434.13,43451.51,12
2026-06-25T10:33:00Z,43451.51,43464.54,43410.45,43427.82,21
2026-06-25T10:34:00Z,43427.82,43438.81,43410.45,43438.81,21
2026-06-25T10:35:00Z,43438.81,43447.49,43419.44,43436.81,23
2026-06-25T10:36:00Z,43436.81,43449.84,43413.11,43426.13,23
2026-06-25T10:37:00Z,43426.13,43432.80,43417.45,43432.80,17
2026-06-25T10:38:00Z,43432.80,43448.16,43415.43,43435.13,25
2026-06-25T10:39:00Z,43435.13,43476.50,43435.13,43467.81,11
2026-06-25T10:40:00Z,43467.81,43474.48,43463.47,43470.14,12
2026-06-25T10:41:00Z,43470.14,43494.17,43457.10,43485.48,15
2026-06-25T10:42:00Z,43485.48,43502.87,43453.11,43453.11,8
2026-06-25T10:43:00Z,43453.11,43470.49,43433.72,43451.10,25
2026-06-25T10:44:00Z,43451.10,43455.44,43431.75,43440.43,24
2026-06-25T10:45:00Z,43440.43,43440.43,43408.07,43416.75,19
2026-06-25T10:46:00Z,43416.75,43449.44,43399.39,43436.41,13
2026-06-25T10:47:00Z,43436.41,43451.74,43427.73,43447.40,20
2026-06-25T10:48:00Z,43447.40,43451.74,43410.70,43428.07,14
2026-06-25T10:49:00Z,43428.07,43478.09,43410.70,43460.71,8
2026-06-25T10:50:00Z,43460.71,43480.41,43460.71,43467.37,19
2026-06-25T10:51:00Z,43467.37,43469.71,43454.33,43469.71,9
2026-06-25T10:52:00Z,43469.71,43482.75,43450.36,43454.70,9
2026-06-25T10:53:00Z,43454.70,43470.07,43437.32,43457.04,17
2026-06-25T10:54:00Z,43457.04,43481.03,43452.70,43481.03,23
2026-06-25T10:55:00Z,43481.03,43494.07,43457.31,43474.69,13
2026-06-25T10:56:00Z,43474.69,43492.07,43450.99,43459.68,18
2026-06-25T10:57:00Z,43459.68,43501.07,43442.30,43483.68,18
2026-06-25T10:58:00Z,43483.68,43499.01,43479.34,43494.67,17
2026-06-25T10:59:00Z,43494.67,43503.36,43479.64,43488.33,22
2026-06-25T11:00:00Z,43488.33,43508.06,43470.94,43508.06,23
2026-06-25T11:01:00Z,43508.06,43521.11,43466.90,43479.94,25
2026-06-25T11:02:00Z,43479.94,43488.63,43447.50,43456.19,15
2026-06-25T11:03:00Z,43456.19,43484.60,43447.50,43480.26,16
2026-06-25T11:04:00Z,43480.26,43484.60,43460.86,43469.55,12
2026-06-25T11:05:00Z,43469.55,43486.93,43463.19,43463.19,24
2026-06-25T11:06:00Z,43463.19,43476.22,43443.80,43461.18,12
2026-06-25T11:07:00Z,43461.18,43485.25,43443.80,43476.56,15
2026-06-25T11:08:00Z,43476.56,43496.27,43459.17,43491.93,23
2026-06-25T11:09:00Z,43491.93,43502.96,43483.24,43502.96,24
2026-06-25T11:10:00Z,43502.96,43522.70,43502.96,43518.35,20
2026-06-25T11:11:00Z,43518.35,43533.73,43509.65,43525.03,17
2026-06-25T11:12:00Z,43525.03,43529.38,43501.27,43514.32,11
2026-06-25T11:13:00Z,43514.32,43538.40,43496.92,43525.35,16
2026-06-25T11:14:00Z,43525.35,43538.40,43505.95,43523.35,12
2026-06-25T11:15:00Z,43523.35,43525.69,43510.30,43525.69,8
2026-06-25T11:16:00Z,43525.69,43549.77,43516.99,43545.42,20
2026-06-25T11:17:00Z,43545.42,43565.17,43528.01,43560.82,22
2026-06-25T11:18:00Z,43560.82,43578.24,43523.98,43537.04,11
2026-06-25T11:19:00Z,43537.04,43554.45,43508.93,43521.98,12
2026-06-25T11:20:00Z,43521.98,43535.03,43515.62,43515.62,18
2026-06-25T11:21:00Z,43515.62,43548.39,43515.62,43548.39,24
2026-06-25T11:22:00Z,43548.39,43563.77,43530.98,43559.42,9
2026-06-25T11:23:00Z,43559.42,43583.52,43542.00,43574.81,17
2026-06-25T11:24:00Z,43574.81,43585.87,43574.81,43577.16,22
2026-06-25T11:25:00Z,43577.16,43596.91,43568.45,43588.20,12
2026-06-25T11:26:00Z,43588.20,43588.20,43568.77,43573.12,24
2026-06-25T11:27:00Z,43573.12,43588.53,43573.12,43575.46,13
2026-06-25T11:28:00Z,43575.46,43621.35,43575.46,43603.91,22
2026-06-25T11:29:00Z,43603.91,43603.91,43584.47,43593.18,23
2026-06-25T11:30:00Z,43593.18,43593.18,43547.64,43560.70,10
2026-06-25T11:31:00Z,43560.70,43569.41,43536.95,43545.65,24
2026-06-25T11:32:00Z,43545.65,43558.71,43539.29,43539.29,21
2026-06-25T11:33:00Z,43539.29,43552.35,43498.15,43515.55,10
2026-06-25T11:34:00Z,43515.55,43524.25,43478.79,43487.48,9
2026-06-25T11:35:00Z,43487.48,43511.55,43474.44,43498.51,20
2026-06-25T11:36:00Z,43498.51,43515.90,43483.47,43492.16,8
2026-06-25T11:37:00Z,43492.16,43529.25,43487.82,43516.20,15
2026-06-25T11:38:00Z,43516.20,43529.25,43488.12,43505.52,23
2026-06-25T11:39:00Z,43505.52,43512.21,43488.12,43507.86,15
2026-06-25T11:40:00Z,43507.86,43557.99,43507.86,43544.93,10
2026-06-25T11:41:00Z,43544.93,43564.68,43540.58,43547.27,16
2026-06-25T11:42:00Z,43547.27,43567.00,43529.86,43562.65,18
2026-06-25T11:43:00Z,43562.65,43599.79,43549.59,43586.72,11
2026-06-25T11:44:00Z,43586.72,43615.18,43569.29,43602.10,16
2026-06-25T11:45:00Z,43602.10,43639.28,43589.02,43621.84,19
2026-06-25T11:46:00Z,43621.84,43632.88,43608.76,43632.88,17
2026-06-25T11:47:00Z,43632.88,43643.93,43628.52,43639.57,13
2026-06-25T11:48:00Z,43639.57,43676.78,43630.85,43659.32,9
2026-06-25T11:49:00Z,43659.32,43668.05,43618.10,43631.18,23
2026-06-25T11:50:00Z,43631.18,43635.54,43607.39,43616.11,11
2026-06-25T11:51:00Z,43616.11,43620.47,43596.68,43605.40,12
2026-06-25T11:52:00Z,43605.40,43620.83,43592.32,43607.75,23
2026-06-25T11:53:00Z,43607.75,43636.20,43594.67,43627.48,13
2026-06-25T11:54:00Z,43627.48,43660.31,43627.48,43647.22,24
2026-06-25T11:55:00Z,43647.22,43655.94,43619.05,43636.50,14
2026-06-25T11:56:00Z,43636.50,43636.50,43608.38,43612.74,14
2026-06-25T11:57:00Z,43612.74,43621.46,43588.95,43602.03,20
2026-06-25T11:58:00Z,43602.03,43604.37,43588.95,43604.37,14
2026-06-25T11:59:00Z,43604.37,43611.06,43591.29,43611.06,11
2026-06-25T12:00:00Z,43611.06,43637.38,43606.70,43619.94,11
2026-06-25T12:01:00Z,43619.94,43637.38,43572.13,43589.56,15
2026-06-25T12:02:00Z,43589.56,43615.86,43572.13,43598.43,10
2026-06-25T12:03:00Z,43598.43,43650.90,43585.36,43633.45,15
2026-06-25T12:04:00Z,43633.45,43646.54,43607.44,43616.16,9
2026-06-25T12:05:00Z,43616.16,43633.60,43603.24,43611.96,14
2026-06-25T12:06:00Z,43611.96,43625.04,43599.04,43603.40,9
2026-06-25T12:07:00Z,43603.40,43616.48,43586.13,43594.84,17
2026-06-25T12:08:00Z,43594.84,43607.91,43573.24,43577.59,13
2026-06-25T12:09:00Z,43577.59,43599.53,43560.16,43586.46,23
2026-06-25T12:10:00Z,43586.46,43595.17,43569.21,43573.56,18
2026-06-25T12:11:00Z,43573.56,43590.98,43547.60,43565.02,23
2026-06-25T12:12:00Z,43565.02,43582.59,43547.60,43578.24,19
2026-06-25T12:13:00Z,43578.24,43578.24,43552.28,43569.70,11
2026-06-25T12:14:00Z,43569.70,43595.99,43556.63,43582.92,10
2026-06-25T12:15:00Z,43582.92,43604.86,43578.57,43591.79,22
2026-06-25T12:16:00Z,43591.79,43600.50,43587.60,43587.60,21
2026-06-25T12:17:00Z,43587.60,43596.48,43570.17,43596.48,10
2026-06-25T12:18:00Z,43596.48,43622.76,43587.77,43618.40,23
2026-06-25T12:19:00Z,43618.40,43627.28,43618.40,43622.92,10
2026-06-25T12:20:00Z,43622.92,43644.86,43605.48,43636.14,24
2026-06-25T12:21:00Z,43636.14,43644.86,43610.16,43623.24,9
2026-06-25T12:22:00Z,43623.24,43636.48,43605.80,43623.40,23
2026-06-25T12:23:00Z,43623.40,43645.33,43605.96,43640.97,19
2026-06-25T12:24:00Z,43640.97,43654.20,43640.97,43649.84,12
2026-06-25T12:25:00Z,43649.84,43654.37,43645.48,43654.37,9
2026-06-25T12:26:00Z,43654.37,43689.41,43641.28,43671.95,11
2026-06-25T12:27:00Z,43671.95,43671.95,43650.34,43650.34,11
2026-06-25T12:28:00Z,43650.34,43672.27,43645.98,43667.91,16
2026-06-25T12:29:00Z,43667.91,43676.64,43641.90,43659.36,8
2026-06-25T12:30:00Z,43659.36,43676.97,43646.27,43663.88,11
2026-06-25T12:31:00Z,43663.88,43690.16,43646.42,43685.80,15
2026-06-25T12:32:00Z,43685.80,43699.06,43668.33,43685.96,24
2026-06-25T12:33:00Z,43685.96,43716.60,43685.96,43716.60,22
2026-06-25T12:34:00Z,43716.60,43729.71,43677.54,43686.27,9
2026-06-25T12:35:00Z,43686.27,43690.79,43681.91,43690.79,22
2026-06-25T12:36:00Z,43690.79,43704.05,43686.43,43690.95,12
2026-06-25T12:37:00Z,43690.95,43690.95,43678.03,43686.76,24
2026-06-25T12:38:00Z,43686.76,43730.49,43673.66,43717.38,20
2026-06-25T12:39:00Z,43717.38,43748.04,43717.38,43743.67,15
2026-06-25T12:40:00Z,43743.67,43748.04,43726.35,43739.47,10
2026-06-25T12:41:00Z,43739.47,43756.96,43700.39,43713.50,13
2026-06-25T12:42:00Z,43713.50,43731.14,43704.76,43718.03,9
2026-06-25T12:43:00Z,43718.03,43731.14,43692.04,43700.78,16
2026-06-25T12:44:00Z,43700.78,43731.46,43700.78,43718.35,24
2026-06-25T12:45:00Z,43718.35,43735.99,43700.87,43718.51,9
2026-06-25T12:46:00Z,43718.51,43723.03,43714.14,43723.03,22
2026-06-25T12:47:00Z,43723.03,43727.40,43705.77,43710.14,19
2026-06-25T12:48:00Z,43710.14,43719.00,43705.77,43719.00,17
2026-06-25T12:49:00Z,43719.00,43745.35,43701.52,43727.86,20
2026-06-25T12:50:00Z,43727.86,43736.76,43710.37,43728.02,16
2026-06-25T12:51:00Z,43728.02,43741.29,43714.91,43732.55,21
2026-06-25T12:52:00Z,43732.55,43732.55,43684.79,43702.27,22
2026-06-25T12:53:00Z,43702.27,43702.27,43685.04,43689.40,12
2026-06-25T12:54:00Z,43689.40,43698.13,43667.76,43685.23,12
2026-06-25T12:55:00Z,43685.23,43694.09,43667.76,43694.09,13
2026-06-25T12:56:00Z,43694.09,43707.29,43680.99,43707.29,12
2026-06-25T12:57:00Z,43707.29,43724.94,43702.92,43707.46,22
2026-06-25T12:58:00Z,43707.46,43711.83,43703.29,43703.29,24
2026-06-25T12:59:00Z,43703.29,43712.03,43681.68,43694.78,11
2026-06-25T13:00:00Z,43694.78,43707.88,43667.61,43685.08,23
2026-06-25T13:01:00Z,43685.08,43698.18,43671.02,43671.02,25
2026-06-25T13:02:00Z,43671.02,43700.62,43662.29,43687.52,23
2026-06-25T13:03:00Z,43687.52,43708.40,43687.52,43695.30,19
2026-06-25T13:04:00Z,43695.30,43716.17,43677.83,43698.70,9
2026-06-25T13:05:00Z,43698.70,43716.17,43693.39,43697.75,12
2026-06-25T13:06:00Z,43697.75,43701.16,43693.39,43701.16,9
2026-06-25T13:07:00Z,43701.16,43722.06,43692.42,43704.58,15
2026-06-25T13:08:00Z,43704.58,43717.69,43659.92,43668.65,19
2026-06-25T13:09:00Z,43668.65,43673.01,43641.50,43645.86,25
2026-06-25T13:10:00Z,43645.86,43645.86,43596.90,43614.34,15
2026-06-25T13:11:00Z,43614.34,43626.47,43601.26,43617.75,22
2026-06-25T13:12:00Z,43617.75,43656.05,43613.39,43647.33,10
2026-06-25T13:13:00Z,43647.33,43672.56,43634.24,43668.20,22
2026-06-25T13:14:00Z,43668.20,43676.93,43632.31,43645.40,21
2026-06-25T13:15:00Z,43645.40,43662.85,43618.24,43618.24,17
2026-06-25T13:16:00Z,43618.24,43631.32,43582.39,43586.74,23
2026-06-25T13:17:00Z,43586.74,43591.09,43559.62,43568.33,20
2026-06-25T13:18:00Z,43568.33,43584.80,43555.26,43580.45,12
2026-06-25T13:19:00Z,43580.45,43583.84,43563.02,43583.84,12
2026-06-25T13:20:00Z,43583.84,43600.33,43579.49,43600.33,22
2026-06-25T13:21:00Z,43600.33,43603.73,43591.61,43603.73,18
2026-06-25T13:22:00Z,43603.73,43608.09,43576.62,43594.05,22
2026-06-25T13:23:00Z,43594.05,43611.48,43575.65,43584.36,13
2026-06-25T13:24:00Z,43584.36,43587.77,43584.36,43587.77,21
2026-06-25T13:25:00Z,43587.77,43587.77,43560.65,43578.08,15
2026-06-25T13:26:00Z,43578.08,43590.20,43578.08,43581.49,15
2026-06-25T13:27:00Z,43581.49,43585.84,43558.73,43567.44,10
2026-06-25T13:28:00Z,43567.44,43570.84,43567.44,43570.84,11
2026-06-25T13:29:00Z,43570.84,43587.31,43570.84,43578.60,20
2026-06-25T13:30:00Z,43578.60,43608.15,43578.60,43590.72,24
2026-06-25T13:31:00Z,43590.72,43595.07,43576.69,43581.04,16
2026-06-25T13:32:00Z,43581.04,43606.23,43572.33,43593.16,13
2026-06-25T13:33:00Z,43593.16,43593.16,43548.61,43561.67,12
2026-06-25T13:34:00Z,43561.67,43574.73,43538.93,43551.99,18
2026-06-25T13:35:00Z,43551.99,43556.34,43516.19,43529.24,17
2026-06-25T13:36:00Z,43529.24,43537.94,43515.22,43523.92,17
2026-06-25T13:37:00Z,43523.92,43536.02,43506.52,43527.32,13
2026-06-25T13:38:00Z,43527.32,43548.13,43518.62,43535.07,13
2026-06-25T13:39:00Z,43535.07,43555.88,43526.37,43538.47,19
2026-06-25T13:40:00Z,43538.47,43547.17,43520.09,43528.79,10
2026-06-25T13:41:00Z,43528.79,43533.14,43514.78,43523.48,10
2026-06-25T13:42:00Z,43523.48,43536.53,43509.46,43518.16,20
2026-06-25T13:43:00Z,43518.16,43534.62,43518.16,43525.92,19
2026-06-25T13:44:00Z,43525.92,43534.62,43503.20,43516.25,23
2026-06-25T13:45:00Z,43516.25,43537.04,43507.55,43519.64,24
2026-06-25T13:46:00Z,43519.64,43532.69,43518.69,43518.69,20
2026-06-25T13:47:00Z,43518.69,43543.85,43505.64,43535.15,15
2026-06-25T13:48:00Z,43535.15,43552.56,43512.42,43521.12,17
2026-06-25T13:49:00Z,43521.12,43529.82,43489.68,43502.73,14
2026-06-25T13:50:00Z,43502.73,43536.60,43489.68,43523.55,12
2026-06-25T13:51:00Z,43523.55,43523.55,43500.83,43518.23,17
2026-06-25T13:52:00Z,43518.23,43535.63,43491.15,43495.49,17
2026-06-25T13:53:00Z,43495.49,43524.99,43478.10,43511.94,21
2026-06-25T13:54:00Z,43511.94,43524.04,43503.24,43515.34,18
2026-06-25T13:55:00Z,43515.34,43528.39,43492.59,43492.59,24
2026-06-25T13:56:00Z,43492.59,43495.99,43479.55,43495.99,24
2026-06-25T13:57:00Z,43495.99,43504.68,43490.67,43490.67,18
2026-06-25T13:58:00Z,43490.67,43502.76,43481.98,43498.42,15
2026-06-25T13:59:00Z,43498.42,43523.59,43489.73,43514.89,18
2026-06-25T14:00:00Z,43514.89,43532.01,43497.49,43527.66,22
2026-06-25T14:01:00Z,43527.66,43540.71,43492.56,43509.96,16
2026-06-25T14:02:00Z,43509.96,43509.96,43505.32,43505.32,16
2026-06-25T14:03:00Z,43505.32,43522.44,43492.27,43509.39,25
2026-06-25T14:04:00Z,43509.39,43526.79,43465.61,43483.00,11
2026-06-25T14:05:00Z,43483.00,43496.04,43452.29,43469.67,14
2026-06-25T14:06:00Z,43469.67,43482.71,43430.28,43447.65,14
2026-06-25T14:07:00Z,43447.65,43482.12,43430.28,43473.43,10
2026-06-25T14:08:00Z,43473.43,43499.23,43460.39,43490.54,19
2026-06-25T14:09:00Z,43490.54,43503.30,43490.54,43503.30,15
2026-06-25T14:10:00Z,43503.30,43511.72,43494.60,43511.72,12
2026-06-25T14:11:00Z,43511.72,43516.07,43485.33,43502.73,23
2026-06-25T14:12:00Z,43502.73,43502.73,43498.09,43498.09,17
2026-06-25T14:13:00Z,43498.09,43519.56,43493.75,43502.16,15
2026-06-25T14:14:00Z,43502.16,43502.16,43488.83,43493.17,9
2026-06-25T14:15:00Z,43493.17,43518.98,43480.13,43514.63,14
2026-06-25T14:16:00Z,43514.63,43523.33,43514.35,43514.35,16
2026-06-25T14:17:00Z,43514.35,43514.35,43514.07,43514.07,13
2026-06-25T14:18:00Z,43514.07,43527.12,43465.93,43478.97,10
2026-06-25T14:19:00Z,43478.97,43500.42,43478.97,43483.03,18
2026-06-25T14:20:00Z,43483.03,43500.42,43443.61,43447.95,8
2026-06-25T14:21:00Z,43447.95,43447.95,43425.94,43438.97,16
2026-06-25T14:22:00Z,43438.97,43447.65,43412.63,43430.00,14
2026-06-25T14:23:00Z,43430.00,43460.12,43412.63,43455.78,8
2026-06-25T14:24:00Z,43455.78,43464.47,43433.77,43438.11,18
2026-06-25T14:25:00Z,43438.11,43476.92,43433.77,43472.58,21
2026-06-25T14:26:00Z,43472.58,43481.27,43463.61,43472.30,10
2026-06-25T14:27:00Z,43472.30,43506.79,43463.61,43493.75,24
2026-06-25T14:28:00Z,43493.75,43506.79,43458.67,43467.36,23
2026-06-25T14:29:00Z,43467.36,43484.46,43467.36,43475.77,14
2026-06-25T14:30:00Z,43475.77,43475.77,43458.10,43471.14,21
2026-06-25T14:31:00Z,43471.14,43488.52,43457.82,43466.51,24
2026-06-25T14:32:00Z,43466.51,43483.89,43440.15,43444.49,16
2026-06-25T14:33:00Z,43444.49,43448.83,43439.86,43439.86,22
2026-06-25T14:34:00Z,43439.86,43452.60,43422.49,43443.92,10
2026-06-25T14:35:00Z,43443.92,43452.32,43439.58,43447.98,23
2026-06-25T14:36:00Z,43447.98,43461.01,43430.33,43447.70,10
2026-06-25T14:37:00Z,43447.70,43447.70,43447.42,43447.42,13
2026-06-25T14:38:00Z,43447.42,43451.76,43421.07,43425.41,19
2026-06-25T14:39:00Z,43425.41,43455.53,43416.73,43442.50,14
2026-06-25T14:40:00Z,43442.50,43442.50,43433.54,43442.22,23
2026-06-25T14:41:00Z,43442.22,43455.25,43420.21,43420.21,16
2026-06-25T14:42:00Z,43420.21,43428.61,43415.87,43424.27,12
2026-06-25T14:43:00Z,43424.27,43441.35,43424.27,43432.67,14
2026-06-25T14:44:00Z,43432.67,43454.10,43423.99,43445.42,24
2026-06-25T14:45:00Z,43445.42,43466.85,43441.08,43449.48,11
2026-06-25T14:46:00Z,43449.48,43458.16,43431.82,43440.50,15
2026-06-25T14:47:00Z,43440.50,43440.50,43409.81,43422.83,24
2026-06-25T14:48:00Z,43422.83,43435.85,43396.48,43396.48,9
2026-06-25T14:49:00Z,43396.48,43426.58,43396.48,43426.58,24
2026-06-25T14:50:00Z,43426.58,43434.98,43417.90,43434.98,21
2026-06-25T14:51:00Z,43434.98,43434.98,43408.64,43417.32,22
2026-06-25T14:52:00Z,43417.32,43434.68,43395.33,43412.69,20
2026-06-25T14:53:00Z,43412.69,43412.69,43395.05,43399.38,12
2026-06-25T14:54:00Z,43399.38,43416.73,43381.75,43399.10,15
2026-06-25T14:55:00Z,43399.10,43429.20,43394.77,43411.84,10
2026-06-25T14:56:00Z,43411.84,43424.86,43394.19,43402.87,24
2026-06-25T14:57:00Z,43402.87,43441.66,43402.87,43437.32,20
2026-06-25T14:58:00Z,43437.32,43458.76,43432.98,43454.42,21
2026-06-25T14:59:00Z,43454.42,43484.56,43441.39,43484.56,22
2026-06-25T15:00:00Z,43484.56,43496.29,43484.56,43487.60,21
2026-06-25T15:01:00Z,43487.60,43500.64,43468.92,43486.31,24
2026-06-25T15:02:00Z,43486.31,43503.70,43463.27,43471.96,25
2026-06-25T15:03:00Z,43471.96,43492.40,43471.96,43483.71,18
2026-06-25T15:04:00Z,43483.71,43488.05,43456.32,43456.32,15
2026-06-25T15:05:00Z,43456.32,43498.48,43443.29,43481.09,9
2026-06-25T15:06:00Z,43481.09,43527.64,43463.70,43510.24,21
2026-06-25T15:07:00Z,43510.24,43527.64,43491.54,43495.88,20
2026-06-25T15:08:00Z,43495.88,43500.22,43494.59,43494.59,13
2026-06-25T15:09:00Z,43494.59,43511.98,43475.91,43493.30,14
2026-06-25T15:10:00Z,43493.30,43513.75,43488.96,43513.75,10
2026-06-25T15:11:00Z,43513.75,43534.22,43513.75,43529.87,24
2026-06-25T15:12:00Z,43529.87,43542.92,43519.88,43528.58,12
2026-06-25T15:13:00Z,43528.58,43544.68,43524.23,43535.98,15
2026-06-25T15:14:00Z,43535.98,43569.52,43522.92,43556.46,24
2026-06-25T15:15:00Z,43556.46,43572.57,43543.40,43559.51,21
2026-06-25T15:16:00Z,43559.51,43576.93,43536.43,43540.78,19
2026-06-25T15:17:00Z,43540.78,43553.84,43517.71,43522.06,22
2026-06-25T15:18:00Z,43522.06,43526.41,43499.00,43512.05,8
2026-06-25T15:19:00Z,43512.05,43512.05,43493.35,43506.40,14
2026-06-25T15:20:00Z,43506.40,43510.75,43470.29,43478.98,13
2026-06-25T15:21:00Z,43478.98,43483.32,43464.65,43477.69,22
2026-06-25T15:22:00Z,43477.69,43490.73,43424.22,43441.59,14
2026-06-25T15:23:00Z,43441.59,43458.96,43431.61,43440.29,19
2026-06-25T15:24:00Z,43440.29,43469.42,43427.26,43465.08,24
2026-06-25T15:25:00Z,43465.08,43476.83,43452.05,43476.83,23
2026-06-25T15:26:00Z,43476.83,43494.22,43466.84,43475.53,24
2026-06-25T15:27:00Z,43475.53,43504.68,43462.49,43491.64,20
2026-06-25T15:28:00Z,43491.64,43504.68,43459.88,43464.22,19
2026-06-25T15:29:00Z,43464.22,43471.63,43464.22,43471.63,20
2026-06-25T15:30:00Z,43471.63,43479.04,43467.29,43479.04,23
2026-06-25T15:31:00Z,43479.04,43499.49,43466.00,43499.49,23
2026-06-25T15:32:00Z,43499.49,43499.49,43480.81,43498.20,16
2026-06-25T15:33:00Z,43498.20,43515.59,43449.04,43466.42,11
2026-06-25T15:34:00Z,43466.42,43483.80,43434.69,43452.07,9
2026-06-25T15:35:00Z,43452.07,43472.51,43443.38,43463.82,24
2026-06-25T15:36:00Z,43463.82,43479.92,43450.79,43479.92,18
2026-06-25T15:37:00Z,43479.92,43509.08,43479.92,43496.04,21
2026-06-25T15:38:00Z,43496.04,43496.04,43459.94,43477.33,22
2026-06-25T15:39:00Z,43477.33,43486.02,43441.23,43458.61,23
2026-06-25T15:40:00Z,43458.61,43471.64,43444.27,43448.61,17
2026-06-25T15:41:00Z,43448.61,43452.95,43438.60,43438.60,25
2026-06-25T15:42:00Z,43438.60,43445.99,43438.60,43441.65,16
2026-06-25T15:43:00Z,43441.65,43445.99,43405.60,43422.96,9
2026-06-25T15:44:00Z,43422.96,43434.69,43405.60,43430.35,24
2026-06-25T15:45:00Z,43430.35,43439.03,43389.95,43407.31,16
2026-06-25T15:46:00Z,43407.31,43432.06,43394.29,43414.70,20
2026-06-25T15:47:00Z,43414.70,43443.82,43401.68,43435.14,25
2026-06-25T15:48:00Z,43435.14,43443.82,43412.13,43429.50,11
2026-06-25T15:49:00Z,43429.50,43476.03,43412.13,43467.34,18
2026-06-25T15:50:00Z,43467.34,43500.85,43454.30,43487.81,13
2026-06-25T15:51:00Z,43487.81,43492.15,43464.76,43473.45,20
2026-06-25T15:52:00Z,43473.45,43493.89,43469.11,43480.85,19
2026-06-25T15:53:00Z,43480.85,43480.85,43444.75,43457.78,24
2026-06-25T15:54:00Z,43457.78,43482.59,43457.78,43482.59,21
2026-06-25T15:55:00Z,43482.59,43491.28,43468.25,43476.94,16
2026-06-25T15:56:00Z,43476.94,43489.98,43453.90,43466.94,17
2026-06-25T15:57:00Z,43466.94,43479.98,43461.30,43465.64,24
2026-06-25T15:58:00Z,43465.64,43478.67,43442.61,43459.99,20
2026-06-25T15:59:00Z,43459.99,43484.80,43442.61,43471.76,10
2026-06-25T16:00:00Z,43471.76,43471.76,43455.33,43464.02,22
2026-06-25T16:01:00Z,43464.02,43477.05,43460.63,43460.63,17
2026-06-25T16:02:00Z,43460.63,43460.63,43439.86,43439.86,18
2026-06-25T16:03:00Z,43439.86,43466.88,43422.49,43449.51,16
2026-06-25T16:04:00Z,43449.51,43463.49,43445.17,43459.15,10
2026-06-25T16:05:00Z,43459.15,43460.11,43450.46,43460.11,22
2026-06-25T16:06:00Z,43460.11,43468.80,43408.93,43413.27,15
2026-06-25T16:07:00Z,43413.27,43427.26,43408.93,43422.92,9
2026-06-25T16:08:00Z,43422.92,43422.92,43376.13,43393.48,22
2026-06-25T16:09:00Z,43393.48,43397.81,43364.07,43372.74,8
2026-06-25T16:10:00Z,43372.74,43372.74,43369.36,43369.36,16
2026-06-25T16:11:00Z,43369.36,43383.33,43352.02,43383.33,10
2026-06-25T16:12:00Z,43383.33,43387.66,43375.62,43379.95,21
2026-06-25T16:13:00Z,43379.95,43406.92,43362.60,43398.25,23
2026-06-25T16:14:00Z,43398.25,43399.21,43389.58,43399.21,13
2026-06-25T16:15:00Z,43399.21,43400.18,43394.88,43400.18,13
2026-06-25T16:16:00Z,43400.18,43413.20,43388.13,43396.80,22
2026-06-25T16:17:00Z,43396.80,43415.11,43392.47,43402.09,22
2026-06-25T16:18:00Z,43402.09,43424.74,43402.09,43424.74,11
2026-06-25T16:19:00Z,43424.74,43429.08,43399.66,43417.02,23
2026-06-25T16:20:00Z,43417.02,43457.04,43404.00,43439.67,14
2026-06-25T16:21:00Z,43439.67,43444.01,43427.60,43436.28,22
2026-06-25T16:22:00Z,43436.28,43471.97,43427.60,43458.94,10
2026-06-25T16:23:00Z,43458.94,43467.63,43438.19,43446.87,10
2026-06-25T16:24:00Z,43446.87,43482.58,43446.87,43469.54,24
2026-06-25T16:25:00Z,43469.54,43479.19,43456.50,43470.50,21
2026-06-25T16:26:00Z,43470.50,43488.84,43453.12,43475.80,10
2026-06-25T16:27:00Z,43475.80,43493.19,43446.35,43455.04,20
2026-06-25T16:28:00Z,43455.04,43463.73,43451.65,43451.65,14
2026-06-25T16:29:00Z,43451.65,43460.34,43426.55,43443.92,9
2026-06-25T16:30:00Z,43443.92,43462.25,43443.92,43444.88,24
2026-06-25T16:31:00Z,43444.88,43458.88,43444.88,43450.19,19
2026-06-25T16:32:00Z,43450.19,43464.18,43437.16,43455.49,14
2026-06-25T16:33:00Z,43455.49,43468.52,43434.73,43447.76,12
2026-06-25T16:34:00Z,43447.76,43447.76,43440.03,43444.37,20
2026-06-25T16:35:00Z,43444.37,43461.74,43401.93,43410.61,17
2026-06-25T16:36:00Z,43410.61,43427.97,43385.54,43385.54,10
2026-06-25T16:37:00Z,43385.54,43421.19,43381.21,43408.17,15
2026-06-25T16:38:00Z,43408.17,43413.46,43395.15,43413.46,19
2026-06-25T16:39:00Z,43413.46,43417.80,43392.73,43410.09,17
2026-06-25T16:40:00Z,43410.09,43441.41,43410.09,43432.73,21
2026-06-25T16:41:00Z,43432.73,43455.38,43415.36,43446.70,20
2026-06-25T16:42:00Z,43446.70,43473.70,43446.70,43469.36,23
2026-06-25T16:43:00Z,43469.36,43478.05,43444.26,43461.64,24
2026-06-25T16:44:00Z,43461.64,43497.33,43452.95,43492.99,22
2026-06-25T16:45:00Z,43492.99,43528.72,43488.65,43511.32,19
2026-06-25T16:46:00Z,43511.32,43524.37,43486.18,43503.58,22
2026-06-25T16:47:00Z,43503.58,43507.93,43495.85,43500.20,25
2026-06-25T16:48:00Z,43500.20,43517.60,43479.42,43496.81,12
2026-06-25T16:49:00Z,43496.81,43519.51,43492.47,43502.11,22
2026-06-25T16:50:00Z,43502.11,43510.81,43485.68,43494.37,24
2026-06-25T16:51:00Z,43494.37,43494.37,43469.26,43486.65,15
2026-06-25T16:52:00Z,43486.65,43486.65,43461.53,43474.57,23
2026-06-25T16:53:00Z,43474.57,43518.98,43474.57,43501.58,15
2026-06-25T16:54:00Z,43501.58,43502.54,43497.23,43502.54,16
2026-06-25T16:55:00Z,43502.54,43507.86,43489.49,43503.51,18
2026-06-25T16:56:00Z,43503.51,43503.51,43491.42,43500.12,21
2026-06-25T16:57:00Z,43500.12,43527.14,43487.07,43527.14,25
2026-06-25T16:58:00Z,43527.14,43545.49,43518.44,43532.44,16
2026-06-25T16:59:00Z,43532.44,43541.14,43511.65,43529.06,20
2026-06-25T17:00:00Z,43529.06,43565.54,43524.71,43561.19,14
2026-06-25T17:01:00Z,43561.19,43584.63,43543.77,43571.56,24
2026-06-25T17:02:00Z,43571.56,43586.29,43567.21,43581.94,20
2026-06-25T17:03:00Z,43581.94,43595.01,43557.46,43570.53,15
2026-06-25T17:04:00Z,43570.53,43602.70,43553.11,43589.63,11
2026-06-25T17:05:00Z,43589.63,43613.10,43589.63,43608.74,16
2026-06-25T17:06:00Z,43608.74,43636.58,43595.66,43627.86,20
2026-06-25T17:07:00Z,43627.86,43642.61,43623.50,43629.53,11
2026-06-25T17:08:00Z,43629.53,43638.25,43596.30,43613.74,24
2026-06-25T17:09:00Z,43613.74,43626.82,43593.59,43593.59,18
2026-06-25T17:10:00Z,43593.59,43606.66,43582.18,43586.53,10
2026-06-25T17:11:00Z,43586.53,43590.88,43566.41,43583.84,16
2026-06-25T17:12:00Z,43583.84,43583.84,43572.42,43572.42,22
2026-06-25T17:13:00Z,43572.42,43585.49,43556.66,43569.73,24
2026-06-25T17:14:00Z,43569.73,43578.44,43558.32,43558.32,19
2026-06-25T17:15:00Z,43558.32,43590.49,43549.61,43577.42,23
2026-06-25T17:16:00Z,43577.42,43583.45,43577.42,43583.45,17
2026-06-25T17:17:00Z,43583.45,43600.88,43554.59,43563.30,14
2026-06-25T17:18:00Z,43563.30,43567.65,43547.53,43556.24,20
2026-06-25T17:19:00Z,43556.24,43579.69,43543.18,43562.27,12
2026-06-25T17:20:00Z,43562.27,43570.98,43546.49,43546.49,15
2026-06-25T17:21:00Z,43546.49,43583.02,43533.43,43565.60,16
2026-06-25T17:22:00Z,43565.60,43583.02,43549.85,43562.91,18
2026-06-25T17:23:00Z,43562.91,43571.62,43538.43,43555.85,15
2026-06-25T17:24:00Z,43555.85,43555.85,43531.37,43544.43,22
2026-06-25T17:25:00Z,43544.43,43548.78,43519.96,43533.01,22
2026-06-25T17:26:00Z,43533.01,43533.01,43517.27,43530.32,17
2026-06-25T17:27:00Z,43530.32,43543.37,43488.42,43505.82,11
2026-06-25T17:28:00Z,43505.82,43524.89,43501.47,43511.84,13
2026-06-25T17:29:00Z,43511.84,43524.89,43491.74,43500.44,23
2026-06-25T17:30:00Z,43500.44,43517.84,43497.75,43497.75,23
2026-06-25T17:31:00Z,43497.75,43503.75,43489.06,43499.41,18
2026-06-25T17:32:00Z,43499.41,43509.78,43486.37,43505.43,24
2026-06-25T17:33:00Z,43505.43,43518.48,43454.84,43472.22,21
2026-06-25T17:34:00Z,43472.22,43480.91,43460.84,43469.53,16
2026-06-25T17:35:00Z,43469.53,43482.57,43418.97,43436.34,22
2026-06-25T17:36:00Z,43436.34,43436.34,43429.29,43429.29,18
2026-06-25T17:37:00Z,43429.29,43465.73,43411.92,43448.36,8
2026-06-25T17:38:00Z,43448.36,43461.39,43423.94,43441.31,17
2026-06-25T17:39:00Z,43441.31,43445.65,43421.20,43421.20,11
2026-06-25T17:40:00Z,43421.20,43453.32,43416.86,43448.98,20
2026-06-25T17:41:00Z,43448.98,43462.01,43420.20,43433.22,14
2026-06-25T17:42:00Z,43433.22,43452.26,43433.22,43439.23,18
2026-06-25T17:43:00Z,43439.23,43447.91,43414.79,43423.47,24
2026-06-25T17:44:00Z,43423.47,43423.47,43407.72,43407.72,17
2026-06-25T17:45:00Z,43407.72,43412.06,43383.30,43391.97,20
2026-06-25T17:46:00Z,43391.97,43404.98,43380.57,43380.57,25
2026-06-25T17:47:00Z,43380.57,43416.98,43380.57,43399.63,17
2026-06-25T17:48:00Z,43399.63,43436.06,43382.28,43418.70,23
2026-06-25T17:49:00Z,43418.70,43436.06,43402.99,43416.01,19
2026-06-25T17:50:00Z,43416.01,43422.01,43416.01,43417.67,16
2026-06-25T17:51:00Z,43417.67,43436.69,43413.33,43419.33,9
2026-06-25T17:52:00Z,43419.33,43447.11,43410.65,43442.77,20
2026-06-25T17:53:00Z,43442.77,43461.84,43434.09,43453.15,17
2026-06-25T17:54:00Z,43453.15,43470.53,43411.26,43419.94,10
2026-06-25T17:55:00Z,43419.94,43419.94,43417.25,43417.25,21
2026-06-25T17:56:00Z,43417.25,43425.93,43388.44,43392.77,14
2026-06-25T17:57:00Z,43392.77,43410.12,43368.37,43385.72,25
2026-06-25T17:58:00Z,43385.72,43396.06,43377.05,43391.73,22
2026-06-25T17:59:00Z,43391.73,43410.77,43383.06,43397.76,16
2026-06-25T18:00:00Z,43397.76,43406.43,43381.88,43386.21,25
2026-06-25T18:01:00Z,43386.21,43409.36,43368.86,43396.35,9
2026-06-25T18:02:00Z,43396.35,43409.36,43371.79,43389.14,14
2026-06-25T18:03:00Z,43389.14,43393.47,43381.95,43386.28,13
2026-06-25T18:04:00Z,43386.28,43405.09,43381.95,43396.42,13
2026-06-25T18:05:00Z,43396.42,43409.43,43380.53,43380.53,15
2026-06-25T18:06:00Z,43380.53,43380.53,43364.65,43373.32,20
2026-06-25T18:07:00Z,43373.32,43381.99,43366.13,43370.46,17
2026-06-25T18:08:00Z,43370.46,43383.47,43358.92,43363.25,11
2026-06-25T18:09:00Z,43363.25,43395.06,43350.25,43395.06,22
2026-06-25T18:10:00Z,43395.06,43422.56,43390.73,43409.54,10
2026-06-25T18:11:00Z,43409.54,43450.07,43392.18,43445.73,10
2026-06-25T18:12:00Z,43445.73,43460.23,43428.36,43447.20,22
2026-06-25T18:13:00Z,43447.20,43470.38,43438.52,43470.38,25
2026-06-25T18:14:00Z,43470.38,43480.54,43461.69,43471.85,21
2026-06-25T18:15:00Z,43471.85,43476.19,43451.60,43468.98,16
2026-06-25T18:16:00Z,43468.98,43473.32,43440.03,43457.41,19
2026-06-25T18:17:00Z,43457.41,43471.90,43457.41,43467.56,16
2026-06-25T18:18:00Z,43467.56,43471.90,43438.62,43451.65,13
2026-06-25T18:19:00Z,43451.65,43455.99,43435.76,43444.44,24
2026-06-25T18:20:00Z,43444.44,43467.61,43431.41,43467.61,24
2026-06-25T18:21:00Z,43467.61,43484.99,43434.33,43443.01,18
2026-06-25T18:22:00Z,43443.01,43483.56,43425.64,43470.52,21
2026-06-25T18:23:00Z,43470.52,43479.21,43450.28,43454.62,20
2026-06-25T18:24:00Z,43454.62,43469.11,43441.59,43469.11,15
2026-06-25T18:25:00Z,43469.11,43482.15,43448.85,43466.23,24
2026-06-25T18:26:00Z,43466.23,43493.75,43457.54,43489.41,20
2026-06-25T18:27:00Z,43489.41,43508.26,43472.02,43508.26,13
2026-06-25T18:28:00Z,43508.26,43508.26,43487.98,43505.38,14
2026-06-25T18:29:00Z,43505.38,43511.20,43505.38,43506.85,20
2026-06-25T18:30:00Z,43506.85,43508.32,43506.85,43508.32,12
2026-06-25T18:31:00Z,43508.32,43514.14,43508.32,43514.14,9
2026-06-25T18:32:00Z,43514.14,43527.19,43498.21,43506.91,14
2026-06-25T18:33:00Z,43506.91,43515.61,43495.33,43504.03,10
2026-06-25T18:34:00Z,43504.03,43508.38,43488.12,43492.46,14
2026-06-25T18:35:00Z,43492.46,43524.37,43483.77,43506.97,17
2026-06-25T18:36:00Z,43506.97,43538.87,43502.62,43521.47,24
2026-06-25T18:37:00Z,43521.47,43525.82,43501.19,43518.59,20
2026-06-25T18:38:00Z,43518.59,43537.45,43505.54,43524.40,22
2026-06-25T18:39:00Z,43524.40,43524.40,43512.83,43512.83,8
2026-06-25T18:40:00Z,43512.83,43517.18,43492.55,43509.95,19
2026-06-25T18:41:00Z,43509.95,43527.35,43476.66,43485.35,18
2026-06-25T18:42:00Z,43485.35,43495.50,43481.01,43495.50,12
2026-06-25T18:43:00Z,43495.50,43523.05,43495.50,43510.00,20
2026-06-25T18:44:00Z,43510.00,43514.35,43476.70,43489.74,16
2026-06-25T18:45:00Z,43489.74,43504.25,43476.70,43491.21,24
2026-06-25T18:46:00Z,43491.21,43499.90,43483.99,43488.33,25
2026-06-25T18:47:00Z,43488.33,43505.72,43463.74,43476.78,14
2026-06-25T18:48:00Z,43476.78,43499.98,43463.74,43482.59,9
2026-06-25T18:49:00Z,43482.59,43514.47,43465.20,43501.42,10
2026-06-25T18:50:00Z,43501.42,43520.27,43484.02,43511.57,23
2026-06-25T18:51:00Z,43511.57,43524.62,43495.66,43504.36,13
2026-06-25T18:52:00Z,43504.36,43523.22,43500.01,43510.17,15
2026-06-25T18:53:00Z,43510.17,43514.52,43476.87,43494.26,14
2026-06-25T18:54:00Z,43494.26,43498.60,43469.68,43474.02,17
2026-06-25T18:55:00Z,43474.02,43475.50,43474.02,43475.50,14
2026-06-25T18:56:00Z,43475.50,43479.84,43463.95,43468.29,21
2026-06-25T18:57:00Z,43468.29,43504.46,43455.25,43504.46,14
2026-06-25T18:58:00Z,43504.46,43513.16,43497.23,43501.58,16
2026-06-25T18:59:00Z,43501.58,43514.63,43476.99,43490.03,12
2026-06-25T19:00:00Z,43490.03,43509.05,43472.64,43496.01,17
2026-06-25T19:01:00Z,43496.01,43510.69,43487.32,43501.99,14
2026-06-25T19:02:00Z,43501.99,43515.04,43451.44,43468.82,25
2026-06-25T19:03:00Z,43468.82,43479.14,43464.48,43474.80,23
2026-06-25T19:04:00Z,43474.80,43474.80,43446.01,43446.01,10
2026-06-25T19:05:00Z,43446.01,43473.72,43428.64,43456.34,17
2026-06-25T19:06:00Z,43456.34,43479.68,43443.31,43479.68,16
2026-06-25T19:07:00Z,43479.68,43485.66,43470.99,43485.66,12
2026-06-25T19:08:00Z,43485.66,43491.63,43485.66,43487.29,14
2026-06-25T19:09:00Z,43487.29,43506.30,43482.95,43501.95,24
2026-06-25T19:10:00Z,43501.95,43542.69,43488.90,43533.99,18
2026-06-25T19:11:00Z,43533.99,43542.69,43518.24,43518.24,23
2026-06-25T19:12:00Z,43518.24,43535.64,43489.44,43506.84,15
2026-06-25T19:13:00Z,43506.84,43511.19,43504.13,43504.13,16
2026-06-25T19:14:00Z,43504.13,43518.81,43486.73,43505.76,18
2026-06-25T19:15:00Z,43505.76,43520.44,43505.76,43507.39,15
2026-06-25T19:16:00Z,43507.39,43507.39,43491.64,43500.34,15
2026-06-25T19:17:00Z,43500.34,43536.74,43491.64,43519.34,15
2026-06-25T19:18:00Z,43519.34,43519.34,43490.58,43499.27,24
2026-06-25T19:19:00Z,43499.27,43512.31,43496.57,43496.57,10
2026-06-25T19:20:00Z,43496.57,43500.91,43476.52,43476.52,10
2026-06-25T19:21:00Z,43476.52,43504.22,43467.83,43486.83,15
2026-06-25T19:22:00Z,43486.83,43501.50,43478.14,43492.81,20
2026-06-25T19:23:00Z,43492.81,43516.17,43475.42,43507.47,9
2026-06-25T19:24:00Z,43507.47,43509.11,43490.07,43509.11,11
2026-06-25T19:25:00Z,43509.11,43510.75,43504.76,43510.75,19
2026-06-25T19:26:00Z,43510.75,43519.45,43499.38,43499.38,14
2026-06-25T19:27:00Z,43499.38,43514.06,43495.04,43505.36,16
2026-06-25T19:28:00Z,43505.36,43546.05,43496.66,43533.00,21
2026-06-25T19:29:00Z,43533.00,43556.36,43528.65,43547.66,12
2026-06-25T19:30:00Z,43547.66,43556.36,43540.62,43540.62,19
2026-06-25T19:31:00Z,43540.62,43559.66,43536.27,43546.60,20
2026-06-25T19:32:00Z,43546.60,43550.95,43487.48,43504.88,18
2026-06-25T19:33:00Z,43504.88,43515.22,43500.53,43506.52,20
2026-06-25T19:34:00Z,43506.52,43523.92,43482.11,43499.50,9
2026-06-25T19:35:00Z,43499.50,43540.20,43486.46,43522.80,24
2026-06-25T19:36:00Z,43522.80,43540.20,43507.06,43520.11,24
2026-06-25T19:37:00Z,43520.11,43565.12,43507.06,43552.06,9
2026-06-25T19:38:00Z,43552.06,43556.41,43545.04,43545.04,22
2026-06-25T19:39:00Z,43545.04,43564.01,43531.98,43564.01,11
2026-06-25T19:40:00Z,43564.01,43600.38,43546.59,43587.31,10
2026-06-25T19:41:00Z,43587.31,43606.39,43574.24,43588.96,15
2026-06-25T19:42:00Z,43588.96,43588.96,43573.20,43586.27,19
2026-06-25T19:43:00Z,43586.27,43605.27,43577.56,43600.91,9
2026-06-25T19:44:00Z,43600.91,43618.35,43572.12,43589.55,23
2026-06-25T19:45:00Z,43589.55,43591.19,43585.20,43591.19,14
2026-06-25T19:46:00Z,43591.19,43608.62,43579.84,43579.84,9
2026-06-25T19:47:00Z,43579.84,43597.27,43559.85,43559.85,24
2026-06-25T19:48:00Z,43559.85,43578.81,43555.50,43578.81,9
2026-06-25T19:49:00Z,43578.81,43597.82,43565.74,43589.11,24
2026-06-25T19:50:00Z,43589.11,43621.12,43580.40,43612.40,24
2026-06-25T19:51:00Z,43612.40,43621.12,43587.94,43605.38,14
2026-06-25T19:52:00Z,43605.38,43633.03,43601.02,43628.67,13
2026-06-25T19:53:00Z,43628.67,43652.01,43628.67,43647.65,12
2026-06-25T19:54:00Z,43647.65,43671.02,43630.20,43662.29,23
2026-06-25T19:55:00Z,43662.29,43662.29,43642.14,43659.60,15
2026-06-25T19:56:00Z,43659.60,43674.33,43646.51,43661.24,21
2026-06-25T19:57:00Z,43661.24,43688.98,43643.78,43675.88,23
2026-06-25T19:58:00Z,43675.88,43680.24,43660.09,43673.19,17
2026-06-25T19:59:00Z,43673.19,43679.18,43664.46,43679.18,18
2026-06-25T20:00:00Z,43679.18,43692.28,43636.00,43644.72,22
2026-06-25T20:01:00Z,43644.72,43662.66,43627.27,43645.21,18
2026-06-25T20:02:00Z,43645.21,43663.15,43640.85,43658.79,13
2026-06-25T20:03:00Z,43658.79,43698.56,43650.06,43698.56,10
2026-06-25T20:04:00Z,43698.56,43702.92,43664.11,43668.47,21
2026-06-25T20:05:00Z,43668.47,43686.42,43659.74,43668.96,17
2026-06-25T20:06:00Z,43668.96,43677.69,43652.00,43656.36,14
2026-06-25T20:07:00Z,43656.36,43660.72,43639.40,43639.40,24
2026-06-25T20:08:00Z,43639.40,43679.16,43630.68,43661.70,21
2026-06-25T20:09:00Z,43661.70,43679.16,43627.30,43636.02,18
2026-06-25T20:10:00Z,43636.02,43658.31,43618.57,43649.59,18
2026-06-25T20:11:00Z,43649.59,43650.10,43640.87,43650.10,13
2026-06-25T20:12:00Z,43650.10,43668.03,43632.64,43663.67,15
2026-06-25T20:13:00Z,43663.67,43672.40,43629.28,43629.28,17
2026-06-25T20:14:00Z,43629.28,43638.50,43629.28,43634.14,16
2026-06-25T20:15:00Z,43634.14,43656.45,43621.05,43639.00,12
2026-06-25T20:16:00Z,43639.00,43643.36,43626.43,43630.79,16
2026-06-25T20:17:00Z,43630.79,43653.10,43626.43,43635.65,25
2026-06-25T20:18:00Z,43635.65,43653.60,43635.65,43636.15,13
2026-06-25T20:19:00Z,43636.15,43640.51,43606.16,43614.88,12
2026-06-25T20:20:00Z,43614.88,43627.96,43597.98,43597.98,12
2026-06-25T20:21:00Z,43597.98,43602.33,43550.63,43559.34,25
2026-06-25T20:22:00Z,43559.34,43572.40,43542.45,43551.16,17
2026-06-25T20:23:00Z,43551.16,43555.51,43508.21,43525.62,21
2026-06-25T20:24:00Z,43525.62,43543.03,43482.69,43500.09,19
2026-06-25T20:25:00Z,43500.09,43508.79,43470.20,43487.59,21
2026-06-25T20:26:00Z,43487.59,43514.15,43478.90,43505.45,13
2026-06-25T20:27:00Z,43505.45,43514.15,43475.60,43479.94,19
2026-06-25T20:28:00Z,43479.94,43497.80,43475.60,43493.46,9
2026-06-25T20:29:00Z,43493.46,43511.37,43476.07,43493.98,11
2026-06-25T20:30:00Z,43493.98,43493.98,43472.79,43485.83,12
2026-06-25T20:31:00Z,43485.83,43508.04,43468.44,43503.69,17
2026-06-25T20:32:00Z,43503.69,43543.27,43503.69,43530.22,18
2026-06-25T20:33:00Z,43530.22,43530.22,43526.40,43526.40,23
2026-06-25T20:34:00Z,43526.40,43570.32,43508.99,43561.61,22
2026-06-25T20:35:00Z,43561.61,43566.49,43552.90,43562.14,15
2026-06-25T20:36:00Z,43562.14,43570.85,43545.30,43545.30,23
2026-06-25T20:37:00Z,43545.30,43550.17,43527.89,43545.82,23
2026-06-25T20:38:00Z,43545.82,43550.68,43532.76,43550.68,11
2026-06-25T20:39:00Z,43550.68,43568.54,43541.97,43568.54,25
2026-06-25T20:40:00Z,43568.54,43603.81,43564.19,43590.74,9
2026-06-25T20:41:00Z,43590.74,43626.03,43573.31,43612.95,25
2026-06-25T20:42:00Z,43612.95,43635.17,43608.59,43635.17,19
2026-06-25T20:43:00Z,43635.17,43674.86,43630.81,43657.40,22
2026-06-25T20:44:00Z,43657.40,43674.86,43618.78,43627.50,10
2026-06-25T20:45:00Z,43627.50,43628.01,43610.05,43628.01,8
2026-06-25T20:46:00Z,43628.01,43636.73,43606.74,43624.18,21
2026-06-25T20:47:00Z,43624.18,43633.41,43606.74,43629.05,9
2026-06-25T20:48:00Z,43629.05,43655.69,43611.60,43638.24,22
2026-06-25T20:49:00Z,43638.24,43655.69,43625.73,43625.73,9
2026-06-25T20:50:00Z,43625.73,43643.67,43612.65,43630.59,10
2026-06-25T20:51:00Z,43630.59,43639.31,43591.98,43609.42,22
2026-06-25T20:52:00Z,43609.42,43622.50,43583.83,43601.27,19
2026-06-25T20:53:00Z,43601.27,43614.35,43588.75,43597.46,22
2026-06-25T20:54:00Z,43597.46,43606.68,43597.46,43602.32,21
2026-06-25T20:55:00Z,43602.32,43615.40,43594.16,43598.51,23
2026-06-25T20:56:00Z,43598.51,43603.38,43598.51,43599.03,13
2026-06-25T20:57:00Z,43599.03,43603.38,43573.54,43577.89,14
2026-06-25T20:58:00Z,43577.89,43600.06,43569.18,43600.06,13
2026-06-25T20:59:00Z,43600.06,43626.64,43595.70,43617.92,15
2026-06-25T21:00:00Z,43617.92,43617.92,43605.11,43609.47,14
2026-06-25T21:01:00Z,43609.47,43618.19,43574.88,43587.95,10
2026-06-25T21:02:00Z,43587.95,43601.02,43557.72,43575.15,21
2026-06-25T21:03:00Z,43575.15,43592.86,43575.15,43592.86,17
2026-06-25T21:04:00Z,43592.86,43619.30,43588.51,43610.58,12
2026-06-25T21:05:00Z,43610.58,43628.02,43571.62,43584.69,11
2026-06-25T21:06:00Z,43584.69,43589.04,43558.83,43571.90,12
2026-06-25T21:07:00Z,43571.90,43580.90,43567.55,43572.19,9
2026-06-25T21:08:00Z,43572.19,43589.61,43541.98,43555.04,17
2026-06-25T21:09:00Z,43555.04,43577.10,43550.69,43577.10,19
2026-06-25T21:10:00Z,43577.10,43581.45,43555.60,43564.31,16
2026-06-25T21:11:00Z,43564.31,43573.02,43512.33,43529.74,20
2026-06-25T21:12:00Z,43529.74,43547.15,43516.97,43525.67,22
2026-06-25T21:13:00Z,43525.67,43538.72,43504.20,43508.55,24
2026-06-25T21:14:00Z,43508.55,43526.23,43504.20,43526.23,18
2026-06-25T21:15:00Z,43526.23,43539.28,43513.46,43522.16,23
2026-06-25T21:16:00Z,43522.16,43535.21,43491.99,43505.04,15
2026-06-25T21:17:00Z,43505.04,43535.77,43496.34,43531.42,22
2026-06-25T21:18:00Z,43531.42,43566.53,43518.37,43553.47,23
2026-06-25T21:19:00Z,43553.47,43566.53,43527.64,43536.34,21
2026-06-25T21:20:00Z,43536.34,43536.34,43527.91,43532.26,15
2026-06-25T21:21:00Z,43532.26,43545.60,43523.56,43536.90,18
2026-06-25T21:22:00Z,43536.90,43536.90,43515.41,43532.82,20
2026-06-25T21:23:00Z,43532.82,43550.51,43519.77,43546.16,12
2026-06-25T21:24:00Z,43546.16,43568.22,43533.10,43550.80,11
2026-06-25T21:25:00Z,43550.80,43563.86,43538.01,43538.01,8
2026-06-25T21:26:00Z,43538.01,43542.36,43525.24,43533.94,15
2026-06-25T21:27:00Z,43533.94,43547.00,43525.52,43525.52,13
2026-06-25T21:28:00Z,43525.52,43538.57,43482.29,43499.68,17
2026-06-25T21:29:00Z,43499.68,43552.17,43499.68,43539.11,23
2026-06-25T21:30:00Z,43539.11,43565.51,43534.76,43548.10,10
2026-06-25T21:31:00Z,43548.10,43552.45,43526.61,43544.02,18
2026-06-25T21:32:00Z,43544.02,43566.08,43544.02,43557.37,9
2026-06-25T21:33:00Z,43557.37,43575.07,43539.95,43575.07,21
2026-06-25T21:34:00Z,43575.07,43584.05,43570.72,43579.70,19
2026-06-25T21:35:00Z,43579.70,43597.13,43558.20,43558.20,18
2026-06-25T21:36:00Z,43558.20,43588.97,43553.85,43571.55,21
2026-06-25T21:37:00Z,43571.55,43571.83,43558.48,43571.83,13
2026-06-25T21:38:00Z,43571.83,43589.25,43537.27,43554.69,21
2026-06-25T21:39:00Z,43554.69,43568.04,43554.69,43568.04,14
2026-06-25T21:40:00Z,43568.04,43572.67,43568.04,43572.67,10
2026-06-25T21:41:00Z,43572.67,43590.09,43542.47,43555.53,17
2026-06-25T21:42:00Z,43555.53,43564.24,43525.33,43542.74,13
2026-06-25T21:43:00Z,43542.74,43551.73,43525.33,43551.73,14
2026-06-25T21:44:00Z,43551.73,43569.43,43538.67,43565.08,22
2026-06-25T21:45:00Z,43565.08,43578.14,43543.58,43561.00,11
2026-06-25T21:46:00Z,43561.00,43570.00,43556.65,43561.29,13
2026-06-25T21:47:00Z,43561.29,43561.29,43539.81,43552.87,19
2026-06-25T21:48:00Z,43552.87,43561.58,43531.38,43544.44,12
2026-06-25T21:49:00Z,43544.44,43566.49,43535.74,43549.08,17
2026-06-25T21:50:00Z,43549.08,43566.78,43544.73,43562.43,14
2026-06-25T21:51:00Z,43562.43,43579.85,43536.59,43545.29,10
2026-06-25T21:52:00Z,43545.29,43571.69,43532.23,43558.63,16
2026-06-25T21:53:00Z,43558.63,43571.69,43545.85,43545.85,12
2026-06-25T21:54:00Z,43545.85,43554.55,43533.07,43533.07,19
2026-06-25T21:55:00Z,43533.07,43550.48,43524.65,43524.65,9
2026-06-25T21:56:00Z,43524.65,43524.65,43490.14,43498.83,14
2026-06-25T21:57:00Z,43498.83,43525.20,43494.49,43516.50,23
2026-06-25T21:58:00Z,43516.50,43538.53,43516.50,43521.13,9
2026-06-25T21:59:00Z,43521.13,43534.47,43521.13,43521.42,20
2026-06-25T22:00:00Z,43521.42,43553.30,43504.02,43540.24,16
2026-06-25T22:01:00Z,43540.24,43544.59,43515.54,43528.59,13
2026-06-25T22:02:00Z,43528.59,43564.83,43511.18,43547.42,22
2026-06-25T22:03:00Z,43547.42,43561.90,43538.72,43548.84,16
2026-06-25T22:04:00Z,43548.84,43553.19,43506.73,43515.43,13
2026-06-25T22:05:00Z,43515.43,43528.48,43490.74,43508.14,12
2026-06-25T22:06:00Z,43508.14,43508.14,43487.81,43500.86,10
2026-06-25T22:07:00Z,43500.86,43500.86,43484.88,43484.88,25
2026-06-25T22:08:00Z,43484.88,43521.08,43480.54,43508.03,22
2026-06-25T22:09:00Z,43508.03,43512.38,43487.71,43500.76,13
2026-06-25T22:10:00Z,43500.76,43545.66,43500.76,43541.31,16
2026-06-25T22:11:00Z,43541.31,43554.37,43520.96,43525.31,18
2026-06-25T22:12:00Z,43525.31,43544.13,43507.90,43535.43,25
2026-06-25T22:13:00Z,43535.43,43562.96,43535.43,43562.96,20
2026-06-25T22:14:00Z,43562.96,43568.74,43562.96,43568.74,22
2026-06-25T22:15:00Z,43568.74,43577.45,43544.03,43552.74,17
2026-06-25T22:16:00Z,43552.74,43580.28,43539.68,43571.57,9
2026-06-25T22:17:00Z,43571.57,43620.90,43567.22,43612.18,14
2026-06-25T22:18:00Z,43612.18,43620.90,43596.16,43609.24,24
2026-06-25T22:19:00Z,43609.24,43615.03,43609.24,43610.67,10
2026-06-25T22:20:00Z,43610.67,43629.52,43606.31,43629.52,10
2026-06-25T22:21:00Z,43629.52,43629.52,43617.86,43626.58,14
2026-06-25T22:22:00Z,43626.58,43658.51,43617.86,43649.79,13
2026-06-25T22:23:00Z,43649.79,43668.66,43649.79,43655.57,13
2026-06-25T22:24:00Z,43655.57,43655.57,43639.55,43648.27,19
2026-06-25T22:25:00Z,43648.27,43675.87,43648.27,43658.41,20
2026-06-25T22:26:00Z,43658.41,43672.92,43649.68,43659.83,23
2026-06-25T22:27:00Z,43659.83,43664.19,43621.98,43635.07,15
2026-06-25T22:28:00Z,43635.07,43675.74,43630.71,43658.28,20
2026-06-25T22:29:00Z,43658.28,43664.07,43649.55,43659.71,19
2026-06-25T22:30:00Z,43659.71,43668.44,43617.51,43621.87,23
2026-06-25T22:31:00Z,43621.87,43649.43,43608.79,43649.43,22
2026-06-25T22:32:00Z,43649.43,43655.21,43640.71,43650.85,21
2026-06-25T22:33:00Z,43650.85,43650.85,43608.66,43608.66,15
2026-06-25T22:34:00Z,43608.66,43617.38,43601.37,43605.73,15
2026-06-25T22:35:00Z,43605.73,43624.59,43605.73,43607.15,18
2026-06-25T22:36:00Z,43607.15,43630.35,43594.07,43621.63,23
2026-06-25T22:37:00Z,43621.63,43639.07,43601.25,43609.97,17
2026-06-25T22:38:00Z,43609.97,43623.05,43598.31,43602.67,12
2026-06-25T22:39:00Z,43602.67,43607.03,43595.39,43599.74,19
2026-06-25T22:40:00Z,43599.74,43617.17,43596.80,43596.80,20
2026-06-25T22:41:00Z,43596.80,43596.80,43585.16,43589.51,13
2026-06-25T22:42:00Z,43589.51,43595.28,43572.08,43595.28,9
2026-06-25T22:43:00Z,43595.28,43595.28,43592.34,43592.34,15
2026-06-25T22:44:00Z,43592.34,43619.91,43587.99,43602.47,19
2026-06-25T22:45:00Z,43602.47,43611.19,43595.18,43595.18,17
2026-06-25T22:46:00Z,43595.18,43608.25,43570.47,43583.54,14
2026-06-25T22:47:00Z,43583.54,43611.08,43570.47,43598.01,20
2026-06-25T22:48:00Z,43598.01,43638.61,43580.58,43634.25,18
2026-06-25T22:49:00Z,43634.25,43657.48,43616.80,43644.39,18
2026-06-25T22:50:00Z,43644.39,43658.88,43644.39,43658.88,18
2026-06-25T22:51:00Z,43658.88,43658.88,43638.50,43638.50,15
2026-06-25T22:52:00Z,43638.50,43661.70,43621.05,43657.34,18
2026-06-25T22:53:00Z,43657.34,43670.43,43641.31,43654.40,17
2026-06-25T22:54:00Z,43654.40,43690.71,43645.67,43677.61,22
2026-06-25T22:55:00Z,43677.61,43677.61,43652.86,43661.59,17
2026-06-25T22:56:00Z,43661.59,43676.08,43661.59,43676.08,17
2026-06-25T22:57:00Z,43676.08,43716.74,43658.61,43712.37,14
2026-06-25T22:58:00Z,43712.37,43712.37,43696.33,43700.70,10
2026-06-25T22:59:00Z,43700.70,43705.07,43671.57,43689.04,19
2026-06-25T23:00:00Z,43689.04,43745.34,43689.04,43727.85,21
2026-06-25T23:01:00Z,43727.85,43727.85,43727.34,43727.34,11
2026-06-25T23:02:00Z,43727.34,43748.70,43722.97,43735.58,14
2026-06-25T23:03:00Z,43735.58,43744.32,43713.22,43726.33,21
2026-06-25T23:04:00Z,43726.33,43760.80,43713.22,43752.05,9
2026-06-25T23:05:00Z,43752.05,43760.80,43725.30,43725.30,10
2026-06-25T23:06:00Z,43725.30,43734.04,43711.68,43716.05,15
2026-06-25T23:07:00Z,43716.05,43724.79,43689.33,43706.81,22
2026-06-25T23:08:00Z,43706.81,43715.55,43684.46,43701.94,9
2026-06-25T23:09:00Z,43701.94,43715.05,43692.70,43692.70,15
2026-06-25T23:10:00Z,43692.70,43748.98,43675.23,43731.49,22
2026-06-25T23:11:00Z,43731.49,43761.57,43731.49,43761.57,20
2026-06-25T23:12:00Z,43761.57,43765.94,43752.32,43756.69,17
2026-06-25T23:13:00Z,43756.69,43761.06,43747.44,43751.81,12
2026-06-25T23:14:00Z,43751.81,43751.81,43729.45,43746.94,9
2026-06-25T23:15:00Z,43746.94,43755.17,43733.82,43755.17,15
2026-06-25T23:16:00Z,43755.17,43780.89,43737.67,43772.14,23
2026-06-25T23:17:00Z,43772.14,43780.38,43772.14,43776.01,14
2026-06-25T23:18:00Z,43776.01,43776.01,43762.39,43766.76,13
2026-06-25T23:19:00Z,43766.76,43784.26,43748.77,43761.89,23
2026-06-25T23:20:00Z,43761.89,43774.49,43748.77,43774.49,19
2026-06-25T23:21:00Z,43774.49,43817.70,43774.49,43808.94,23
2026-06-25T23:22:00Z,43808.94,43826.46,43804.06,43804.06,17
2026-06-25T23:23:00Z,43804.06,43821.58,43781.70,43781.70,22
2026-06-25T23:24:00Z,43781.70,43794.83,43768.09,43768.09,16
2026-06-25T23:25:00Z,43768.09,43798.20,43750.59,43780.69,21
2026-06-25T23:26:00Z,43780.69,43780.69,43758.32,43771.45,22
2026-06-25T23:27:00Z,43771.45,43792.79,43771.45,43788.42,10
2026-06-25T23:28:00Z,43788.42,43796.65,43784.05,43796.65,11
2026-06-25T23:29:00Z,43796.65,43805.40,43769.90,43787.41,13
2026-06-25T23:30:00Z,43787.41,43804.39,43778.66,43795.64,11
2026-06-25T23:31:00Z,43795.64,43808.77,43782.02,43790.77,14
2026-06-25T23:32:00Z,43790.77,43790.77,43781.53,43781.53,23
2026-06-25T23:33:00Z,43781.53,43781.53,43763.53,43776.66,16
2026-06-25T23:34:00Z,43776.66,43789.26,43767.91,43784.89,8
2026-06-25T23:35:00Z,43784.89,43806.25,43780.52,43793.12,16
2026-06-25T23:36:00Z,43793.12,43806.25,43779.52,43783.89,8
2026-06-25T23:37:00Z,43783.89,43783.89,43761.53,43774.66,11
2026-06-25T23:38:00Z,43774.66,43774.66,43739.21,43756.71,16
2026-06-25T23:39:00Z,43756.71,43804.25,43756.71,43786.74,14
2026-06-25T23:40:00Z,43786.74,43799.36,43786.74,43790.61,18
2026-06-25T23:41:00Z,43790.61,43820.69,43790.61,43811.93,9
2026-06-25T23:42:00Z,43811.93,43820.69,43802.69,43807.07,17
2026-06-25T23:43:00Z,43807.07,43820.21,43771.66,43771.66,18
2026-06-25T23:44:00Z,43771.66,43771.66,43753.69,43762.44,15
2026-06-25T23:45:00Z,43762.44,43771.19,43731.41,43740.15,15
2026-06-25T23:46:00Z,43740.15,43761.45,43722.66,43757.08,19
2026-06-25T23:47:00Z,43757.08,43770.20,43734.73,43752.23,10
2026-06-25T23:48:00Z,43752.23,43769.73,43742.99,43751.74,13
2026-06-25T23:49:00Z,43751.74,43751.74,43720.69,43738.18,11
2026-06-25T23:50:00Z,43738.18,43738.18,43698.48,43702.85,21
2026-06-25T23:51:00Z,43702.85,43737.25,43698.48,43719.77,13
2026-06-25T23:52:00Z,43719.77,43741.06,43702.29,43736.69,8
2026-06-25T23:53:00Z,43736.69,43736.69,43727.46,43736.20,8
2026-06-25T23:54:00Z,43736.20,43749.32,43705.17,43722.65,21
2026-06-25T23:55:00Z,43722.65,43752.64,43718.28,43748.27,21
2026-06-25T23:56:00Z,43748.27,43748.27,43712.96,43712.96,14
2026-06-25T23:57:00Z,43712.96,43726.07,43695.00,43712.48,13
2026-06-25T23:58:00Z,43712.48,43725.59,43703.28,43707.65,23
2026-06-25T23:59:00Z,43707.65,43725.13,43689.71,43702.82,9
2026-06-26T00:00:00Z,43702.82,43707.19,43662.35,43675.45,24
2026-06-26T00:01:00Z,43675.45,43700.52,43657.98,43683.05,8
2026-06-26T00:02:00Z,43683.05,43725.61,43669.95,43708.13,18
2026-06-26T00:03:00Z,43708.13,43721.24,43685.15,43698.25,8
2026-06-26T00:04:00Z,43698.25,43727.71,43689.52,43710.23,23
2026-06-26T00:05:00Z,43710.23,43735.32,43697.12,43717.84,11
2026-06-26T00:06:00Z,43717.84,43717.84,43699.21,43712.32,23
2026-06-26T00:07:00Z,43712.32,43733.04,43699.21,43728.67,14
2026-06-26T00:08:00Z,43728.67,43762.52,43711.18,43749.40,18
2026-06-26T00:09:00Z,43749.40,43762.52,43708.89,43717.63,25
2026-06-26T00:10:00Z,43717.63,43717.63,43694.63,43694.63,9
2026-06-26T00:11:00Z,43694.63,43698.99,43684.77,43693.50,12
2026-06-26T00:12:00Z,43693.50,43702.23,43644.30,43657.39,10
2026-06-26T00:13:00Z,43657.39,43670.48,43643.16,43647.52,25
2026-06-26T00:14:00Z,43647.52,43655.12,43647.52,43655.12,20
2026-06-26T00:15:00Z,43655.12,43667.08,43650.76,43662.72,23
2026-06-26T00:16:00Z,43662.72,43679.05,43662.72,43674.69,13
2026-06-26T00:17:00Z,43674.69,43683.42,43634.25,43642.97,23
2026-06-26T00:18:00Z,43642.97,43642.97,43628.73,43628.73,12
2026-06-26T00:19:00Z,43628.73,43671.25,43628.73,43653.79,16
2026-06-26T00:20:00Z,43653.79,43666.88,43626.46,43639.55,10
2026-06-26T00:21:00Z,43639.55,43647.14,43630.83,43642.78,19
2026-06-26T00:22:00Z,43642.78,43655.87,43606.74,43624.18,12
2026-06-26T00:23:00Z,43624.18,43632.90,43596.87,43614.31,13
2026-06-26T00:24:00Z,43614.31,43618.67,43578.28,43595.71,14
2026-06-26T00:25:00Z,43595.71,43604.42,43577.15,43594.58,20
2026-06-26T00:26:00Z,43594.58,43612.01,43584.73,43589.08,22
2026-06-26T00:27:00Z,43589.08,43614.11,43584.73,43605.39,14
2026-06-26T00:28:00Z,43605.39,43639.15,43592.31,43626.07,17
2026-06-26T00:29:00Z,43626.07,43638.02,43612.99,43629.30,11
2026-06-26T00:30:00Z,43629.30,43646.75,43615.07,43623.79,22
2026-06-26T00:31:00Z,43623.79,43641.23,43600.83,43605.19,10
2026-06-26T00:32:00Z,43605.19,43625.86,43600.83,43612.78,12
2026-06-26T00:33:00Z,43612.78,43617.14,43611.65,43611.65,18
2026-06-26T00:34:00Z,43611.65,43611.65,43588.69,43588.69,25
2026-06-26T00:35:00Z,43588.69,43613.73,43584.34,43609.37,11
2026-06-26T00:36:00Z,43609.37,43651.87,43609.37,43634.42,16
2026-06-26T00:37:00Z,43634.42,43646.38,43634.42,43642.02,15
2026-06-26T00:38:00Z,43642.02,43642.02,43632.15,43632.15,20
2026-06-26T00:39:00Z,43632.15,43670.32,43632.15,43665.96,10
2026-06-26T00:40:00Z,43665.96,43677.93,43652.87,43669.20,12
2026-06-26T00:41:00Z,43669.20,43669.20,43654.96,43663.69,21
2026-06-26T00:42:00Z,43663.69,43688.76,43646.23,43680.03,8
2026-06-26T00:43:00Z,43680.03,43693.13,43657.04,43661.40,23
2026-06-26T00:44:00Z,43661.40,43682.10,43652.67,43664.64,23
2026-06-26T00:45:00Z,43664.64,43672.24,43660.28,43667.88,21
2026-06-26T00:46:00Z,43667.88,43679.85,43663.52,43675.49,10
2026-06-26T00:47:00Z,43675.49,43675.49,43652.51,43661.24,22
2026-06-26T00:48:00Z,43661.24,43678.70,43633.89,43642.61,15
2026-06-26T00:49:00Z,43642.61,43651.33,43606.54,43615.26,17
2026-06-26T00:50:00Z,43615.26,43623.98,43601.03,43605.39,8
2026-06-26T00:51:00Z,43605.39,43622.83,43586.79,43586.79,12
2026-06-26T00:52:00Z,43586.79,43604.22,43563.86,43576.93,17
2026-06-26T00:53:00Z,43576.93,43585.64,43554.01,43571.43,10
2026-06-26T00:54:00Z,43571.43,43575.78,43544.12,43552.83,10
2026-06-26T00:55:00Z,43552.83,43552.83,43542.99,43551.70,24
2026-06-26T00:56:00Z,43551.70,43602.89,43538.64,43585.46,19
2026-06-26T00:57:00Z,43585.46,43597.40,43572.39,43588.69,20
2026-06-26T00:58:00Z,43588.69,43604.99,43571.26,43591.92,21
2026-06-26T00:59:00Z,43591.92,43596.27,43573.34,43582.05,22
2026-06-26T01:00:00Z,43582.05,43595.12,43541.78,43554.84,10
2026-06-26T01:01:00Z,43554.84,43559.19,43510.23,43527.64,10
2026-06-26T01:02:00Z,43527.64,43548.35,43510.23,43530.94,22
2026-06-26T01:03:00Z,43530.94,43538.58,43526.59,43538.58,14
2026-06-26T01:04:00Z,43538.58,43538.58,43515.76,43524.46,9
2026-06-26T01:05:00Z,43524.46,43553.87,43524.46,43553.87,24
2026-06-26T01:06:00Z,43553.87,43578.95,43545.16,43578.95,23
2026-06-26T01:07:00Z,43578.95,43578.95,43564.82,43577.89,23
2026-06-26T01:08:00Z,43577.89,43594.26,43577.89,43581.19,19
2026-06-26T01:09:00Z,43581.19,43585.54,43571.41,43571.41,10
2026-06-26T01:10:00Z,43571.41,43588.83,43557.27,43557.27,18
2026-06-26T01:11:00Z,43557.27,43586.71,43544.21,43578.00,10
2026-06-26T01:12:00Z,43578.00,43586.71,43559.51,43572.58,23
2026-06-26T01:13:00Z,43572.58,43588.95,43559.51,43575.88,8
2026-06-26T01:14:00Z,43575.88,43575.88,43548.68,43561.74,24
2026-06-26T01:15:00Z,43561.74,43565.04,43553.03,43565.04,21
2026-06-26T01:16:00Z,43565.04,43603.20,43560.69,43585.77,13
2026-06-26T01:17:00Z,43585.77,43602.15,43572.70,43593.44,23
2026-06-26T01:18:00Z,43593.44,43618.54,43584.73,43609.82,17
2026-06-26T01:19:00Z,43609.82,43621.85,43605.46,43621.85,14
2026-06-26T01:20:00Z,43621.85,43642.60,43604.41,43625.15,18
2026-06-26T01:21:00Z,43625.15,43659.00,43625.15,43650.27,24
2026-06-26T01:22:00Z,43650.27,43671.04,43632.81,43657.95,19
2026-06-26T01:23:00Z,43657.95,43678.71,43640.49,43665.62,16
2026-06-26T01:24:00Z,43665.62,43673.29,43652.53,43668.93,25
2026-06-26T01:25:00Z,43668.93,43673.29,43654.76,43654.76,24
2026-06-26T01:26:00Z,43654.76,43659.12,43644.97,43644.97,15
2026-06-26T01:27:00Z,43644.97,43661.37,43636.25,43661.37,9
2026-06-26T01:28:00Z,43661.37,43678.83,43642.84,43642.84,20
2026-06-26T01:29:00Z,43642.84,43647.20,43615.57,43615.57,14
2026-06-26T01:30:00Z,43615.57,43645.05,43615.57,43636.33,12
2026-06-26T01:31:00Z,43636.33,43640.69,43626.55,43630.91,21
2026-06-26T01:32:00Z,43630.91,43673.50,43630.91,43656.04,16
2026-06-26T01:33:00Z,43656.04,43663.71,43656.04,43659.35,15
2026-06-26T01:34:00Z,43659.35,43675.75,43641.89,43671.39,12
2026-06-26T01:35:00Z,43671.39,43680.12,43657.23,43665.96,10
2026-06-26T01:36:00Z,43665.96,43678.00,43648.50,43669.27,20
2026-06-26T01:37:00Z,43669.27,43669.27,43650.73,43650.73,11
2026-06-26T01:38:00Z,43650.73,43668.19,43645.31,43649.67,22
2026-06-26T01:39:00Z,43649.67,43658.39,43631.14,43631.14,14
2026-06-26T01:40:00Z,43631.14,43648.59,43595.17,43612.61,21
2026-06-26T01:41:00Z,43612.61,43612.61,43585.37,43602.81,15
2026-06-26T01:42:00Z,43602.81,43611.53,43575.58,43579.93,10
2026-06-26T01:43:00Z,43579.93,43600.66,43571.22,43591.95,9
2026-06-26T01:44:00Z,43591.95,43599.61,43578.88,43595.26,23
2026-06-26T01:45:00Z,43595.26,43611.64,43595.26,43602.92,9
2026-06-26T01:46:00Z,43602.92,43616.00,43601.87,43601.87,22
2026-06-26T01:47:00Z,43601.87,43618.27,43601.87,43618.27,23
2026-06-26T01:48:00Z,43618.27,43622.63,43591.03,43604.11,17
2026-06-26T01:49:00Z,43604.11,43617.19,43559.41,43568.12,19
2026-06-26T01:50:00Z,43568.12,43575.77,43568.12,43571.42,19
2026-06-26T01:51:00Z,43571.42,43571.42,43548.56,43552.91,9
2026-06-26T01:52:00Z,43552.91,43578.00,43544.20,43573.65,25
2026-06-26T01:53:00Z,43573.65,43573.65,43568.25,43572.60,9
2026-06-26T01:54:00Z,43572.60,43610.80,43559.53,43602.08,11
2026-06-26T01:55:00Z,43602.08,43631.56,43593.36,43614.12,16
2026-06-26T01:56:00Z,43614.12,43618.48,43599.96,43604.32,9
2026-06-26T01:57:00Z,43604.32,43617.40,43594.53,43594.53,25
2026-06-26T01:58:00Z,43594.53,43611.96,43571.65,43576.00,24
2026-06-26T01:59:00Z,43576.00,43601.11,43571.65,43596.76,18
2026-06-26T02:00:00Z,43596.76,43605.47,43585.74,43590.09,18
2026-06-26T02:01:00Z,43590.09,43598.80,43557.27,43570.34,19
2026-06-26T02:02:00Z,43570.34,43587.76,43559.32,43568.03,19
2026-06-26T02:03:00Z,43568.03,43572.38,43539.60,43557.02,13
2026-06-26T02:04:00Z,43557.02,43557.02,43506.86,43524.26,21
2026-06-26T02:05:00Z,43524.26,43528.61,43500.22,43517.62,14
2026-06-26T02:06:00Z,43517.62,43545.76,43500.22,43545.76,21
2026-06-26T02:07:00Z,43545.76,43578.28,43541.41,43565.22,14
2026-06-26T02:08:00Z,43565.22,43575.99,43565.22,43567.28,15
2026-06-26T02:09:00Z,43567.28,43604.14,43554.21,43599.79,24
2026-06-26T02:10:00Z,43599.79,43632.33,43591.08,43623.61,8
2026-06-26T02:11:00Z,43623.61,43634.38,43610.53,43630.02,20
2026-06-26T02:12:00Z,43630.02,43680.02,43625.66,43666.92,22
2026-06-26T02:13:00Z,43666.92,43686.43,43658.19,43668.97,20
2026-06-26T02:14:00Z,43668.97,43677.70,43627.42,43644.87,20
2026-06-26T02:15:00Z,43644.87,43664.37,43631.78,43646.92,13
2026-06-26T02:16:00Z,43646.92,43679.48,43646.92,43666.39,12
2026-06-26T02:17:00Z,43666.39,43703.34,43653.30,43685.87,9
2026-06-26T02:18:00Z,43685.87,43690.23,43653.06,43653.06,24
2026-06-26T02:19:00Z,43653.06,43689.98,43648.70,43672.52,23
2026-06-26T02:20:00Z,43672.52,43691.99,43663.79,43691.99,17
2026-06-26T02:21:00Z,43691.99,43702.77,43678.89,43698.41,11
2026-06-26T02:22:00Z,43698.41,43711.51,43674.31,43683.04,11
2026-06-26T02:23:00Z,43683.04,43700.51,43637.17,43650.26,14
2026-06-26T02:24:00Z,43650.26,43682.81,43650.26,43669.71,16
2026-06-26T02:25:00Z,43669.71,43674.07,43641.26,43658.72,12
2026-06-26T02:26:00Z,43658.72,43669.51,43654.36,43660.78,23
2026-06-26T02:27:00Z,43660.78,43669.51,43658.49,43658.49,17
2026-06-26T02:28:00Z,43658.49,43691.02,43654.13,43682.29,21
2026-06-26T02:29:00Z,43682.29,43691.02,43653.86,43666.96,22
2026-06-26T02:30:00Z,43666.96,43677.73,43658.23,43673.37,18
2026-06-26T02:31:00Z,43673.37,43682.10,43631.91,43645.00,10
2026-06-26T02:32:00Z,43645.00,43655.78,43631.91,43647.06,12
2026-06-26T02:33:00Z,43647.06,43683.94,43633.97,43670.84,19
2026-06-26T02:34:00Z,43670.84,43677.27,43657.74,43672.91,10
2026-06-26T02:35:00Z,43672.91,43701.10,43655.45,43688.00,9
2026-06-26T02:36:00Z,43688.00,43696.73,43668.27,43681.37,16
2026-06-26T02:37:00Z,43681.37,43681.37,43666.01,43674.74,15
2026-06-26T02:38:00Z,43674.74,43679.10,43646.32,43663.78,18
2026-06-26T02:39:00Z,43663.78,43704.99,43655.05,43691.89,17
2026-06-26T02:40:00Z,43691.89,43709.36,43672.22,43676.58,20
2026-06-26T02:41:00Z,43676.58,43689.68,43652.50,43669.96,25
2026-06-26T02:42:00Z,43669.96,43674.32,43658.96,43667.69,17
2026-06-26T02:43:00Z,43667.69,43704.52,43663.33,43695.79,21
2026-06-26T02:44:00Z,43695.79,43704.52,43689.15,43693.51,17
2026-06-26T02:45:00Z,43693.51,43712.97,43684.78,43708.60,21
2026-06-26T02:46:00Z,43708.60,43728.12,43708.60,43715.01,9
2026-06-26T02:47:00Z,43715.01,43719.38,43686.58,43704.06,15
2026-06-26T02:48:00Z,43704.06,43745.31,43695.32,43727.82,21
2026-06-26T02:49:00Z,43727.82,43760.30,43714.71,43755.93,21
2026-06-26T02:50:00Z,43755.93,43762.36,43738.43,43757.99,11
2026-06-26T02:51:00Z,43757.99,43768.78,43740.49,43764.41,15
2026-06-26T02:52:00Z,43764.41,43773.16,43740.29,43757.79,10
2026-06-26T02:53:00Z,43757.79,43770.91,43738.01,43755.51,17
2026-06-26T02:54:00Z,43755.51,43761.92,43738.01,43761.92,16
2026-06-26T02:55:00Z,43761.92,43768.36,43753.17,43763.99,23
2026-06-26T02:56:00Z,43763.99,43763.99,43731.27,43740.01,12
2026-06-26T02:57:00Z,43740.01,43744.38,43711.65,43720.39,10
2026-06-26T02:58:00Z,43720.39,43720.39,43692.01,43705.12,14
2026-06-26T02:59:00Z,43705.12,43709.49,43668.07,43685.54,23
2026-06-26T03:00:00Z,43685.54,43698.64,43684.55,43684.55,24
2026-06-26T03:01:00Z,43684.55,43692.29,43675.82,43687.93,9
2026-06-26T03:02:00Z,43687.93,43692.29,43656.36,43665.09,23
2026-06-26T03:03:00Z,43665.09,43685.93,43656.36,43681.57,9
2026-06-26T03:04:00Z,43681.57,43694.67,43658.74,43671.84,22
2026-06-26T03:05:00Z,43671.84,43671.84,43649.02,43653.38,25
2026-06-26T03:06:00Z,43653.38,43670.84,43626.20,43630.56,13
2026-06-26T03:07:00Z,43630.56,43648.01,43607.76,43616.48,24
2026-06-26T03:08:00Z,43616.48,43637.29,43599.04,43632.93,14
2026-06-26T03:09:00Z,43632.93,43662.50,43624.21,43653.77,25
2026-06-26T03:10:00Z,43653.77,43674.60,43653.77,43657.14,11
2026-06-26T03:11:00Z,43657.14,43686.72,43648.41,43669.26,24
2026-06-26T03:12:00Z,43669.26,43677.99,43646.42,43646.42,20
2026-06-26T03:13:00Z,43646.42,43662.90,43642.06,43654.17,18
2026-06-26T03:14:00Z,43654.17,43666.28,43636.71,43666.28,20
2026-06-26T03:15:00Z,43666.28,43674.03,43661.92,43674.03,23
2026-06-26T03:16:00Z,43674.03,43687.13,43651.21,43664.30,16
2026-06-26T03:17:00Z,43664.30,43681.76,43645.86,43658.95,16
2026-06-26T03:18:00Z,43658.95,43679.79,43641.49,43666.69,22
2026-06-26T03:19:00Z,43666.69,43687.54,43666.69,43678.81,21
2026-06-26T03:20:00Z,43678.81,43683.17,43629.77,43642.86,13
2026-06-26T03:21:00Z,43642.86,43672.43,43629.77,43654.97,19
2026-06-26T03:22:00Z,43654.97,43680.17,43646.24,43675.81,19
2026-06-26T03:23:00Z,43675.81,43693.28,43661.73,43674.83,15
2026-06-26T03:24:00Z,43674.83,43687.93,43660.74,43665.10,23
2026-06-26T03:25:00Z,43665.10,43678.19,43646.66,43659.75,12
2026-06-26T03:26:00Z,43659.75,43659.75,43636.93,43645.65,12
2026-06-26T03:27:00Z,43645.65,43697.07,43636.93,43683.97,9
2026-06-26T03:28:00Z,43683.97,43692.70,43656.76,43661.12,21
2026-06-26T03:29:00Z,43661.12,43665.48,43660.14,43660.14,25
2026-06-26T03:30:00Z,43660.14,43660.14,43619.85,43632.93,8
2026-06-26T03:31:00Z,43632.93,43662.49,43632.93,43645.04,23
2026-06-26T03:32:00Z,43645.04,43658.13,43613.49,43630.94,20
2026-06-26T03:33:00Z,43630.94,43643.05,43626.58,43638.69,19
2026-06-26T03:34:00Z,43638.69,43655.16,43625.60,43650.80,9
2026-06-26T03:35:00Z,43650.80,43671.64,43650.80,43658.55,13
2026-06-26T03:36:00Z,43658.55,43671.64,43644.47,43657.56,10
2026-06-26T03:37:00Z,43657.56,43661.92,43634.75,43643.47,13
2026-06-26T03:38:00Z,43643.47,43643.47,43629.39,43642.48,24
2026-06-26T03:39:00Z,43642.48,43655.57,43606.57,43615.29,13
2026-06-26T03:40:00Z,43615.29,43636.11,43615.29,43627.39,13
2026-06-26T03:41:00Z,43627.39,43639.50,43609.94,43635.14,20
2026-06-26T03:42:00Z,43635.14,43673.44,43622.05,43655.98,18
2026-06-26T03:43:00Z,43655.98,43655.98,43650.63,43650.63,13
2026-06-26T03:44:00Z,43650.63,43662.73,43646.27,43654.00,20
2026-06-26T03:45:00Z,43654.00,43658.36,43626.82,43639.91,16
2026-06-26T03:46:00Z,43639.91,43657.36,43630.19,43634.55,9
2026-06-26T03:47:00Z,43634.55,43651.03,43625.83,43646.67,18
2026-06-26T03:48:00Z,43646.67,43664.12,43619.49,43636.94,10
2026-06-26T03:49:00Z,43636.94,43645.66,43601.04,43618.48,22
2026-06-26T03:50:00Z,43618.48,43652.41,43601.04,43648.05,19
2026-06-26T03:51:00Z,43648.05,43651.43,43630.60,43651.43,10
2026-06-26T03:52:00Z,43651.43,43651.43,43628.60,43641.69,11
2026-06-26T03:53:00Z,43641.69,43659.14,43614.52,43631.97,24
2026-06-26T03:54:00Z,43631.97,43645.05,43622.25,43626.61,19
2026-06-26T03:55:00Z,43626.61,43634.35,43613.53,43629.99,13
2026-06-26T03:56:00Z,43629.99,43655.21,43625.63,43655.21,15
2026-06-26T03:57:00Z,43655.21,43672.67,43641.13,43649.85,23
2026-06-26T03:58:00Z,43649.85,43670.70,43649.85,43661.97,11
2026-06-26T03:59:00Z,43661.97,43661.97,43639.15,43652.24,9
2026-06-26T04:00:00Z,43652.24,43660.97,43640.26,43640.26,22
2026-06-26T04:01:00Z,43640.26,43640.26,43615.20,43632.65,20
2026-06-26T04:02:00Z,43632.65,43650.10,43616.32,43629.40,21
2026-06-26T04:03:00Z,43629.40,43646.85,43595.63,43608.71,21
2026-06-26T04:04:00Z,43608.71,43657.80,43599.99,43640.35,12
2026-06-26T04:05:00Z,43640.35,43667.65,43635.99,43658.92,24
2026-06-26T04:06:00Z,43658.92,43673.14,43658.92,43673.14,19
2026-06-26T04:07:00Z,43673.14,43696.09,43655.68,43678.62,9
2026-06-26T04:08:00Z,43678.62,43727.78,43669.89,43710.30,23
2026-06-26T04:09:00Z,43710.30,43727.78,43698.31,43698.31,18
2026-06-26T04:10:00Z,43698.31,43712.53,43689.58,43712.53,20
2026-06-26T04:11:00Z,43712.53,43712.53,43687.42,43704.90,13
2026-06-26T04:12:00Z,43704.90,43704.90,43684.19,43697.29,8
2026-06-26T04:13:00Z,43697.29,43715.88,43684.19,43698.41,23
2026-06-26T04:14:00Z,43698.41,43747.59,43680.94,43730.10,13
2026-06-26T04:15:00Z,43730.10,43747.59,43726.85,43726.85,10
2026-06-26T04:16:00Z,43726.85,43745.46,43726.85,43727.97,23
2026-06-26T04:17:00Z,43727.97,43745.46,43702.86,43720.34,15
2026-06-26T04:18:00Z,43720.34,43738.95,43715.97,43725.84,14
2026-06-26T04:19:00Z,43725.84,43753.18,43721.47,43748.81,24
2026-06-26T04:20:00Z,43748.81,43761.93,43728.06,43732.43,9
2026-06-26T04:21:00Z,43732.43,43733.55,43728.06,43733.55,19
2026-06-26T04:22:00Z,43733.55,43743.42,43733.55,43734.68,20
2026-06-26T04:23:00Z,43734.68,43748.92,43734.68,43735.80,11
2026-06-26T04:24:00Z,43735.80,43750.03,43722.68,43750.03,18
2026-06-26T04:25:00Z,43750.03,43755.53,43736.91,43751.16,20
2026-06-26T04:26:00Z,43751.16,43791.64,43746.79,43778.51,11
2026-06-26T04:27:00Z,43778.51,43788.38,43765.38,43779.63,12
2026-06-26T04:28:00Z,43779.63,43792.76,43758.87,43776.38,25
2026-06-26T04:29:00Z,43776.38,43825.64,43758.87,43808.12,19
2026-06-26T04:30:00Z,43808.12,43808.12,43782.98,43791.73,15
2026-06-26T04:31:00Z,43791.73,43809.24,43788.48,43788.48,16
2026-06-26T04:32:00Z,43788.48,43807.10,43788.48,43802.72,12
2026-06-26T04:33:00Z,43802.72,43816.96,43793.96,43816.96,14
2026-06-26T04:34:00Z,43816.96,43831.22,43808.20,43826.84,8
2026-06-26T04:35:00Z,43826.84,43835.60,43806.06,43810.44,15
2026-06-26T04:36:00Z,43810.44,43824.69,43797.30,43815.93,13
2026-06-26T04:37:00Z,43815.93,43829.07,43773.29,43777.66,16
2026-06-26T04:38:00Z,43777.66,43790.79,43721.92,43739.41,10
2026-06-26T04:39:00Z,43739.41,43739.41,43723.05,43723.05,20
2026-06-26T04:40:00Z,43723.05,43740.53,43702.32,43719.80,21
2026-06-26T04:41:00Z,43719.80,43724.17,43690.36,43699.09,21
2026-06-26T04:42:00Z,43699.09,43713.31,43690.36,43704.57,10
2026-06-26T04:43:00Z,43704.57,43722.05,43696.95,43696.95,22
2026-06-26T04:44:00Z,43696.95,43728.65,43692.59,43711.17,24
2026-06-26T04:45:00Z,43711.17,43729.75,43702.43,43725.38,17
2026-06-26T04:46:00Z,43725.38,43743.97,43725.38,43735.23,10
2026-06-26T04:47:00Z,43735.23,43740.73,43717.74,43736.36,21
2026-06-26T04:48:00Z,43736.36,43776.82,43718.87,43759.32,11
2026-06-26T04:49:00Z,43759.32,43782.30,43741.82,43773.55,15
2026-06-26T04:50:00Z,43773.55,43786.68,43752.80,43770.30,24
2026-06-26T04:51:00Z,43770.30,43784.53,43765.93,43784.53,13
2026-06-26T04:52:00Z,43784.53,43788.90,43763.78,43768.15,10
2026-06-26T04:53:00Z,43768.15,43782.41,43763.78,43769.28,10
2026-06-26T04:54:00Z,43769.28,43779.14,43751.78,43779.14,16
2026-06-26T04:55:00Z,43779.14,43797.76,43770.39,43784.63,17
2026-06-26T04:56:00Z,43784.63,43802.14,43746.41,43746.41,23
2026-06-26T04:57:00Z,43746.41,43747.53,43728.92,43747.53,17
2026-06-26T04:58:00Z,43747.53,43770.50,43747.53,43757.38,19
2026-06-26T04:59:00Z,43757.38,43770.50,43749.77,43749.77,25
2026-06-26T05:00:00Z,43749.77,43774.79,43736.65,43761.67,23
2026-06-26T05:01:00Z,43761.67,43766.04,43738.58,43751.70,18
2026-06-26T05:02:00Z,43751.70,43772.36,43742.95,43754.86,15
2026-06-26T05:03:00Z,43754.86,43766.77,43741.74,43766.77,12
2026-06-26T05:04:00Z,43766.77,43787.43,43749.27,43769.93,15
2026-06-26T05:05:00Z,43769.93,43794.97,43765.56,43777.46,17
2026-06-26T05:06:00Z,43777.46,43789.36,43768.71,43784.99,17
2026-06-26T05:07:00Z,43784.99,43798.12,43770.66,43775.03,21
2026-06-26T05:08:00Z,43775.03,43775.03,43769.44,43769.44,16
2026-06-26T05:09:00Z,43769.44,43786.94,43763.85,43768.22,24
2026-06-26T05:10:00Z,43768.22,43788.87,43763.85,43784.50,19
2026-06-26T05:11:00Z,43784.50,43788.87,43783.29,43783.29,12
2026-06-26T05:12:00Z,43783.29,43800.80,43764.58,43768.95,17
2026-06-26T05:13:00Z,43768.95,43793.97,43755.82,43785.22,18
2026-06-26T05:14:00Z,43785.22,43785.22,43753.38,43762.13,21
2026-06-26T05:15:00Z,43762.13,43775.25,43734.70,43743.44,17
2026-06-26T05:16:00Z,43743.44,43747.81,43737.86,43737.86,15
2026-06-26T05:17:00Z,43737.86,43754.12,43724.74,43749.75,11
2026-06-26T05:18:00Z,43749.75,43767.24,43739.80,43748.54,15
2026-06-26T05:19:00Z,43748.54,43761.66,43703.64,43721.12,25
2026-06-26T05:20:00Z,43721.12,43734.23,43680.61,43693.71,9
2026-06-26T05:21:00Z,43693.71,43698.07,43675.03,43692.50,17
2026-06-26T05:22:00Z,43692.50,43696.86,43669.47,43682.57,22
2026-06-26T05:23:00Z,43682.57,43716.27,43673.84,43711.90,24
2026-06-26T05:24:00Z,43711.90,43719.42,43707.53,43719.42,16
2026-06-26T05:25:00Z,43719.42,43736.90,43687.67,43692.03,9
2026-06-26T05:26:00Z,43692.03,43703.91,43687.67,43703.91,12
2026-06-26T05:27:00Z,43703.91,43737.64,43699.54,43720.16,10
2026-06-26T05:28:00Z,43720.16,43732.06,43715.79,43723.32,12
2026-06-26T05:29:00Z,43723.32,43736.43,43678.48,43687.21,18
2026-06-26T05:30:00Z,43687.21,43700.31,43668.54,43686.01,11
2026-06-26T05:31:00Z,43686.01,43703.48,43676.10,43676.10,21
2026-06-26T05:32:00Z,43676.10,43722.87,43676.10,43709.76,18
2026-06-26T05:33:00Z,43709.76,43734.74,43701.02,43726.00,13
2026-06-26T05:34:00Z,43726.00,43726.00,43716.05,43724.79,14
2026-06-26T05:35:00Z,43724.79,43762.87,43724.79,43754.12,16
2026-06-26T05:36:00Z,43754.12,43767.24,43722.33,43739.82,19
2026-06-26T05:37:00Z,43739.82,43744.19,43716.79,43725.53,11
2026-06-26T05:38:00Z,43725.53,43738.64,43719.96,43719.96,11
2026-06-26T05:39:00Z,43719.96,43736.21,43719.96,43731.84,17
2026-06-26T05:40:00Z,43731.84,43740.58,43717.53,43726.27,12
2026-06-26T05:41:00Z,43726.27,43755.58,43726.27,43755.58,9
2026-06-26T05:42:00Z,43755.58,43773.08,43728.19,43732.56,14
2026-06-26T05:43:00Z,43732.56,43748.81,43728.19,43744.44,16
2026-06-26T05:44:00Z,43744.44,43778.18,43740.07,43760.68,14
2026-06-26T05:45:00Z,43760.68,43778.18,43741.99,43755.11,13
2026-06-26T05:46:00Z,43755.11,43759.48,43727.69,43745.18,25
2026-06-26T05:47:00Z,43745.18,43774.56,43736.44,43757.06,12
2026-06-26T05:48:00Z,43757.06,43773.31,43748.31,43768.94,11
2026-06-26T05:49:00Z,43768.94,43793.91,43764.57,43789.54,19
2026-06-26T05:50:00Z,43789.54,43818.89,43776.41,43814.51,13
2026-06-26T05:51:00Z,43814.51,43814.51,43804.55,43813.31,23
2026-06-26T05:52:00Z,43813.31,43826.45,43807.74,43807.74,12
2026-06-26T05:53:00Z,43807.74,43819.66,43807.74,43810.90,16
2026-06-26T05:54:00Z,43810.90,43819.66,43787.82,43800.96,20
2026-06-26T05:55:00Z,43800.96,43805.34,43795.39,43799.76,18
2026-06-26T05:56:00Z,43799.76,43817.27,43789.83,43789.83,24
2026-06-26T05:57:00Z,43789.83,43807.34,43771.15,43779.90,13
2026-06-26T05:58:00Z,43779.90,43793.03,43748.18,43748.18,15
2026-06-26T05:59:00Z,43748.18,43748.18,43729.54,43738.28,18
2026-06-26T06:00:00Z,43738.28,43755.77,43728.39,43737.13,22
2026-06-26T06:01:00Z,43737.13,43749.11,43737.13,43740.37,14
2026-06-26T06:02:00Z,43740.37,43740.37,43699.87,43712.98,23
2026-06-26T06:03:00Z,43712.98,43726.09,43703.10,43707.47,16
2026-06-26T06:04:00Z,43707.47,43728.19,43698.73,43710.71,17
2026-06-26T06:05:00Z,43710.71,43731.41,43693.23,43727.04,17
2026-06-26T06:06:00Z,43727.04,43731.41,43717.16,43721.53,8
2026-06-26T06:07:00Z,43721.53,43721.53,43698.54,43711.65,15
2026-06-26T06:08:00Z,43711.65,43711.65,43706.15,43706.15,11
2026-06-26T06:09:00Z,43706.15,43757.45,43706.15,43739.96,24
2026-06-26T06:10:00Z,43739.96,43769.41,43735.59,43765.04,13
2026-06-26T06:11:00Z,43765.04,43773.79,43733.30,43742.04,10
2026-06-26T06:12:00Z,43742.04,43759.53,43732.16,43736.53,14
2026-06-26T06:13:00Z,43736.53,43765.98,43719.04,43757.23,9
2026-06-26T06:14:00Z,43757.23,43764.84,43748.48,43764.84,11
2026-06-26T06:15:00Z,43764.84,43807.42,43751.72,43798.67,21
2026-06-26T06:16:00Z,43798.67,43811.80,43753.78,43766.91,20
2026-06-26T06:17:00Z,43766.91,43771.28,43739.54,43752.66,19
2026-06-26T06:18:00Z,43752.66,43769.01,43748.29,43755.89,24
2026-06-26T06:19:00Z,43755.89,43767.88,43755.89,43759.13,21
2026-06-26T06:20:00Z,43759.13,43784.21,43759.13,43775.46,20
2026-06-26T06:21:00Z,43775.46,43813.68,43775.46,43804.92,23
2026-06-26T06:22:00Z,43804.92,43825.66,43787.40,43816.90,20
2026-06-26T06:23:00Z,43816.90,43837.65,43803.76,43820.13,20
2026-06-26T06:24:00Z,43820.13,43837.65,43801.47,43818.99,9
2026-06-26T06:25:00Z,43818.99,43861.62,43814.61,43848.47,14
2026-06-26T06:26:00Z,43848.47,43860.47,43830.94,43851.70,16
2026-06-26T06:27:00Z,43851.70,43863.71,43842.93,43854.94,23
2026-06-26T06:28:00Z,43854.94,43863.71,43840.66,43845.04,24
2026-06-26T06:29:00Z,43845.04,43878.91,43845.04,43874.53,11
2026-06-26T06:30:00Z,43874.53,43886.52,43870.15,43882.14,16
2026-06-26T06:31:00Z,43882.14,43911.66,43873.37,43902.88,13
2026-06-26T06:32:00Z,43902.88,43911.66,43879.82,43892.98,15
2026-06-26T06:33:00Z,43892.98,43922.49,43892.98,43918.10,19
2026-06-26T06:34:00Z,43918.10,43938.89,43900.54,43925.72,15
2026-06-26T06:35:00Z,43925.72,43938.89,43893.87,43911.43,17
2026-06-26T06:36:00Z,43911.43,43915.82,43888.38,43888.38,21
2026-06-26T06:37:00Z,43888.38,43909.15,43888.38,43895.99,22
2026-06-26T06:38:00Z,43895.99,43907.99,43878.44,43903.60,14
2026-06-26T06:39:00Z,43903.60,43933.12,43894.82,43924.34,14
2026-06-26T06:40:00Z,43924.34,43949.51,43915.56,43936.33,23
2026-06-26T06:41:00Z,43936.33,43952.70,43923.15,43952.70,20
2026-06-26T06:42:00Z,43952.70,43961.49,43942.79,43942.79,14
2026-06-26T06:43:00Z,43942.79,43955.97,43915.31,43932.88,20
2026-06-26T06:44:00Z,43932.88,43944.87,43932.88,43940.48,17
2026-06-26T06:45:00Z,43940.48,43958.05,43882.37,43899.92,19
2026-06-26T06:46:00Z,43899.92,43899.92,43868.11,43881.27,12
2026-06-26T06:47:00Z,43881.27,43890.04,43867.01,43871.39,10
2026-06-26T06:48:00Z,43871.39,43879.01,43858.23,43874.63,23
2026-06-26T06:49:00Z,43874.63,43883.40,43860.32,43873.48,22
2026-06-26T06:50:00Z,43873.48,43877.86,43863.57,43872.34,8
2026-06-26T06:51:00Z,43872.34,43897.50,43867.96,43879.95,12
2026-06-26T06:52:00Z,43879.95,43887.56,43879.95,43883.18,15
2026-06-26T06:53:00Z,43883.18,43908.27,43865.63,43908.27,23
2026-06-26T06:54:00Z,43908.27,43911.50,43895.10,43911.50,23
2026-06-26T06:55:00Z,43911.50,43924.67,43897.19,43910.36,21
2026-06-26T06:56:00Z,43910.36,43931.09,43905.97,43931.09,13
2026-06-26T06:57:00Z,43931.09,43948.66,43890.51,43908.07,10
2026-06-26T06:58:00Z,43908.07,43924.48,43899.29,43911.31,21
2026-06-26T06:59:00Z,43911.31,43928.87,43883.94,43883.94,16
2026-06-26T07:00:00Z,43883.94,43883.94,43869.13,43873.51,9
2026-06-26T07:01:00Z,43873.51,43893.80,43855.97,43880.64,21
2026-06-26T07:02:00Z,43880.64,43892.14,43876.26,43887.76,14
2026-06-26T07:03:00Z,43887.76,43887.76,43864.17,43864.17,9
2026-06-26T07:04:00Z,43864.17,43881.71,43840.59,43849.35,18
2026-06-26T07:05:00Z,43849.35,43869.63,43831.82,43852.09,8
2026-06-26T07:06:00Z,43852.09,43863.59,43838.94,43854.82,22
2026-06-26T07:07:00Z,43854.82,43872.36,43844.40,43844.40,16
2026-06-26T07:08:00Z,43844.40,43848.78,43812.06,43825.20,13
2026-06-26T07:09:00Z,43825.20,43858.62,43825.20,43854.24,14
2026-06-26T07:10:00Z,43854.24,43870.13,43854.24,43865.75,18
2026-06-26T07:11:00Z,43865.75,43903.59,43865.75,43894.82,21
2026-06-26T07:12:00Z,43894.82,43903.59,43871.22,43884.38,23
2026-06-26T07:13:00Z,43884.38,43917.86,43880.00,43904.69,9
2026-06-26T07:14:00Z,43904.69,43917.86,43903.04,43903.04,16
2026-06-26T07:15:00Z,43903.04,43916.21,43888.23,43901.40,21
2026-06-26T07:16:00Z,43901.40,43912.92,43888.23,43904.14,13
2026-06-26T07:17:00Z,43904.14,43933.23,43890.97,43915.67,19
2026-06-26T07:18:00Z,43915.67,43933.23,43905.23,43909.62,19
2026-06-26T07:19:00Z,43909.62,43934.33,43905.23,43925.55,21
2026-06-26T07:20:00Z,43925.55,43925.55,43884.36,43901.92,24
2026-06-26T07:21:00Z,43901.92,43913.45,43888.75,43904.67,14
2026-06-26T07:22:00Z,43904.67,43909.06,43894.24,43903.02,12
2026-06-26T07:23:00Z,43903.02,43911.80,43888.19,43888.19,8
2026-06-26T07:24:00Z,43888.19,43892.57,43851.42,43868.96,22
2026-06-26T07:25:00Z,43868.96,43880.48,43851.42,43871.71,18
2026-06-26T07:26:00Z,43871.71,43900.78,43858.55,43887.62,13
2026-06-26T07:27:00Z,43887.62,43900.78,43868.42,43881.58,13
2026-06-26T07:28:00Z,43881.58,43906.27,43877.20,43897.50,16
2026-06-26T07:29:00Z,43897.50,43900.25,43893.12,43900.25,12
2026-06-26T07:30:00Z,43900.25,43909.03,43894.23,43898.61,11
2026-06-26T07:31:00Z,43898.61,43914.52,43898.61,43905.74,18
2026-06-26T07:32:00Z,43905.74,43921.66,43905.74,43908.49,16
2026-06-26T07:33:00Z,43908.49,43946.38,43899.71,43933.21,21
2026-06-26T07:34:00Z,43933.21,43940.36,43920.04,43940.36,12
2026-06-26T07:35:00Z,43940.36,43949.14,43921.13,43929.91,13
2026-06-26T07:36:00Z,43929.91,43937.06,43929.91,43937.06,22
2026-06-26T07:37:00Z,43937.06,43945.84,43909.03,43917.81,21
2026-06-26T07:38:00Z,43917.81,43922.20,43898.61,43916.17,21
2026-06-26T07:39:00Z,43916.17,43929.34,43870.55,43874.93,19
2026-06-26T07:40:00Z,43874.93,43877.68,43874.93,43877.68,11
2026-06-26T07:41:00Z,43877.68,43882.06,43854.07,43858.45,16
2026-06-26T07:42:00Z,43858.45,43862.83,43821.70,43839.23,19
2026-06-26T07:43:00Z,43839.23,43843.61,43784.93,43798.06,20
2026-06-26T07:44:00Z,43798.06,43805.19,43780.55,43805.19,24
2026-06-26T07:45:00Z,43805.19,43813.95,43786.00,43790.37,9
2026-06-26T07:46:00Z,43790.37,43799.12,43771.21,43784.34,10
2026-06-26T07:47:00Z,43784.34,43793.09,43752.00,43760.75,23
2026-06-26T07:48:00Z,43760.75,43789.76,43747.63,43772.26,15
2026-06-26T07:49:00Z,43772.26,43801.29,43763.51,43796.92,17
2026-06-26T07:50:00Z,43796.92,43810.05,43777.75,43786.50,18
2026-06-26T07:51:00Z,43786.50,43802.36,43768.99,43789.23,10
2026-06-26T07:52:00Z,43789.23,43797.98,43752.54,43770.04,22
2026-06-26T07:53:00Z,43770.04,43778.79,43737.70,43742.07,25
2026-06-26T07:54:00Z,43742.07,43753.57,43737.70,43753.57,20
2026-06-26T07:55:00Z,43753.57,43778.19,43736.07,43765.07,15
2026-06-26T07:56:00Z,43765.07,43798.50,43751.95,43794.13,17
2026-06-26T07:57:00Z,43794.13,43809.99,43785.38,43796.86,15
2026-06-26T07:58:00Z,43796.86,43805.61,43790.85,43795.22,25
2026-06-26T07:59:00Z,43795.22,43799.59,43780.45,43793.58,24
2026-06-26T08:00:00Z,43793.58,43802.33,43766.16,43783.67,15
2026-06-26T08:01:00Z,43783.67,43808.78,43779.30,43791.27,11
2026-06-26T08:02:00Z,43791.27,43820.78,43773.76,43803.26,18
2026-06-26T08:03:00Z,43803.26,43828.38,43790.12,43824.00,23
2026-06-26T08:04:00Z,43824.00,43862.29,43806.48,43849.14,9
2026-06-26T08:05:00Z,43849.14,43861.14,43849.14,43852.37,10
2026-06-26T08:06:00Z,43852.37,43868.75,43847.99,43868.75,16
2026-06-26T08:07:00Z,43868.75,43877.52,43841.29,43854.44,18
2026-06-26T08:08:00Z,43854.44,43866.45,43850.06,43857.68,23
2026-06-26T08:09:00Z,43857.68,43882.83,43853.30,43869.67,25
2026-06-26T08:10:00Z,43869.67,43899.20,43865.29,43894.82,25
2026-06-26T08:11:00Z,43894.82,43919.99,43877.27,43906.82,12
2026-06-26T08:12:00Z,43906.82,43918.83,43898.04,43914.44,16
2026-06-26T08:13:00Z,43914.44,43917.67,43901.27,43917.67,21
2026-06-26T08:14:00Z,43917.67,43942.85,43917.67,43929.68,13
2026-06-26T08:15:00Z,43929.68,43929.68,43919.74,43928.52,23
2026-06-26T08:16:00Z,43928.52,43940.53,43915.35,43931.75,20
2026-06-26T08:17:00Z,43931.75,43961.31,43914.18,43956.92,15
2026-06-26T08:18:00Z,43956.92,43973.33,43939.34,43960.15,10
2026-06-26T08:19:00Z,43960.15,43989.73,43942.57,43980.94,25
2026-06-26T08:20:00Z,43980.94,44001.76,43972.15,43984.17,9
2026-06-26T08:21:00Z,43984.17,44001.76,43969.83,43978.62,13
2026-06-26T08:22:00Z,43978.62,43995.02,43969.83,43995.02,15
2026-06-26T08:23:00Z,43995.02,44003.81,43963.10,43980.69,20
2026-06-26T08:24:00Z,43980.69,43980.69,43935.61,43948.79,19
2026-06-26T08:25:00Z,43948.79,43973.99,43935.61,43956.41,14
2026-06-26T08:26:00Z,43956.41,43960.80,43933.28,43950.86,20
2026-06-26T08:27:00Z,43950.86,43964.04,43936.53,43949.71,17
2026-06-26T08:28:00Z,43949.71,43962.89,43917.84,43922.23,8
2026-06-26T08:29:00Z,43922.23,43931.01,43899.16,43903.55,16
2026-06-26T08:30:00Z,43903.55,43912.33,43902.39,43902.39,14
2026-06-26T08:31:00Z,43902.39,43962.61,43884.83,43945.04,12
2026-06-26T08:32:00Z,43945.04,43948.28,43927.47,43948.28,21
2026-06-26T08:33:00Z,43948.28,43952.67,43933.94,43947.12,15
2026-06-26T08:34:00Z,43947.12,43964.69,43932.81,43941.59,16
2026-06-26T08:35:00Z,43941.59,43945.98,43922.87,43936.05,15
2026-06-26T08:36:00Z,43936.05,43936.05,43926.13,43930.52,22
2026-06-26T08:37:00Z,43930.52,43964.45,43921.74,43951.27,9
2026-06-26T08:38:00Z,43951.27,43985.21,43938.09,43976.42,12
2026-06-26T08:39:00Z,43976.42,43997.22,43967.63,43984.03,15
2026-06-26T08:40:00Z,43984.03,43997.22,43960.90,43978.49,23
2026-06-26T08:41:00Z,43978.49,44008.04,43974.10,43999.25,11
2026-06-26T08:42:00Z,43999.25,43999.25,43976.14,43989.33,17
2026-06-26T08:43:00Z,43989.33,44006.92,43966.24,43966.24,11
2026-06-26T08:44:00Z,43966.24,44008.98,43957.45,43991.39,20
2026-06-26T08:45:00Z,43991.39,43999.01,43991.39,43994.62,12
2026-06-26T08:46:00Z,43994.62,43994.62,43980.31,43980.31,10
2026-06-26T08:47:00Z,43980.31,44005.48,43962.72,44001.08,11
2026-06-26T08:48:00Z,44001.08,44018.68,43973.56,43991.15,22
2026-06-26T08:49:00Z,43991.15,44007.56,43991.15,43998.77,13
2026-06-26T08:50:00Z,43998.77,44002.00,43994.38,44002.00,18
2026-06-26T08:51:00Z,44002.00,44015.20,43983.28,43996.47,15
2026-06-26T08:52:00Z,43996.47,44025.99,43987.68,44025.99,24
2026-06-26T08:53:00Z,44025.99,44068.73,44021.59,44059.92,9
2026-06-26T08:54:00Z,44059.92,44071.93,44051.11,44067.53,13
2026-06-26T08:55:00Z,44067.53,44114.72,44049.91,44101.49,24
2026-06-26T08:56:00Z,44101.49,44113.54,44101.49,44104.72,23
2026-06-26T08:57:00Z,44104.72,44117.95,44072.82,44072.82,24
2026-06-26T08:58:00Z,44072.82,44090.44,44054.10,44054.10,17
2026-06-26T08:59:00Z,44054.10,44062.91,44026.60,44035.40,12
2026-06-26T09:00:00Z,44035.40,44039.80,44019.27,44032.47,16
2026-06-26T09:01:00Z,44032.47,44038.35,44023.67,44033.95,13
2026-06-26T09:02:00Z,44033.95,44044.23,44025.15,44039.83,9
2026-06-26T09:03:00Z,44039.83,44076.53,44039.83,44072.13,14
2026-06-26T09:04:00Z,44072.13,44117.68,44054.51,44100.04,8
2026-06-26T09:05:00Z,44100.04,44105.92,44082.40,44101.51,11
2026-06-26T09:06:00Z,44101.51,44125.04,44088.28,44107.40,18
2026-06-26T09:07:00Z,44107.40,44152.97,44098.58,44135.32,12
2026-06-26T09:08:00Z,44135.32,44144.14,44110.32,44127.97,17
2026-06-26T09:09:00Z,44127.97,44136.79,44120.63,44120.63,9
2026-06-26T09:10:00Z,44120.63,44120.63,44100.08,44100.08,12
2026-06-26T09:11:00Z,44100.08,44100.08,44088.34,44097.15,12
2026-06-26T09:12:00Z,44097.15,44116.25,44092.75,44111.84,20
2026-06-26T09:13:00Z,44111.84,44135.35,44094.20,44130.94,18
2026-06-26T09:14:00Z,44130.94,44148.59,44101.58,44101.58,16
2026-06-26T09:15:00Z,44101.58,44138.27,44101.58,44138.27,17
2026-06-26T09:16:00Z,44138.27,44144.16,44129.45,44139.75,12
2026-06-26T09:17:00Z,44139.75,44163.28,44139.75,44145.63,23
2026-06-26T09:18:00Z,44145.63,44150.04,44107.46,44116.28,9
2026-06-26T09:19:00Z,44116.28,44139.80,44116.28,44126.57,23
2026-06-26T09:20:00Z,44126.57,44145.68,44122.16,44132.45,15
2026-06-26T09:21:00Z,44132.45,44155.98,44132.45,44142.74,11
2026-06-26T09:22:00Z,44142.74,44148.62,44133.92,44144.21,23
2026-06-26T09:23:00Z,44144.21,44148.62,44123.67,44132.49,16
2026-06-26T09:24:00Z,44132.49,44150.14,44116.37,44120.78,12
2026-06-26T09:25:00Z,44120.78,44157.50,44107.55,44139.85,21
2026-06-26T09:26:00Z,44139.85,44158.94,44122.20,44154.53,18
2026-06-26T09:27:00Z,44154.53,44160.43,44136.87,44156.02,20
2026-06-26T09:28:00Z,44156.02,44201.56,44151.61,44183.89,16
2026-06-26T09:29:00Z,44183.89,44194.20,44179.48,44185.37,14
2026-06-26T09:30:00Z,44185.37,44204.52,44185.37,44186.85,22
2026-06-26T09:31:00Z,44186.85,44200.10,44179.51,44183.92,10
2026-06-26T09:32:00Z,44183.92,44192.75,44172.21,44172.21,11
2026-06-26T09:33:00Z,44172.21,44191.36,44158.96,44173.70,21
2026-06-26T09:34:00Z,44173.70,44178.11,44157.58,44161.99,22
2026-06-26T09:35:00Z,44161.99,44161.99,44128.29,44137.11,10
2026-06-26T09:36:00Z,44137.11,44145.93,44107.77,44125.42,14
2026-06-26T09:37:00Z,44125.42,44125.42,44113.69,44122.51,24
2026-06-26T09:38:00Z,44122.51,44137.17,44122.51,44137.17,23
2026-06-26T09:39:00Z,44137.17,44156.31,44123.93,44138.66,13
2026-06-26T09:40:00Z,44138.66,44147.48,44109.35,44122.58,15
2026-06-26T09:41:00Z,44122.58,44128.49,44113.76,44124.08,18
2026-06-26T09:42:00Z,44124.08,44137.31,44094.79,44108.02,21
2026-06-26T09:43:00Z,44108.02,44121.25,44091.90,44105.13,17
2026-06-26T09:44:00Z,44105.13,44128.55,44105.13,44128.55,15
2026-06-26T09:45:00Z,44128.55,44128.55,44108.04,44121.27,23
2026-06-26T09:46:00Z,44121.27,44140.41,44108.04,44122.77,20
2026-06-26T09:47:00Z,44122.77,44155.07,44109.54,44137.42,10
2026-06-26T09:48:00Z,44137.42,44156.56,44133.01,44138.91,21
2026-06-26T09:49:00Z,44138.91,44153.62,44130.09,44144.80,14
2026-06-26T09:50:00Z,44144.80,44163.84,44135.98,44163.84,11
2026-06-26T09:51:00Z,44163.84,44177.08,44143.34,44152.17,14
2026-06-26T09:52:00Z,44152.17,44152.17,44131.64,44149.29,22
2026-06-26T09:53:00Z,44149.29,44150.79,44144.88,44150.79,16
2026-06-26T09:54:00Z,44150.79,44159.62,44147.90,44147.90,19
2026-06-26T09:55:00Z,44147.90,44152.31,44131.78,44145.02,10
2026-06-26T09:56:00Z,44145.02,44149.43,44128.97,44133.38,16
2026-06-26T09:57:00Z,44133.38,44146.62,44117.30,44126.12,8
2026-06-26T09:58:00Z,44126.12,44139.35,44114.49,44114.49,19
2026-06-26T09:59:00Z,44114.49,44142.36,44101.26,44129.13,12
2026-06-26T10:00:00Z,44129.13,44133.54,44099.75,44117.39,20
2026-06-26T10:01:00Z,44117.39,44126.21,44101.24,44101.24,23
2026-06-26T10:02:00Z,44101.24,44118.88,44089.52,44093.92,19
2026-06-26T10:03:00Z,44093.92,44098.32,44082.20,44091.01,9
2026-06-26T10:04:00Z,44091.01,44099.82,44057.26,44074.88,17
2026-06-26T10:05:00Z,44074.88,44088.10,44063.16,44067.56,22
2026-06-26T10:06:00Z,44067.56,44086.68,44054.34,44073.46,18
2026-06-26T10:07:00Z,44073.46,44091.08,44061.74,44061.74,23
2026-06-26T10:08:00Z,44061.74,44074.95,44032.40,44050.02,24
2026-06-26T10:09:00Z,44050.02,44069.15,44045.62,44051.53,16
2026-06-26T10:10:00Z,44051.53,44075.04,44038.32,44061.83,10
2026-06-26T10:11:00Z,44061.83,44061.83,44036.90,44036.90,16
2026-06-26T10:12:00Z,44036.90,44045.70,44025.19,44029.59,20
2026-06-26T10:13:00Z,44029.59,44047.20,44000.28,44013.48,12
2026-06-26T10:14:00Z,44013.48,44019.38,44009.08,44019.38,11
2026-06-26T10:15:00Z,44019.38,44034.08,44006.18,44020.88,17
2026-06-26T10:16:00Z,44020.88,44034.08,43991.58,44009.18,16
2026-06-26T10:17:00Z,44009.18,44013.58,43993.08,44006.28,22
2026-06-26T10:18:00Z,44006.28,44012.18,43988.68,44007.78,23
2026-06-26T10:19:00Z,44007.78,44031.28,44007.78,44026.88,9
2026-06-26T10:20:00Z,44026.88,44031.28,43997.58,44006.38,23
2026-06-26T10:21:00Z,44006.38,44006.38,43972.70,43990.29,20
2026-06-26T10:22:00Z,43990.29,44004.98,43990.29,43991.79,8
2026-06-26T10:23:00Z,43991.79,44009.38,43944.94,43958.12,10
2026-06-26T10:24:00Z,43958.12,43971.30,43950.84,43950.84,25
2026-06-26T10:25:00Z,43950.84,43965.52,43950.84,43956.73,14
2026-06-26T10:26:00Z,43956.73,43961.12,43940.66,43949.44,8
2026-06-26T10:27:00Z,43949.44,43953.83,43942.15,43946.54,17
2026-06-26T10:28:00Z,43946.54,43959.72,43912.91,43917.30,20
2026-06-26T10:29:00Z,43917.30,43927.58,43912.91,43927.58,18
2026-06-26T10:30:00Z,43927.58,43945.15,43911.52,43924.69,19
2026-06-26T10:31:00Z,43924.69,43924.69,43908.63,43917.41,9
2026-06-26T10:32:00Z,43917.41,43926.19,43888.20,43888.20,8
2026-06-26T10:33:00Z,43888.20,43901.36,43867.78,43872.16,11
2026-06-26T10:34:00Z,43872.16,43885.32,43847.37,43860.52,12
2026-06-26T10:35:00Z,43860.52,43901.44,43856.14,43897.06,11
2026-06-26T10:36:00Z,43897.06,43916.11,43888.29,43902.94,24
2026-06-26T10:37:00Z,43902.94,43920.50,43891.28,43891.28,16
2026-06-26T10:38:00Z,43891.28,43927.86,43878.12,43914.69,9
2026-06-26T10:39:00Z,43914.69,43942.52,43901.52,43929.35,23
2026-06-26T10:40:00Z,43929.35,43965.96,43911.78,43948.39,15
2026-06-26T10:41:00Z,43948.39,43961.57,43914.76,43932.33,14
2026-06-26T10:42:00Z,43932.33,43973.32,43923.55,43964.53,20
2026-06-26T10:43:00Z,43964.53,43970.42,43946.95,43966.03,22
2026-06-26T10:44:00Z,43966.03,43980.70,43952.85,43980.70,9
2026-06-26T10:45:00Z,43980.70,43980.70,43938.28,43951.46,24
2026-06-26T10:46:00Z,43951.46,43979.28,43933.88,43979.28,11
2026-06-26T10:47:00Z,43979.28,43992.47,43967.60,43971.99,11
2026-06-26T10:48:00Z,43971.99,43999.84,43971.99,43986.65,23
2026-06-26T10:49:00Z,43986.65,43995.44,43979.37,43983.76,13
2026-06-26T10:50:00Z,43983.76,43996.95,43976.47,43976.47,9
2026-06-26T10:51:00Z,43976.47,43995.53,43963.28,43986.74,13
2026-06-26T10:52:00Z,43986.74,44010.22,43973.55,43992.63,12
2026-06-26T10:53:00Z,43992.63,43997.02,43967.77,43976.56,17
2026-06-26T10:54:00Z,43976.56,43980.95,43929.78,43929.78,8
2026-06-26T10:55:00Z,43929.78,43962.00,43916.61,43944.43,20
2026-06-26T10:56:00Z,43944.43,43981.05,43935.65,43963.47,11
2026-06-26T10:57:00Z,43963.47,43973.74,43959.08,43973.74,10
2026-06-26T10:58:00Z,43973.74,44001.58,43956.16,43992.79,19
2026-06-26T10:59:00Z,43992.79,43997.18,43972.32,43985.51,15
2026-06-26T11:00:00Z,43985.51,44003.56,43981.12,43999.17,11
2026-06-26T11:01:00Z,43999.17,44003.56,43995.25,43995.25,8
2026-06-26T11:02:00Z,43995.25,43999.64,43960.52,43960.52,16
2026-06-26T11:03:00Z,43960.52,43960.52,43947.81,43947.81,16
2026-06-26T11:04:00Z,43947.81,43974.65,43939.03,43970.26,22
2026-06-26T11:05:00Z,43970.26,43997.11,43952.68,43983.92,20
2026-06-26T11:06:00Z,43983.92,43988.31,43962.40,43962.40,12
2026-06-26T11:07:00Z,43962.40,43962.40,43945.29,43958.47,9
2026-06-26T11:08:00Z,43958.47,43967.26,43923.79,43941.36,17
2026-06-26T11:09:00Z,43941.36,43959.41,43928.18,43959.41,25
2026-06-26T11:10:00Z,43959.41,43976.99,43933.50,43951.08,17
2026-06-26T11:11:00Z,43951.08,43951.56,43951.08,43951.56,22
2026-06-26T11:12:00Z,43951.56,43960.82,43938.38,43956.43,20
2026-06-26T11:13:00Z,43956.43,44005.25,43947.64,43987.66,10
2026-06-26T11:14:00Z,43987.66,43992.53,43970.07,43988.14,19
2026-06-26T11:15:00Z,43988.14,43988.14,43975.42,43984.21,21
2026-06-26T11:16:00Z,43984.21,43993.00,43958.30,43971.49,10
2026-06-26T11:17:00Z,43971.49,43971.49,43949.99,43958.78,24
2026-06-26T11:18:00Z,43958.78,43972.43,43958.78,43963.64,21
2026-06-26T11:19:00Z,43963.64,43968.03,43959.72,43959.72,16
2026-06-26T11:20:00Z,43959.72,43973.37,43955.33,43968.98,23
2026-06-26T11:21:00Z,43968.98,43968.98,43938.69,43951.87,12
2026-06-26T11:22:00Z,43951.87,43956.26,43908.41,43925.98,18
2026-06-26T11:23:00Z,43925.98,43970.37,43925.98,43952.79,22
2026-06-26T11:24:00Z,43952.79,43970.37,43913.73,43922.51,21
2026-06-26T11:25:00Z,43922.51,43953.73,43909.34,43940.55,16
2026-06-26T11:26:00Z,43940.55,43958.12,43914.67,43927.84,10
2026-06-26T11:27:00Z,43927.84,43950.28,43910.27,43937.10,20
2026-06-26T11:28:00Z,43937.10,43972.71,43932.71,43959.53,11
2026-06-26T11:29:00Z,43959.53,43959.53,43924.86,43942.43,11
2026-06-26T11:30:00Z,43942.43,43960.00,43929.73,43938.51,14
2026-06-26T11:31:00Z,43938.51,43974.12,43920.94,43956.54,15
2026-06-26T11:32:00Z,43956.54,43974.12,43952.62,43952.62,24
2026-06-26T11:33:00Z,43952.62,43970.66,43952.62,43966.27,10
2026-06-26T11:34:00Z,43966.27,43979.45,43940.37,43957.95,19
2026-06-26T11:35:00Z,43957.95,43971.13,43936.45,43954.03,10
2026-06-26T11:36:00Z,43954.03,43989.64,43936.45,43985.25,11
2026-06-26T11:37:00Z,43985.25,43994.52,43980.86,43985.73,21
2026-06-26T11:38:00Z,43985.73,43990.12,43964.22,43964.22,17
2026-06-26T11:39:00Z,43964.22,43981.80,43925.14,43942.71,10
2026-06-26T11:40:00Z,43942.71,43960.28,43908.05,43921.22,9
2026-06-26T11:41:00Z,43921.22,43934.86,43903.66,43934.86,16
2026-06-26T11:42:00Z,43934.86,43944.12,43926.08,43944.12,13
2026-06-26T11:43:00Z,43944.12,43979.74,43935.34,43970.95,14
2026-06-26T11:44:00Z,43970.95,43989.00,43957.76,43980.21,10
2026-06-26T11:45:00Z,43980.21,43984.60,43963.10,43971.89,21
2026-06-26T11:46:00Z,43971.89,43976.28,43967.96,43967.96,16
2026-06-26T11:47:00Z,43967.96,43977.22,43954.77,43972.83,17
2026-06-26T11:48:00Z,43972.83,43982.10,43968.44,43973.31,10
2026-06-26T11:49:00Z,43973.31,43986.97,43973.31,43973.78,20
2026-06-26T11:50:00Z,43973.78,43978.17,43930.32,43947.89,20
2026-06-26T11:51:00Z,43947.89,43965.46,43926.41,43935.19,11
2026-06-26T11:52:00Z,43935.19,43952.76,43922.48,43931.26,23
2026-06-26T11:53:00Z,43931.26,43931.26,43914.17,43927.34,19
2026-06-26T11:54:00Z,43927.34,43962.94,43918.56,43945.37,12
2026-06-26T11:55:00Z,43945.37,43958.55,43923.89,43932.67,19
2026-06-26T11:56:00Z,43932.67,43937.06,43924.36,43924.36,10
2026-06-26T11:57:00Z,43924.36,43924.36,43898.49,43902.88,16
2026-06-26T11:58:00Z,43902.88,43916.05,43872.64,43885.80,14
2026-06-26T11:59:00Z,43885.80,43908.21,43877.03,43890.66,13
2026-06-26T12:00:00Z,43890.66,43890.66,43856.22,43869.38,10
2026-06-26T12:01:00Z,43869.38,43883.21,43851.84,43883.21,9
2026-06-26T12:02:00Z,43883.21,43891.98,43861.95,43861.95,18
2026-06-26T12:03:00Z,43861.95,43875.10,43849.47,43853.85,16
2026-06-26T12:04:00Z,43853.85,43867.00,43837.00,43850.15,12
2026-06-26T12:05:00Z,43850.15,43854.53,43824.53,43833.29,24
2026-06-26T12:06:00Z,43833.29,43886.56,43820.15,43869.02,11
2026-06-26T12:07:00Z,43869.02,43891.62,43855.86,43878.46,10
2026-06-26T12:08:00Z,43878.46,43883.51,43869.69,43879.13,18
2026-06-26T12:09:00Z,43879.13,43914.90,43879.13,43897.35,13
2026-06-26T12:10:00Z,43897.35,43928.73,43897.35,43915.56,14
2026-06-26T12:11:00Z,43915.56,43915.56,43881.15,43898.70,22
2026-06-26T12:12:00Z,43898.70,43938.85,43898.70,43921.29,8
2026-06-26T12:13:00Z,43921.29,43961.46,43921.29,43948.28,10
2026-06-26T12:14:00Z,43948.28,43966.50,43930.71,43962.11,13
2026-06-26T12:15:00Z,43962.11,43962.11,43958.39,43958.39,15
2026-06-26T12:16:00Z,43958.39,43958.39,43932.72,43945.90,13
2026-06-26T12:17:00Z,43945.90,43950.29,43915.87,43915.87,11
2026-06-26T12:18:00Z,43915.87,43929.04,43894.61,43912.17,24
2026-06-26T12:19:00Z,43912.17,43930.38,43907.78,43925.99,20
2026-06-26T12:20:00Z,43925.99,43930.38,43904.74,43917.91,24
2026-06-26T12:21:00Z,43917.91,43917.91,43909.82,43909.82,18
2026-06-26T12:22:00Z,43909.82,43923.66,43909.82,43914.88,23
2026-06-26T12:23:00Z,43914.88,43919.27,43880.53,43884.91,8
2026-06-26T12:24:00Z,43884.91,43889.29,43859.31,43868.08,12
2026-06-26T12:25:00Z,43868.08,43885.62,43842.48,43860.02,19
2026-06-26T12:26:00Z,43860.02,43873.85,43842.48,43865.08,22
2026-06-26T12:27:00Z,43865.08,43870.15,43847.54,43870.15,24
2026-06-26T12:28:00Z,43870.15,43879.58,43852.61,43879.58,10
2026-06-26T12:29:00Z,43879.58,43893.39,43875.20,43893.39,12
2026-06-26T12:30:00Z,43893.39,43897.77,43863.41,43876.57,14
2026-06-26T12:31:00Z,43876.57,43889.73,43864.14,43864.14,24
2026-06-26T12:32:00Z,43864.14,43877.98,43850.99,43864.83,24
2026-06-26T12:33:00Z,43864.83,43865.52,43860.45,43865.52,11
2026-06-26T12:34:00Z,43865.52,43896.80,43856.75,43896.80,13
2026-06-26T12:35:00Z,43896.80,43910.64,43888.03,43901.86,22
2026-06-26T12:36:00Z,43901.86,43920.11,43893.08,43902.55,14
2026-06-26T12:37:00Z,43902.55,43907.62,43889.38,43903.23,20
2026-06-26T12:38:00Z,43903.23,43916.40,43886.43,43886.43,24
2026-06-26T12:39:00Z,43886.43,43895.20,43834.63,43852.17,16
2026-06-26T12:40:00Z,43852.17,43870.38,43852.17,43857.23,9
2026-06-26T12:41:00Z,43857.23,43871.04,43848.46,43866.66,9
2026-06-26T12:42:00Z,43866.66,43893.63,43862.28,43876.08,15
2026-06-26T12:43:00Z,43876.08,43907.38,43871.70,43898.61,8
2026-06-26T12:44:00Z,43898.61,43898.61,43886.18,43890.56,16
2026-06-26T12:45:00Z,43890.56,43890.56,43882.50,43886.88,22
2026-06-26T12:46:00Z,43886.88,43891.26,43852.58,43870.12,9
2026-06-26T12:47:00Z,43870.12,43883.28,43848.94,43862.09,18
2026-06-26T12:48:00Z,43862.09,43866.47,43827.83,43840.98,18
2026-06-26T12:49:00Z,43840.98,43876.57,43836.60,43872.19,11
2026-06-26T12:50:00Z,43872.19,43872.19,43846.68,43855.45,13
2026-06-26T12:51:00Z,43855.45,43860.51,43837.91,43860.51,20
2026-06-26T12:52:00Z,43860.51,43860.51,43848.13,43848.13,21
2026-06-26T12:53:00Z,43848.13,43879.45,43830.60,43861.91,19
2026-06-26T12:54:00Z,43861.91,43866.29,43836.35,43853.89,22
2026-06-26T12:55:00Z,43853.89,43889.57,43853.89,43872.03,25
2026-06-26T12:56:00Z,43872.03,43903.32,43867.65,43890.16,8
2026-06-26T12:57:00Z,43890.16,43895.24,43872.61,43890.86,10
2026-06-26T12:58:00Z,43890.86,43908.41,43869.65,43887.20,18
2026-06-26T12:59:00Z,43887.20,43901.00,43869.65,43896.62,13
2026-06-26T13:00:00Z,43896.62,43931.23,43892.24,43913.67,24
2026-06-26T13:01:00Z,43913.67,43939.52,43900.50,43939.52,19
2026-06-26T13:02:00Z,43939.52,43960.99,43921.95,43943.42,16
2026-06-26T13:03:00Z,43943.42,43973.68,43934.64,43964.89,15
2026-06-26T13:04:00Z,43964.89,43982.47,43938.03,43942.42,16
2026-06-26T13:05:00Z,43942.42,43946.81,43919.96,43928.74,12
2026-06-26T13:06:00Z,43928.74,43941.91,43884.35,43897.51,10
2026-06-26T13:07:00Z,43897.51,43905.79,43884.35,43905.79,12
2026-06-26T13:08:00Z,43905.79,43905.79,43865.82,43870.20,10
2026-06-26T13:09:00Z,43870.20,43887.74,43852.18,43865.33,14
2026-06-26T13:10:00Z,43865.33,43913.06,43865.33,43895.51,16
2026-06-26T13:11:00Z,43895.51,43912.57,43877.96,43899.41,17
2026-06-26T13:12:00Z,43899.41,43908.18,43890.15,43894.53,20
2026-06-26T13:13:00Z,43894.53,43920.37,43881.37,43902.81,9
2026-06-26T13:14:00Z,43902.81,43924.26,43889.64,43911.09,22
2026-06-26T13:15:00Z,43911.09,43928.65,43884.27,43897.43,20
2026-06-26T13:16:00Z,43897.43,43923.24,43888.66,43923.24,16
2026-06-26T13:17:00Z,43923.24,43957.86,43918.85,43944.68,18
2026-06-26T13:18:00Z,43944.68,43966.14,43931.50,43952.96,17
2026-06-26T13:19:00Z,43952.96,43957.35,43948.08,43948.08,14
2026-06-26T13:20:00Z,43948.08,43965.14,43948.08,43956.35,15
2026-06-26T13:21:00Z,43956.35,43986.57,43943.17,43982.18,20
2026-06-26T13:22:00Z,43982.18,43986.57,43942.17,43950.96,21
2026-06-26T13:23:00Z,43950.96,43950.96,43924.15,43924.15,22
2026-06-26T13:24:00Z,43924.15,43932.93,43914.90,43914.90,10
2026-06-26T13:25:00Z,43914.90,43927.56,43901.73,43923.17,11
2026-06-26T13:26:00Z,43923.17,43931.95,43891.98,43909.54,21
2026-06-26T13:27:00Z,43909.54,43927.10,43909.05,43909.05,16
2026-06-26T13:28:00Z,43909.05,43926.61,43895.41,43904.19,13
2026-06-26T13:29:00Z,43904.19,43951.89,43895.41,43947.50,22
2026-06-26T13:30:00Z,43947.50,43977.71,43934.32,43968.92,13
2026-06-26T13:31:00Z,43968.92,43973.31,43964.04,43968.43,17
2026-06-26T13:32:00Z,43968.43,43985.48,43959.64,43985.48,19
2026-06-26T13:33:00Z,43985.48,44006.93,43967.89,44002.53,11
2026-06-26T13:34:00Z,44002.53,44015.23,43993.73,44006.43,10
2026-06-26T13:35:00Z,44006.43,44024.03,43983.94,44001.54,18
2026-06-26T13:36:00Z,44001.54,44023.02,43983.94,44009.82,17
2026-06-26T13:37:00Z,44009.82,44040.03,43992.22,44040.03,20
2026-06-26T13:38:00Z,44040.03,44057.64,44013.17,44026.37,10
2026-06-26T13:39:00Z,44026.37,44026.37,44021.48,44025.88,24
2026-06-26T13:40:00Z,44025.88,44030.28,43994.67,43999.06,9
2026-06-26T13:41:00Z,43999.06,44012.25,43985.41,43989.80,19
2026-06-26T13:42:00Z,43989.80,44024.39,43976.61,44019.99,22
2026-06-26T13:43:00Z,44019.99,44037.09,44019.99,44023.89,9
2026-06-26T13:44:00Z,44023.89,44049.78,44010.69,44032.17,11
2026-06-26T13:45:00Z,44032.17,44045.37,44014.06,44031.67,20
2026-06-26T13:46:00Z,44031.67,44066.32,44031.67,44053.11,22
2026-06-26T13:47:00Z,44053.11,44070.73,44008.71,44021.91,23
2026-06-26T13:48:00Z,44021.91,44039.01,44017.51,44025.81,18
2026-06-26T13:49:00Z,44025.81,44025.81,43990.23,43999.02,15
2026-06-26T13:50:00Z,43999.02,44016.09,43994.63,44007.29,16
2026-06-26T13:51:00Z,44007.29,44024.89,43993.66,43993.66,18
2026-06-26T13:52:00Z,43993.66,44019.45,43976.07,44019.45,14
2026-06-26T13:53:00Z,44019.45,44032.11,44015.05,44032.11,16
2026-06-26T13:54:00Z,44032.11,44071.15,44014.50,44053.53,21
2026-06-26T13:55:00Z,44053.53,44096.94,44044.72,44083.72,25
2026-06-26T13:56:00Z,44083.72,44127.16,44066.09,44113.93,13
2026-06-26T13:57:00Z,44113.93,44126.65,44109.52,44117.83,21
2026-06-26T13:58:00Z,44117.83,44131.06,44099.70,44117.34,18
2026-06-26T13:59:00Z,44117.34,44130.57,44081.68,44094.90,15
2026-06-26T14:00:00Z,44094.90,44112.53,44080.30,44089.11,18
2026-06-26T14:01:00Z,44089.11,44123.01,44071.48,44118.60,25
2026-06-26T14:02:00Z,44118.60,44161.34,44100.96,44148.10,20
2026-06-26T14:03:00Z,44148.10,44161.34,44142.31,44142.31,24
2026-06-26T14:04:00Z,44142.31,44163.00,44133.49,44154.17,15
2026-06-26T14:05:00Z,44154.17,44163.00,44117.48,44135.13,8
2026-06-26T14:06:00Z,44135.13,44135.13,44111.70,44124.93,16
2026-06-26T14:07:00Z,44124.93,44124.93,44105.91,44110.32,14
2026-06-26T14:08:00Z,44110.32,44119.14,44078.09,44095.72,19
2026-06-26T14:09:00Z,44095.72,44104.53,44072.32,44081.13,23
2026-06-26T14:10:00Z,44081.13,44085.53,44048.91,44057.72,10
2026-06-26T14:11:00Z,44057.72,44062.12,44034.34,44047.55,13
2026-06-26T14:12:00Z,44047.55,44050.59,44038.75,44050.59,22
2026-06-26T14:13:00Z,44050.59,44059.40,44044.82,44049.22,9
2026-06-26T14:14:00Z,44049.22,44058.02,44030.24,44043.45,19
2026-06-26T14:15:00Z,44043.45,44046.49,44030.24,44046.49,20
2026-06-26T14:16:00Z,44046.49,44064.10,44027.51,44045.12,12
2026-06-26T14:17:00Z,44045.12,44065.75,44040.72,44061.35,13
2026-06-26T14:18:00Z,44061.35,44070.16,44055.58,44055.58,18
2026-06-26T14:19:00Z,44055.58,44068.79,44023.41,44036.62,12
2026-06-26T14:20:00Z,44036.62,44049.83,44026.46,44035.26,14
2026-06-26T14:21:00Z,44035.26,44047.08,44026.46,44042.68,9
2026-06-26T14:22:00Z,44042.68,44072.12,44029.47,44058.91,22
2026-06-26T14:23:00Z,44058.91,44072.12,44035.54,44048.75,9
2026-06-26T14:24:00Z,44048.75,44061.96,44029.79,44038.59,15
2026-06-26T14:25:00Z,44038.59,44042.99,44032.83,44032.83,24
2026-06-26T14:26:00Z,44032.83,44053.45,44032.83,44053.45,19
2026-06-26T14:27:00Z,44053.45,44053.45,44052.08,44052.08,12
2026-06-26T14:28:00Z,44052.08,44069.70,44046.32,44046.32,17
2026-06-26T14:29:00Z,44046.32,44055.12,44040.56,44040.56,13
2026-06-26T14:30:00Z,44040.56,44052.40,44031.76,44043.60,8
2026-06-26T14:31:00Z,44043.60,44043.60,44037.85,44037.85,13
2026-06-26T14:32:00Z,44037.85,44046.65,44014.50,44023.30,18
2026-06-26T14:33:00Z,44023.30,44065.90,44014.50,44052.69,21
2026-06-26T14:34:00Z,44052.69,44070.31,44011.75,44029.36,12
2026-06-26T14:35:00Z,44029.36,44042.56,44001.63,44010.43,14
2026-06-26T14:36:00Z,44010.43,44031.04,44006.03,44026.64,22
2026-06-26T14:37:00Z,44026.64,44051.68,44026.64,44034.07,9
2026-06-26T14:38:00Z,44034.07,44089.85,44025.27,44072.23,19
2026-06-26T14:39:00Z,44072.23,44106.07,44067.83,44092.85,21
2026-06-26T14:40:00Z,44092.85,44104.68,44084.04,44104.68,16
2026-06-26T14:41:00Z,44104.68,44129.75,44091.45,44112.11,12
2026-06-26T14:42:00Z,44112.11,44137.16,44103.29,44128.34,21
2026-06-26T14:43:00Z,44128.34,44145.99,44126.97,44126.97,22
2026-06-26T14:44:00Z,44126.97,44131.38,44112.41,44112.41,23
2026-06-26T14:45:00Z,44112.41,44121.23,44084.63,44097.85,8
2026-06-26T14:46:00Z,44097.85,44127.30,44080.22,44114.07,10
2026-06-26T14:47:00Z,44114.07,44139.14,44114.07,44121.50,13
2026-06-26T14:48:00Z,44121.50,44146.55,44103.86,44137.73,15
2026-06-26T14:49:00Z,44137.73,44146.55,44118.74,44127.56,15
2026-06-26T14:50:00Z,44127.56,44134.99,44109.91,44134.99,12
2026-06-26T14:51:00Z,44134.99,44148.23,44120.39,44133.63,24
2026-06-26T14:52:00Z,44133.63,44149.86,44133.63,44149.86,19
2026-06-26T14:53:00Z,44149.86,44174.89,44141.04,44174.89,17
2026-06-26T14:54:00Z,44174.89,44183.72,44151.51,44151.51,11
2026-06-26T14:55:00Z,44151.51,44160.34,44145.75,44145.75,18
2026-06-26T14:56:00Z,44145.75,44170.81,44132.51,44161.98,14
2026-06-26T14:57:00Z,44161.98,44170.81,44142.98,44156.22,11
2026-06-26T14:58:00Z,44156.22,44185.71,44147.39,44168.05,10
2026-06-26T14:59:00Z,44168.05,44176.88,44153.49,44153.49,22
2026-06-26T15:00:00Z,44153.49,44195.81,44149.08,44186.98,17
2026-06-26T15:01:00Z,44186.98,44191.39,44158.65,44158.65,19
2026-06-26T15:02:00Z,44158.65,44171.89,44112.68,44130.33,24
2026-06-26T15:03:00Z,44130.33,44139.15,44102.04,44106.45,8
2026-06-26T15:04:00Z,44106.45,44110.86,44087.01,44091.41,12
2026-06-26T15:05:00Z,44091.41,44100.22,44067.55,44085.18,10
2026-06-26T15:06:00Z,44085.18,44101.00,44085.18,44087.78,21
2026-06-26T15:07:00Z,44087.78,44096.59,44050.72,44063.93,25
2026-06-26T15:08:00Z,44063.93,44075.32,44059.53,44075.32,9
2026-06-26T15:09:00Z,44075.32,44086.73,44066.51,44077.92,15
2026-06-26T15:10:00Z,44077.92,44102.55,44064.70,44089.33,10
2026-06-26T15:11:00Z,44089.33,44089.33,44069.88,44069.88,14
2026-06-26T15:12:00Z,44069.88,44076.88,44056.66,44076.88,23
2026-06-26T15:13:00Z,44076.88,44076.88,44057.46,44061.86,18
2026-06-26T15:14:00Z,44061.86,44070.67,44033.63,44042.43,23
2026-06-26T15:15:00Z,44042.43,44067.04,44042.43,44058.23,10
2026-06-26T15:16:00Z,44058.23,44069.64,44040.61,44060.83,10
2026-06-26T15:17:00Z,44060.83,44063.42,44056.43,44063.42,15
2026-06-26T15:18:00Z,44063.42,44079.23,44045.80,44066.02,22
2026-06-26T15:19:00Z,44066.02,44099.45,44048.40,44081.82,13
2026-06-26T15:20:00Z,44081.82,44106.43,44073.01,44102.02,23
2026-06-26T15:21:00Z,44102.02,44131.05,44084.38,44126.64,12
2026-06-26T15:22:00Z,44126.64,44139.87,44102.77,44120.41,10
2026-06-26T15:23:00Z,44120.41,44145.04,44120.41,44136.22,19
2026-06-26T15:24:00Z,44136.22,44153.87,44107.94,44125.59,9
2026-06-26T15:25:00Z,44125.59,44130.00,44114.95,44123.77,16
2026-06-26T15:26:00Z,44123.77,44139.60,44114.95,44126.37,10
2026-06-26T15:27:00Z,44126.37,44151.00,44113.14,44142.18,17
2026-06-26T15:28:00Z,44142.18,44151.00,44109.51,44113.92,24
2026-06-26T15:29:00Z,44113.92,44125.32,44105.10,44125.32,15
2026-06-26T15:30:00Z,44125.32,44125.32,44105.88,44114.70,17
2026-06-26T15:31:00Z,44114.70,44139.33,44114.70,44121.69,12
2026-06-26T15:32:00Z,44121.69,44128.69,44121.69,44128.69,12
2026-06-26T15:33:00Z,44128.69,44170.93,44111.04,44166.52,24
2026-06-26T15:34:00Z,44166.52,44169.11,44162.11,44169.11,11
2026-06-26T15:35:00Z,44169.11,44206.98,44155.86,44202.56,20
2026-06-26T15:36:00Z,44202.56,44220.24,44169.87,44174.28,15
2026-06-26T15:37:00Z,44174.28,44194.52,44156.62,44181.27,8
2026-06-26T15:38:00Z,44181.27,44219.14,44176.86,44214.72,16
2026-06-26T15:39:00Z,44214.72,44243.83,44214.72,44226.14,23
2026-06-26T15:40:00Z,44226.14,44239.40,44193.43,44197.84,12
2026-06-26T15:41:00Z,44197.84,44226.90,44197.84,44222.48,21
2026-06-26T15:42:00Z,44222.48,44251.53,44222.48,44251.53,19
2026-06-26T15:43:00Z,44251.53,44254.13,44247.11,44254.13,14
2026-06-26T15:44:00Z,44254.13,44278.80,44240.86,44274.38,12
2026-06-26T15:45:00Z,44274.38,44283.23,44254.89,44254.89,20
2026-06-26T15:46:00Z,44254.89,44275.17,44246.04,44261.90,15
2026-06-26T15:47:00Z,44261.90,44279.60,44237.97,44255.67,13
2026-06-26T15:48:00Z,44255.67,44284.77,44246.82,44271.49,10
2026-06-26T15:49:00Z,44271.49,44300.61,44271.49,44287.33,14
2026-06-26T15:50:00Z,44287.33,44320.86,44282.91,44312.00,13
2026-06-26T15:51:00Z,44312.00,44323.42,44312.00,44323.42,13
2026-06-26T15:52:00Z,44323.42,44332.28,44308.34,44308.34,24
2026-06-26T15:53:00Z,44308.34,44319.77,44308.34,44319.77,10
2026-06-26T15:54:00Z,44319.77,44340.08,44306.48,44322.36,11
2026-06-26T15:55:00Z,44322.36,44347.10,44313.50,44329.37,15
2026-06-26T15:56:00Z,44329.37,44342.66,44292.15,44309.87,17
2026-06-26T15:57:00Z,44309.87,44330.15,44301.01,44321.29,22
2026-06-26T15:58:00Z,44321.29,44330.15,44306.18,44319.47,13
2026-06-26T15:59:00Z,44319.47,44319.47,44286.68,44304.40,25
2026-06-26T16:00:00Z,44304.40,44313.26,44282.78,44296.06,17
2026-06-26T16:01:00Z,44296.06,44300.48,44278.88,44283.30,17
2026-06-26T16:02:00Z,44283.30,44283.30,44266.13,44274.98,13
2026-06-26T16:03:00Z,44274.98,44275.51,44257.28,44275.51,14
2026-06-26T16:04:00Z,44275.51,44324.74,44262.23,44307.02,9
2026-06-26T16:05:00Z,44307.02,44338.56,44293.73,44325.27,22
2026-06-26T16:06:00Z,44325.27,44325.27,44308.08,44321.37,10
2026-06-26T16:07:00Z,44321.37,44339.09,44282.04,44282.04,21
2026-06-26T16:08:00Z,44282.04,44291.43,44282.04,44291.43,23
2026-06-26T16:09:00Z,44291.43,44300.28,44269.83,44287.54,19
2026-06-26T16:10:00Z,44287.54,44310.20,44278.69,44301.34,14
2026-06-26T16:11:00Z,44301.34,44319.06,44288.61,44288.61,23
2026-06-26T16:12:00Z,44288.61,44301.89,44271.45,44280.30,12
2026-06-26T16:13:00Z,44280.30,44298.01,44267.56,44276.41,8
2026-06-26T16:14:00Z,44276.41,44276.41,44245.99,44263.69,16
2026-06-26T16:15:00Z,44263.69,44277.50,44263.69,44264.23,9
2026-06-26T16:16:00Z,44264.23,44286.89,44264.23,44269.19,25
2026-06-26T16:17:00Z,44269.19,44296.28,44269.19,44278.57,24
2026-06-26T16:18:00Z,44278.57,44291.85,44252.57,44270.27,20
2026-06-26T16:19:00Z,44270.27,44306.20,44252.57,44288.49,19
2026-06-26T16:20:00Z,44288.49,44333.26,44284.07,44315.54,15
2026-06-26T16:21:00Z,44315.54,44333.76,44306.68,44333.76,24
2026-06-26T16:22:00Z,44333.76,44338.73,44324.90,44334.30,24
2026-06-26T16:23:00Z,44334.30,44361.41,44329.87,44343.68,16
2026-06-26T16:24:00Z,44343.68,44343.68,44330.93,44339.79,19
2026-06-26T16:25:00Z,44339.79,44362.47,44330.93,44353.60,8
2026-06-26T16:26:00Z,44353.60,44353.60,44323.18,44323.18,25
2026-06-26T16:27:00Z,44323.18,44336.47,44310.45,44314.88,13
2026-06-26T16:28:00Z,44314.88,44346.35,44306.02,44346.35,19
2026-06-26T16:29:00Z,44346.35,44369.00,44341.92,44364.57,17
2026-06-26T16:30:00Z,44364.57,44391.68,44346.83,44378.37,17
2026-06-26T16:31:00Z,44378.37,44387.24,44361.18,44374.49,14
2026-06-26T16:32:00Z,44374.49,44388.30,44356.75,44383.87,18
2026-06-26T16:33:00Z,44383.87,44392.74,44344.57,44357.87,21
2026-06-26T16:34:00Z,44357.87,44358.42,44340.13,44358.42,24
2026-06-26T16:35:00Z,44358.42,44362.85,44345.67,44354.54,14
2026-06-26T16:36:00Z,44354.54,44367.84,44332.99,44332.99,20
2026-06-26T16:37:00Z,44332.99,44364.44,44324.13,44364.44,21
2026-06-26T16:38:00Z,44364.44,44382.18,44347.31,44347.31,15
2026-06-26T16:39:00Z,44347.31,44365.56,44338.45,44356.69,22
2026-06-26T16:40:00Z,44356.69,44356.69,44321.87,44330.73,24
2026-06-26T16:41:00Z,44330.73,44339.59,44295.92,44309.21,23
2026-06-26T16:42:00Z,44309.21,44326.93,44287.68,44296.53,10
2026-06-26T16:43:00Z,44296.53,44314.78,44278.82,44301.49,20
2026-06-26T16:44:00Z,44301.49,44332.98,44288.20,44315.26,15
2026-06-26T16:45:00Z,44315.26,44324.68,44306.40,44315.82,15
2026-06-26T16:46:00Z,44315.82,44329.11,44276.63,44289.91,16
2026-06-26T16:47:00Z,44289.91,44298.76,44233.11,44250.81,11
2026-06-26T16:48:00Z,44250.81,44255.78,44233.11,44255.78,19
2026-06-26T16:49:00Z,44255.78,44260.20,44216.64,44234.33,12
2026-06-26T16:50:00Z,44234.33,44265.73,44216.64,44256.88,17
2026-06-26T16:51:00Z,44256.88,44288.35,44252.46,44270.65,15
2026-06-26T16:52:00Z,44270.65,44306.52,44257.37,44288.81,15
2026-06-26T16:53:00Z,44288.81,44315.88,44275.53,44298.17,24
2026-06-26T16:54:00Z,44298.17,44316.34,44284.89,44316.34,10
2026-06-26T16:55:00Z,44316.34,44334.51,44311.91,44334.51,17
2026-06-26T16:56:00Z,44334.51,44357.20,44330.08,44339.47,9
2026-06-26T16:57:00Z,44339.47,44348.84,44330.61,44348.84,19
2026-06-26T16:58:00Z,44348.84,44353.27,44314.07,44327.36,20
2026-06-26T16:59:00Z,44327.36,44341.16,44318.50,44336.73,20
2026-06-26T17:00:00Z,44336.73,44350.03,44314.50,44332.23,9
2026-06-26T17:01:00Z,44332.23,44336.66,44305.57,44310.00,15
2026-06-26T17:02:00Z,44310.00,44323.29,44287.79,44305.51,14
2026-06-26T17:03:00Z,44305.51,44371.91,44292.22,44354.17,21
2026-06-26T17:04:00Z,44354.17,44389.57,44349.74,44385.14,23
2026-06-26T17:05:00Z,44385.14,44394.01,44358.46,44371.77,18
2026-06-26T17:06:00Z,44371.77,44420.50,44367.34,44402.74,24
2026-06-26T17:07:00Z,44402.74,44420.44,44402.74,44407.12,17
2026-06-26T17:08:00Z,44407.12,44460.31,44407.12,44451.42,24
2026-06-26T17:09:00Z,44451.42,44464.75,44442.46,44446.90,9
2026-06-26T17:10:00Z,44446.90,44460.23,44442.39,44446.83,13
2026-06-26T17:11:00Z,44446.83,44482.29,44446.83,44464.51,22
2026-06-26T17:12:00Z,44464.51,44477.84,44455.55,44455.55,19
2026-06-26T17:13:00Z,44455.55,44459.99,44415.53,44428.85,12
2026-06-26T17:14:00Z,44428.85,44433.29,44419.90,44428.78,23
2026-06-26T17:15:00Z,44428.78,44455.34,44411.01,44450.90,20
2026-06-26T17:16:00Z,44450.90,44464.16,44450.90,44455.27,13
2026-06-26T17:17:00Z,44455.27,44490.72,44437.49,44481.83,21
2026-06-26T17:18:00Z,44481.83,44490.72,44455.10,44468.44,13
2026-06-26T17:19:00Z,44468.44,44490.56,44459.55,44490.56,18
2026-06-26T17:20:00Z,44490.56,44508.35,44468.29,44472.73,25
2026-06-26T17:21:00Z,44472.73,44494.85,44468.29,44490.41,9
2026-06-26T17:22:00Z,44490.41,44530.32,44490.41,44516.97,16
2026-06-26T17:23:00Z,44516.97,44534.70,44516.97,44521.35,21
2026-06-26T17:24:00Z,44521.35,44530.16,44516.90,44530.16,20
2026-06-26T17:25:00Z,44530.16,44565.62,44512.35,44565.62,8
2026-06-26T17:26:00Z,44565.62,44587.82,44547.80,44570.00,23
2026-06-26T17:27:00Z,44570.00,44587.82,44556.56,44565.47,18
2026-06-26T17:28:00Z,44565.47,44583.18,44561.02,44583.18,9
2026-06-26T17:29:00Z,44583.18,44609.77,44578.73,44609.77,13
2026-06-26T17:30:00Z,44609.77,44645.27,44596.39,44645.27,18
2026-06-26T17:31:00Z,44645.27,44689.73,44627.42,44680.80,21
2026-06-26T17:32:00Z,44680.80,44685.26,44662.86,44676.26,25
2026-06-26T17:33:00Z,44676.26,44685.10,44671.80,44680.64,18
2026-06-26T17:34:00Z,44680.64,44689.57,44662.70,44676.10,14
2026-06-26T17:35:00Z,44676.10,44689.50,44662.66,44662.66,16
2026-06-26T17:36:00Z,44662.66,44689.30,44658.20,44684.84,11
2026-06-26T17:37:00Z,44684.84,44689.30,44680.29,44684.75,18
2026-06-26T17:38:00Z,44684.75,44715.89,44671.35,44698.02,8
2026-06-26T17:39:00Z,44698.02,44715.89,44680.12,44684.58,19
2026-06-26T17:40:00Z,44684.58,44688.95,44680.12,44688.95,14
2026-06-26T17:41:00Z,44688.95,44693.41,44653.21,44671.07,20
2026-06-26T17:42:00Z,44671.07,44671.07,44653.18,44657.64,17
2026-06-26T17:43:00Z,44657.64,44657.64,44648.63,44657.56,10
2026-06-26T17:44:00Z,44657.56,44661.94,44639.70,44661.94,17
2026-06-26T17:45:00Z,44661.94,44679.80,44630.71,44639.63,20
2026-06-26T17:46:00Z,44639.63,44648.55,44595.06,44612.90,15
2026-06-26T17:47:00Z,44612.90,44621.82,44599.44,44612.82,25
2026-06-26T17:48:00Z,44612.82,44612.82,44568.29,44581.66,17
2026-06-26T17:49:00Z,44581.66,44590.57,44546.03,44563.85,24
2026-06-26T17:50:00Z,44563.85,44581.59,44550.49,44568.22,19
2026-06-26T17:51:00Z,44568.22,44586.04,44550.36,44563.72,24
2026-06-26T17:52:00Z,44563.72,44590.33,44545.90,44576.96,12
2026-06-26T17:53:00Z,44576.96,44576.96,44550.23,44563.59,17
2026-06-26T17:54:00Z,44563.59,44563.59,44550.23,44550.23,21
2026-06-26T17:55:00Z,44550.23,44554.68,44545.73,44545.73,20
2026-06-26T17:56:00Z,44545.73,44545.73,44527.87,44541.23,9
2026-06-26T17:57:00Z,44541.23,44554.59,44532.32,44532.32,18
2026-06-26T17:58:00Z,44532.32,44541.22,44523.38,44527.83,13
2026-06-26T17:59:00Z,44527.83,44545.64,44523.33,44527.78,13
2026-06-26T18:00:00Z,44527.78,44550.12,44509.97,44545.67,20
2026-06-26T18:01:00Z,44545.67,44550.20,44536.77,44545.75,22
2026-06-26T18:02:00Z,44545.75,44550.20,44510.22,44519.12,23
2026-06-26T18:03:00Z,44519.12,44537.01,44514.67,44528.11,8
2026-06-26T18:04:00Z,44528.11,44541.55,44510.30,44532.65,22
2026-06-26T18:05:00Z,44532.65,44550.56,44528.20,44537.20,17
2026-06-26T18:06:00Z,44537.20,44537.28,44528.30,44537.28,21
2026-06-26T18:07:00Z,44537.28,44555.17,44528.38,44537.36,8
2026-06-26T18:08:00Z,44537.36,44559.72,44537.36,44550.81,24
2026-06-26T18:09:00Z,44550.81,44573.17,44532.99,44555.35,13
2026-06-26T18:10:00Z,44555.35,44568.71,44506.49,44524.29,20
2026-06-26T18:11:00Z,44524.29,44537.73,44510.94,44524.38,18
2026-06-26T18:12:00Z,44524.38,44524.38,44497.78,44511.13,24
2026-06-26T18:13:00Z,44511.13,44529.01,44511.13,44529.01,12
2026-06-26T18:14:00Z,44529.01,44529.01,44502.42,44506.87,9
2026-06-26T18:15:00Z,44506.87,44506.87,44484.75,44489.19,23
2026-06-26T18:16:00Z,44489.19,44511.52,44480.30,44498.18,23
2026-06-26T18:17:00Z,44498.18,44520.51,44480.39,44507.16,22
2026-06-26T18:18:00Z,44507.16,44511.61,44480.58,44498.37,23
2026-06-26T18:19:00Z,44498.37,44502.81,44476.27,44476.27,17
2026-06-26T18:20:00Z,44476.27,44485.16,44463.05,44467.49,21
2026-06-26T18:21:00Z,44467.49,44480.83,44449.85,44449.85,12
2026-06-26T18:22:00Z,44449.85,44467.72,44445.41,44449.95,19
2026-06-26T18:23:00Z,44449.95,44458.93,44441.07,44454.49,12
2026-06-26T18:24:00Z,44454.49,44467.90,44450.05,44467.90,17
2026-06-26T18:25:00Z,44467.90,44485.68,44445.78,44463.56,9
2026-06-26T18:26:00Z,44463.56,44490.30,44445.78,44476.96,23
2026-06-26T18:27:00Z,44476.96,44494.75,44437.13,44450.46,22
2026-06-26T18:28:00Z,44450.46,44472.78,44446.02,44455.00,17
2026-06-26T18:29:00Z,44455.00,44477.28,44450.56,44472.84,16
2026-06-26T18:30:00Z,44472.84,44495.11,44468.40,44495.11,15
2026-06-26T18:31:00Z,44495.11,44512.98,44477.32,44504.08,16
2026-06-26T18:32:00Z,44504.08,44504.08,44481.96,44499.75,19
2026-06-26T18:33:00Z,44499.75,44517.54,44486.55,44486.55,19
2026-06-26T18:34:00Z,44486.55,44508.83,44468.76,44504.38,8
2026-06-26T18:35:00Z,44504.38,44504.38,44482.32,44482.32,15
2026-06-26T18:36:00Z,44482.32,44495.66,44477.99,44477.99,13
2026-06-26T18:37:00Z,44477.99,44477.99,44442.59,44460.37,9
2026-06-26T18:38:00Z,44460.37,44500.42,44460.37,44482.63,15
2026-06-26T18:39:00Z,44482.63,44518.24,44482.63,44504.89,12
2026-06-26T18:40:00Z,44504.89,44518.24,44460.64,44473.98,10
2026-06-26T18:41:00Z,44473.98,44482.96,44460.64,44478.52,13
2026-06-26T18:42:00Z,44478.52,44478.52,44465.31,44474.20,16
2026-06-26T18:43:00Z,44474.20,44531.97,44469.76,44514.17,22
2026-06-26T18:44:00Z,44514.17,44523.07,44483.21,44496.55,21
2026-06-26T18:45:00Z,44496.55,44500.99,44478.94,44478.94,14
2026-06-26T18:46:00Z,44478.94,44523.37,44478.94,44514.47,21
2026-06-26T18:47:00Z,44514.47,44541.20,44505.57,44532.30,13
2026-06-26T18:48:00Z,44532.30,44541.30,44532.30,44532.40,22
2026-06-26T18:49:00Z,44532.40,44545.75,44510.27,44528.08,15
2026-06-26T18:50:00Z,44528.08,44541.43,44519.32,44519.32,9
2026-06-26T18:51:00Z,44519.32,44537.22,44501.52,44523.87,9
2026-06-26T18:52:00Z,44523.87,44523.87,44506.26,44506.26,19
2026-06-26T18:53:00Z,44506.26,44506.26,44475.37,44479.81,10
2026-06-26T18:54:00Z,44479.81,44502.15,44462.02,44484.36,14
2026-06-26T18:55:00Z,44484.36,44502.15,44457.86,44471.20,13
2026-06-26T18:56:00Z,44471.20,44475.64,44444.72,44458.05,12
2026-06-26T18:57:00Z,44458.05,44484.79,44449.16,44467.01,17
2026-06-26T18:58:00Z,44467.01,44471.55,44453.67,44471.55,18
2026-06-26T18:59:00Z,44471.55,44476.11,44471.55,44471.67,9
2026-06-26T19:00:00Z,44471.67,44493.25,44462.78,44475.46,24
2026-06-26T19:01:00Z,44475.46,44510.39,44466.57,44492.60,16
2026-06-26T19:02:00Z,44492.60,44527.54,44483.71,44514.19,14
2026-06-26T19:03:00Z,44514.19,44518.64,44504.63,44509.08,19
2026-06-26T19:04:00Z,44509.08,44509.08,44477.29,44495.08,23
2026-06-26T19:05:00Z,44495.08,44512.22,44486.19,44507.77,14
2026-06-26T19:06:00Z,44507.77,44521.12,44489.32,44489.32,19
2026-06-26T19:07:00Z,44489.32,44502.66,44488.67,44488.67,12
2026-06-26T19:08:00Z,44488.67,44510.25,44488.67,44505.80,10
2026-06-26T19:09:00Z,44505.80,44540.73,44488.00,44527.38,10
2026-06-26T19:10:00Z,44527.38,44545.19,44513.37,44513.37,10
2026-06-26T19:11:00Z,44513.37,44522.27,44481.59,44499.38,24
2026-06-26T19:12:00Z,44499.38,44508.27,44476.51,44480.95,22
2026-06-26T19:13:00Z,44480.95,44489.19,44472.06,44484.75,15
2026-06-26T19:14:00Z,44484.75,44497.43,44475.86,44492.99,21
2026-06-26T19:15:00Z,44492.99,44501.88,44470.13,44474.57,13
2026-06-26T19:16:00Z,44474.57,44487.25,44456.79,44487.25,25
2026-06-26T19:17:00Z,44487.25,44495.49,44487.25,44491.05,10
2026-06-26T19:18:00Z,44491.05,44539.28,44473.26,44530.38,23
2026-06-26T19:19:00Z,44530.38,44548.19,44511.92,44529.73,22
2026-06-26T19:20:00Z,44529.73,44538.63,44529.07,44529.07,13
2026-06-26T19:21:00Z,44529.07,44537.97,44510.64,44515.09,19
2026-06-26T19:22:00Z,44515.09,44536.69,44501.74,44518.89,21
2026-06-26T19:23:00Z,44518.89,44544.92,44518.89,44531.57,20
2026-06-26T19:24:00Z,44531.57,44557.60,44522.67,44548.70,14
2026-06-26T19:25:00Z,44548.70,44548.70,44516.92,44525.82,10
2026-06-26T19:26:00Z,44525.82,44551.83,44512.47,44551.83,14
2026-06-26T19:27:00Z,44551.83,44568.98,44551.83,44560.07,20
2026-06-26T19:28:00Z,44560.07,44577.89,44532.75,44532.75,23
2026-06-26T19:29:00Z,44532.75,44537.20,44514.32,44523.22,9
2026-06-26T19:30:00Z,44523.22,44544.82,44514.32,44527.01,14
2026-06-26T19:31:00Z,44527.01,44535.91,44508.55,44526.36,18
2026-06-26T19:32:00Z,44526.36,44535.26,44507.90,44525.71,16
2026-06-26T19:33:00Z,44525.71,44551.73,44516.81,44542.83,21
2026-06-26T19:34:00Z,44542.83,44547.28,44524.38,44537.74,10
2026-06-26T19:35:00Z,44537.74,44559.35,44524.38,44541.54,21
2026-06-26T19:36:00Z,44541.54,44545.99,44509.78,44523.13,14
2026-06-26T19:37:00Z,44523.13,44523.13,44522.49,44522.49,20
2026-06-26T19:38:00Z,44522.49,44522.49,44495.17,44512.97,22
2026-06-26T19:39:00Z,44512.97,44530.77,44481.24,44494.58,22
2026-06-26T19:40:00Z,44494.58,44507.23,44485.69,44507.23,20
2026-06-26T19:41:00Z,44507.23,44507.23,44484.41,44484.41,23
2026-06-26T19:42:00Z,44484.41,44510.37,44471.07,44510.37,9
2026-06-26T19:43:00Z,44510.37,44531.93,44505.92,44523.03,16
2026-06-26T19:44:00Z,44523.03,44553.45,44518.58,44549.00,13
2026-06-26T19:45:00Z,44549.00,44553.45,44503.93,44521.73,12
2026-06-26T19:46:00Z,44521.73,44521.73,44485.55,44503.35,21
2026-06-26T19:47:00Z,44503.35,44520.44,44498.90,44520.44,13
2026-06-26T19:48:00Z,44520.44,44528.69,44502.64,44524.24,22
2026-06-26T19:49:00Z,44524.24,44541.35,44510.89,44536.90,24
2026-06-26T19:50:00Z,44536.90,44554.71,44500.73,44514.08,13
2026-06-26T19:51:00Z,44514.08,44514.08,44504.54,44513.44,16
2026-06-26T19:52:00Z,44513.44,44534.98,44513.44,44530.53,16
2026-06-26T19:53:00Z,44530.53,44539.43,44516.54,44529.89,25
2026-06-26T19:54:00Z,44529.89,44555.88,44525.44,44546.98,15
2026-06-26T19:55:00Z,44546.98,44546.98,44506.39,44519.74,10
2026-06-26T19:56:00Z,44519.74,44532.40,44519.74,44532.40,14
2026-06-26T19:57:00Z,44532.40,44558.44,44519.05,44540.63,22
2026-06-26T19:58:00Z,44540.63,44558.44,44522.18,44539.99,9
2026-06-26T19:59:00Z,44539.99,44557.08,44522.18,44557.08,24
2026-06-26T20:00:00Z,44557.08,44578.26,44548.17,44569.35,18
2026-06-26T20:01:00Z,44569.35,44569.35,44545.98,44545.98,17
2026-06-26T20:02:00Z,44545.98,44554.88,44527.08,44544.89,10
2026-06-26T20:03:00Z,44544.89,44549.34,44499.27,44517.07,8
2026-06-26T20:04:00Z,44517.07,44542.69,44517.07,44542.69,16
2026-06-26T20:05:00Z,44542.69,44542.69,44510.44,44523.79,20
2026-06-26T20:06:00Z,44523.79,44537.14,44500.45,44504.90,10
2026-06-26T20:07:00Z,44504.90,44522.70,44477.12,44490.46,13
2026-06-26T20:08:00Z,44490.46,44498.27,44490.46,44498.27,24
2026-06-26T20:09:00Z,44498.27,44514.98,44484.93,44514.98,22
2026-06-26T20:10:00Z,44514.98,44519.43,44500.55,44513.90,11
2026-06-26T20:11:00Z,44513.90,44513.90,44503.91,44503.91,16
2026-06-26T20:12:00Z,44503.91,44503.91,44493.94,44493.94,10
2026-06-26T20:13:00Z,44493.94,44507.28,44470.63,44470.63,12
2026-06-26T20:14:00Z,44470.63,44475.07,44451.77,44469.55,21
2026-06-26T20:15:00Z,44469.55,44487.33,44446.24,44464.02,24
2026-06-26T20:16:00Z,44464.02,44485.16,44446.24,44476.27,13
2026-06-26T20:17:00Z,44476.27,44476.27,44461.87,44461.87,15
2026-06-26T20:18:00Z,44461.87,44461.87,44443.01,44456.34,16
2026-06-26T20:19:00Z,44456.34,44474.12,44428.63,44433.07,22
2026-06-26T20:20:00Z,44433.07,44433.07,44400.93,44418.69,21
2026-06-26T20:21:00Z,44418.69,44444.24,44400.93,44435.36,23
2026-06-26T20:22:00Z,44435.36,44453.13,44407.64,44425.41,14
2026-06-26T20:23:00Z,44425.41,44450.96,44420.97,44442.08,20
2026-06-26T20:24:00Z,44442.08,44450.96,44405.50,44423.26,17
2026-06-26T20:25:00Z,44423.26,44426.63,44423.26,44426.63,9
2026-06-26T20:26:00Z,44426.63,44444.40,44412.25,44412.25,17
2026-06-26T20:27:00Z,44412.25,44424.48,44398.93,44424.48,17
2026-06-26T20:28:00Z,44424.48,44454.46,44420.04,44445.58,19
2026-06-26T20:29:00Z,44445.58,44480.02,44427.81,44466.68,10
2026-06-26T20:30:00Z,44466.68,44475.57,44443.42,44443.42,20
2026-06-26T20:31:00Z,44443.42,44456.75,44411.30,44424.62,17
2026-06-26T20:32:00Z,44424.62,44445.72,44424.62,44441.28,9
2026-06-26T20:33:00Z,44441.28,44441.28,44409.15,44422.47,18
2026-06-26T20:34:00Z,44422.47,44426.91,44385.95,44394.82,17
2026-06-26T20:35:00Z,44394.82,44407.04,44394.82,44407.04,18
2026-06-26T20:36:00Z,44407.04,44420.36,44370.51,44388.26,22
2026-06-26T20:37:00Z,44388.26,44409.35,44383.83,44400.47,19
2026-06-26T20:38:00Z,44400.47,44421.58,44391.59,44408.26,21
2026-06-26T20:39:00Z,44408.26,44408.26,44393.91,44398.34,24
2026-06-26T20:40:00Z,44398.34,44410.56,44389.47,44410.56,23
2026-06-26T20:41:00Z,44410.56,44423.88,44409.49,44409.49,14
2026-06-26T20:42:00Z,44409.49,44413.93,44395.14,44399.57,23
2026-06-26T20:43:00Z,44399.57,44404.00,44394.08,44398.51,24
2026-06-26T20:44:00Z,44398.51,44428.44,44389.64,44424.00,23
2026-06-26T20:45:00Z,44424.00,44462.83,44415.12,44445.06,18
2026-06-26T20:46:00Z,44445.06,44475.06,44427.29,44457.28,18
2026-06-26T20:47:00Z,44457.28,44461.72,44438.49,44442.93,25
2026-06-26T20:48:00Z,44442.93,44450.71,44438.49,44450.71,10
2026-06-26T20:49:00Z,44450.71,44459.60,44431.92,44436.36,9
2026-06-26T20:50:00Z,44436.36,44454.13,44408.67,44426.44,17
2026-06-26T20:51:00Z,44426.44,44434.23,44422.00,44434.23,15
2026-06-26T20:52:00Z,44434.23,44443.11,44428.73,44428.73,20
2026-06-26T20:53:00Z,44428.73,44442.05,44396.65,44409.97,19
2026-06-26T20:54:00Z,44409.97,44435.48,44392.21,44426.60,21
2026-06-26T20:55:00Z,44426.60,44438.85,44417.72,44429.97,19
2026-06-26T20:56:00Z,44429.97,44451.08,44425.53,44437.75,12
2026-06-26T20:57:00Z,44437.75,44463.31,44437.75,44445.54,11
2026-06-26T20:58:00Z,44445.54,44449.98,44422.30,44435.63,17
2026-06-26T20:59:00Z,44435.63,44452.33,44426.75,44439.00,12
2026-06-26T21:00:00Z,44439.00,44447.46,44439.00,44443.02,25
2026-06-26T21:01:00Z,44443.02,44469.26,44425.25,44460.37,24
2026-06-26T21:02:00Z,44460.37,44473.70,44424.40,44442.17,17
2026-06-26T21:03:00Z,44442.17,44442.17,44428.42,44441.75,11
2026-06-26T21:04:00Z,44441.75,44455.08,44428.00,44428.00,15
2026-06-26T21:05:00Z,44428.00,44445.77,44423.14,44427.58,25
2026-06-26T21:06:00Z,44427.58,44427.58,44404.95,44409.39,9
2026-06-26T21:07:00Z,44409.39,44422.71,44400.08,44400.08,8
2026-06-26T21:08:00Z,44400.08,44421.87,44382.32,44417.43,13
2026-06-26T21:09:00Z,44417.43,44434.77,44404.11,44430.33,11
2026-06-26T21:10:00Z,44430.33,44461.01,44417.01,44447.68,16
2026-06-26T21:11:00Z,44447.68,44456.56,44411.71,44420.59,16
2026-06-26T21:12:00Z,44420.59,44442.37,44402.83,44424.61,22
2026-06-26T21:13:00Z,44424.61,44437.93,44410.87,44415.31,14
2026-06-26T21:14:00Z,44415.31,44433.07,44397.12,44410.44,11
2026-06-26T21:15:00Z,44410.44,44414.88,44396.70,44396.70,12
2026-06-26T21:16:00Z,44396.70,44409.60,44378.95,44405.16,21
2026-06-26T21:17:00Z,44405.16,44405.16,44386.98,44400.30,19
2026-06-26T21:18:00Z,44400.30,44413.20,44386.98,44404.32,9
2026-06-26T21:19:00Z,44404.32,44412.79,44404.32,44408.35,24
2026-06-26T21:20:00Z,44408.35,44434.57,44390.59,44430.13,13
2026-06-26T21:21:00Z,44430.13,44443.45,44425.26,44425.26,13
2026-06-26T21:22:00Z,44425.26,44443.03,44398.19,44407.07,17
2026-06-26T21:23:00Z,44407.07,44459.95,44393.75,44451.06,21
2026-06-26T21:24:00Z,44451.06,44459.95,44419.54,44437.31,20
2026-06-26T21:25:00Z,44437.31,44446.19,44410.23,44428.00,20
2026-06-26T21:26:00Z,44428.00,44445.35,44423.56,44436.47,12
2026-06-26T21:27:00Z,44436.47,44462.71,44432.03,44449.38,22
2026-06-26T21:28:00Z,44449.38,44475.64,44444.94,44457.86,17
2026-06-26T21:29:00Z,44457.86,44479.67,44440.08,44470.78,13
2026-06-26T21:30:00Z,44470.78,44488.15,44457.44,44488.15,17
2026-06-26T21:31:00Z,44488.15,44497.04,44487.74,44487.74,11
2026-06-26T21:32:00Z,44487.74,44501.08,44456.16,44456.16,14
2026-06-26T21:33:00Z,44456.16,44456.16,44433.52,44446.85,18
2026-06-26T21:34:00Z,44446.85,44446.85,44428.65,44433.09,13
2026-06-26T21:35:00Z,44433.09,44441.97,44410.47,44423.79,20
2026-06-26T21:36:00Z,44423.79,44427.81,44423.79,44427.81,13
2026-06-26T21:37:00Z,44427.81,44436.69,44405.19,44418.51,21
2026-06-26T21:38:00Z,44418.51,44444.74,44418.51,44426.97,23
2026-06-26T21:39:00Z,44426.97,44439.88,44413.65,44435.44,12
2026-06-26T21:40:00Z,44435.44,44439.88,44426.12,44426.12,9
2026-06-26T21:41:00Z,44426.12,44439.44,44412.37,44416.81,20
2026-06-26T21:42:00Z,44416.81,44443.05,44412.37,44425.28,18
2026-06-26T21:43:00Z,44425.28,44434.16,44407.10,44424.86,20
2026-06-26T21:44:00Z,44424.86,44429.30,44415.57,44424.45,14
2026-06-26T21:45:00Z,44424.45,44442.21,44401.81,44410.69,24
2026-06-26T21:46:00Z,44410.69,44423.60,44406.25,44423.60,24
2026-06-26T21:47:00Z,44423.60,44441.36,44423.18,44423.18,22
2026-06-26T21:48:00Z,44423.18,44423.18,44422.77,44422.77,22
2026-06-26T21:49:00Z,44422.77,44431.65,44409.02,44413.46,19
2026-06-26T21:50:00Z,44413.46,44439.69,44413.46,44435.25,12
2026-06-26T21:51:00Z,44435.25,44448.17,44426.37,44443.73,15
2026-06-26T21:52:00Z,44443.73,44452.61,44429.97,44434.41,15
2026-06-26T21:53:00Z,44434.41,44452.18,44407.33,44411.77,24
2026-06-26T21:54:00Z,44411.77,44455.78,44398.45,44442.45,18
2026-06-26T21:55:00Z,44442.45,44446.89,44433.14,44433.14,11
2026-06-26T21:56:00Z,44433.14,44442.02,44401.62,44419.38,12
2026-06-26T21:57:00Z,44419.38,44441.17,44414.94,44427.85,18
2026-06-26T21:58:00Z,44427.85,44431.87,44418.97,44431.87,20
2026-06-26T21:59:00Z,44431.87,44467.02,44414.10,44458.13,9
2026-06-26T22:00:00Z,44458.13,44462.57,44435.54,44453.32,14
2026-06-26T22:01:00Z,44453.32,44470.74,44439.99,44457.41,19
2026-06-26T22:02:00Z,44457.41,44475.19,44439.27,44439.27,24
2026-06-26T22:03:00Z,44439.27,44457.04,44416.70,44434.47,16
2026-06-26T22:04:00Z,44434.47,44438.91,44416.34,44434.11,19
2026-06-26T22:05:00Z,44434.11,44434.11,44411.54,44429.31,24
2026-06-26T22:06:00Z,44429.31,44451.17,44415.99,44451.17,21
2026-06-26T22:07:00Z,44451.17,44468.95,44437.49,44441.93,15
2026-06-26T22:08:00Z,44441.93,44468.23,44428.60,44454.90,10
2026-06-26T22:09:00Z,44454.90,44476.76,44437.12,44463.43,23
2026-06-26T22:10:00Z,44463.43,44503.06,44450.10,44494.17,11
2026-06-26T22:11:00Z,44494.17,44503.06,44453.81,44471.59,17
2026-06-26T22:12:00Z,44471.59,44475.68,44458.25,44475.68,17
2026-06-26T22:13:00Z,44475.68,44484.57,44453.12,44457.56,22
2026-06-26T22:14:00Z,44457.56,44483.87,44457.56,44466.09,12
2026-06-26T22:15:00Z,44466.09,44483.50,44466.09,44479.06,12
2026-06-26T22:16:00Z,44479.06,44518.71,44470.17,44500.91,12
2026-06-26T22:17:00Z,44500.91,44505.36,44478.33,44491.67,12
2026-06-26T22:18:00Z,44491.67,44495.76,44478.33,44495.76,24
2026-06-26T22:19:00Z,44495.76,44504.65,44477.65,44477.65,22
2026-06-26T22:20:00Z,44477.65,44512.83,44459.86,44503.93,13
2026-06-26T22:21:00Z,44503.93,44521.34,44486.13,44521.34,24
2026-06-26T22:22:00Z,44521.34,44525.79,44507.63,44520.98,13
2026-06-26T22:23:00Z,44520.98,44534.33,44507.27,44520.62,20
2026-06-26T22:24:00Z,44520.62,44538.03,44502.82,44538.03,15
2026-06-26T22:25:00Z,44538.03,44559.92,44524.67,44546.56,20
2026-06-26T22:26:00Z,44546.56,44581.81,44546.56,44563.99,20
2026-06-26T22:27:00Z,44563.99,44590.34,44550.63,44576.97,24
2026-06-26T22:28:00Z,44576.97,44594.41,44572.52,44585.50,13
2026-06-26T22:29:00Z,44585.50,44589.59,44585.50,44589.59,22
2026-06-26T22:30:00Z,44589.59,44598.50,44575.86,44589.23,20
2026-06-26T22:31:00Z,44589.23,44642.25,44584.78,44633.33,11
2026-06-26T22:32:00Z,44633.33,44655.23,44624.41,44650.77,24
2026-06-26T22:33:00Z,44650.77,44668.63,44637.05,44641.51,22
2026-06-26T22:34:00Z,44641.51,44641.51,44623.32,44632.24,9
2026-06-26T22:35:00Z,44632.24,44632.24,44609.61,44618.53,16
2026-06-26T22:36:00Z,44618.53,44636.37,44609.25,44618.17,16
2026-06-26T22:37:00Z,44618.17,44636.01,44582.18,44600.02,15
2026-06-26T22:38:00Z,44600.02,44608.55,44595.56,44608.55,14
2026-06-26T22:39:00Z,44608.55,44626.39,44599.28,44608.20,15
2026-06-26T22:40:00Z,44608.20,44626.04,44576.72,44581.17,20
2026-06-26T22:41:00Z,44581.17,44585.62,44549.69,44563.05,23
2026-06-26T22:42:00Z,44563.05,44576.41,44531.58,44544.94,13
2026-06-26T22:43:00Z,44544.94,44553.84,44522.35,44535.71,17
2026-06-26T22:44:00Z,44535.71,44548.70,44526.81,44539.80,17
2026-06-26T22:45:00Z,44539.80,44552.77,44526.44,44548.32,19
2026-06-26T22:46:00Z,44548.32,44570.21,44534.96,44556.85,24
2026-06-26T22:47:00Z,44556.85,44578.68,44552.40,44578.68,11
2026-06-26T22:48:00Z,44578.68,44596.51,44560.50,44578.33,23
2026-06-26T22:49:00Z,44578.33,44587.24,44560.21,44564.66,12
2026-06-26T22:50:00Z,44564.66,44564.66,44542.13,44542.13,19
2026-06-26T22:51:00Z,44542.13,44546.58,44528.46,44532.91,17
2026-06-26T22:52:00Z,44532.91,44559.24,44519.56,44541.43,21
2026-06-26T22:53:00Z,44541.43,44550.33,44523.36,44523.36,17
2026-06-26T22:54:00Z,44523.36,44536.71,44509.66,44523.01,24
2026-06-26T22:55:00Z,44523.01,44536.36,44482.72,44500.52,11
2026-06-26T22:56:00Z,44500.52,44535.69,44487.17,44517.89,24
2026-06-26T22:57:00Z,44517.89,44535.30,44513.44,44526.40,8
2026-06-26T22:58:00Z,44526.40,44565.99,44513.05,44552.63,10
2026-06-26T22:59:00Z,44552.63,44570.45,44530.05,44547.86,15
2026-06-26T23:00:00Z,44547.86,44565.67,44527.21,44536.11,21
2026-06-26T23:01:00Z,44536.11,44549.47,44515.47,44528.82,19
2026-06-26T23:02:00Z,44528.82,44548.25,44515.47,44530.44,21
2026-06-26T23:03:00Z,44530.44,44532.06,44521.54,44532.06,11
2026-06-26T23:04:00Z,44532.06,44538.13,44523.16,44533.68,20
2026-06-26T23:05:00Z,44533.68,44533.68,44508.58,44513.03,14
2026-06-26T23:06:00Z,44513.03,44517.48,44492.39,44505.74,9
2026-06-26T23:07:00Z,44505.74,44510.19,44485.10,44489.54,15
2026-06-26T23:08:00Z,44489.54,44498.43,44460.01,44473.35,22
2026-06-26T23:09:00Z,44473.35,44483.85,44455.57,44474.96,13
2026-06-26T23:10:00Z,44474.96,44492.74,44445.44,44458.77,18
2026-06-26T23:11:00Z,44458.77,44487.07,44445.44,44473.73,25
2026-06-26T23:12:00Z,44473.73,44473.73,44453.09,44453.09,15
2026-06-26T23:13:00Z,44453.09,44476.94,44444.20,44472.50,18
2026-06-26T23:14:00Z,44472.50,44472.50,44451.86,44451.86,13
2026-06-26T23:15:00Z,44451.86,44456.30,44431.23,44435.67,13
2026-06-26T23:16:00Z,44435.67,44440.11,44428.39,44428.39,23
2026-06-26T23:17:00Z,44428.39,44441.71,44407.78,44416.66,15
2026-06-26T23:18:00Z,44416.66,44434.42,44396.07,44413.83,8
2026-06-26T23:19:00Z,44413.83,44419.88,44413.83,44415.44,14
2026-06-26T23:20:00Z,44415.44,44415.44,44381.51,44399.26,23
2026-06-26T23:21:00Z,44399.26,44399.26,44387.53,44387.53,9
2026-06-26T23:22:00Z,44387.53,44391.96,44362.49,44375.80,12
2026-06-26T23:23:00Z,44375.80,44426.28,44358.05,44408.52,25
2026-06-26T23:24:00Z,44408.52,44408.52,44396.79,44396.79,16
2026-06-26T23:25:00Z,44396.79,44401.22,44376.21,44393.96,18
2026-06-26T23:26:00Z,44393.96,44422.23,44380.65,44408.91,20
2026-06-26T23:27:00Z,44408.91,44426.67,44388.31,44401.63,19
2026-06-26T23:28:00Z,44401.63,44407.69,44392.75,44407.69,20
2026-06-26T23:29:00Z,44407.69,44427.09,44403.25,44422.65,20
2026-06-26T23:30:00Z,44422.65,44435.97,44366.44,44379.75,23
2026-06-26T23:31:00Z,44379.75,44393.06,44359.16,44372.47,15
2026-06-26T23:32:00Z,44372.47,44400.72,44359.16,44382.97,11
2026-06-26T23:33:00Z,44382.97,44382.97,44362.39,44380.14,8
2026-06-26T23:34:00Z,44380.14,44380.14,44368.44,44377.31,12
2026-06-26T23:35:00Z,44377.31,44396.67,44359.56,44378.92,24
2026-06-26T23:36:00Z,44378.92,44429.45,44370.05,44420.57,18
2026-06-26T23:37:00Z,44420.57,44453.33,44416.13,44448.89,15
2026-06-26T23:38:00Z,44448.89,44448.89,44432.70,44437.14,21
2026-06-26T23:39:00Z,44437.14,44474.36,44428.26,44461.03,13
2026-06-26T23:40:00Z,44461.03,44480.46,44447.70,44471.57,17
2026-06-26T23:41:00Z,44471.57,44484.91,44450.92,44455.36,8
2026-06-26T23:42:00Z,44455.36,44473.14,44421.36,44430.24,9
2026-06-26T23:43:00Z,44430.24,44440.74,44421.36,44431.86,18
2026-06-26T23:44:00Z,44431.86,44431.86,44411.25,44424.57,9
2026-06-26T23:45:00Z,44424.57,44424.57,44399.51,44417.27,24
2026-06-26T23:46:00Z,44417.27,44458.95,44403.95,44445.62,24
2026-06-26T23:47:00Z,44445.62,44465.06,44441.18,44460.62,8
2026-06-26T23:48:00Z,44460.62,44460.62,44431.05,44435.49,9
2026-06-26T23:49:00Z,44435.49,44450.44,44435.49,44437.11,18
2026-06-26T23:50:00Z,44437.11,44456.55,44419.34,44452.11,25
2026-06-26T23:51:00Z,44452.11,44461.00,44444.82,44444.82,11
2026-06-26T23:52:00Z,44444.82,44453.70,44419.74,44433.06,9
2026-06-26T23:53:00Z,44433.06,44446.38,44381.23,44390.10,10
2026-06-26T23:54:00Z,44390.10,44422.84,44376.79,44405.08,14
2026-06-26T23:55:00Z,44405.08,44405.08,44371.11,44384.42,17
2026-06-26T23:56:00Z,44384.42,44402.17,44350.47,44363.77,21
2026-06-26T23:57:00Z,44363.77,44381.51,44329.77,44329.77,11
2026-06-26T23:58:00Z,44329.77,44347.50,44282.47,44286.89,16
2026-06-26T23:59:00Z,44286.89,44286.89,44275.21,44284.06,18
