open_time_utc,open,high,low,close,volume
2026-06-22T00:00:00Z,2184.20,2184.63,2181.93,2182.80,193
2026-06-22T00:01:00Z,2182.80,2182.80,2181.62,2182.71,164
2026-06-22T00:02:00Z,2182.71,2182.92,2181.53,2182.18,264
2026-06-22T00:03:00Z,2182.18,2182.74,2181.53,2182.31,162
2026-06-22T00:04:00Z,2182.31,2182.31,2181.58,2181.79,160
2026-06-22T00:05:00Z,2181.79,2182.66,2180.61,2181.70,191
2026-06-22T00:06:00Z,2181.70,2183.57,2181.49,2182.48,189
2026-06-22T00:07:00Z,2182.48,2183.91,2181.39,2183.04,210
2026-06-22T00:08:00Z,2183.04,2185.78,2181.95,2184.69,180
2026-06-22T00:09:00Z,2184.69,2184.90,2183.96,2184.61,255
2026-06-22T00:10:00Z,2184.61,2185.82,2184.40,2185.17,197
2026-06-22T00:11:00Z,2185.17,2185.38,2183.77,2184.86,162
2026-06-22T00:12:00Z,2184.86,2187.60,2184.86,2186.51,295
2026-06-22T00:13:00Z,2186.51,2187.96,2186.08,2187.96,260
2026-06-22T00:14:00Z,2187.96,2189.83,2187.75,2188.74,201
2026-06-22T00:15:00Z,2188.74,2189.61,2188.00,2188.21,143
2026-06-22T00:16:00Z,2188.21,2188.77,2187.34,2188.34,264
2026-06-22T00:17:00Z,2188.34,2189.21,2186.72,2187.59,241
2026-06-22T00:18:00Z,2187.59,2188.46,2187.07,2187.07,135
2026-06-22T00:19:00Z,2187.07,2187.94,2186.11,2186.98,210
2026-06-22T00:20:00Z,2186.98,2188.07,2185.80,2186.45,220
2026-06-22T00:21:00Z,2186.45,2187.32,2185.26,2185.26,210
2026-06-22T00:22:00Z,2185.26,2186.13,2182.55,2183.64,237
2026-06-22T00:23:00Z,2183.64,2185.73,2183.64,2185.08,276
2026-06-22T00:24:00Z,2185.08,2185.51,2184.34,2184.99,224
2026-06-22T00:25:00Z,2184.99,2185.20,2184.68,2184.68,218
2026-06-22T00:26:00Z,2184.68,2185.46,2184.03,2184.81,272
2026-06-22T00:27:00Z,2184.81,2185.16,2184.60,2185.16,137
2026-06-22T00:28:00Z,2185.16,2186.25,2182.46,2182.89,309
2026-06-22T00:29:00Z,2182.89,2183.45,2182.24,2183.45,126
2026-06-22T00:30:00Z,2183.45,2183.66,2182.27,2182.92,276
2026-06-22T00:31:00Z,2182.92,2183.70,2182.27,2183.05,164
2026-06-22T00:32:00Z,2183.05,2184.28,2183.05,2183.19,174
2026-06-22T00:33:00Z,2183.19,2183.53,2182.76,2183.53,260
2026-06-22T00:34:00Z,2183.53,2184.31,2183.32,2183.66,245
2026-06-22T00:35:00Z,2183.66,2185.09,2183.45,2184.22,108
2026-06-22T00:36:00Z,2184.22,2185.88,2184.22,2185.01,195
2026-06-22T00:37:00Z,2185.01,2185.66,2183.17,2184.26,260
2026-06-22T00:38:00Z,2184.26,2185.04,2183.83,2185.04,299
2026-06-22T00:39:00Z,2185.04,2185.81,2184.39,2185.60,126
2026-06-22T00:40:00Z,2185.60,2186.81,2185.60,2185.94,278
2026-06-22T00:41:00Z,2185.94,2187.17,2185.29,2187.17,170
2026-06-22T00:42:00Z,2187.17,2188.26,2186.43,2186.64,133
2026-06-22T00:43:00Z,2186.64,2188.73,2185.55,2187.64,289
2026-06-22T00:44:00Z,2187.64,2188.07,2186.46,2187.33,106
2026-06-22T00:45:00Z,2187.33,2187.88,2187.12,2187.67,147
2026-06-22T00:46:00Z,2187.67,2188.45,2187.24,2188.24,168
2026-06-22T00:47:00Z,2188.24,2189.33,2186.41,2187.06,282
2026-06-22T00:48:00Z,2187.06,2190.46,2187.06,2189.37,291
2026-06-22T00:49:00Z,2189.37,2190.02,2188.84,2188.84,174
2026-06-22T00:50:00Z,2188.84,2189.85,2188.19,2189.85,116
2026-06-22T00:51:00Z,2189.85,2190.62,2189.20,2190.19,128
2026-06-22T00:52:00Z,2190.19,2192.50,2189.54,2191.41,164
2026-06-22T00:53:00Z,2191.41,2191.75,2190.76,2191.75,262
2026-06-22T00:54:00Z,2191.75,2192.62,2189.92,2190.13,197
2026-06-22T00:55:00Z,2190.13,2190.78,2188.30,2189.39,156
2026-06-22T00:56:00Z,2189.39,2190.26,2187.56,2187.99,237
2026-06-22T00:57:00Z,2187.99,2188.86,2187.69,2187.90,224
2026-06-22T00:58:00Z,2187.90,2189.55,2187.90,2189.12,199
2026-06-22T00:59:00Z,2189.12,2190.13,2188.91,2189.26,210
2026-06-22T01:00:00Z,2189.26,2190.08,2189.05,2189.43,276
2026-06-22T01:01:00Z,2189.43,2191.58,2189.22,2190.49,126
2026-06-22T01:02:00Z,2190.49,2191.36,2189.36,2190.23,106
2026-06-22T01:03:00Z,2190.23,2191.10,2188.45,2189.54,141
2026-06-22T01:04:00Z,2189.54,2190.63,2187.97,2188.18,220
2026-06-22T01:05:00Z,2188.18,2188.18,2187.28,2188.15,149
2026-06-22T01:06:00Z,2188.15,2190.29,2187.06,2189.42,262
2026-06-22T01:07:00Z,2189.42,2190.70,2188.99,2190.70,199
2026-06-22T01:08:00Z,2190.70,2190.91,2189.79,2190.22,133
2026-06-22T01:09:00Z,2190.22,2192.15,2189.57,2191.28,237
2026-06-22T01:10:00Z,2191.28,2193.42,2191.07,2192.55,287
2026-06-22T01:11:00Z,2192.55,2193.16,2191.90,2192.95,203
2026-06-22T01:12:00Z,2192.95,2193.82,2191.38,2192.03,176
2026-06-22T01:13:00Z,2192.03,2192.21,2191.38,2192.21,110
2026-06-22T01:14:00Z,2192.21,2192.59,2191.12,2192.38,151
2026-06-22T01:15:00Z,2192.38,2192.81,2189.72,2190.81,112
2026-06-22T01:16:00Z,2190.81,2191.90,2189.68,2190.33,199
2026-06-22T01:17:00Z,2190.33,2190.33,2189.21,2190.30,264
2026-06-22T01:18:00Z,2190.30,2191.17,2188.07,2188.50,218
2026-06-22T01:19:00Z,2188.50,2188.93,2186.50,2187.15,145
2026-06-22T01:20:00Z,2187.15,2187.58,2184.48,2185.35,222
2026-06-22T01:21:00Z,2185.35,2186.22,2183.78,2183.78,212
2026-06-22T01:22:00Z,2183.78,2183.78,2181.99,2182.86,262
2026-06-22T01:23:00Z,2182.86,2182.86,2182.40,2182.83,106
2026-06-22T01:24:00Z,2182.83,2185.19,2182.18,2184.10,197
2026-06-22T01:25:00Z,2184.10,2184.97,2182.76,2183.85,262
2026-06-22T01:26:00Z,2183.85,2184.72,2182.94,2183.81,162
2026-06-22T01:27:00Z,2183.81,2184.68,2181.16,2182.25,247
2026-06-22T01:28:00Z,2182.25,2182.68,2180.90,2181.99,255
2026-06-22T01:29:00Z,2181.99,2183.04,2180.90,2182.17,162
2026-06-22T01:30:00Z,2182.17,2182.82,2181.05,2182.14,128
2026-06-22T01:31:00Z,2182.14,2182.96,2181.05,2182.31,153
2026-06-22T01:32:00Z,2182.31,2182.31,2181.41,2181.62,222
2026-06-22T01:33:00Z,2181.62,2182.49,2181.15,2181.58,232
2026-06-22T01:34:00Z,2181.58,2183.07,2180.49,2182.20,226
2026-06-22T01:35:00Z,2182.20,2184.33,2181.55,2183.68,191
2026-06-22T01:36:00Z,2183.68,2185.38,2182.81,2185.17,143
2026-06-22T01:37:00Z,2185.17,2185.17,2184.04,2184.47,143
2026-06-22T01:38:00Z,2184.47,2185.12,2183.57,2184.44,195
2026-06-22T01:39:00Z,2184.44,2185.92,2183.57,2185.05,253
2026-06-22T01:40:00Z,2185.05,2186.54,2184.18,2185.89,243
2026-06-22T01:41:00Z,2185.89,2186.76,2185.85,2185.85,237
2026-06-22T01:42:00Z,2185.85,2186.94,2183.85,2184.72,243
2026-06-22T01:43:00Z,2184.72,2185.15,2183.15,2183.80,218
2026-06-22T01:44:00Z,2183.80,2185.29,2183.15,2184.86,189
2026-06-22T01:45:00Z,2184.86,2186.34,2184.21,2185.47,104
2026-06-22T01:46:00Z,2185.47,2186.34,2184.13,2184.34,172
2026-06-22T01:47:00Z,2184.34,2185.43,2181.68,2182.55,166
2026-06-22T01:48:00Z,2182.55,2184.26,2181.46,2183.61,224
2026-06-22T01:49:00Z,2183.61,2184.66,2182.96,2184.66,276
2026-06-22T01:50:00Z,2184.66,2185.75,2183.10,2183.75,226
2026-06-22T01:51:00Z,2183.75,2186.54,2183.54,2185.67,253
2026-06-22T01:52:00Z,2185.67,2186.32,2184.32,2184.32,284
2026-06-22T01:53:00Z,2184.32,2184.32,2182.31,2182.96,272
2026-06-22T01:54:00Z,2182.96,2183.39,2181.19,2181.40,235
2026-06-22T01:55:00Z,2181.40,2181.57,2180.97,2181.57,118
2026-06-22T01:56:00Z,2181.57,2183.72,2181.57,2182.85,114
2026-06-22T01:57:00Z,2182.85,2183.06,2180.84,2181.93,189
2026-06-22T01:58:00Z,2181.93,2183.64,2181.06,2182.99,143
2026-06-22T01:59:00Z,2182.99,2183.82,2182.12,2183.61,187
2026-06-22T02:00:00Z,2183.61,2184.31,2182.52,2183.88,208
2026-06-22T02:01:00Z,2183.88,2185.47,2182.79,2185.26,126
2026-06-22T02:02:00Z,2185.26,2185.91,2182.27,2183.36,203
2026-06-22T02:03:00Z,2183.36,2186.03,2183.36,2185.16,156
2026-06-22T02:04:00Z,2185.16,2186.25,2184.14,2184.57,257
2026-06-22T02:05:00Z,2184.57,2185.51,2183.92,2184.64,201
2026-06-22T02:06:00Z,2184.64,2185.51,2184.06,2184.27,174
2026-06-22T02:07:00Z,2184.27,2185.63,2184.06,2184.54,124
2026-06-22T02:08:00Z,2184.54,2187.01,2183.89,2185.92,197
2026-06-22T02:09:00Z,2185.92,2186.13,2185.34,2185.55,126
2026-06-22T02:10:00Z,2185.55,2186.20,2183.86,2184.51,153
2026-06-22T02:11:00Z,2184.51,2184.94,2184.14,2184.14,216
2026-06-22T02:12:00Z,2184.14,2184.57,2182.46,2183.55,289
2026-06-22T02:13:00Z,2183.55,2185.58,2182.90,2184.71,228
2026-06-22T02:14:00Z,2184.71,2185.14,2183.67,2183.67,235
2026-06-22T02:15:00Z,2183.67,2184.32,2182.00,2182.43,143
2026-06-22T02:16:00Z,2182.43,2182.86,2181.19,2182.06,141
2026-06-22T02:17:00Z,2182.06,2183.86,2181.85,2183.21,158
2026-06-22T02:18:00Z,2183.21,2183.93,2182.34,2183.93,176
2026-06-22T02:19:00Z,2183.93,2184.58,2182.91,2183.34,160
2026-06-22T02:20:00Z,2183.34,2184.49,2183.13,2184.06,116
2026-06-22T02:21:00Z,2184.06,2184.93,2181.72,2182.59,232
2026-06-22T02:22:00Z,2182.59,2184.40,2181.72,2184.40,251
2026-06-22T02:23:00Z,2184.40,2186.43,2183.75,2185.56,104
2026-06-22T02:24:00Z,2185.56,2185.99,2183.87,2184.74,170
2026-06-22T02:25:00Z,2184.74,2185.61,2184.16,2184.59,282
2026-06-22T02:26:00Z,2184.59,2185.96,2184.38,2184.87,193
2026-06-22T02:27:00Z,2184.87,2186.46,2184.22,2185.59,131
2026-06-22T02:28:00Z,2185.59,2186.74,2184.50,2186.74,174
2026-06-22T02:29:00Z,2186.74,2187.90,2186.09,2187.90,170
2026-06-22T02:30:00Z,2187.90,2188.77,2186.87,2186.87,247
2026-06-22T02:31:00Z,2186.87,2187.36,2186.22,2186.93,158
2026-06-22T02:32:00Z,2186.93,2187.64,2186.06,2187.21,216
2026-06-22T02:33:00Z,2187.21,2188.14,2186.34,2187.49,251
2026-06-22T02:34:00Z,2187.49,2187.49,2184.94,2186.03,239
2026-06-22T02:35:00Z,2186.03,2186.03,2183.25,2184.12,201
2026-06-22T02:36:00Z,2184.12,2185.71,2184.12,2184.84,126
2026-06-22T02:37:00Z,2184.84,2185.27,2184.26,2184.69,289
2026-06-22T02:38:00Z,2184.69,2185.61,2184.48,2185.40,295
2026-06-22T02:39:00Z,2185.40,2186.49,2183.72,2183.72,137
2026-06-22T02:40:00Z,2183.72,2184.21,2183.72,2184.00,168
2026-06-22T02:41:00Z,2184.00,2185.15,2182.91,2184.50,297
2026-06-22T02:42:00Z,2184.50,2185.15,2183.46,2183.46,232
2026-06-22T02:43:00Z,2183.46,2183.46,2181.78,2182.43,260
2026-06-22T02:44:00Z,2182.43,2183.15,2181.56,2183.15,176
2026-06-22T02:45:00Z,2183.15,2184.30,2182.94,2184.30,214
2026-06-22T02:46:00Z,2184.30,2185.17,2181.97,2182.84,145
2026-06-22T02:47:00Z,2182.84,2183.49,2182.04,2182.25,293
2026-06-22T02:48:00Z,2182.25,2183.62,2181.38,2183.19,197
2026-06-22T02:49:00Z,2183.19,2184.11,2182.76,2183.68,307
2026-06-22T02:50:00Z,2183.68,2184.55,2182.66,2183.09,151
2026-06-22T02:51:00Z,2183.09,2183.74,2181.41,2182.28,210
2026-06-22T02:52:00Z,2182.28,2182.28,2181.69,2181.90,187
2026-06-22T02:53:00Z,2181.90,2181.90,2181.32,2181.75,170
2026-06-22T02:54:00Z,2181.75,2181.75,2180.07,2180.94,158
2026-06-22T02:55:00Z,2180.94,2181.37,2179.27,2179.70,205
2026-06-22T02:56:00Z,2179.70,2181.49,2179.70,2181.28,110
2026-06-22T02:57:00Z,2181.28,2182.37,2179.38,2180.47,251
2026-06-22T02:58:00Z,2180.47,2180.75,2179.60,2180.75,205
2026-06-22T02:59:00Z,2180.75,2181.84,2180.38,2180.38,166
2026-06-22T03:00:00Z,2180.38,2180.81,2179.15,2179.58,197
2026-06-22T03:01:00Z,2179.58,2180.01,2178.14,2178.79,110
2026-06-22T03:02:00Z,2178.79,2179.22,2178.22,2178.22,251
2026-06-22T03:03:00Z,2178.22,2179.82,2177.35,2178.95,245
2026-06-22T03:04:00Z,2178.95,2179.16,2178.17,2178.60,112
2026-06-22T03:05:00Z,2178.60,2179.77,2178.39,2178.90,276
2026-06-22T03:06:00Z,2178.90,2180.92,2178.03,2179.84,270
2026-06-22T03:07:00Z,2179.84,2181.23,2179.84,2181.23,216
2026-06-22T03:08:00Z,2181.23,2181.44,2180.45,2181.10,287
2026-06-22T03:09:00Z,2181.10,2182.04,2180.89,2181.61,293
2026-06-22T03:10:00Z,2181.61,2183.00,2181.40,2182.13,278
2026-06-22T03:11:00Z,2182.13,2183.22,2182.00,2182.00,230
2026-06-22T03:12:00Z,2182.00,2182.87,2180.33,2180.98,162
2026-06-22T03:13:00Z,2180.98,2181.41,2178.67,2179.32,120
2026-06-22T03:14:00Z,2179.32,2180.27,2178.24,2179.84,180
2026-06-22T03:15:00Z,2179.84,2180.78,2178.76,2179.91,291
2026-06-22T03:16:00Z,2179.91,2180.20,2179.48,2179.99,166
2026-06-22T03:17:00Z,2179.99,2180.72,2179.12,2180.07,122
2026-06-22T03:18:00Z,2180.07,2181.01,2178.98,2180.14,149
2026-06-22T03:19:00Z,2180.14,2180.57,2178.92,2179.57,214
2026-06-22T03:20:00Z,2179.57,2180.22,2178.57,2179.44,203
2026-06-22T03:21:00Z,2179.44,2180.60,2178.36,2179.52,199
2026-06-22T03:22:00Z,2179.52,2180.39,2179.38,2179.38,274
2026-06-22T03:23:00Z,2179.38,2180.11,2178.30,2179.90,255
2026-06-22T03:24:00Z,2179.90,2180.33,2178.67,2178.67,153
2026-06-22T03:25:00Z,2178.67,2179.32,2178.32,2178.53,307
2026-06-22T03:26:00Z,2178.53,2179.04,2177.88,2178.61,282
2026-06-22T03:27:00Z,2178.61,2178.61,2176.52,2177.17,295
2026-06-22T03:28:00Z,2177.17,2178.55,2176.96,2177.68,262
2026-06-22T03:29:00Z,2177.68,2177.68,2175.59,2175.80,301
2026-06-22T03:30:00Z,2175.80,2176.45,2174.58,2174.79,216
2026-06-22T03:31:00Z,2174.79,2175.87,2173.35,2174.43,266
2026-06-22T03:32:00Z,2174.43,2176.91,2173.35,2176.04,226
2026-06-22T03:33:00Z,2176.04,2176.91,2175.26,2175.69,295
2026-06-22T03:34:00Z,2175.69,2176.63,2174.82,2176.20,282
2026-06-22T03:35:00Z,2176.20,2177.58,2175.33,2177.37,126
2026-06-22T03:36:00Z,2177.37,2178.97,2177.37,2177.89,110
2026-06-22T03:37:00Z,2177.89,2178.97,2176.45,2177.53,110
2026-06-22T03:38:00Z,2177.53,2178.92,2177.53,2178.27,131
2026-06-22T03:39:00Z,2178.27,2179.88,2177.19,2179.01,212
2026-06-22T03:40:00Z,2179.01,2179.44,2178.01,2178.44,191
2026-06-22T03:41:00Z,2178.44,2180.47,2178.44,2179.39,131
2026-06-22T03:42:00Z,2179.39,2180.34,2178.52,2179.91,201
2026-06-22T03:43:00Z,2179.91,2180.43,2178.83,2180.43,201
2026-06-22T03:44:00Z,2180.43,2182.25,2180.22,2181.82,249
2026-06-22T03:45:00Z,2181.82,2182.33,2180.73,2181.90,147
2026-06-22T03:46:00Z,2181.90,2182.11,2179.37,2179.80,224
2026-06-22T03:47:00Z,2179.80,2180.88,2179.23,2179.44,218
2026-06-22T03:48:00Z,2179.44,2179.44,2178.22,2178.87,293
2026-06-22T03:49:00Z,2178.87,2180.04,2178.66,2179.39,278
2026-06-22T03:50:00Z,2179.39,2181.21,2178.96,2180.12,253
2026-06-22T03:51:00Z,2180.12,2181.21,2178.46,2178.67,239
2026-06-22T03:52:00Z,2178.67,2179.84,2178.24,2178.97,303
2026-06-22T03:53:00Z,2178.97,2179.84,2177.53,2178.61,284
2026-06-22T03:54:00Z,2178.61,2180.00,2177.53,2179.35,193
2026-06-22T03:55:00Z,2179.35,2180.96,2178.70,2180.31,172
2026-06-22T03:56:00Z,2180.31,2181.69,2180.10,2181.26,287
2026-06-22T03:57:00Z,2181.26,2181.91,2179.38,2180.03,235
2026-06-22T03:58:00Z,2180.03,2181.12,2179.25,2179.90,297
2026-06-22T03:59:00Z,2179.90,2180.11,2178.46,2179.33,278
2026-06-22T04:00:00Z,2179.33,2181.68,2178.68,2180.59,226
2026-06-22T04:01:00Z,2180.59,2181.46,2178.59,2179.67,195
2026-06-22T04:02:00Z,2179.67,2179.67,2176.58,2177.01,114
2026-06-22T04:03:00Z,2177.01,2177.88,2174.79,2174.79,197
2026-06-22T04:04:00Z,2174.79,2174.97,2173.93,2174.97,199
2026-06-22T04:05:00Z,2174.97,2175.79,2174.32,2175.14,272
2026-06-22T04:06:00Z,2175.14,2175.79,2174.23,2174.44,307
2026-06-22T04:07:00Z,2174.44,2174.87,2172.88,2173.31,260
2026-06-22T04:08:00Z,2173.31,2173.74,2171.97,2172.40,260
2026-06-22T04:09:00Z,2172.40,2172.40,2171.29,2172.37,189
2026-06-22T04:10:00Z,2172.37,2173.45,2169.94,2171.02,189
2026-06-22T04:11:00Z,2171.02,2171.88,2170.98,2170.98,128
2026-06-22T04:12:00Z,2170.98,2172.23,2170.33,2171.15,303
2026-06-22T04:13:00Z,2171.15,2171.80,2168.73,2169.59,303
2026-06-22T04:14:00Z,2169.59,2169.59,2168.68,2168.89,160
2026-06-22T04:15:00Z,2168.89,2169.54,2166.46,2166.89,149
2026-06-22T04:16:00Z,2166.89,2168.14,2165.81,2167.93,174
2026-06-22T04:17:00Z,2167.93,2168.79,2166.15,2167.23,164
2026-06-22T04:18:00Z,2167.23,2168.31,2166.12,2166.33,228
2026-06-22T04:19:00Z,2166.33,2169.10,2166.33,2168.02,303
2026-06-22T04:20:00Z,2168.02,2168.67,2166.25,2166.46,122
2026-06-22T04:21:00Z,2166.46,2167.54,2165.56,2166.42,253
2026-06-22T04:22:00Z,2166.42,2168.76,2165.78,2167.68,199
2026-06-22T04:23:00Z,2167.68,2168.33,2166.78,2167.21,141
2026-06-22T04:24:00Z,2167.21,2168.29,2165.44,2166.30,268
2026-06-22T04:25:00Z,2166.30,2167.99,2165.44,2167.99,251
2026-06-22T04:26:00Z,2167.99,2169.24,2167.13,2168.81,180
2026-06-22T04:27:00Z,2168.81,2168.81,2167.48,2168.56,180
2026-06-22T04:28:00Z,2168.56,2168.77,2167.21,2167.21,143
2026-06-22T04:29:00Z,2167.21,2168.07,2166.09,2166.95,212
2026-06-22T04:30:00Z,2166.95,2168.42,2166.52,2167.99,199
2026-06-22T04:31:00Z,2167.99,2169.24,2167.78,2169.03,228
2026-06-22T04:32:00Z,2169.03,2169.65,2168.17,2169.65,120
2026-06-22T04:33:00Z,2169.65,2170.91,2169.00,2170.91,291
2026-06-22T04:34:00Z,2170.91,2172.38,2170.91,2172.17,266
2026-06-22T04:35:00Z,2172.17,2173.03,2171.26,2171.26,220
2026-06-22T04:36:00Z,2171.26,2172.12,2169.93,2170.14,220
2026-06-22T04:37:00Z,2170.14,2171.83,2169.06,2171.62,168
2026-06-22T04:38:00Z,2171.62,2173.31,2171.41,2172.88,239
2026-06-22T04:39:00Z,2172.88,2173.48,2172.02,2173.05,247
2026-06-22T04:40:00Z,2173.05,2173.05,2171.92,2172.57,218
2026-06-22T04:41:00Z,2172.57,2173.22,2171.24,2171.67,160
2026-06-22T04:42:00Z,2171.67,2172.10,2171.20,2171.63,230
2026-06-22T04:43:00Z,2171.63,2171.80,2170.55,2171.80,124
2026-06-22T04:44:00Z,2171.80,2171.80,2171.11,2171.32,189
2026-06-22T04:45:00Z,2171.32,2173.44,2171.11,2172.36,301
2026-06-22T04:46:00Z,2172.36,2173.01,2169.72,2169.72,106
2026-06-22T04:47:00Z,2169.72,2169.72,2168.16,2169.24,297
2026-06-22T04:48:00Z,2169.24,2170.49,2169.03,2169.41,305
2026-06-22T04:49:00Z,2169.41,2171.10,2168.55,2170.67,262
2026-06-22T04:50:00Z,2170.67,2171.10,2169.77,2170.42,143
2026-06-22T04:51:00Z,2170.42,2171.45,2169.56,2170.59,135
2026-06-22T04:52:00Z,2170.59,2172.06,2170.16,2171.41,210
2026-06-22T04:53:00Z,2171.41,2172.45,2170.33,2171.80,272
2026-06-22T04:54:00Z,2171.80,2173.49,2171.37,2172.84,282
2026-06-22T04:55:00Z,2172.84,2174.11,2172.19,2173.46,232
2026-06-22T04:56:00Z,2173.46,2174.28,2172.38,2174.07,193
2026-06-22T04:57:00Z,2174.07,2175.15,2173.16,2173.81,237
2026-06-22T04:58:00Z,2173.81,2174.63,2173.81,2174.20,312
2026-06-22T04:59:00Z,2174.20,2174.85,2171.13,2171.99,172
2026-06-22T05:00:00Z,2171.99,2174.12,2170.91,2173.91,299
2026-06-22T05:01:00Z,2173.91,2174.97,2172.83,2174.97,170
2026-06-22T05:02:00Z,2174.97,2176.02,2174.11,2176.02,174
2026-06-22T05:03:00Z,2176.02,2176.45,2174.25,2175.12,245
2026-06-22T05:04:00Z,2175.12,2176.40,2174.25,2175.97,282
2026-06-22T05:05:00Z,2175.97,2176.18,2175.07,2175.50,312
2026-06-22T05:06:00Z,2175.50,2176.15,2173.74,2174.39,124
2026-06-22T05:07:00Z,2174.39,2174.60,2173.28,2173.93,203
2026-06-22T05:08:00Z,2173.93,2174.79,2172.82,2173.68,185
2026-06-22T05:09:00Z,2173.68,2174.76,2172.14,2173.22,287
2026-06-22T05:10:00Z,2173.22,2174.71,2172.79,2174.71,291
2026-06-22T05:11:00Z,2174.71,2175.14,2173.82,2174.03,164
2026-06-22T05:12:00Z,2174.03,2175.09,2172.95,2174.44,156
2026-06-22T05:13:00Z,2174.44,2175.92,2174.01,2175.49,307
2026-06-22T05:14:00Z,2175.49,2175.92,2174.39,2175.47,195
2026-06-22T05:15:00Z,2175.47,2176.34,2175.02,2175.45,293
2026-06-22T05:16:00Z,2175.45,2176.32,2174.77,2175.20,191
2026-06-22T05:17:00Z,2175.20,2175.41,2173.01,2174.09,170
2026-06-22T05:18:00Z,2174.09,2174.09,2171.90,2172.98,230
2026-06-22T05:19:00Z,2172.98,2173.41,2171.21,2171.86,293
2026-06-22T05:20:00Z,2171.86,2172.29,2169.67,2170.53,235
2026-06-22T05:21:00Z,2170.53,2170.74,2167.90,2168.76,243
2026-06-22T05:22:00Z,2168.76,2170.25,2168.55,2169.60,305
2026-06-22T05:23:00Z,2169.60,2170.44,2168.95,2170.23,228
2026-06-22T05:24:00Z,2170.23,2171.31,2168.25,2169.33,260
2026-06-22T05:25:00Z,2169.33,2170.39,2169.33,2169.74,141
2026-06-22T05:26:00Z,2169.74,2171.44,2169.74,2170.58,253
2026-06-22T05:27:00Z,2170.58,2171.01,2170.11,2170.11,104
2026-06-22T05:28:00Z,2170.11,2170.76,2168.14,2169.22,239
2026-06-22T05:29:00Z,2169.22,2170.30,2168.55,2168.98,160
2026-06-22T05:30:00Z,2168.98,2169.84,2168.08,2168.73,289
2026-06-22T05:31:00Z,2168.73,2169.57,2168.52,2169.57,191
2026-06-22T05:32:00Z,2169.57,2172.13,2168.49,2171.05,208
2026-06-22T05:33:00Z,2171.05,2171.26,2170.38,2170.81,158
2026-06-22T05:34:00Z,2170.81,2171.87,2169.73,2171.87,293
2026-06-22T05:35:00Z,2171.87,2172.08,2170.76,2171.62,274
2026-06-22T05:36:00Z,2171.62,2172.70,2169.43,2170.51,266
2026-06-22T05:37:00Z,2170.51,2172.00,2170.30,2171.14,214
2026-06-22T05:38:00Z,2171.14,2172.84,2171.14,2171.76,220
2026-06-22T05:39:00Z,2171.76,2172.82,2171.11,2172.39,160
2026-06-22T05:40:00Z,2172.39,2174.52,2172.18,2173.66,262
2026-06-22T05:41:00Z,2173.66,2174.74,2172.34,2173.20,185
2026-06-22T05:42:00Z,2173.20,2173.20,2172.96,2172.96,299
2026-06-22T05:43:00Z,2172.96,2173.17,2171.41,2172.27,208
2026-06-22T05:44:00Z,2172.27,2173.35,2171.82,2172.25,187
2026-06-22T05:45:00Z,2172.25,2172.46,2170.70,2170.70,135
2026-06-22T05:46:00Z,2170.70,2171.53,2169.62,2170.88,193
2026-06-22T05:47:00Z,2170.88,2170.88,2169.12,2169.33,110
2026-06-22T05:48:00Z,2169.33,2170.41,2169.10,2169.31,205
2026-06-22T05:49:00Z,2169.31,2169.96,2167.54,2168.62,251
2026-06-22T05:50:00Z,2168.62,2169.48,2168.17,2168.60,187
2026-06-22T05:51:00Z,2168.60,2169.65,2167.52,2169.00,203
2026-06-22T05:52:00Z,2169.00,2170.71,2169.00,2169.63,166
2026-06-22T05:53:00Z,2169.63,2170.25,2168.77,2169.82,104
2026-06-22T05:54:00Z,2169.82,2171.08,2169.39,2170.00,135
2026-06-22T05:55:00Z,2170.00,2170.84,2168.92,2170.63,166
2026-06-22T05:56:00Z,2170.63,2171.49,2169.31,2169.74,278
2026-06-22T05:57:00Z,2169.74,2169.95,2168.62,2168.62,135
2026-06-22T05:58:00Z,2168.62,2169.48,2167.95,2168.16,226
2026-06-22T05:59:00Z,2168.16,2168.16,2168.14,2168.14,228
2026-06-22T06:00:00Z,2168.14,2168.57,2165.90,2166.76,243
2026-06-22T06:01:00Z,2166.76,2167.77,2166.33,2167.12,253
2026-06-22T06:02:00Z,2167.12,2168.33,2166.26,2168.12,264
2026-06-22T06:03:00Z,2168.12,2168.98,2166.10,2167.18,128
2026-06-22T06:04:00Z,2167.18,2167.83,2165.16,2166.24,235
2026-06-22T06:05:00Z,2166.24,2166.24,2165.95,2166.16,312
2026-06-22T06:06:00Z,2166.16,2166.59,2164.79,2165.87,228
2026-06-22T06:07:00Z,2165.87,2165.87,2164.07,2165.15,104
2026-06-22T06:08:00Z,2165.15,2166.36,2164.72,2165.50,222
2026-06-22T06:09:00Z,2165.50,2166.36,2164.13,2165.21,162
2026-06-22T06:10:00Z,2165.21,2166.29,2164.27,2164.70,147
2026-06-22T06:11:00Z,2164.70,2165.49,2163.84,2164.85,189
2026-06-22T06:12:00Z,2164.85,2166.50,2163.99,2166.29,214
2026-06-22T06:13:00Z,2166.29,2166.50,2165.78,2166.21,255
2026-06-22T06:14:00Z,2166.21,2166.57,2165.78,2166.36,266
2026-06-22T06:15:00Z,2166.36,2167.58,2166.15,2167.15,141
2026-06-22T06:16:00Z,2167.15,2167.15,2165.56,2166.20,205
2026-06-22T06:17:00Z,2166.20,2168.07,2165.12,2167.21,301
2026-06-22T06:18:00Z,2167.21,2167.21,2166.28,2166.71,162
2026-06-22T06:19:00Z,2166.71,2168.35,2166.50,2167.49,183
2026-06-22T06:20:00Z,2167.49,2167.92,2165.91,2166.99,133
2026-06-22T06:21:00Z,2166.99,2168.07,2165.62,2165.83,118
2026-06-22T06:22:00Z,2165.83,2166.26,2165.12,2165.33,145
2026-06-22T06:23:00Z,2165.33,2167.20,2164.69,2166.12,257
2026-06-22T06:24:00Z,2166.12,2167.20,2165.82,2165.82,151
2026-06-22T06:25:00Z,2165.82,2165.97,2164.74,2165.97,199
2026-06-22T06:26:00Z,2165.97,2166.61,2165.26,2165.47,120
2026-06-22T06:27:00Z,2165.47,2166.90,2165.47,2166.04,122
2026-06-22T06:28:00Z,2166.04,2166.68,2164.89,2165.75,145
2026-06-22T06:29:00Z,2165.75,2166.61,2165.03,2165.46,260
2026-06-22T06:30:00Z,2165.46,2166.32,2164.73,2164.73,145
2026-06-22T06:31:00Z,2164.73,2164.94,2163.36,2163.79,164
2026-06-22T06:32:00Z,2163.79,2165.43,2162.93,2164.79,147
2026-06-22T06:33:00Z,2164.79,2165.87,2164.07,2164.07,118
2026-06-22T06:34:00Z,2164.07,2165.15,2163.57,2163.78,218
2026-06-22T06:35:00Z,2163.78,2164.21,2163.27,2163.27,168
2026-06-22T06:36:00Z,2163.27,2163.27,2162.55,2162.98,116
2026-06-22T06:37:00Z,2162.98,2164.64,2162.34,2163.56,106
2026-06-22T06:38:00Z,2163.56,2164.20,2161.75,2162.18,164
2026-06-22T06:39:00Z,2162.18,2163.04,2160.39,2161.25,218
2026-06-22T06:40:00Z,2161.25,2161.46,2160.09,2161.17,293
2026-06-22T06:41:00Z,2161.17,2162.61,2160.96,2161.53,199
2026-06-22T06:42:00Z,2161.53,2162.10,2161.53,2161.89,174
2026-06-22T06:43:00Z,2161.89,2164.61,2161.03,2163.75,160
2026-06-22T06:44:00Z,2163.75,2164.32,2162.67,2164.11,237
2026-06-22T06:45:00Z,2164.11,2164.90,2164.11,2164.90,301
2026-06-22T06:46:00Z,2164.90,2165.76,2164.17,2164.60,203
2026-06-22T06:47:00Z,2164.60,2164.81,2162.16,2162.80,270
2026-06-22T06:48:00Z,2162.80,2163.38,2162.37,2162.95,205
2026-06-22T06:49:00Z,2162.95,2164.03,2162.22,2162.65,253
2026-06-22T06:50:00Z,2162.65,2163.73,2160.64,2161.07,143
2026-06-22T06:51:00Z,2161.07,2163.36,2161.07,2162.50,307
2026-06-22T06:52:00Z,2162.50,2163.51,2162.50,2163.08,168
2026-06-22T06:53:00Z,2163.08,2163.51,2161.07,2161.93,174
2026-06-22T06:54:00Z,2161.93,2163.01,2160.78,2160.99,230
2026-06-22T06:55:00Z,2160.99,2163.29,2160.35,2162.43,297
2026-06-22T06:56:00Z,2162.43,2163.43,2162.43,2162.79,201
2026-06-22T06:57:00Z,2162.79,2163.00,2161.85,2162.28,305
2026-06-22T06:58:00Z,2162.28,2163.29,2161.85,2162.43,193
2026-06-22T06:59:00Z,2162.43,2163.44,2161.57,2163.44,239
2026-06-22T07:00:00Z,2163.44,2164.52,2162.92,2162.92,156
2026-06-22T07:01:00Z,2162.92,2163.35,2161.11,2161.54,212
2026-06-22T07:02:00Z,2161.54,2161.89,2161.11,2161.68,104
2026-06-22T07:03:00Z,2161.68,2164.20,2161.25,2163.12,274
2026-06-22T07:04:00Z,2163.12,2164.20,2161.53,2161.74,160
2026-06-22T07:05:00Z,2161.74,2165.12,2160.66,2164.04,247
2026-06-22T07:06:00Z,2164.04,2165.26,2164.04,2165.26,280
2026-06-22T07:07:00Z,2165.26,2166.12,2164.54,2164.75,170
2026-06-22T07:08:00Z,2164.75,2166.40,2163.67,2166.19,293
2026-06-22T07:09:00Z,2166.19,2166.40,2164.38,2165.24,239
2026-06-22T07:10:00Z,2165.24,2166.46,2164.38,2166.46,106
2026-06-22T07:11:00Z,2166.46,2167.25,2166.25,2167.25,303
2026-06-22T07:12:00Z,2167.25,2168.25,2166.60,2168.04,237
2026-06-22T07:13:00Z,2168.04,2168.90,2166.66,2167.52,139
2026-06-22T07:14:00Z,2167.52,2169.60,2166.66,2168.52,291
2026-06-22T07:15:00Z,2168.52,2168.88,2167.44,2168.88,185
2026-06-22T07:16:00Z,2168.88,2170.10,2168.67,2169.45,210
2026-06-22T07:17:00Z,2169.45,2170.10,2167.86,2168.51,218
2026-06-22T07:18:00Z,2168.51,2169.71,2167.86,2169.50,170
2026-06-22T07:19:00Z,2169.50,2169.50,2167.47,2168.12,126
2026-06-22T07:20:00Z,2168.12,2170.42,2167.47,2169.99,156
2026-06-22T07:21:00Z,2169.99,2171.00,2169.34,2170.35,278
2026-06-22T07:22:00Z,2170.35,2171.79,2169.70,2170.71,274
2026-06-22T07:23:00Z,2170.71,2170.71,2169.98,2170.19,245
2026-06-22T07:24:00Z,2170.19,2172.27,2169.11,2171.19,108
2026-06-22T07:25:00Z,2171.19,2173.49,2170.54,2172.63,147
2026-06-22T07:26:00Z,2172.63,2172.63,2171.69,2172.34,245
2026-06-22T07:27:00Z,2172.34,2173.12,2171.26,2172.69,110
2026-06-22T07:28:00Z,2172.69,2172.90,2171.32,2171.75,185
2026-06-22T07:29:00Z,2171.75,2171.75,2169.73,2170.81,131
2026-06-22T07:30:00Z,2170.81,2171.89,2170.73,2170.73,249
2026-06-22T07:31:00Z,2170.73,2170.94,2170.44,2170.65,153
2026-06-22T07:32:00Z,2170.65,2172.50,2170.22,2171.64,131
2026-06-22T07:33:00Z,2171.64,2171.64,2170.70,2171.35,139
2026-06-22T07:34:00Z,2171.35,2172.56,2170.70,2172.35,189
2026-06-22T07:35:00Z,2172.35,2174.00,2172.35,2172.92,139
2026-06-22T07:36:00Z,2172.92,2174.99,2172.06,2174.13,307
2026-06-22T07:37:00Z,2174.13,2174.34,2172.32,2173.40,274
2026-06-22T07:38:00Z,2173.40,2174.62,2173.40,2174.19,303
2026-06-22T07:39:00Z,2174.19,2174.19,2173.46,2174.11,268
2026-06-22T07:40:00Z,2174.11,2175.19,2172.09,2173.17,126
2026-06-22T07:41:00Z,2173.17,2174.25,2172.65,2173.08,164
2026-06-22T07:42:00Z,2173.08,2173.08,2172.36,2172.79,120
2026-06-22T07:43:00Z,2172.79,2174.65,2172.58,2173.79,301
2026-06-22T07:44:00Z,2173.79,2176.74,2173.36,2175.87,230
2026-06-22T07:45:00Z,2175.87,2178.82,2174.79,2177.95,195
2026-06-22T07:46:00Z,2177.95,2178.60,2177.00,2177.43,122
2026-06-22T07:47:00Z,2177.43,2177.78,2177.00,2177.57,266
2026-06-22T07:48:00Z,2177.57,2178.00,2175.55,2175.55,264
2026-06-22T07:49:00Z,2175.55,2175.55,2175.04,2175.47,232
2026-06-22T07:50:00Z,2175.47,2177.10,2174.60,2176.89,106
2026-06-22T07:51:00Z,2176.89,2178.98,2176.02,2178.11,278
2026-06-22T07:52:00Z,2178.11,2178.98,2176.30,2177.17,106
2026-06-22T07:53:00Z,2177.17,2178.18,2176.96,2177.53,162
2026-06-22T07:54:00Z,2177.53,2178.40,2176.37,2176.37,309
2026-06-22T07:55:00Z,2176.37,2176.50,2176.37,2176.50,274
2026-06-22T07:56:00Z,2176.50,2177.50,2176.29,2177.50,291
2026-06-22T07:57:00Z,2177.50,2178.72,2177.29,2178.72,232
2026-06-22T07:58:00Z,2178.72,2178.72,2177.56,2178.43,289
2026-06-22T07:59:00Z,2178.43,2178.86,2177.06,2177.06,266
2026-06-22T08:00:00Z,2177.06,2178.74,2176.63,2177.87,172
2026-06-22T08:01:00Z,2177.87,2178.74,2177.81,2177.81,141
2026-06-22T08:02:00Z,2177.81,2178.83,2177.60,2178.18,312
2026-06-22T08:03:00Z,2178.18,2178.61,2177.47,2177.47,230
2026-06-22T08:04:00Z,2177.47,2177.47,2176.54,2176.97,185
2026-06-22T08:05:00Z,2176.97,2177.62,2175.39,2176.47,158
2026-06-22T08:06:00Z,2176.47,2176.90,2175.34,2176.42,122
2026-06-22T08:07:00Z,2176.42,2177.66,2175.34,2176.79,180
2026-06-22T08:08:00Z,2176.79,2177.00,2175.64,2176.29,176
2026-06-22T08:09:00Z,2176.29,2176.72,2176.24,2176.24,284
2026-06-22T08:10:00Z,2176.24,2177.48,2175.81,2177.48,114
2026-06-22T08:11:00Z,2177.48,2177.69,2176.11,2176.54,299
2026-06-22T08:12:00Z,2176.54,2177.78,2175.67,2176.91,226
2026-06-22T08:13:00Z,2176.91,2177.34,2175.98,2175.98,135
2026-06-22T08:14:00Z,2175.98,2176.85,2175.05,2175.26,108
2026-06-22T08:15:00Z,2175.26,2176.71,2175.05,2175.63,268
2026-06-22T08:16:00Z,2175.63,2176.88,2175.42,2176.01,160
2026-06-22T08:17:00Z,2176.01,2176.81,2176.01,2176.38,126
2026-06-22T08:18:00Z,2176.38,2177.03,2175.23,2176.10,153
2026-06-22T08:19:00Z,2176.10,2176.91,2176.10,2176.70,289
2026-06-22T08:20:00Z,2176.70,2178.80,2175.62,2177.72,278
2026-06-22T08:21:00Z,2177.72,2179.18,2177.72,2178.31,247
2026-06-22T08:22:00Z,2178.31,2179.76,2177.66,2178.68,187
2026-06-22T08:23:00Z,2178.68,2179.49,2178.03,2178.84,220
2026-06-22T08:24:00Z,2178.84,2181.61,2178.63,2180.96,312
2026-06-22T08:25:00Z,2180.96,2182.05,2179.81,2180.24,309
2026-06-22T08:26:00Z,2180.24,2181.71,2180.24,2181.28,180
2026-06-22T08:27:00Z,2181.28,2181.93,2180.35,2180.78,147
2026-06-22T08:28:00Z,2180.78,2181.36,2180.57,2180.93,214
2026-06-22T08:29:00Z,2180.93,2181.14,2179.35,2180.44,307
2026-06-22T08:30:00Z,2180.44,2181.09,2179.07,2180.16,301
2026-06-22T08:31:00Z,2180.16,2180.75,2179.95,2180.75,149
2026-06-22T08:32:00Z,2180.75,2182.65,2179.88,2181.78,253
2026-06-22T08:33:00Z,2181.78,2183.25,2180.69,2182.16,255
2026-06-22T08:34:00Z,2182.16,2183.62,2182.16,2182.97,216
2026-06-22T08:35:00Z,2182.97,2183.12,2182.32,2183.12,191
2026-06-22T08:36:00Z,2183.12,2183.55,2180.89,2181.10,270
2026-06-22T08:37:00Z,2181.10,2181.91,2180.89,2181.91,299
2026-06-22T08:38:00Z,2181.91,2182.78,2181.42,2181.85,243
2026-06-22T08:39:00Z,2181.85,2182.88,2181.42,2182.23,264
2026-06-22T08:40:00Z,2182.23,2183.47,2182.23,2182.60,249
2026-06-22T08:41:00Z,2182.60,2182.60,2181.45,2182.54,122
2026-06-22T08:42:00Z,2182.54,2183.19,2181.39,2182.48,305
2026-06-22T08:43:00Z,2182.48,2182.69,2181.78,2181.99,270
2026-06-22T08:44:00Z,2181.99,2183.89,2181.56,2183.02,232
2026-06-22T08:45:00Z,2183.02,2184.26,2182.37,2183.17,126
2026-06-22T08:46:00Z,2183.17,2183.54,2182.30,2183.33,162
2026-06-22T08:47:00Z,2183.33,2183.76,2182.40,2182.83,199
2026-06-22T08:48:00Z,2182.83,2185.60,2182.62,2184.51,299
2026-06-22T08:49:00Z,2184.51,2185.76,2184.51,2184.67,257
2026-06-22T08:50:00Z,2184.67,2187.23,2184.02,2186.36,166
2026-06-22T08:51:00Z,2186.36,2187.01,2183.68,2184.11,212
2026-06-22T08:52:00Z,2184.11,2184.98,2183.62,2183.83,289
2026-06-22T08:53:00Z,2183.83,2185.30,2183.18,2184.43,247
2026-06-22T08:54:00Z,2184.43,2185.67,2184.22,2185.46,106
2026-06-22T08:55:00Z,2185.46,2186.70,2184.81,2185.61,160
2026-06-22T08:56:00Z,2185.61,2186.26,2183.16,2183.37,110
2026-06-22T08:57:00Z,2183.37,2184.02,2181.13,2181.56,214
2026-06-22T08:58:00Z,2181.56,2182.14,2181.35,2181.71,116
2026-06-22T08:59:00Z,2181.71,2181.92,2181.66,2181.66,108
2026-06-22T09:00:00Z,2181.66,2182.29,2180.79,2182.29,180
2026-06-22T09:01:00Z,2182.29,2183.36,2181.86,2182.49,110
2026-06-22T09:02:00Z,2182.49,2182.49,2181.17,2181.38,137
2026-06-22T09:03:00Z,2181.38,2182.03,2180.27,2181.36,180
2026-06-22T09:04:00Z,2181.36,2181.79,2180.25,2180.68,232
2026-06-22T09:05:00Z,2180.68,2182.84,2179.59,2181.75,112
2026-06-22T09:06:00Z,2181.75,2181.75,2180.64,2181.29,118
2026-06-22T09:07:00Z,2181.29,2183.01,2181.29,2181.92,143
2026-06-22T09:08:00Z,2181.92,2183.01,2181.69,2181.90,208
2026-06-22T09:09:00Z,2181.90,2182.52,2181.47,2182.31,210
2026-06-22T09:10:00Z,2182.31,2184.47,2182.10,2183.38,183
2026-06-22T09:11:00Z,2183.38,2183.38,2182.93,2182.93,222
2026-06-22T09:12:00Z,2182.93,2184.65,2182.93,2183.56,237
2026-06-22T09:13:00Z,2183.56,2183.56,2180.48,2181.57,291
2026-06-22T09:14:00Z,2181.57,2182.44,2180.24,2181.33,197
2026-06-22T09:15:00Z,2181.33,2183.05,2180.90,2182.18,293
2026-06-22T09:16:00Z,2182.18,2182.39,2180.85,2181.94,122
2026-06-22T09:17:00Z,2181.94,2182.35,2181.29,2182.14,214
2026-06-22T09:18:00Z,2182.14,2183.21,2181.27,2182.34,249
2026-06-22T09:19:00Z,2182.34,2183.40,2182.13,2182.97,195
2026-06-22T09:20:00Z,2182.97,2183.82,2182.54,2183.82,178
2026-06-22T09:21:00Z,2183.82,2187.07,2183.17,2185.98,291
2026-06-22T09:22:00Z,2185.98,2188.57,2184.89,2187.92,312
2026-06-22T09:23:00Z,2187.92,2189.01,2185.73,2186.82,145
2026-06-22T09:24:00Z,2186.82,2187.47,2184.83,2185.92,278
2026-06-22T09:25:00Z,2185.92,2187.01,2184.37,2185.02,216
2026-06-22T09:26:00Z,2185.02,2185.64,2185.02,2185.43,114
2026-06-22T09:27:00Z,2185.43,2187.37,2185.00,2186.28,253
2026-06-22T09:28:00Z,2186.28,2187.15,2184.73,2185.82,212
2026-06-22T09:29:00Z,2185.82,2186.88,2185.61,2186.45,112
2026-06-22T09:30:00Z,2186.45,2186.88,2185.56,2186.43,235
2026-06-22T09:31:00Z,2186.43,2187.28,2186.22,2187.28,201
2026-06-22T09:32:00Z,2187.28,2188.37,2185.95,2187.04,297
2026-06-22T09:33:00Z,2187.04,2187.25,2185.71,2186.14,218
2026-06-22T09:34:00Z,2186.14,2188.51,2185.49,2187.64,270
2026-06-22T09:35:00Z,2187.64,2187.85,2187.43,2187.85,108
2026-06-22T09:36:00Z,2187.85,2189.14,2187.42,2188.05,203
2026-06-22T09:37:00Z,2188.05,2190.43,2186.96,2189.34,122
2026-06-22T09:38:00Z,2189.34,2190.43,2188.89,2189.10,160
2026-06-22T09:39:00Z,2189.10,2189.51,2188.89,2189.51,116
2026-06-22T09:40:00Z,2189.51,2189.72,2186.43,2187.52,193
2026-06-22T09:41:00Z,2187.52,2187.52,2185.54,2185.75,137
2026-06-22T09:42:00Z,2185.75,2186.84,2184.86,2185.07,253
2026-06-22T09:43:00Z,2185.07,2185.94,2184.40,2184.83,183
2026-06-22T09:44:00Z,2184.83,2186.76,2183.96,2186.11,235
2026-06-22T09:45:00Z,2186.11,2186.52,2185.02,2186.31,185
2026-06-22T09:46:00Z,2186.31,2186.31,2185.86,2186.07,110
2026-06-22T09:47:00Z,2186.07,2186.28,2185.41,2185.84,180
2026-06-22T09:48:00Z,2185.84,2186.27,2184.08,2184.95,293
2026-06-22T09:49:00Z,2184.95,2186.67,2184.52,2185.58,247
2026-06-22T09:50:00Z,2185.58,2186.67,2184.26,2184.69,174
2026-06-22T09:51:00Z,2184.69,2185.12,2183.59,2184.02,237
2026-06-22T09:52:00Z,2184.02,2184.43,2184.02,2184.22,170
2026-06-22T09:53:00Z,2184.22,2185.50,2184.01,2185.07,293
2026-06-22T09:54:00Z,2185.07,2185.69,2184.64,2185.48,243
2026-06-22T09:55:00Z,2185.48,2185.48,2184.16,2184.81,178
2026-06-22T09:56:00Z,2184.81,2185.44,2183.72,2185.44,147
2026-06-22T09:57:00Z,2185.44,2185.65,2184.34,2184.77,284
2026-06-22T09:58:00Z,2184.77,2184.98,2183.23,2183.23,126
2026-06-22T09:59:00Z,2183.23,2184.96,2183.02,2184.09,307
2026-06-22T10:00:00Z,2184.09,2184.09,2182.39,2182.60,257
2026-06-22T10:01:00Z,2182.60,2183.95,2182.17,2183.52,224
2026-06-22T10:02:00Z,2183.52,2185.97,2183.31,2184.88,168
2026-06-22T10:03:00Z,2184.88,2185.79,2184.23,2184.92,232
2026-06-22T10:04:00Z,2184.92,2186.01,2182.56,2183.65,110
2026-06-22T10:05:00Z,2183.65,2184.13,2182.78,2183.70,178
2026-06-22T10:06:00Z,2183.70,2183.91,2182.88,2183.09,224
2026-06-22T10:07:00Z,2183.09,2183.30,2181.39,2182.26,291
2026-06-22T10:08:00Z,2182.26,2183.13,2179.92,2180.57,237
2026-06-22T10:09:00Z,2180.57,2182.36,2179.70,2181.49,249
2026-06-22T10:10:00Z,2181.49,2182.85,2180.40,2182.20,307
2026-06-22T10:11:00Z,2182.20,2182.68,2181.11,2182.68,264
2026-06-22T10:12:00Z,2182.68,2183.33,2180.98,2182.07,228
2026-06-22T10:13:00Z,2182.07,2183.22,2181.42,2183.22,151
2026-06-22T10:14:00Z,2183.22,2184.36,2183.22,2184.36,172
2026-06-22T10:15:00Z,2184.36,2185.93,2183.71,2185.06,180
2026-06-22T10:16:00Z,2185.06,2186.20,2183.97,2185.55,151
2026-06-22T10:17:00Z,2185.55,2186.24,2184.68,2186.03,145
2026-06-22T10:18:00Z,2186.03,2187.16,2185.82,2186.73,116
2026-06-22T10:19:00Z,2186.73,2187.87,2186.52,2187.22,270
2026-06-22T10:20:00Z,2187.22,2189.01,2186.35,2187.92,158
2026-06-22T10:21:00Z,2187.92,2188.18,2187.71,2187.97,274
2026-06-22T10:22:00Z,2187.97,2189.06,2187.37,2187.80,160
2026-06-22T10:23:00Z,2187.80,2188.23,2185.44,2186.53,189
2026-06-22T10:24:00Z,2186.53,2187.68,2186.53,2187.68,278
2026-06-22T10:25:00Z,2187.68,2189.47,2187.68,2188.82,278
2026-06-22T10:26:00Z,2188.82,2190.39,2188.39,2189.52,199
2026-06-22T10:27:00Z,2189.52,2190.22,2189.31,2190.01,178
2026-06-22T10:28:00Z,2190.01,2190.22,2189.62,2189.62,293
2026-06-22T10:29:00Z,2189.62,2191.42,2188.97,2190.99,262
2026-06-22T10:30:00Z,2190.99,2192.34,2190.12,2192.13,270
2026-06-22T10:31:00Z,2192.13,2193.70,2192.13,2192.83,133
2026-06-22T10:32:00Z,2192.83,2194.86,2192.40,2194.86,193
2026-06-22T10:33:00Z,2194.86,2195.51,2193.15,2193.36,131
2026-06-22T10:34:00Z,2193.36,2194.01,2191.88,2192.75,145
2026-06-22T10:35:00Z,2192.75,2193.62,2191.06,2191.93,135
2026-06-22T10:36:00Z,2191.93,2193.02,2190.22,2190.22,241
2026-06-22T10:37:00Z,2190.22,2191.79,2190.22,2191.14,257
2026-06-22T10:38:00Z,2191.14,2191.79,2189.23,2189.88,222
2026-06-22T10:39:00Z,2189.88,2191.89,2189.45,2191.02,110
2026-06-22T10:40:00Z,2191.02,2191.02,2189.11,2189.76,176
2026-06-22T10:41:00Z,2189.76,2189.97,2188.50,2189.59,312
2026-06-22T10:42:00Z,2189.59,2190.24,2187.23,2187.88,193
2026-06-22T10:43:00Z,2187.88,2187.88,2185.97,2187.06,230
2026-06-22T10:44:00Z,2187.06,2187.71,2185.58,2186.67,116
2026-06-22T10:45:00Z,2186.67,2187.76,2186.06,2186.06,276
2026-06-22T10:46:00Z,2186.06,2186.98,2185.85,2186.33,201
2026-06-22T10:47:00Z,2186.33,2188.12,2185.24,2187.47,166
2026-06-22T10:48:00Z,2187.47,2189.70,2187.47,2188.61,216
2026-06-22T10:49:00Z,2188.61,2189.04,2187.14,2187.79,110
2026-06-22T10:50:00Z,2187.79,2190.24,2187.14,2189.15,199
2026-06-22T10:51:00Z,2189.15,2189.58,2186.58,2187.67,158
2026-06-22T10:52:00Z,2187.67,2188.54,2186.19,2187.28,212
2026-06-22T10:53:00Z,2187.28,2187.49,2186.02,2186.89,160
2026-06-22T10:54:00Z,2186.89,2188.47,2186.24,2187.38,149
2026-06-22T10:55:00Z,2187.38,2187.81,2184.58,2185.23,297
2026-06-22T10:56:00Z,2185.23,2187.24,2184.14,2186.15,228
2026-06-22T10:57:00Z,2186.15,2186.85,2185.72,2186.20,189
2026-06-22T10:58:00Z,2186.20,2187.77,2185.99,2187.34,303
2026-06-22T10:59:00Z,2187.34,2187.77,2186.52,2186.52,189
2026-06-22T11:00:00Z,2186.52,2188.45,2185.87,2187.58,245
2026-06-22T11:01:00Z,2187.58,2188.01,2186.90,2187.33,228
2026-06-22T11:02:00Z,2187.33,2188.83,2186.68,2188.83,214
2026-06-22T11:03:00Z,2188.83,2189.92,2187.71,2188.36,232
2026-06-22T11:04:00Z,2188.36,2190.29,2188.15,2189.42,282
2026-06-22T11:05:00Z,2189.42,2190.51,2188.29,2188.29,247
2026-06-22T11:06:00Z,2188.29,2190.88,2188.08,2189.79,128
2026-06-22T11:07:00Z,2189.79,2191.72,2188.92,2191.07,137
2026-06-22T11:08:00Z,2191.07,2192.13,2190.64,2191.26,185
2026-06-22T11:09:00Z,2191.26,2192.35,2190.58,2190.79,260
2026-06-22T11:10:00Z,2190.79,2191.00,2189.01,2189.44,291
2026-06-22T11:11:00Z,2189.44,2190.09,2187.88,2188.09,262
2026-06-22T11:12:00Z,2188.09,2188.74,2187.19,2187.84,220
2026-06-22T11:13:00Z,2187.84,2189.55,2186.75,2188.90,133
2026-06-22T11:14:00Z,2188.90,2189.52,2188.90,2189.52,124
2026-06-22T11:15:00Z,2189.52,2189.73,2187.31,2187.96,197
2026-06-22T11:16:00Z,2187.96,2189.45,2187.31,2188.58,216
2026-06-22T11:17:00Z,2188.58,2188.58,2188.34,2188.55,112
2026-06-22T11:18:00Z,2188.55,2188.55,2187.21,2187.42,104
2026-06-22T11:19:00Z,2187.42,2189.79,2187.42,2189.79,262
2026-06-22T11:20:00Z,2189.79,2191.50,2188.92,2190.41,208
2026-06-22T11:21:00Z,2190.41,2192.78,2189.32,2191.91,289
2026-06-22T11:22:00Z,2191.91,2192.56,2191.45,2191.66,193
2026-06-22T11:23:00Z,2191.66,2192.09,2190.54,2191.41,245
2026-06-22T11:24:00Z,2191.41,2193.34,2190.76,2193.13,145
2026-06-22T11:25:00Z,2193.13,2194.40,2192.04,2193.75,185
2026-06-22T11:26:00Z,2193.75,2194.40,2192.63,2193.28,274
2026-06-22T11:27:00Z,2193.28,2193.68,2192.85,2193.68,295
2026-06-22T11:28:00Z,2193.68,2194.77,2192.78,2193.21,120
2026-06-22T11:29:00Z,2193.21,2194.26,2192.12,2193.61,226
2026-06-22T11:30:00Z,2193.61,2194.23,2192.52,2194.23,143
2026-06-22T11:31:00Z,2194.23,2195.32,2193.11,2194.20,185
2026-06-22T11:32:00Z,2194.20,2194.20,2193.51,2193.51,208
2026-06-22T11:33:00Z,2193.51,2194.38,2192.83,2193.48,156
2026-06-22T11:34:00Z,2193.48,2194.10,2193.05,2194.10,210
2026-06-22T11:35:00Z,2194.10,2194.53,2193.64,2194.07,235
2026-06-22T11:36:00Z,2194.07,2195.16,2193.17,2193.60,180
2026-06-22T11:37:00Z,2193.60,2194.69,2193.13,2193.13,104
2026-06-22T11:38:00Z,2193.13,2196.15,2192.04,2195.06,164
2026-06-22T11:39:00Z,2195.06,2195.27,2194.38,2195.03,282
2026-06-22T11:40:00Z,2195.03,2196.08,2194.16,2195.43,178
2026-06-22T11:41:00Z,2195.43,2196.30,2193.43,2194.30,237
2026-06-22T11:42:00Z,2194.30,2196.44,2194.09,2196.23,120
2026-06-22T11:43:00Z,2196.23,2196.23,2195.55,2195.98,260
2026-06-22T11:44:00Z,2195.98,2195.98,2194.42,2195.07,162
2026-06-22T11:45:00Z,2195.07,2195.69,2194.42,2195.26,210
2026-06-22T11:46:00Z,2195.26,2196.35,2193.49,2193.70,295
2026-06-22T11:47:00Z,2193.70,2194.57,2193.45,2193.45,253
2026-06-22T11:48:00Z,2193.45,2195.16,2192.36,2194.73,195
2026-06-22T11:49:00Z,2194.73,2196.23,2193.64,2196.23,301
2026-06-22T11:50:00Z,2196.23,2196.44,2195.54,2195.54,284
2026-06-22T11:51:00Z,2195.54,2196.63,2194.86,2195.29,172
2026-06-22T11:52:00Z,2195.29,2195.29,2193.73,2194.60,295
2026-06-22T11:53:00Z,2194.60,2195.25,2193.92,2194.13,276
2026-06-22T11:54:00Z,2194.13,2194.96,2193.70,2194.75,128
2026-06-22T11:55:00Z,2194.75,2197.77,2194.10,2196.68,260
2026-06-22T11:56:00Z,2196.68,2198.17,2196.68,2197.08,272
2026-06-22T11:57:00Z,2197.08,2198.57,2196.65,2197.70,274
2026-06-22T11:58:00Z,2197.70,2198.35,2196.79,2196.79,216
2026-06-22T11:59:00Z,2196.79,2197.22,2194.81,2195.46,203
2026-06-22T12:00:00Z,2195.46,2196.69,2195.25,2196.26,226
2026-06-22T12:01:00Z,2196.26,2196.91,2194.45,2195.32,106
2026-06-22T12:02:00Z,2195.32,2195.53,2193.94,2194.81,128
2026-06-22T12:03:00Z,2194.81,2196.93,2194.60,2195.84,139
2026-06-22T12:04:00Z,2195.84,2195.99,2195.84,2195.99,297
2026-06-22T12:05:00Z,2195.99,2197.24,2195.12,2197.24,164
2026-06-22T12:06:00Z,2197.24,2197.45,2196.08,2197.17,104
2026-06-22T12:07:00Z,2197.17,2197.17,2195.58,2196.23,199
2026-06-22T12:08:00Z,2196.23,2196.66,2195.29,2195.72,139
2026-06-22T12:09:00Z,2195.72,2196.52,2195.51,2196.31,168
2026-06-22T12:10:00Z,2196.31,2196.89,2195.66,2196.46,301
2026-06-22T12:11:00Z,2196.46,2197.55,2194.87,2195.74,266
2026-06-22T12:12:00Z,2195.74,2195.95,2195.24,2195.45,280
2026-06-22T12:13:00Z,2195.45,2195.61,2195.24,2195.61,274
2026-06-22T12:14:00Z,2195.61,2196.62,2195.61,2196.19,124
2026-06-22T12:15:00Z,2196.19,2196.40,2195.04,2196.13,270
2026-06-22T12:16:00Z,2196.13,2197.15,2195.92,2196.28,170
2026-06-22T12:17:00Z,2196.28,2197.37,2194.69,2195.34,153
2026-06-22T12:18:00Z,2195.34,2196.13,2194.47,2195.70,228
2026-06-22T12:19:00Z,2195.70,2195.70,2194.11,2194.98,131
2026-06-22T12:20:00Z,2194.98,2195.13,2194.33,2195.13,185
2026-06-22T12:21:00Z,2195.13,2195.34,2192.66,2193.53,270
2026-06-22T12:22:00Z,2193.53,2194.18,2191.93,2192.80,282
2026-06-22T12:23:00Z,2192.80,2193.23,2190.55,2191.64,124
2026-06-22T12:24:00Z,2191.64,2192.73,2190.91,2190.91,166
2026-06-22T12:25:00Z,2190.91,2191.28,2190.26,2191.07,205
2026-06-22T12:26:00Z,2191.07,2192.30,2191.07,2191.87,145
2026-06-22T12:27:00Z,2191.87,2192.45,2190.78,2192.24,235
2026-06-22T12:28:00Z,2192.24,2192.67,2190.64,2191.29,166
2026-06-22T12:29:00Z,2191.29,2192.54,2191.08,2191.45,280
2026-06-22T12:30:00Z,2191.45,2192.10,2190.29,2190.94,241
2026-06-22T12:31:00Z,2190.94,2191.15,2190.01,2190.66,126
2026-06-22T12:32:00Z,2190.66,2192.55,2190.66,2192.12,210
2026-06-22T12:33:00Z,2192.12,2192.55,2191.41,2191.84,156
2026-06-22T12:34:00Z,2191.84,2192.27,2190.02,2190.89,293
2026-06-22T12:35:00Z,2190.89,2192.35,2190.24,2192.14,214
2026-06-22T12:36:00Z,2192.14,2192.79,2191.20,2191.63,274
2026-06-22T12:37:00Z,2191.63,2191.63,2190.48,2191.35,268
2026-06-22T12:38:00Z,2191.35,2192.80,2190.26,2192.15,174
2026-06-22T12:39:00Z,2192.15,2193.24,2190.12,2190.77,191
2026-06-22T12:40:00Z,2190.77,2191.86,2189.61,2190.26,149
2026-06-22T12:41:00Z,2190.26,2191.50,2189.17,2190.63,276
2026-06-22T12:42:00Z,2190.63,2191.28,2189.25,2189.68,205
2026-06-22T12:43:00Z,2189.68,2189.89,2189.18,2189.18,235
2026-06-22T12:44:00Z,2189.18,2189.33,2189.18,2189.33,264
2026-06-22T12:45:00Z,2189.33,2190.42,2188.39,2188.39,293
2026-06-22T12:46:00Z,2188.39,2189.18,2187.96,2188.75,170
2026-06-22T12:47:00Z,2188.75,2189.84,2187.60,2187.81,151
2026-06-22T12:48:00Z,2187.81,2188.68,2185.12,2186.21,199
2026-06-22T12:49:00Z,2186.21,2187.88,2185.34,2187.67,176
2026-06-22T12:50:00Z,2187.67,2188.10,2186.52,2186.73,230
2026-06-22T12:51:00Z,2186.73,2188.19,2186.08,2188.19,291
2026-06-22T12:52:00Z,2188.19,2188.19,2187.47,2187.90,137
2026-06-22T12:53:00Z,2187.90,2188.48,2187.90,2188.27,131
2026-06-22T12:54:00Z,2188.27,2190.16,2187.62,2189.07,106
2026-06-22T12:55:00Z,2189.07,2189.88,2188.20,2189.88,110
2026-06-22T12:56:00Z,2189.88,2190.46,2189.88,2190.03,185
2026-06-22T12:57:00Z,2190.03,2192.15,2188.94,2191.28,170
2026-06-22T12:58:00Z,2191.28,2192.95,2190.19,2192.30,128
2026-06-22T12:59:00Z,2192.30,2192.73,2191.37,2192.02,297
2026-06-22T13:00:00Z,2192.02,2192.13,2191.81,2192.13,170
2026-06-22T13:01:00Z,2192.13,2192.13,2190.49,2191.14,108
2026-06-22T13:02:00Z,2191.14,2193.66,2190.93,2193.45,183
2026-06-22T13:03:00Z,2193.45,2193.77,2192.80,2193.56,278
2026-06-22T13:04:00Z,2193.56,2195.63,2192.69,2194.76,251
2026-06-22T13:05:00Z,2194.76,2196.40,2193.89,2196.19,243
2026-06-22T13:06:00Z,2196.19,2198.48,2195.98,2197.83,172
2026-06-22T13:07:00Z,2197.83,2199.68,2197.83,2199.25,170
2026-06-22T13:08:00Z,2199.25,2200.67,2198.38,2199.58,120
2026-06-22T13:09:00Z,2199.58,2201.44,2198.49,2200.34,108
2026-06-22T13:10:00Z,2200.34,2201.32,2200.34,2200.66,232
2026-06-22T13:11:00Z,2200.66,2200.88,2199.46,2200.34,297
2026-06-22T13:12:00Z,2200.34,2201.22,2199.79,2200.01,205
2026-06-22T13:13:00Z,2200.01,2200.01,2198.59,2199.68,289
2026-06-22T13:14:00Z,2199.68,2200.55,2198.93,2199.36,232
2026-06-22T13:15:00Z,2199.36,2201.66,2198.27,2200.78,172
2026-06-22T13:16:00Z,2200.78,2201.66,2199.79,2200.23,249
2026-06-22T13:17:00Z,2200.23,2201.88,2199.35,2201.00,147
2026-06-22T13:18:00Z,2201.00,2202.20,2199.90,2201.98,126
2026-06-22T13:19:00Z,2201.98,2202.54,2201.76,2202.10,243
2026-06-22T13:20:00Z,2202.10,2203.74,2201.00,2202.86,197
2026-06-22T13:21:00Z,2202.86,2204.29,2202.86,2203.63,168
2026-06-22T13:22:00Z,2203.63,2204.85,2202.75,2204.85,128
2026-06-22T13:23:00Z,2204.85,2205.95,2202.09,2203.19,141
2026-06-22T13:24:00Z,2203.19,2204.18,2202.53,2203.74,278
2026-06-22T13:25:00Z,2203.74,2204.62,2203.41,2203.63,158
2026-06-22T13:26:00Z,2203.63,2203.85,2201.97,2202.85,118
2026-06-22T13:27:00Z,2202.85,2203.07,2200.98,2202.08,257
2026-06-22T13:28:00Z,2202.08,2202.52,2200.00,2201.10,153
2026-06-22T13:29:00Z,2201.10,2201.32,2200.77,2200.77,212
2026-06-22T13:30:00Z,2200.77,2200.77,2198.91,2199.78,116
2026-06-22T13:31:00Z,2199.78,2200.99,2198.91,2200.11,141
2026-06-22T13:32:00Z,2200.11,2200.65,2199.23,2200.43,156
2026-06-22T13:33:00Z,2200.43,2202.07,2199.77,2201.19,232
2026-06-22T13:34:00Z,2201.19,2201.19,2199.11,2200.21,112
2026-06-22T13:35:00Z,2200.21,2200.54,2199.55,2200.32,151
2026-06-22T13:36:00Z,2200.32,2200.54,2199.34,2199.55,114
2026-06-22T13:37:00Z,2199.55,2200.42,2198.58,2199.23,280
2026-06-22T13:38:00Z,2199.23,2200.43,2199.02,2199.34,128
2026-06-22T13:39:00Z,2199.34,2200.32,2198.47,2199.89,108
2026-06-22T13:40:00Z,2199.89,2201.53,2198.80,2201.31,149
2026-06-22T13:41:00Z,2201.31,2202.95,2201.31,2202.07,270
2026-06-22T13:42:00Z,2202.07,2202.62,2202.07,2202.62,214
2026-06-22T13:43:00Z,2202.62,2203.60,2201.52,2203.60,158
2026-06-22T13:44:00Z,2203.60,2204.26,2202.39,2202.83,241
2026-06-22T13:45:00Z,2202.83,2203.60,2202.83,2203.16,299
2026-06-22T13:46:00Z,2203.16,2203.82,2202.39,2202.61,276
2026-06-22T13:47:00Z,2202.61,2203.71,2201.40,2201.40,307
2026-06-22T13:48:00Z,2201.40,2202.18,2200.96,2201.52,122
2026-06-22T13:49:00Z,2201.52,2202.72,2201.30,2201.84,193
2026-06-22T13:50:00Z,2201.84,2202.61,2201.18,2201.95,203
2026-06-22T13:51:00Z,2201.95,2203.38,2201.07,2202.72,214
2026-06-22T13:52:00Z,2202.72,2202.72,2201.95,2202.39,160
2026-06-22T13:53:00Z,2202.39,2202.39,2200.08,2200.96,139
2026-06-22T13:54:00Z,2200.96,2201.62,2199.77,2199.98,112
2026-06-22T13:55:00Z,2199.98,2201.40,2199.77,2200.52,312
2026-06-22T13:56:00Z,2200.52,2201.72,2199.86,2201.72,199
2026-06-22T13:57:00Z,2201.72,2202.49,2201.50,2202.05,118
2026-06-22T13:58:00Z,2202.05,2202.27,2201.06,2201.50,131
2026-06-22T13:59:00Z,2201.50,2202.49,2201.50,2202.49,116
2026-06-22T14:00:00Z,2202.49,2203.77,2201.39,2203.11,237
2026-06-22T14:01:00Z,2203.11,2203.11,2202.18,2202.84,212
2026-06-22T14:02:00Z,2202.84,2203.24,2202.18,2203.02,266
2026-06-22T14:03:00Z,2203.02,2203.90,2202.09,2202.31,151
2026-06-22T14:04:00Z,2202.31,2202.75,2199.62,2200.50,151
2026-06-22T14:05:00Z,2200.50,2201.78,2200.50,2201.12,199
2026-06-22T14:06:00Z,2201.12,2202.22,2200.64,2201.08,116
2026-06-22T14:07:00Z,2201.08,2201.71,2201.08,2201.71,210
2026-06-22T14:08:00Z,2201.71,2201.93,2199.68,2200.34,247
2026-06-22T14:09:00Z,2200.34,2201.40,2200.12,2200.74,303
2026-06-22T14:10:00Z,2200.74,2203.12,2200.52,2202.02,145
2026-06-22T14:11:00Z,2202.02,2202.68,2200.21,2200.87,301
2026-06-22T14:12:00Z,2200.87,2201.97,2198.85,2199.94,257
2026-06-22T14:13:00Z,2199.94,2201.03,2197.92,2198.57,126
2026-06-22T14:14:00Z,2198.57,2200.06,2197.92,2199.19,291
2026-06-22T14:15:00Z,2199.19,2200.06,2199.15,2199.15,197
2026-06-22T14:16:00Z,2199.15,2199.75,2199.15,2199.32,224
2026-06-22T14:17:00Z,2199.32,2199.53,2199.06,2199.06,289
2026-06-22T14:18:00Z,2199.06,2200.15,2198.14,2198.14,108
2026-06-22T14:19:00Z,2198.14,2199.18,2197.05,2198.75,205
2026-06-22T14:20:00Z,2198.75,2199.40,2197.40,2197.83,307
2026-06-22T14:21:00Z,2197.83,2199.97,2196.74,2198.88,212
2026-06-22T14:22:00Z,2198.88,2199.93,2198.01,2199.50,116
2026-06-22T14:23:00Z,2199.50,2200.59,2197.70,2198.57,295
2026-06-22T14:24:00Z,2198.57,2198.57,2197.44,2198.53,197
2026-06-22T14:25:00Z,2198.53,2199.18,2196.96,2197.61,232
2026-06-22T14:26:00Z,2197.61,2197.61,2195.60,2196.69,276
2026-06-22T14:27:00Z,2196.69,2198.83,2195.60,2197.96,143
2026-06-22T14:28:00Z,2197.96,2198.39,2195.95,2196.16,280
2026-06-22T14:29:00Z,2196.16,2197.21,2195.51,2197.00,295
2026-06-22T14:30:00Z,2197.00,2198.09,2194.77,2195.64,191
2026-06-22T14:31:00Z,2195.64,2196.90,2195.64,2196.03,287
2026-06-22T14:32:00Z,2196.03,2197.12,2195.99,2195.99,120
2026-06-22T14:33:00Z,2195.99,2196.42,2193.98,2194.85,289
2026-06-22T14:34:00Z,2194.85,2197.43,2194.42,2196.78,270
2026-06-22T14:35:00Z,2196.78,2197.60,2195.69,2197.17,164
2026-06-22T14:36:00Z,2197.17,2197.38,2196.26,2196.47,305
2026-06-22T14:37:00Z,2196.47,2197.52,2195.60,2196.65,249
2026-06-22T14:38:00Z,2196.65,2198.35,2196.44,2197.48,158
2026-06-22T14:39:00Z,2197.48,2197.48,2195.25,2196.12,216
2026-06-22T14:40:00Z,2196.12,2196.94,2195.47,2196.29,128
2026-06-22T14:41:00Z,2196.29,2196.29,2194.06,2195.15,180
2026-06-22T14:42:00Z,2195.15,2196.19,2194.06,2195.54,145
2026-06-22T14:43:00Z,2195.54,2196.19,2194.63,2195.50,235
2026-06-22T14:44:00Z,2195.50,2195.93,2194.82,2195.47,131
2026-06-22T14:45:00Z,2195.47,2196.56,2193.02,2193.67,203
2026-06-22T14:46:00Z,2193.67,2193.88,2193.20,2193.41,299
2026-06-22T14:47:00Z,2193.41,2195.11,2192.32,2194.68,141
2026-06-22T14:48:00Z,2194.68,2195.11,2192.45,2193.54,251
2026-06-22T14:49:00Z,2193.54,2193.75,2192.19,2193.28,176
2026-06-22T14:50:00Z,2193.28,2193.88,2192.63,2193.45,104
2026-06-22T14:51:00Z,2193.45,2196.25,2192.36,2195.38,312
2026-06-22T14:52:00Z,2195.38,2196.43,2194.73,2196.00,235
2026-06-22T14:53:00Z,2196.00,2196.82,2195.57,2196.61,195
2026-06-22T14:54:00Z,2196.61,2197.26,2196.14,2196.35,178
2026-06-22T14:55:00Z,2196.35,2197.22,2196.10,2196.31,158
2026-06-22T14:56:00Z,2196.31,2199.11,2195.22,2198.46,266
2026-06-22T14:57:00Z,2198.46,2199.51,2197.81,2199.30,284
2026-06-22T14:58:00Z,2199.30,2202.34,2198.87,2201.24,168
2026-06-22T14:59:00Z,2201.24,2202.53,2200.80,2202.09,151
2026-06-22T15:00:00Z,2202.09,2202.75,2200.46,2201.12,253
2026-06-22T15:01:00Z,2201.12,2201.78,2198.85,2199.50,164
2026-06-22T15:02:00Z,2199.50,2199.71,2197.45,2198.10,210
2026-06-22T15:03:00Z,2198.10,2198.75,2196.50,2197.59,257
2026-06-22T15:04:00Z,2197.59,2198.59,2197.59,2198.16,255
2026-06-22T15:05:00Z,2198.16,2198.81,2195.68,2196.55,164
2026-06-22T15:06:00Z,2196.55,2196.90,2196.55,2196.69,187
2026-06-22T15:07:00Z,2196.69,2198.36,2196.69,2197.71,147
2026-06-22T15:08:00Z,2197.71,2198.80,2197.20,2197.63,291
2026-06-22T15:09:00Z,2197.63,2199.30,2196.54,2198.21,297
2026-06-22T15:10:00Z,2198.21,2199.65,2197.56,2199.00,226
2026-06-22T15:11:00Z,2199.00,2200.01,2198.57,2199.36,158
2026-06-22T15:12:00Z,2199.36,2201.03,2199.15,2200.59,297
2026-06-22T15:13:00Z,2200.59,2201.03,2199.20,2200.30,222
2026-06-22T15:14:00Z,2200.30,2200.30,2198.25,2198.68,137
2026-06-22T15:15:00Z,2198.68,2198.68,2198.17,2198.17,212
2026-06-22T15:16:00Z,2198.17,2198.60,2197.44,2197.87,293
2026-06-22T15:17:00Z,2197.87,2198.96,2196.49,2196.92,216
2026-06-22T15:18:00Z,2196.92,2199.24,2195.83,2198.37,201
2026-06-22T15:19:00Z,2198.37,2200.04,2198.37,2198.95,235
2026-06-22T15:20:00Z,2198.95,2199.38,2198.44,2198.87,191
2026-06-22T15:21:00Z,2198.87,2200.54,2198.00,2199.45,245
2026-06-22T15:22:00Z,2199.45,2200.46,2199.24,2200.02,104
2026-06-22T15:23:00Z,2200.02,2201.04,2199.80,2200.60,168
2026-06-22T15:24:00Z,2200.60,2200.82,2198.77,2199.42,124
2026-06-22T15:25:00Z,2199.42,2200.88,2198.77,2200.66,124
2026-06-22T15:26:00Z,2200.66,2201.23,2200.44,2201.23,208
2026-06-22T15:27:00Z,2201.23,2203.13,2200.57,2202.91,199
2026-06-22T15:28:00Z,2202.91,2204.36,2202.69,2203.26,149
2026-06-22T15:29:00Z,2203.26,2205.82,2202.16,2204.94,151
2026-06-22T15:30:00Z,2204.94,2207.50,2204.50,2207.06,203
2026-06-22T15:31:00Z,2207.06,2207.87,2205.96,2207.21,108
2026-06-22T15:32:00Z,2207.21,2207.21,2204.92,2206.02,249
2026-06-22T15:33:00Z,2206.02,2207.49,2204.92,2206.83,141
2026-06-22T15:34:00Z,2206.83,2207.93,2206.74,2206.74,158
2026-06-22T15:35:00Z,2206.74,2206.74,2205.12,2206.22,135
2026-06-22T15:36:00Z,2206.22,2207.24,2205.34,2207.24,312
2026-06-22T15:37:00Z,2207.24,2208.93,2207.02,2207.83,260
2026-06-22T15:38:00Z,2207.83,2207.97,2207.61,2207.97,199
2026-06-22T15:39:00Z,2207.97,2208.63,2205.47,2206.57,301
2026-06-22T15:40:00Z,2206.57,2206.79,2204.94,2205.16,299
2026-06-22T15:41:00Z,2205.16,2206.41,2204.94,2205.31,104
2026-06-22T15:42:00Z,2205.31,2205.97,2204.13,2205.01,260
2026-06-22T15:43:00Z,2205.01,2206.69,2203.91,2205.59,293
2026-06-22T15:44:00Z,2205.59,2205.59,2204.63,2204.63,212
2026-06-22T15:45:00Z,2204.63,2205.07,2201.70,2202.58,251
2026-06-22T15:46:00Z,2202.58,2202.80,2200.52,2200.74,189
2026-06-22T15:47:00Z,2200.74,2201.32,2200.30,2201.32,291
2026-06-22T15:48:00Z,2201.32,2202.20,2199.26,2200.14,303
2026-06-22T15:49:00Z,2200.14,2200.29,2200.14,2200.29,208
2026-06-22T15:50:00Z,2200.29,2200.29,2198.90,2199.77,257
2026-06-22T15:51:00Z,2199.77,2199.92,2199.34,2199.92,166
2026-06-22T15:52:00Z,2199.92,2201.37,2199.49,2200.27,162
2026-06-22T15:53:00Z,2200.27,2201.15,2199.55,2199.98,135
2026-06-22T15:54:00Z,2199.98,2201.65,2199.33,2201.21,232
2026-06-22T15:55:00Z,2201.21,2202.01,2200.11,2201.79,297
2026-06-22T15:56:00Z,2201.79,2202.23,2201.27,2201.27,126
2026-06-22T15:57:00Z,2201.27,2203.17,2200.17,2202.07,151
2026-06-22T15:58:00Z,2202.07,2202.29,2201.11,2201.33,301
2026-06-22T15:59:00Z,2201.33,2201.48,2200.67,2201.48,137
2026-06-22T16:00:00Z,2201.48,2202.61,2201.48,2202.61,299
2026-06-22T16:01:00Z,2202.61,2203.71,2201.98,2201.98,145
2026-06-22T16:02:00Z,2201.98,2202.20,2200.68,2200.90,218
2026-06-22T16:03:00Z,2200.90,2201.12,2199.18,2199.83,266
2026-06-22T16:04:00Z,2199.83,2200.92,2198.55,2198.98,239
2026-06-22T16:05:00Z,2198.98,2200.76,2198.11,2199.89,118
2026-06-22T16:06:00Z,2199.89,2200.54,2198.17,2199.04,195
2026-06-22T16:07:00Z,2199.04,2200.16,2197.95,2199.95,241
2026-06-22T16:08:00Z,2199.95,2201.04,2198.01,2198.44,112
2026-06-22T16:09:00Z,2198.44,2199.35,2197.79,2199.35,309
2026-06-22T16:10:00Z,2199.35,2200.47,2199.35,2200.25,243
2026-06-22T16:11:00Z,2200.25,2202.70,2200.25,2201.60,222
2026-06-22T16:12:00Z,2201.60,2201.82,2200.30,2200.96,118
2026-06-22T16:13:00Z,2200.96,2201.40,2199.02,2199.89,297
2026-06-22T16:14:00Z,2199.89,2200.10,2198.62,2199.49,151
2026-06-22T16:15:00Z,2199.49,2199.92,2199.08,2199.08,203
2026-06-22T16:16:00Z,2199.08,2200.17,2196.27,2197.14,162
2026-06-22T16:17:00Z,2197.14,2198.23,2195.42,2195.85,214
2026-06-22T16:18:00Z,2195.85,2196.50,2194.80,2195.23,203
2026-06-22T16:19:00Z,2195.23,2195.44,2194.83,2195.04,224
2026-06-22T16:20:00Z,2195.04,2195.51,2194.61,2195.08,243
2026-06-22T16:21:00Z,2195.08,2195.53,2194.65,2195.32,205
2026-06-22T16:22:00Z,2195.32,2195.97,2193.61,2194.48,251
2026-06-22T16:23:00Z,2194.48,2195.57,2193.42,2194.29,230
2026-06-22T16:24:00Z,2194.29,2195.19,2193.64,2194.98,287
2026-06-22T16:25:00Z,2194.98,2195.19,2194.14,2194.35,174
2026-06-22T16:26:00Z,2194.35,2194.35,2193.30,2194.17,197
2026-06-22T16:27:00Z,2194.17,2196.38,2193.96,2195.95,141
2026-06-22T16:28:00Z,2195.95,2196.85,2195.95,2196.20,241
2026-06-22T16:29:00Z,2196.20,2197.54,2195.55,2196.89,162
2026-06-22T16:30:00Z,2196.89,2197.34,2196.68,2197.13,106
2026-06-22T16:31:00Z,2197.13,2198.91,2196.92,2198.48,122
2026-06-22T16:32:00Z,2198.48,2199.60,2197.83,2199.60,307
2026-06-22T16:33:00Z,2199.60,2200.95,2199.60,2200.29,199
2026-06-22T16:34:00Z,2200.29,2201.85,2199.41,2201.85,257
2026-06-22T16:35:00Z,2201.85,2202.29,2200.12,2201.22,307
2026-06-22T16:36:00Z,2201.22,2202.10,2199.71,2200.37,201
2026-06-22T16:37:00Z,2200.37,2200.84,2199.27,2200.62,137
2026-06-22T16:38:00Z,2200.62,2201.96,2200.62,2201.30,245
2026-06-22T16:39:00Z,2201.30,2201.52,2200.02,2200.02,133
2026-06-22T16:40:00Z,2200.02,2200.49,2198.92,2200.05,189
2026-06-22T16:41:00Z,2200.05,2201.15,2198.34,2198.55,249
2026-06-22T16:42:00Z,2198.55,2199.20,2197.70,2197.70,205
2026-06-22T16:43:00Z,2197.70,2198.79,2196.87,2197.30,249
2026-06-22T16:44:00Z,2197.30,2197.55,2197.30,2197.55,307
2026-06-22T16:45:00Z,2197.55,2199.32,2197.55,2198.45,284
2026-06-22T16:46:00Z,2198.45,2198.45,2196.96,2197.83,189
2026-06-22T16:47:00Z,2197.83,2198.73,2196.96,2197.86,270
2026-06-22T16:48:00Z,2197.86,2200.52,2196.99,2199.65,230
2026-06-22T16:49:00Z,2199.65,2199.65,2198.37,2199.46,280
2026-06-22T16:50:00Z,2199.46,2201.02,2198.59,2199.93,118
2026-06-22T16:51:00Z,2199.93,2201.49,2198.84,2201.05,174
2026-06-22T16:52:00Z,2201.05,2201.97,2199.95,2201.09,147
2026-06-22T16:53:00Z,2201.09,2202.22,2201.09,2201.12,309
2026-06-22T16:54:00Z,2201.12,2202.00,2199.40,2200.50,108
2026-06-22T16:55:00Z,2200.50,2201.84,2199.40,2201.18,216
2026-06-22T16:56:00Z,2201.18,2201.18,2200.12,2201.00,295
2026-06-22T16:57:00Z,2201.00,2201.44,2199.93,2200.81,187
2026-06-22T16:58:00Z,2200.81,2201.28,2200.37,2201.06,147
2026-06-22T16:59:00Z,2201.06,2201.72,2199.78,2200.22,147
2026-06-22T17:00:00Z,2200.22,2200.85,2199.78,2200.85,297
2026-06-22T17:01:00Z,2200.85,2201.29,2198.84,2199.93,126
2026-06-22T17:02:00Z,2199.93,2199.93,2199.25,2199.68,287
2026-06-22T17:03:00Z,2199.68,2200.33,2196.80,2197.67,133
2026-06-22T17:04:00Z,2197.67,2198.94,2197.46,2198.29,260
2026-06-22T17:05:00Z,2198.29,2199.35,2197.20,2198.70,168
2026-06-22T17:06:00Z,2198.70,2199.79,2198.02,2198.45,158
2026-06-22T17:07:00Z,2198.45,2198.66,2197.11,2197.54,183
2026-06-22T17:08:00Z,2197.54,2197.97,2195.98,2196.41,112
2026-06-22T17:09:00Z,2196.41,2196.62,2194.41,2195.28,257
2026-06-22T17:10:00Z,2195.28,2196.15,2193.95,2194.82,126
2026-06-22T17:11:00Z,2194.82,2195.47,2193.26,2193.91,104
2026-06-22T17:12:00Z,2193.91,2195.62,2193.48,2194.75,141
2026-06-22T17:13:00Z,2194.75,2195.15,2194.32,2194.94,307
2026-06-22T17:14:00Z,2194.94,2195.81,2193.82,2194.25,282
2026-06-22T17:15:00Z,2194.25,2195.74,2193.38,2194.87,274
2026-06-22T17:16:00Z,2194.87,2196.15,2194.66,2195.94,301
2026-06-22T17:17:00Z,2195.94,2196.37,2194.16,2194.81,110
2026-06-22T17:18:00Z,2194.81,2195.43,2194.38,2195.43,260
2026-06-22T17:19:00Z,2195.43,2196.26,2195.43,2195.83,108
2026-06-22T17:20:00Z,2195.83,2196.70,2195.37,2195.80,278
2026-06-22T17:21:00Z,2195.80,2196.67,2194.03,2194.68,241
2026-06-22T17:22:00Z,2194.68,2195.33,2193.56,2193.99,276
2026-06-22T17:23:00Z,2193.99,2194.86,2192.87,2193.96,212
2026-06-22T17:24:00Z,2193.96,2195.89,2192.87,2195.24,293
2026-06-22T17:25:00Z,2195.24,2196.51,2195.03,2195.64,147
2026-06-22T17:26:00Z,2195.64,2196.91,2194.55,2196.04,276
2026-06-22T17:27:00Z,2196.04,2197.54,2196.04,2196.67,232
2026-06-22T17:28:00Z,2196.67,2198.38,2196.24,2197.51,270
2026-06-22T17:29:00Z,2197.51,2198.60,2195.72,2195.72,284
2026-06-22T17:30:00Z,2195.72,2196.15,2195.04,2195.69,145
2026-06-22T17:31:00Z,2195.69,2196.96,2195.26,2196.75,232
2026-06-22T17:32:00Z,2196.75,2197.62,2196.30,2196.51,228
2026-06-22T17:33:00Z,2196.51,2197.60,2194.95,2195.60,149
2026-06-22T17:34:00Z,2195.60,2196.88,2194.95,2195.79,218
2026-06-22T17:35:00Z,2195.79,2196.19,2195.14,2195.98,297
2026-06-22T17:36:00Z,2195.98,2196.85,2194.86,2195.73,228
2026-06-22T17:37:00Z,2195.73,2195.94,2193.95,2194.82,307
2026-06-22T17:38:00Z,2194.82,2195.47,2193.49,2194.58,135
2026-06-22T17:39:00Z,2194.58,2194.79,2193.02,2193.45,235
2026-06-22T17:40:00Z,2193.45,2194.50,2192.58,2193.85,183
2026-06-22T17:41:00Z,2193.85,2195.34,2193.85,2194.25,226
2026-06-22T17:42:00Z,2194.25,2194.90,2194.01,2194.22,297
2026-06-22T17:43:00Z,2194.22,2196.16,2193.57,2195.07,133
2026-06-22T17:44:00Z,2195.07,2196.34,2194.86,2195.69,230
2026-06-22T17:45:00Z,2195.69,2197.84,2195.48,2196.97,245
2026-06-22T17:46:00Z,2196.97,2198.03,2196.54,2197.16,120
2026-06-22T17:47:00Z,2197.16,2198.65,2197.16,2198.44,299
2026-06-22T17:48:00Z,2198.44,2198.87,2197.10,2197.97,145
2026-06-22T17:49:00Z,2197.97,2200.57,2197.32,2199.48,120
2026-06-22T17:50:00Z,2199.48,2200.57,2198.58,2199.01,255
2026-06-22T17:51:00Z,2199.01,2200.50,2198.58,2199.85,187
2026-06-22T17:52:00Z,2199.85,2200.50,2198.73,2199.60,272
2026-06-22T17:53:00Z,2199.60,2201.98,2199.60,2201.10,153
2026-06-22T17:54:00Z,2201.10,2203.05,2200.00,2201.95,309
2026-06-22T17:55:00Z,2201.95,2202.39,2201.26,2201.48,268
2026-06-22T17:56:00Z,2201.48,2202.36,2200.57,2201.01,205
2026-06-22T17:57:00Z,2201.01,2201.01,2200.32,2200.76,208
2026-06-22T17:58:00Z,2200.76,2201.20,2200.07,2200.29,270
2026-06-22T17:59:00Z,2200.29,2200.70,2199.85,2200.70,264
2026-06-22T18:00:00Z,2200.70,2200.70,2200.27,2200.49,199
2026-06-22T18:01:00Z,2200.49,2200.49,2198.52,2198.95,214
2026-06-22T18:02:00Z,2198.95,2199.38,2197.43,2198.30,299
2026-06-22T18:03:00Z,2198.30,2198.95,2196.78,2197.87,135
2026-06-22T18:04:00Z,2197.87,2198.30,2195.69,2196.12,118
2026-06-22T18:05:00Z,2196.12,2198.54,2195.03,2197.45,264
2026-06-22T18:06:00Z,2197.45,2198.98,2197.45,2198.55,193
2026-06-22T18:07:00Z,2198.55,2199.42,2197.02,2197.67,126
2026-06-22T18:08:00Z,2197.67,2198.32,2195.70,2195.70,257
2026-06-22T18:09:00Z,2195.70,2196.13,2195.70,2195.70,299
2026-06-22T18:10:00Z,2195.70,2198.77,2194.61,2197.90,247
2026-06-22T18:11:00Z,2197.90,2198.33,2195.28,2196.15,199
2026-06-22T18:12:00Z,2196.15,2196.15,2194.41,2195.50,141
2026-06-22T18:13:00Z,2195.50,2196.15,2195.50,2195.72,272
2026-06-22T18:14:00Z,2195.72,2197.47,2195.29,2197.04,168
2026-06-22T18:15:00Z,2197.04,2198.13,2196.17,2196.60,108
2026-06-22T18:16:00Z,2196.60,2197.69,2195.52,2195.95,187
2026-06-22T18:17:00Z,2195.95,2195.96,2195.30,2195.96,168
2026-06-22T18:18:00Z,2195.96,2197.72,2195.75,2197.72,151
2026-06-22T18:19:00Z,2197.72,2198.60,2197.29,2197.73,287
2026-06-22T18:20:00Z,2197.73,2197.73,2197.52,2197.52,124
2026-06-22T18:21:00Z,2197.52,2198.40,2196.43,2197.75,291
2026-06-22T18:22:00Z,2197.75,2198.85,2197.54,2198.20,278
2026-06-22T18:23:00Z,2198.20,2198.20,2196.24,2197.33,131
2026-06-22T18:24:00Z,2197.33,2198.65,2196.90,2198.00,112
2026-06-22T18:25:00Z,2198.00,2198.21,2196.69,2196.90,228
2026-06-22T18:26:00Z,2196.90,2197.33,2196.04,2196.69,172
2026-06-22T18:27:00Z,2196.69,2196.91,2196.04,2196.70,284
2026-06-22T18:28:00Z,2196.70,2196.91,2195.40,2196.49,114
2026-06-22T18:29:00Z,2196.49,2198.26,2196.28,2197.61,232
2026-06-22T18:30:00Z,2197.61,2198.26,2196.30,2197.17,216
2026-06-22T18:31:00Z,2197.17,2199.37,2197.17,2198.50,301
2026-06-22T18:32:00Z,2198.50,2199.60,2197.63,2198.95,241
2026-06-22T18:33:00Z,2198.95,2198.95,2198.53,2198.74,280
2026-06-22T18:34:00Z,2198.74,2198.95,2198.30,2198.30,305
2026-06-22T18:35:00Z,2198.30,2199.39,2197.66,2197.87,158
2026-06-22T18:36:00Z,2197.87,2199.19,2197.00,2198.32,309
2026-06-22T18:37:00Z,2198.32,2198.75,2197.24,2198.11,218
2026-06-22T18:38:00Z,2198.11,2198.54,2195.92,2196.79,307
2026-06-22T18:39:00Z,2196.79,2197.23,2196.58,2196.80,195
2026-06-22T18:40:00Z,2196.80,2197.45,2195.49,2195.92,149
2026-06-22T18:41:00Z,2195.92,2195.92,2194.62,2195.49,260
2026-06-22T18:42:00Z,2195.49,2195.70,2194.41,2195.28,168
2026-06-22T18:43:00Z,2195.28,2196.37,2194.86,2195.07,162
2026-06-22T18:44:00Z,2195.07,2195.72,2194.41,2194.41,118
2026-06-22T18:45:00Z,2194.41,2194.62,2193.75,2193.75,226
2026-06-22T18:46:00Z,2193.75,2194.18,2192.89,2193.54,116
2026-06-22T18:47:00Z,2193.54,2194.41,2192.24,2192.89,291
2026-06-22T18:48:00Z,2192.89,2193.32,2191.14,2192.23,274
2026-06-22T18:49:00Z,2192.23,2193.55,2191.36,2192.46,212
2026-06-22T18:50:00Z,2192.46,2194.22,2191.37,2193.35,197
2026-06-22T18:51:00Z,2193.35,2194.23,2192.26,2193.80,147
2026-06-22T18:52:00Z,2193.80,2194.23,2192.93,2193.36,282
2026-06-22T18:53:00Z,2193.36,2194.91,2192.93,2194.48,153
2026-06-22T18:54:00Z,2194.48,2194.69,2191.19,2192.28,247
2026-06-22T18:55:00Z,2192.28,2193.15,2190.53,2191.18,191
2026-06-22T18:56:00Z,2191.18,2191.61,2189.87,2190.30,108
2026-06-22T18:57:00Z,2190.30,2191.17,2189.64,2189.64,164
2026-06-22T18:58:00Z,2189.64,2190.97,2189.21,2190.97,118
2026-06-22T18:59:00Z,2190.97,2190.97,2189.67,2190.32,266
2026-06-22T19:00:00Z,2190.32,2190.32,2189.38,2189.38,214
2026-06-22T19:01:00Z,2189.38,2190.41,2188.29,2189.54,174
2026-06-22T19:02:00Z,2189.54,2190.57,2189.33,2189.70,183
2026-06-22T19:03:00Z,2189.70,2190.57,2189.22,2189.43,301
2026-06-22T19:04:00Z,2189.43,2190.24,2189.00,2189.81,112
2026-06-22T19:05:00Z,2189.81,2190.46,2188.23,2188.44,243
2026-06-22T19:06:00Z,2188.44,2189.31,2185.76,2186.85,120
2026-06-22T19:07:00Z,2186.85,2187.43,2185.76,2187.22,145
2026-06-22T19:08:00Z,2187.22,2188.69,2186.57,2188.04,226
2026-06-22T19:09:00Z,2188.04,2188.25,2186.02,2186.67,289
2026-06-22T19:10:00Z,2186.67,2187.76,2185.09,2185.96,172
2026-06-22T19:11:00Z,2185.96,2186.83,2184.16,2184.81,180
2026-06-22T19:12:00Z,2184.81,2185.63,2184.38,2185.63,149
2026-06-22T19:13:00Z,2185.63,2187.54,2185.20,2186.67,260
2026-06-22T19:14:00Z,2186.67,2188.79,2186.67,2188.58,220
2026-06-22T19:15:00Z,2188.58,2188.79,2186.11,2187.20,228
2026-06-22T19:16:00Z,2187.20,2187.85,2186.50,2186.93,166
2026-06-22T19:17:00Z,2186.93,2188.40,2186.06,2188.19,293
2026-06-22T19:18:00Z,2188.19,2188.40,2187.27,2187.70,195
2026-06-22T19:19:00Z,2187.70,2188.35,2186.34,2186.55,237
2026-06-22T19:20:00Z,2186.55,2186.76,2184.75,2185.84,164
2026-06-22T19:21:00Z,2185.84,2186.87,2184.97,2186.00,220
2026-06-22T19:22:00Z,2186.00,2186.36,2185.57,2186.15,253
2026-06-22T19:23:00Z,2186.15,2187.40,2185.06,2186.75,220
2026-06-22T19:24:00Z,2186.75,2187.79,2186.10,2187.79,278
2026-06-22T19:25:00Z,2187.79,2188.60,2187.79,2187.95,278
2026-06-22T19:26:00Z,2187.95,2189.04,2186.59,2187.24,174
2026-06-22T19:27:00Z,2187.24,2187.24,2185.00,2185.65,287
2026-06-22T19:28:00Z,2185.65,2185.86,2184.73,2184.94,245
2026-06-22T19:29:00Z,2184.94,2184.94,2183.36,2184.45,224
2026-06-22T19:30:00Z,2184.45,2186.57,2184.02,2185.48,104
2026-06-22T19:31:00Z,2185.48,2186.29,2184.83,2186.08,149
2026-06-22T19:32:00Z,2186.08,2186.95,2184.06,2184.93,145
2026-06-22T19:33:00Z,2184.93,2186.84,2183.84,2185.75,235
2026-06-22T19:34:00Z,2185.75,2185.75,2184.61,2184.82,183
2026-06-22T19:35:00Z,2184.82,2185.03,2182.80,2183.89,232
2026-06-22T19:36:00Z,2183.89,2185.36,2183.02,2184.49,126
2026-06-22T19:37:00Z,2184.49,2185.95,2183.84,2185.52,249
2026-06-22T19:38:00Z,2185.52,2186.17,2184.60,2185.25,139
2026-06-22T19:39:00Z,2185.25,2186.34,2184.55,2185.20,170
2026-06-22T19:40:00Z,2185.20,2186.07,2184.06,2184.49,143
2026-06-22T19:41:00Z,2184.49,2186.61,2183.84,2186.18,287
2026-06-22T19:42:00Z,2186.18,2186.56,2185.97,2186.56,291
2026-06-22T19:43:00Z,2186.56,2186.56,2186.29,2186.29,293
2026-06-22T19:44:00Z,2186.29,2186.50,2186.03,2186.24,104
2026-06-22T19:45:00Z,2186.24,2186.82,2185.59,2186.39,195
2026-06-22T19:46:00Z,2186.39,2186.82,2186.12,2186.12,235
2026-06-22T19:47:00Z,2186.12,2187.81,2185.25,2186.72,201
2026-06-22T19:48:00Z,2186.72,2187.09,2186.51,2186.88,187
2026-06-22T19:49:00Z,2186.88,2188.79,2185.79,2187.70,226
2026-06-22T19:50:00Z,2187.70,2187.91,2186.12,2186.99,295
2026-06-22T19:51:00Z,2186.99,2187.42,2186.51,2186.72,295
2026-06-22T19:52:00Z,2186.72,2186.72,2185.35,2186.00,106
2026-06-22T19:53:00Z,2186.00,2186.43,2185.95,2185.95,228
2026-06-22T19:54:00Z,2185.95,2185.95,2183.93,2184.36,158
2026-06-22T19:55:00Z,2184.36,2185.83,2184.36,2184.96,232
2026-06-22T19:56:00Z,2184.96,2187.09,2184.96,2186.22,307
2026-06-22T19:57:00Z,2186.22,2186.22,2185.30,2186.17,158
2026-06-22T19:58:00Z,2186.17,2187.20,2185.08,2186.33,247
2026-06-22T19:59:00Z,2186.33,2187.20,2185.84,2185.84,264
2026-06-22T20:00:00Z,2185.84,2186.27,2183.75,2184.84,141
2026-06-22T20:01:00Z,2184.84,2185.27,2182.53,2183.40,235
2026-06-22T20:02:00Z,2183.40,2184.05,2182.63,2183.28,222
2026-06-22T20:03:00Z,2183.28,2183.28,2181.84,2181.84,276
2026-06-22T20:04:00Z,2181.84,2182.37,2180.75,2181.94,228
2026-06-22T20:05:00Z,2181.94,2183.78,2180.85,2182.69,166
2026-06-22T20:06:00Z,2182.69,2183.65,2181.60,2183.44,120
2026-06-22T20:07:00Z,2183.44,2184.09,2181.57,2182.22,178
2026-06-22T20:08:00Z,2182.22,2183.09,2180.79,2180.79,272
2026-06-22T20:09:00Z,2180.79,2180.79,2179.81,2180.46,264
2026-06-22T20:10:00Z,2180.46,2181.43,2179.59,2181.43,178
2026-06-22T20:11:00Z,2181.43,2182.17,2181.43,2181.74,201
2026-06-22T20:12:00Z,2181.74,2183.14,2181.09,2183.14,268
2026-06-22T20:13:00Z,2183.14,2183.79,2181.29,2181.50,270
2026-06-22T20:14:00Z,2181.50,2182.90,2180.41,2182.25,237
2026-06-22T20:15:00Z,2182.25,2184.08,2181.82,2183.87,195
2026-06-22T20:16:00Z,2183.87,2185.93,2183.66,2184.84,272
2026-06-22T20:17:00Z,2184.84,2185.58,2183.75,2185.37,210
2026-06-22T20:18:00Z,2185.37,2186.46,2182.86,2183.07,185
2026-06-22T20:19:00Z,2183.07,2183.07,2182.08,2182.73,255
2026-06-22T20:20:00Z,2182.73,2184.57,2182.30,2183.92,185
2026-06-22T20:21:00Z,2183.92,2183.92,2182.71,2183.36,168
2026-06-22T20:22:00Z,2183.36,2184.54,2183.15,2184.33,312
2026-06-22T20:23:00Z,2184.33,2184.54,2183.35,2183.56,153
2026-06-22T20:24:00Z,2183.56,2184.21,2180.82,2181.25,237
2026-06-22T20:25:00Z,2181.25,2182.87,2181.25,2182.87,160
2026-06-22T20:26:00Z,2182.87,2182.87,2182.31,2182.31,203
2026-06-22T20:27:00Z,2182.31,2183.72,2181.88,2183.29,220
2026-06-22T20:28:00Z,2183.29,2183.29,2181.20,2182.07,180
2026-06-22T20:29:00Z,2182.07,2182.07,2180.86,2181.07,118
2026-06-22T20:30:00Z,2181.07,2184.00,2180.86,2182.91,268
2026-06-22T20:31:00Z,2182.91,2185.19,2182.26,2184.32,141
2026-06-22T20:32:00Z,2184.32,2184.97,2183.12,2183.99,197
2026-06-22T20:33:00Z,2183.99,2186.05,2183.78,2185.40,297
2026-06-22T20:34:00Z,2185.40,2186.05,2184.41,2185.06,291
2026-06-22T20:35:00Z,2185.06,2187.12,2185.06,2186.25,143
2026-06-22T20:36:00Z,2186.25,2187.12,2183.51,2183.94,228
2026-06-22T20:37:00Z,2183.94,2184.37,2181.85,2182.94,282
2026-06-22T20:38:00Z,2182.94,2183.59,2181.29,2181.72,230
2026-06-22T20:39:00Z,2181.72,2183.12,2181.29,2182.69,266
2026-06-22T20:40:00Z,2182.69,2182.78,2182.48,2182.78,160
2026-06-22T20:41:00Z,2182.78,2185.07,2182.57,2184.42,122
2026-06-22T20:42:00Z,2184.42,2184.63,2182.99,2183.42,309
2026-06-22T20:43:00Z,2183.42,2184.29,2181.33,2181.54,131
2026-06-22T20:44:00Z,2181.54,2182.28,2180.89,2181.63,160
2026-06-22T20:45:00Z,2181.63,2183.25,2180.76,2183.25,260
2026-06-22T20:46:00Z,2183.25,2184.00,2183.04,2183.57,153
2026-06-22T20:47:00Z,2183.57,2186.29,2182.70,2185.20,120
2026-06-22T20:48:00Z,2185.20,2185.41,2183.77,2184.42,212
2026-06-22T20:49:00Z,2184.42,2186.04,2184.42,2185.39,131
2026-06-22T20:50:00Z,2185.39,2186.04,2183.75,2183.96,164
2026-06-22T20:51:00Z,2183.96,2184.83,2182.53,2183.62,141
2026-06-22T20:52:00Z,2183.62,2184.27,2181.09,2182.18,137
2026-06-22T20:53:00Z,2182.18,2183.36,2181.31,2182.49,305
2026-06-22T20:54:00Z,2182.49,2182.70,2181.06,2181.93,135
2026-06-22T20:55:00Z,2181.93,2181.93,2181.39,2181.60,305
2026-06-22T20:56:00Z,2181.60,2182.47,2181.05,2181.48,153
2026-06-22T20:57:00Z,2181.48,2182.66,2181.27,2181.57,133
2026-06-22T20:58:00Z,2181.57,2184.50,2181.57,2183.63,280
2026-06-22T20:59:00Z,2183.63,2185.48,2183.63,2184.39,228
2026-06-22T21:00:00Z,2184.39,2184.39,2183.21,2183.64,176
2026-06-22T21:01:00Z,2183.64,2185.52,2183.21,2184.65,216
2026-06-22T21:02:00Z,2184.65,2186.96,2183.78,2185.87,131
2026-06-22T21:03:00Z,2185.87,2186.44,2185.66,2186.01,114
2026-06-22T21:04:00Z,2186.01,2186.66,2184.84,2185.49,197
2026-06-22T21:05:00Z,2185.49,2186.92,2185.49,2186.49,162
2026-06-22T21:06:00Z,2186.49,2186.70,2184.22,2184.22,245
2026-06-22T21:07:00Z,2184.22,2185.43,2183.13,2185.00,168
2026-06-22T21:08:00Z,2185.00,2186.00,2185.00,2185.79,295
2026-06-22T21:09:00Z,2185.79,2186.44,2184.40,2184.83,176
2026-06-22T21:10:00Z,2184.83,2185.48,2184.52,2184.52,216
2026-06-22T21:11:00Z,2184.52,2185.61,2183.13,2183.78,284
2026-06-22T21:12:00Z,2183.78,2185.21,2183.13,2184.78,135
2026-06-22T21:13:00Z,2184.78,2186.00,2184.57,2185.13,210
2026-06-22T21:14:00Z,2185.13,2186.00,2183.09,2183.74,264
2026-06-22T21:15:00Z,2183.74,2184.17,2183.00,2183.65,305
2026-06-22T21:16:00Z,2183.65,2184.21,2182.56,2184.00,235
2026-06-22T21:17:00Z,2184.00,2184.65,2183.03,2183.03,124
2026-06-22T21:18:00Z,2183.03,2183.59,2182.38,2183.38,112
2026-06-22T21:19:00Z,2183.38,2183.95,2182.29,2183.95,151
2026-06-22T21:20:00Z,2183.95,2184.29,2182.86,2184.08,180
2026-06-22T21:21:00Z,2184.08,2184.73,2183.35,2183.78,210
2026-06-22T21:22:00Z,2183.78,2184.87,2182.38,2183.25,251
2026-06-22T21:23:00Z,2183.25,2184.91,2183.04,2183.82,170
2026-06-22T21:24:00Z,2183.82,2185.48,2183.17,2184.61,255
2026-06-22T21:25:00Z,2184.61,2187.35,2184.40,2186.70,312
2026-06-22T21:26:00Z,2186.70,2187.79,2185.53,2186.18,180
2026-06-22T21:27:00Z,2186.18,2187.61,2186.18,2186.96,212
2026-06-22T21:28:00Z,2186.96,2187.61,2186.01,2186.44,199
2026-06-22T21:29:00Z,2186.44,2187.88,2185.79,2187.01,232
2026-06-22T21:30:00Z,2187.01,2189.53,2186.80,2188.66,112
2026-06-22T21:31:00Z,2188.66,2188.66,2187.71,2188.14,189
2026-06-22T21:32:00Z,2188.14,2189.23,2186.96,2187.61,235
2026-06-22T21:33:00Z,2187.61,2188.26,2186.66,2186.87,120
2026-06-22T21:34:00Z,2186.87,2188.10,2186.44,2187.01,116
2026-06-22T21:35:00Z,2187.01,2187.22,2185.39,2186.04,174
2026-06-22T21:36:00Z,2186.04,2187.27,2185.61,2187.27,312
2026-06-22T21:37:00Z,2187.27,2187.48,2185.87,2186.52,268
2026-06-22T21:38:00Z,2186.52,2186.66,2186.09,2186.66,226
2026-06-22T21:39:00Z,2186.66,2187.75,2185.06,2185.27,212
2026-06-22T21:40:00Z,2185.27,2185.70,2184.09,2184.74,287
2026-06-22T21:41:00Z,2184.74,2186.40,2184.74,2185.53,164
2026-06-22T21:42:00Z,2185.53,2185.74,2183.91,2184.78,266
2026-06-22T21:43:00Z,2184.78,2185.56,2184.57,2185.13,307
2026-06-22T21:44:00Z,2185.13,2186.35,2184.04,2186.14,309
2026-06-22T21:45:00Z,2186.14,2186.79,2185.18,2186.05,235
2026-06-22T21:46:00Z,2186.05,2186.26,2184.67,2184.88,226
2026-06-22T21:47:00Z,2184.88,2185.75,2183.48,2184.57,189
2026-06-22T21:48:00Z,2184.57,2185.58,2183.70,2184.71,208
2026-06-22T21:49:00Z,2184.71,2184.71,2183.54,2183.97,205
2026-06-22T21:50:00Z,2183.97,2185.19,2183.32,2184.10,309
2026-06-22T21:51:00Z,2184.10,2185.53,2184.10,2185.32,151
2026-06-22T21:52:00Z,2185.32,2186.97,2185.11,2186.97,251
2026-06-22T21:53:00Z,2186.97,2187.84,2186.02,2186.02,309
2026-06-22T21:54:00Z,2186.02,2187.68,2186.02,2187.03,243
2026-06-22T21:55:00Z,2187.03,2188.24,2185.94,2188.03,280
2026-06-22T21:56:00Z,2188.03,2188.90,2187.08,2187.51,210
2026-06-22T21:57:00Z,2187.51,2188.93,2186.64,2188.72,255
2026-06-22T21:58:00Z,2188.72,2189.81,2187.33,2187.76,280
2026-06-22T21:59:00Z,2187.76,2188.85,2187.25,2187.68,220
2026-06-22T22:00:00Z,2187.68,2188.91,2187.68,2188.04,145
2026-06-22T22:01:00Z,2188.04,2189.70,2187.17,2189.05,270
2026-06-22T22:02:00Z,2189.05,2189.92,2187.44,2188.31,264
2026-06-22T22:03:00Z,2188.31,2189.97,2188.31,2189.10,162
2026-06-22T22:04:00Z,2189.10,2189.75,2187.49,2188.36,239
2026-06-22T22:05:00Z,2188.36,2190.68,2187.93,2190.25,235
2026-06-22T22:06:00Z,2190.25,2192.14,2189.16,2192.14,299
2026-06-22T22:07:00Z,2192.14,2193.14,2192.14,2192.93,262
2026-06-22T22:08:00Z,2192.93,2194.59,2192.72,2193.94,241
2026-06-22T22:09:00Z,2193.94,2194.74,2193.73,2194.09,166
2026-06-22T22:10:00Z,2194.09,2194.09,2192.48,2192.91,257
2026-06-22T22:11:00Z,2192.91,2193.26,2192.26,2193.05,253
2026-06-22T22:12:00Z,2193.05,2193.92,2191.00,2192.09,166
2026-06-22T22:13:00Z,2192.09,2192.52,2191.36,2192.01,135
2026-06-22T22:14:00Z,2192.01,2192.66,2191.72,2191.93,299
2026-06-22T22:15:00Z,2191.93,2192.58,2190.98,2191.63,131
2026-06-22T22:16:00Z,2191.63,2192.86,2191.42,2192.86,241
2026-06-22T22:17:00Z,2192.86,2192.86,2191.25,2191.68,139
2026-06-22T22:18:00Z,2191.68,2192.55,2189.63,2190.72,239
2026-06-22T22:19:00Z,2190.72,2190.72,2189.78,2190.43,284
2026-06-22T22:20:00Z,2190.43,2190.43,2189.92,2190.13,222
2026-06-22T22:21:00Z,2190.13,2192.01,2189.48,2191.58,291
2026-06-22T22:22:00Z,2191.58,2192.67,2189.75,2190.84,307
2026-06-22T22:23:00Z,2190.84,2191.20,2190.19,2191.20,205
2026-06-22T22:24:00Z,2191.20,2192.20,2190.77,2191.99,131
2026-06-22T22:25:00Z,2191.99,2194.96,2191.56,2194.09,312
2026-06-22T22:26:00Z,2194.09,2195.75,2193.88,2194.66,203
2026-06-22T22:27:00Z,2194.66,2195.31,2192.83,2193.70,266
2026-06-22T22:28:00Z,2193.70,2195.36,2193.05,2194.27,201
2026-06-22T22:29:00Z,2194.27,2195.36,2193.11,2194.20,303
2026-06-22T22:30:00Z,2194.20,2195.86,2193.99,2194.99,257
2026-06-22T22:31:00Z,2194.99,2196.08,2194.48,2194.69,183
2026-06-22T22:32:00Z,2194.69,2196.35,2194.69,2195.92,272
2026-06-22T22:33:00Z,2195.92,2196.35,2194.97,2195.40,116
2026-06-22T22:34:00Z,2195.40,2195.54,2194.31,2195.54,237
2026-06-22T22:35:00Z,2195.54,2197.63,2195.11,2197.42,166
2026-06-22T22:36:00Z,2197.42,2197.63,2196.03,2197.12,228
2026-06-22T22:37:00Z,2197.12,2198.57,2196.25,2198.57,112
2026-06-22T22:38:00Z,2198.57,2200.45,2197.48,2199.36,189
2026-06-22T22:39:00Z,2199.36,2199.57,2197.54,2198.41,262
2026-06-22T22:40:00Z,2198.41,2198.41,2197.02,2198.11,162
2026-06-22T22:41:00Z,2198.11,2198.54,2195.19,2196.06,289
2026-06-22T22:42:00Z,2196.06,2196.71,2195.11,2195.54,185
2026-06-22T22:43:00Z,2195.54,2195.75,2194.15,2195.24,114
2026-06-22T22:44:00Z,2195.24,2195.89,2194.07,2194.94,218
2026-06-22T22:45:00Z,2194.94,2195.51,2194.94,2195.51,112
2026-06-22T22:46:00Z,2195.51,2196.73,2194.86,2196.52,128
2026-06-22T22:47:00Z,2196.52,2196.52,2194.70,2194.91,251
2026-06-22T22:48:00Z,2194.91,2196.78,2194.91,2196.57,230
2026-06-22T22:49:00Z,2196.57,2197.00,2193.88,2194.97,303
2026-06-22T22:50:00Z,2194.97,2196.06,2194.24,2194.45,289
2026-06-22T22:51:00Z,2194.45,2195.89,2194.24,2195.02,264
2026-06-22T22:52:00Z,2195.02,2195.67,2194.29,2194.94,208
2026-06-22T22:53:00Z,2194.94,2197.25,2194.51,2196.38,276
2026-06-22T22:54:00Z,2196.38,2197.82,2195.51,2196.95,126
2026-06-22T22:55:00Z,2196.95,2198.61,2196.30,2197.96,185
2026-06-22T22:56:00Z,2197.96,2198.39,2197.23,2197.66,205
2026-06-22T22:57:00Z,2197.66,2197.87,2197.36,2197.36,245
2026-06-22T22:58:00Z,2197.36,2198.23,2196.19,2197.28,199
2026-06-22T22:59:00Z,2197.28,2198.52,2196.85,2197.43,164
2026-06-22T23:00:00Z,2197.43,2198.08,2196.45,2196.88,309
2026-06-22T23:01:00Z,2196.88,2197.53,2196.56,2196.77,260
2026-06-22T23:02:00Z,2196.77,2196.98,2195.57,2196.22,293
2026-06-22T23:03:00Z,2196.22,2196.98,2195.35,2196.77,210
2026-06-22T23:04:00Z,2196.77,2197.96,2196.12,2197.75,218
2026-06-22T23:05:00Z,2197.75,2199.39,2196.88,2199.39,230
2026-06-22T23:06:00Z,2199.39,2199.71,2199.18,2199.50,305
2026-06-22T23:07:00Z,2199.50,2200.15,2198.52,2199.17,307
2026-06-22T23:08:00Z,2199.17,2199.17,2198.41,2199.06,287
2026-06-22T23:09:00Z,2199.06,2200.71,2198.63,2200.71,235
2026-06-22T23:10:00Z,2200.71,2201.81,2199.72,2200.60,216
2026-06-22T23:11:00Z,2200.60,2202.04,2199.94,2200.94,303
2026-06-22T23:12:00Z,2200.94,2202.15,2200.28,2201.93,245
2026-06-22T23:13:00Z,2201.93,2204.90,2201.93,2203.80,133
2026-06-22T23:14:00Z,2203.80,2203.80,2201.93,2202.37,203
2026-06-22T23:15:00Z,2202.37,2203.47,2200.71,2201.37,301
2026-06-22T23:16:00Z,2201.37,2202.47,2200.59,2201.03,199
2026-06-22T23:17:00Z,2201.03,2202.90,2200.15,2202.24,178
2026-06-22T23:18:00Z,2202.24,2203.02,2202.24,2202.36,143
2026-06-22T23:19:00Z,2202.36,2203.57,2202.14,2203.13,139
2026-06-22T23:20:00Z,2203.13,2204.01,2201.91,2202.57,158
2026-06-22T23:21:00Z,2202.57,2202.79,2200.25,2201.13,266
2026-06-22T23:22:00Z,2201.13,2201.13,2200.14,2200.58,126
2026-06-22T23:23:00Z,2200.58,2200.80,2198.49,2198.92,185
2026-06-22T23:24:00Z,2198.92,2199.25,2198.49,2199.25,156
2026-06-22T23:25:00Z,2199.25,2199.58,2199.04,2199.58,187
2026-06-22T23:26:00Z,2199.58,2200.35,2198.93,2199.92,112
2026-06-22T23:27:00Z,2199.92,2201.13,2199.49,2200.69,303
2026-06-22T23:28:00Z,2200.69,2201.35,2199.26,2199.69,205
2026-06-22T23:29:00Z,2199.69,2200.69,2198.60,2200.47,195
2026-06-22T23:30:00Z,2200.47,2201.02,2199.59,2200.58,253
2026-06-22T23:31:00Z,2200.58,2201.02,2198.93,2199.58,239
2026-06-22T23:32:00Z,2199.58,2200.78,2199.58,2199.91,164
2026-06-22T23:33:00Z,2199.91,2201.00,2199.58,2199.58,124
2026-06-22T23:34:00Z,2199.58,2202.11,2198.49,2201.23,301
2026-06-22T23:35:00Z,2201.23,2202.33,2198.70,2199.79,137
2026-06-22T23:36:00Z,2199.79,2200.78,2198.70,2200.56,276
2026-06-22T23:37:00Z,2200.56,2201.34,2199.90,2201.12,309
2026-06-22T23:38:00Z,2201.12,2202.55,2200.24,2201.89,297
2026-06-22T23:39:00Z,2201.89,2202.55,2199.57,2200.67,187
2026-06-22T23:40:00Z,2200.67,2201.77,2198.80,2199.01,133
2026-06-22T23:41:00Z,2199.01,2199.01,2196.93,2197.36,203
2026-06-22T23:42:00Z,2197.36,2199.00,2196.93,2197.91,205
2026-06-22T23:43:00Z,2197.91,2199.77,2197.70,2198.90,289
2026-06-22T23:44:00Z,2198.90,2199.77,2197.69,2197.69,218
2026-06-22T23:45:00Z,2197.69,2198.23,2196.60,2197.80,280
2026-06-22T23:46:00Z,2197.80,2199.22,2197.15,2198.35,176
2026-06-22T23:47:00Z,2198.35,2199.44,2196.04,2197.13,174
2026-06-22T23:48:00Z,2197.13,2198.22,2195.05,2195.92,237
2026-06-22T23:49:00Z,2195.92,2196.79,2194.93,2195.36,255
2026-06-22T23:50:00Z,2195.36,2195.36,2192.39,2193.48,251
2026-06-22T23:51:00Z,2193.48,2194.46,2192.83,2194.46,189
2026-06-22T23:52:00Z,2194.46,2194.79,2194.25,2194.58,270
2026-06-22T23:53:00Z,2194.58,2195.67,2193.82,2194.47,114
2026-06-22T23:54:00Z,2194.47,2195.67,2193.38,2194.58,191
2026-06-22T23:55:00Z,2194.58,2196.66,2194.37,2196.01,208
2026-06-22T23:56:00Z,2196.01,2196.22,2195.48,2195.91,280
2026-06-22T23:57:00Z,2195.91,2197.12,2195.04,2197.12,110
2026-06-22T23:58:00Z,2197.12,2197.77,2195.25,2195.68,249
2026-06-22T23:59:00Z,2195.68,2196.77,2192.94,2193.59,262
2026-06-23T00:00:00Z,2193.59,2194.14,2193.16,2193.71,237
2026-06-23T00:01:00Z,2193.71,2194.14,2191.20,2192.29,195
2026-06-23T00:02:00Z,2192.29,2192.29,2190.88,2191.75,131
2026-06-23T00:03:00Z,2191.75,2193.18,2191.54,2192.53,264
2026-06-23T00:04:00Z,2192.53,2192.96,2192.00,2192.21,212
2026-06-23T00:05:00Z,2192.21,2193.08,2190.58,2191.45,110
2026-06-23T00:06:00Z,2191.45,2191.99,2191.02,2191.78,191
2026-06-23T00:07:00Z,2191.78,2192.56,2190.91,2191.91,122
2026-06-23T00:08:00Z,2191.91,2193.00,2190.72,2191.59,224
2026-06-23T00:09:00Z,2191.59,2191.80,2190.18,2191.05,293
2026-06-23T00:10:00Z,2191.05,2191.39,2190.62,2191.39,160
2026-06-23T00:11:00Z,2191.39,2191.82,2190.86,2191.07,114
2026-06-23T00:12:00Z,2191.07,2192.49,2190.42,2192.28,222
2026-06-23T00:13:00Z,2192.28,2193.05,2191.19,2192.40,291
2026-06-23T00:14:00Z,2192.40,2192.40,2191.88,2192.31,226
2026-06-23T00:15:00Z,2192.31,2193.18,2191.78,2191.99,307
2026-06-23T00:16:00Z,2191.99,2194.51,2191.12,2193.42,124
2026-06-23T00:17:00Z,2193.42,2193.63,2192.90,2193.33,185
2026-06-23T00:18:00Z,2193.33,2195.63,2192.68,2194.54,230
2026-06-23T00:19:00Z,2194.54,2196.84,2194.54,2196.41,280
2026-06-23T00:20:00Z,2196.41,2196.95,2196.20,2196.74,164
2026-06-23T00:21:00Z,2196.74,2196.74,2195.12,2196.21,164
2026-06-23T00:22:00Z,2196.21,2197.08,2195.02,2195.89,297
2026-06-23T00:23:00Z,2195.89,2196.54,2193.82,2194.91,309
2026-06-23T00:24:00Z,2194.91,2196.34,2194.91,2195.47,301
2026-06-23T00:25:00Z,2195.47,2197.11,2194.38,2196.90,149
2026-06-23T00:26:00Z,2196.90,2197.88,2196.25,2197.67,162
2026-06-23T00:27:00Z,2197.67,2198.10,2196.26,2197.13,228
2026-06-23T00:28:00Z,2197.13,2198.12,2196.70,2197.69,224
2026-06-23T00:29:00Z,2197.69,2199.11,2196.60,2198.24,253
2026-06-23T00:30:00Z,2198.24,2199.67,2197.59,2199.67,133
2026-06-23T00:31:00Z,2199.67,2201.33,2199.67,2200.45,312
2026-06-23T00:32:00Z,2200.45,2200.89,2199.25,2199.25,133
2026-06-23T00:33:00Z,2199.25,2199.68,2197.40,2198.27,118
2026-06-23T00:34:00Z,2198.27,2198.70,2196.42,2197.29,151
2026-06-23T00:35:00Z,2197.29,2199.16,2197.29,2198.73,243
2026-06-23T00:36:00Z,2198.73,2198.94,2197.10,2197.97,228
2026-06-23T00:37:00Z,2197.97,2199.83,2197.76,2198.96,212
2026-06-23T00:38:00Z,2198.96,2199.95,2198.96,2199.52,172
2026-06-23T00:39:00Z,2199.52,2199.52,2198.33,2198.76,255
2026-06-23T00:40:00Z,2198.76,2199.85,2198.22,2198.22,218
2026-06-23T00:41:00Z,2198.22,2198.43,2197.90,2197.90,230
2026-06-23T00:42:00Z,2197.90,2198.77,2196.94,2197.37,297
2026-06-23T00:43:00Z,2197.37,2198.46,2195.74,2196.83,124
2026-06-23T00:44:00Z,2196.83,2197.26,2195.86,2196.73,145
2026-06-23T00:45:00Z,2196.73,2199.04,2196.73,2198.61,139
2026-06-23T00:46:00Z,2198.61,2199.38,2198.40,2199.38,247
2026-06-23T00:47:00Z,2199.38,2200.03,2198.85,2199.28,158
2026-06-23T00:48:00Z,2199.28,2199.49,2197.87,2198.30,253
2026-06-23T00:49:00Z,2198.30,2199.95,2198.09,2198.86,284
2026-06-23T00:50:00Z,2198.86,2199.07,2196.35,2197.00,239
2026-06-23T00:51:00Z,2197.00,2197.00,2196.25,2196.68,135
2026-06-23T00:52:00Z,2196.68,2199.43,2195.81,2198.78,106
2026-06-23T00:53:00Z,2198.78,2201.31,2197.69,2200.65,270
2026-06-23T00:54:00Z,2200.65,2201.86,2200.65,2201.20,168
2026-06-23T00:55:00Z,2201.20,2201.86,2198.47,2199.34,295
2026-06-23T00:56:00Z,2199.34,2199.99,2197.06,2197.71,205
2026-06-23T00:57:00Z,2197.71,2198.58,2196.52,2197.61,222
2026-06-23T00:58:00Z,2197.61,2197.61,2196.20,2196.85,151
2026-06-23T00:59:00Z,2196.85,2198.06,2195.98,2197.19,124
2026-06-23T01:00:00Z,2197.19,2197.40,2195.29,2196.38,291
2026-06-23T01:01:00Z,2196.38,2197.47,2193.61,2194.26,149
2026-06-23T01:02:00Z,2194.26,2195.43,2193.61,2195.43,183
2026-06-23T01:03:00Z,2195.43,2196.38,2194.56,2195.51,228
2026-06-23T01:04:00Z,2195.51,2196.67,2194.86,2195.80,141
2026-06-23T01:05:00Z,2195.80,2197.40,2195.15,2196.31,195
2026-06-23T01:06:00Z,2196.31,2198.13,2195.88,2197.92,199
2026-06-23T01:07:00Z,2197.92,2199.96,2197.71,2198.87,156
2026-06-23T01:08:00Z,2198.87,2199.30,2198.29,2198.50,139
2026-06-23T01:09:00Z,2198.50,2200.54,2197.41,2199.45,272
2026-06-23T01:10:00Z,2199.45,2200.54,2197.34,2198.43,143
2026-06-23T01:11:00Z,2198.43,2198.64,2197.64,2197.85,197
2026-06-23T01:12:00Z,2197.85,2198.79,2197.64,2198.14,187
2026-06-23T01:13:00Z,2198.14,2199.31,2197.93,2198.22,222
2026-06-23T01:14:00Z,2198.22,2199.31,2196.99,2197.86,197
2026-06-23T01:15:00Z,2197.86,2198.95,2196.41,2197.50,137
2026-06-23T01:16:00Z,2197.50,2198.15,2195.17,2196.04,291
2026-06-23T01:17:00Z,2196.04,2196.04,2194.58,2195.67,305
2026-06-23T01:18:00Z,2195.67,2195.67,2194.66,2195.53,156
2026-06-23T01:19:00Z,2195.53,2196.03,2195.32,2195.82,251
2026-06-23T01:20:00Z,2195.82,2195.82,2195.46,2195.46,197
2026-06-23T01:21:00Z,2195.46,2196.55,2194.88,2194.88,112
2026-06-23T01:22:00Z,2194.88,2195.53,2194.08,2194.08,133
2026-06-23T01:23:00Z,2194.08,2195.17,2193.73,2193.94,297
2026-06-23T01:24:00Z,2193.94,2195.98,2193.07,2195.11,280
2026-06-23T01:25:00Z,2195.11,2195.11,2193.43,2194.30,305
2026-06-23T01:26:00Z,2194.30,2194.73,2192.18,2192.18,201
2026-06-23T01:27:00Z,2192.18,2192.18,2189.63,2190.72,176
2026-06-23T01:28:00Z,2190.72,2191.22,2189.85,2191.01,214
2026-06-23T01:29:00Z,2191.01,2191.22,2190.22,2190.43,131
2026-06-23T01:30:00Z,2190.43,2191.37,2189.56,2190.94,210
2026-06-23T01:31:00Z,2190.94,2192.10,2190.07,2191.45,156
2026-06-23T01:32:00Z,2191.45,2192.39,2191.45,2191.96,178
2026-06-23T01:33:00Z,2191.96,2192.83,2191.39,2191.82,112
2026-06-23T01:34:00Z,2191.82,2192.91,2191.02,2191.23,203
2026-06-23T01:35:00Z,2191.23,2192.10,2190.22,2190.87,183
2026-06-23T01:36:00Z,2190.87,2192.69,2190.87,2192.26,212
2026-06-23T01:37:00Z,2192.26,2192.99,2192.26,2192.99,220
2026-06-23T01:38:00Z,2192.99,2193.94,2192.34,2193.07,116
2026-06-23T01:39:00Z,2193.07,2193.07,2192.28,2192.49,108
2026-06-23T01:40:00Z,2192.49,2193.44,2191.84,2192.57,266
2026-06-23T01:41:00Z,2192.57,2193.22,2190.68,2191.77,183
2026-06-23T01:42:00Z,2191.77,2191.98,2189.66,2189.87,197
2026-06-23T01:43:00Z,2189.87,2191.69,2189.87,2190.60,135
2026-06-23T01:44:00Z,2190.60,2192.42,2189.51,2191.55,118
2026-06-23T01:45:00Z,2191.55,2192.06,2191.12,2191.63,110
2026-06-23T01:46:00Z,2191.63,2191.84,2190.40,2191.05,187
2026-06-23T01:47:00Z,2191.05,2191.70,2188.73,2189.16,149
2026-06-23T01:48:00Z,2189.16,2192.73,2188.07,2191.64,174
2026-06-23T01:49:00Z,2191.64,2193.02,2190.99,2192.81,156
2026-06-23T01:50:00Z,2192.81,2194.41,2191.94,2194.20,264
2026-06-23T01:51:00Z,2194.20,2194.91,2194.20,2194.70,164
2026-06-23T01:52:00Z,2194.70,2194.91,2194.13,2194.56,191
2026-06-23T01:53:00Z,2194.56,2195.51,2193.91,2195.51,297
2026-06-23T01:54:00Z,2195.51,2197.99,2195.30,2196.90,128
2026-06-23T01:55:00Z,2196.90,2197.63,2196.47,2196.98,147
2026-06-23T01:56:00Z,2196.98,2198.15,2196.77,2197.06,295
2026-06-23T01:57:00Z,2197.06,2197.93,2196.05,2196.26,195
2026-06-23T01:58:00Z,2196.26,2198.74,2196.26,2197.65,235
2026-06-23T01:59:00Z,2197.65,2198.08,2196.86,2197.51,218
2026-06-23T02:00:00Z,2197.51,2198.38,2196.20,2196.41,230
2026-06-23T02:01:00Z,2196.41,2197.28,2195.54,2195.97,189
2026-06-23T02:02:00Z,2195.97,2196.40,2194.88,2195.75,276
2026-06-23T02:03:00Z,2195.75,2195.75,2195.11,2195.32,147
2026-06-23T02:04:00Z,2195.32,2195.97,2192.91,2193.34,305
2026-06-23T02:05:00Z,2193.34,2195.74,2192.47,2195.31,180
2026-06-23T02:06:00Z,2195.31,2195.96,2194.22,2195.96,160
2026-06-23T02:07:00Z,2195.96,2196.39,2194.43,2194.43,247
2026-06-23T02:08:00Z,2194.43,2194.86,2194.00,2194.21,108
2026-06-23T02:09:00Z,2194.21,2194.64,2192.68,2192.89,241
2026-06-23T02:10:00Z,2192.89,2193.54,2192.24,2192.45,201
2026-06-23T02:11:00Z,2192.45,2193.32,2191.59,2192.24,297
2026-06-23T02:12:00Z,2192.24,2192.67,2192.03,2192.67,151
2026-06-23T02:13:00Z,2192.67,2193.54,2191.58,2193.54,280
2026-06-23T02:14:00Z,2193.54,2193.75,2192.22,2192.22,216
2026-06-23T02:15:00Z,2192.22,2194.19,2191.35,2193.76,312
2026-06-23T02:16:00Z,2193.76,2194.19,2193.10,2193.10,260
2026-06-23T02:17:00Z,2193.10,2193.10,2192.45,2193.10,249
2026-06-23T02:18:00Z,2193.10,2193.75,2192.88,2192.88,293
2026-06-23T02:19:00Z,2192.88,2192.88,2192.45,2192.45,170
2026-06-23T02:20:00Z,2192.45,2194.63,2191.36,2194.42,120
2026-06-23T02:21:00Z,2194.42,2195.29,2192.23,2193.32,241
2026-06-23T02:22:00Z,2193.32,2194.85,2192.67,2194.85,264
2026-06-23T02:23:00Z,2194.85,2194.85,2193.33,2194.20,128
2026-06-23T02:24:00Z,2194.20,2195.94,2193.33,2194.85,205
2026-06-23T02:25:00Z,2194.85,2196.81,2194.42,2195.94,195
2026-06-23T02:26:00Z,2195.94,2197.02,2194.85,2196.81,116
2026-06-23T02:27:00Z,2196.81,2197.68,2196.16,2197.03,151
2026-06-23T02:28:00Z,2197.03,2197.24,2195.28,2195.49,295
2026-06-23T02:29:00Z,2195.49,2197.45,2194.40,2196.36,297
2026-06-23T02:30:00Z,2196.36,2197.01,2196.15,2197.01,151
2026-06-23T02:31:00Z,2197.01,2197.44,2196.36,2196.36,187
2026-06-23T02:32:00Z,2196.36,2197.45,2195.27,2196.14,108
2026-06-23T02:33:00Z,2196.14,2197.23,2193.95,2194.38,303
2026-06-23T02:34:00Z,2194.38,2195.68,2193.29,2195.03,145
2026-06-23T02:35:00Z,2195.03,2195.91,2194.60,2195.91,145
2026-06-23T02:36:00Z,2195.91,2198.09,2195.26,2197.22,287
2026-06-23T02:37:00Z,2197.22,2198.31,2196.13,2196.34,222
2026-06-23T02:38:00Z,2196.34,2197.64,2195.91,2197.21,270
2026-06-23T02:39:00Z,2197.21,2197.86,2195.03,2195.46,309
2026-06-23T02:40:00Z,2195.46,2196.98,2194.37,2196.33,287
2026-06-23T02:41:00Z,2196.33,2197.19,2195.90,2196.76,153
2026-06-23T02:42:00Z,2196.76,2198.50,2195.89,2197.41,224
2026-06-23T02:43:00Z,2197.41,2198.07,2197.41,2197.42,293
2026-06-23T02:44:00Z,2197.42,2197.63,2197.21,2197.63,220
2026-06-23T02:45:00Z,2197.63,2198.50,2196.31,2196.31,205
2026-06-23T02:46:00Z,2196.31,2197.18,2196.10,2196.31,135
2026-06-23T02:47:00Z,2196.31,2197.18,2193.47,2194.56,193
2026-06-23T02:48:00Z,2194.56,2196.52,2194.56,2195.43,149
2026-06-23T02:49:00Z,2195.43,2195.64,2193.90,2194.33,116
2026-06-23T02:50:00Z,2194.33,2194.98,2193.68,2194.33,276
2026-06-23T02:51:00Z,2194.33,2195.86,2194.12,2195.43,149
2026-06-23T02:52:00Z,2195.43,2195.43,2193.68,2194.33,176
2026-06-23T02:53:00Z,2194.33,2195.41,2193.46,2194.76,120
2026-06-23T02:54:00Z,2194.76,2195.41,2193.67,2194.54,253
2026-06-23T02:55:00Z,2194.54,2195.42,2194.11,2194.55,266
2026-06-23T02:56:00Z,2194.55,2194.76,2193.90,2194.76,249
2026-06-23T02:57:00Z,2194.76,2194.76,2193.44,2193.44,262
2026-06-23T02:58:00Z,2193.44,2194.96,2192.79,2194.09,133
2026-06-23T02:59:00Z,2194.09,2194.52,2193.00,2194.31,312
2026-06-23T03:00:00Z,2194.31,2194.96,2193.88,2194.53,282
2026-06-23T03:01:00Z,2194.53,2197.38,2194.32,2196.29,214
2026-06-23T03:02:00Z,2196.29,2198.05,2196.29,2198.05,120
2026-06-23T03:03:00Z,2198.05,2199.81,2197.18,2198.72,312
2026-06-23T03:04:00Z,2198.72,2198.73,2197.85,2198.73,128
2026-06-23T03:05:00Z,2198.73,2198.94,2198.31,2198.52,128
2026-06-23T03:06:00Z,2198.52,2198.95,2196.34,2197.21,276
2026-06-23T03:07:00Z,2197.21,2198.30,2196.36,2197.01,170
2026-06-23T03:08:00Z,2197.01,2197.01,2196.80,2196.80,199
2026-06-23T03:09:00Z,2196.80,2198.33,2195.93,2197.68,235
2026-06-23T03:10:00Z,2197.68,2198.55,2196.83,2197.48,220
2026-06-23T03:11:00Z,2197.48,2198.57,2196.40,2197.27,218
2026-06-23T03:12:00Z,2197.27,2197.27,2195.75,2196.62,235
2026-06-23T03:13:00Z,2196.62,2196.62,2194.88,2195.53,226
2026-06-23T03:14:00Z,2195.53,2196.18,2192.92,2194.01,185
2026-06-23T03:15:00Z,2194.01,2194.88,2193.58,2193.58,303
2026-06-23T03:16:00Z,2193.58,2194.67,2192.49,2194.02,251
2026-06-23T03:17:00Z,2194.02,2194.02,2193.38,2193.38,272
2026-06-23T03:18:00Z,2193.38,2193.82,2192.29,2193.39,174
2026-06-23T03:19:00Z,2193.39,2193.39,2192.09,2192.96,278
2026-06-23T03:20:00Z,2192.96,2193.17,2191.00,2192.09,189
2026-06-23T03:21:00Z,2192.09,2192.09,2190.58,2191.67,174
2026-06-23T03:22:00Z,2191.67,2192.54,2190.81,2191.24,289
2026-06-23T03:23:00Z,2191.24,2191.46,2190.15,2191.46,174
2026-06-23T03:24:00Z,2191.46,2192.11,2189.95,2190.38,106
2026-06-23T03:25:00Z,2190.38,2191.03,2188.64,2189.73,247
2026-06-23T03:26:00Z,2189.73,2190.16,2189.30,2189.95,266
2026-06-23T03:27:00Z,2189.95,2191.48,2189.52,2190.83,164
2026-06-23T03:28:00Z,2190.83,2193.25,2190.40,2192.16,289
2026-06-23T03:29:00Z,2192.16,2192.16,2190.64,2191.07,108
2026-06-23T03:30:00Z,2191.07,2191.94,2189.99,2190.20,299
2026-06-23T03:31:00Z,2190.20,2191.52,2189.11,2191.09,284
2026-06-23T03:32:00Z,2191.09,2192.19,2190.66,2191.10,307
2026-06-23T03:33:00Z,2191.10,2193.29,2190.01,2192.42,199
2026-06-23T03:34:00Z,2192.42,2193.29,2192.21,2192.64,122
2026-06-23T03:35:00Z,2192.64,2193.30,2191.77,2192.87,131
2026-06-23T03:36:00Z,2192.87,2193.30,2190.25,2191.34,124
2026-06-23T03:37:00Z,2191.34,2191.78,2190.91,2191.35,305
2026-06-23T03:38:00Z,2191.35,2191.80,2190.26,2191.37,214
2026-06-23T03:39:00Z,2191.37,2192.46,2189.63,2190.06,216
2026-06-23T03:40:00Z,2190.06,2190.28,2189.85,2190.07,284
2026-06-23T03:41:00Z,2190.07,2191.60,2190.07,2191.39,218
2026-06-23T03:42:00Z,2191.39,2192.49,2191.18,2192.06,203
2026-06-23T03:43:00Z,2192.06,2192.27,2190.32,2191.41,147
2026-06-23T03:44:00Z,2191.41,2191.62,2190.11,2190.54,212
2026-06-23T03:45:00Z,2190.54,2192.30,2190.33,2191.21,108
2026-06-23T03:46:00Z,2191.21,2191.64,2189.91,2190.78,143
2026-06-23T03:47:00Z,2190.78,2191.87,2190.13,2191.66,276
2026-06-23T03:48:00Z,2191.66,2191.87,2189.92,2191.01,164
2026-06-23T03:49:00Z,2191.01,2192.99,2190.36,2191.90,237
2026-06-23T03:50:00Z,2191.90,2192.11,2190.82,2191.03,278
2026-06-23T03:51:00Z,2191.03,2191.04,2189.94,2191.04,112
2026-06-23T03:52:00Z,2191.04,2192.13,2189.31,2190.18,147
2026-06-23T03:53:00Z,2190.18,2190.83,2189.75,2190.62,268
2026-06-23T03:54:00Z,2190.62,2191.71,2188.44,2189.31,210
2026-06-23T03:55:00Z,2189.31,2190.18,2188.01,2188.66,282
2026-06-23T03:56:00Z,2188.66,2189.31,2188.03,2188.24,203
2026-06-23T03:57:00Z,2188.24,2189.33,2186.72,2187.81,135
2026-06-23T03:58:00Z,2187.81,2188.46,2187.38,2188.25,276
2026-06-23T03:59:00Z,2188.25,2188.48,2188.04,2188.27,180
2026-06-23T04:00:00Z,2188.27,2189.36,2187.01,2187.01,222
2026-06-23T04:01:00Z,2187.01,2187.01,2185.10,2186.19,243
2026-06-23T04:02:00Z,2186.19,2186.62,2185.60,2185.60,268
2026-06-23T04:03:00Z,2185.60,2187.18,2185.17,2187.18,108
2026-06-23T04:04:00Z,2187.18,2188.77,2186.97,2188.34,189
2026-06-23T04:05:00Z,2188.34,2188.34,2187.31,2187.96,253
2026-06-23T04:06:00Z,2187.96,2189.11,2186.87,2188.90,251
2026-06-23T04:07:00Z,2188.90,2190.26,2188.25,2189.17,195
2026-06-23T04:08:00Z,2189.17,2189.89,2188.96,2189.24,153
2026-06-23T04:09:00Z,2189.24,2189.67,2187.33,2188.20,264
2026-06-23T04:10:00Z,2188.20,2190.23,2187.55,2189.36,137
2026-06-23T04:11:00Z,2189.36,2189.57,2188.33,2188.76,164
2026-06-23T04:12:00Z,2188.76,2189.41,2188.40,2188.61,230
2026-06-23T04:13:00Z,2188.61,2189.97,2188.61,2189.10,210
2026-06-23T04:14:00Z,2189.10,2190.19,2187.64,2188.51,162
2026-06-23T04:15:00Z,2188.51,2188.94,2187.70,2188.13,195
2026-06-23T04:16:00Z,2188.13,2189.27,2188.13,2188.40,268
2026-06-23T04:17:00Z,2188.40,2189.77,2188.19,2189.12,216
2026-06-23T04:18:00Z,2189.12,2189.12,2188.09,2188.74,235
2026-06-23T04:19:00Z,2188.74,2189.61,2187.94,2188.59,149
2026-06-23T04:20:00Z,2188.59,2189.95,2188.16,2188.86,224
2026-06-23T04:21:00Z,2188.86,2189.14,2188.65,2189.14,160
2026-06-23T04:22:00Z,2189.14,2190.23,2187.89,2188.54,228
2026-06-23T04:23:00Z,2188.54,2189.25,2188.11,2188.82,197
2026-06-23T04:24:00Z,2188.82,2189.74,2188.39,2189.09,131
2026-06-23T04:25:00Z,2189.09,2190.24,2188.88,2189.59,197
2026-06-23T04:26:00Z,2189.59,2191.17,2188.94,2190.08,122
2026-06-23T04:27:00Z,2190.08,2191.23,2189.65,2190.58,235
2026-06-23T04:28:00Z,2190.58,2190.64,2190.58,2190.64,276
2026-06-23T04:29:00Z,2190.64,2191.57,2189.99,2191.14,189
2026-06-23T04:30:00Z,2191.14,2192.23,2188.36,2188.79,249
2026-06-23T04:31:00Z,2188.79,2189.28,2187.92,2188.85,193
2026-06-23T04:32:00Z,2188.85,2189.72,2186.95,2186.95,131
2026-06-23T04:33:00Z,2186.95,2187.16,2185.26,2186.35,160
2026-06-23T04:34:00Z,2186.35,2186.56,2185.11,2185.98,124
2026-06-23T04:35:00Z,2185.98,2186.90,2184.89,2186.25,237
2026-06-23T04:36:00Z,2186.25,2186.46,2184.35,2185.22,166
2026-06-23T04:37:00Z,2185.22,2186.36,2185.01,2186.15,108
2026-06-23T04:38:00Z,2186.15,2186.80,2184.26,2184.69,112
2026-06-23T04:39:00Z,2184.69,2185.56,2182.35,2183.44,245
2026-06-23T04:40:00Z,2183.44,2184.81,2182.35,2184.38,291
2026-06-23T04:41:00Z,2184.38,2185.30,2184.17,2184.65,312
2026-06-23T04:42:00Z,2184.65,2185.58,2184.00,2185.37,245
2026-06-23T04:43:00Z,2185.37,2185.37,2184.55,2184.55,212
2026-06-23T04:44:00Z,2184.55,2184.55,2183.09,2183.74,191
2026-06-23T04:45:00Z,2183.74,2184.23,2182.65,2183.80,201
2026-06-23T04:46:00Z,2183.80,2184.23,2182.11,2183.20,106
2026-06-23T04:47:00Z,2183.20,2183.41,2181.74,2182.83,216
2026-06-23T04:48:00Z,2182.83,2183.31,2181.74,2183.10,212
2026-06-23T04:49:00Z,2183.10,2184.19,2180.77,2181.86,104
2026-06-23T04:50:00Z,2181.86,2183.44,2181.43,2183.44,222
2026-06-23T04:51:00Z,2183.44,2183.65,2181.76,2182.63,122
2026-06-23T04:52:00Z,2182.63,2183.28,2181.60,2182.47,170
2026-06-23T04:53:00Z,2182.47,2183.62,2182.26,2182.75,126
2026-06-23T04:54:00Z,2182.75,2183.89,2182.10,2183.24,166
2026-06-23T04:55:00Z,2183.24,2183.31,2183.24,2183.31,220
2026-06-23T04:56:00Z,2183.31,2183.58,2182.44,2183.37,203
2026-06-23T04:57:00Z,2183.37,2184.31,2182.50,2184.31,183
2026-06-23T04:58:00Z,2184.31,2186.11,2184.10,2185.24,193
2026-06-23T04:59:00Z,2185.24,2186.39,2184.15,2185.96,247
2026-06-23T05:00:00Z,2185.96,2187.42,2185.31,2186.33,172
2026-06-23T05:01:00Z,2186.33,2186.33,2184.75,2185.84,268
2026-06-23T05:02:00Z,2185.84,2185.84,2184.04,2184.91,191
2026-06-23T05:03:00Z,2184.91,2185.72,2184.26,2185.29,226
2026-06-23T05:04:00Z,2185.29,2185.29,2185.02,2185.02,216
2026-06-23T05:05:00Z,2185.02,2186.05,2185.02,2185.62,137
2026-06-23T05:06:00Z,2185.62,2186.21,2184.75,2186.00,216
2026-06-23T05:07:00Z,2186.00,2186.21,2185.51,2185.94,143
2026-06-23T05:08:00Z,2185.94,2185.94,2183.26,2184.35,212
2026-06-23T05:09:00Z,2184.35,2185.16,2183.26,2184.95,147
2026-06-23T05:10:00Z,2184.95,2186.04,2183.37,2184.46,272
2026-06-23T05:11:00Z,2184.46,2184.89,2182.88,2183.09,158
2026-06-23T05:12:00Z,2183.09,2183.96,2182.17,2183.04,239
2026-06-23T05:13:00Z,2183.04,2184.13,2181.46,2182.11,287
2026-06-23T05:14:00Z,2182.11,2182.70,2181.02,2182.27,122
2026-06-23T05:15:00Z,2182.27,2182.27,2181.12,2181.99,278
2026-06-23T05:16:00Z,2181.99,2181.99,2180.63,2181.50,191
2026-06-23T05:17:00Z,2181.50,2181.71,2179.05,2179.92,189
2026-06-23T05:18:00Z,2179.92,2181.17,2179.71,2181.17,297
2026-06-23T05:19:00Z,2181.17,2181.98,2180.74,2181.33,280
2026-06-23T05:20:00Z,2181.33,2181.49,2180.90,2181.49,253
2026-06-23T05:21:00Z,2181.49,2182.36,2178.61,2179.69,222
2026-06-23T05:22:00Z,2179.69,2179.90,2177.45,2178.10,172
2026-06-23T05:23:00Z,2178.10,2178.53,2175.00,2175.65,241
2026-06-23T05:24:00Z,2175.65,2175.65,2173.86,2174.94,303
2026-06-23T05:25:00Z,2174.94,2177.06,2174.51,2176.63,312
2026-06-23T05:26:00Z,2176.63,2177.88,2175.55,2177.23,191
2026-06-23T05:27:00Z,2177.23,2179.13,2177.02,2178.48,112
2026-06-23T05:28:00Z,2178.48,2179.72,2178.05,2178.64,237
2026-06-23T05:29:00Z,2178.64,2179.45,2177.99,2179.24,237
2026-06-23T05:30:00Z,2179.24,2180.11,2177.87,2178.52,122
2026-06-23T05:31:00Z,2178.52,2178.52,2177.38,2178.25,239
2026-06-23T05:32:00Z,2178.25,2178.46,2176.90,2177.11,232
2026-06-23T05:33:00Z,2177.11,2177.98,2175.98,2177.06,153
2026-06-23T05:34:00Z,2177.06,2178.31,2176.85,2177.44,135
2026-06-23T05:35:00Z,2177.44,2178.03,2176.36,2177.82,118
2026-06-23T05:36:00Z,2177.82,2179.28,2177.82,2178.85,145
2026-06-23T05:37:00Z,2178.85,2179.06,2178.35,2178.35,156
2026-06-23T05:38:00Z,2178.35,2179.60,2177.48,2178.95,151
2026-06-23T05:39:00Z,2178.95,2179.82,2177.38,2177.59,220
2026-06-23T05:40:00Z,2177.59,2178.24,2176.23,2177.10,118
2026-06-23T05:41:00Z,2177.10,2177.70,2176.23,2177.70,116
2026-06-23T05:42:00Z,2177.70,2178.95,2177.27,2178.08,289
2026-06-23T05:43:00Z,2178.08,2178.73,2176.72,2176.72,201
2026-06-23T05:44:00Z,2176.72,2177.80,2174.92,2175.79,278
2026-06-23T05:45:00Z,2175.79,2176.00,2174.43,2174.64,235
2026-06-23T05:46:00Z,2174.64,2175.07,2173.72,2174.15,131
2026-06-23T05:47:00Z,2174.15,2176.05,2173.07,2175.40,141
2026-06-23T05:48:00Z,2175.40,2175.40,2174.91,2174.91,110
2026-06-23T05:49:00Z,2174.91,2175.12,2174.64,2174.64,137
2026-06-23T05:50:00Z,2174.64,2175.46,2174.64,2175.46,266
2026-06-23T05:51:00Z,2175.46,2175.89,2174.11,2174.97,139
2026-06-23T05:52:00Z,2174.97,2177.08,2173.89,2177.08,268
2026-06-23T05:53:00Z,2177.08,2177.95,2175.94,2176.15,203
2026-06-23T05:54:00Z,2176.15,2177.61,2175.07,2177.40,249
2026-06-23T05:55:00Z,2177.40,2178.43,2176.97,2177.56,220
2026-06-23T05:56:00Z,2177.56,2178.59,2176.69,2177.72,151
2026-06-23T05:57:00Z,2177.72,2179.40,2176.85,2178.97,183
2026-06-23T05:58:00Z,2178.97,2181.09,2178.10,2180.66,180
2026-06-23T05:59:00Z,2180.66,2181.91,2180.45,2180.82,164
2026-06-23T06:00:00Z,2180.82,2181.25,2178.30,2179.17,303
2026-06-23T06:01:00Z,2179.17,2180.25,2177.97,2178.62,220
2026-06-23T06:02:00Z,2178.62,2178.62,2177.64,2178.51,295
2026-06-23T06:03:00Z,2178.51,2179.92,2177.43,2179.92,160
2026-06-23T06:04:00Z,2179.92,2180.90,2179.27,2180.90,230
2026-06-23T06:05:00Z,2180.90,2183.84,2180.03,2182.97,176
2026-06-23T06:06:00Z,2182.97,2183.94,2182.32,2183.51,239
2026-06-23T06:07:00Z,2183.51,2184.70,2182.64,2184.49,241
2026-06-23T06:08:00Z,2184.49,2185.90,2183.40,2185.25,268
2026-06-23T06:09:00Z,2185.25,2187.10,2184.38,2187.10,153
2026-06-23T06:10:00Z,2187.10,2188.08,2187.10,2187.21,158
2026-06-23T06:11:00Z,2187.21,2188.62,2187.21,2187.97,187
2026-06-23T06:12:00Z,2187.97,2188.93,2186.88,2188.50,266
2026-06-23T06:13:00Z,2188.50,2188.93,2187.74,2188.17,247
2026-06-23T06:14:00Z,2188.17,2189.04,2186.75,2187.62,257
2026-06-23T06:15:00Z,2187.62,2187.62,2185.98,2187.07,205
2026-06-23T06:16:00Z,2187.07,2187.28,2186.09,2186.09,280
2026-06-23T06:17:00Z,2186.09,2186.20,2185.88,2186.20,124
2026-06-23T06:18:00Z,2186.20,2188.48,2185.99,2187.83,309
2026-06-23T06:19:00Z,2187.83,2188.16,2187.62,2188.16,276
2026-06-23T06:20:00Z,2188.16,2188.92,2188.16,2188.49,166
2026-06-23T06:21:00Z,2188.49,2189.47,2188.06,2188.60,266
2026-06-23T06:22:00Z,2188.60,2190.23,2188.17,2189.36,112
2026-06-23T06:23:00Z,2189.36,2189.90,2189.15,2189.69,133
2026-06-23T06:24:00Z,2189.69,2190.56,2188.26,2189.35,143
2026-06-23T06:25:00Z,2189.35,2190.54,2189.35,2190.33,189
2026-06-23T06:26:00Z,2190.33,2191.42,2189.79,2190.00,126
2026-06-23T06:27:00Z,2190.00,2190.98,2190.00,2190.98,237
2026-06-23T06:28:00Z,2190.98,2191.52,2190.11,2191.52,126
2026-06-23T06:29:00Z,2191.52,2191.73,2190.54,2190.97,220
2026-06-23T06:30:00Z,2190.97,2191.84,2189.33,2190.42,216
2026-06-23T06:31:00Z,2190.42,2190.96,2189.33,2190.75,205
2026-06-23T06:32:00Z,2190.75,2191.62,2189.33,2189.33,170
2026-06-23T06:33:00Z,2189.33,2190.09,2188.46,2189.44,268
2026-06-23T06:34:00Z,2189.44,2190.42,2188.35,2189.55,245
2026-06-23T06:35:00Z,2189.55,2189.76,2189.44,2189.44,282
2026-06-23T06:36:00Z,2189.44,2190.31,2188.89,2189.32,168
2026-06-23T06:37:00Z,2189.32,2190.30,2188.23,2189.65,122
2026-06-23T06:38:00Z,2189.65,2191.49,2188.78,2191.06,262
2026-06-23T06:39:00Z,2191.06,2191.60,2190.85,2191.17,266
2026-06-23T06:40:00Z,2191.17,2192.26,2190.85,2191.06,139
2026-06-23T06:41:00Z,2191.06,2191.49,2189.86,2190.73,270
2026-06-23T06:42:00Z,2190.73,2190.94,2189.97,2189.97,153
2026-06-23T06:43:00Z,2189.97,2190.18,2188.12,2188.55,278
2026-06-23T06:44:00Z,2188.55,2189.42,2187.36,2188.01,287
2026-06-23T06:45:00Z,2188.01,2188.77,2187.58,2188.77,151
2026-06-23T06:46:00Z,2188.77,2191.05,2188.12,2190.40,189
2026-06-23T06:47:00Z,2190.40,2191.49,2189.20,2190.07,222
2026-06-23T06:48:00Z,2190.07,2191.91,2189.86,2191.04,193
2026-06-23T06:49:00Z,2191.04,2191.37,2189.95,2191.37,220
2026-06-23T06:50:00Z,2191.37,2192.35,2190.50,2192.35,289
2026-06-23T06:51:00Z,2192.35,2193.55,2192.35,2192.46,237
2026-06-23T06:52:00Z,2192.46,2192.79,2191.59,2192.79,124
2026-06-23T06:53:00Z,2192.79,2193.12,2192.36,2193.12,104
2026-06-23T06:54:00Z,2193.12,2195.83,2192.69,2195.40,197
2026-06-23T06:55:00Z,2195.40,2196.60,2195.40,2196.60,239
2026-06-23T06:56:00Z,2196.60,2197.03,2194.96,2196.05,189
2026-06-23T06:57:00Z,2196.05,2197.46,2195.84,2197.03,110
2026-06-23T06:58:00Z,2197.03,2197.14,2195.94,2197.14,260
2026-06-23T06:59:00Z,2197.14,2197.35,2196.60,2196.81,149
2026-06-23T07:00:00Z,2196.81,2197.68,2195.67,2196.54,297
2026-06-23T07:01:00Z,2196.54,2197.57,2196.33,2196.92,164
2026-06-23T07:02:00Z,2196.92,2197.35,2196.00,2196.65,307
2026-06-23T07:03:00Z,2196.65,2197.90,2196.22,2197.25,120
2026-06-23T07:04:00Z,2197.25,2198.34,2196.98,2196.98,251
2026-06-23T07:05:00Z,2196.98,2198.45,2196.11,2197.80,293
2026-06-23T07:06:00Z,2197.80,2199.05,2197.59,2198.18,247
2026-06-23T07:07:00Z,2198.18,2199.66,2197.97,2199.01,299
2026-06-23T07:08:00Z,2199.01,2199.66,2196.77,2197.86,124
2026-06-23T07:09:00Z,2197.86,2198.51,2196.72,2197.81,114
2026-06-23T07:10:00Z,2197.81,2198.84,2197.38,2198.41,141
2026-06-23T07:11:00Z,2198.41,2198.41,2197.05,2197.92,187
2026-06-23T07:12:00Z,2197.92,2199.39,2196.83,2198.96,228
2026-06-23T07:13:00Z,2198.96,2201.10,2198.96,2200.00,180
2026-06-23T07:14:00Z,2200.00,2200.44,2199.30,2199.30,153
2026-06-23T07:15:00Z,2199.30,2200.17,2198.16,2199.03,143
2026-06-23T07:16:00Z,2199.03,2200.12,2196.57,2197.66,303
2026-06-23T07:17:00Z,2197.66,2199.35,2196.79,2198.26,143
2026-06-23T07:18:00Z,2198.26,2198.85,2197.17,2198.64,255
2026-06-23T07:19:00Z,2198.64,2199.07,2197.06,2197.93,122
2026-06-23T07:20:00Z,2197.93,2198.80,2196.79,2197.88,108
2026-06-23T07:21:00Z,2197.88,2199.14,2196.79,2199.14,180
2026-06-23T07:22:00Z,2199.14,2201.51,2198.05,2200.41,284
2026-06-23T07:23:00Z,2200.41,2201.29,2199.26,2200.36,251
2026-06-23T07:24:00Z,2200.36,2201.40,2200.36,2201.40,303
2026-06-23T07:25:00Z,2201.40,2203.10,2200.52,2202.00,299
2026-06-23T07:26:00Z,2202.00,2205.24,2201.56,2204.14,241
2026-06-23T07:27:00Z,2204.14,2204.31,2203.70,2204.31,291
2026-06-23T07:28:00Z,2204.31,2204.31,2203.38,2204.26,249
2026-06-23T07:29:00Z,2204.26,2205.97,2203.38,2205.31,122
2026-06-23T07:30:00Z,2205.31,2205.31,2204.81,2205.25,141
2026-06-23T07:31:00Z,2205.25,2206.13,2204.10,2204.10,118
2026-06-23T07:32:00Z,2204.10,2204.10,2202.73,2203.83,114
2026-06-23T07:33:00Z,2203.83,2204.93,2202.68,2203.34,210
2026-06-23T07:34:00Z,2203.34,2204.00,2202.41,2203.29,178
2026-06-23T07:35:00Z,2203.29,2203.73,2201.92,2202.58,172
2026-06-23T07:36:00Z,2202.58,2203.41,2201.48,2202.75,187
2026-06-23T07:37:00Z,2202.75,2204.68,2202.53,2203.80,228
2026-06-23T07:38:00Z,2203.80,2205.50,2203.80,2205.06,203
2026-06-23T07:39:00Z,2205.06,2207.42,2204.62,2206.32,226
2026-06-23T07:40:00Z,2206.32,2207.15,2206.32,2206.49,160
2026-06-23T07:41:00Z,2206.49,2208.85,2206.27,2208.63,193
2026-06-23T07:42:00Z,2208.63,2209.29,2207.25,2207.91,262
2026-06-23T07:43:00Z,2207.91,2208.96,2207.03,2208.08,291
2026-06-23T07:44:00Z,2208.08,2208.74,2205.61,2206.71,191
2026-06-23T07:45:00Z,2206.71,2207.81,2205.34,2205.56,106
2026-06-23T07:46:00Z,2205.56,2207.26,2204.68,2206.38,257
2026-06-23T07:47:00Z,2206.38,2206.55,2206.16,2206.55,291
2026-06-23T07:48:00Z,2206.55,2207.43,2205.18,2205.62,141
2026-06-23T07:49:00Z,2205.62,2206.00,2204.52,2206.00,189
2026-06-23T07:50:00Z,2206.00,2208.80,2205.12,2207.92,116
2026-06-23T07:51:00Z,2207.92,2208.58,2206.99,2206.99,112
2026-06-23T07:52:00Z,2206.99,2209.36,2206.77,2208.92,239
2026-06-23T07:53:00Z,2208.92,2209.96,2208.70,2209.30,128
2026-06-23T07:54:00Z,2209.30,2209.96,2208.58,2209.02,118
2026-06-23T07:55:00Z,2209.02,2210.50,2208.14,2209.62,241
2026-06-23T07:56:00Z,2209.62,2210.28,2207.80,2208.90,257
2026-06-23T07:57:00Z,2208.90,2210.00,2206.21,2206.87,162
2026-06-23T07:58:00Z,2206.87,2207.91,2205.77,2207.47,312
2026-06-23T07:59:00Z,2207.47,2209.18,2207.25,2208.08,237
2026-06-23T08:00:00Z,2208.08,2209.72,2207.42,2209.06,299
2026-06-23T08:01:00Z,2209.06,2210.05,2207.96,2209.39,187
2026-06-23T08:02:00Z,2209.39,2211.04,2208.73,2209.94,222
2026-06-23T08:03:00Z,2209.94,2210.93,2209.72,2210.27,247
2026-06-23T08:04:00Z,2210.27,2210.27,2208.61,2209.27,174
2026-06-23T08:05:00Z,2209.27,2210.03,2209.27,2210.03,295
2026-06-23T08:06:00Z,2210.03,2210.91,2209.47,2209.91,122
2026-06-23T08:07:00Z,2209.91,2210.46,2209.03,2210.46,237
2026-06-23T08:08:00Z,2210.46,2212.77,2210.24,2211.67,120
2026-06-23T08:09:00Z,2211.67,2211.67,2208.68,2209.56,183
2026-06-23T08:10:00Z,2209.56,2210.22,2208.33,2208.55,303
2026-06-23T08:11:00Z,2208.55,2209.98,2208.11,2209.32,197
2026-06-23T08:12:00Z,2209.32,2209.54,2207.88,2208.32,220
2026-06-23T08:13:00Z,2208.32,2208.87,2208.10,2208.87,243
2026-06-23T08:14:00Z,2208.87,2209.64,2207.99,2208.98,191
2026-06-23T08:15:00Z,2208.98,2211.73,2207.88,2211.07,230
2026-06-23T08:16:00Z,2211.07,2211.73,2209.84,2210.72,133
2026-06-23T08:17:00Z,2210.72,2211.49,2210.72,2211.27,272
2026-06-23T08:18:00Z,2211.27,2211.93,2208.06,2208.94,135
2026-06-23T08:19:00Z,2208.94,2210.15,2208.94,2209.27,189
2026-06-23T08:20:00Z,2209.27,2210.92,2208.83,2209.82,312
2026-06-23T08:21:00Z,2209.82,2210.36,2209.16,2209.92,191
2026-06-23T08:22:00Z,2209.92,2210.58,2207.82,2208.04,239
2026-06-23T08:23:00Z,2208.04,2209.47,2207.38,2209.03,210
2026-06-23T08:24:00Z,2209.03,2210.02,2209.03,2209.58,214
2026-06-23T08:25:00Z,2209.58,2210.24,2208.80,2209.02,276
2026-06-23T08:26:00Z,2209.02,2209.57,2208.58,2209.13,280
2026-06-23T08:27:00Z,2209.13,2210.01,2207.90,2208.12,199
2026-06-23T08:28:00Z,2208.12,2209.00,2206.90,2208.00,174
2026-06-23T08:29:00Z,2208.00,2208.22,2207.44,2207.66,220
2026-06-23T08:30:00Z,2207.66,2209.09,2207.00,2209.09,212
2026-06-23T08:31:00Z,2209.09,2210.19,2208.53,2208.53,280
2026-06-23T08:32:00Z,2208.53,2210.39,2207.43,2209.51,149
2026-06-23T08:33:00Z,2209.51,2211.16,2209.07,2210.06,205
2026-06-23T08:34:00Z,2210.06,2211.27,2209.62,2210.39,274
2026-06-23T08:35:00Z,2210.39,2211.49,2208.95,2209.17,301
2026-06-23T08:36:00Z,2209.17,2210.60,2209.17,2209.50,203
2026-06-23T08:37:00Z,2209.50,2211.15,2208.40,2210.49,139
2026-06-23T08:38:00Z,2210.49,2211.91,2210.27,2211.25,116
2026-06-23T08:39:00Z,2211.25,2212.13,2209.37,2210.25,139
2026-06-23T08:40:00Z,2210.25,2210.58,2209.81,2210.36,187
2026-06-23T08:41:00Z,2210.36,2210.47,2209.92,2210.47,156
2026-06-23T08:42:00Z,2210.47,2211.24,2210.25,2211.02,193
2026-06-23T08:43:00Z,2211.02,2211.68,2208.91,2210.01,276
2026-06-23T08:44:00Z,2210.01,2210.56,2210.01,2210.56,156
2026-06-23T08:45:00Z,2210.56,2211.00,2209.12,2210.22,145
2026-06-23T08:46:00Z,2210.22,2210.22,2208.78,2209.66,122
2026-06-23T08:47:00Z,2209.66,2211.97,2209.44,2210.87,189
2026-06-23T08:48:00Z,2210.87,2212.52,2210.43,2211.42,251
2026-06-23T08:49:00Z,2211.42,2211.74,2210.54,2211.52,239
2026-06-23T08:50:00Z,2211.52,2213.39,2210.42,2212.51,145
2026-06-23T08:51:00Z,2212.51,2213.28,2212.29,2212.62,284
2026-06-23T08:52:00Z,2212.62,2213.06,2212.06,2212.50,289
2026-06-23T08:53:00Z,2212.50,2213.71,2212.28,2212.61,137
2026-06-23T08:54:00Z,2212.61,2213.71,2211.16,2211.82,312
2026-06-23T08:55:00Z,2211.82,2212.81,2211.38,2212.15,241
2026-06-23T08:56:00Z,2212.15,2212.92,2211.05,2212.92,114
2026-06-23T08:57:00Z,2212.92,2213.14,2211.26,2211.48,106
2026-06-23T08:58:00Z,2211.48,2212.36,2209.82,2210.70,228
2026-06-23T08:59:00Z,2210.70,2212.57,2210.04,2211.47,268
2026-06-23T09:00:00Z,2211.47,2212.58,2211.03,2212.58,166
2026-06-23T09:01:00Z,2212.58,2214.58,2212.14,2214.14,235
2026-06-23T09:02:00Z,2214.14,2214.36,2212.39,2212.61,260
2026-06-23T09:03:00Z,2212.61,2214.60,2211.73,2213.72,178
2026-06-23T09:04:00Z,2213.72,2215.06,2213.50,2214.62,212
2026-06-23T09:05:00Z,2214.62,2215.50,2213.97,2213.97,106
2026-06-23T09:06:00Z,2213.97,2216.63,2213.53,2215.53,251
2026-06-23T09:07:00Z,2215.53,2216.41,2214.65,2215.09,158
2026-06-23T09:08:00Z,2215.09,2216.43,2213.99,2215.99,230
2026-06-23T09:09:00Z,2215.99,2216.65,2214.90,2215.56,218
2026-06-23T09:10:00Z,2215.56,2215.78,2213.81,2214.91,301
2026-06-23T09:11:00Z,2214.91,2215.79,2212.04,2212.70,272
2026-06-23T09:12:00Z,2212.70,2213.14,2211.17,2212.05,205
2026-06-23T09:13:00Z,2212.05,2213.39,2211.17,2212.73,143
2026-06-23T09:14:00Z,2212.73,2212.97,2212.73,2212.75,276
2026-06-23T09:15:00Z,2212.75,2213.19,2211.21,2212.31,197
2026-06-23T09:16:00Z,2212.31,2212.99,2212.31,2212.55,307
2026-06-23T09:17:00Z,2212.55,2213.89,2212.11,2213.67,124
2026-06-23T09:18:00Z,2213.67,2215.00,2213.01,2214.12,299
2026-06-23T09:19:00Z,2214.12,2215.24,2214.12,2214.36,205
2026-06-23T09:20:00Z,2214.36,2214.38,2213.26,2214.38,120
2026-06-23T09:21:00Z,2214.38,2215.28,2214.16,2214.62,276
2026-06-23T09:22:00Z,2214.62,2215.29,2214.40,2214.85,208
2026-06-23T09:23:00Z,2214.85,2215.09,2213.75,2214.87,224
2026-06-23T09:24:00Z,2214.87,2216.21,2214.65,2215.11,174
2026-06-23T09:25:00Z,2215.11,2215.55,2212.92,2213.80,262
2026-06-23T09:26:00Z,2213.80,2214.24,2211.37,2212.03,183
2026-06-23T09:27:00Z,2212.03,2212.05,2211.81,2212.05,139
2026-06-23T09:28:00Z,2212.05,2213.61,2211.61,2212.95,191
2026-06-23T09:29:00Z,2212.95,2214.51,2211.85,2214.29,287
2026-06-23T09:30:00Z,2214.29,2214.73,2213.63,2213.63,162
2026-06-23T09:31:00Z,2213.63,2213.87,2212.75,2213.87,284
2026-06-23T09:32:00Z,2213.87,2215.65,2212.99,2214.77,218
2026-06-23T09:33:00Z,2214.77,2216.32,2214.33,2215.88,264
2026-06-23T09:34:00Z,2215.88,2215.88,2214.12,2214.34,106
2026-06-23T09:35:00Z,2214.34,2215.44,2212.81,2213.47,218
2026-06-23T09:36:00Z,2213.47,2214.81,2212.81,2213.71,158
2026-06-23T09:37:00Z,2213.71,2213.93,2212.39,2213.49,137
2026-06-23T09:38:00Z,2213.49,2213.71,2212.40,2213.28,104
2026-06-23T09:39:00Z,2213.28,2215.50,2212.40,2214.62,133
2026-06-23T09:40:00Z,2214.62,2216.18,2213.52,2215.74,124
2026-06-23T09:41:00Z,2215.74,2216.62,2213.98,2214.86,222
2026-06-23T09:42:00Z,2214.86,2215.32,2214.42,2215.10,114
2026-06-23T09:43:00Z,2215.10,2216.00,2214.22,2215.56,208
2026-06-23T09:44:00Z,2215.56,2215.56,2214.03,2214.69,224
2026-06-23T09:45:00Z,2214.69,2215.35,2213.81,2214.47,185
2026-06-23T09:46:00Z,2214.47,2214.47,2212.49,2212.71,287
2026-06-23T09:47:00Z,2212.71,2213.81,2211.18,2211.40,197
2026-06-23T09:48:00Z,2211.40,2212.51,2211.18,2211.85,162
2026-06-23T09:49:00Z,2211.85,2213.41,2211.41,2212.53,166
2026-06-23T09:50:00Z,2212.53,2213.87,2212.09,2213.43,172
2026-06-23T09:51:00Z,2213.43,2214.55,2212.77,2213.89,287
2026-06-23T09:52:00Z,2213.89,2214.11,2213.45,2213.45,268
2026-06-23T09:53:00Z,2213.45,2214.55,2212.58,2212.80,289
2026-06-23T09:54:00Z,2212.80,2213.90,2211.49,2212.15,289
2026-06-23T09:55:00Z,2212.15,2213.25,2211.06,2211.50,201
2026-06-23T09:56:00Z,2211.50,2211.73,2210.84,2211.51,268
2026-06-23T09:57:00Z,2211.51,2213.73,2211.51,2212.63,106
2026-06-23T09:58:00Z,2212.63,2213.07,2210.88,2211.98,230
2026-06-23T09:59:00Z,2211.98,2212.88,2210.88,2212.00,191
2026-06-23T10:00:00Z,2212.00,2212.00,2210.96,2210.96,257
2026-06-23T10:01:00Z,2210.96,2212.58,2209.86,2211.70,120
2026-06-23T10:02:00Z,2211.70,2213.98,2211.26,2213.10,249
2026-06-23T10:03:00Z,2213.10,2213.54,2212.06,2212.94,220
2026-06-23T10:04:00Z,2212.94,2213.82,2211.25,2211.91,110
2026-06-23T10:05:00Z,2211.91,2213.53,2211.03,2212.43,193
2026-06-23T10:06:00Z,2212.43,2214.92,2211.77,2214.48,222
2026-06-23T10:07:00Z,2214.48,2214.92,2211.90,2212.34,199
2026-06-23T10:08:00Z,2212.34,2213.52,2212.34,2212.64,147
2026-06-23T10:09:00Z,2212.64,2213.82,2211.98,2213.82,153
2026-06-23T10:10:00Z,2213.82,2214.70,2212.12,2213.00,210
2026-06-23T10:11:00Z,2213.00,2213.44,2212.85,2212.85,235
2026-06-23T10:12:00Z,2212.85,2213.73,2210.94,2211.60,208
2026-06-23T10:13:00Z,2211.60,2213.43,2211.16,2212.99,260
2026-06-23T10:14:00Z,2212.99,2213.51,2212.99,2213.51,309
2026-06-23T10:15:00Z,2213.51,2214.47,2212.85,2214.25,180
2026-06-23T10:16:00Z,2214.25,2216.74,2213.37,2215.64,189
2026-06-23T10:17:00Z,2215.64,2216.38,2215.42,2216.38,297
2026-06-23T10:18:00Z,2216.38,2216.82,2215.13,2215.35,289
2026-06-23T10:19:00Z,2215.35,2216.53,2214.25,2216.53,210
2026-06-23T10:20:00Z,2216.53,2217.41,2215.71,2216.37,216
2026-06-23T10:21:00Z,2216.37,2217.33,2215.49,2217.33,247
2026-06-23T10:22:00Z,2217.33,2218.73,2217.11,2218.51,284
2026-06-23T10:23:00Z,2218.51,2219.90,2217.85,2218.80,162
2026-06-23T10:24:00Z,2218.80,2220.20,2218.14,2219.10,149
2026-06-23T10:25:00Z,2219.10,2221.60,2218.00,2220.72,257
2026-06-23T10:26:00Z,2220.72,2222.33,2220.50,2221.45,183
2026-06-23T10:27:00Z,2221.45,2221.52,2220.79,2221.52,183
2026-06-23T10:28:00Z,2221.52,2224.02,2221.52,2223.36,257
2026-06-23T10:29:00Z,2223.36,2224.02,2222.99,2222.99,237
2026-06-23T10:30:00Z,2222.99,2223.93,2222.77,2223.05,168
2026-06-23T10:31:00Z,2223.05,2223.56,2221.94,2223.12,139
2026-06-23T10:32:00Z,2223.12,2223.78,2221.86,2222.97,257
2026-06-23T10:33:00Z,2222.97,2224.37,2222.31,2223.26,274
2026-06-23T10:34:00Z,2223.26,2224.14,2222.23,2223.11,189
2026-06-23T10:35:00Z,2223.11,2224.07,2222.89,2223.85,183
2026-06-23T10:36:00Z,2223.85,2225.02,2223.19,2224.14,149
2026-06-23T10:37:00Z,2224.14,2224.36,2222.67,2223.55,282
2026-06-23T10:38:00Z,2223.55,2224.95,2222.67,2224.73,189
2026-06-23T10:39:00Z,2224.73,2226.13,2224.51,2225.69,255
2026-06-23T10:40:00Z,2225.69,2227.08,2225.25,2226.86,299
2026-06-23T10:41:00Z,2226.86,2227.97,2226.49,2226.71,172
2026-06-23T10:42:00Z,2226.71,2226.93,2226.12,2226.56,128
2026-06-23T10:43:00Z,2226.56,2226.78,2224.63,2225.74,174
2026-06-23T10:44:00Z,2225.74,2226.18,2224.93,2224.93,268
2026-06-23T10:45:00Z,2224.93,2226.11,2224.49,2226.11,247
2026-06-23T10:46:00Z,2226.11,2226.11,2225.51,2225.73,149
2026-06-23T10:47:00Z,2225.73,2226.17,2225.14,2225.36,276
2026-06-23T10:48:00Z,2225.36,2225.88,2225.14,2225.66,210
2026-06-23T10:49:00Z,2225.66,2226.77,2225.51,2225.51,195
2026-06-23T10:50:00Z,2225.51,2225.73,2223.81,2223.81,284
2026-06-23T10:51:00Z,2223.81,2224.25,2222.56,2222.78,168
2026-06-23T10:52:00Z,2222.78,2223.00,2221.75,2222.63,160
2026-06-23T10:53:00Z,2222.63,2223.51,2220.26,2221.37,178
2026-06-23T10:54:00Z,2221.37,2222.48,2219.89,2221.00,232
2026-06-23T10:55:00Z,2221.00,2221.22,2220.63,2220.85,122
2026-06-23T10:56:00Z,2220.85,2221.96,2219.81,2220.47,110
2026-06-23T10:57:00Z,2220.47,2222.09,2219.59,2221.21,210
2026-06-23T10:58:00Z,2221.21,2221.72,2220.33,2221.28,303
2026-06-23T10:59:00Z,2221.28,2221.28,2219.59,2219.59,118
2026-06-23T11:00:00Z,2219.59,2219.81,2218.08,2218.96,170
2026-06-23T11:01:00Z,2218.96,2218.96,2217.24,2217.90,255
2026-06-23T11:02:00Z,2217.90,2218.56,2215.72,2215.94,270
2026-06-23T11:03:00Z,2215.94,2217.04,2213.78,2214.66,249
2026-06-23T11:04:00Z,2214.66,2216.25,2214.22,2216.03,176
2026-06-23T11:05:00Z,2216.03,2216.25,2214.53,2215.63,197
2026-06-23T11:06:00Z,2215.63,2215.63,2214.57,2215.45,145
2026-06-23T11:07:00Z,2215.45,2216.83,2214.35,2216.61,303
2026-06-23T11:08:00Z,2216.61,2217.05,2215.77,2216.43,295
2026-06-23T11:09:00Z,2216.43,2217.31,2214.93,2215.59,299
2026-06-23T11:10:00Z,2215.59,2216.52,2215.59,2215.86,222
2026-06-23T11:11:00Z,2215.86,2216.56,2215.42,2216.34,299
2026-06-23T11:12:00Z,2216.34,2217.05,2215.24,2216.61,189
2026-06-23T11:13:00Z,2216.61,2217.27,2215.76,2215.76,301
2026-06-23T11:14:00Z,2215.76,2215.98,2215.14,2215.36,160
2026-06-23T11:15:00Z,2215.36,2215.80,2213.62,2213.84,193
2026-06-23T11:16:00Z,2213.84,2214.72,2212.56,2212.56,249
2026-06-23T11:17:00Z,2212.56,2213.66,2210.39,2211.27,295
2026-06-23T11:18:00Z,2211.27,2213.08,2211.05,2211.98,247
2026-06-23T11:19:00Z,2211.98,2212.47,2211.32,2212.03,139
2026-06-23T11:20:00Z,2212.03,2213.13,2209.63,2209.85,124
2026-06-23T11:21:00Z,2209.85,2209.90,2209.85,2209.90,270
2026-06-23T11:22:00Z,2209.90,2211.04,2209.68,2210.60,253
2026-06-23T11:23:00Z,2210.60,2212.19,2209.50,2211.31,245
2026-06-23T11:24:00Z,2211.31,2211.53,2209.58,2210.46,257
2026-06-23T11:25:00Z,2210.46,2211.34,2208.96,2210.06,108
2026-06-23T11:26:00Z,2210.06,2210.94,2209.44,2209.88,280
2026-06-23T11:27:00Z,2209.88,2210.32,2209.05,2209.71,251
2026-06-23T11:28:00Z,2209.71,2210.15,2208.42,2209.30,108
2026-06-23T11:29:00Z,2209.30,2210.23,2208.42,2210.23,151
2026-06-23T11:30:00Z,2210.23,2213.15,2209.35,2212.05,291
2026-06-23T11:31:00Z,2212.05,2212.49,2210.98,2210.98,137
2026-06-23T11:32:00Z,2210.98,2211.42,2209.92,2210.58,216
2026-06-23T11:33:00Z,2210.58,2211.46,2208.85,2209.07,147
2026-06-23T11:34:00Z,2209.07,2209.51,2207.79,2207.79,183
2026-06-23T11:35:00Z,2207.79,2208.71,2207.57,2207.83,168
2026-06-23T11:36:00Z,2207.83,2208.54,2206.95,2208.54,287
2026-06-23T11:37:00Z,2208.54,2209.64,2206.59,2207.03,249
2026-06-23T11:38:00Z,2207.03,2207.03,2204.65,2205.31,118
2026-06-23T11:39:00Z,2205.31,2205.80,2204.65,2205.36,303
2026-06-23T11:40:00Z,2205.36,2207.16,2205.14,2206.28,218
2026-06-23T11:41:00Z,2206.28,2206.55,2206.06,2206.55,276
2026-06-23T11:42:00Z,2206.55,2207.21,2204.16,2205.04,282
2026-06-23T11:43:00Z,2205.04,2205.92,2203.54,2204.42,135
2026-06-23T11:44:00Z,2204.42,2205.52,2202.47,2202.69,106
2026-06-23T11:45:00Z,2202.69,2203.57,2202.07,2202.29,104
2026-06-23T11:46:00Z,2202.29,2204.75,2201.41,2203.65,224
2026-06-23T11:47:00Z,2203.65,2205.68,2203.21,2204.58,168
2026-06-23T11:48:00Z,2204.58,2205.06,2203.92,2204.62,126
2026-06-23T11:49:00Z,2204.62,2205.72,2203.35,2204.45,104
2026-06-23T11:50:00Z,2204.45,2206.26,2203.35,2205.60,172
2026-06-23T11:51:00Z,2205.60,2205.82,2204.76,2205.42,162
2026-06-23T11:52:00Z,2205.42,2205.64,2203.70,2204.58,293
2026-06-23T11:53:00Z,2204.58,2204.58,2202.63,2203.73,243
2026-06-23T11:54:00Z,2203.73,2204.39,2202.45,2202.45,191
2026-06-23T11:55:00Z,2202.45,2202.89,2199.84,2200.94,139
2026-06-23T11:56:00Z,2200.94,2202.04,2200.54,2200.54,247
2026-06-23T11:57:00Z,2200.54,2201.20,2198.38,2199.25,108
2026-06-23T11:58:00Z,2199.25,2199.25,2198.64,2198.85,203
2026-06-23T11:59:00Z,2198.85,2200.22,2198.64,2200.00,272
2026-06-23T12:00:00Z,2200.00,2200.88,2199.25,2199.68,280
2026-06-23T12:01:00Z,2199.68,2200.11,2197.83,2198.04,156
2026-06-23T12:02:00Z,2198.04,2200.13,2197.39,2199.48,203
2026-06-23T12:03:00Z,2199.48,2200.13,2198.07,2198.72,289
2026-06-23T12:04:00Z,2198.72,2199.37,2197.10,2197.31,176
2026-06-23T12:05:00Z,2197.31,2199.17,2196.44,2198.52,276
2026-06-23T12:06:00Z,2198.52,2199.95,2197.87,2199.08,156
2026-06-23T12:07:00Z,2199.08,2199.95,2197.24,2198.33,235
2026-06-23T12:08:00Z,2198.33,2198.98,2197.14,2197.57,131
2026-06-23T12:09:00Z,2197.57,2197.70,2197.36,2197.70,251
2026-06-23T12:10:00Z,2197.70,2198.13,2197.17,2197.60,214
2026-06-23T12:11:00Z,2197.60,2198.38,2197.60,2197.95,205
2026-06-23T12:12:00Z,2197.95,2198.16,2196.54,2197.19,305
2026-06-23T12:13:00Z,2197.19,2198.61,2196.98,2198.18,116
2026-06-23T12:14:00Z,2198.18,2199.39,2197.75,2199.18,149
2026-06-23T12:15:00Z,2199.18,2201.05,2198.09,2200.83,106
2026-06-23T12:16:00Z,2200.83,2201.49,2200.08,2200.30,309
2026-06-23T12:17:00Z,2200.30,2201.18,2199.55,2199.98,253
2026-06-23T12:18:00Z,2199.98,2200.19,2199.22,2199.22,180
2026-06-23T12:19:00Z,2199.22,2199.22,2197.61,2197.82,172
2026-06-23T12:20:00Z,2197.82,2198.47,2196.41,2197.28,257
2026-06-23T12:21:00Z,2197.28,2197.93,2195.67,2196.32,193
2026-06-23T12:22:00Z,2196.32,2196.97,2194.70,2195.35,214
2026-06-23T12:23:00Z,2195.35,2196.44,2195.05,2195.26,126
2026-06-23T12:24:00Z,2195.26,2195.69,2193.85,2194.72,120
2026-06-23T12:25:00Z,2194.72,2195.37,2194.19,2194.62,174
2026-06-23T12:26:00Z,2194.62,2197.58,2194.62,2196.49,201
2026-06-23T12:27:00Z,2196.49,2197.92,2196.28,2197.05,189
2026-06-23T12:28:00Z,2197.05,2200.23,2196.40,2199.36,214
2026-06-23T12:29:00Z,2199.36,2200.35,2198.71,2199.92,251
2026-06-23T12:30:00Z,2199.92,2200.69,2199.05,2200.69,183
2026-06-23T12:31:00Z,2200.69,2201.48,2200.03,2200.82,178
2026-06-23T12:32:00Z,2200.82,2202.48,2200.60,2201.38,139
2026-06-23T12:33:00Z,2201.38,2202.82,2200.50,2202.16,137
2026-06-23T12:34:00Z,2202.16,2202.28,2202.16,2202.28,183
2026-06-23T12:35:00Z,2202.28,2203.50,2201.18,2203.06,191
2026-06-23T12:36:00Z,2203.06,2203.06,2202.08,2202.52,170
2026-06-23T12:37:00Z,2202.52,2203.74,2201.42,2203.08,243
2026-06-23T12:38:00Z,2203.08,2204.52,2201.98,2204.08,108
2026-06-23T12:39:00Z,2204.08,2205.30,2203.20,2204.42,237
2026-06-23T12:40:00Z,2204.42,2204.77,2203.98,2204.77,226
2026-06-23T12:41:00Z,2204.77,2205.43,2203.58,2203.80,135
2026-06-23T12:42:00Z,2203.80,2206.11,2203.58,2205.01,255
2026-06-23T12:43:00Z,2205.01,2207.10,2204.57,2207.10,253
2026-06-23T12:44:00Z,2207.10,2207.32,2205.68,2206.78,208
2026-06-23T12:45:00Z,2206.78,2207.44,2206.69,2206.69,228
2026-06-23T12:46:00Z,2206.69,2207.47,2206.69,2207.03,243
2026-06-23T12:47:00Z,2207.03,2207.82,2207.03,2207.16,224
2026-06-23T12:48:00Z,2207.16,2208.81,2207.16,2208.81,312
2026-06-23T12:49:00Z,2208.81,2209.91,2208.49,2208.71,120
2026-06-23T12:50:00Z,2208.71,2209.94,2208.27,2208.84,239
2026-06-23T12:51:00Z,2208.84,2209.62,2208.40,2209.18,153
2026-06-23T12:52:00Z,2209.18,2210.18,2208.74,2210.18,243
2026-06-23T12:53:00Z,2210.18,2210.74,2210.18,2210.74,272
2026-06-23T12:54:00Z,2210.74,2211.96,2210.08,2210.86,297
2026-06-23T12:55:00Z,2210.86,2211.65,2209.98,2210.99,212
2026-06-23T12:56:00Z,2210.99,2211.87,2210.45,2210.67,193
2026-06-23T12:57:00Z,2210.67,2210.89,2209.70,2210.36,241
2026-06-23T12:58:00Z,2210.36,2211.46,2209.82,2210.04,199
2026-06-23T12:59:00Z,2210.04,2210.04,2209.51,2209.73,116
2026-06-23T13:00:00Z,2209.73,2211.29,2208.85,2210.19,228
2026-06-23T13:01:00Z,2210.19,2211.53,2209.09,2210.87,297
2026-06-23T13:02:00Z,2210.87,2212.21,2209.77,2211.55,293
2026-06-23T13:03:00Z,2211.55,2212.01,2210.89,2211.79,128
2026-06-23T13:04:00Z,2211.79,2212.69,2211.79,2212.25,191
2026-06-23T13:05:00Z,2212.25,2212.69,2209.62,2210.72,133
2026-06-23T13:06:00Z,2210.72,2211.16,2209.63,2210.29,257
2026-06-23T13:07:00Z,2210.29,2212.29,2209.63,2211.19,170
2026-06-23T13:08:00Z,2211.19,2212.31,2210.97,2211.21,264
2026-06-23T13:09:00Z,2211.21,2211.43,2210.78,2210.78,210
2026-06-23T13:10:00Z,2210.78,2211.88,2209.92,2210.58,278
2026-06-23T13:11:00Z,2210.58,2211.92,2210.14,2211.26,245
2026-06-23T13:12:00Z,2211.26,2211.92,2208.63,2209.73,262
2026-06-23T13:13:00Z,2209.73,2209.73,2208.42,2209.08,110
2026-06-23T13:14:00Z,2209.08,2211.30,2209.08,2210.20,164
2026-06-23T13:15:00Z,2210.20,2210.20,2209.56,2210.00,189
2026-06-23T13:16:00Z,2210.00,2210.88,2208.03,2208.69,230
2026-06-23T13:17:00Z,2208.69,2210.25,2208.69,2210.03,208
2026-06-23T13:18:00Z,2210.03,2210.93,2209.81,2210.93,222
2026-06-23T13:19:00Z,2210.93,2212.03,2210.28,2210.28,164
2026-06-23T13:20:00Z,2210.28,2211.62,2210.06,2211.18,162
2026-06-23T13:21:00Z,2211.18,2212.52,2210.30,2211.42,245
2026-06-23T13:22:00Z,2211.42,2212.76,2210.98,2212.32,172
2026-06-23T13:23:00Z,2212.32,2212.98,2210.79,2211.45,251
2026-06-23T13:24:00Z,2211.45,2212.55,2210.80,2210.80,247
2026-06-23T13:25:00Z,2210.80,2212.81,2210.14,2212.37,255
2026-06-23T13:26:00Z,2212.37,2212.59,2211.50,2211.50,210
2026-06-23T13:27:00Z,2211.50,2212.18,2210.62,2211.74,162
2026-06-23T13:28:00Z,2211.74,2212.18,2211.31,2211.31,114
2026-06-23T13:29:00Z,2211.31,2212.43,2210.65,2211.99,228
2026-06-23T13:30:00Z,2211.99,2212.89,2211.77,2212.45,183
2026-06-23T13:31:00Z,2212.45,2212.45,2211.36,2212.02,131
2026-06-23T13:32:00Z,2212.02,2212.70,2211.58,2212.26,253
2026-06-23T13:33:00Z,2212.26,2212.70,2210.51,2211.61,282
2026-06-23T13:34:00Z,2211.61,2212.27,2210.96,2211.18,293
2026-06-23T13:35:00Z,2211.18,2212.08,2210.52,2211.20,284
2026-06-23T13:36:00Z,2211.20,2211.86,2209.90,2211.00,158
2026-06-23T13:37:00Z,2211.00,2211.68,2210.12,2211.46,164
2026-06-23T13:38:00Z,2211.46,2212.58,2211.02,2211.70,143
2026-06-23T13:39:00Z,2211.70,2212.38,2211.70,2211.72,164
2026-06-23T13:40:00Z,2211.72,2211.94,2210.41,2211.29,235
2026-06-23T13:41:00Z,2211.29,2212.41,2210.85,2211.31,156
2026-06-23T13:42:00Z,2211.31,2212.19,2209.56,2210.22,120
2026-06-23T13:43:00Z,2210.22,2211.12,2209.12,2210.46,178
2026-06-23T13:44:00Z,2210.46,2211.80,2209.80,2210.92,112
2026-06-23T13:45:00Z,2210.92,2211.38,2210.26,2210.94,104
2026-06-23T13:46:00Z,2210.94,2211.38,2209.41,2209.85,241
2026-06-23T13:47:00Z,2209.85,2209.85,2207.65,2208.09,158
2026-06-23T13:48:00Z,2208.09,2209.65,2207.65,2208.77,135
2026-06-23T13:49:00Z,2208.77,2209.65,2208.34,2208.34,268
2026-06-23T13:50:00Z,2208.34,2208.78,2206.59,2207.47,180
2026-06-23T13:51:00Z,2207.47,2207.91,2206.60,2206.82,205
2026-06-23T13:52:00Z,2206.82,2208.38,2206.16,2207.72,264
2026-06-23T13:53:00Z,2207.72,2209.95,2207.28,2209.07,228
2026-06-23T13:54:00Z,2209.07,2209.29,2207.10,2207.76,251
2026-06-23T13:55:00Z,2207.76,2208.20,2206.67,2207.11,309
2026-06-23T13:56:00Z,2207.11,2208.01,2206.23,2207.13,270
2026-06-23T13:57:00Z,2207.13,2208.47,2206.91,2207.59,243
2026-06-23T13:58:00Z,2207.59,2208.03,2206.28,2207.16,124
2026-06-23T13:59:00Z,2207.16,2208.51,2207.16,2207.63,193
2026-06-23T14:00:00Z,2207.63,2209.87,2207.63,2208.99,299
2026-06-23T14:01:00Z,2208.99,2208.99,2208.37,2208.59,251
2026-06-23T14:02:00Z,2208.59,2208.59,2207.75,2207.75,245
2026-06-23T14:03:00Z,2207.75,2208.63,2206.68,2207.56,183
2026-06-23T14:04:00Z,2207.56,2209.37,2207.12,2208.49,162
2026-06-23T14:05:00Z,2208.49,2208.98,2207.83,2208.76,208
2026-06-23T14:06:00Z,2208.76,2211.00,2208.54,2210.34,208
2026-06-23T14:07:00Z,2210.34,2211.22,2207.96,2208.84,297
2026-06-23T14:08:00Z,2208.84,2210.43,2208.62,2209.33,139
2026-06-23T14:09:00Z,2209.33,2210.70,2208.89,2209.60,274
2026-06-23T14:10:00Z,2209.60,2210.29,2208.94,2209.63,164
2026-06-23T14:11:00Z,2209.63,2211.44,2208.53,2211.00,218
2026-06-23T14:12:00Z,2211.00,2212.10,2210.60,2210.60,243
2026-06-23T14:13:00Z,2210.60,2211.48,2209.75,2209.75,289
2026-06-23T14:14:00Z,2209.75,2210.23,2209.75,2209.79,195
2026-06-23T14:15:00Z,2209.79,2210.89,2207.63,2208.73,307
2026-06-23T14:16:00Z,2208.73,2209.42,2207.63,2208.76,278
2026-06-23T14:17:00Z,2208.76,2209.42,2208.14,2208.58,185
2026-06-23T14:18:00Z,2208.58,2210.83,2208.14,2209.95,166
2026-06-23T14:19:00Z,2209.95,2210.17,2208.01,2208.67,128
2026-06-23T14:20:00Z,2208.67,2211.79,2208.23,2210.69,205
2026-06-23T14:21:00Z,2210.69,2212.50,2210.03,2211.62,187
2026-06-23T14:22:00Z,2211.62,2212.72,2210.78,2211.22,307
2026-06-23T14:23:00Z,2211.22,2213.90,2211.00,2213.02,268
2026-06-23T14:24:00Z,2213.02,2216.37,2212.58,2215.27,160
2026-06-23T14:25:00Z,2215.27,2215.27,2213.55,2214.65,153
2026-06-23T14:26:00Z,2214.65,2215.57,2214.21,2215.57,162
2026-06-23T14:27:00Z,2215.57,2216.01,2214.73,2214.73,116
2026-06-23T14:28:00Z,2214.73,2214.95,2213.01,2213.23,270
2026-06-23T14:29:00Z,2213.23,2214.60,2213.23,2214.16,139
2026-06-23T14:30:00Z,2214.16,2215.26,2213.31,2213.97,114
2026-06-23T14:31:00Z,2213.97,2217.10,2212.87,2216.66,291
2026-06-23T14:32:00Z,2216.66,2217.76,2215.82,2216.26,122
2026-06-23T14:33:00Z,2216.26,2216.74,2215.38,2216.52,309
2026-06-23T14:34:00Z,2216.52,2218.55,2215.64,2217.45,241
2026-06-23T14:35:00Z,2217.45,2219.04,2216.57,2218.38,106
2026-06-23T14:36:00Z,2218.38,2219.74,2217.94,2218.64,272
2026-06-23T14:37:00Z,2218.64,2218.86,2216.70,2217.36,295
2026-06-23T14:38:00Z,2217.36,2219.17,2216.92,2218.07,226
2026-06-23T14:39:00Z,2218.07,2220.10,2216.97,2219.00,216
2026-06-23T14:40:00Z,2219.00,2219.03,2218.78,2219.03,257
2026-06-23T14:41:00Z,2219.03,2219.69,2217.97,2218.85,228
2026-06-23T14:42:00Z,2218.85,2218.85,2216.25,2216.47,247
2026-06-23T14:43:00Z,2216.47,2217.13,2216.28,2216.28,126
2026-06-23T14:44:00Z,2216.28,2216.76,2215.40,2216.32,293
2026-06-23T14:45:00Z,2216.32,2216.36,2216.10,2216.36,307
2026-06-23T14:46:00Z,2216.36,2217.02,2215.07,2215.07,145
2026-06-23T14:47:00Z,2215.07,2216.00,2215.07,2215.78,278
2026-06-23T14:48:00Z,2215.78,2217.81,2214.90,2217.81,299
2026-06-23T14:49:00Z,2217.81,2218.95,2217.81,2217.85,305
2026-06-23T14:50:00Z,2217.85,2218.29,2215.46,2215.90,112
2026-06-23T14:51:00Z,2215.90,2216.61,2215.24,2216.61,228
2026-06-23T14:52:00Z,2216.61,2217.27,2215.77,2215.99,110
2026-06-23T14:53:00Z,2215.99,2216.43,2214.48,2215.58,251
2026-06-23T14:54:00Z,2215.58,2217.17,2215.58,2216.07,168
2026-06-23T14:55:00Z,2216.07,2218.54,2215.85,2217.88,110
2026-06-23T14:56:00Z,2217.88,2219.24,2216.78,2218.58,168
2026-06-23T14:57:00Z,2218.58,2219.95,2218.14,2218.85,216
2026-06-23T14:58:00Z,2218.85,2219.07,2218.45,2218.67,178
2026-06-23T14:59:00Z,2218.67,2219.11,2217.83,2217.83,214
2026-06-23T15:00:00Z,2217.83,2218.89,2216.73,2218.45,212
2026-06-23T15:01:00Z,2218.45,2219.55,2216.19,2216.63,255
2026-06-23T15:02:00Z,2216.63,2217.73,2215.70,2215.92,284
2026-06-23T15:03:00Z,2215.92,2217.02,2214.56,2215.66,176
2026-06-23T15:04:00Z,2215.66,2216.10,2215.17,2215.17,110
2026-06-23T15:05:00Z,2215.17,2215.57,2214.51,2215.35,137
2026-06-23T15:06:00Z,2215.35,2215.35,2214.86,2214.86,203
2026-06-23T15:07:00Z,2214.86,2215.49,2214.86,2215.05,203
2026-06-23T15:08:00Z,2215.05,2216.11,2213.95,2215.23,251
2026-06-23T15:09:00Z,2215.23,2215.45,2214.30,2214.30,135
2026-06-23T15:10:00Z,2214.30,2214.74,2212.49,2213.37,147
2026-06-23T15:11:00Z,2213.37,2214.88,2212.93,2214.88,247
2026-06-23T15:12:00Z,2214.88,2215.94,2213.78,2215.72,168
2026-06-23T15:13:00Z,2215.72,2216.82,2215.45,2215.45,228
2026-06-23T15:14:00Z,2215.45,2216.95,2215.01,2216.51,222
2026-06-23T15:15:00Z,2216.51,2217.17,2214.92,2215.14,149
2026-06-23T15:16:00Z,2215.14,2216.64,2215.14,2215.98,139
2026-06-23T15:17:00Z,2215.98,2218.36,2215.98,2217.26,116
2026-06-23T15:18:00Z,2217.26,2218.54,2216.82,2217.66,110
2026-06-23T15:19:00Z,2217.66,2217.66,2216.96,2216.96,112
2026-06-23T15:20:00Z,2216.96,2217.58,2216.30,2217.36,230
2026-06-23T15:21:00Z,2217.36,2218.46,2215.76,2215.98,291
2026-06-23T15:22:00Z,2215.98,2216.20,2214.39,2215.49,172
2026-06-23T15:23:00Z,2215.49,2215.71,2213.69,2214.13,257
2026-06-23T15:24:00Z,2214.13,2214.31,2213.91,2214.31,210
2026-06-23T15:25:00Z,2214.31,2215.81,2214.09,2215.37,193
2026-06-23T15:26:00Z,2215.37,2216.21,2214.71,2215.55,137
2026-06-23T15:27:00Z,2215.55,2215.77,2212.42,2213.52,230
2026-06-23T15:28:00Z,2213.52,2213.74,2211.93,2212.81,239
2026-06-23T15:29:00Z,2212.81,2213.91,2212.11,2212.77,124
2026-06-23T15:30:00Z,2212.77,2212.95,2212.77,2212.95,108
2026-06-23T15:31:00Z,2212.95,2213.61,2211.81,2212.69,149
2026-06-23T15:32:00Z,2212.69,2213.75,2212.03,2213.09,156
2026-06-23T15:33:00Z,2213.09,2213.97,2211.06,2212.16,189
2026-06-23T15:34:00Z,2212.16,2213.66,2212.16,2212.56,137
2026-06-23T15:35:00Z,2212.56,2212.78,2210.98,2211.64,172
2026-06-23T15:36:00Z,2211.64,2212.30,2210.27,2210.27,178
2026-06-23T15:37:00Z,2210.27,2211.37,2209.79,2210.23,212
2026-06-23T15:38:00Z,2210.23,2211.73,2210.23,2210.63,282
2026-06-23T15:39:00Z,2210.63,2211.51,2209.05,2210.15,218
2026-06-23T15:40:00Z,2210.15,2210.37,2207.67,2208.11,280
2026-06-23T15:41:00Z,2208.11,2208.77,2206.74,2207.84,245
2026-06-23T15:42:00Z,2207.84,2208.94,2205.15,2206.25,187
2026-06-23T15:43:00Z,2206.25,2207.76,2205.59,2206.88,299
2026-06-23T15:44:00Z,2206.88,2207.32,2205.51,2206.17,289
2026-06-23T15:45:00Z,2206.17,2207.45,2205.73,2207.45,110
2026-06-23T15:46:00Z,2207.45,2208.73,2207.23,2208.29,212
2026-06-23T15:47:00Z,2208.29,2208.29,2206.93,2207.59,245
2026-06-23T15:48:00Z,2207.59,2209.53,2206.93,2208.65,297
2026-06-23T15:49:00Z,2208.65,2208.83,2208.65,2208.83,218
2026-06-23T15:50:00Z,2208.83,2210.11,2207.95,2209.23,164
2026-06-23T15:51:00Z,2209.23,2210.08,2208.13,2209.64,189
2026-06-23T15:52:00Z,2209.64,2209.86,2209.60,2209.60,131
2026-06-23T15:53:00Z,2209.60,2209.82,2207.57,2208.23,239
2026-06-23T15:54:00Z,2208.23,2210.17,2208.01,2209.51,212
2026-06-23T15:55:00Z,2209.51,2210.17,2208.59,2208.81,122
2026-06-23T15:56:00Z,2208.81,2209.25,2207.67,2208.77,164
2026-06-23T15:57:00Z,2208.77,2210.71,2208.33,2210.27,153
2026-06-23T15:58:00Z,2210.27,2210.71,2209.57,2210.23,264
2026-06-23T15:59:00Z,2210.23,2212.41,2209.13,2212.41,297
2026-06-23T16:00:00Z,2212.41,2213.79,2211.53,2212.69,141
2026-06-23T16:01:00Z,2212.69,2213.57,2212.32,2212.54,110
2026-06-23T16:02:00Z,2212.54,2213.64,2211.06,2211.50,220
2026-06-23T16:03:00Z,2211.50,2211.79,2211.28,2211.79,291
2026-06-23T16:04:00Z,2211.79,2212.96,2210.91,2212.74,124
2026-06-23T16:05:00Z,2212.74,2213.84,2211.03,2212.13,268
2026-06-23T16:06:00Z,2212.13,2215.07,2211.91,2214.19,166
2026-06-23T16:07:00Z,2214.19,2214.85,2211.83,2212.71,106
2026-06-23T16:08:00Z,2212.71,2212.71,2212.11,2212.33,141
2026-06-23T16:09:00Z,2212.33,2213.06,2211.23,2213.06,139
2026-06-23T16:10:00Z,2213.06,2214.16,2212.23,2212.45,195
2026-06-23T16:11:00Z,2212.45,2214.72,2211.35,2213.84,124
2026-06-23T16:12:00Z,2213.84,2214.06,2212.58,2213.46,122
2026-06-23T16:13:00Z,2213.46,2214.12,2211.32,2211.98,222
2026-06-23T16:14:00Z,2211.98,2212.20,2211.16,2211.38,133
2026-06-23T16:15:00Z,2211.38,2211.82,2211.00,2211.22,139
2026-06-23T16:16:00Z,2211.22,2212.39,2210.78,2212.17,199
2026-06-23T16:17:00Z,2212.17,2212.39,2210.69,2211.79,205
2026-06-23T16:18:00Z,2211.79,2212.74,2211.57,2212.08,172
2026-06-23T16:19:00Z,2212.08,2212.30,2210.16,2210.60,158
2026-06-23T16:20:00Z,2210.60,2211.70,2209.55,2209.77,170
2026-06-23T16:21:00Z,2209.77,2210.65,2208.73,2208.73,162
2026-06-23T16:22:00Z,2208.73,2210.12,2208.73,2209.46,128
2026-06-23T16:23:00Z,2209.46,2210.56,2207.54,2207.76,149
2026-06-23T16:24:00Z,2207.76,2208.93,2207.10,2208.49,270
2026-06-23T16:25:00Z,2208.49,2210.09,2207.83,2209.21,158
2026-06-23T16:26:00Z,2209.21,2209.21,2207.73,2207.95,305
2026-06-23T16:27:00Z,2207.95,2208.39,2207.14,2207.80,153
2026-06-23T16:28:00Z,2207.80,2207.80,2205.88,2206.76,143
2026-06-23T16:29:00Z,2206.76,2209.47,2206.54,2208.37,276
2026-06-23T16:30:00Z,2208.37,2208.37,2207.55,2208.21,245
2026-06-23T16:31:00Z,2208.21,2208.65,2207.61,2207.83,133
2026-06-23T16:32:00Z,2207.83,2211.21,2207.39,2210.11,301
2026-06-23T16:33:00Z,2210.11,2210.11,2208.41,2209.29,114
2026-06-23T16:34:00Z,2209.29,2209.95,2208.70,2209.14,189
2026-06-23T16:35:00Z,2209.14,2209.86,2208.92,2209.86,199
2026-06-23T16:36:00Z,2209.86,2210.59,2209.86,2210.15,312
2026-06-23T16:37:00Z,2210.15,2211.32,2209.05,2211.32,193
2026-06-23T16:38:00Z,2211.32,2211.32,2209.17,2209.83,158
2026-06-23T16:39:00Z,2209.83,2211.00,2209.17,2210.78,126
2026-06-23T16:40:00Z,2210.78,2211.50,2209.90,2211.28,218
2026-06-23T16:41:00Z,2211.28,2211.79,2210.40,2211.35,116
2026-06-23T16:42:00Z,2211.35,2212.52,2211.35,2211.86,114
2026-06-23T16:43:00Z,2211.86,2212.52,2209.93,2210.37,160
2026-06-23T16:44:00Z,2210.37,2211.76,2209.27,2210.66,289
2026-06-23T16:45:00Z,2210.66,2210.66,2210.28,2210.50,264
2026-06-23T16:46:00Z,2210.50,2210.50,2209.02,2209.90,245
2026-06-23T16:47:00Z,2209.90,2210.12,2209.08,2209.52,195
2026-06-23T16:48:00Z,2209.52,2209.74,2206.27,2207.15,122
2026-06-23T16:49:00Z,2207.15,2207.15,2206.12,2207.00,282
2026-06-23T16:50:00Z,2207.00,2207.50,2206.34,2207.50,137
2026-06-23T16:51:00Z,2207.50,2207.79,2207.06,2207.57,278
2026-06-23T16:52:00Z,2207.57,2207.79,2206.98,2207.42,118
2026-06-23T16:53:00Z,2207.42,2207.71,2206.98,2207.49,216
2026-06-23T16:54:00Z,2207.49,2208.00,2206.83,2207.56,104
2026-06-23T16:55:00Z,2207.56,2207.84,2207.34,2207.84,149
2026-06-23T16:56:00Z,2207.84,2208.50,2206.80,2207.46,153
2026-06-23T16:57:00Z,2207.46,2207.75,2206.58,2207.75,282
2026-06-23T16:58:00Z,2207.75,2208.41,2206.27,2206.49,156
2026-06-23T16:59:00Z,2206.49,2206.71,2204.35,2205.23,268
2026-06-23T17:00:00Z,2205.23,2206.27,2204.35,2206.05,303
2026-06-23T17:01:00Z,2206.05,2207.15,2205.33,2205.77,133
2026-06-23T17:02:00Z,2205.77,2206.43,2203.73,2204.83,249
2026-06-23T17:03:00Z,2204.83,2205.49,2204.55,2204.55,160
2026-06-23T17:04:00Z,2204.55,2205.59,2204.11,2205.37,284
2026-06-23T17:05:00Z,2205.37,2206.20,2204.93,2205.98,147
2026-06-23T17:06:00Z,2205.98,2207.25,2205.32,2207.03,153
2026-06-23T17:07:00Z,2207.03,2207.25,2206.53,2206.75,216
2026-06-23T17:08:00Z,2206.75,2208.46,2205.65,2208.46,151
2026-06-23T17:09:00Z,2208.46,2210.60,2207.36,2210.16,251
2026-06-23T17:10:00Z,2210.16,2211.26,2209.00,2209.66,218
2026-06-23T17:11:00Z,2209.66,2210.54,2208.28,2209.16,112
2026-06-23T17:12:00Z,2209.16,2212.19,2208.50,2211.31,224
2026-06-23T17:13:00Z,2211.31,2211.31,2210.36,2211.02,126
2026-06-23T17:14:00Z,2211.02,2213.39,2209.92,2212.73,195
2026-06-23T17:15:00Z,2212.73,2213.56,2211.63,2212.90,224
2026-06-23T17:16:00Z,2212.90,2213.12,2211.74,2212.62,287
2026-06-23T17:17:00Z,2212.62,2213.06,2211.24,2211.46,122
2026-06-23T17:18:00Z,2211.46,2212.12,2210.95,2210.95,141
2026-06-23T17:19:00Z,2210.95,2211.61,2208.69,2209.79,193
2026-06-23T17:20:00Z,2209.79,2209.79,2208.85,2208.85,309
2026-06-23T17:21:00Z,2208.85,2208.85,2206.81,2207.91,185
2026-06-23T17:22:00Z,2207.91,2209.01,2206.97,2207.41,228
2026-06-23T17:23:00Z,2207.41,2209.33,2206.31,2209.11,212
2026-06-23T17:24:00Z,2209.11,2211.26,2209.11,2210.60,137
2026-06-23T17:25:00Z,2210.60,2211.70,2208.78,2209.66,264
2026-06-23T17:26:00Z,2209.66,2210.76,2207.84,2208.94,224
2026-06-23T17:27:00Z,2208.94,2209.76,2208.06,2209.10,205
2026-06-23T17:28:00Z,2209.10,2210.15,2208.66,2209.71,137
2026-06-23T17:29:00Z,2209.71,2210.76,2209.05,2210.32,108
2026-06-23T17:30:00Z,2210.32,2210.32,2209.38,2209.82,145
2026-06-23T17:31:00Z,2209.82,2209.82,2208.22,2209.10,162
2026-06-23T17:32:00Z,2209.10,2209.54,2207.93,2208.15,166
2026-06-23T17:33:00Z,2208.15,2208.59,2206.77,2207.87,295
2026-06-23T17:34:00Z,2207.87,2209.58,2207.65,2208.92,126
2026-06-23T17:35:00Z,2208.92,2209.36,2206.88,2207.54,160
2026-06-23T17:36:00Z,2207.54,2208.36,2206.44,2208.36,126
2026-06-23T17:37:00Z,2208.36,2210.29,2207.48,2209.41,232
2026-06-23T17:38:00Z,2209.41,2210.51,2208.69,2209.35,220
2026-06-23T17:39:00Z,2209.35,2210.23,2208.85,2208.85,212
2026-06-23T17:40:00Z,2208.85,2209.46,2207.75,2209.02,114
2026-06-23T17:41:00Z,2209.02,2209.90,2207.41,2208.51,216
2026-06-23T17:42:00Z,2208.51,2209.34,2207.63,2209.34,312
2026-06-23T17:43:00Z,2209.34,2210.17,2208.46,2209.51,245
2026-06-23T17:44:00Z,2209.51,2211.22,2209.51,2211.22,178
2026-06-23T17:45:00Z,2211.22,2212.10,2210.28,2210.72,235
2026-06-23T17:46:00Z,2210.72,2211.98,2210.06,2211.10,120
2026-06-23T17:47:00Z,2211.10,2212.81,2211.10,2211.93,210
2026-06-23T17:48:00Z,2211.93,2212.54,2211.49,2212.32,266
2026-06-23T17:49:00Z,2212.32,2213.42,2211.16,2211.82,131
2026-06-23T17:50:00Z,2211.82,2212.26,2211.53,2211.75,309
2026-06-23T17:51:00Z,2211.75,2214.78,2211.53,2213.90,104
2026-06-23T17:52:00Z,2213.90,2213.90,2212.96,2213.40,249
2026-06-23T17:53:00Z,2213.40,2213.57,2212.74,2213.57,189
2026-06-23T17:54:00Z,2213.57,2214.23,2212.63,2213.51,126
2026-06-23T17:55:00Z,2213.51,2215.43,2212.41,2215.21,183
2026-06-23T17:56:00Z,2215.21,2215.43,2214.05,2214.71,241
2026-06-23T17:57:00Z,2214.71,2214.71,2213.33,2213.55,253
2026-06-23T17:58:00Z,2213.55,2215.04,2213.11,2214.60,224
2026-06-23T17:59:00Z,2214.60,2215.04,2212.56,2213.44,226
2026-06-23T18:00:00Z,2213.44,2214.97,2212.78,2214.09,293
2026-06-23T18:01:00Z,2214.09,2214.96,2213.21,2214.30,126
2026-06-23T18:02:00Z,2214.30,2214.96,2213.84,2214.28,222
2026-06-23T18:03:00Z,2214.28,2214.28,2212.94,2214.04,158
2026-06-23T18:04:00Z,2214.04,2214.70,2212.70,2213.58,307
2026-06-23T18:05:00Z,2213.58,2214.89,2212.70,2214.89,239
2026-06-23T18:06:00Z,2214.89,2215.11,2213.56,2214.00,116
2026-06-23T18:07:00Z,2214.00,2215.31,2212.90,2214.65,133
2026-06-23T18:08:00Z,2214.65,2215.31,2213.09,2214.19,239
2026-06-23T18:09:00Z,2214.19,2215.07,2213.73,2213.73,135
2026-06-23T18:10:00Z,2213.73,2214.83,2213.71,2213.71,162
2026-06-23T18:11:00Z,2213.71,2214.36,2212.83,2213.92,216
2026-06-23T18:12:00Z,2213.92,2216.11,2213.92,2215.01,143
2026-06-23T18:13:00Z,2215.01,2215.01,2213.24,2213.68,220
2026-06-23T18:14:00Z,2213.68,2214.33,2213.68,2214.11,297
2026-06-23T18:15:00Z,2214.11,2216.96,2214.11,2216.30,222
2026-06-23T18:16:00Z,2216.30,2216.95,2215.42,2216.95,301
2026-06-23T18:17:00Z,2216.95,2218.70,2215.85,2217.82,237
2026-06-23T18:18:00Z,2217.82,2218.92,2217.36,2217.36,228
2026-06-23T18:19:00Z,2217.36,2218.46,2217.14,2217.58,135
2026-06-23T18:20:00Z,2217.58,2218.67,2216.48,2218.23,270
2026-06-23T18:21:00Z,2218.23,2218.67,2215.79,2216.89,245
2026-06-23T18:22:00Z,2216.89,2217.54,2216.89,2217.32,255
2026-06-23T18:23:00Z,2217.32,2218.63,2216.88,2217.97,293
2026-06-23T18:24:00Z,2217.97,2219.50,2217.31,2219.06,166
2026-06-23T18:25:00Z,2219.06,2219.28,2217.94,2218.16,153
2026-06-23T18:26:00Z,2218.16,2218.60,2218.16,2218.60,147
2026-06-23T18:27:00Z,2218.60,2220.13,2218.38,2219.91,214
2026-06-23T18:28:00Z,2219.91,2220.78,2219.69,2220.12,178
2026-06-23T18:29:00Z,2220.12,2220.12,2219.00,2219.22,268
2026-06-23T18:30:00Z,2219.22,2219.66,2218.54,2219.20,278
2026-06-23T18:31:00Z,2219.20,2220.51,2218.54,2219.41,178
2026-06-23T18:32:00Z,2219.41,2220.72,2219.19,2219.84,172
2026-06-23T18:33:00Z,2219.84,2220.50,2218.74,2220.50,156
2026-06-23T18:34:00Z,2220.50,2221.16,2218.72,2219.60,249
2026-06-23T18:35:00Z,2219.60,2219.82,2218.04,2218.26,106
2026-06-23T18:36:00Z,2218.26,2219.57,2217.82,2218.47,116
2026-06-23T18:37:00Z,2218.47,2218.47,2218.23,2218.45,282
2026-06-23T18:38:00Z,2218.45,2219.55,2216.45,2217.33,183
2026-06-23T18:39:00Z,2217.33,2217.77,2215.56,2216.44,153
2026-06-23T18:40:00Z,2216.44,2216.88,2216.20,2216.20,124
2026-06-23T18:41:00Z,2216.20,2216.85,2215.10,2216.41,309
2026-06-23T18:42:00Z,2216.41,2217.28,2215.53,2216.62,307
2026-06-23T18:43:00Z,2216.62,2216.62,2215.28,2216.38,239
2026-06-23T18:44:00Z,2216.38,2217.26,2214.38,2215.04,151
2026-06-23T18:45:00Z,2215.04,2216.35,2214.60,2216.35,301
2026-06-23T18:46:00Z,2216.35,2218.11,2215.25,2217.01,131
2026-06-23T18:47:00Z,2217.01,2217.67,2215.89,2216.11,214
2026-06-23T18:48:00Z,2216.11,2217.86,2215.23,2216.76,232
2026-06-23T18:49:00Z,2216.76,2218.95,2216.54,2217.85,280
2026-06-23T18:50:00Z,2217.85,2218.07,2215.41,2216.51,222
2026-06-23T18:51:00Z,2216.51,2216.73,2216.49,2216.49,266
2026-06-23T18:52:00Z,2216.49,2218.02,2216.49,2216.92,156
2026-06-23T18:53:00Z,2216.92,2218.68,2216.26,2217.58,126
2026-06-23T18:54:00Z,2217.58,2218.01,2217.14,2218.01,145
2026-06-23T18:55:00Z,2218.01,2220.20,2218.01,2219.98,274
2026-06-23T18:56:00Z,2219.98,2220.64,2219.30,2219.74,232
2026-06-23T18:57:00Z,2219.74,2220.84,2219.50,2219.72,237
2026-06-23T18:58:00Z,2219.72,2220.38,2218.60,2219.04,216
2026-06-23T18:59:00Z,2219.04,2219.26,2217.49,2217.93,255
2026-06-23T19:00:00Z,2217.93,2219.74,2217.05,2219.52,112
2026-06-23T19:01:00Z,2219.52,2219.52,2217.79,2218.89,274
2026-06-23T19:02:00Z,2218.89,2219.11,2216.49,2217.15,158
2026-06-23T19:03:00Z,2217.15,2217.37,2216.96,2216.96,187
2026-06-23T19:04:00Z,2216.96,2217.40,2215.45,2216.33,110
2026-06-23T19:05:00Z,2216.33,2217.69,2215.45,2217.25,216
2026-06-23T19:06:00Z,2217.25,2218.17,2217.25,2217.73,251
2026-06-23T19:07:00Z,2217.73,2218.17,2216.88,2217.54,224
2026-06-23T19:08:00Z,2217.54,2218.90,2217.54,2218.46,220
2026-06-23T19:09:00Z,2218.46,2220.27,2217.80,2220.05,309
2026-06-23T19:10:00Z,2220.05,2220.71,2218.32,2219.20,170
2026-06-23T19:11:00Z,2219.20,2220.30,2218.57,2218.79,201
2026-06-23T19:12:00Z,2218.79,2219.89,2217.28,2218.16,176
2026-06-23T19:13:00Z,2218.16,2219.74,2217.28,2218.86,276
2026-06-23T19:14:00Z,2218.86,2220.67,2218.86,2220.67,293
2026-06-23T19:15:00Z,2220.67,2221.11,2218.27,2219.37,255
2026-06-23T19:16:00Z,2219.37,2220.25,2216.75,2217.85,241
2026-06-23T19:17:00Z,2217.85,2218.73,2216.78,2217.66,278
2026-06-23T19:18:00Z,2217.66,2218.32,2216.36,2216.36,243
2026-06-23T19:19:00Z,2216.36,2218.16,2215.26,2217.06,293
2026-06-23T19:20:00Z,2217.06,2219.08,2215.96,2218.20,260
2026-06-23T19:21:00Z,2218.20,2218.20,2217.13,2217.79,218
2026-06-23T19:22:00Z,2217.79,2219.82,2217.79,2219.16,199
2026-06-23T19:23:00Z,2219.16,2219.60,2216.76,2217.64,106
2026-06-23T19:24:00Z,2217.64,2219.00,2216.98,2218.56,243
2026-06-23T19:25:00Z,2218.56,2218.78,2217.05,2217.93,280
2026-06-23T19:26:00Z,2217.93,2219.07,2217.05,2218.19,272
2026-06-23T19:27:00Z,2218.19,2219.29,2217.34,2217.78,303
2026-06-23T19:28:00Z,2217.78,2219.58,2216.68,2218.70,108
2026-06-23T19:29:00Z,2218.70,2220.06,2217.82,2218.96,178
2026-06-23T19:30:00Z,2218.96,2219.62,2217.89,2218.77,220
2026-06-23T19:31:00Z,2218.77,2220.13,2217.89,2219.25,253
2026-06-23T19:32:00Z,2219.25,2220.17,2219.25,2219.95,139
2026-06-23T19:33:00Z,2219.95,2221.31,2219.73,2220.87,299
2026-06-23T19:34:00Z,2220.87,2221.13,2219.76,2220.91,218
2026-06-23T19:35:00Z,2220.91,2222.49,2220.91,2221.61,226
2026-06-23T19:36:00Z,2221.61,2222.09,2220.50,2221.87,251
2026-06-23T19:37:00Z,2221.87,2222.75,2219.91,2220.79,124
2026-06-23T19:38:00Z,2220.79,2221.01,2219.72,2220.16,289
2026-06-23T19:39:00Z,2220.16,2221.04,2218.21,2219.31,128
2026-06-23T19:40:00Z,2219.31,2220.90,2219.09,2220.90,191
2026-06-23T19:41:00Z,2220.90,2222.04,2220.02,2221.16,212
2026-06-23T19:42:00Z,2221.16,2223.85,2220.28,2222.97,137
2026-06-23T19:43:00Z,2222.97,2223.19,2219.90,2221.01,114
2026-06-23T19:44:00Z,2221.01,2221.67,2219.94,2220.16,268
2026-06-23T19:45:00Z,2220.16,2221.27,2219.53,2219.53,249
2026-06-23T19:46:00Z,2219.53,2219.75,2218.24,2218.68,299
2026-06-23T19:47:00Z,2218.68,2220.04,2217.80,2219.38,195
2026-06-23T19:48:00Z,2219.38,2219.60,2217.42,2218.08,247
2026-06-23T19:49:00Z,2218.08,2218.52,2216.35,2217.23,128
2026-06-23T19:50:00Z,2217.23,2218.11,2215.72,2215.94,312
2026-06-23T19:51:00Z,2215.94,2216.60,2214.87,2214.87,280
2026-06-23T19:52:00Z,2214.87,2215.31,2214.02,2214.24,212
2026-06-23T19:53:00Z,2214.24,2214.24,2213.17,2214.05,122
2026-06-23T19:54:00Z,2214.05,2214.05,2212.32,2212.98,243
2026-06-23T19:55:00Z,2212.98,2213.46,2212.76,2213.24,224
2026-06-23T19:56:00Z,2213.24,2214.34,2212.39,2212.61,172
2026-06-23T19:57:00Z,2212.61,2213.09,2211.95,2212.87,180
2026-06-23T19:58:00Z,2212.87,2213.13,2212.43,2212.91,291
2026-06-23T19:59:00Z,2212.91,2214.72,2212.91,2213.84,232
2026-06-23T20:00:00Z,2213.84,2216.56,2212.74,2215.68,216
2026-06-23T20:01:00Z,2215.68,2215.68,2215.30,2215.52,260
2026-06-23T20:02:00Z,2215.52,2215.96,2213.82,2214.92,106
2026-06-23T20:03:00Z,2214.92,2216.75,2213.82,2215.65,104
2026-06-23T20:04:00Z,2215.65,2216.09,2215.49,2215.49,287
2026-06-23T20:05:00Z,2215.49,2217.99,2214.39,2216.89,120
2026-06-23T20:06:00Z,2216.89,2217.33,2216.07,2216.73,170
2026-06-23T20:07:00Z,2216.73,2216.80,2216.07,2216.80,122
2026-06-23T20:08:00Z,2216.80,2217.46,2214.88,2215.98,193
2026-06-23T20:09:00Z,2215.98,2216.71,2215.98,2216.05,151
2026-06-23T20:10:00Z,2216.05,2217.23,2215.17,2216.35,149
2026-06-23T20:11:00Z,2216.35,2216.35,2215.53,2215.97,253
2026-06-23T20:12:00Z,2215.97,2217.14,2215.53,2216.04,183
2026-06-23T20:13:00Z,2216.04,2216.04,2214.78,2215.00,303
2026-06-23T20:14:00Z,2215.00,2215.00,2214.84,2214.84,162
2026-06-23T20:15:00Z,2214.84,2214.84,2212.92,2213.36,237
2026-06-23T20:16:00Z,2213.36,2214.24,2211.89,2212.99,141
2026-06-23T20:17:00Z,2212.99,2214.82,2212.77,2214.16,106
2026-06-23T20:18:00Z,2214.16,2214.45,2214.16,2214.23,122
2026-06-23T20:19:00Z,2214.23,2215.11,2212.75,2213.19,208
2026-06-23T20:20:00Z,2213.19,2213.41,2212.59,2213.03,185
2026-06-23T20:21:00Z,2213.03,2213.25,2210.46,2211.34,284
2026-06-23T20:22:00Z,2211.34,2211.78,2210.52,2211.18,297
2026-06-23T20:23:00Z,2211.18,2212.79,2210.08,2211.91,299
2026-06-23T20:24:00Z,2211.91,2212.13,2209.11,2210.21,158
2026-06-23T20:25:00Z,2210.21,2210.65,2208.73,2209.17,176
2026-06-23T20:26:00Z,2209.17,2209.61,2208.57,2209.01,143
2026-06-23T20:27:00Z,2209.01,2210.85,2208.35,2210.63,249
2026-06-23T20:28:00Z,2210.63,2211.14,2209.97,2210.70,226
2026-06-23T20:29:00Z,2210.70,2212.75,2210.48,2212.09,212
2026-06-23T20:30:00Z,2212.09,2213.92,2211.43,2213.04,299
2026-06-23T20:31:00Z,2213.04,2213.48,2211.78,2212.44,124
2026-06-23T20:32:00Z,2212.44,2213.62,2211.34,2213.40,255
2026-06-23T20:33:00Z,2213.40,2214.35,2212.52,2213.91,299
2026-06-23T20:34:00Z,2213.91,2214.13,2212.87,2213.09,291
2026-06-23T20:35:00Z,2213.09,2213.53,2212.27,2212.71,216
2026-06-23T20:36:00Z,2212.71,2212.71,2211.89,2211.89,174
2026-06-23T20:37:00Z,2211.89,2212.11,2211.29,2211.51,124
2026-06-23T20:38:00Z,2211.51,2211.59,2210.41,2211.59,110
2026-06-23T20:39:00Z,2211.59,2212.25,2210.55,2210.77,210
2026-06-23T20:40:00Z,2210.77,2212.82,2210.55,2211.72,178
2026-06-23T20:41:00Z,2211.72,2213.99,2211.72,2213.11,226
2026-06-23T20:42:00Z,2213.11,2214.50,2212.89,2213.40,284
2026-06-23T20:43:00Z,2213.40,2215.24,2213.18,2214.58,301
2026-06-23T20:44:00Z,2214.58,2215.09,2213.92,2214.87,295
2026-06-23T20:45:00Z,2214.87,2214.94,2213.77,2214.94,272
2026-06-23T20:46:00Z,2214.94,2216.11,2214.72,2215.45,106
2026-06-23T20:47:00Z,2215.45,2217.06,2215.01,2217.06,112
2026-06-23T20:48:00Z,2217.06,2217.35,2216.62,2217.13,212
2026-06-23T20:49:00Z,2217.13,2218.31,2216.25,2217.87,143
2026-06-23T20:50:00Z,2217.87,2218.53,2216.83,2217.49,112
2026-06-23T20:51:00Z,2217.49,2217.93,2216.01,2216.45,260
2026-06-23T20:52:00Z,2216.45,2216.74,2215.35,2216.52,266
2026-06-23T20:53:00Z,2216.52,2217.25,2216.08,2216.59,135
2026-06-23T20:54:00Z,2216.59,2217.25,2215.34,2216.22,131
2026-06-23T20:55:00Z,2216.22,2218.05,2215.34,2217.83,116
2026-06-23T20:56:00Z,2217.83,2218.05,2216.35,2216.79,106
2026-06-23T20:57:00Z,2216.79,2217.08,2215.91,2217.08,168
2026-06-23T20:58:00Z,2217.08,2218.47,2216.64,2218.47,289
2026-06-23T20:59:00Z,2218.47,2219.35,2217.44,2217.88,141
2026-06-23T21:00:00Z,2217.88,2218.67,2217.00,2218.01,183
2026-06-23T21:01:00Z,2218.01,2218.23,2216.59,2216.81,289
2026-06-23T21:02:00Z,2216.81,2216.81,2216.27,2216.49,174
2026-06-23T21:03:00Z,2216.49,2217.06,2216.05,2216.84,212
2026-06-23T21:04:00Z,2216.84,2217.28,2216.08,2216.52,216
2026-06-23T21:05:00Z,2216.52,2217.62,2215.54,2215.54,212
2026-06-23T21:06:00Z,2215.54,2217.88,2215.54,2217.00,195
2026-06-23T21:07:00Z,2217.00,2218.67,2216.34,2218.01,139
2026-06-23T21:08:00Z,2218.01,2219.68,2217.79,2218.58,218
2026-06-23T21:09:00Z,2218.58,2219.15,2218.58,2219.15,243
2026-06-23T21:10:00Z,2219.15,2220.03,2218.83,2218.83,122
2026-06-23T21:11:00Z,2218.83,2219.84,2218.17,2218.96,282
2026-06-23T21:12:00Z,2218.96,2219.98,2218.96,2219.98,224
2026-06-23T21:13:00Z,2219.98,2221.88,2219.10,2221.00,203
2026-06-23T21:14:00Z,2221.00,2222.02,2221.00,2221.58,216
2026-06-23T21:15:00Z,2221.58,2222.69,2220.82,2220.82,210
2026-06-23T21:16:00Z,2220.82,2221.48,2220.28,2220.28,205
2026-06-23T21:17:00Z,2220.28,2220.94,2217.09,2218.19,255
2026-06-23T21:18:00Z,2218.19,2219.42,2218.19,2218.76,301
2026-06-23T21:19:00Z,2218.76,2220.88,2218.54,2220.44,174
2026-06-23T21:20:00Z,2220.44,2220.66,2218.13,2219.01,299
2026-06-23T21:21:00Z,2219.01,2220.90,2218.79,2219.80,232
2026-06-23T21:22:00Z,2219.80,2221.25,2219.14,2220.37,307
2026-06-23T21:23:00Z,2220.37,2220.94,2220.37,2220.50,131
2026-06-23T21:24:00Z,2220.50,2221.16,2219.30,2219.96,222
2026-06-23T21:25:00Z,2219.96,2222.31,2219.96,2221.20,205
2026-06-23T21:26:00Z,2221.20,2221.64,2219.34,2220.22,247
2026-06-23T21:27:00Z,2220.22,2220.35,2219.78,2220.35,222
2026-06-23T21:28:00Z,2220.35,2221.23,2219.60,2220.26,299
2026-06-23T21:29:00Z,2220.26,2221.72,2219.60,2220.84,232
2026-06-23T21:30:00Z,2220.84,2221.72,2219.20,2219.86,185
2026-06-23T21:31:00Z,2219.86,2221.54,2219.42,2220.43,185
2026-06-23T21:32:00Z,2220.43,2220.87,2219.67,2220.11,143
2026-06-23T21:33:00Z,2220.11,2220.55,2219.80,2220.02,253
2026-06-23T21:34:00Z,2220.02,2222.59,2219.80,2222.15,224
2026-06-23T21:35:00Z,2222.15,2223.38,2221.71,2222.72,110
2026-06-23T21:36:00Z,2222.72,2223.38,2220.85,2221.96,122
2026-06-23T21:37:00Z,2221.96,2222.53,2221.52,2222.31,305
2026-06-23T21:38:00Z,2222.31,2222.31,2219.99,2220.43,201
2026-06-23T21:39:00Z,2220.43,2220.87,2219.00,2219.22,280
2026-06-23T21:40:00Z,2219.22,2220.01,2218.34,2219.57,187
2026-06-23T21:41:00Z,2219.57,2220.23,2218.81,2218.81,257
2026-06-23T21:42:00Z,2218.81,2220.26,2218.37,2219.38,268
2026-06-23T21:43:00Z,2219.38,2220.48,2218.41,2219.29,151
2026-06-23T21:44:00Z,2219.29,2220.39,2217.66,2218.76,299
2026-06-23T21:45:00Z,2218.76,2220.88,2218.54,2220.00,287
2026-06-23T21:46:00Z,2220.00,2220.22,2218.36,2219.46,212
2026-06-23T21:47:00Z,2219.46,2220.12,2218.70,2218.70,214
2026-06-23T21:48:00Z,2218.70,2219.58,2215.72,2216.38,112
2026-06-23T21:49:00Z,2216.38,2216.82,2214.74,2215.84,237
2026-06-23T21:50:00Z,2215.84,2217.08,2215.40,2216.86,156
2026-06-23T21:51:00Z,2216.86,2217.87,2216.20,2217.43,133
2026-06-23T21:52:00Z,2217.43,2218.31,2216.67,2216.67,274
2026-06-23T21:53:00Z,2216.67,2217.55,2215.48,2216.58,287
2026-06-23T21:54:00Z,2216.58,2216.58,2215.15,2215.37,168
2026-06-23T21:55:00Z,2215.37,2216.25,2213.95,2214.83,151
2026-06-23T21:56:00Z,2214.83,2215.05,2213.41,2214.51,253
2026-06-23T21:57:00Z,2214.51,2215.39,2213.53,2213.75,112
2026-06-23T21:58:00Z,2213.75,2214.85,2211.89,2212.99,222
2026-06-23T21:59:00Z,2212.99,2213.79,2212.55,2213.57,118
2026-06-23T22:00:00Z,2213.57,2216.89,2212.47,2215.79,266
2026-06-23T22:01:00Z,2215.79,2215.79,2215.79,2215.79,293
2026-06-23T22:02:00Z,2215.79,2215.80,2215.79,2215.80,172
2026-06-23T22:03:00Z,2215.80,2216.03,2215.36,2216.03,185
2026-06-23T22:04:00Z,2216.03,2217.14,2215.37,2216.04,116
2026-06-23T22:05:00Z,2216.04,2218.69,2215.82,2217.59,239
2026-06-23T22:06:00Z,2217.59,2218.25,2217.16,2217.38,295
2026-06-23T22:07:00Z,2217.38,2218.49,2216.72,2217.61,126
2026-06-23T22:08:00Z,2217.61,2218.07,2216.51,2217.85,264
2026-06-23T22:09:00Z,2217.85,2218.96,2217.41,2218.08,120
2026-06-23T22:10:00Z,2218.08,2219.63,2217.20,2219.41,276
2026-06-23T22:11:00Z,2219.41,2219.85,2218.31,2218.31,237
2026-06-23T22:12:00Z,2218.31,2219.41,2216.99,2217.43,185
2026-06-23T22:13:00Z,2217.43,2218.09,2217.00,2217.22,131
2026-06-23T22:14:00Z,2217.22,2218.55,2217.22,2217.45,110
2026-06-23T22:15:00Z,2217.45,2218.35,2217.01,2218.13,135
2026-06-23T22:16:00Z,2218.13,2218.13,2217.69,2218.13,312
2026-06-23T22:17:00Z,2218.13,2219.25,2217.91,2219.25,172
2026-06-23T22:18:00Z,2219.25,2220.13,2216.38,2217.26,293
2026-06-23T22:19:00Z,2217.26,2218.60,2216.16,2218.16,274
2026-06-23T22:20:00Z,2218.16,2218.83,2218.16,2218.61,299
2026-06-23T22:21:00Z,2218.61,2222.16,2218.39,2221.05,116
2026-06-23T22:22:00Z,2221.05,2222.16,2218.86,2219.96,166
2026-06-23T22:23:00Z,2219.96,2220.85,2219.74,2220.63,293
2026-06-23T22:24:00Z,2220.63,2222.64,2220.19,2221.53,203
2026-06-23T22:25:00Z,2221.53,2222.19,2219.32,2220.20,183
2026-06-23T22:26:00Z,2220.20,2220.66,2219.09,2220.44,187
2026-06-23T22:27:00Z,2220.44,2221.32,2219.78,2220.44,303
2026-06-23T22:28:00Z,2220.44,2221.10,2217.80,2218.68,284
2026-06-23T22:29:00Z,2218.68,2219.34,2217.58,2218.46,214
2026-06-23T22:30:00Z,2218.46,2219.12,2216.47,2216.69,197
2026-06-23T22:31:00Z,2216.69,2218.69,2216.47,2218.03,180
2026-06-23T22:32:00Z,2218.03,2218.03,2216.93,2217.59,307
2026-06-23T22:33:00Z,2217.59,2219.15,2216.71,2218.49,282
2026-06-23T22:34:00Z,2218.49,2219.38,2218.49,2218.94,278
2026-06-23T22:35:00Z,2218.94,2219.84,2218.94,2219.40,114
2026-06-23T22:36:00Z,2219.40,2220.73,2219.40,2219.63,276
2026-06-23T22:37:00Z,2219.63,2219.85,2217.66,2218.32,118
2026-06-23T22:38:00Z,2218.32,2219.20,2218.10,2218.32,116
2026-06-23T22:39:00Z,2218.32,2220.32,2217.22,2219.44,239
2026-06-23T22:40:00Z,2219.44,2219.66,2218.34,2218.78,110
2026-06-23T22:41:00Z,2218.78,2219.44,2217.68,2218.34,262
2026-06-23T22:42:00Z,2218.34,2219.00,2217.47,2217.47,114
2026-06-23T22:43:00Z,2217.47,2218.58,2217.25,2218.58,120
2026-06-23T22:44:00Z,2218.58,2219.70,2218.14,2219.26,280
2026-06-23T22:45:00Z,2219.26,2220.15,2218.38,2219.49,116
2026-06-23T22:46:00Z,2219.49,2221.05,2219.27,2221.05,235
2026-06-23T22:47:00Z,2221.05,2222.16,2220.17,2220.61,126
2026-06-23T22:48:00Z,2220.61,2222.40,2220.17,2221.29,278
2026-06-23T22:49:00Z,2221.29,2221.29,2220.85,2221.29,224
2026-06-23T22:50:00Z,2221.29,2222.40,2219.31,2219.97,295
2026-06-23T22:51:00Z,2219.97,2220.19,2217.78,2218.22,203
2026-06-23T22:52:00Z,2218.22,2218.88,2217.56,2217.56,183
2026-06-23T22:53:00Z,2217.56,2218.00,2215.15,2216.03,185
2026-06-23T22:54:00Z,2216.03,2217.13,2214.05,2214.49,133
2026-06-23T22:55:00Z,2214.49,2215.83,2214.27,2215.17,141
2026-06-23T22:56:00Z,2215.17,2215.39,2214.95,2215.17,270
2026-06-23T22:57:00Z,2215.17,2216.27,2214.08,2214.74,216
2026-06-23T22:58:00Z,2214.74,2215.84,2212.98,2213.86,118
2026-06-23T22:59:00Z,2213.86,2214.98,2213.86,2214.98,135
2026-06-23T23:00:00Z,2214.98,2215.64,2213.48,2214.58,187
2026-06-23T23:01:00Z,2214.58,2217.28,2213.48,2216.18,303
2026-06-23T23:02:00Z,2216.18,2217.11,2215.08,2216.67,156
2026-06-23T23:03:00Z,2216.67,2218.04,2216.67,2218.04,218
2026-06-23T23:04:00Z,2218.04,2218.70,2217.42,2217.86,212
2026-06-23T23:05:00Z,2217.86,2218.13,2216.98,2217.91,224
2026-06-23T23:06:00Z,2217.91,2218.13,2216.63,2217.73,287
2026-06-23T23:07:00Z,2217.73,2218.83,2216.67,2217.55,222
2026-06-23T23:08:00Z,2217.55,2218.21,2216.27,2216.71,166
2026-06-23T23:09:00Z,2216.71,2217.81,2215.65,2216.53,262
2026-06-23T23:10:00Z,2216.53,2217.63,2215.03,2215.47,291
2026-06-23T23:11:00Z,2215.47,2215.91,2215.29,2215.29,226
2026-06-23T23:12:00Z,2215.29,2215.73,2214.01,2214.67,139
2026-06-23T23:13:00Z,2214.67,2215.60,2214.67,2215.60,172
2026-06-23T23:14:00Z,2215.60,2216.75,2214.50,2215.87,189
2026-06-23T23:15:00Z,2215.87,2216.31,2215.47,2215.47,135
2026-06-23T23:16:00Z,2215.47,2216.57,2214.85,2215.07,291
2026-06-23T23:17:00Z,2215.07,2215.34,2213.97,2215.34,282
2026-06-23T23:18:00Z,2215.34,2215.61,2214.68,2215.39,122
2026-06-23T23:19:00Z,2215.39,2216.05,2213.90,2215.00,297
2026-06-23T23:20:00Z,2215.00,2215.22,2213.94,2214.82,164
2026-06-23T23:21:00Z,2214.82,2217.08,2214.82,2217.08,237
2026-06-23T23:22:00Z,2217.08,2217.35,2217.08,2217.13,156
2026-06-23T23:23:00Z,2217.13,2218.95,2216.47,2218.73,239
2026-06-23T23:24:00Z,2218.73,2219.44,2218.29,2219.22,305
2026-06-23T23:25:00Z,2219.22,2219.66,2217.71,2217.93,216
2026-06-23T23:26:00Z,2217.93,2219.52,2216.83,2219.08,299
2026-06-23T23:27:00Z,2219.08,2220.23,2217.98,2219.79,203
2026-06-23T23:28:00Z,2219.79,2220.67,2218.73,2219.39,156
2026-06-23T23:29:00Z,2219.39,2219.39,2216.78,2217.66,197
2026-06-23T23:30:00Z,2217.66,2217.88,2215.94,2216.60,301
2026-06-23T23:31:00Z,2216.60,2218.85,2216.16,2217.75,174
2026-06-23T23:32:00Z,2217.75,2218.41,2217.35,2217.35,312
2026-06-23T23:33:00Z,2217.35,2218.28,2216.91,2218.28,303
2026-06-23T23:34:00Z,2218.28,2218.94,2216.78,2217.88,287
2026-06-23T23:35:00Z,2217.88,2218.98,2215.71,2216.37,297
2026-06-23T23:36:00Z,2216.37,2217.08,2216.15,2216.42,245
2026-06-23T23:37:00Z,2216.42,2216.42,2216.02,2216.02,301
2026-06-23T23:38:00Z,2216.02,2219.16,2214.92,2218.06,220
2026-06-23T23:39:00Z,2218.06,2220.55,2217.18,2219.89,183
2026-06-23T23:40:00Z,2219.89,2219.89,2218.39,2219.49,174
2026-06-23T23:41:00Z,2219.49,2221.09,2219.49,2220.87,128
2026-06-23T23:42:00Z,2220.87,2221.53,2219.14,2220.25,280
2026-06-23T23:43:00Z,2220.25,2221.13,2219.41,2220.07,205
2026-06-23T23:44:00Z,2220.07,2220.07,2217.46,2218.56,262
2026-06-23T23:45:00Z,2218.56,2219.44,2218.16,2218.16,260
2026-06-23T23:46:00Z,2218.16,2219.04,2217.32,2217.32,253
2026-06-23T23:47:00Z,2217.32,2218.25,2216.66,2217.81,232
2026-06-23T23:48:00Z,2217.81,2218.47,2216.97,2216.97,305
2026-06-23T23:49:00Z,2216.97,2217.90,2216.53,2217.68,164
2026-06-23T23:50:00Z,2217.68,2218.39,2216.80,2217.95,135
2026-06-23T23:51:00Z,2217.95,2218.39,2215.57,2216.67,239
2026-06-23T23:52:00Z,2216.67,2216.67,2216.05,2216.49,164
2026-06-23T23:53:00Z,2216.49,2218.08,2215.83,2217.86,126
2026-06-23T23:54:00Z,2217.86,2217.86,2217.24,2217.24,143
2026-06-23T23:55:00Z,2217.24,2217.24,2215.96,2216.40,297
2026-06-23T23:56:00Z,2216.40,2216.67,2215.52,2216.67,278
2026-06-23T23:57:00Z,2216.67,2217.60,2215.57,2217.60,189
2026-06-23T23:58:00Z,2217.60,2218.53,2217.16,2218.31,312
2026-06-23T23:59:00Z,2218.31,2219.25,2217.43,2218.81,166
2026-06-24T00:00:00Z,2218.81,2219.03,2217.34,2218.44,124
2026-06-24T00:01:00Z,2218.44,2220.96,2218.00,2220.52,295
2026-06-24T00:02:00Z,2220.52,2221.40,2219.05,2220.16,170
2026-06-24T00:03:00Z,2220.16,2220.60,2219.57,2220.01,210
2026-06-24T00:04:00Z,2220.01,2221.42,2219.13,2220.76,228
2026-06-24T00:05:00Z,2220.76,2221.29,2220.54,2221.29,251
2026-06-24T00:06:00Z,2221.29,2221.29,2220.26,2220.48,185
2026-06-24T00:07:00Z,2220.48,2221.89,2219.60,2221.89,131
2026-06-24T00:08:00Z,2221.89,2221.89,2220.21,2221.09,226
2026-06-24T00:09:00Z,2221.09,2223.17,2220.87,2222.73,131
2026-06-24T00:10:00Z,2222.73,2223.61,2222.14,2222.14,203
2026-06-24T00:11:00Z,2222.14,2222.58,2220.00,2221.11,222
2026-06-24T00:12:00Z,2221.11,2222.07,2220.00,2221.19,309
2026-06-24T00:13:00Z,2221.19,2222.60,2220.53,2221.49,178
2026-06-24T00:14:00Z,2221.49,2221.71,2220.69,2221.13,257
2026-06-24T00:15:00Z,2221.13,2221.79,2219.67,2220.55,270
2026-06-24T00:16:00Z,2220.55,2221.73,2220.55,2220.62,208
2026-06-24T00:17:00Z,2220.62,2221.73,2220.04,2220.04,232
2026-06-24T00:18:00Z,2220.04,2221.01,2218.93,2221.01,172
2026-06-24T00:19:00Z,2221.01,2221.89,2219.77,2220.65,212
2026-06-24T00:20:00Z,2220.65,2222.27,2219.77,2221.83,151
2026-06-24T00:21:00Z,2221.83,2222.27,2219.92,2221.03,272
2026-06-24T00:22:00Z,2221.03,2222.88,2220.81,2222.22,135
2026-06-24T00:23:00Z,2222.22,2222.74,2221.11,2222.74,230
2026-06-24T00:24:00Z,2222.74,2223.26,2222.52,2222.82,191
2026-06-24T00:25:00Z,2222.82,2224.90,2222.16,2223.79,226
2026-06-24T00:26:00Z,2223.79,2224.67,2222.32,2222.76,166
2026-06-24T00:27:00Z,2222.76,2222.98,2220.85,2221.96,278
2026-06-24T00:28:00Z,2221.96,2223.07,2220.28,2220.94,133
2026-06-24T00:29:00Z,2220.94,2221.16,2220.36,2220.36,214
2026-06-24T00:30:00Z,2220.36,2222.42,2219.70,2221.76,180
2026-06-24T00:31:00Z,2221.76,2222.20,2219.85,2220.96,295
2026-06-24T00:32:00Z,2220.96,2221.40,2220.16,2220.38,282
2026-06-24T00:33:00Z,2220.38,2222.22,2219.50,2221.56,112
2026-06-24T00:34:00Z,2221.56,2223.41,2220.90,2223.41,284
2026-06-24T00:35:00Z,2223.41,2223.41,2221.06,2221.72,145
2026-06-24T00:36:00Z,2221.72,2221.72,2220.69,2220.69,133
2026-06-24T00:37:00Z,2220.69,2221.13,2219.67,2219.89,276
2026-06-24T00:38:00Z,2219.89,2221.74,2219.01,2221.08,156
2026-06-24T00:39:00Z,2221.08,2223.59,2220.86,2222.71,104
2026-06-24T00:40:00Z,2222.71,2223.23,2222.49,2223.23,247
2026-06-24T00:41:00Z,2223.23,2223.31,2222.12,2223.31,260
2026-06-24T00:42:00Z,2223.31,2223.31,2221.41,2222.07,133
2026-06-24T00:43:00Z,2222.07,2223.48,2222.07,2222.37,166
2026-06-24T00:44:00Z,2222.37,2223.33,2221.26,2222.45,297
2026-06-24T00:45:00Z,2222.45,2223.33,2221.43,2221.87,295
2026-06-24T00:46:00Z,2221.87,2222.09,2220.40,2220.84,187
2026-06-24T00:47:00Z,2220.84,2222.69,2220.40,2221.81,228
2026-06-24T00:48:00Z,2221.81,2222.34,2220.70,2222.12,266
2026-06-24T00:49:00Z,2222.12,2222.65,2221.01,2222.65,218
2026-06-24T00:50:00Z,2222.65,2223.61,2221.54,2222.95,224
2026-06-24T00:51:00Z,2222.95,2225.24,2222.07,2224.36,185
2026-06-24T00:52:00Z,2224.36,2225.24,2223.34,2224.00,114
2026-06-24T00:53:00Z,2224.00,2225.41,2224.00,2224.30,262
2026-06-24T00:54:00Z,2224.30,2225.94,2223.86,2225.05,176
2026-06-24T00:55:00Z,2225.05,2225.13,2224.83,2225.13,183
2026-06-24T00:56:00Z,2225.13,2226.97,2224.91,2226.53,245
2026-06-24T00:57:00Z,2226.53,2227.94,2226.31,2227.72,303
2026-06-24T00:58:00Z,2227.72,2227.72,2226.92,2227.58,260
2026-06-24T00:59:00Z,2227.58,2228.02,2227.00,2227.00,133
2026-06-24T01:00:00Z,2227.00,2227.88,2227.00,2227.22,251
2026-06-24T01:01:00Z,2227.22,2228.11,2226.56,2227.22,191
2026-06-24T01:02:00Z,2227.22,2228.78,2226.78,2228.56,239
2026-06-24T01:03:00Z,2228.56,2230.11,2228.56,2229.22,287
2026-06-24T01:04:00Z,2229.22,2231.23,2228.78,2230.12,260
2026-06-24T01:05:00Z,2230.12,2230.34,2228.34,2229.45,239
2026-06-24T01:06:00Z,2229.45,2229.89,2229.45,2229.67,222
2026-06-24T01:07:00Z,2229.67,2231.23,2229.23,2230.57,262
2026-06-24T01:08:00Z,2230.57,2232.35,2230.35,2231.46,305
2026-06-24T01:09:00Z,2231.46,2232.35,2229.91,2230.13,124
2026-06-24T01:10:00Z,2230.13,2231.90,2229.69,2230.79,191
2026-06-24T01:11:00Z,2230.79,2231.68,2230.35,2231.24,108
2026-06-24T01:12:00Z,2231.24,2232.35,2230.12,2230.12,151
2026-06-24T01:13:00Z,2230.12,2231.00,2229.23,2230.56,122
2026-06-24T01:14:00Z,2230.56,2231.23,2229.67,2230.79,114
2026-06-24T01:15:00Z,2230.79,2231.45,2229.22,2229.22,189
2026-06-24T01:16:00Z,2229.22,2229.22,2227.22,2227.44,145
2026-06-24T01:17:00Z,2227.44,2229.21,2227.00,2228.55,135
2026-06-24T01:18:00Z,2228.55,2229.88,2227.44,2228.99,280
2026-06-24T01:19:00Z,2228.99,2229.65,2226.55,2226.99,205
2026-06-24T01:20:00Z,2226.99,2228.54,2226.99,2228.10,151
2026-06-24T01:21:00Z,2228.10,2228.76,2226.33,2226.99,299
2026-06-24T01:22:00Z,2226.99,2228.09,2226.10,2227.65,141
2026-06-24T01:23:00Z,2227.65,2228.32,2226.76,2227.66,216
2026-06-24T01:24:00Z,2227.66,2228.32,2226.32,2227.21,195
2026-06-24T01:25:00Z,2227.21,2227.87,2224.76,2224.76,191
2026-06-24T01:26:00Z,2224.76,2226.54,2223.65,2225.88,243
2026-06-24T01:27:00Z,2225.88,2226.77,2225.21,2225.43,164
2026-06-24T01:28:00Z,2225.43,2226.09,2224.77,2225.21,282
2026-06-24T01:29:00Z,2225.21,2226.32,2224.55,2226.10,106
2026-06-24T01:30:00Z,2226.10,2228.10,2226.10,2227.21,203
2026-06-24T01:31:00Z,2227.21,2227.87,2225.89,2226.55,176
2026-06-24T01:32:00Z,2226.55,2227.21,2225.66,2226.10,289
2026-06-24T01:33:00Z,2226.10,2226.33,2225.44,2226.33,278
2026-06-24T01:34:00Z,2226.33,2226.77,2225.44,2226.55,260
2026-06-24T01:35:00Z,2226.55,2227.44,2226.33,2227.22,124
2026-06-24T01:36:00Z,2227.22,2227.88,2224.99,2226.10,195
2026-06-24T01:37:00Z,2226.10,2227.43,2225.66,2226.54,208
2026-06-24T01:38:00Z,2226.54,2228.10,2226.32,2227.21,116
2026-06-24T01:39:00Z,2227.21,2228.32,2226.31,2226.31,212
2026-06-24T01:40:00Z,2226.31,2226.54,2225.87,2226.54,303
2026-06-24T01:41:00Z,2226.54,2227.65,2225.65,2226.31,164
2026-06-24T01:42:00Z,2226.31,2226.31,2224.97,2225.41,297
2026-06-24T01:43:00Z,2225.41,2227.42,2224.97,2226.31,312
2026-06-24T01:44:00Z,2226.31,2226.31,2224.97,2226.08,226
2026-06-24T01:45:00Z,2226.08,2227.19,2224.53,2225.19,128
2026-06-24T01:46:00Z,2225.19,2226.08,2224.74,2224.96,189
2026-06-24T01:47:00Z,2224.96,2225.84,2224.30,2224.30,264
2026-06-24T01:48:00Z,2224.30,2225.41,2223.64,2224.30,299
2026-06-24T01:49:00Z,2224.30,2225.41,2222.53,2223.41,226
2026-06-24T01:50:00Z,2223.41,2225.41,2222.30,2224.53,187
2026-06-24T01:51:00Z,2224.53,2224.97,2223.64,2224.08,180
2026-06-24T01:52:00Z,2224.08,2224.96,2222.31,2222.97,214
2026-06-24T01:53:00Z,2222.97,2225.41,2222.53,2224.97,220
2026-06-24T01:54:00Z,2224.97,2225.85,2224.08,2224.08,260
2026-06-24T01:55:00Z,2224.08,2224.30,2223.20,2223.20,178
2026-06-24T01:56:00Z,2223.20,2225.19,2222.09,2224.53,168
2026-06-24T01:57:00Z,2224.53,2225.86,2224.09,2225.20,257
2026-06-24T01:58:00Z,2225.20,2225.64,2225.20,2225.42,156
2026-06-24T01:59:00Z,2225.42,2226.31,2224.10,2224.98,191
2026-06-24T02:00:00Z,2224.98,2225.63,2223.87,2225.41,232
2026-06-24T02:01:00Z,2225.41,2225.85,2224.51,2225.40,266
2026-06-24T02:02:00Z,2225.40,2225.40,2224.28,2224.94,176
2026-06-24T02:03:00Z,2224.94,2226.04,2224.28,2226.04,224
2026-06-24T02:04:00Z,2226.04,2227.35,2225.15,2226.91,116
2026-06-24T02:05:00Z,2226.91,2226.91,2226.68,2226.68,172
2026-06-24T02:06:00Z,2226.68,2227.33,2226.68,2227.11,282
2026-06-24T02:07:00Z,2227.11,2227.77,2226.66,2226.88,133
2026-06-24T02:08:00Z,2226.88,2228.64,2226.44,2227.98,153
2026-06-24T02:09:00Z,2227.98,2228.42,2226.86,2227.97,135
2026-06-24T02:10:00Z,2227.97,2229.28,2227.31,2228.62,218
2026-06-24T02:11:00Z,2228.62,2228.84,2228.18,2228.84,122
2026-06-24T02:12:00Z,2228.84,2229.50,2227.71,2228.60,260
2026-06-24T02:13:00Z,2228.60,2229.26,2227.49,2229.04,131
2026-06-24T02:14:00Z,2229.04,2229.93,2228.15,2228.81,303
2026-06-24T02:15:00Z,2228.81,2229.70,2227.46,2228.35,170
2026-06-24T02:16:00Z,2228.35,2229.46,2227.68,2228.34,307
2026-06-24T02:17:00Z,2228.34,2229.66,2227.45,2228.77,203
2026-06-24T02:18:00Z,2228.77,2230.10,2228.55,2228.99,110
2026-06-24T02:19:00Z,2228.99,2229.86,2228.55,2229.20,284
2026-06-24T02:20:00Z,2229.20,2230.09,2227.86,2228.75,293
2026-06-24T02:21:00Z,2228.75,2230.29,2228.09,2229.18,205
2026-06-24T02:22:00Z,2229.18,2230.95,2228.74,2229.84,216
2026-06-24T02:23:00Z,2229.84,2230.06,2227.60,2228.04,135
2026-06-24T02:24:00Z,2228.04,2229.81,2227.60,2228.70,218
2026-06-24T02:25:00Z,2228.70,2229.80,2228.04,2228.91,141
2026-06-24T02:26:00Z,2228.91,2229.57,2227.35,2227.79,260
2026-06-24T02:27:00Z,2227.79,2230.44,2226.90,2229.55,170
2026-06-24T02:28:00Z,2229.55,2230.44,2227.10,2227.99,299
2026-06-24T02:29:00Z,2227.99,2228.21,2226.87,2227.98,170
2026-06-24T02:30:00Z,2227.98,2229.29,2227.09,2228.63,260
2026-06-24T02:31:00Z,2228.63,2228.85,2227.29,2227.29,228
2026-06-24T02:32:00Z,2227.29,2227.29,2225.06,2225.72,151
2026-06-24T02:33:00Z,2225.72,2226.60,2225.28,2226.16,251
2026-06-24T02:34:00Z,2226.16,2227.27,2225.04,2225.48,255
2026-06-24T02:35:00Z,2225.48,2226.80,2224.37,2226.80,287
2026-06-24T02:36:00Z,2226.80,2227.69,2225.24,2225.90,183
2026-06-24T02:37:00Z,2225.90,2225.90,2224.34,2225.23,295
2026-06-24T02:38:00Z,2225.23,2226.76,2224.12,2226.10,108
2026-06-24T02:39:00Z,2226.10,2226.54,2225.65,2226.09,280
2026-06-24T02:40:00Z,2226.09,2227.20,2225.41,2226.07,214
2026-06-24T02:41:00Z,2226.07,2227.18,2224.07,2224.95,278
2026-06-24T02:42:00Z,2224.95,2226.48,2224.73,2226.04,272
2026-06-24T02:43:00Z,2226.04,2228.47,2225.82,2227.81,197
2026-06-24T02:44:00Z,2227.81,2228.92,2226.92,2227.58,274
2026-06-24T02:45:00Z,2227.58,2228.02,2226.68,2226.90,145
2026-06-24T02:46:00Z,2226.90,2227.34,2226.23,2226.67,309
2026-06-24T02:47:00Z,2226.67,2228.43,2226.23,2227.54,153
2026-06-24T02:48:00Z,2227.54,2231.08,2226.88,2230.19,205
2026-06-24T02:49:00Z,2230.19,2232.62,2229.53,2231.73,289
2026-06-24T02:50:00Z,2231.73,2232.84,2230.62,2231.95,180
2026-06-24T02:51:00Z,2231.95,2232.61,2231.27,2231.27,197
2026-06-24T02:52:00Z,2231.27,2232.15,2231.27,2231.71,135
2026-06-24T02:53:00Z,2231.71,2233.03,2230.60,2232.14,266
2026-06-24T02:54:00Z,2232.14,2233.02,2231.70,2232.80,228
2026-06-24T02:55:00Z,2232.80,2233.91,2231.45,2231.67,293
2026-06-24T02:56:00Z,2231.67,2232.78,2231.01,2231.89,212
2026-06-24T02:57:00Z,2231.89,2232.55,2230.32,2230.76,131
2026-06-24T02:58:00Z,2230.76,2230.76,2230.09,2230.53,158
2026-06-24T02:59:00Z,2230.53,2231.64,2228.53,2228.53,110
2026-06-24T03:00:00Z,2228.53,2230.28,2227.42,2229.62,172
2026-06-24T03:01:00Z,2229.62,2230.28,2228.93,2229.15,114
2026-06-24T03:02:00Z,2229.15,2230.69,2228.04,2230.03,158
2026-06-24T03:03:00Z,2230.03,2231.57,2229.14,2230.68,260
2026-06-24T03:04:00Z,2230.68,2230.89,2230.02,2230.89,108
2026-06-24T03:05:00Z,2230.89,2232.43,2229.78,2231.54,176
2026-06-24T03:06:00Z,2231.54,2232.43,2229.08,2229.97,253
2026-06-24T03:07:00Z,2229.97,2231.08,2228.84,2229.50,266
2026-06-24T03:08:00Z,2229.50,2229.94,2229.27,2229.49,303
2026-06-24T03:09:00Z,2229.49,2230.60,2228.36,2229.47,203
2026-06-24T03:10:00Z,2229.47,2230.36,2228.13,2228.57,268
2026-06-24T03:11:00Z,2228.57,2228.79,2227.22,2228.11,299
2026-06-24T03:12:00Z,2228.11,2229.87,2227.45,2229.43,241
2026-06-24T03:13:00Z,2229.43,2229.65,2228.75,2229.19,237
2026-06-24T03:14:00Z,2229.19,2229.85,2226.07,2227.18,183
2026-06-24T03:15:00Z,2227.18,2228.49,2226.29,2227.83,176
2026-06-24T03:16:00Z,2227.83,2228.05,2227.38,2227.82,191
2026-06-24T03:17:00Z,2227.82,2228.91,2227.16,2228.91,104
2026-06-24T03:18:00Z,2228.91,2230.01,2228.25,2229.79,307
2026-06-24T03:19:00Z,2229.79,2230.88,2228.90,2229.99,147
2026-06-24T03:20:00Z,2229.99,2230.65,2227.54,2228.65,260
2026-06-24T03:21:00Z,2228.65,2230.19,2228.21,2229.08,108
2026-06-24T03:22:00Z,2229.08,2230.19,2227.07,2228.18,235
2026-06-24T03:23:00Z,2228.18,2228.62,2227.05,2227.94,170
2026-06-24T03:24:00Z,2227.94,2228.38,2225.94,2226.60,201
2026-06-24T03:25:00Z,2226.60,2227.26,2226.58,2226.58,195
2026-06-24T03:26:00Z,2226.58,2228.12,2226.36,2227.68,307
2026-06-24T03:27:00Z,2227.68,2229.21,2226.57,2228.55,170
2026-06-24T03:28:00Z,2228.55,2229.87,2227.44,2228.76,235
2026-06-24T03:29:00Z,2228.76,2229.42,2226.97,2227.63,201
2026-06-24T03:30:00Z,2227.63,2228.74,2225.84,2226.28,272
2026-06-24T03:31:00Z,2226.28,2227.83,2226.28,2226.94,278
2026-06-24T03:32:00Z,2226.94,2229.36,2226.05,2228.25,309
2026-06-24T03:33:00Z,2228.25,2228.25,2226.69,2227.58,193
2026-06-24T03:34:00Z,2227.58,2230.00,2227.58,2228.89,104
2026-06-24T03:35:00Z,2228.89,2230.66,2228.89,2229.77,232
2026-06-24T03:36:00Z,2229.77,2230.42,2228.66,2230.20,145
2026-06-24T03:37:00Z,2230.20,2231.30,2229.31,2231.08,122
2026-06-24T03:38:00Z,2231.08,2232.39,2231.08,2231.95,112
2026-06-24T03:39:00Z,2231.95,2233.71,2231.73,2233.27,205
2026-06-24T03:40:00Z,2233.27,2233.49,2232.15,2232.37,151
2026-06-24T03:41:00Z,2232.37,2234.35,2232.15,2234.13,257
2026-06-24T03:42:00Z,2234.13,2234.13,2232.78,2233.00,307
2026-06-24T03:43:00Z,2233.00,2233.22,2232.77,2232.99,241
2026-06-24T03:44:00Z,2232.99,2235.41,2232.10,2234.52,235
2026-06-24T03:45:00Z,2234.52,2235.19,2233.40,2233.40,293
2026-06-24T03:46:00Z,2233.40,2235.38,2232.51,2234.27,203
2026-06-24T03:47:00Z,2234.27,2234.49,2232.93,2234.04,309
2026-06-24T03:48:00Z,2234.04,2235.35,2233.37,2234.24,253
2026-06-24T03:49:00Z,2234.24,2234.89,2233.13,2234.45,153
2026-06-24T03:50:00Z,2234.45,2235.12,2233.32,2234.43,264
2026-06-24T03:51:00Z,2234.43,2235.54,2233.98,2233.98,197
2026-06-24T03:52:00Z,2233.98,2234.20,2232.64,2232.64,110
2026-06-24T03:53:00Z,2232.64,2235.29,2231.53,2234.62,287
2026-06-24T03:54:00Z,2234.62,2234.82,2234.40,2234.82,210
2026-06-24T03:55:00Z,2234.82,2235.71,2233.92,2234.59,197
2026-06-24T03:56:00Z,2234.59,2235.48,2233.02,2234.13,185
2026-06-24T03:57:00Z,2234.13,2235.01,2233.46,2234.57,299
2026-06-24T03:58:00Z,2234.57,2237.43,2234.35,2236.32,301
2026-06-24T03:59:00Z,2236.32,2238.53,2235.65,2237.86,312
2026-06-24T04:00:00Z,2237.86,2239.24,2236.97,2238.35,241
2026-06-24T04:01:00Z,2238.35,2240.86,2238.13,2240.86,205
2026-06-24T04:02:00Z,2240.86,2241.98,2239.56,2240.68,174
2026-06-24T04:03:00Z,2240.68,2241.18,2240.46,2240.96,201
2026-06-24T04:04:00Z,2240.96,2241.40,2240.12,2240.56,276
2026-06-24T04:05:00Z,2240.56,2240.61,2239.67,2240.61,124
2026-06-24T04:06:00Z,2240.61,2241.33,2240.39,2240.89,295
2026-06-24T04:07:00Z,2240.89,2242.73,2240.45,2241.61,124
2026-06-24T04:08:00Z,2241.61,2241.83,2240.54,2241.43,187
2026-06-24T04:09:00Z,2241.43,2242.83,2240.99,2241.71,280
2026-06-24T04:10:00Z,2241.71,2242.15,2239.74,2240.86,162
2026-06-24T04:11:00Z,2240.86,2242.47,2240.42,2242.25,293
2026-06-24T04:12:00Z,2242.25,2242.25,2240.50,2241.17,114
2026-06-24T04:13:00Z,2241.17,2242.12,2240.50,2241.45,176
2026-06-24T04:14:00Z,2241.45,2242.16,2241.01,2241.72,239
2026-06-24T04:15:00Z,2241.72,2243.55,2241.28,2243.11,245
2026-06-24T04:16:00Z,2243.11,2244.23,2242.05,2242.94,122
2026-06-24T04:17:00Z,2242.94,2244.06,2241.86,2241.86,266
2026-06-24T04:18:00Z,2241.86,2242.08,2240.79,2241.23,257
2026-06-24T04:19:00Z,2241.23,2242.12,2240.40,2240.84,126
2026-06-24T04:20:00Z,2240.84,2242.23,2240.84,2241.11,199
2026-06-24T04:21:00Z,2241.11,2242.50,2241.11,2241.38,266
2026-06-24T04:22:00Z,2241.38,2242.27,2239.41,2240.30,305
2026-06-24T04:23:00Z,2240.30,2241.42,2239.24,2239.24,293
2026-06-24T04:24:00Z,2239.24,2240.85,2238.35,2240.63,312
2026-06-24T04:25:00Z,2240.63,2241.75,2238.00,2239.11,149
2026-06-24T04:26:00Z,2239.11,2240.72,2238.22,2239.61,216
2026-06-24T04:27:00Z,2239.61,2239.83,2237.64,2237.86,257
2026-06-24T04:28:00Z,2237.86,2238.75,2235.90,2236.79,216
2026-06-24T04:29:00Z,2236.79,2238.40,2236.12,2237.29,147
2026-06-24T04:30:00Z,2237.29,2238.45,2236.18,2237.56,124
2026-06-24T04:31:00Z,2237.56,2238.23,2236.71,2236.71,126
2026-06-24T04:32:00Z,2236.71,2236.71,2235.42,2236.31,139
2026-06-24T04:33:00Z,2236.31,2236.37,2236.09,2236.37,224
2026-06-24T04:34:00Z,2236.37,2237.53,2235.26,2237.53,172
2026-06-24T04:35:00Z,2237.53,2239.13,2237.31,2238.02,195
2026-06-24T04:36:00Z,2238.02,2240.30,2236.91,2239.86,245
2026-06-24T04:37:00Z,2239.86,2241.02,2238.75,2240.80,301
2026-06-24T04:38:00Z,2240.80,2240.85,2239.91,2240.85,158
2026-06-24T04:39:00Z,2240.85,2240.85,2240.24,2240.68,220
2026-06-24T04:40:00Z,2240.68,2241.80,2239.16,2239.16,262
2026-06-24T04:41:00Z,2239.16,2239.87,2238.27,2239.43,145
2026-06-24T04:42:00Z,2239.43,2240.32,2238.13,2238.13,153
2026-06-24T04:43:00Z,2238.13,2238.35,2236.62,2236.84,185
2026-06-24T04:44:00Z,2236.84,2237.95,2233.54,2234.65,180
2026-06-24T04:45:00Z,2234.65,2235.59,2234.21,2234.92,156
2026-06-24T04:46:00Z,2234.92,2236.54,2234.92,2235.87,141
2026-06-24T04:47:00Z,2235.87,2236.59,2235.87,2235.92,230
2026-06-24T04:48:00Z,2235.92,2236.19,2235.70,2235.97,151
2026-06-24T04:49:00Z,2235.97,2238.03,2235.53,2237.14,291
2026-06-24T04:50:00Z,2237.14,2237.58,2236.74,2236.96,139
2026-06-24T04:51:00Z,2236.96,2237.67,2236.96,2237.45,305
2026-06-24T04:52:00Z,2237.45,2238.39,2237.23,2237.50,174
2026-06-24T04:53:00Z,2237.50,2238.45,2237.50,2237.78,247
2026-06-24T04:54:00Z,2237.78,2240.28,2237.11,2239.61,203
2026-06-24T04:55:00Z,2239.61,2239.61,2238.54,2239.43,197
2026-06-24T04:56:00Z,2239.43,2241.50,2239.43,2240.38,201
2026-06-24T04:57:00Z,2240.38,2241.54,2240.16,2240.65,143
2026-06-24T04:58:00Z,2240.65,2241.37,2240.43,2241.37,305
2026-06-24T04:59:00Z,2241.37,2243.22,2241.37,2242.10,287
2026-06-24T05:00:00Z,2242.10,2242.32,2241.22,2241.44,160
2026-06-24T05:01:00Z,2241.44,2242.33,2240.35,2241.02,199
2026-06-24T05:02:00Z,2241.02,2242.15,2240.80,2241.26,131
2026-06-24T05:03:00Z,2241.26,2243.07,2240.82,2242.63,218
2026-06-24T05:04:00Z,2242.63,2243.52,2241.09,2241.76,199
2026-06-24T05:05:00Z,2241.76,2242.43,2239.53,2239.53,185
2026-06-24T05:06:00Z,2239.53,2241.12,2238.64,2240.45,295
2026-06-24T05:07:00Z,2240.45,2240.70,2240.45,2240.48,303
2026-06-24T05:08:00Z,2240.48,2242.29,2240.26,2241.17,122
2026-06-24T05:09:00Z,2241.17,2242.09,2240.73,2241.87,293
2026-06-24T05:10:00Z,2241.87,2244.14,2241.87,2243.02,199
2026-06-24T05:11:00Z,2243.02,2243.69,2242.14,2242.81,303
2026-06-24T05:12:00Z,2242.81,2244.85,2241.92,2243.73,145
2026-06-24T05:13:00Z,2243.73,2244.88,2243.73,2244.88,222
2026-06-24T05:14:00Z,2244.88,2246.23,2244.66,2245.79,145
2026-06-24T05:15:00Z,2245.79,2247.16,2245.35,2246.49,128
2026-06-24T05:16:00Z,2246.49,2246.96,2246.49,2246.96,139
2026-06-24T05:17:00Z,2246.96,2246.96,2245.41,2246.30,301
2026-06-24T05:18:00Z,2246.30,2246.30,2245.66,2245.88,251
2026-06-24T05:19:00Z,2245.88,2246.57,2245.21,2246.13,112
2026-06-24T05:20:00Z,2246.13,2246.37,2245.69,2246.37,151
2026-06-24T05:21:00Z,2246.37,2248.41,2246.37,2247.74,218
2026-06-24T05:22:00Z,2247.74,2248.18,2247.31,2247.53,143
2026-06-24T05:23:00Z,2247.53,2247.75,2245.54,2246.43,284
2026-06-24T05:24:00Z,2246.43,2247.35,2245.76,2247.35,104
2026-06-24T05:25:00Z,2247.35,2247.79,2244.45,2245.57,241
2026-06-24T05:26:00Z,2245.57,2247.61,2245.57,2246.94,124
2026-06-24T05:27:00Z,2246.94,2247.19,2246.27,2246.97,110
2026-06-24T05:28:00Z,2246.97,2247.19,2245.20,2246.09,168
2026-06-24T05:29:00Z,2246.09,2247.21,2245.45,2245.67,174
2026-06-24T05:30:00Z,2245.67,2248.16,2245.45,2247.27,287
2026-06-24T05:31:00Z,2247.27,2247.95,2246.15,2247.73,193
2026-06-24T05:32:00Z,2247.73,2247.73,2246.41,2246.41,220
2026-06-24T05:33:00Z,2246.41,2246.88,2245.97,2246.44,239
2026-06-24T05:34:00Z,2246.44,2247.57,2245.77,2246.68,147
2026-06-24T05:35:00Z,2246.68,2247.35,2245.81,2246.03,191
2026-06-24T05:36:00Z,2246.03,2246.92,2244.49,2245.61,118
2026-06-24T05:37:00Z,2245.61,2247.87,2244.94,2246.75,309
2026-06-24T05:38:00Z,2246.75,2248.11,2246.75,2247.22,195
2026-06-24T05:39:00Z,2247.22,2249.26,2246.10,2248.14,220
2026-06-24T05:40:00Z,2248.14,2248.81,2245.91,2246.58,303
2026-06-24T05:41:00Z,2246.58,2246.58,2244.81,2245.93,220
2026-06-24T05:42:00Z,2245.93,2247.06,2245.26,2246.39,264
2026-06-24T05:43:00Z,2246.39,2247.28,2245.07,2246.19,295
2026-06-24T05:44:00Z,2246.19,2247.78,2245.07,2246.89,178
2026-06-24T05:45:00Z,2246.89,2247.80,2246.89,2246.91,203
2026-06-24T05:46:00Z,2246.91,2247.13,2245.37,2246.49,195
2026-06-24T05:47:00Z,2246.49,2248.76,2245.82,2247.64,301
2026-06-24T05:48:00Z,2247.64,2247.86,2245.86,2246.53,220
2026-06-24T05:49:00Z,2246.53,2247.67,2245.86,2247.23,114
2026-06-24T05:50:00Z,2247.23,2248.82,2246.56,2247.70,232
2026-06-24T05:51:00Z,2247.70,2248.59,2246.15,2247.27,270
2026-06-24T05:52:00Z,2247.27,2248.64,2246.83,2248.42,237
2026-06-24T05:53:00Z,2248.42,2249.31,2248.22,2248.22,135
2026-06-24T05:54:00Z,2248.22,2248.68,2248.22,2248.68,126
2026-06-24T05:55:00Z,2248.68,2250.49,2248.68,2249.60,226
2026-06-24T05:56:00Z,2249.60,2250.27,2248.06,2249.18,143
2026-06-24T05:57:00Z,2249.18,2249.85,2248.30,2248.52,160
2026-06-24T05:58:00Z,2248.52,2249.67,2247.85,2249.67,145
2026-06-24T05:59:00Z,2249.67,2250.34,2248.13,2248.80,180
2026-06-24T06:00:00Z,2248.80,2249.02,2246.86,2247.75,262
2026-06-24T06:01:00Z,2247.75,2248.42,2246.94,2247.16,312
2026-06-24T06:02:00Z,2247.16,2247.68,2246.49,2247.46,289
2026-06-24T06:03:00Z,2247.46,2248.35,2245.75,2245.75,199
2026-06-24T06:04:00Z,2245.75,2246.95,2245.53,2246.51,191
2026-06-24T06:05:00Z,2246.51,2247.40,2244.79,2245.91,245
2026-06-24T06:06:00Z,2245.91,2247.56,2245.91,2246.44,137
2026-06-24T06:07:00Z,2246.44,2247.42,2246.22,2247.42,214
2026-06-24T06:08:00Z,2247.42,2248.61,2247.20,2247.72,293
2026-06-24T06:09:00Z,2247.72,2248.16,2246.91,2246.91,120
2026-06-24T06:10:00Z,2246.91,2246.91,2246.76,2246.76,164
2026-06-24T06:11:00Z,2246.76,2246.76,2244.83,2245.95,210
2026-06-24T06:12:00Z,2245.95,2246.92,2245.51,2246.48,151
2026-06-24T06:13:00Z,2246.48,2247.00,2245.59,2246.78,284
2026-06-24T06:14:00Z,2246.78,2248.43,2245.66,2247.31,253
2026-06-24T06:15:00Z,2247.31,2247.75,2246.06,2246.50,145
2026-06-24T06:16:00Z,2246.50,2246.50,2245.90,2245.90,141
2026-06-24T06:17:00Z,2245.90,2246.87,2245.23,2246.43,195
2026-06-24T06:18:00Z,2246.43,2248.31,2245.54,2247.19,174
2026-06-24T06:19:00Z,2247.19,2247.19,2245.70,2246.37,232
2026-06-24T06:20:00Z,2246.37,2247.79,2246.37,2247.35,128
2026-06-24T06:21:00Z,2247.35,2248.54,2247.13,2247.65,272
2026-06-24T06:22:00Z,2247.65,2248.18,2246.98,2247.96,309
2026-06-24T06:23:00Z,2247.96,2248.85,2247.60,2247.60,270
2026-06-24T06:24:00Z,2247.60,2248.72,2245.66,2246.78,247
2026-06-24T06:25:00Z,2246.78,2248.43,2245.89,2247.99,112
2026-06-24T06:26:00Z,2247.99,2248.74,2247.55,2248.52,143
2026-06-24T06:27:00Z,2248.52,2248.96,2247.70,2248.37,160
2026-06-24T06:28:00Z,2248.37,2249.49,2246.89,2248.01,278
2026-06-24T06:29:00Z,2248.01,2249.66,2248.01,2248.54,199
2026-06-24T06:30:00Z,2248.54,2249.43,2247.28,2248.17,201
2026-06-24T06:31:00Z,2248.17,2249.29,2246.46,2247.58,297
2026-06-24T06:32:00Z,2247.58,2249.22,2247.36,2249.00,224
2026-06-24T06:33:00Z,2249.00,2249.09,2248.56,2249.09,156
2026-06-24T06:34:00Z,2249.09,2250.30,2248.65,2249.18,260
2026-06-24T06:35:00Z,2249.18,2249.85,2247.01,2247.23,147
2026-06-24T06:36:00Z,2247.23,2247.67,2246.20,2246.42,137
2026-06-24T06:37:00Z,2246.42,2247.40,2245.30,2247.40,305
2026-06-24T06:38:00Z,2247.40,2248.60,2246.28,2248.60,197
2026-06-24T06:39:00Z,2248.60,2248.82,2247.79,2247.79,172
2026-06-24T06:40:00Z,2247.79,2248.01,2245.18,2245.85,272
2026-06-24T06:41:00Z,2245.85,2247.73,2244.73,2246.61,143
2026-06-24T06:42:00Z,2246.61,2247.37,2246.61,2246.70,131
2026-06-24T06:43:00Z,2246.70,2247.22,2245.58,2246.78,164
2026-06-24T06:44:00Z,2246.78,2248.21,2246.78,2247.09,210
2026-06-24T06:45:00Z,2247.09,2248.06,2246.20,2247.62,210
2026-06-24T06:46:00Z,2247.62,2247.84,2246.58,2246.80,305
2026-06-24T06:47:00Z,2246.80,2246.89,2245.68,2246.89,249
2026-06-24T06:48:00Z,2246.89,2248.32,2246.89,2248.10,116
2026-06-24T06:49:00Z,2248.10,2249.22,2246.61,2247.50,222
2026-06-24T06:50:00Z,2247.50,2248.26,2247.06,2248.26,112
2026-06-24T06:51:00Z,2248.26,2249.38,2247.22,2247.44,205
2026-06-24T06:52:00Z,2247.44,2247.66,2245.96,2246.40,189
2026-06-24T06:53:00Z,2246.40,2248.05,2246.18,2247.61,122
2026-06-24T06:54:00Z,2247.61,2248.81,2247.61,2248.81,208
2026-06-24T06:55:00Z,2248.81,2250.46,2248.81,2249.79,112
2026-06-24T06:56:00Z,2249.79,2250.01,2247.41,2248.53,268
2026-06-24T06:57:00Z,2248.53,2249.42,2248.38,2248.38,201
2026-06-24T06:58:00Z,2248.38,2248.60,2247.13,2248.02,293
2026-06-24T06:59:00Z,2248.02,2248.02,2246.98,2246.98,156
2026-06-24T07:00:00Z,2246.98,2248.23,2246.09,2247.11,110
2026-06-24T07:01:00Z,2247.11,2247.11,2245.67,2246.79,166
2026-06-24T07:02:00Z,2246.79,2247.82,2245.67,2247.82,257
2026-06-24T07:03:00Z,2247.82,2248.94,2246.83,2247.05,309
2026-06-24T07:04:00Z,2247.05,2248.07,2246.61,2247.18,170
2026-06-24T07:05:00Z,2247.18,2248.07,2246.20,2247.09,220
2026-06-24T07:06:00Z,2247.09,2248.21,2245.43,2246.55,249
2026-06-24T07:07:00Z,2246.55,2246.55,2245.79,2246.23,282
2026-06-24T07:08:00Z,2246.23,2247.70,2245.56,2247.48,208
2026-06-24T07:09:00Z,2247.48,2248.37,2246.27,2247.39,108
2026-06-24T07:10:00Z,2247.39,2247.61,2245.96,2246.40,239
2026-06-24T07:11:00Z,2246.40,2247.29,2245.86,2245.86,172
2026-06-24T07:12:00Z,2245.86,2246.75,2243.07,2244.19,176
2026-06-24T07:13:00Z,2244.19,2245.21,2243.97,2244.32,312
2026-06-24T07:14:00Z,2244.32,2244.32,2243.34,2243.78,251
2026-06-24T07:15:00Z,2243.78,2245.70,2243.56,2244.81,118
2026-06-24T07:16:00Z,2244.81,2245.03,2242.93,2243.82,232
2026-06-24T07:17:00Z,2243.82,2244.84,2242.93,2243.95,307
2026-06-24T07:18:00Z,2243.95,2244.75,2243.06,2244.08,272
2026-06-24T07:19:00Z,2244.08,2244.97,2243.09,2243.09,106
2026-06-24T07:20:00Z,2243.09,2244.21,2243.00,2243.00,126
2026-06-24T07:21:00Z,2243.00,2244.92,2242.78,2244.25,253
2026-06-24T07:22:00Z,2244.25,2244.92,2242.14,2243.26,270
2026-06-24T07:23:00Z,2243.26,2243.26,2242.27,2242.94,312
2026-06-24T07:24:00Z,2242.94,2244.06,2241.50,2242.62,187
2026-06-24T07:25:00Z,2242.62,2243.06,2242.30,2242.30,149
2026-06-24T07:26:00Z,2242.30,2244.67,2241.86,2243.55,278
2026-06-24T07:27:00Z,2243.55,2244.35,2243.11,2243.68,203
2026-06-24T07:28:00Z,2243.68,2243.90,2242.02,2243.14,170
2026-06-24T07:29:00Z,2243.14,2244.39,2242.02,2243.50,262
2026-06-24T07:30:00Z,2243.50,2244.62,2242.51,2242.51,280
2026-06-24T07:31:00Z,2242.51,2244.65,2241.62,2244.21,137
2026-06-24T07:32:00Z,2244.21,2244.65,2243.89,2243.89,122
2026-06-24T07:33:00Z,2243.89,2244.78,2242.45,2242.67,235
2026-06-24T07:34:00Z,2242.67,2243.24,2242.00,2242.80,226
2026-06-24T07:35:00Z,2242.80,2243.69,2240.91,2242.03,297
2026-06-24T07:36:00Z,2242.03,2242.70,2240.59,2240.59,185
2026-06-24T07:37:00Z,2240.59,2242.06,2239.47,2241.62,264
2026-06-24T07:38:00Z,2241.62,2242.86,2241.40,2241.97,114
2026-06-24T07:39:00Z,2241.97,2243.44,2240.85,2243.00,187
2026-06-24T07:40:00Z,2243.00,2243.22,2240.44,2241.56,255
2026-06-24T07:41:00Z,2241.56,2243.03,2240.67,2242.14,126
2026-06-24T07:42:00Z,2242.14,2242.36,2241.38,2242.05,139
2026-06-24T07:43:00Z,2242.05,2242.94,2240.84,2241.96,210
2026-06-24T07:44:00Z,2241.96,2243.88,2240.84,2242.99,245
2026-06-24T07:45:00Z,2242.99,2243.43,2242.90,2242.90,278
2026-06-24T07:46:00Z,2242.90,2242.90,2241.69,2242.81,151
2026-06-24T07:47:00Z,2242.81,2243.38,2242.37,2243.16,212
2026-06-24T07:48:00Z,2243.16,2243.83,2240.82,2241.49,274
2026-06-24T07:49:00Z,2241.49,2242.29,2240.60,2241.62,120
2026-06-24T07:50:00Z,2241.62,2242.29,2238.84,2239.95,262
2026-06-24T07:51:00Z,2239.95,2240.62,2237.17,2238.06,164
2026-06-24T07:52:00Z,2238.06,2240.65,2237.39,2239.98,270
2026-06-24T07:53:00Z,2239.98,2240.65,2238.99,2239.66,243
2026-06-24T07:54:00Z,2239.66,2239.88,2238.68,2239.12,257
2026-06-24T07:55:00Z,2239.12,2240.14,2238.45,2239.92,287
2026-06-24T07:56:00Z,2239.92,2240.14,2238.93,2238.93,141
2026-06-24T07:57:00Z,2238.93,2239.82,2237.73,2238.84,162
2026-06-24T07:58:00Z,2238.84,2238.84,2237.41,2238.52,218
2026-06-24T07:59:00Z,2238.52,2239.56,2238.52,2239.56,199
2026-06-24T08:00:00Z,2239.56,2240.23,2237.75,2238.64,247
2026-06-24T08:01:00Z,2238.64,2239.75,2237.72,2238.39,139
2026-06-24T08:02:00Z,2238.39,2239.48,2237.72,2239.48,210
2026-06-24T08:03:00Z,2239.48,2240.59,2237.89,2239.00,222
2026-06-24T08:04:00Z,2239.00,2239.43,2238.11,2239.43,187
2026-06-24T08:05:00Z,2239.43,2242.09,2238.76,2240.97,110
2026-06-24T08:06:00Z,2240.97,2241.61,2240.08,2241.61,276
2026-06-24T08:07:00Z,2241.61,2242.05,2239.79,2240.68,266
2026-06-24T08:08:00Z,2240.68,2240.90,2240.66,2240.66,243
2026-06-24T08:09:00Z,2240.66,2241.52,2240.66,2241.08,120
2026-06-24T08:10:00Z,2241.08,2243.28,2239.96,2242.39,255
2026-06-24T08:11:00Z,2242.39,2243.06,2241.02,2242.14,162
2026-06-24T08:12:00Z,2242.14,2242.14,2241.23,2242.12,241
2026-06-24T08:13:00Z,2242.12,2242.34,2239.63,2240.52,309
2026-06-24T08:14:00Z,2240.52,2241.83,2240.52,2240.94,139
2026-06-24T08:15:00Z,2240.94,2240.94,2239.35,2240.02,262
2026-06-24T08:16:00Z,2240.02,2240.24,2238.43,2239.32,112
2026-06-24T08:17:00Z,2239.32,2239.99,2237.07,2237.96,160
2026-06-24T08:18:00Z,2237.96,2238.40,2236.59,2236.59,108
2026-06-24T08:19:00Z,2236.59,2237.48,2235.67,2236.34,122
2026-06-24T08:20:00Z,2236.34,2237.23,2236.09,2236.31,208
2026-06-24T08:21:00Z,2236.31,2237.42,2234.74,2235.18,141
2026-06-24T08:22:00Z,2235.18,2236.71,2234.51,2236.27,268
2026-06-24T08:23:00Z,2236.27,2236.94,2236.24,2236.24,114
2026-06-24T08:24:00Z,2236.24,2237.32,2235.57,2236.88,274
2026-06-24T08:25:00Z,2236.88,2237.10,2236.19,2236.86,174
2026-06-24T08:26:00Z,2236.86,2237.08,2235.50,2235.94,160
2026-06-24T08:27:00Z,2235.94,2236.58,2235.50,2236.14,278
2026-06-24T08:28:00Z,2236.14,2236.14,2235.00,2235.22,301
2026-06-24T08:29:00Z,2235.22,2235.22,2234.09,2234.98,237
2026-06-24T08:30:00Z,2234.98,2235.65,2234.06,2234.95,205
2026-06-24T08:31:00Z,2234.95,2234.95,2232.25,2233.14,189
2026-06-24T08:32:00Z,2233.14,2233.36,2232.45,2232.67,172
2026-06-24T08:33:00Z,2232.67,2235.76,2231.56,2234.65,141
2026-06-24T08:34:00Z,2234.65,2235.74,2234.21,2235.52,133
2026-06-24T08:35:00Z,2235.52,2237.05,2235.30,2236.16,112
2026-06-24T08:36:00Z,2236.16,2236.60,2235.47,2235.91,287
2026-06-24T08:37:00Z,2235.91,2237.02,2234.77,2235.88,104
2026-06-24T08:38:00Z,2235.88,2236.55,2235.19,2235.19,112
2026-06-24T08:39:00Z,2235.19,2236.28,2234.08,2236.28,214
2026-06-24T08:40:00Z,2236.28,2237.39,2235.81,2236.03,104
2026-06-24T08:41:00Z,2236.03,2237.56,2235.59,2236.67,106
2026-06-24T08:42:00Z,2236.67,2237.55,2236.00,2236.88,193
2026-06-24T08:43:00Z,2236.88,2237.77,2236.18,2236.18,264
2026-06-24T08:44:00Z,2236.18,2237.71,2235.96,2236.82,216
2026-06-24T08:45:00Z,2236.82,2237.93,2236.35,2236.57,272
2026-06-24T08:46:00Z,2236.57,2237.88,2235.68,2237.88,151
2026-06-24T08:47:00Z,2237.88,2238.55,2237.20,2237.64,243
2026-06-24T08:48:00Z,2237.64,2239.62,2236.53,2238.95,297
2026-06-24T08:49:00Z,2238.95,2240.70,2238.28,2239.81,305
2026-06-24T08:50:00Z,2239.81,2240.48,2239.56,2239.56,226
2026-06-24T08:51:00Z,2239.56,2240.43,2239.34,2240.43,295
2026-06-24T08:52:00Z,2240.43,2242.19,2239.76,2241.07,293
2026-06-24T08:53:00Z,2241.07,2241.93,2240.85,2241.71,210
2026-06-24T08:54:00Z,2241.71,2243.02,2240.82,2243.02,112
2026-06-24T08:55:00Z,2243.02,2243.91,2242.78,2243.00,151
2026-06-24T08:56:00Z,2243.00,2243.87,2242.56,2243.20,160
2026-06-24T08:57:00Z,2243.20,2245.18,2242.76,2244.51,224
2026-06-24T08:58:00Z,2244.51,2246.94,2243.39,2245.82,135
2026-06-24T08:59:00Z,2245.82,2246.26,2243.34,2244.46,262
2026-06-24T09:00:00Z,2244.46,2246.26,2243.79,2245.59,180
2026-06-24T09:01:00Z,2245.59,2246.26,2244.04,2245.16,116
2026-06-24T09:02:00Z,2245.16,2245.16,2244.06,2244.95,108
2026-06-24T09:03:00Z,2244.95,2247.66,2244.28,2246.54,164
2026-06-24T09:04:00Z,2246.54,2246.78,2246.10,2246.78,116
2026-06-24T09:05:00Z,2246.78,2248.81,2246.34,2247.69,118
2026-06-24T09:06:00Z,2247.69,2247.91,2246.81,2247.48,201
2026-06-24T09:07:00Z,2247.48,2248.84,2247.26,2247.72,295
2026-06-24T09:08:00Z,2247.72,2247.72,2246.40,2247.29,185
2026-06-24T09:09:00Z,2247.29,2248.20,2246.40,2247.31,104
2026-06-24T09:10:00Z,2247.31,2248.67,2246.64,2248.67,164
2026-06-24T09:11:00Z,2248.67,2248.91,2248.67,2248.69,156
2026-06-24T09:12:00Z,2248.69,2249.15,2248.25,2248.93,299
2026-06-24T09:13:00Z,2248.93,2250.51,2248.93,2249.62,243
2026-06-24T09:14:00Z,2249.62,2252.11,2249.18,2251.66,297
2026-06-24T09:15:00Z,2251.66,2253.03,2251.66,2252.13,193
2026-06-24T09:16:00Z,2252.13,2252.80,2250.12,2250.34,149
2026-06-24T09:17:00Z,2250.34,2250.34,2249.01,2249.23,264
2026-06-24T09:18:00Z,2249.23,2250.59,2248.56,2250.14,187
2026-06-24T09:19:00Z,2250.14,2251.26,2248.36,2249.48,172
2026-06-24T09:20:00Z,2249.48,2250.83,2248.36,2249.94,156
2026-06-24T09:21:00Z,2249.94,2251.06,2249.29,2249.73,168
2026-06-24T09:22:00Z,2249.73,2250.40,2248.18,2248.85,243
2026-06-24T09:23:00Z,2248.85,2251.34,2247.96,2250.44,128
2026-06-24T09:24:00Z,2250.44,2250.44,2249.34,2249.56,199
2026-06-24T09:25:00Z,2249.56,2250.45,2247.11,2247.55,301
2026-06-24T09:26:00Z,2247.55,2247.55,2247.34,2247.34,124
2026-06-24T09:27:00Z,2247.34,2248.92,2246.90,2248.25,168
2026-06-24T09:28:00Z,2248.25,2249.14,2247.14,2247.14,170
2026-06-24T09:29:00Z,2247.14,2247.16,2246.02,2247.16,226
2026-06-24T09:30:00Z,2247.16,2247.16,2246.05,2246.94,114
2026-06-24T09:31:00Z,2246.94,2248.52,2246.94,2247.40,297
2026-06-24T09:32:00Z,2247.40,2247.62,2245.85,2246.29,116
2026-06-24T09:33:00Z,2246.29,2246.51,2245.41,2245.41,126
2026-06-24T09:34:00Z,2245.41,2247.22,2245.19,2246.55,303
2026-06-24T09:35:00Z,2246.55,2246.99,2245.89,2245.89,282
2026-06-24T09:36:00Z,2245.89,2246.58,2245.67,2246.58,222
2026-06-24T09:37:00Z,2246.58,2247.49,2245.69,2247.49,312
2026-06-24T09:38:00Z,2247.49,2248.16,2246.17,2247.06,212
2026-06-24T09:39:00Z,2247.06,2247.95,2245.06,2245.50,237
2026-06-24T09:40:00Z,2245.50,2246.62,2242.15,2243.27,153
2026-06-24T09:41:00Z,2243.27,2243.49,2241.95,2242.39,145
2026-06-24T09:42:00Z,2242.39,2242.61,2240.62,2241.51,170
2026-06-24T09:43:00Z,2241.51,2243.54,2241.29,2242.42,112
2026-06-24T09:44:00Z,2242.42,2243.10,2242.42,2242.66,305
2026-06-24T09:45:00Z,2242.66,2243.10,2241.34,2241.78,276
2026-06-24T09:46:00Z,2241.78,2242.22,2241.57,2241.57,299
2026-06-24T09:47:00Z,2241.57,2243.15,2240.45,2242.03,249
2026-06-24T09:48:00Z,2242.03,2242.94,2242.03,2242.94,270
2026-06-24T09:49:00Z,2242.94,2244.74,2242.72,2243.85,299
2026-06-24T09:50:00Z,2243.85,2245.43,2243.85,2244.54,118
2026-06-24T09:51:00Z,2244.54,2244.78,2243.42,2244.78,158
2026-06-24T09:52:00Z,2244.78,2246.36,2243.89,2245.24,224
2026-06-24T09:53:00Z,2245.24,2245.24,2244.81,2244.81,180
2026-06-24T09:54:00Z,2244.81,2245.70,2242.58,2243.25,164
2026-06-24T09:55:00Z,2243.25,2244.14,2242.37,2242.59,191
2026-06-24T09:56:00Z,2242.59,2245.29,2242.37,2244.17,249
2026-06-24T09:57:00Z,2244.17,2245.31,2243.95,2244.19,153
2026-06-24T09:58:00Z,2244.19,2244.87,2243.07,2244.43,147
2026-06-24T09:59:00Z,2244.43,2245.55,2243.77,2243.77,183
2026-06-24T10:00:00Z,2243.77,2244.44,2242.40,2243.07,228
2026-06-24T10:01:00Z,2243.07,2244.38,2242.18,2244.16,135
2026-06-24T10:02:00Z,2244.16,2245.02,2243.94,2244.58,228
2026-06-24T10:03:00Z,2244.58,2244.58,2244.55,2244.55,239
2026-06-24T10:04:00Z,2244.55,2245.87,2244.33,2245.43,251
2026-06-24T10:05:00Z,2245.43,2246.74,2244.99,2245.85,185
2026-06-24T10:06:00Z,2245.85,2246.07,2243.14,2243.58,174
2026-06-24T10:07:00Z,2243.58,2244.47,2242.21,2243.33,156
2026-06-24T10:08:00Z,2243.33,2245.32,2242.21,2244.43,120
2026-06-24T10:09:00Z,2244.43,2245.74,2243.31,2244.85,128
2026-06-24T10:10:00Z,2244.85,2245.27,2244.63,2245.05,303
2026-06-24T10:11:00Z,2245.05,2245.69,2244.83,2245.69,266
2026-06-24T10:12:00Z,2245.69,2247.01,2244.80,2246.12,199
2026-06-24T10:13:00Z,2246.12,2246.56,2245.87,2245.87,241
2026-06-24T10:14:00Z,2245.87,2246.09,2243.83,2244.72,131
2026-06-24T10:15:00Z,2244.72,2245.16,2243.12,2243.79,191
2026-06-24T10:16:00Z,2243.79,2244.23,2242.87,2243.31,309
2026-06-24T10:17:00Z,2243.31,2243.75,2241.95,2243.07,291
2026-06-24T10:18:00Z,2243.07,2245.05,2242.18,2244.61,126
2026-06-24T10:19:00Z,2244.61,2246.82,2243.72,2246.15,126
2026-06-24T10:20:00Z,2246.15,2246.82,2244.33,2245.22,257
2026-06-24T10:21:00Z,2245.22,2246.76,2244.33,2246.32,243
2026-06-24T10:22:00Z,2246.32,2247.44,2244.73,2244.95,143
2026-06-24T10:23:00Z,2244.95,2245.39,2244.48,2244.92,174
2026-06-24T10:24:00Z,2244.92,2246.46,2244.92,2245.34,235
2026-06-24T10:25:00Z,2245.34,2245.78,2243.98,2244.42,293
2026-06-24T10:26:00Z,2244.42,2245.51,2243.98,2245.29,128
2026-06-24T10:27:00Z,2245.29,2248.17,2244.62,2247.05,208
2026-06-24T10:28:00Z,2247.05,2248.81,2246.61,2248.14,280
2026-06-24T10:29:00Z,2248.14,2249.91,2247.02,2249.24,104
2026-06-24T10:30:00Z,2249.24,2250.33,2248.57,2249.66,305
2026-06-24T10:31:00Z,2249.66,2249.66,2248.29,2248.51,120
2026-06-24T10:32:00Z,2248.51,2250.05,2247.39,2249.38,166
2026-06-24T10:33:00Z,2249.38,2250.92,2249.16,2250.25,112
2026-06-24T10:34:00Z,2250.25,2250.92,2249.56,2250.23,185
2026-06-24T10:35:00Z,2250.23,2250.90,2248.63,2249.75,226
2026-06-24T10:36:00Z,2249.75,2252.63,2248.63,2251.96,230
2026-06-24T10:37:00Z,2251.96,2252.60,2250.84,2252.38,309
2026-06-24T10:38:00Z,2252.38,2255.73,2252.16,2254.61,249
2026-06-24T10:39:00Z,2254.61,2255.70,2254.16,2255.70,160
2026-06-24T10:40:00Z,2255.70,2256.15,2253.88,2254.10,282
2026-06-24T10:41:00Z,2254.10,2254.77,2252.95,2253.85,118
2026-06-24T10:42:00Z,2253.85,2254.52,2252.71,2252.93,193
2026-06-24T10:43:00Z,2252.93,2253.83,2251.78,2251.78,205
2026-06-24T10:44:00Z,2251.78,2251.78,2251.31,2251.53,187
2026-06-24T10:45:00Z,2251.53,2251.98,2250.83,2250.83,282
2026-06-24T10:46:00Z,2250.83,2251.03,2250.61,2251.03,264
2026-06-24T10:47:00Z,2251.03,2251.48,2249.21,2250.11,180
2026-06-24T10:48:00Z,2250.11,2253.89,2248.99,2252.77,108
2026-06-24T10:49:00Z,2252.77,2253.89,2251.17,2251.84,255
2026-06-24T10:50:00Z,2251.84,2252.93,2251.84,2252.71,237
2026-06-24T10:51:00Z,2252.71,2253.83,2250.67,2251.79,309
2026-06-24T10:52:00Z,2251.79,2252.46,2250.86,2251.76,168
2026-06-24T10:53:00Z,2251.76,2252.21,2250.61,2251.06,199
2026-06-24T10:54:00Z,2251.06,2252.18,2250.14,2250.36,156
2026-06-24T10:55:00Z,2250.36,2250.57,2250.36,2250.57,151
2026-06-24T10:56:00Z,2250.57,2251.24,2248.98,2249.42,158
2026-06-24T10:57:00Z,2249.42,2249.62,2249.20,2249.62,116
2026-06-24T10:58:00Z,2249.62,2250.29,2247.13,2248.25,307
2026-06-24T10:59:00Z,2248.25,2248.92,2247.78,2247.78,191
2026-06-24T11:00:00Z,2247.78,2248.67,2246.81,2247.25,128
2026-06-24T11:01:00Z,2247.25,2247.47,2244.93,2245.15,149
2026-06-24T11:02:00Z,2245.15,2245.15,2243.95,2243.95,168
2026-06-24T11:03:00Z,2243.95,2244.62,2242.76,2243.65,135
2026-06-24T11:04:00Z,2243.65,2244.69,2243.43,2244.69,235
2026-06-24T11:05:00Z,2244.69,2245.58,2244.17,2244.61,114
2026-06-24T11:06:00Z,2244.61,2244.61,2244.08,2244.08,226
2026-06-24T11:07:00Z,2244.08,2245.35,2243.86,2244.23,220
2026-06-24T11:08:00Z,2244.23,2245.26,2243.56,2244.82,172
2026-06-24T11:09:00Z,2244.82,2245.49,2243.62,2244.29,266
2026-06-24T11:10:00Z,2244.29,2245.78,2243.40,2245.11,249
2026-06-24T11:11:00Z,2245.11,2246.00,2242.79,2243.68,299
2026-06-24T11:12:00Z,2243.68,2245.16,2242.56,2244.72,135
2026-06-24T11:13:00Z,2244.72,2244.94,2244.42,2244.64,180
2026-06-24T11:14:00Z,2244.64,2244.86,2243.89,2244.11,205
2026-06-24T11:15:00Z,2244.11,2245.23,2243.14,2244.03,116
2026-06-24T11:16:00Z,2244.03,2244.18,2242.91,2244.18,309
2026-06-24T11:17:00Z,2244.18,2244.18,2242.98,2243.65,174
2026-06-24T11:18:00Z,2243.65,2246.25,2242.53,2245.81,299
2026-06-24T11:19:00Z,2245.81,2246.70,2245.29,2245.73,178
2026-06-24T11:20:00Z,2245.73,2246.62,2244.76,2245.20,309
2026-06-24T11:21:00Z,2245.20,2246.47,2244.98,2245.35,131
2026-06-24T11:22:00Z,2245.35,2246.84,2244.91,2246.17,241
2026-06-24T11:23:00Z,2246.17,2246.17,2245.20,2246.09,195
2026-06-24T11:24:00Z,2246.09,2247.35,2246.09,2247.13,191
2026-06-24T11:25:00Z,2247.13,2247.13,2246.60,2246.60,118
2026-06-24T11:26:00Z,2246.60,2247.19,2246.16,2246.75,114
2026-06-24T11:27:00Z,2246.75,2248.91,2246.31,2248.91,143
2026-06-24T11:28:00Z,2248.91,2250.17,2248.69,2249.28,228
2026-06-24T11:29:00Z,2249.28,2252.13,2248.84,2251.23,312
2026-06-24T11:30:00Z,2251.23,2252.35,2248.91,2250.03,126
2026-06-24T11:31:00Z,2250.03,2250.40,2249.36,2250.40,257
2026-06-24T11:32:00Z,2250.40,2251.67,2250.18,2250.55,291
2026-06-24T11:33:00Z,2250.55,2252.26,2250.10,2251.14,235
2026-06-24T11:34:00Z,2251.14,2251.36,2250.39,2250.39,174
2026-06-24T11:35:00Z,2250.39,2251.29,2248.07,2248.96,247
2026-06-24T11:36:00Z,2248.96,2250.08,2247.98,2247.98,158
2026-06-24T11:37:00Z,2247.98,2248.87,2246.11,2246.78,139
2026-06-24T11:38:00Z,2246.78,2246.93,2246.56,2246.93,212
2026-06-24T11:39:00Z,2246.93,2248.87,2245.81,2247.75,133
2026-06-24T11:40:00Z,2247.75,2247.75,2245.66,2245.88,243
2026-06-24T11:41:00Z,2245.88,2248.04,2245.21,2246.92,162
2026-06-24T11:42:00Z,2246.92,2247.07,2246.70,2247.07,158
2026-06-24T11:43:00Z,2247.07,2247.29,2244.75,2245.87,126
2026-06-24T11:44:00Z,2245.87,2246.54,2244.90,2245.79,214
2026-06-24T11:45:00Z,2245.79,2247.50,2245.57,2246.61,295
2026-06-24T11:46:00Z,2246.61,2247.05,2244.07,2245.19,284
2026-06-24T11:47:00Z,2245.19,2245.63,2243.77,2244.44,305
2026-06-24T11:48:00Z,2244.44,2245.26,2243.55,2245.26,208
2026-06-24T11:49:00Z,2245.26,2246.52,2244.14,2245.63,203
2026-06-24T11:50:00Z,2245.63,2247.34,2245.63,2246.67,262
2026-06-24T11:51:00Z,2246.67,2247.56,2245.47,2246.14,230
2026-06-24T11:52:00Z,2246.14,2246.14,2245.62,2245.84,280
2026-06-24T11:53:00Z,2245.84,2246.73,2244.64,2245.76,135
2026-06-24T11:54:00Z,2245.76,2247.03,2244.64,2245.91,114
2026-06-24T11:55:00Z,2245.91,2246.58,2244.50,2244.94,205
2026-06-24T11:56:00Z,2244.94,2246.06,2243.52,2244.41,174
2026-06-24T11:57:00Z,2244.41,2244.63,2243.44,2243.88,287
2026-06-24T11:58:00Z,2243.88,2244.55,2242.68,2243.80,214
2026-06-24T11:59:00Z,2243.80,2246.19,2243.58,2245.30,156
2026-06-24T12:00:00Z,2245.30,2245.74,2243.09,2244.21,284
2026-06-24T12:01:00Z,2244.21,2244.43,2244.03,2244.03,187
2026-06-24T12:02:00Z,2244.03,2245.18,2244.03,2244.51,149
2026-06-24T12:03:00Z,2244.51,2245.22,2243.39,2245.22,255
2026-06-24T12:04:00Z,2245.22,2245.89,2244.13,2244.35,220
2026-06-24T12:05:00Z,2244.35,2245.02,2243.28,2244.17,228
2026-06-24T12:06:00Z,2244.17,2245.29,2242.41,2242.63,153
2026-06-24T12:07:00Z,2242.63,2243.52,2241.55,2241.55,168
2026-06-24T12:08:00Z,2241.55,2242.44,2240.24,2240.91,289
2026-06-24T12:09:00Z,2240.91,2241.80,2239.61,2240.50,218
2026-06-24T12:10:00Z,2240.50,2240.99,2240.06,2240.77,230
2026-06-24T12:11:00Z,2240.77,2241.47,2240.10,2241.47,149
2026-06-24T12:12:00Z,2241.47,2242.59,2239.95,2240.62,245
2026-06-24T12:13:00Z,2240.62,2241.09,2239.73,2240.65,255
2026-06-24T12:14:00Z,2240.65,2241.36,2240.65,2240.92,143
2026-06-24T12:15:00Z,2240.92,2242.04,2238.50,2238.94,295
2026-06-24T12:16:00Z,2238.94,2239.61,2238.53,2238.53,135
2026-06-24T12:17:00Z,2238.53,2239.64,2237.67,2238.34,135
2026-06-24T12:18:00Z,2238.34,2241.28,2237.45,2240.84,166
2026-06-24T12:19:00Z,2240.84,2241.06,2239.99,2240.43,224
2026-06-24T12:20:00Z,2240.43,2241.10,2239.13,2239.57,268
2026-06-24T12:21:00Z,2239.57,2239.83,2238.46,2239.61,299
2026-06-24T12:22:00Z,2239.61,2240.72,2238.75,2239.19,201
2026-06-24T12:23:00Z,2239.19,2239.90,2238.97,2239.23,124
2026-06-24T12:24:00Z,2239.23,2240.37,2238.34,2240.15,212
2026-06-24T12:25:00Z,2240.15,2240.37,2238.85,2239.74,197
2026-06-24T12:26:00Z,2239.74,2241.11,2239.30,2241.11,193
2026-06-24T12:27:00Z,2241.11,2243.61,2240.67,2242.94,307
2026-06-24T12:28:00Z,2242.94,2242.94,2241.86,2242.75,178
2026-06-24T12:29:00Z,2242.75,2244.13,2242.08,2243.69,274
2026-06-24T12:30:00Z,2243.69,2246.42,2243.25,2245.30,222
2026-06-24T12:31:00Z,2245.30,2246.44,2244.63,2246.00,274
2026-06-24T12:32:00Z,2246.00,2248.05,2244.88,2247.83,120
2026-06-24T12:33:00Z,2247.83,2247.83,2246.75,2247.19,139
2026-06-24T12:34:00Z,2247.19,2248.35,2246.30,2247.46,156
2026-06-24T12:35:00Z,2247.46,2248.13,2245.70,2246.82,170
2026-06-24T12:36:00Z,2246.82,2247.94,2244.85,2245.97,135
2026-06-24T12:37:00Z,2245.97,2247.34,2245.75,2246.45,114
2026-06-24T12:38:00Z,2246.45,2247.12,2244.93,2245.37,193
2026-06-24T12:39:00Z,2245.37,2245.41,2244.48,2245.41,168
2026-06-24T12:40:00Z,2245.41,2245.89,2244.97,2245.89,226
2026-06-24T12:41:00Z,2245.89,2247.01,2244.37,2245.04,297
2026-06-24T12:42:00Z,2245.04,2246.86,2244.60,2245.97,270
2026-06-24T12:43:00Z,2245.97,2246.41,2244.23,2245.12,131
2026-06-24T12:44:00Z,2245.12,2245.79,2244.70,2244.70,131
2026-06-24T12:45:00Z,2244.70,2244.70,2242.06,2243.18,262
2026-06-24T12:46:00Z,2243.18,2243.85,2241.87,2242.54,153
2026-06-24T12:47:00Z,2242.54,2243.21,2241.24,2241.91,122
2026-06-24T12:48:00Z,2241.91,2241.94,2240.79,2241.94,203
2026-06-24T12:49:00Z,2241.94,2242.61,2240.42,2241.09,187
2026-06-24T12:50:00Z,2241.09,2241.58,2240.65,2241.58,268
2026-06-24T12:51:00Z,2241.58,2242.25,2238.50,2239.61,249
2026-06-24T12:52:00Z,2239.61,2240.76,2239.39,2239.65,168
2026-06-24T12:53:00Z,2239.65,2242.13,2239.21,2241.24,255
2026-06-24T12:54:00Z,2241.24,2241.68,2240.17,2240.84,133
2026-06-24T12:55:00Z,2240.84,2242.43,2240.62,2242.43,131
2026-06-24T12:56:00Z,2242.43,2243.58,2241.54,2243.14,162
2026-06-24T12:57:00Z,2243.14,2243.36,2241.16,2242.28,284
2026-06-24T12:58:00Z,2242.28,2242.28,2240.99,2241.43,162
2026-06-24T12:59:00Z,2241.43,2243.48,2240.76,2242.81,108
2026-06-24T13:00:00Z,2242.81,2243.43,2241.92,2243.21,212
2026-06-24T13:01:00Z,2243.21,2244.07,2242.54,2243.40,220
2026-06-24T13:02:00Z,2243.40,2244.07,2243.14,2243.14,251
2026-06-24T13:03:00Z,2243.14,2243.14,2242.64,2242.64,135
2026-06-24T13:04:00Z,2242.64,2244.17,2241.75,2243.05,262
2026-06-24T13:05:00Z,2243.05,2244.13,2242.38,2244.13,220
2026-06-24T13:06:00Z,2244.13,2245.25,2241.63,2242.52,162
2026-06-24T13:07:00Z,2242.52,2244.70,2241.85,2244.26,214
2026-06-24T13:08:00Z,2244.26,2244.93,2242.88,2243.32,147
2026-06-24T13:09:00Z,2243.32,2245.30,2242.43,2244.63,297
2026-06-24T13:10:00Z,2244.63,2245.07,2242.58,2243.25,222
2026-06-24T13:11:00Z,2243.25,2244.99,2242.81,2244.10,118
2026-06-24T13:12:00Z,2244.10,2246.75,2244.10,2245.63,210
2026-06-24T13:13:00Z,2245.63,2246.71,2245.41,2246.04,116
2026-06-24T13:14:00Z,2246.04,2247.34,2245.60,2246.67,295
2026-06-24T13:15:00Z,2246.67,2247.51,2246.00,2247.29,245
2026-06-24T13:16:00Z,2247.29,2249.26,2247.29,2248.82,214
2026-06-24T13:17:00Z,2248.82,2249.94,2246.32,2247.21,191
2026-06-24T13:18:00Z,2247.21,2248.73,2246.09,2247.61,143
2026-06-24T13:19:00Z,2247.61,2248.50,2245.33,2246.22,118
2026-06-24T13:20:00Z,2246.22,2246.44,2244.17,2245.06,272
2026-06-24T13:21:00Z,2245.06,2246.18,2243.23,2244.35,301
2026-06-24T13:22:00Z,2244.35,2244.35,2242.73,2243.85,147
2026-06-24T13:23:00Z,2243.85,2245.59,2243.41,2245.15,168
2026-06-24T13:24:00Z,2245.15,2245.15,2243.99,2244.21,230
2026-06-24T13:25:00Z,2244.21,2245.10,2243.28,2243.28,239
2026-06-24T13:26:00Z,2243.28,2243.90,2242.39,2243.90,218
2026-06-24T13:27:00Z,2243.90,2244.53,2243.46,2244.53,205
2026-06-24T13:28:00Z,2244.53,2245.42,2243.82,2243.82,235
2026-06-24T13:29:00Z,2243.82,2245.57,2242.93,2244.45,289
2026-06-24T13:30:00Z,2244.45,2245.57,2242.61,2243.73,126
2026-06-24T13:31:00Z,2243.73,2244.14,2242.61,2243.92,241
2026-06-24T13:32:00Z,2243.92,2245.04,2242.99,2243.88,309
2026-06-24T13:33:00Z,2243.88,2245.00,2242.50,2242.94,245
2026-06-24T13:34:00Z,2242.94,2244.91,2242.94,2244.02,307
2026-06-24T13:35:00Z,2244.02,2245.14,2243.09,2243.09,276
2026-06-24T13:36:00Z,2243.09,2243.94,2242.87,2243.72,166
2026-06-24T13:37:00Z,2243.72,2244.39,2242.56,2242.78,243
2026-06-24T13:38:00Z,2242.78,2244.31,2242.56,2243.19,131
2026-06-24T13:39:00Z,2243.19,2243.86,2242.03,2242.03,257
2026-06-24T13:40:00Z,2242.03,2242.70,2241.99,2241.99,183
2026-06-24T13:41:00Z,2241.99,2242.17,2241.10,2242.17,135
2026-06-24T13:42:00Z,2242.17,2243.29,2241.24,2241.91,133
2026-06-24T13:43:00Z,2241.91,2242.58,2240.31,2240.98,187
2026-06-24T13:44:00Z,2240.98,2241.61,2240.31,2241.61,185
2026-06-24T13:45:00Z,2241.61,2242.28,2240.00,2241.12,291
2026-06-24T13:46:00Z,2241.12,2242.65,2240.68,2241.53,135
2026-06-24T13:47:00Z,2241.53,2243.28,2241.31,2243.28,262
2026-06-24T13:48:00Z,2243.28,2244.57,2243.06,2244.35,166
2026-06-24T13:49:00Z,2244.35,2245.24,2243.19,2244.31,128
2026-06-24T13:50:00Z,2244.31,2244.72,2244.09,2244.72,280
2026-06-24T13:51:00Z,2244.72,2245.84,2243.79,2244.23,309
2026-06-24T13:52:00Z,2244.23,2245.07,2244.01,2244.63,268
2026-06-24T13:53:00Z,2244.63,2245.71,2243.96,2245.04,199
2026-06-24T13:54:00Z,2245.04,2245.93,2243.44,2244.33,291
2026-06-24T13:55:00Z,2244.33,2245.45,2243.40,2243.62,160
2026-06-24T13:56:00Z,2243.62,2244.68,2242.73,2244.24,210
2026-06-24T13:57:00Z,2244.24,2246.22,2243.80,2245.10,183
2026-06-24T13:58:00Z,2245.10,2245.54,2243.05,2244.17,291
2026-06-24T13:59:00Z,2244.17,2244.61,2243.69,2244.13,162
2026-06-24T14:00:00Z,2244.13,2245.62,2243.91,2245.40,124
2026-06-24T14:01:00Z,2245.40,2246.52,2243.31,2244.20,235
2026-06-24T14:02:00Z,2244.20,2244.42,2243.01,2244.13,189
2026-06-24T14:03:00Z,2244.13,2244.57,2243.38,2243.38,124
2026-06-24T14:04:00Z,2243.38,2244.50,2241.51,2242.18,137
2026-06-24T14:05:00Z,2242.18,2242.85,2239.20,2240.09,208
2026-06-24T14:06:00Z,2240.09,2240.53,2238.68,2239.79,243
2026-06-24T14:07:00Z,2239.79,2241.50,2239.79,2241.06,278
2026-06-24T14:08:00Z,2241.06,2241.21,2239.94,2241.21,187
2026-06-24T14:09:00Z,2241.21,2241.43,2240.46,2240.46,228
2026-06-24T14:10:00Z,2240.46,2240.84,2239.57,2240.62,245
2026-06-24T14:11:00Z,2240.62,2241.06,2239.65,2239.87,139
2026-06-24T14:12:00Z,2239.87,2239.87,2239.12,2239.79,201
2026-06-24T14:13:00Z,2239.79,2241.06,2239.35,2240.62,128
2026-06-24T14:14:00Z,2240.62,2241.88,2240.40,2240.99,104
2026-06-24T14:15:00Z,2240.99,2241.81,2240.10,2241.59,131
2026-06-24T14:16:00Z,2241.59,2243.07,2240.70,2242.85,156
2026-06-24T14:17:00Z,2242.85,2243.97,2242.11,2242.55,278
2026-06-24T14:18:00Z,2242.55,2243.67,2241.81,2242.48,170
2026-06-24T14:19:00Z,2242.48,2243.96,2242.04,2243.52,199
2026-06-24T14:20:00Z,2243.52,2243.74,2242.11,2243.00,287
2026-06-24T14:21:00Z,2243.00,2243.59,2243.00,2243.37,305
2026-06-24T14:22:00Z,2243.37,2243.37,2243.07,2243.07,108
2026-06-24T14:23:00Z,2243.07,2243.07,2240.99,2242.11,216
2026-06-24T14:24:00Z,2242.11,2242.33,2240.70,2241.14,122
2026-06-24T14:25:00Z,2241.14,2241.81,2238.61,2239.72,237
2026-06-24T14:26:00Z,2239.72,2240.32,2239.72,2240.10,262
2026-06-24T14:27:00Z,2240.10,2240.10,2238.90,2239.57,293
2026-06-24T14:28:00Z,2239.57,2241.29,2238.68,2240.40,151
2026-06-24T14:29:00Z,2240.40,2240.40,2239.66,2240.10,228
2026-06-24T14:30:00Z,2240.10,2240.25,2240.10,2240.25,264
2026-06-24T14:31:00Z,2240.25,2240.25,2238.40,2239.29,120
2026-06-24T14:32:00Z,2239.29,2239.73,2237.87,2238.76,228
2026-06-24T14:33:00Z,2238.76,2238.76,2238.02,2238.02,297
2026-06-24T14:34:00Z,2238.02,2239.28,2237.13,2238.61,291
2026-06-24T14:35:00Z,2238.61,2240.76,2238.39,2239.87,120
2026-06-24T14:36:00Z,2239.87,2241.81,2239.43,2241.14,216
2026-06-24T14:37:00Z,2241.14,2241.51,2241.14,2241.29,280
2026-06-24T14:38:00Z,2241.29,2242.18,2239.65,2240.09,216
2026-06-24T14:39:00Z,2240.09,2240.98,2239.36,2239.80,212
2026-06-24T14:40:00Z,2239.80,2241.73,2239.80,2241.73,162
2026-06-24T14:41:00Z,2241.73,2243.00,2240.84,2242.11,162
2026-06-24T14:42:00Z,2242.11,2243.23,2240.70,2241.14,205
2026-06-24T14:43:00Z,2241.14,2241.73,2240.70,2241.29,303
2026-06-24T14:44:00Z,2241.29,2242.57,2240.62,2241.45,224
2026-06-24T14:45:00Z,2241.45,2242.34,2240.03,2240.92,145
2026-06-24T14:46:00Z,2240.92,2241.97,2240.70,2241.08,110
2026-06-24T14:47:00Z,2241.08,2243.01,2240.86,2242.12,226
2026-06-24T14:48:00Z,2242.12,2243.16,2241.23,2242.94,189
2026-06-24T14:49:00Z,2242.94,2243.99,2242.72,2243.99,287
2026-06-24T14:50:00Z,2243.99,2245.25,2243.10,2245.25,293
2026-06-24T14:51:00Z,2245.25,2245.69,2245.17,2245.17,303
2026-06-24T14:52:00Z,2245.17,2247.11,2244.50,2246.44,185
2026-06-24T14:53:00Z,2246.44,2247.11,2245.03,2245.47,312
2026-06-24T14:54:00Z,2245.47,2245.47,2242.49,2243.61,151
2026-06-24T14:55:00Z,2243.61,2243.83,2241.96,2243.08,266
2026-06-24T14:56:00Z,2243.08,2243.08,2241.43,2242.55,257
2026-06-24T14:57:00Z,2242.55,2243.44,2240.91,2242.03,270
2026-06-24T14:58:00Z,2242.03,2244.86,2241.81,2243.74,226
2026-06-24T14:59:00Z,2243.74,2243.96,2242.78,2243.67,284
2026-06-24T15:00:00Z,2243.67,2244.11,2242.59,2242.81,170
2026-06-24T15:01:00Z,2242.81,2243.52,2242.81,2242.85,139
2026-06-24T15:02:00Z,2242.85,2243.07,2242.00,2242.44,255
2026-06-24T15:03:00Z,2242.44,2242.66,2241.59,2241.81,174
2026-06-24T15:04:00Z,2241.81,2242.97,2241.37,2241.85,135
2026-06-24T15:05:00Z,2241.85,2242.34,2240.96,2242.34,131
2026-06-24T15:06:00Z,2242.34,2244.17,2242.12,2243.05,106
2026-06-24T15:07:00Z,2243.05,2243.77,2242.61,2243.77,197
2026-06-24T15:08:00Z,2243.77,2246.05,2243.33,2244.93,135
2026-06-24T15:09:00Z,2244.93,2245.82,2243.85,2244.52,255
2026-06-24T15:10:00Z,2244.52,2245.45,2243.40,2245.23,166
2026-06-24T15:11:00Z,2245.23,2245.94,2244.79,2245.27,145
2026-06-24T15:12:00Z,2245.27,2246.16,2244.65,2245.09,106
2026-06-24T15:13:00Z,2245.09,2246.47,2244.87,2245.58,297
2026-06-24T15:14:00Z,2245.58,2246.47,2244.06,2245.18,131
2026-06-24T15:15:00Z,2245.18,2245.67,2244.29,2245.67,197
2026-06-24T15:16:00Z,2245.67,2247.27,2245.00,2246.38,249
2026-06-24T15:17:00Z,2246.38,2247.05,2242.60,2243.72,282
2026-06-24T15:18:00Z,2243.72,2245.32,2243.05,2244.43,128
2026-06-24T15:19:00Z,2244.43,2244.65,2242.46,2243.35,191
2026-06-24T15:20:00Z,2243.35,2244.73,2243.35,2243.61,178
2026-06-24T15:21:00Z,2243.61,2244.50,2242.54,2242.98,108
2026-06-24T15:22:00Z,2242.98,2243.87,2241.24,2241.68,114
2026-06-24T15:23:00Z,2241.68,2241.68,2239.48,2240.37,218
2026-06-24T15:24:00Z,2240.37,2240.37,2239.96,2239.96,106
2026-06-24T15:25:00Z,2239.96,2242.91,2238.85,2241.79,208
2026-06-24T15:26:00Z,2241.79,2243.62,2241.57,2242.50,201
2026-06-24T15:27:00Z,2242.50,2244.33,2241.83,2243.21,164
2026-06-24T15:28:00Z,2243.21,2243.21,2242.58,2242.58,120
2026-06-24T15:29:00Z,2242.58,2243.02,2241.06,2242.18,126
2026-06-24T15:30:00Z,2242.18,2242.88,2242.18,2242.44,135
2026-06-24T15:31:00Z,2242.44,2244.72,2241.55,2243.60,120
2026-06-24T15:32:00Z,2243.60,2244.49,2242.75,2243.42,266
2026-06-24T15:33:00Z,2243.42,2243.64,2242.35,2243.24,249
2026-06-24T15:34:00Z,2243.24,2243.46,2240.59,2241.71,189
2026-06-24T15:35:00Z,2241.71,2243.09,2241.27,2242.65,278
2026-06-24T15:36:00Z,2242.65,2243.77,2240.68,2241.57,203
2026-06-24T15:37:00Z,2241.57,2242.46,2240.73,2241.17,191
2026-06-24T15:38:00Z,2241.17,2241.17,2239.64,2240.76,312
2026-06-24T15:39:00Z,2240.76,2241.70,2240.32,2241.70,178
2026-06-24T15:40:00Z,2241.70,2243.30,2241.03,2242.41,303
2026-06-24T15:41:00Z,2242.41,2243.57,2242.41,2243.35,293
2026-06-24T15:42:00Z,2243.35,2245.19,2242.91,2244.07,158
2026-06-24T15:43:00Z,2244.07,2244.51,2242.99,2243.66,255
2026-06-24T15:44:00Z,2243.66,2244.33,2241.46,2241.68,249
2026-06-24T15:45:00Z,2241.68,2243.06,2241.24,2241.94,232
2026-06-24T15:46:00Z,2241.94,2243.78,2241.27,2243.11,124
2026-06-24T15:47:00Z,2243.11,2244.27,2243.11,2243.15,128
2026-06-24T15:48:00Z,2243.15,2244.04,2241.17,2242.29,305
2026-06-24T15:49:00Z,2242.29,2242.73,2241.66,2241.88,264
2026-06-24T15:50:00Z,2241.88,2243.04,2241.21,2242.15,230
2026-06-24T15:51:00Z,2242.15,2243.04,2240.85,2241.74,106
2026-06-24T15:52:00Z,2241.74,2243.14,2241.30,2243.14,312
2026-06-24T15:53:00Z,2243.14,2243.36,2241.84,2242.28,126
2026-06-24T15:54:00Z,2242.28,2243.21,2241.61,2242.32,276
2026-06-24T15:55:00Z,2242.32,2244.83,2241.88,2244.16,145
2026-06-24T15:56:00Z,2244.16,2244.64,2243.27,2244.20,126
2026-06-24T15:57:00Z,2244.20,2245.32,2242.67,2243.79,172
2026-06-24T15:58:00Z,2243.79,2244.68,2242.71,2243.38,232
2026-06-24T15:59:00Z,2243.38,2244.27,2242.09,2242.53,312
2026-06-24T16:00:00Z,2242.53,2243.13,2242.31,2242.69,201
2026-06-24T16:01:00Z,2242.69,2243.13,2241.50,2242.62,272
2026-06-24T16:02:00Z,2242.62,2243.89,2242.18,2243.00,301
2026-06-24T16:03:00Z,2243.00,2244.12,2241.14,2241.81,147
2026-06-24T16:04:00Z,2241.81,2243.08,2240.92,2242.19,212
2026-06-24T16:05:00Z,2242.19,2242.79,2242.19,2242.79,203
2026-06-24T16:06:00Z,2242.79,2243.68,2241.83,2242.72,249
2026-06-24T16:07:00Z,2242.72,2243.61,2242.43,2242.65,164
2026-06-24T16:08:00Z,2242.65,2244.38,2242.65,2243.26,208
2026-06-24T16:09:00Z,2243.26,2243.93,2241.63,2242.07,137
2026-06-24T16:10:00Z,2242.07,2244.46,2240.95,2243.79,193
2026-06-24T16:11:00Z,2243.79,2244.39,2242.67,2244.39,137
2026-06-24T16:12:00Z,2244.39,2246.56,2243.27,2245.44,212
2026-06-24T16:13:00Z,2245.44,2246.49,2245.22,2246.27,257
2026-06-24T16:14:00Z,2246.27,2247.32,2245.38,2247.10,280
2026-06-24T16:15:00Z,2247.10,2247.92,2247.10,2247.48,174
2026-06-24T16:16:00Z,2247.48,2248.60,2246.74,2246.96,297
2026-06-24T16:17:00Z,2246.96,2247.18,2245.33,2246.45,268
2026-06-24T16:18:00Z,2246.45,2248.62,2245.78,2248.40,272
2026-06-24T16:19:00Z,2248.40,2250.12,2247.28,2249.45,260
2026-06-24T16:20:00Z,2249.45,2249.89,2247.81,2248.93,174
2026-06-24T16:21:00Z,2248.93,2249.60,2247.74,2248.86,106
2026-06-24T16:22:00Z,2248.86,2249.91,2248.86,2249.24,312
2026-06-24T16:23:00Z,2249.24,2250.51,2248.12,2250.29,139
2026-06-24T16:24:00Z,2250.29,2250.96,2249.33,2249.77,228
2026-06-24T16:25:00Z,2249.77,2250.21,2249.26,2249.26,178
2026-06-24T16:26:00Z,2249.26,2249.93,2248.97,2249.19,222
2026-06-24T16:27:00Z,2249.19,2251.14,2248.52,2250.69,112
2026-06-24T16:28:00Z,2250.69,2251.36,2249.72,2250.62,153
2026-06-24T16:29:00Z,2250.62,2251.74,2248.99,2249.43,137
2026-06-24T16:30:00Z,2249.43,2251.38,2248.54,2250.71,156
2026-06-24T16:31:00Z,2250.71,2251.76,2250.71,2251.09,133
2026-06-24T16:32:00Z,2251.09,2251.25,2250.42,2251.25,189
2026-06-24T16:33:00Z,2251.25,2252.98,2251.25,2252.08,118
2026-06-24T16:34:00Z,2252.08,2253.20,2250.45,2251.35,172
2026-06-24T16:35:00Z,2251.35,2252.63,2250.45,2251.73,272
2026-06-24T16:36:00Z,2251.73,2253.23,2251.51,2252.11,257
2026-06-24T16:37:00Z,2252.11,2252.72,2251.89,2252.27,131
2026-06-24T16:38:00Z,2252.27,2253.55,2252.05,2252.65,282
2026-06-24T16:39:00Z,2252.65,2254.38,2251.75,2253.93,166
2026-06-24T16:40:00Z,2253.93,2254.15,2253.64,2253.86,270
2026-06-24T16:41:00Z,2253.86,2254.08,2252.22,2253.34,131
2026-06-24T16:42:00Z,2253.34,2255.08,2253.34,2255.08,268
2026-06-24T16:43:00Z,2255.08,2256.58,2253.96,2256.36,197
2026-06-24T16:44:00Z,2256.36,2257.03,2254.49,2254.94,307
2026-06-24T16:45:00Z,2254.94,2255.16,2254.20,2254.20,224
2026-06-24T16:46:00Z,2254.20,2255.02,2253.98,2254.80,260
2026-06-24T16:47:00Z,2254.80,2256.08,2254.58,2255.18,124
2026-06-24T16:48:00Z,2255.18,2255.63,2255.11,2255.11,214
2026-06-24T16:49:00Z,2255.11,2256.61,2254.89,2255.49,222
2026-06-24T16:50:00Z,2255.49,2255.94,2254.30,2255.20,232
2026-06-24T16:51:00Z,2255.20,2256.71,2254.30,2256.71,299
2026-06-24T16:52:00Z,2256.71,2258.66,2255.59,2257.76,237
2026-06-24T16:53:00Z,2257.76,2258.43,2257.24,2257.69,112
2026-06-24T16:54:00Z,2257.69,2258.36,2256.05,2256.27,106
2026-06-24T16:55:00Z,2256.27,2257.33,2255.37,2256.43,197
2026-06-24T16:56:00Z,2256.43,2258.16,2255.76,2257.26,262
2026-06-24T16:57:00Z,2257.26,2257.93,2255.39,2255.84,243
2026-06-24T16:58:00Z,2255.84,2256.51,2254.87,2255.77,189
2026-06-24T16:59:00Z,2255.77,2256.67,2253.92,2255.04,141
2026-06-24T17:00:00Z,2255.04,2256.47,2253.92,2255.35,243
2026-06-24T17:01:00Z,2255.35,2256.57,2254.23,2255.67,251
2026-06-24T17:02:00Z,2255.67,2255.67,2254.40,2254.40,168
2026-06-24T17:03:00Z,2254.40,2254.62,2253.36,2254.26,135
2026-06-24T17:04:00Z,2254.26,2255.46,2254.26,2254.34,112
2026-06-24T17:05:00Z,2254.34,2255.78,2253.44,2255.33,118
2026-06-24T17:06:00Z,2255.33,2257.43,2254.21,2256.31,280
2026-06-24T17:07:00Z,2256.31,2257.98,2256.31,2257.53,299
2026-06-24T17:08:00Z,2257.53,2260.31,2257.08,2259.41,295
2026-06-24T17:09:00Z,2259.41,2260.85,2259.19,2260.18,212
2026-06-24T17:10:00Z,2260.18,2260.95,2259.51,2260.95,108
2026-06-24T17:11:00Z,2260.95,2260.95,2259.23,2260.13,176
2026-06-24T17:12:00Z,2260.13,2260.80,2259.55,2259.77,276
2026-06-24T17:13:00Z,2259.77,2260.30,2259.77,2259.85,114
2026-06-24T17:14:00Z,2259.85,2260.61,2259.18,2259.94,309
2026-06-24T17:15:00Z,2259.94,2261.82,2259.27,2261.15,295
2026-06-24T17:16:00Z,2261.15,2261.37,2260.11,2261.01,262
2026-06-24T17:17:00Z,2261.01,2263.35,2261.01,2262.22,183
2026-06-24T17:18:00Z,2262.22,2263.35,2261.63,2262.08,126
2026-06-24T17:19:00Z,2262.08,2264.43,2260.95,2263.30,185
2026-06-24T17:20:00Z,2263.30,2264.96,2262.40,2264.06,201
2026-06-24T17:21:00Z,2264.06,2265.05,2264.06,2265.05,230
2026-06-24T17:22:00Z,2265.05,2266.03,2263.92,2265.58,305
2026-06-24T17:23:00Z,2265.58,2266.71,2263.64,2264.77,260
2026-06-24T17:24:00Z,2264.77,2267.56,2264.55,2266.43,180
2026-06-24T17:25:00Z,2266.43,2268.10,2265.98,2267.65,191
2026-06-24T17:26:00Z,2267.65,2268.55,2266.38,2267.28,297
2026-06-24T17:27:00Z,2267.28,2267.96,2265.56,2266.69,307
2026-06-24T17:28:00Z,2266.69,2267.37,2266.09,2266.09,245
2026-06-24T17:29:00Z,2266.09,2267.30,2266.09,2267.08,295
2026-06-24T17:30:00Z,2267.08,2267.08,2264.69,2264.69,162
2026-06-24T17:31:00Z,2264.69,2265.90,2263.79,2264.77,249
2026-06-24T17:32:00Z,2264.77,2266.21,2263.87,2265.54,268
2026-06-24T17:33:00Z,2265.54,2266.44,2264.95,2265.17,151
2026-06-24T17:34:00Z,2265.17,2266.30,2263.91,2264.58,189
2026-06-24T17:35:00Z,2264.58,2265.79,2263.91,2264.66,145
2026-06-24T17:36:00Z,2264.66,2266.10,2264.66,2265.88,237
2026-06-24T17:37:00Z,2265.88,2265.88,2264.61,2265.51,251
2026-06-24T17:38:00Z,2265.51,2265.60,2264.84,2265.60,284
2026-06-24T17:39:00Z,2265.60,2265.82,2263.44,2263.66,195
2026-06-24T17:40:00Z,2263.66,2265.76,2262.76,2265.09,264
2026-06-24T17:41:00Z,2265.09,2265.54,2264.05,2264.95,168
2026-06-24T17:42:00Z,2264.95,2266.61,2264.05,2265.48,143
2026-06-24T17:43:00Z,2265.48,2266.47,2264.35,2265.57,137
2026-06-24T17:44:00Z,2265.57,2266.47,2264.07,2265.20,278
2026-06-24T17:45:00Z,2265.20,2265.20,2263.48,2264.61,131
2026-06-24T17:46:00Z,2264.61,2266.27,2264.16,2265.14,201
2026-06-24T17:47:00Z,2265.14,2265.91,2264.24,2265.46,289
2026-06-24T17:48:00Z,2265.46,2265.46,2264.18,2265.31,174
2026-06-24T17:49:00Z,2265.31,2266.75,2264.41,2266.30,139
2026-06-24T17:50:00Z,2266.30,2267.52,2265.17,2266.39,220
2026-06-24T17:51:00Z,2266.39,2267.52,2265.11,2266.24,303
2026-06-24T17:52:00Z,2266.24,2269.25,2265.11,2268.35,216
2026-06-24T17:53:00Z,2268.35,2269.33,2267.90,2269.11,253
2026-06-24T17:54:00Z,2269.11,2269.56,2266.94,2267.62,189
2026-06-24T17:55:00Z,2267.62,2267.84,2266.12,2266.12,133
2026-06-24T17:56:00Z,2266.12,2266.89,2265.22,2266.44,210
2026-06-24T17:57:00Z,2266.44,2266.97,2266.22,2266.52,220
2026-06-24T17:58:00Z,2266.52,2266.97,2265.27,2265.94,237
2026-06-24T17:59:00Z,2265.94,2265.94,2264.69,2264.91,241
2026-06-24T18:00:00Z,2264.91,2265.15,2263.78,2264.93,208
2026-06-24T18:01:00Z,2264.93,2266.06,2264.27,2264.49,237
2026-06-24T18:02:00Z,2264.49,2266.31,2264.04,2265.18,114
2026-06-24T18:03:00Z,2265.18,2267.02,2264.96,2267.02,118
2026-06-24T18:04:00Z,2267.02,2269.30,2266.12,2269.08,293
2026-06-24T18:05:00Z,2269.08,2270.22,2268.63,2270.00,272
2026-06-24T18:06:00Z,2270.00,2270.68,2268.66,2269.11,214
2026-06-24T18:07:00Z,2269.11,2269.11,2268.23,2268.91,106
2026-06-24T18:08:00Z,2268.91,2268.93,2268.01,2268.93,158
2026-06-24T18:09:00Z,2268.93,2270.06,2267.58,2268.26,203
2026-06-24T18:10:00Z,2268.26,2268.94,2266.48,2267.38,189
2026-06-24T18:11:00Z,2267.38,2267.40,2266.25,2267.40,112
2026-06-24T18:12:00Z,2267.40,2268.30,2265.15,2266.28,307
2026-06-24T18:13:00Z,2266.28,2266.30,2265.61,2266.30,239
2026-06-24T18:14:00Z,2266.30,2267.43,2265.65,2265.65,266
2026-06-24T18:15:00Z,2265.65,2265.87,2264.31,2264.53,249
2026-06-24T18:16:00Z,2264.53,2264.53,2264.09,2264.09,228
2026-06-24T18:17:00Z,2264.09,2264.79,2263.42,2264.12,270
2026-06-24T18:18:00Z,2264.12,2265.94,2263.22,2265.04,135
2026-06-24T18:19:00Z,2265.04,2265.94,2263.02,2263.02,203
2026-06-24T18:20:00Z,2263.02,2264.39,2262.80,2263.26,201
2026-06-24T18:21:00Z,2263.26,2264.39,2262.38,2262.83,301
2026-06-24T18:22:00Z,2262.83,2263.74,2262.61,2263.52,255
2026-06-24T18:23:00Z,2263.52,2264.19,2261.95,2261.95,272
2026-06-24T18:24:00Z,2261.95,2264.24,2261.95,2263.11,189
2026-06-24T18:25:00Z,2263.11,2263.56,2262.00,2262.45,287
2026-06-24T18:26:00Z,2262.45,2262.67,2260.66,2261.56,180
2026-06-24T18:27:00Z,2261.56,2263.61,2261.11,2262.71,237
2026-06-24T18:28:00Z,2262.71,2263.38,2259.57,2260.47,303
2026-06-24T18:29:00Z,2260.47,2262.51,2259.34,2261.84,108
2026-06-24T18:30:00Z,2261.84,2262.53,2261.39,2262.31,205
2026-06-24T18:31:00Z,2262.31,2262.56,2261.41,2262.34,284
2026-06-24T18:32:00Z,2262.34,2263.71,2261.89,2263.49,262
2026-06-24T18:33:00Z,2263.49,2264.86,2263.49,2263.96,249
2026-06-24T18:34:00Z,2263.96,2264.86,2262.39,2262.39,237
2026-06-24T18:35:00Z,2262.39,2262.86,2262.39,2262.64,307
2026-06-24T18:36:00Z,2262.64,2265.13,2262.42,2264.46,170
2026-06-24T18:37:00Z,2264.46,2264.91,2263.57,2263.57,156
2026-06-24T18:38:00Z,2263.57,2264.24,2262.92,2262.92,116
2026-06-24T18:39:00Z,2262.92,2262.92,2262.71,2262.71,309
2026-06-24T18:40:00Z,2262.71,2263.40,2262.71,2263.18,251
2026-06-24T18:41:00Z,2263.18,2263.85,2261.62,2262.52,280
2026-06-24T18:42:00Z,2262.52,2264.58,2262.52,2263.45,180
2026-06-24T18:43:00Z,2263.45,2265.05,2263.00,2263.92,230
2026-06-24T18:44:00Z,2263.92,2265.51,2263.02,2264.84,287
2026-06-24T18:45:00Z,2264.84,2265.29,2262.38,2263.28,295
2026-06-24T18:46:00Z,2263.28,2265.33,2263.06,2264.88,135
2026-06-24T18:47:00Z,2264.88,2264.88,2262.86,2263.99,272
2026-06-24T18:48:00Z,2263.99,2265.14,2263.09,2265.14,280
2026-06-24T18:49:00Z,2265.14,2265.61,2265.14,2265.39,208
2026-06-24T18:50:00Z,2265.39,2265.63,2264.72,2265.63,128
2026-06-24T18:51:00Z,2265.63,2266.30,2264.74,2264.74,147
2026-06-24T18:52:00Z,2264.74,2265.67,2264.74,2265.67,106
2026-06-24T18:53:00Z,2265.67,2266.12,2264.10,2265.23,239
2026-06-24T18:54:00Z,2265.23,2267.05,2264.10,2266.15,141
2026-06-24T18:55:00Z,2266.15,2267.97,2266.15,2266.84,131
2026-06-24T18:56:00Z,2266.84,2268.22,2266.39,2268.22,172
2026-06-24T18:57:00Z,2268.22,2268.22,2266.42,2266.87,272
2026-06-24T18:58:00Z,2266.87,2266.87,2265.99,2266.66,253
2026-06-24T18:59:00Z,2266.66,2267.36,2266.66,2267.14,118
2026-06-24T19:00:00Z,2267.14,2267.20,2266.69,2267.20,170
2026-06-24T19:01:00Z,2267.20,2268.62,2267.20,2267.49,193
2026-06-24T19:02:00Z,2267.49,2268.69,2266.36,2267.56,232
2026-06-24T19:03:00Z,2267.56,2267.62,2266.43,2267.62,289
2026-06-24T19:04:00Z,2267.62,2268.59,2267.17,2267.69,241
2026-06-24T19:05:00Z,2267.69,2268.82,2266.17,2267.30,208
2026-06-24T19:06:00Z,2267.30,2268.73,2267.30,2268.05,276
2026-06-24T19:07:00Z,2268.05,2270.15,2267.83,2269.02,299
2026-06-24T19:08:00Z,2269.02,2269.99,2268.34,2269.77,174
2026-06-24T19:09:00Z,2269.77,2270.90,2268.70,2268.70,216
2026-06-24T19:10:00Z,2268.70,2270.36,2267.80,2270.36,301
2026-06-24T19:11:00Z,2270.36,2271.26,2269.52,2269.97,112
2026-06-24T19:12:00Z,2269.97,2271.10,2269.14,2269.59,187
2026-06-24T19:13:00Z,2269.59,2269.59,2267.84,2268.97,257
2026-06-24T19:14:00Z,2268.97,2269.19,2267.46,2267.68,126
2026-06-24T19:15:00Z,2267.68,2267.68,2266.16,2266.61,168
2026-06-24T19:16:00Z,2266.61,2268.49,2266.16,2267.81,137
2026-06-24T19:17:00Z,2267.81,2267.81,2266.53,2267.66,278
2026-06-24T19:18:00Z,2267.66,2267.88,2265.69,2265.91,153
2026-06-24T19:19:00Z,2265.91,2267.34,2265.69,2266.21,122
2026-06-24T19:20:00Z,2266.21,2267.11,2262.65,2263.55,187
2026-06-24T19:21:00Z,2263.55,2264.00,2262.27,2263.40,176
2026-06-24T19:22:00Z,2263.40,2263.40,2263.24,2263.24,193
2026-06-24T19:23:00Z,2263.24,2263.31,2262.34,2263.31,162
2026-06-24T19:24:00Z,2263.31,2264.50,2262.64,2263.83,197
2026-06-24T19:25:00Z,2263.83,2264.96,2262.09,2262.54,147
2026-06-24T19:26:00Z,2262.54,2264.86,2261.64,2264.19,303
2026-06-24T19:27:00Z,2264.19,2264.86,2263.13,2263.13,178
2026-06-24T19:28:00Z,2263.13,2264.32,2262.91,2263.42,187
2026-06-24T19:29:00Z,2263.42,2264.63,2262.52,2264.63,139
2026-06-24T19:30:00Z,2264.63,2265.30,2263.34,2264.47,212
2026-06-24T19:31:00Z,2264.47,2265.60,2262.95,2263.62,116
2026-06-24T19:32:00Z,2263.62,2263.84,2263.02,2263.47,126
2026-06-24T19:33:00Z,2263.47,2264.66,2262.34,2264.21,260
2026-06-24T19:34:00Z,2264.21,2266.54,2263.31,2265.87,305
2026-06-24T19:35:00Z,2265.87,2267.00,2263.90,2264.57,149
2026-06-24T19:36:00Z,2264.57,2264.57,2263.29,2264.19,255
2026-06-24T19:37:00Z,2264.19,2265.16,2264.19,2264.71,289
2026-06-24T19:38:00Z,2264.71,2266.36,2264.49,2266.14,153
2026-06-24T19:39:00Z,2266.14,2267.79,2265.24,2266.66,139
2026-06-24T19:40:00Z,2266.66,2266.66,2266.51,2266.51,220
2026-06-24T19:41:00Z,2266.51,2267.25,2265.61,2267.25,282
2026-06-24T19:42:00Z,2267.25,2267.25,2265.97,2266.64,120
2026-06-24T19:43:00Z,2266.64,2268.28,2266.64,2267.38,166
2026-06-24T19:44:00Z,2267.38,2268.58,2267.16,2267.68,257
2026-06-24T19:45:00Z,2267.68,2268.58,2266.16,2266.61,145
2026-06-24T19:46:00Z,2266.61,2268.94,2266.39,2267.81,187
2026-06-24T19:47:00Z,2267.81,2269.02,2267.59,2268.34,249
2026-06-24T19:48:00Z,2268.34,2270.67,2267.21,2270.22,272
2026-06-24T19:49:00Z,2270.22,2271.35,2268.93,2268.93,108
2026-06-24T19:50:00Z,2268.93,2270.06,2267.64,2268.77,214
2026-06-24T19:51:00Z,2268.77,2270.43,2268.09,2269.30,216
2026-06-24T19:52:00Z,2269.30,2269.75,2268.01,2268.91,162
2026-06-24T19:53:00Z,2268.91,2269.81,2267.39,2267.84,197
2026-06-24T19:54:00Z,2267.84,2268.06,2266.77,2267.45,131
2026-06-24T19:55:00Z,2267.45,2267.90,2266.39,2267.07,162
2026-06-24T19:56:00Z,2267.07,2269.40,2267.07,2268.50,309
2026-06-24T19:57:00Z,2268.50,2269.18,2267.67,2268.35,128
2026-06-24T19:58:00Z,2268.35,2269.48,2267.96,2267.96,216
2026-06-24T19:59:00Z,2267.96,2268.64,2266.44,2267.12,222
2026-06-24T20:00:00Z,2267.12,2269.18,2266.22,2268.73,226
2026-06-24T20:01:00Z,2268.73,2269.89,2267.60,2269.67,237
2026-06-24T20:02:00Z,2269.67,2269.89,2267.43,2267.88,124
2026-06-24T20:03:00Z,2267.88,2269.04,2266.75,2268.14,243
2026-06-24T20:04:00Z,2268.14,2268.59,2267.04,2267.49,232
2026-06-24T20:05:00Z,2267.49,2267.97,2267.27,2267.52,104
2026-06-24T20:06:00Z,2267.52,2270.72,2266.39,2269.59,151
2026-06-24T20:07:00Z,2269.59,2270.30,2268.69,2269.62,189
2026-06-24T20:08:00Z,2269.62,2269.84,2268.07,2268.97,284
2026-06-24T20:09:00Z,2268.97,2269.42,2267.87,2268.55,212
2026-06-24T20:10:00Z,2268.55,2269.94,2267.65,2269.26,156
2026-06-24T20:11:00Z,2269.26,2269.26,2268.16,2268.38,210
2026-06-24T20:12:00Z,2268.38,2268.60,2265.70,2265.92,164
2026-06-24T20:13:00Z,2265.92,2268.66,2264.79,2267.53,260
2026-06-24T20:14:00Z,2267.53,2268.69,2267.31,2268.01,122
2026-06-24T20:15:00Z,2268.01,2270.07,2268.01,2269.17,149
2026-06-24T20:16:00Z,2269.17,2270.30,2267.85,2268.75,145
2026-06-24T20:17:00Z,2268.75,2271.27,2268.30,2271.27,226
2026-06-24T20:18:00Z,2271.27,2272.17,2268.58,2269.71,212
2026-06-24T20:19:00Z,2269.71,2271.32,2269.49,2270.87,257
2026-06-24T20:20:00Z,2270.87,2270.87,2269.32,2269.77,249
2026-06-24T20:21:00Z,2269.77,2271.16,2268.64,2270.48,262
2026-06-24T20:22:00Z,2270.48,2270.74,2269.35,2270.74,143
2026-06-24T20:23:00Z,2270.74,2271.87,2269.42,2270.32,178
2026-06-24T20:24:00Z,2270.32,2270.32,2268.54,2269.67,170
2026-06-24T20:25:00Z,2269.67,2270.35,2268.57,2269.02,151
2026-06-24T20:26:00Z,2269.02,2269.95,2267.89,2269.50,222
2026-06-24T20:27:00Z,2269.50,2269.50,2268.85,2269.30,191
2026-06-24T20:28:00Z,2269.30,2269.52,2267.98,2268.88,172
2026-06-24T20:29:00Z,2268.88,2269.10,2266.65,2266.65,243
2026-06-24T20:30:00Z,2266.65,2267.78,2264.41,2265.31,220
2026-06-24T20:31:00Z,2265.31,2265.79,2264.64,2265.34,191
2026-06-24T20:32:00Z,2265.34,2266.50,2265.34,2265.37,284
2026-06-24T20:33:00Z,2265.37,2266.27,2264.95,2264.95,270
2026-06-24T20:34:00Z,2264.95,2265.88,2264.28,2264.98,272
2026-06-24T20:35:00Z,2264.98,2267.94,2264.31,2266.81,312
2026-06-24T20:36:00Z,2266.81,2267.29,2266.81,2267.29,216
2026-06-24T20:37:00Z,2267.29,2269.35,2267.29,2268.22,287
2026-06-24T20:38:00Z,2268.22,2268.93,2267.77,2268.48,220
2026-06-24T20:39:00Z,2268.48,2268.70,2267.16,2267.61,110
2026-06-24T20:40:00Z,2267.61,2268.06,2266.74,2267.19,272
2026-06-24T20:41:00Z,2267.19,2268.32,2266.54,2266.54,128
2026-06-24T20:42:00Z,2266.54,2267.44,2263.86,2264.76,220
2026-06-24T20:43:00Z,2264.76,2264.76,2263.44,2263.44,124
2026-06-24T20:44:00Z,2263.44,2263.70,2262.31,2263.70,180
2026-06-24T20:45:00Z,2263.70,2265.31,2262.80,2265.31,293
2026-06-24T20:46:00Z,2265.31,2266.21,2263.98,2265.11,156
2026-06-24T20:47:00Z,2265.11,2265.11,2264.24,2264.91,197
2026-06-24T20:48:00Z,2264.91,2266.74,2264.91,2266.29,249
2026-06-24T20:49:00Z,2266.29,2267.45,2265.62,2266.55,166
2026-06-24T20:50:00Z,2266.55,2268.84,2266.33,2267.71,216
2026-06-24T20:51:00Z,2267.71,2268.65,2266.58,2267.97,195
2026-06-24T20:52:00Z,2267.97,2269.80,2266.84,2268.90,158
2026-06-24T20:53:00Z,2268.90,2269.35,2267.13,2268.03,208
2026-06-24T20:54:00Z,2268.03,2268.51,2267.81,2268.29,226
2026-06-24T20:55:00Z,2268.29,2271.02,2267.84,2270.12,131
2026-06-24T20:56:00Z,2270.12,2270.34,2269.70,2269.70,187
2026-06-24T20:57:00Z,2269.70,2271.09,2269.02,2269.96,174
2026-06-24T20:58:00Z,2269.96,2270.18,2268.86,2269.54,110
2026-06-24T20:59:00Z,2269.54,2270.70,2269.54,2269.80,108
2026-06-24T21:00:00Z,2269.80,2270.25,2266.99,2267.89,210
2026-06-24T21:01:00Z,2267.89,2268.70,2267.44,2268.25,203
2026-06-24T21:02:00Z,2268.25,2268.25,2267.25,2267.25,114
2026-06-24T21:03:00Z,2267.25,2268.38,2265.12,2266.02,235
2026-06-24T21:04:00Z,2266.02,2267.05,2265.12,2266.83,264
2026-06-24T21:05:00Z,2266.83,2267.96,2265.16,2265.83,156
2026-06-24T21:06:00Z,2265.83,2266.05,2265.52,2265.74,191
2026-06-24T21:07:00Z,2265.74,2265.96,2262.70,2263.83,153
2026-06-24T21:08:00Z,2263.83,2266.00,2263.16,2264.87,295
2026-06-24T21:09:00Z,2264.87,2266.81,2264.42,2266.36,189
2026-06-24T21:10:00Z,2266.36,2267.62,2265.46,2266.49,189
2026-06-24T21:11:00Z,2266.49,2266.49,2264.13,2265.03,305
2026-06-24T21:12:00Z,2265.03,2266.97,2264.81,2266.07,108
2026-06-24T21:13:00Z,2266.07,2266.52,2263.94,2264.84,289
2026-06-24T21:14:00Z,2264.84,2264.84,2263.39,2264.29,145
2026-06-24T21:15:00Z,2264.29,2265.42,2262.16,2263.06,224
2026-06-24T21:16:00Z,2263.06,2263.28,2260.93,2262.06,237
2026-06-24T21:17:00Z,2262.06,2263.19,2260.61,2260.83,203
2026-06-24T21:18:00Z,2260.83,2261.41,2260.16,2261.41,135
2026-06-24T21:19:00Z,2261.41,2263.36,2260.28,2262.23,116
2026-06-24T21:20:00Z,2262.23,2263.13,2261.69,2262.14,180
2026-06-24T21:21:00Z,2262.14,2264.07,2261.47,2263.40,114
2026-06-24T21:22:00Z,2263.40,2264.07,2261.27,2262.17,237
2026-06-24T21:23:00Z,2262.17,2262.39,2260.72,2260.72,205
2026-06-24T21:24:00Z,2260.72,2261.98,2259.59,2261.08,305
2026-06-24T21:25:00Z,2261.08,2261.08,2259.18,2260.31,278
2026-06-24T21:26:00Z,2260.31,2260.89,2259.86,2260.67,237
2026-06-24T21:27:00Z,2260.67,2261.80,2260.13,2260.58,193
2026-06-24T21:28:00Z,2260.58,2261.25,2258.00,2258.67,245
2026-06-24T21:29:00Z,2258.67,2259.34,2257.22,2257.22,104
2026-06-24T21:30:00Z,2257.22,2257.22,2255.09,2255.54,156
2026-06-24T21:31:00Z,2255.54,2256.66,2254.09,2254.54,276
2026-06-24T21:32:00Z,2254.54,2255.57,2253.42,2255.57,235
2026-06-24T21:33:00Z,2255.57,2256.24,2253.00,2253.67,228
2026-06-24T21:34:00Z,2253.67,2253.67,2252.00,2252.90,147
2026-06-24T21:35:00Z,2252.90,2254.02,2252.58,2252.58,210
2026-06-24T21:36:00Z,2252.58,2252.58,2250.91,2252.03,243
2026-06-24T21:37:00Z,2252.03,2252.03,2250.82,2251.94,303
2026-06-24T21:38:00Z,2251.94,2252.07,2251.27,2252.07,291
2026-06-24T21:39:00Z,2252.07,2252.44,2250.95,2252.44,247
2026-06-24T21:40:00Z,2252.44,2253.34,2251.68,2252.35,245
2026-06-24T21:41:00Z,2252.35,2252.57,2251.58,2251.80,122
2026-06-24T21:42:00Z,2251.80,2252.83,2251.58,2251.93,187
2026-06-24T21:43:00Z,2251.93,2252.60,2250.04,2250.71,212
2026-06-24T21:44:00Z,2250.71,2251.96,2250.49,2251.29,312
2026-06-24T21:45:00Z,2251.29,2252.10,2250.39,2251.65,143
2026-06-24T21:46:00Z,2251.65,2252.10,2249.31,2250.43,118
2026-06-24T21:47:00Z,2250.43,2250.43,2248.99,2249.66,272
2026-06-24T21:48:00Z,2249.66,2250.91,2248.77,2249.79,156
2026-06-24T21:49:00Z,2249.79,2250.46,2249.48,2249.70,122
2026-06-24T21:50:00Z,2249.70,2252.08,2249.70,2250.96,270
2026-06-24T21:51:00Z,2250.96,2251.99,2250.96,2251.54,230
2026-06-24T21:52:00Z,2251.54,2251.99,2250.55,2251.22,226
2026-06-24T21:53:00Z,2251.22,2253.38,2250.10,2252.48,264
2026-06-24T21:54:00Z,2252.48,2253.06,2251.36,2253.06,239
2026-06-24T21:55:00Z,2253.06,2253.42,2252.39,2253.42,199
2026-06-24T21:56:00Z,2253.42,2254.90,2252.97,2253.78,187
2026-06-24T21:57:00Z,2253.78,2255.48,2253.56,2254.81,299
2026-06-24T21:58:00Z,2254.81,2255.71,2253.81,2253.81,299
2026-06-24T21:59:00Z,2253.81,2254.03,2251.70,2251.92,189
2026-06-24T22:00:00Z,2251.92,2252.14,2250.42,2251.09,166
2026-06-24T22:01:00Z,2251.09,2252.75,2250.64,2251.63,153
2026-06-24T22:02:00Z,2251.63,2252.84,2250.96,2252.17,131
2026-06-24T22:03:00Z,2252.17,2253.15,2251.95,2252.25,166
2026-06-24T22:04:00Z,2252.25,2253.24,2251.13,2253.24,149
2026-06-24T22:05:00Z,2253.24,2253.46,2252.43,2253.10,272
2026-06-24T22:06:00Z,2253.10,2253.77,2252.05,2252.50,199
2026-06-24T22:07:00Z,2252.50,2252.72,2252.14,2252.36,243
2026-06-24T22:08:00Z,2252.36,2252.36,2251.09,2251.99,133
2026-06-24T22:09:00Z,2251.99,2252.66,2251.17,2251.39,278
2026-06-24T22:10:00Z,2251.39,2251.84,2249.90,2250.12,307
2026-06-24T22:11:00Z,2250.12,2252.90,2249.22,2252.00,262
2026-06-24T22:12:00Z,2252.00,2253.12,2251.40,2251.85,120
2026-06-24T22:13:00Z,2251.85,2252.61,2251.40,2252.39,110
2026-06-24T22:14:00Z,2252.39,2253.29,2251.13,2252.25,299
2026-06-24T22:15:00Z,2252.25,2252.78,2252.25,2252.33,260
2026-06-24T22:16:00Z,2252.33,2252.78,2250.61,2251.06,114
2026-06-24T22:17:00Z,2251.06,2252.05,2250.61,2251.15,133
2026-06-24T22:18:00Z,2251.15,2252.27,2250.33,2250.33,178
2026-06-24T22:19:00Z,2250.33,2251.45,2247.72,2248.84,241
2026-06-24T22:20:00Z,2248.84,2249.15,2248.17,2248.93,264
2026-06-24T22:21:00Z,2248.93,2249.90,2248.49,2249.23,312
2026-06-24T22:22:00Z,2249.23,2251.11,2248.79,2249.99,210
2026-06-24T22:23:00Z,2249.99,2250.88,2247.83,2248.95,278
2026-06-24T22:24:00Z,2248.95,2249.47,2248.51,2249.25,307
2026-06-24T22:25:00Z,2249.25,2249.47,2248.67,2248.89,249
2026-06-24T22:26:00Z,2248.89,2249.56,2247.19,2248.08,151
2026-06-24T22:27:00Z,2248.08,2248.75,2247.26,2247.93,164
2026-06-24T22:28:00Z,2247.93,2249.58,2247.04,2248.91,307
2026-06-24T22:29:00Z,2248.91,2249.35,2248.10,2248.10,239
2026-06-24T22:30:00Z,2248.10,2249.30,2247.88,2248.18,106
2026-06-24T22:31:00Z,2248.18,2248.85,2248.04,2248.04,257
2026-06-24T22:32:00Z,2248.04,2249.46,2247.37,2248.57,164
2026-06-24T22:33:00Z,2248.57,2248.79,2247.76,2248.20,126
2026-06-24T22:34:00Z,2248.20,2248.20,2247.16,2247.16,210
2026-06-24T22:35:00Z,2247.16,2248.05,2245.68,2246.80,301
2026-06-24T22:36:00Z,2246.80,2248.66,2246.58,2247.77,303
2026-06-24T22:37:00Z,2247.77,2248.74,2247.55,2248.30,124
2026-06-24T22:38:00Z,2248.30,2249.42,2247.71,2247.71,232
2026-06-24T22:39:00Z,2247.71,2248.38,2246.90,2247.34,139
2026-06-24T22:40:00Z,2247.34,2250.33,2246.67,2249.89,197
2026-06-24T22:41:00Z,2249.89,2251.32,2248.77,2250.20,228
2026-06-24T22:42:00Z,2250.20,2251.62,2249.30,2250.50,295
2026-06-24T22:43:00Z,2250.50,2251.93,2249.60,2251.03,299
2026-06-24T22:44:00Z,2251.03,2252.15,2250.67,2250.89,158
2026-06-24T22:45:00Z,2250.89,2252.31,2249.99,2251.41,110
2026-06-24T22:46:00Z,2251.41,2252.39,2251.19,2251.72,106
2026-06-24T22:47:00Z,2251.72,2251.81,2251.50,2251.81,235
2026-06-24T22:48:00Z,2251.81,2252.93,2250.99,2251.66,266
2026-06-24T22:49:00Z,2251.66,2252.56,2248.83,2249.72,106
2026-06-24T22:50:00Z,2249.72,2250.61,2247.57,2248.46,218
2026-06-24T22:51:00Z,2248.46,2249.65,2248.02,2248.76,222
2026-06-24T22:52:00Z,2248.76,2250.64,2248.76,2250.19,299
2026-06-24T22:53:00Z,2250.19,2253.20,2249.07,2252.75,160
2026-06-24T22:54:00Z,2252.75,2253.87,2250.13,2250.58,262
2026-06-24T22:55:00Z,2250.58,2251.11,2249.91,2251.11,266
2026-06-24T22:56:00Z,2251.11,2251.33,2249.41,2249.85,133
2026-06-24T22:57:00Z,2249.85,2250.74,2248.36,2249.48,214
2026-06-24T22:58:00Z,2249.48,2250.68,2249.48,2249.79,212
2026-06-24T22:59:00Z,2249.79,2250.23,2248.76,2248.98,245
2026-06-24T23:00:00Z,2248.98,2249.42,2248.28,2248.50,239
2026-06-24T23:01:00Z,2248.50,2249.17,2247.59,2248.03,174
2026-06-24T23:02:00Z,2248.03,2248.03,2247.11,2247.78,228
2026-06-24T23:03:00Z,2247.78,2249.33,2247.56,2248.66,212
2026-06-24T23:04:00Z,2248.66,2250.20,2247.54,2249.53,270
2026-06-24T23:05:00Z,2249.53,2250.85,2248.86,2250.18,237
2026-06-24T23:06:00Z,2250.18,2250.40,2249.93,2249.93,116
2026-06-24T23:07:00Z,2249.93,2251.25,2249.49,2250.58,264
2026-06-24T23:08:00Z,2250.58,2251.25,2250.34,2250.34,112
2026-06-24T23:09:00Z,2250.34,2251.21,2249.22,2251.21,272
2026-06-24T23:10:00Z,2251.21,2251.87,2250.76,2251.42,272
2026-06-24T23:11:00Z,2251.42,2252.29,2250.52,2251.62,180
2026-06-24T23:12:00Z,2251.62,2252.52,2250.25,2250.70,104
2026-06-24T23:13:00Z,2250.70,2251.82,2249.78,2250.00,110
2026-06-24T23:14:00Z,2250.00,2252.45,2249.78,2251.55,104
2026-06-24T23:15:00Z,2251.55,2252.88,2251.55,2251.98,309
2026-06-24T23:16:00Z,2251.98,2254.64,2251.31,2253.52,222
2026-06-24T23:17:00Z,2253.52,2254.18,2252.85,2254.18,110
2026-06-24T23:18:00Z,2254.18,2255.08,2253.92,2253.92,245
2026-06-24T23:19:00Z,2253.92,2255.70,2253.25,2254.80,226
2026-06-24T23:20:00Z,2254.80,2255.47,2253.64,2254.09,255
2026-06-24T23:21:00Z,2254.09,2255.21,2252.95,2253.85,312
2026-06-24T23:22:00Z,2253.85,2254.97,2252.71,2253.83,230
2026-06-24T23:23:00Z,2253.83,2254.05,2253.36,2253.58,305
2026-06-24T23:24:00Z,2253.58,2253.80,2252.44,2252.44,305
2026-06-24T23:25:00Z,2252.44,2252.89,2251.06,2251.51,260
2026-06-24T23:26:00Z,2251.51,2253.51,2251.06,2253.51,287
2026-06-24T23:27:00Z,2253.51,2254.63,2253.04,2253.26,178
2026-06-24T23:28:00Z,2253.26,2253.71,2252.12,2252.12,241
2026-06-24T23:29:00Z,2252.12,2254.34,2251.22,2254.12,235
2026-06-24T23:30:00Z,2254.12,2255.02,2252.97,2253.87,174
2026-06-24T23:31:00Z,2253.87,2254.30,2252.97,2254.08,178
2026-06-24T23:32:00Z,2254.08,2256.52,2252.96,2255.40,208
2026-06-24T23:33:00Z,2255.40,2255.85,2254.48,2254.48,228
2026-06-24T23:34:00Z,2254.48,2255.38,2253.55,2254.45,299
2026-06-24T23:35:00Z,2254.45,2254.45,2253.08,2253.08,193
2026-06-24T23:36:00Z,2253.08,2253.98,2252.15,2253.05,133
2026-06-24T23:37:00Z,2253.05,2253.72,2252.58,2253.03,164
2026-06-24T23:38:00Z,2253.03,2253.68,2251.91,2253.68,235
2026-06-24T23:39:00Z,2253.68,2253.90,2253.21,2253.43,178
2026-06-24T23:40:00Z,2253.43,2254.53,2252.76,2253.86,270
2026-06-24T23:41:00Z,2253.86,2254.95,2253.86,2254.50,297
2026-06-24T23:42:00Z,2254.50,2256.05,2254.28,2255.83,104
2026-06-24T23:43:00Z,2255.83,2257.37,2255.83,2256.25,210
2026-06-24T23:44:00Z,2256.25,2257.15,2253.54,2254.66,214
2026-06-24T23:45:00Z,2254.66,2254.66,2253.30,2253.97,264
2026-06-24T23:46:00Z,2253.97,2253.97,2252.82,2253.27,176
2026-06-24T23:47:00Z,2253.27,2253.49,2252.80,2252.80,131
2026-06-24T23:48:00Z,2252.80,2253.70,2251.43,2252.55,230
2026-06-24T23:49:00Z,2252.55,2254.32,2251.88,2253.65,251
2026-06-24T23:50:00Z,2253.65,2254.97,2252.75,2253.85,120
2026-06-24T23:51:00Z,2253.85,2254.97,2253.39,2253.61,235
2026-06-24T23:52:00Z,2253.61,2254.73,2252.47,2252.92,266
2026-06-24T23:53:00Z,2252.92,2253.14,2250.65,2251.55,212
2026-06-24T23:54:00Z,2251.55,2252.22,2250.19,2251.31,247
2026-06-24T23:55:00Z,2251.31,2253.08,2251.31,2252.18,104
2026-06-24T23:56:00Z,2252.18,2253.29,2251.96,2252.39,212
2026-06-24T23:57:00Z,2252.39,2252.61,2251.69,2251.91,131
2026-06-24T23:58:00Z,2251.91,2252.79,2251.69,2252.12,201
2026-06-24T23:59:00Z,2252.12,2253.24,2250.54,2250.76,276
2026-06-25T00:00:00Z,2250.76,2251.21,2249.59,2250.71,239
2026-06-25T00:01:00Z,2250.71,2251.57,2250.26,2251.12,178
2026-06-25T00:02:00Z,2251.12,2253.10,2250.22,2253.10,226
2026-06-25T00:03:00Z,2253.10,2254.22,2251.25,2252.15,230
2026-06-25T00:04:00Z,2252.15,2252.82,2250.98,2250.98,170
2026-06-25T00:05:00Z,2250.98,2251.43,2250.72,2250.94,312
2026-06-25T00:06:00Z,2250.94,2252.02,2250.04,2252.02,139
2026-06-25T00:07:00Z,2252.02,2253.10,2251.57,2252.43,255
2026-06-25T00:08:00Z,2252.43,2252.43,2251.48,2251.48,106
2026-06-25T00:09:00Z,2251.48,2252.79,2250.58,2252.34,151
2026-06-25T00:10:00Z,2252.34,2253.42,2252.34,2253.20,166
2026-06-25T00:11:00Z,2253.20,2253.42,2251.13,2251.35,104
2026-06-25T00:12:00Z,2251.35,2252.47,2250.18,2250.40,191
2026-06-25T00:13:00Z,2250.40,2250.62,2248.78,2248.78,170
2026-06-25T00:14:00Z,2248.78,2249.22,2248.29,2248.51,189
2026-06-25T00:15:00Z,2248.51,2249.81,2248.07,2248.69,118
2026-06-25T00:16:00Z,2248.69,2249.58,2246.63,2247.30,287
2026-06-25T00:17:00Z,2247.30,2247.30,2246.36,2246.58,266
2026-06-25T00:18:00Z,2246.58,2247.02,2243.85,2244.74,245
2026-06-25T00:19:00Z,2244.74,2244.96,2244.03,2244.25,128
2026-06-25T00:20:00Z,2244.25,2246.22,2243.81,2245.33,172
2026-06-25T00:21:00Z,2245.33,2247.30,2245.11,2246.18,245
2026-06-25T00:22:00Z,2246.18,2246.40,2245.01,2245.01,270
2026-06-25T00:23:00Z,2245.01,2246.08,2243.89,2245.19,212
2026-06-25T00:24:00Z,2245.19,2245.19,2244.03,2244.25,214
2026-06-25T00:25:00Z,2244.25,2245.37,2243.77,2244.21,156
2026-06-25T00:26:00Z,2244.21,2244.88,2243.28,2243.72,147
2026-06-25T00:27:00Z,2243.72,2243.72,2243.46,2243.68,149
2026-06-25T00:28:00Z,2243.68,2244.35,2241.85,2242.29,295
2026-06-25T00:29:00Z,2242.29,2242.96,2241.57,2241.57,203
2026-06-25T00:30:00Z,2241.57,2243.76,2241.13,2243.32,293
2026-06-25T00:31:00Z,2243.32,2244.21,2240.81,2241.25,245
2026-06-25T00:32:00Z,2241.25,2241.47,2239.19,2240.31,245
2026-06-25T00:33:00Z,2240.31,2242.27,2239.19,2241.83,312
2026-06-25T00:34:00Z,2241.83,2243.80,2241.16,2242.91,224
2026-06-25T00:35:00Z,2242.91,2243.53,2242.24,2243.09,153
2026-06-25T00:36:00Z,2243.09,2243.98,2241.93,2242.15,214
2026-06-25T00:37:00Z,2242.15,2242.82,2240.77,2241.21,230
2026-06-25T00:38:00Z,2241.21,2242.10,2239.37,2240.49,180
2026-06-25T00:39:00Z,2240.49,2240.89,2239.82,2240.67,160
2026-06-25T00:40:00Z,2240.67,2241.34,2239.06,2239.06,230
2026-06-25T00:41:00Z,2239.06,2239.90,2239.06,2239.46,143
2026-06-25T00:42:00Z,2239.46,2241.65,2238.79,2241.21,189
2026-06-25T00:43:00Z,2241.21,2242.73,2240.09,2241.61,158
2026-06-25T00:44:00Z,2241.61,2242.50,2239.78,2240.67,187
2026-06-25T00:45:00Z,2240.67,2241.11,2240.63,2240.63,239
2026-06-25T00:46:00Z,2240.63,2242.82,2240.41,2241.93,226
2026-06-25T00:47:00Z,2241.93,2241.93,2240.32,2240.99,274
2026-06-25T00:48:00Z,2240.99,2241.88,2240.72,2240.72,143
2026-06-25T00:49:00Z,2240.72,2241.61,2239.34,2240.23,205
2026-06-25T00:50:00Z,2240.23,2242.43,2239.34,2241.31,178
2026-06-25T00:51:00Z,2241.31,2241.71,2241.09,2241.49,268
2026-06-25T00:52:00Z,2241.49,2243.69,2240.60,2242.57,289
2026-06-25T00:53:00Z,2242.57,2243.87,2242.57,2243.65,218
2026-06-25T00:54:00Z,2243.65,2244.09,2242.72,2243.16,289
2026-06-25T00:55:00Z,2243.16,2244.24,2242.72,2244.24,141
2026-06-25T00:56:00Z,2244.24,2244.46,2241.96,2242.85,299
2026-06-25T00:57:00Z,2242.85,2245.50,2241.96,2244.83,183
2026-06-25T00:58:00Z,2244.83,2246.35,2244.83,2245.46,153
2026-06-25T00:59:00Z,2245.46,2246.35,2244.75,2245.19,237
2026-06-25T01:00:00Z,2245.19,2246.37,2244.07,2245.93,253
2026-06-25T01:01:00Z,2245.93,2247.05,2244.45,2244.89,260
2026-06-25T01:02:00Z,2244.89,2246.01,2242.94,2243.16,153
2026-06-25T01:03:00Z,2243.16,2243.38,2242.13,2243.02,128
2026-06-25T01:04:00Z,2243.02,2243.10,2242.58,2243.10,128
2026-06-25T01:05:00Z,2243.10,2243.54,2241.83,2242.27,270
2026-06-25T01:06:00Z,2242.27,2244.37,2241.38,2243.25,135
2026-06-25T01:07:00Z,2243.25,2244.89,2242.58,2244.00,168
2026-06-25T01:08:00Z,2244.00,2245.19,2244.00,2245.19,235
2026-06-25T01:09:00Z,2245.19,2246.31,2243.03,2243.92,185
2026-06-25T01:10:00Z,2243.92,2244.36,2241.97,2243.09,131
2026-06-25T01:11:00Z,2243.09,2243.98,2242.06,2242.95,147
2026-06-25T01:12:00Z,2242.95,2243.25,2241.83,2243.25,143
2026-06-25T01:13:00Z,2243.25,2244.44,2243.25,2243.32,299
2026-06-25T01:14:00Z,2243.32,2244.52,2242.65,2244.52,176
2026-06-25T01:15:00Z,2244.52,2245.41,2243.70,2243.70,128
2026-06-25T01:16:00Z,2243.70,2245.11,2243.26,2244.44,110
2026-06-25T01:17:00Z,2244.44,2244.52,2244.22,2244.52,183
2026-06-25T01:18:00Z,2244.52,2245.94,2244.52,2245.27,228
2026-06-25T01:19:00Z,2245.27,2246.23,2245.27,2245.56,120
2026-06-25T01:20:00Z,2245.56,2246.68,2244.97,2244.97,114
2026-06-25T01:21:00Z,2244.97,2245.64,2244.59,2244.59,289
2026-06-25T01:22:00Z,2244.59,2245.03,2244.45,2244.45,135
2026-06-25T01:23:00Z,2244.45,2244.67,2244.31,2244.31,135
2026-06-25T01:24:00Z,2244.31,2245.72,2243.42,2245.50,299
2026-06-25T01:25:00Z,2245.50,2246.92,2245.28,2245.80,110
2026-06-25T01:26:00Z,2245.80,2247.90,2245.58,2247.90,309
2026-06-25T01:27:00Z,2247.90,2248.34,2247.53,2247.75,260
2026-06-25T01:28:00Z,2247.75,2248.19,2245.81,2246.25,120
2026-06-25T01:29:00Z,2246.25,2246.47,2244.53,2245.20,228
2026-06-25T01:30:00Z,2245.20,2245.20,2244.83,2245.05,160
2026-06-25T01:31:00Z,2245.05,2246.02,2244.61,2245.80,247
2026-06-25T01:32:00Z,2245.80,2246.92,2245.19,2245.19,193
2026-06-25T01:33:00Z,2245.19,2246.83,2244.07,2246.39,222
2026-06-25T01:34:00Z,2246.39,2246.92,2245.72,2246.92,291
2026-06-25T01:35:00Z,2246.92,2246.92,2245.64,2246.31,266
2026-06-25T01:36:00Z,2246.31,2246.39,2246.09,2246.39,174
2026-06-25T01:37:00Z,2246.39,2247.28,2245.13,2246.02,305
2026-06-25T01:38:00Z,2246.02,2246.69,2244.52,2245.41,126
2026-06-25T01:39:00Z,2245.41,2248.41,2244.29,2247.29,191
2026-06-25T01:40:00Z,2247.29,2247.29,2246.92,2247.14,282
2026-06-25T01:41:00Z,2247.14,2248.79,2246.70,2248.35,189
2026-06-25T01:42:00Z,2248.35,2250.23,2247.68,2249.11,110
2026-06-25T01:43:00Z,2249.11,2249.33,2248.07,2248.96,137
2026-06-25T01:44:00Z,2248.96,2249.40,2248.15,2248.59,128
2026-06-25T01:45:00Z,2248.59,2249.48,2247.55,2248.22,220
2026-06-25T01:46:00Z,2248.22,2248.73,2247.55,2248.29,126
2026-06-25T01:47:00Z,2248.29,2249.71,2248.29,2248.82,262
2026-06-25T01:48:00Z,2248.82,2249.79,2248.38,2248.90,312
2026-06-25T01:49:00Z,2248.90,2249.65,2248.46,2249.65,139
2026-06-25T01:50:00Z,2249.65,2249.87,2246.58,2247.70,276
2026-06-25T01:51:00Z,2247.70,2248.89,2247.03,2248.00,104
2026-06-25T01:52:00Z,2248.00,2249.12,2246.06,2247.18,168
2026-06-25T01:53:00Z,2247.18,2247.62,2245.69,2246.36,218
2026-06-25T01:54:00Z,2246.36,2246.58,2243.96,2245.08,199
2026-06-25T01:55:00Z,2245.08,2246.28,2244.19,2245.16,224
2026-06-25T01:56:00Z,2245.16,2247.49,2244.94,2246.37,180
2026-06-25T01:57:00Z,2246.37,2246.81,2245.54,2245.76,131
2026-06-25T01:58:00Z,2245.76,2246.88,2244.95,2245.39,245
2026-06-25T01:59:00Z,2245.39,2246.36,2245.39,2245.92,266
2026-06-25T02:00:00Z,2245.92,2247.54,2245.48,2246.65,191
2026-06-25T02:01:00Z,2246.65,2246.87,2245.37,2246.04,264
2026-06-25T02:02:00Z,2246.04,2247.67,2245.60,2246.55,166
2026-06-25T02:03:00Z,2246.55,2247.67,2245.50,2245.94,158
2026-06-25T02:04:00Z,2245.94,2247.06,2245.11,2245.78,205
2026-06-25T02:05:00Z,2245.78,2246.22,2245.40,2245.40,295
2026-06-25T02:06:00Z,2245.40,2248.61,2244.51,2247.49,153
2026-06-25T02:07:00Z,2247.49,2248.67,2246.82,2248.67,162
2026-06-25T02:08:00Z,2248.67,2250.30,2248.00,2249.63,297
2026-06-25T02:09:00Z,2249.63,2250.52,2248.35,2249.47,191
2026-06-25T02:10:00Z,2249.47,2250.21,2249.03,2250.21,214
2026-06-25T02:11:00Z,2250.21,2250.50,2249.54,2250.28,307
2026-06-25T02:12:00Z,2250.28,2250.50,2248.33,2249.00,133
2026-06-25T02:13:00Z,2249.00,2251.31,2247.88,2250.41,287
2026-06-25T02:14:00Z,2250.41,2251.08,2248.91,2249.80,137
2026-06-25T02:15:00Z,2249.80,2251.20,2249.58,2250.30,312
2026-06-25T02:16:00Z,2250.30,2251.42,2248.35,2249.47,151
2026-06-25T02:17:00Z,2249.47,2249.91,2248.19,2248.19,272
2026-06-25T02:18:00Z,2248.19,2248.86,2247.14,2248.03,245
2026-06-25T02:19:00Z,2248.03,2248.92,2246.98,2247.87,126
2026-06-25T02:20:00Z,2247.87,2249.73,2247.43,2249.06,245
2026-06-25T02:21:00Z,2249.06,2249.28,2247.33,2247.55,197
2026-06-25T02:22:00Z,2247.55,2247.83,2247.33,2247.83,116
2026-06-25T02:23:00Z,2247.83,2248.12,2247.16,2248.12,170
2026-06-25T02:24:00Z,2248.12,2248.56,2247.96,2247.96,201
2026-06-25T02:25:00Z,2247.96,2247.96,2246.91,2247.35,260
2026-06-25T02:26:00Z,2247.35,2247.79,2244.95,2245.84,205
2026-06-25T02:27:00Z,2245.84,2247.03,2245.40,2245.91,106
2026-06-25T02:28:00Z,2245.91,2246.13,2244.19,2245.08,116
2026-06-25T02:29:00Z,2245.08,2247.16,2243.96,2246.27,176
2026-06-25T02:30:00Z,2246.27,2246.77,2246.05,2246.33,156
2026-06-25T02:31:00Z,2246.33,2247.06,2245.89,2246.84,272
2026-06-25T02:32:00Z,2246.84,2247.51,2246.01,2246.01,164
2026-06-25T02:33:00Z,2246.01,2246.97,2245.57,2246.08,260
2026-06-25T02:34:00Z,2246.08,2247.49,2246.08,2247.27,126
2026-06-25T02:35:00Z,2247.27,2248.39,2245.54,2246.66,193
2026-06-25T02:36:00Z,2246.66,2248.74,2245.99,2248.07,143
2026-06-25T02:37:00Z,2248.07,2248.29,2247.23,2247.90,174
2026-06-25T02:38:00Z,2247.90,2248.57,2247.52,2247.52,114
2026-06-25T02:39:00Z,2247.52,2247.81,2247.30,2247.81,106
2026-06-25T02:40:00Z,2247.81,2247.81,2247.65,2247.65,289
2026-06-25T02:41:00Z,2247.65,2247.87,2245.25,2246.14,301
2026-06-25T02:42:00Z,2246.14,2246.36,2245.08,2245.08,147
2026-06-25T02:43:00Z,2245.08,2246.71,2244.41,2245.59,230
2026-06-25T02:44:00Z,2245.59,2246.71,2244.99,2245.21,237
2026-06-25T02:45:00Z,2245.21,2245.94,2245.21,2245.94,239
2026-06-25T02:46:00Z,2245.94,2246.01,2245.05,2246.01,224
2026-06-25T02:47:00Z,2246.01,2248.09,2245.34,2247.20,158
2026-06-25T02:48:00Z,2247.20,2248.09,2244.58,2245.25,226
2026-06-25T02:49:00Z,2245.25,2245.76,2244.58,2245.32,305
2026-06-25T02:50:00Z,2245.32,2245.32,2243.82,2244.71,133
2026-06-25T02:51:00Z,2244.71,2246.79,2244.27,2246.57,104
2026-06-25T02:52:00Z,2246.57,2247.46,2245.06,2246.18,253
2026-06-25T02:53:00Z,2246.18,2247.07,2246.02,2246.02,178
2026-06-25T02:54:00Z,2246.02,2246.02,2243.62,2243.62,166
2026-06-25T02:55:00Z,2243.62,2243.62,2242.80,2243.24,264
2026-06-25T02:56:00Z,2243.24,2243.31,2242.57,2243.31,237
2026-06-25T02:57:00Z,2243.31,2243.53,2242.26,2242.70,137
2026-06-25T02:58:00Z,2242.70,2243.59,2240.76,2241.65,110
2026-06-25T02:59:00Z,2241.65,2241.65,2240.15,2240.82,122
2026-06-25T03:00:00Z,2240.82,2242.18,2240.38,2241.29,214
2026-06-25T03:01:00Z,2241.29,2242.43,2241.29,2241.99,120
2026-06-25T03:02:00Z,2241.99,2242.88,2238.88,2239.55,287
2026-06-25T03:03:00Z,2239.55,2240.02,2238.66,2239.80,307
2026-06-25T03:04:00Z,2239.80,2240.69,2238.27,2239.38,220
2026-06-25T03:05:00Z,2239.38,2241.88,2239.16,2240.76,104
2026-06-25T03:06:00Z,2240.76,2242.13,2239.87,2241.46,272
2026-06-25T03:07:00Z,2241.46,2243.05,2240.34,2242.38,230
2026-06-25T03:08:00Z,2242.38,2244.64,2242.38,2244.20,216
2026-06-25T03:09:00Z,2244.20,2245.32,2242.89,2243.33,226
2026-06-25T03:10:00Z,2243.33,2244.70,2242.89,2244.48,230
2026-06-25T03:11:00Z,2244.48,2246.53,2243.59,2245.64,245
2026-06-25T03:12:00Z,2245.64,2246.78,2244.97,2245.89,253
2026-06-25T03:13:00Z,2245.89,2246.56,2244.35,2245.47,253
2026-06-25T03:14:00Z,2245.47,2245.72,2245.47,2245.72,230
2026-06-25T03:15:00Z,2245.72,2246.39,2243.95,2245.07,197
2026-06-25T03:16:00Z,2245.07,2245.54,2244.40,2245.54,156
2026-06-25T03:17:00Z,2245.54,2246.02,2244.87,2245.80,303
2026-06-25T03:18:00Z,2245.80,2246.49,2245.13,2246.27,205
2026-06-25T03:19:00Z,2246.27,2246.49,2245.63,2245.85,218
2026-06-25T03:20:00Z,2245.85,2246.77,2245.18,2246.55,122
2026-06-25T03:21:00Z,2246.55,2247.44,2244.11,2245.23,224
2026-06-25T03:22:00Z,2245.23,2246.12,2243.46,2244.58,266
2026-06-25T03:23:00Z,2244.58,2245.73,2243.91,2245.29,301
2026-06-25T03:24:00Z,2245.29,2245.29,2243.75,2244.87,291
2026-06-25T03:25:00Z,2244.87,2244.87,2242.66,2243.55,226
2026-06-25T03:26:00Z,2243.55,2244.22,2242.68,2242.68,266
2026-06-25T03:27:00Z,2242.68,2244.50,2241.79,2243.38,260
2026-06-25T03:28:00Z,2243.38,2244.75,2242.94,2244.08,183
2026-06-25T03:29:00Z,2244.08,2244.08,2242.10,2242.54,183
2026-06-25T03:30:00Z,2242.54,2243.66,2241.67,2241.89,301
2026-06-25T03:31:00Z,2241.89,2242.36,2241.89,2241.92,305
2026-06-25T03:32:00Z,2241.92,2244.19,2241.92,2243.07,116
2026-06-25T03:33:00Z,2243.07,2243.51,2242.20,2242.42,241
2026-06-25T03:34:00Z,2242.42,2243.56,2241.53,2243.34,299
2026-06-25T03:35:00Z,2243.34,2243.34,2242.48,2242.48,243
2026-06-25T03:36:00Z,2242.48,2242.51,2242.48,2242.51,255
2026-06-25T03:37:00Z,2242.51,2243.18,2242.09,2242.09,270
2026-06-25T03:38:00Z,2242.09,2243.46,2241.87,2242.34,104
2026-06-25T03:39:00Z,2242.34,2242.56,2241.70,2242.14,164
2026-06-25T03:40:00Z,2242.14,2243.96,2242.14,2243.29,203
2026-06-25T03:41:00Z,2243.29,2243.51,2241.98,2242.20,205
2026-06-25T03:42:00Z,2242.20,2243.32,2241.11,2241.78,232
2026-06-25T03:43:00Z,2241.78,2242.00,2241.14,2241.58,189
2026-06-25T03:44:00Z,2241.58,2243.62,2240.91,2242.95,108
2026-06-25T03:45:00Z,2242.95,2242.95,2241.41,2241.85,268
2026-06-25T03:46:00Z,2241.85,2242.52,2238.96,2240.08,143
2026-06-25T03:47:00Z,2240.08,2241.01,2238.96,2240.34,151
2026-06-25T03:48:00Z,2240.34,2241.92,2240.34,2241.48,293
2026-06-25T03:49:00Z,2241.48,2241.70,2240.84,2241.28,237
2026-06-25T03:50:00Z,2241.28,2241.95,2239.07,2240.19,301
2026-06-25T03:51:00Z,2240.19,2241.08,2239.10,2239.99,203
2026-06-25T03:52:00Z,2239.99,2241.10,2239.34,2239.34,249
2026-06-25T03:53:00Z,2239.34,2240.27,2239.34,2240.05,247
2026-06-25T03:54:00Z,2240.05,2240.94,2237.84,2238.73,266
2026-06-25T03:55:00Z,2238.73,2239.40,2237.20,2238.31,303
2026-06-25T03:56:00Z,2238.31,2239.89,2237.42,2238.78,149
2026-06-25T03:57:00Z,2238.78,2238.78,2237.46,2237.46,237
2026-06-25T03:58:00Z,2237.46,2239.72,2237.02,2238.83,220
2026-06-25T03:59:00Z,2238.83,2239.72,2237.97,2238.19,199
2026-06-25T04:00:00Z,2238.19,2239.08,2237.37,2237.81,224
2026-06-25T04:01:00Z,2237.81,2239.66,2237.81,2238.55,268
2026-06-25T04:02:00Z,2238.55,2239.73,2237.66,2238.84,297
2026-06-25T04:03:00Z,2238.84,2239.06,2237.12,2237.79,303
2026-06-25T04:04:00Z,2237.79,2239.65,2237.12,2238.76,116
2026-06-25T04:05:00Z,2238.76,2240.17,2237.87,2239.50,243
2026-06-25T04:06:00Z,2239.50,2239.94,2238.45,2238.89,185
2026-06-25T04:07:00Z,2238.89,2239.56,2237.17,2237.61,301
2026-06-25T04:08:00Z,2237.61,2238.79,2236.50,2238.57,104
2026-06-25T04:09:00Z,2238.57,2239.46,2238.20,2238.20,280
2026-06-25T04:10:00Z,2238.20,2238.64,2237.60,2238.04,272
2026-06-25T04:11:00Z,2238.04,2240.33,2237.82,2239.22,299
2026-06-25T04:12:00Z,2239.22,2239.22,2237.95,2238.84,126
2026-06-25T04:13:00Z,2238.84,2240.70,2238.17,2240.03,195
2026-06-25T04:14:00Z,2240.03,2240.98,2239.59,2240.54,126
2026-06-25T04:15:00Z,2240.54,2240.54,2237.93,2239.04,191
2026-06-25T04:16:00Z,2239.04,2240.44,2238.82,2239.55,312
2026-06-25T04:17:00Z,2239.55,2239.84,2238.44,2239.62,272
2026-06-25T04:18:00Z,2239.62,2240.36,2238.73,2239.92,172
2026-06-25T04:19:00Z,2239.92,2240.59,2239.09,2239.09,108
2026-06-25T04:20:00Z,2239.09,2240.27,2237.98,2239.16,197
2026-06-25T04:21:00Z,2239.16,2239.16,2237.89,2238.11,293
2026-06-25T04:22:00Z,2238.11,2239.51,2238.11,2238.40,239
2026-06-25T04:23:00Z,2238.40,2238.40,2236.91,2237.58,291
2026-06-25T04:24:00Z,2237.58,2238.54,2237.14,2238.32,210
2026-06-25T04:25:00Z,2238.32,2238.61,2237.65,2238.39,120
2026-06-25T04:26:00Z,2238.39,2239.57,2237.28,2238.68,228
2026-06-25T04:27:00Z,2238.68,2239.20,2238.01,2238.76,183
2026-06-25T04:28:00Z,2238.76,2239.43,2237.94,2238.38,293
2026-06-25T04:29:00Z,2238.38,2240.01,2237.49,2239.12,262
2026-06-25T04:30:00Z,2239.12,2239.41,2238.68,2239.19,297
2026-06-25T04:31:00Z,2239.19,2240.14,2238.08,2239.70,289
2026-06-25T04:32:00Z,2239.70,2239.92,2237.99,2238.88,309
2026-06-25T04:33:00Z,2238.88,2239.99,2238.28,2238.50,239
2026-06-25T04:34:00Z,2238.50,2238.50,2237.00,2237.67,282
2026-06-25T04:35:00Z,2237.67,2238.11,2236.18,2236.62,301
2026-06-25T04:36:00Z,2236.62,2238.70,2236.40,2237.59,126
2026-06-25T04:37:00Z,2237.59,2238.99,2237.59,2237.88,299
2026-06-25T04:38:00Z,2237.88,2238.99,2236.39,2237.50,312
2026-06-25T04:39:00Z,2237.50,2239.35,2237.28,2238.46,262
2026-06-25T04:40:00Z,2238.46,2239.35,2236.52,2237.41,257
2026-06-25T04:41:00Z,2237.41,2239.72,2236.52,2239.50,220
2026-06-25T04:42:00Z,2239.50,2240.39,2238.23,2239.12,274
2026-06-25T04:43:00Z,2239.12,2241.20,2238.68,2240.08,293
2026-06-25T04:44:00Z,2240.08,2240.75,2238.80,2239.47,287
2026-06-25T04:45:00Z,2239.47,2240.43,2238.36,2240.21,180
2026-06-25T04:46:00Z,2240.21,2241.10,2238.94,2240.06,264
2026-06-25T04:47:00Z,2240.06,2241.69,2240.06,2240.80,176
2026-06-25T04:48:00Z,2240.80,2241.47,2240.64,2240.64,162
2026-06-25T04:49:00Z,2240.64,2240.86,2239.14,2240.03,106
2026-06-25T04:50:00Z,2240.03,2240.70,2238.32,2239.21,274
2026-06-25T04:51:00Z,2239.21,2239.72,2238.54,2239.50,166
2026-06-25T04:52:00Z,2239.50,2240.68,2239.50,2240.01,210
2026-06-25T04:53:00Z,2240.01,2240.52,2239.79,2240.08,118
2026-06-25T04:54:00Z,2240.08,2241.26,2238.96,2240.37,195
2026-06-25T04:55:00Z,2240.37,2240.59,2239.55,2239.55,260
2026-06-25T04:56:00Z,2239.55,2240.66,2238.72,2239.39,307
2026-06-25T04:57:00Z,2239.39,2240.06,2236.77,2237.44,118
2026-06-25T04:58:00Z,2237.44,2237.88,2234.39,2235.50,216
2026-06-25T04:59:00Z,2235.50,2235.72,2233.35,2234.24,135
2026-06-25T05:00:00Z,2234.24,2234.91,2233.14,2233.81,224
2026-06-25T05:01:00Z,2233.81,2235.84,2233.59,2235.62,174
2026-06-25T05:02:00Z,2235.62,2236.51,2234.76,2234.98,185
2026-06-25T05:03:00Z,2234.98,2237.00,2234.54,2235.89,168
2026-06-25T05:04:00Z,2235.89,2236.33,2235.02,2235.02,264
2026-06-25T05:05:00Z,2235.02,2235.69,2233.25,2233.92,232
2026-06-25T05:06:00Z,2233.92,2235.03,2233.28,2233.28,272
2026-06-25T05:07:00Z,2233.28,2234.41,2233.06,2233.97,243
2026-06-25T05:08:00Z,2233.97,2235.34,2233.53,2234.45,208
2026-06-25T05:09:00Z,2234.45,2234.89,2231.57,2232.68,272
2026-06-25T05:10:00Z,2232.68,2233.59,2232.24,2233.37,174
2026-06-25T05:11:00Z,2233.37,2233.62,2233.37,2233.62,216
2026-06-25T05:12:00Z,2233.62,2233.84,2232.53,2232.97,120
2026-06-25T05:13:00Z,2232.97,2233.41,2231.67,2232.78,151
2026-06-25T05:14:00Z,2232.78,2235.03,2231.67,2235.03,264
2026-06-25T05:15:00Z,2235.03,2235.47,2233.27,2233.94,284
2026-06-25T05:16:00Z,2233.94,2235.30,2233.94,2235.08,151
2026-06-25T05:17:00Z,2235.08,2236.19,2233.10,2233.99,264
2026-06-25T05:18:00Z,2233.99,2234.90,2233.10,2234.68,112
2026-06-25T05:19:00Z,2234.68,2235.82,2233.57,2234.93,264
2026-06-25T05:20:00Z,2234.93,2235.37,2233.83,2234.05,120
2026-06-25T05:21:00Z,2234.05,2235.16,2232.96,2233.40,201
2026-06-25T05:22:00Z,2233.40,2234.51,2231.65,2232.76,232
2026-06-25T05:23:00Z,2232.76,2233.42,2231.44,2232.33,278
2026-06-25T05:24:00Z,2232.33,2234.59,2232.33,2234.37,199
2026-06-25T05:25:00Z,2234.37,2235.26,2232.60,2233.49,153
2026-06-25T05:26:00Z,2233.49,2235.75,2233.49,2234.86,193
2026-06-25T05:27:00Z,2234.86,2235.97,2233.09,2233.98,128
2026-06-25T05:28:00Z,2233.98,2234.87,2232.89,2233.11,228
2026-06-25T05:29:00Z,2233.11,2233.35,2232.67,2233.13,195
2026-06-25T05:30:00Z,2233.13,2233.59,2232.02,2233.15,307
2026-06-25T05:31:00Z,2233.15,2234.96,2232.49,2233.85,191
2026-06-25T05:32:00Z,2233.85,2235.20,2233.63,2234.09,143
2026-06-25T05:33:00Z,2234.09,2234.98,2232.78,2233.22,176
2026-06-25T05:34:00Z,2233.22,2233.22,2231.23,2232.12,309
2026-06-25T05:35:00Z,2232.12,2233.71,2231.01,2233.27,135
2026-06-25T05:36:00Z,2233.27,2235.08,2232.38,2234.41,212
2026-06-25T05:37:00Z,2234.41,2235.08,2232.66,2233.32,241
2026-06-25T05:38:00Z,2233.32,2234.01,2233.10,2233.79,264
2026-06-25T05:39:00Z,2233.79,2234.46,2232.93,2233.37,266
2026-06-25T05:40:00Z,2233.37,2234.06,2233.37,2233.84,197
2026-06-25T05:41:00Z,2233.84,2234.75,2232.73,2233.86,131
2026-06-25T05:42:00Z,2233.86,2234.97,2233.22,2233.22,241
2026-06-25T05:43:00Z,2233.22,2235.25,2232.33,2234.36,220
2026-06-25T05:44:00Z,2234.36,2235.05,2233.47,2234.61,262
2026-06-25T05:45:00Z,2234.61,2236.64,2234.61,2235.53,122
2026-06-25T05:46:00Z,2235.53,2237.13,2234.64,2237.13,226
2026-06-25T05:47:00Z,2237.13,2238.24,2236.03,2236.70,224
2026-06-25T05:48:00Z,2236.70,2236.92,2235.39,2236.28,212
2026-06-25T05:49:00Z,2236.28,2237.17,2234.73,2235.40,116
2026-06-25T05:50:00Z,2235.40,2235.62,2234.30,2234.97,305
2026-06-25T05:51:00Z,2234.97,2235.22,2234.97,2235.00,183
2026-06-25T05:52:00Z,2235.00,2235.22,2234.13,2234.35,287
2026-06-25T05:53:00Z,2234.35,2234.35,2233.26,2233.93,222
2026-06-25T05:54:00Z,2233.93,2235.96,2232.82,2234.85,297
2026-06-25T05:55:00Z,2234.85,2235.77,2233.74,2235.10,251
2026-06-25T05:56:00Z,2235.10,2235.12,2234.66,2235.12,210
2026-06-25T05:57:00Z,2235.12,2235.56,2233.14,2234.25,291
2026-06-25T05:58:00Z,2234.25,2234.25,2233.61,2234.05,245
2026-06-25T05:59:00Z,2234.05,2234.30,2233.38,2234.08,249
2026-06-25T06:00:00Z,2234.08,2235.05,2233.64,2234.38,257
2026-06-25T06:01:00Z,2234.38,2235.59,2234.16,2234.92,143
2026-06-25T06:02:00Z,2234.92,2235.14,2233.67,2234.56,305
2026-06-25T06:03:00Z,2234.56,2235.99,2234.12,2235.99,268
2026-06-25T06:04:00Z,2235.99,2236.43,2235.19,2235.86,216
2026-06-25T06:05:00Z,2235.86,2236.53,2235.06,2235.50,218
2026-06-25T06:06:00Z,2235.50,2236.61,2234.92,2235.36,106
2026-06-25T06:07:00Z,2235.36,2236.03,2235.23,2235.23,230
2026-06-25T06:08:00Z,2235.23,2235.54,2234.34,2235.32,153
2026-06-25T06:09:00Z,2235.32,2235.32,2234.07,2234.51,178
2026-06-25T06:10:00Z,2234.51,2235.27,2234.29,2234.60,126
2026-06-25T06:11:00Z,2234.60,2235.49,2233.35,2234.24,243
2026-06-25T06:12:00Z,2234.24,2235.22,2234.02,2234.33,187
2026-06-25T06:13:00Z,2234.33,2235.00,2233.08,2234.19,174
2026-06-25T06:14:00Z,2234.19,2235.39,2233.52,2234.28,160
2026-06-25T06:15:00Z,2234.28,2235.04,2233.84,2234.82,139
2026-06-25T06:16:00Z,2234.82,2234.82,2233.57,2234.01,126
2026-06-25T06:17:00Z,2234.01,2235.21,2232.90,2234.99,131
2026-06-25T06:18:00Z,2234.99,2236.64,2234.10,2235.53,239
2026-06-25T06:19:00Z,2235.53,2235.84,2234.86,2235.84,255
2026-06-25T06:20:00Z,2235.84,2237.25,2235.62,2236.14,149
2026-06-25T06:21:00Z,2236.14,2237.34,2235.03,2236.45,104
2026-06-25T06:22:00Z,2236.45,2237.65,2235.56,2237.43,191
2026-06-25T06:23:00Z,2237.43,2238.10,2235.51,2236.62,299
2026-06-25T06:24:00Z,2236.62,2237.15,2236.18,2236.71,218
2026-06-25T06:25:00Z,2236.71,2238.37,2235.60,2237.70,180
2026-06-25T06:26:00Z,2237.70,2237.70,2236.21,2236.21,212
2026-06-25T06:27:00Z,2236.21,2237.86,2235.32,2236.97,241
2026-06-25T06:28:00Z,2236.97,2237.28,2236.97,2237.28,289
2026-06-25T06:29:00Z,2237.28,2237.72,2236.03,2236.25,237
2026-06-25T06:30:00Z,2236.25,2236.34,2236.25,2236.34,303
2026-06-25T06:31:00Z,2236.34,2237.23,2235.10,2236.21,114
2026-06-25T06:32:00Z,2236.21,2236.43,2235.41,2235.85,291
2026-06-25T06:33:00Z,2235.85,2237.71,2235.18,2237.27,149
2026-06-25T06:34:00Z,2237.27,2237.27,2235.80,2236.24,243
2026-06-25T06:35:00Z,2236.24,2236.24,2233.87,2234.76,197
2026-06-25T06:36:00Z,2234.76,2235.87,2234.18,2234.40,274
2026-06-25T06:37:00Z,2234.40,2234.93,2233.51,2234.71,143
2026-06-25T06:38:00Z,2234.71,2234.71,2234.58,2234.58,232
2026-06-25T06:39:00Z,2234.58,2234.58,2233.10,2233.77,228
2026-06-25T06:40:00Z,2233.77,2234.88,2231.84,2232.73,126
2026-06-25T06:41:00Z,2232.73,2233.71,2232.07,2233.27,287
2026-06-25T06:42:00Z,2233.27,2233.80,2232.61,2233.36,212
2026-06-25T06:43:00Z,2233.36,2233.36,2231.66,2231.66,237
2026-06-25T06:44:00Z,2231.66,2232.55,2230.18,2230.18,116
2026-06-25T06:45:00Z,2230.18,2232.72,2229.74,2231.83,295
2026-06-25T06:46:00Z,2231.83,2232.57,2231.83,2232.13,110
2026-06-25T06:47:00Z,2232.13,2232.79,2230.22,2230.88,149
2026-06-25T06:48:00Z,2230.88,2231.99,2229.41,2229.63,104
2026-06-25T06:49:00Z,2229.63,2230.74,2227.72,2228.38,116
2026-06-25T06:50:00Z,2228.38,2229.04,2226.69,2227.35,178
2026-06-25T06:51:00Z,2227.35,2227.79,2226.10,2226.32,197
2026-06-25T06:52:00Z,2226.32,2227.74,2225.66,2227.52,118
2026-06-25T06:53:00Z,2227.52,2227.52,2226.72,2227.38,106
2026-06-25T06:54:00Z,2227.38,2227.60,2225.46,2226.35,293
2026-06-25T06:55:00Z,2226.35,2227.46,2224.21,2225.32,147
2026-06-25T06:56:00Z,2225.32,2227.63,2224.66,2226.52,237
2026-06-25T06:57:00Z,2226.52,2227.72,2226.52,2226.61,162
2026-06-25T06:58:00Z,2226.61,2227.27,2224.92,2226.03,199
2026-06-25T06:59:00Z,2226.03,2226.69,2223.67,2224.78,299
2026-06-25T07:00:00Z,2224.78,2225.66,2224.19,2224.41,237
2026-06-25T07:01:00Z,2224.41,2224.72,2224.19,2224.50,301
2026-06-25T07:02:00Z,2224.50,2224.50,2223.25,2224.13,303
2026-06-25T07:03:00Z,2224.13,2226.88,2224.13,2225.77,247
2026-06-25T07:04:00Z,2225.77,2228.08,2225.33,2227.19,108
2026-06-25T07:05:00Z,2227.19,2228.15,2226.30,2227.71,212
2026-06-25T07:06:00Z,2227.71,2227.93,2226.46,2227.35,145
2026-06-25T07:07:00Z,2227.35,2229.44,2226.24,2229.44,220
2026-06-25T07:08:00Z,2229.44,2230.55,2227.96,2229.07,156
2026-06-25T07:09:00Z,2229.07,2229.51,2227.60,2227.82,284
2026-06-25T07:10:00Z,2227.82,2228.13,2227.16,2228.13,289
2026-06-25T07:11:00Z,2228.13,2228.21,2227.24,2228.21,193
2026-06-25T07:12:00Z,2228.21,2228.43,2227.41,2228.07,120
2026-06-25T07:13:00Z,2228.07,2228.07,2226.37,2227.26,112
2026-06-25T07:14:00Z,2227.26,2227.48,2225.56,2225.78,280
2026-06-25T07:15:00Z,2225.78,2227.42,2224.67,2226.98,201
2026-06-25T07:16:00Z,2226.98,2227.51,2226.98,2227.29,257
2026-06-25T07:17:00Z,2227.29,2228.48,2226.63,2228.26,312
2026-06-25T07:18:00Z,2228.26,2228.92,2227.23,2227.23,232
2026-06-25T07:19:00Z,2227.23,2228.34,2226.20,2227.09,178
2026-06-25T07:20:00Z,2227.09,2227.09,2226.28,2226.50,268
2026-06-25T07:21:00Z,2226.50,2227.47,2225.61,2227.03,201
2026-06-25T07:22:00Z,2227.03,2227.69,2226.00,2226.66,128
2026-06-25T07:23:00Z,2226.66,2227.77,2224.97,2225.19,120
2026-06-25T07:24:00Z,2225.19,2225.28,2224.75,2225.28,178
2026-06-25T07:25:00Z,2225.28,2226.91,2224.84,2226.47,309
2026-06-25T07:26:00Z,2226.47,2226.47,2224.78,2225.44,208
2026-06-25T07:27:00Z,2225.44,2226.42,2225.00,2225.53,276
2026-06-25T07:28:00Z,2225.53,2227.15,2224.87,2226.49,118
2026-06-25T07:29:00Z,2226.49,2228.57,2226.05,2227.91,224
2026-06-25T07:30:00Z,2227.91,2229.11,2227.69,2228.22,137
2026-06-25T07:31:00Z,2228.22,2229.85,2227.11,2229.85,270
2026-06-25T07:32:00Z,2229.85,2232.38,2229.63,2231.72,309
2026-06-25T07:33:00Z,2231.72,2231.94,2230.48,2231.14,232
2026-06-25T07:34:00Z,2231.14,2231.14,2228.99,2230.10,110
2026-06-25T07:35:00Z,2230.10,2232.19,2229.44,2231.08,104
2026-06-25T07:36:00Z,2231.08,2231.74,2229.84,2230.50,226
2026-06-25T07:37:00Z,2230.50,2233.02,2230.28,2231.91,128
2026-06-25T07:38:00Z,2231.91,2232.13,2231.33,2231.33,214
2026-06-25T07:39:00Z,2231.33,2232.44,2230.97,2230.97,143
2026-06-25T07:40:00Z,2230.97,2231.19,2229.94,2230.38,122
2026-06-25T07:41:00Z,2230.38,2231.27,2228.24,2229.35,156
2026-06-25T07:42:00Z,2229.35,2230.01,2228.54,2228.98,193
2026-06-25T07:43:00Z,2228.98,2230.85,2228.09,2229.96,241
2026-06-25T07:44:00Z,2229.96,2230.71,2229.74,2230.27,199
2026-06-25T07:45:00Z,2230.27,2231.23,2229.61,2230.57,257
2026-06-25T07:46:00Z,2230.57,2231.46,2229.99,2229.99,247
2026-06-25T07:47:00Z,2229.99,2230.21,2228.07,2228.96,260
2026-06-25T07:48:00Z,2228.96,2229.70,2228.74,2229.70,205
2026-06-25T07:49:00Z,2229.70,2230.23,2229.04,2230.01,312
2026-06-25T07:50:00Z,2230.01,2230.90,2228.32,2229.43,104
2026-06-25T07:51:00Z,2229.43,2229.87,2227.51,2227.95,208
2026-06-25T07:52:00Z,2227.95,2228.26,2227.95,2228.26,168
2026-06-25T07:53:00Z,2228.26,2228.92,2227.02,2227.46,224
2026-06-25T07:54:00Z,2227.46,2229.31,2227.02,2228.42,145
2026-06-25T07:55:00Z,2228.42,2228.42,2226.51,2227.62,170
2026-06-25T07:56:00Z,2227.62,2229.93,2227.62,2228.82,114
2026-06-25T07:57:00Z,2228.82,2229.71,2227.56,2228.67,197
2026-06-25T07:58:00Z,2228.67,2229.20,2227.56,2229.20,104
2026-06-25T07:59:00Z,2229.20,2229.20,2227.96,2228.62,295
2026-06-25T08:00:00Z,2228.62,2229.73,2227.08,2227.08,170
2026-06-25T08:01:00Z,2227.08,2227.30,2225.77,2226.88,241
2026-06-25T08:02:00Z,2226.88,2227.10,2225.79,2226.23,257
2026-06-25T08:03:00Z,2226.23,2226.45,2224.24,2224.24,303
2026-06-25T08:04:00Z,2224.24,2226.03,2223.80,2225.37,220
2026-06-25T08:05:00Z,2225.37,2225.37,2224.05,2224.27,239
2026-06-25T08:06:00Z,2224.27,2224.27,2222.74,2223.62,104
2026-06-25T08:07:00Z,2223.62,2223.84,2222.32,2223.43,141
2026-06-25T08:08:00Z,2223.43,2223.65,2222.12,2223.23,185
2026-06-25T08:09:00Z,2223.23,2223.47,2222.35,2223.47,241
2026-06-25T08:10:00Z,2223.47,2223.69,2222.39,2223.27,158
2026-06-25T08:11:00Z,2223.27,2224.38,2221.07,2221.95,131
2026-06-25T08:12:00Z,2221.95,2222.41,2221.07,2222.19,199
2026-06-25T08:13:00Z,2222.19,2223.75,2221.31,2222.87,114
2026-06-25T08:14:00Z,2222.87,2224.68,2222.65,2223.57,247
2026-06-25T08:15:00Z,2223.57,2224.70,2222.91,2224.26,149
2026-06-25T08:16:00Z,2224.26,2224.50,2223.82,2224.50,270
2026-06-25T08:17:00Z,2224.50,2226.08,2223.84,2225.19,124
2026-06-25T08:18:00Z,2225.19,2226.77,2224.53,2226.55,235
2026-06-25T08:19:00Z,2226.55,2228.35,2226.11,2227.24,158
2026-06-25T08:20:00Z,2227.24,2227.24,2226.15,2227.04,133
2026-06-25T08:21:00Z,2227.04,2227.94,2226.82,2227.50,260
2026-06-25T08:22:00Z,2227.50,2229.30,2227.28,2228.64,237
2026-06-25T08:23:00Z,2228.64,2229.08,2227.10,2227.99,293
2026-06-25T08:24:00Z,2227.99,2228.88,2226.90,2227.79,278
2026-06-25T08:25:00Z,2227.79,2229.36,2227.13,2228.25,232
2026-06-25T08:26:00Z,2228.25,2228.91,2226.71,2227.15,276
2026-06-25T08:27:00Z,2227.15,2227.37,2226.06,2226.95,176
2026-06-25T08:28:00Z,2226.95,2228.06,2224.74,2225.63,156
2026-06-25T08:29:00Z,2225.63,2225.85,2224.78,2225.44,135
2026-06-25T08:30:00Z,2225.44,2226.57,2225.00,2226.13,178
2026-06-25T08:31:00Z,2226.13,2228.37,2225.47,2227.71,176
2026-06-25T08:32:00Z,2227.71,2228.37,2225.94,2226.16,162
2026-06-25T08:33:00Z,2226.16,2228.85,2226.16,2227.96,222
2026-06-25T08:34:00Z,2227.96,2229.32,2226.85,2228.43,156
2026-06-25T08:35:00Z,2228.43,2229.54,2228.23,2228.23,133
2026-06-25T08:36:00Z,2228.23,2229.34,2227.59,2228.03,166
2026-06-25T08:37:00Z,2228.03,2229.39,2226.92,2228.28,312
2026-06-25T08:38:00Z,2228.28,2230.75,2228.28,2230.09,151
2026-06-25T08:39:00Z,2230.09,2231.22,2229.43,2230.56,253
2026-06-25T08:40:00Z,2230.56,2231.00,2229.24,2229.46,272
2026-06-25T08:41:00Z,2229.46,2230.12,2227.46,2227.46,226
2026-06-25T08:42:00Z,2227.46,2229.93,2227.24,2228.82,151
2026-06-25T08:43:00Z,2228.82,2229.51,2227.71,2229.51,114
2026-06-25T08:44:00Z,2229.51,2231.77,2229.51,2230.66,222
2026-06-25T08:45:00Z,2230.66,2231.10,2228.67,2229.56,289
2026-06-25T08:46:00Z,2229.56,2230.24,2228.67,2229.80,183
2026-06-25T08:47:00Z,2229.80,2230.04,2229.36,2229.82,139
2026-06-25T08:48:00Z,2229.82,2230.50,2228.71,2230.06,106
2026-06-25T08:49:00Z,2230.06,2230.50,2228.74,2229.18,247
2026-06-25T08:50:00Z,2229.18,2229.20,2228.07,2229.20,235
2026-06-25T08:51:00Z,2229.20,2229.86,2227.66,2228.32,274
2026-06-25T08:52:00Z,2228.32,2228.35,2227.88,2228.35,237
2026-06-25T08:53:00Z,2228.35,2228.57,2227.25,2227.47,122
2026-06-25T08:54:00Z,2227.47,2228.36,2225.93,2226.37,257
2026-06-25T08:55:00Z,2226.37,2226.37,2225.28,2225.72,293
2026-06-25T08:56:00Z,2225.72,2226.18,2224.83,2225.74,131
2026-06-25T08:57:00Z,2225.74,2227.54,2224.63,2226.88,278
2026-06-25T08:58:00Z,2226.88,2226.88,2224.89,2225.33,282
2026-06-25T08:59:00Z,2225.33,2225.80,2224.89,2225.58,295
2026-06-25T09:00:00Z,2225.58,2225.80,2223.23,2224.34,297
2026-06-25T09:01:00Z,2224.34,2225.22,2224.00,2224.22,307
2026-06-25T09:02:00Z,2224.22,2224.44,2222.77,2223.65,257
2026-06-25T09:03:00Z,2223.65,2224.09,2223.31,2223.31,176
2026-06-25T09:04:00Z,2223.31,2223.75,2222.53,2223.19,243
2026-06-25T09:05:00Z,2223.19,2224.83,2222.97,2223.95,118
2026-06-25T09:06:00Z,2223.95,2225.06,2222.95,2223.61,222
2026-06-25T09:07:00Z,2223.61,2224.16,2222.50,2223.72,108
2026-06-25T09:08:00Z,2223.72,2225.15,2223.50,2224.04,201
2026-06-25T09:09:00Z,2224.04,2225.15,2223.70,2223.70,104
2026-06-25T09:10:00Z,2223.70,2224.81,2222.02,2223.13,205
2026-06-25T09:11:00Z,2223.13,2223.13,2220.35,2221.46,280
2026-06-25T09:12:00Z,2221.46,2223.34,2221.46,2222.23,120
2026-06-25T09:13:00Z,2222.23,2223.11,2221.88,2222.10,245
2026-06-25T09:14:00Z,2222.10,2222.10,2220.87,2221.09,249
2026-06-25T09:15:00Z,2221.09,2222.52,2220.65,2221.86,185
2026-06-25T09:16:00Z,2221.86,2222.97,2221.07,2221.73,239
2026-06-25T09:17:00Z,2221.73,2222.39,2220.07,2220.95,174
2026-06-25T09:18:00Z,2220.95,2221.94,2220.29,2221.94,185
2026-06-25T09:19:00Z,2221.94,2222.38,2221.81,2221.81,110
2026-06-25T09:20:00Z,2221.81,2222.03,2220.81,2220.81,307
2026-06-25T09:21:00Z,2220.81,2222.02,2220.59,2220.91,309
2026-06-25T09:22:00Z,2220.91,2222.02,2219.69,2220.35,176
2026-06-25T09:23:00Z,2220.35,2221.23,2219.13,2219.35,226
2026-06-25T09:24:00Z,2219.35,2220.77,2218.91,2219.89,118
2026-06-25T09:25:00Z,2219.89,2220.99,2218.89,2219.77,249
2026-06-25T09:26:00Z,2219.77,2221.64,2218.67,2220.76,180
2026-06-25T09:27:00Z,2220.76,2221.52,2220.10,2221.30,266
2026-06-25T09:28:00Z,2221.30,2222.18,2220.30,2220.30,156
2026-06-25T09:29:00Z,2220.30,2221.41,2218.63,2218.63,241
2026-06-25T09:30:00Z,2218.63,2221.16,2218.41,2220.72,251
2026-06-25T09:31:00Z,2220.72,2221.38,2219.05,2219.27,210
2026-06-25T09:32:00Z,2219.27,2219.49,2218.48,2218.92,208
2026-06-25T09:33:00Z,2218.92,2219.14,2217.04,2218.14,247
2026-06-25T09:34:00Z,2218.14,2219.35,2217.48,2219.35,124
2026-06-25T09:35:00Z,2219.35,2220.33,2218.25,2219.45,305
2026-06-25T09:36:00Z,2219.45,2220.00,2218.57,2219.56,255
2026-06-25T09:37:00Z,2219.56,2220.44,2218.12,2218.34,274
2026-06-25T09:38:00Z,2218.34,2220.21,2217.90,2219.99,203
2026-06-25T09:39:00Z,2219.99,2221.42,2219.11,2220.54,253
2026-06-25T09:40:00Z,2220.54,2220.64,2219.66,2220.64,126
2026-06-25T09:41:00Z,2220.64,2222.52,2219.98,2222.52,251
2026-06-25T09:42:00Z,2222.52,2223.63,2221.74,2221.96,297
2026-06-25T09:43:00Z,2221.96,2223.07,2219.84,2220.72,120
2026-06-25T09:44:00Z,2220.72,2222.15,2220.28,2222.15,116
2026-06-25T09:45:00Z,2222.15,2225.57,2221.27,2224.69,303
2026-06-25T09:46:00Z,2224.69,2224.91,2223.90,2224.34,153
2026-06-25T09:47:00Z,2224.34,2224.34,2223.34,2224.22,307
2026-06-25T09:48:00Z,2224.22,2225.33,2223.88,2224.10,128
2026-06-25T09:49:00Z,2224.10,2227.08,2223.88,2226.64,239
2026-06-25T09:50:00Z,2226.64,2227.63,2226.20,2227.19,241
2026-06-25T09:51:00Z,2227.19,2228.30,2226.40,2226.84,118
2026-06-25T09:52:00Z,2226.84,2227.83,2225.73,2227.17,160
2026-06-25T09:53:00Z,2227.17,2227.50,2226.51,2227.50,278
2026-06-25T09:54:00Z,2227.50,2227.50,2226.71,2227.15,112
2026-06-25T09:55:00Z,2227.15,2229.69,2226.49,2229.25,301
2026-06-25T09:56:00Z,2229.25,2229.47,2228.02,2229.13,289
2026-06-25T09:57:00Z,2229.13,2229.35,2226.56,2227.67,224
2026-06-25T09:58:00Z,2227.67,2228.11,2224.67,2225.78,156
2026-06-25T09:59:00Z,2225.78,2226.44,2225.22,2225.66,245
2026-06-25T10:00:00Z,2225.66,2226.62,2225.00,2225.96,241
2026-06-25T10:01:00Z,2225.96,2227.15,2225.74,2226.93,187
2026-06-25T10:02:00Z,2226.93,2227.23,2226.27,2227.23,237
2026-06-25T10:03:00Z,2227.23,2228.12,2225.09,2225.53,183
2026-06-25T10:04:00Z,2225.53,2226.50,2224.64,2226.28,295
2026-06-25T10:05:00Z,2226.28,2226.72,2224.14,2224.80,230
2026-06-25T10:06:00Z,2224.80,2225.24,2224.66,2224.66,210
2026-06-25T10:07:00Z,2224.66,2225.18,2224.00,2224.96,274
2026-06-25T10:08:00Z,2224.96,2226.60,2224.30,2226.16,289
2026-06-25T10:09:00Z,2226.16,2228.24,2225.05,2227.13,174
2026-06-25T10:10:00Z,2227.13,2227.57,2226.33,2226.99,118
2026-06-25T10:11:00Z,2226.99,2227.43,2225.96,2226.18,255
2026-06-25T10:12:00Z,2226.18,2227.07,2225.81,2225.81,216
2026-06-25T10:13:00Z,2225.81,2226.78,2225.37,2226.56,147
2026-06-25T10:14:00Z,2226.56,2227.31,2226.34,2227.31,160
2026-06-25T10:15:00Z,2227.31,2229.61,2227.31,2228.95,128
2026-06-25T10:16:00Z,2228.95,2229.61,2227.70,2228.14,253
2026-06-25T10:17:00Z,2228.14,2230.45,2228.14,2229.79,143
2026-06-25T10:18:00Z,2229.79,2230.31,2228.68,2230.09,193
2026-06-25T10:19:00Z,2230.09,2231.28,2229.65,2231.06,243
2026-06-25T10:20:00Z,2231.06,2231.28,2230.92,2230.92,118
2026-06-25T10:21:00Z,2230.92,2232.11,2229.81,2231.45,106
2026-06-25T10:22:00Z,2231.45,2231.67,2229.30,2230.19,291
2026-06-25T10:23:00Z,2230.19,2232.49,2229.97,2231.83,203
2026-06-25T10:24:00Z,2231.83,2232.94,2231.03,2231.69,160
2026-06-25T10:25:00Z,2231.69,2232.13,2230.44,2230.88,239
2026-06-25T10:26:00Z,2230.88,2230.88,2228.51,2229.62,187
2026-06-25T10:27:00Z,2229.62,2230.28,2227.69,2228.58,124
2026-06-25T10:28:00Z,2228.58,2230.66,2228.36,2229.55,212
2026-06-25T10:29:00Z,2229.55,2229.85,2228.66,2229.63,197
2026-06-25T10:30:00Z,2229.63,2229.93,2229.19,2229.71,226
2026-06-25T10:31:00Z,2229.71,2230.15,2228.01,2228.45,222
2026-06-25T10:32:00Z,2228.45,2228.67,2226.75,2227.19,245
2026-06-25T10:33:00Z,2227.19,2228.30,2225.04,2225.04,284
2026-06-25T10:34:00Z,2225.04,2225.57,2224.60,2225.57,239
2026-06-25T10:35:00Z,2225.57,2226.46,2224.10,2224.98,143
2026-06-25T10:36:00Z,2224.98,2226.61,2224.54,2225.95,162
2026-06-25T10:37:00Z,2225.95,2226.91,2224.84,2226.25,307
2026-06-25T10:38:00Z,2226.25,2227.44,2226.03,2226.55,118
2026-06-25T10:39:00Z,2226.55,2226.77,2226.41,2226.41,239
2026-06-25T10:40:00Z,2226.41,2227.07,2224.05,2224.93,153
2026-06-25T10:41:00Z,2224.93,2225.67,2224.49,2225.01,178
2026-06-25T10:42:00Z,2225.01,2226.65,2224.57,2225.54,239
2026-06-25T10:43:00Z,2225.54,2225.76,2223.40,2224.06,145
2026-06-25T10:44:00Z,2224.06,2224.80,2223.84,2224.36,139
2026-06-25T10:45:00Z,2224.36,2224.80,2221.77,2222.88,210
2026-06-25T10:46:00Z,2222.88,2223.40,2222.66,2223.40,249
2026-06-25T10:47:00Z,2223.40,2224.58,2222.29,2223.70,230
2026-06-25T10:48:00Z,2223.70,2223.78,2223.48,2223.78,220
2026-06-25T10:49:00Z,2223.78,2224.44,2221.63,2222.07,170
2026-06-25T10:50:00Z,2222.07,2222.07,2220.37,2221.48,158
2026-06-25T10:51:00Z,2221.48,2223.34,2220.82,2222.68,172
2026-06-25T10:52:00Z,2222.68,2223.56,2220.31,2221.42,289
2026-06-25T10:53:00Z,2221.42,2221.86,2220.40,2221.28,122
2026-06-25T10:54:00Z,2221.28,2221.50,2219.80,2220.91,199
2026-06-25T10:55:00Z,2220.91,2222.10,2220.47,2221.88,216
2026-06-25T10:56:00Z,2221.88,2222.76,2219.96,2220.84,110
2026-06-25T10:57:00Z,2220.84,2221.06,2220.25,2220.25,126
2026-06-25T10:58:00Z,2220.25,2220.99,2220.03,2220.77,172
2026-06-25T10:59:00Z,2220.77,2221.88,2219.97,2219.97,297
2026-06-25T11:00:00Z,2219.97,2220.50,2218.87,2220.50,291
2026-06-25T11:01:00Z,2220.50,2220.81,2219.62,2220.81,278
2026-06-25T11:02:00Z,2220.81,2220.89,2220.37,2220.89,228
2026-06-25T11:03:00Z,2220.89,2221.64,2220.01,2221.42,189
2026-06-25T11:04:00Z,2221.42,2221.42,2221.06,2221.06,120
2026-06-25T11:05:00Z,2221.06,2221.80,2221.06,2221.14,251
2026-06-25T11:06:00Z,2221.14,2222.55,2220.03,2221.89,239
2026-06-25T11:07:00Z,2221.89,2223.52,2220.78,2222.64,251
2026-06-25T11:08:00Z,2222.64,2223.84,2221.53,2222.96,153
2026-06-25T11:09:00Z,2222.96,2224.38,2222.52,2224.38,197
2026-06-25T11:10:00Z,2224.38,2224.60,2222.69,2223.80,291
2026-06-25T11:11:00Z,2223.80,2223.88,2222.69,2223.88,280
2026-06-25T11:12:00Z,2223.88,2225.52,2223.22,2225.30,162
2026-06-25T11:13:00Z,2225.30,2226.41,2224.72,2224.94,287
2026-06-25T11:14:00Z,2224.94,2224.94,2223.25,2224.13,166
2026-06-25T11:15:00Z,2224.13,2225.54,2223.02,2225.32,264
2026-06-25T11:16:00Z,2225.32,2226.21,2224.07,2224.29,222
2026-06-25T11:17:00Z,2224.29,2224.73,2223.94,2224.16,174
2026-06-25T11:18:00Z,2224.16,2224.60,2222.70,2223.36,272
2026-06-25T11:19:00Z,2223.36,2225.00,2222.25,2225.00,224
2026-06-25T11:20:00Z,2225.00,2225.74,2223.89,2225.08,145
2026-06-25T11:21:00Z,2225.08,2225.08,2224.06,2224.50,178
2026-06-25T11:22:00Z,2224.50,2227.91,2223.84,2227.02,135
2026-06-25T11:23:00Z,2227.02,2227.68,2224.88,2225.77,301
2026-06-25T11:24:00Z,2225.77,2227.40,2225.55,2226.96,280
2026-06-25T11:25:00Z,2226.96,2228.38,2226.07,2227.94,270
2026-06-25T11:26:00Z,2227.94,2228.69,2226.83,2228.25,284
2026-06-25T11:27:00Z,2228.25,2230.11,2227.14,2229.00,245
2026-06-25T11:28:00Z,2229.00,2229.22,2228.20,2228.86,149
2026-06-25T11:29:00Z,2228.86,2228.86,2228.28,2228.50,180
2026-06-25T11:30:00Z,2228.50,2228.81,2228.06,2228.81,122
2026-06-25T11:31:00Z,2228.81,2230.00,2227.70,2229.34,110
2026-06-25T11:32:00Z,2229.34,2229.56,2227.87,2228.98,120
2026-06-25T11:33:00Z,2228.98,2230.40,2228.54,2229.51,189
2026-06-25T11:34:00Z,2229.51,2232.04,2229.07,2232.04,239
2026-06-25T11:35:00Z,2232.04,2232.57,2231.60,2232.35,122
2026-06-25T11:36:00Z,2232.35,2233.46,2231.11,2231.77,299
2026-06-25T11:37:00Z,2231.77,2232.74,2231.77,2231.85,108
2026-06-25T11:38:00Z,2231.85,2233.49,2231.63,2233.27,289
2026-06-25T11:39:00Z,2233.27,2234.47,2232.83,2233.80,143
2026-06-25T11:40:00Z,2233.80,2234.47,2232.33,2232.55,208
2026-06-25T11:41:00Z,2232.55,2234.41,2231.89,2233.74,131
2026-06-25T11:42:00Z,2233.74,2234.85,2232.28,2233.39,164
2026-06-25T11:43:00Z,2233.39,2233.61,2232.59,2233.25,151
2026-06-25T11:44:00Z,2233.25,2234.14,2232.00,2233.11,139
2026-06-25T11:45:00Z,2233.11,2234.22,2231.64,2232.53,212
2026-06-25T11:46:00Z,2232.53,2233.50,2231.87,2232.84,151
2026-06-25T11:47:00Z,2232.84,2233.06,2230.93,2230.93,253
2026-06-25T11:48:00Z,2230.93,2231.15,2229.24,2230.13,131
2026-06-25T11:49:00Z,2230.13,2230.57,2229.55,2229.77,253
2026-06-25T11:50:00Z,2229.77,2230.21,2227.86,2228.75,230
2026-06-25T11:51:00Z,2228.75,2228.97,2226.41,2227.52,247
2026-06-25T11:52:00Z,2227.52,2230.04,2227.30,2228.93,201
2026-06-25T11:53:00Z,2228.93,2231.23,2228.27,2230.34,253
2026-06-25T11:54:00Z,2230.34,2231.53,2229.23,2230.87,287
2026-06-25T11:55:00Z,2230.87,2231.62,2229.76,2231.62,174
2026-06-25T11:56:00Z,2231.62,2234.14,2231.40,2233.47,264
2026-06-25T11:57:00Z,2233.47,2234.66,2232.36,2234.66,197
2026-06-25T11:58:00Z,2234.66,2235.19,2234.66,2235.19,199
2026-06-25T11:59:00Z,2235.19,2236.62,2235.19,2235.95,262
2026-06-25T12:00:00Z,2235.95,2236.17,2233.61,2234.50,295
2026-06-25T12:01:00Z,2234.50,2235.17,2231.94,2233.05,247
2026-06-25T12:02:00Z,2233.05,2233.27,2232.51,2232.73,274
2026-06-25T12:03:00Z,2232.73,2234.18,2232.51,2234.18,187
2026-06-25T12:04:00Z,2234.18,2234.18,2232.96,2233.63,143
2026-06-25T12:05:00Z,2233.63,2235.08,2233.19,2234.41,108
2026-06-25T12:06:00Z,2234.41,2236.09,2233.52,2235.87,153
2026-06-25T12:07:00Z,2235.87,2237.54,2235.65,2236.43,239
2026-06-25T12:08:00Z,2236.43,2237.54,2235.21,2235.88,197
2026-06-25T12:09:00Z,2235.88,2236.32,2234.21,2234.65,270
2026-06-25T12:10:00Z,2234.65,2235.76,2234.11,2234.33,126
2026-06-25T12:11:00Z,2234.33,2234.89,2234.33,2234.67,122
2026-06-25T12:12:00Z,2234.67,2235.56,2233.67,2233.67,212
2026-06-25T12:13:00Z,2233.67,2234.56,2231.78,2232.22,230
2026-06-25T12:14:00Z,2232.22,2233.23,2231.56,2232.57,141
2026-06-25T12:15:00Z,2232.57,2233.68,2231.80,2232.24,160
2026-06-25T12:16:00Z,2232.24,2232.46,2231.24,2232.13,274
2026-06-25T12:17:00Z,2232.13,2233.02,2230.92,2232.03,135
2026-06-25T12:18:00Z,2232.03,2233.14,2231.92,2231.92,278
2026-06-25T12:19:00Z,2231.92,2233.37,2230.81,2232.71,133
2026-06-25T12:20:00Z,2232.71,2232.71,2231.48,2231.48,212
2026-06-25T12:21:00Z,2231.48,2233.61,2231.04,2232.50,118
2026-06-25T12:22:00Z,2232.50,2233.27,2232.06,2232.61,239
2026-06-25T12:23:00Z,2232.61,2233.84,2231.72,2232.73,295
2026-06-25T12:24:00Z,2232.73,2235.08,2232.51,2234.86,270
2026-06-25T12:25:00Z,2234.86,2235.97,2233.20,2234.09,139
2026-06-25T12:26:00Z,2234.09,2234.98,2232.19,2233.08,243
2026-06-25T12:27:00Z,2233.08,2234.99,2232.64,2233.88,199
2026-06-25T12:28:00Z,2233.88,2236.23,2232.99,2235.12,305
2026-06-25T12:29:00Z,2235.12,2235.56,2233.23,2234.12,139
2026-06-25T12:30:00Z,2234.12,2235.23,2232.00,2232.44,232
2026-06-25T12:31:00Z,2232.44,2233.10,2231.88,2231.88,241
2026-06-25T12:32:00Z,2231.88,2232.00,2231.66,2232.00,208
2026-06-25T12:33:00Z,2232.00,2232.66,2230.77,2230.99,149
2026-06-25T12:34:00Z,2230.99,2233.34,2230.33,2232.23,187
2026-06-25T12:35:00Z,2232.23,2233.34,2232.12,2232.12,284
2026-06-25T12:36:00Z,2232.12,2233.58,2231.68,2232.69,301
2026-06-25T12:37:00Z,2232.69,2233.70,2231.58,2233.48,312
2026-06-25T12:38:00Z,2233.48,2234.49,2233.04,2233.60,164
2026-06-25T12:39:00Z,2233.60,2234.71,2231.25,2232.14,126
2026-06-25T12:40:00Z,2232.14,2232.36,2231.37,2231.59,307
2026-06-25T12:41:00Z,2231.59,2232.03,2230.15,2230.81,195
2026-06-25T12:42:00Z,2230.81,2231.38,2230.37,2231.38,124
2026-06-25T12:43:00Z,2231.38,2233.05,2230.72,2231.94,122
2026-06-25T12:44:00Z,2231.94,2233.05,2229.60,2229.82,299
2026-06-25T12:45:00Z,2229.82,2230.48,2227.93,2228.59,135
2026-06-25T12:46:00Z,2228.59,2230.26,2228.59,2229.15,199
2026-06-25T12:47:00Z,2229.15,2229.95,2228.93,2229.95,114
2026-06-25T12:48:00Z,2229.95,2230.29,2229.51,2230.29,218
2026-06-25T12:49:00Z,2230.29,2231.75,2229.40,2230.86,160
2026-06-25T12:50:00Z,2230.86,2232.54,2229.97,2231.65,195
2026-06-25T12:51:00Z,2231.65,2232.76,2230.67,2231.33,180
2026-06-25T12:52:00Z,2231.33,2231.99,2229.44,2230.10,124
2026-06-25T12:53:00Z,2230.10,2230.99,2228.44,2229.33,239
2026-06-25T12:54:00Z,2229.33,2230.44,2227.66,2228.55,124
2026-06-25T12:55:00Z,2228.55,2228.99,2226.66,2227.55,183
2026-06-25T12:56:00Z,2227.55,2229.45,2227.11,2229.01,216
2026-06-25T12:57:00Z,2229.01,2229.90,2228.02,2228.91,278
2026-06-25T12:58:00Z,2228.91,2230.13,2228.47,2229.02,253
2026-06-25T12:59:00Z,2229.02,2229.91,2225.56,2226.45,174
2026-06-25T13:00:00Z,2226.45,2228.59,2225.34,2228.15,158
2026-06-25T13:01:00Z,2228.15,2230.97,2227.71,2229.86,214
2026-06-25T13:02:00Z,2229.86,2230.75,2228.68,2229.57,280
2026-06-25T13:03:00Z,2229.57,2230.61,2228.91,2229.95,141
2026-06-25T13:04:00Z,2229.95,2230.17,2228.55,2228.77,257
2026-06-25T13:05:00Z,2228.77,2229.59,2227.66,2229.37,199
2026-06-25T13:06:00Z,2229.37,2231.30,2228.71,2230.19,156
2026-06-25T13:07:00Z,2230.19,2230.63,2228.79,2229.90,128
2026-06-25T13:08:00Z,2229.90,2231.83,2229.68,2231.83,164
2026-06-25T13:09:00Z,2231.83,2232.94,2231.10,2231.76,193
2026-06-25T13:10:00Z,2231.76,2231.76,2231.24,2231.68,282
2026-06-25T13:11:00Z,2231.68,2232.28,2231.02,2232.06,262
2026-06-25T13:12:00Z,2232.06,2232.95,2229.99,2230.88,222
2026-06-25T13:13:00Z,2230.88,2231.48,2230.44,2231.48,116
2026-06-25T13:14:00Z,2231.48,2232.52,2230.59,2232.30,143
2026-06-25T13:15:00Z,2232.30,2232.96,2231.57,2232.01,124
2026-06-25T13:16:00Z,2232.01,2232.67,2230.38,2231.49,133
2026-06-25T13:17:00Z,2231.49,2231.93,2231.20,2231.42,120
2026-06-25T13:18:00Z,2231.42,2232.46,2230.31,2232.24,112
2026-06-25T13:19:00Z,2232.24,2232.90,2230.17,2230.61,110
2026-06-25T13:20:00Z,2230.61,2230.75,2229.72,2230.75,249
2026-06-25T13:21:00Z,2230.75,2231.86,2229.57,2230.68,143
2026-06-25T13:22:00Z,2230.68,2230.90,2228.61,2229.50,178
2026-06-25T13:23:00Z,2229.50,2231.43,2228.84,2230.32,191
2026-06-25T13:24:00Z,2230.32,2232.02,2230.10,2231.36,104
2026-06-25T13:25:00Z,2231.36,2231.80,2230.40,2230.62,301
2026-06-25T13:26:00Z,2230.62,2231.51,2229.44,2230.33,116
2026-06-25T13:27:00Z,2230.33,2230.99,2229.38,2229.82,262
2026-06-25T13:28:00Z,2229.82,2230.93,2229.09,2229.09,156
2026-06-25T13:29:00Z,2229.09,2230.58,2228.20,2229.69,195
2026-06-25T13:30:00Z,2229.69,2231.83,2229.03,2230.94,220
2026-06-25T13:31:00Z,2230.94,2231.31,2230.94,2231.09,245
2026-06-25T13:32:00Z,2231.09,2232.35,2230.20,2232.13,116
2026-06-25T13:33:00Z,2232.13,2233.39,2231.02,2232.28,255
2026-06-25T13:34:00Z,2232.28,2233.10,2231.84,2232.66,178
2026-06-25T13:35:00Z,2232.66,2233.48,2231.77,2233.26,274
2026-06-25T13:36:00Z,2233.26,2233.26,2232.53,2232.75,228
2026-06-25T13:37:00Z,2232.75,2233.79,2232.31,2232.90,104
2026-06-25T13:38:00Z,2232.90,2233.50,2232.46,2233.50,312
2026-06-25T13:39:00Z,2233.50,2234.17,2232.55,2232.99,153
2026-06-25T13:40:00Z,2232.99,2232.99,2231.36,2231.58,220
2026-06-25T13:41:00Z,2231.58,2231.80,2230.63,2231.29,156
2026-06-25T13:42:00Z,2231.29,2231.51,2230.78,2231.00,189
2026-06-25T13:43:00Z,2231.00,2231.89,2229.16,2230.05,128
2026-06-25T13:44:00Z,2230.05,2230.43,2229.61,2230.43,303
2026-06-25T13:45:00Z,2230.43,2230.58,2230.43,2230.58,108
2026-06-25T13:46:00Z,2230.58,2231.84,2230.58,2231.62,187
2026-06-25T13:47:00Z,2231.62,2233.11,2231.62,2232.22,264
2026-06-25T13:48:00Z,2232.22,2232.44,2231.27,2231.71,168
2026-06-25T13:49:00Z,2231.71,2232.30,2230.82,2231.86,278
2026-06-25T13:50:00Z,2231.86,2232.66,2231.64,2232.00,205
2026-06-25T13:51:00Z,2232.00,2232.44,2230.16,2230.38,284
2026-06-25T13:52:00Z,2230.38,2231.04,2229.87,2230.09,262
2026-06-25T13:53:00Z,2230.09,2231.13,2229.65,2230.91,253
2026-06-25T13:54:00Z,2230.91,2230.91,2229.30,2229.74,197
2026-06-25T13:55:00Z,2229.74,2231.66,2229.08,2231.22,216
2026-06-25T13:56:00Z,2231.22,2231.44,2230.05,2230.49,214
2026-06-25T13:57:00Z,2230.49,2231.75,2230.05,2231.09,257
2026-06-25T13:58:00Z,2231.09,2233.67,2231.09,2233.45,212
2026-06-25T13:59:00Z,2233.45,2234.56,2232.28,2232.94,151
2026-06-25T14:00:00Z,2232.94,2233.77,2232.72,2233.33,122
2026-06-25T14:01:00Z,2233.33,2233.77,2233.29,2233.29,276
2026-06-25T14:02:00Z,2233.29,2235.25,2232.40,2234.36,303
2026-06-25T14:03:00Z,2234.36,2235.88,2233.47,2235.21,114
2026-06-25T14:04:00Z,2235.21,2236.50,2234.54,2236.28,139
2026-06-25T14:05:00Z,2236.28,2236.50,2234.22,2235.11,274
2026-06-25T14:06:00Z,2235.11,2236.22,2233.51,2234.62,180
2026-06-25T14:07:00Z,2234.62,2234.84,2234.14,2234.58,160
2026-06-25T14:08:00Z,2234.58,2235.65,2234.14,2235.43,274
2026-06-25T14:09:00Z,2235.43,2236.72,2234.76,2235.61,180
2026-06-25T14:10:00Z,2235.61,2235.83,2233.10,2233.99,245
2026-06-25T14:11:00Z,2233.99,2234.88,2232.83,2233.50,203
2026-06-25T14:12:00Z,2233.50,2234.61,2233.23,2233.23,180
2026-06-25T14:13:00Z,2233.23,2234.30,2233.01,2233.86,303
2026-06-25T14:14:00Z,2233.86,2234.75,2231.59,2232.25,214
2026-06-25T14:15:00Z,2232.25,2234.88,2231.81,2233.99,187
2026-06-25T14:16:00Z,2233.99,2234.83,2233.32,2234.61,214
2026-06-25T14:17:00Z,2234.61,2234.83,2232.78,2233.67,260
2026-06-25T14:18:00Z,2233.67,2234.11,2232.95,2232.95,218
2026-06-25T14:19:00Z,2232.95,2234.25,2232.06,2233.58,301
2026-06-25T14:20:00Z,2233.58,2234.42,2233.36,2233.98,270
2026-06-25T14:21:00Z,2233.98,2234.87,2231.25,2231.69,189
2026-06-25T14:22:00Z,2231.69,2234.32,2231.03,2233.43,241
2026-06-25T14:23:00Z,2233.43,2234.54,2232.27,2233.16,284
2026-06-25T14:24:00Z,2233.16,2234.27,2230.88,2231.77,287
2026-06-25T14:25:00Z,2231.77,2232.66,2229.50,2230.61,135
2026-06-25T14:26:00Z,2230.61,2231.27,2228.79,2229.90,197
2026-06-25T14:27:00Z,2229.90,2230.56,2226.95,2228.06,108
2026-06-25T14:28:00Z,2228.06,2228.95,2226.91,2227.57,116
2026-06-25T14:29:00Z,2227.57,2229.08,2226.68,2228.64,309
2026-06-25T14:30:00Z,2228.64,2229.71,2227.75,2228.82,303
2026-06-25T14:31:00Z,2228.82,2228.82,2228.11,2228.33,160
2026-06-25T14:32:00Z,2228.33,2229.38,2227.22,2228.94,137
2026-06-25T14:33:00Z,2228.94,2230.05,2228.68,2228.90,218
2026-06-25T14:34:00Z,2228.90,2229.96,2228.68,2229.52,137
2026-06-25T14:35:00Z,2229.52,2230.41,2228.59,2229.25,309
2026-06-25T14:36:00Z,2229.25,2229.91,2227.87,2228.98,172
2026-06-25T14:37:00Z,2228.98,2229.87,2228.27,2228.49,189
2026-06-25T14:38:00Z,2228.49,2228.93,2227.77,2227.77,274
2026-06-25T14:39:00Z,2227.77,2227.77,2226.17,2227.28,170
2026-06-25T14:40:00Z,2227.28,2228.17,2226.12,2226.34,170
2026-06-25T14:41:00Z,2226.34,2229.19,2226.34,2228.08,164
2026-06-25T14:42:00Z,2228.08,2228.97,2226.48,2227.59,287
2026-06-25T14:43:00Z,2227.59,2228.86,2227.37,2228.20,247
2026-06-25T14:44:00Z,2228.20,2228.86,2225.93,2226.59,153
2026-06-25T14:45:00Z,2226.59,2226.59,2224.76,2225.65,291
2026-06-25T14:46:00Z,2225.65,2225.87,2224.72,2225.16,214
2026-06-25T14:47:00Z,2225.16,2225.78,2224.94,2225.78,166
2026-06-25T14:48:00Z,2225.78,2226.40,2225.56,2226.18,210
2026-06-25T14:49:00Z,2226.18,2227.29,2224.35,2225.01,312
2026-06-25T14:50:00Z,2225.01,2226.52,2224.35,2226.08,235
2026-06-25T14:51:00Z,2226.08,2227.59,2225.86,2226.93,180
2026-06-25T14:52:00Z,2226.93,2228.22,2226.27,2228.00,284
2026-06-25T14:53:00Z,2228.00,2228.00,2227.07,2227.29,151
2026-06-25T14:54:00Z,2227.29,2228.18,2225.68,2226.57,230
2026-06-25T14:55:00Z,2226.57,2226.97,2225.68,2226.97,289
2026-06-25T14:56:00Z,2226.97,2228.25,2226.08,2227.59,131
2026-06-25T14:57:00Z,2227.59,2227.59,2227.33,2227.55,287
2026-06-25T14:58:00Z,2227.55,2228.66,2227.51,2227.51,220
2026-06-25T14:59:00Z,2227.51,2228.35,2227.29,2227.91,216
2026-06-25T15:00:00Z,2227.91,2229.37,2227.91,2228.26,116
2026-06-25T15:01:00Z,2228.26,2229.72,2227.60,2228.61,307
2026-06-25T15:02:00Z,2228.61,2228.83,2227.63,2227.85,216
2026-06-25T15:03:00Z,2227.85,2228.96,2226.43,2227.09,266
2026-06-25T15:04:00Z,2227.09,2228.20,2225.44,2225.88,239
2026-06-25T15:05:00Z,2225.88,2226.77,2224.45,2224.89,276
2026-06-25T15:06:00Z,2224.89,2225.77,2221.47,2222.35,299
2026-06-25T15:07:00Z,2222.35,2222.92,2222.13,2222.70,268
2026-06-25T15:08:00Z,2222.70,2224.82,2221.82,2223.94,253
2026-06-25T15:09:00Z,2223.94,2223.94,2221.62,2221.84,170
2026-06-25T15:10:00Z,2221.84,2223.08,2221.84,2221.97,235
2026-06-25T15:11:00Z,2221.97,2222.63,2219.89,2220.55,166
2026-06-25T15:12:00Z,2220.55,2221.43,2220.01,2220.23,197
2026-06-25T15:13:00Z,2220.23,2220.45,2218.81,2219.91,280
2026-06-25T15:14:00Z,2219.91,2220.35,2218.05,2219.15,112
2026-06-25T15:15:00Z,2219.15,2221.28,2218.27,2220.17,291
2026-06-25T15:16:00Z,2220.17,2220.52,2219.29,2220.30,226
2026-06-25T15:17:00Z,2220.30,2221.53,2219.19,2220.87,241
2026-06-25T15:18:00Z,2220.87,2221.09,2220.11,2220.55,301
2026-06-25T15:19:00Z,2220.55,2221.43,2219.35,2219.79,149
2026-06-25T15:20:00Z,2219.79,2220.36,2219.57,2220.36,201
2026-06-25T15:21:00Z,2220.36,2221.37,2219.70,2221.15,297
2026-06-25T15:22:00Z,2221.15,2221.59,2219.72,2220.83,228
2026-06-25T15:23:00Z,2220.83,2220.83,2219.64,2220.08,222
2026-06-25T15:24:00Z,2220.08,2220.08,2217.33,2218.43,284
2026-06-25T15:25:00Z,2218.43,2219.44,2217.99,2219.22,172
2026-06-25T15:26:00Z,2219.22,2219.44,2217.36,2218.24,147
2026-06-25T15:27:00Z,2218.24,2219.34,2217.26,2217.26,141
2026-06-25T15:28:00Z,2217.26,2217.48,2215.84,2216.94,172
2026-06-25T15:29:00Z,2216.94,2217.38,2215.08,2216.18,118
2026-06-25T15:30:00Z,2216.18,2217.19,2215.52,2216.97,118
2026-06-25T15:31:00Z,2216.97,2218.86,2216.31,2217.98,266
2026-06-25T15:32:00Z,2217.98,2219.08,2217.23,2217.89,170
2026-06-25T15:33:00Z,2217.89,2217.89,2216.69,2217.13,104
2026-06-25T15:34:00Z,2217.13,2217.35,2216.59,2216.81,305
2026-06-25T15:35:00Z,2216.81,2217.47,2216.06,2216.06,149
2026-06-25T15:36:00Z,2216.06,2216.85,2216.06,2216.19,164
2026-06-25T15:37:00Z,2216.19,2217.07,2215.43,2215.43,282
2026-06-25T15:38:00Z,2215.43,2215.56,2214.77,2215.56,110
2026-06-25T15:39:00Z,2215.56,2215.56,2214.37,2215.47,299
2026-06-25T15:40:00Z,2215.47,2215.91,2214.05,2214.93,230
2026-06-25T15:41:00Z,2214.93,2216.16,2214.71,2215.06,297
2026-06-25T15:42:00Z,2215.06,2215.28,2214.08,2214.30,222
2026-06-25T15:43:00Z,2214.30,2214.87,2213.64,2214.87,262
2026-06-25T15:44:00Z,2214.87,2216.32,2213.77,2215.66,312
2026-06-25T15:45:00Z,2215.66,2216.67,2215.22,2216.67,203
2026-06-25T15:46:00Z,2216.67,2219.01,2216.23,2218.35,110
2026-06-25T15:47:00Z,2218.35,2219.59,2217.25,2218.71,145
2026-06-25T15:48:00Z,2218.71,2218.71,2217.51,2217.95,251
2026-06-25T15:49:00Z,2217.95,2218.83,2217.19,2217.63,284
2026-06-25T15:50:00Z,2217.63,2218.87,2217.63,2218.87,191
2026-06-25T15:51:00Z,2218.87,2219.97,2216.78,2217.22,253
2026-06-25T15:52:00Z,2217.22,2218.90,2216.34,2218.90,210
2026-06-25T15:53:00Z,2218.90,2219.56,2218.14,2218.36,110
2026-06-25T15:54:00Z,2218.36,2219.59,2217.92,2218.71,243
2026-06-25T15:55:00Z,2218.71,2219.59,2218.39,2218.39,185
2026-06-25T15:56:00Z,2218.39,2220.28,2217.73,2219.18,133
2026-06-25T15:57:00Z,2219.18,2220.41,2218.96,2219.97,170
2026-06-25T15:58:00Z,2219.97,2222.09,2219.75,2221.21,291
2026-06-25T15:59:00Z,2221.21,2221.43,2219.12,2220.23,239
2026-06-25T16:00:00Z,2220.23,2220.89,2219.40,2219.40,114
2026-06-25T16:01:00Z,2219.40,2220.57,2218.74,2220.13,145
2026-06-25T16:02:00Z,2220.13,2221.01,2218.41,2218.85,253
2026-06-25T16:03:00Z,2218.85,2220.24,2218.63,2219.80,162
2026-06-25T16:04:00Z,2219.80,2220.90,2218.30,2218.52,241
2026-06-25T16:05:00Z,2218.52,2219.69,2218.52,2219.25,162
2026-06-25T16:06:00Z,2219.25,2219.98,2219.03,2219.98,272
2026-06-25T16:07:00Z,2219.98,2219.98,2219.59,2219.59,191
2026-06-25T16:08:00Z,2219.59,2220.10,2218.71,2219.66,224
2026-06-25T16:09:00Z,2219.66,2219.88,2217.95,2219.05,193
2026-06-25T16:10:00Z,2219.05,2219.05,2216.91,2218.01,174
2026-06-25T16:11:00Z,2218.01,2218.08,2217.79,2218.08,201
2026-06-25T16:12:00Z,2218.08,2218.14,2217.64,2218.14,228
2026-06-25T16:13:00Z,2218.14,2219.24,2217.10,2217.98,141
2026-06-25T16:14:00Z,2217.98,2218.20,2216.93,2217.81,214
2026-06-25T16:15:00Z,2217.81,2218.98,2217.59,2217.88,133
2026-06-25T16:16:00Z,2217.88,2219.48,2217.66,2218.82,135
2026-06-25T16:17:00Z,2218.82,2221.10,2217.94,2220.66,289
2026-06-25T16:18:00Z,2220.66,2221.83,2219.55,2221.17,135
2026-06-25T16:19:00Z,2221.17,2221.61,2220.78,2221.00,270
2026-06-25T16:20:00Z,2221.00,2222.83,2219.89,2222.17,185
2026-06-25T16:21:00Z,2222.17,2222.61,2220.45,2220.89,131
2026-06-25T16:22:00Z,2220.89,2221.62,2220.23,2221.40,153
2026-06-25T16:23:00Z,2221.40,2223.01,2220.29,2222.35,176
2026-06-25T16:24:00Z,2222.35,2223.96,2221.47,2223.74,230
2026-06-25T16:25:00Z,2223.74,2225.35,2222.86,2224.47,162
2026-06-25T16:26:00Z,2224.47,2225.35,2222.53,2223.64,180
2026-06-25T16:27:00Z,2223.64,2223.64,2221.71,2222.37,293
2026-06-25T16:28:00Z,2222.37,2222.65,2222.37,2222.43,264
2026-06-25T16:29:00Z,2222.43,2223.60,2222.21,2222.94,135
2026-06-25T16:30:00Z,2222.94,2223.60,2221.45,2221.89,249
2026-06-25T16:31:00Z,2221.89,2224.16,2221.01,2223.28,218
2026-06-25T16:32:00Z,2223.28,2223.94,2221.12,2222.23,110
2026-06-25T16:33:00Z,2222.23,2223.11,2219.85,2220.51,218
2026-06-25T16:34:00Z,2220.51,2220.73,2219.02,2220.13,220
2026-06-25T16:35:00Z,2220.13,2220.57,2219.53,2219.75,235
2026-06-25T16:36:00Z,2219.75,2220.41,2218.25,2218.47,307
2026-06-25T16:37:00Z,2218.47,2220.30,2217.81,2219.86,143
2026-06-25T16:38:00Z,2219.86,2220.08,2217.48,2218.58,153
2026-06-25T16:39:00Z,2218.58,2218.80,2216.65,2216.65,262
2026-06-25T16:40:00Z,2216.65,2217.75,2214.50,2215.60,104
2026-06-25T16:41:00Z,2215.60,2215.67,2215.16,2215.67,116
2026-06-25T16:42:00Z,2215.67,2216.55,2214.63,2214.63,216
2026-06-25T16:43:00Z,2214.63,2214.91,2213.97,2214.69,104
2026-06-25T16:44:00Z,2214.69,2215.35,2214.09,2214.53,287
2026-06-25T16:45:00Z,2214.53,2215.69,2213.43,2214.81,149
2026-06-25T16:46:00Z,2214.81,2217.31,2213.93,2217.09,195
2026-06-25T16:47:00Z,2217.09,2218.04,2217.09,2217.38,274
2026-06-25T16:48:00Z,2217.38,2218.26,2216.11,2216.55,197
2026-06-25T16:49:00Z,2216.55,2216.55,2215.29,2215.95,291
2026-06-25T16:50:00Z,2215.95,2216.17,2214.90,2215.78,172
2026-06-25T16:51:00Z,2215.78,2217.83,2215.56,2216.95,203
2026-06-25T16:52:00Z,2216.95,2218.99,2216.73,2218.11,249
2026-06-25T16:53:00Z,2218.11,2218.99,2216.41,2216.85,170
2026-06-25T16:54:00Z,2216.85,2218.02,2216.63,2217.80,297
2026-06-25T16:55:00Z,2217.80,2218.24,2214.76,2215.86,106
2026-06-25T16:56:00Z,2215.86,2218.35,2215.42,2217.25,172
2026-06-25T16:57:00Z,2217.25,2217.31,2217.03,2217.31,160
2026-06-25T16:58:00Z,2217.31,2218.92,2217.09,2218.48,162
2026-06-25T16:59:00Z,2218.48,2219.58,2217.44,2218.32,247
2026-06-25T17:00:00Z,2218.32,2219.88,2217.22,2219.88,208
2026-06-25T17:01:00Z,2219.88,2221.22,2219.00,2220.56,241
2026-06-25T17:02:00Z,2220.56,2221.90,2220.34,2221.46,106
2026-06-25T17:03:00Z,2221.46,2222.12,2220.80,2221.02,126
2026-06-25T17:04:00Z,2221.02,2222.58,2220.14,2221.70,176
2026-06-25T17:05:00Z,2221.70,2222.14,2220.61,2221.27,197
2026-06-25T17:06:00Z,2221.27,2221.93,2220.83,2221.05,307
2026-06-25T17:07:00Z,2221.05,2221.49,2219.29,2220.40,187
2026-06-25T17:08:00Z,2220.40,2220.62,2218.20,2218.64,124
2026-06-25T17:09:00Z,2218.64,2220.41,2218.42,2219.53,247
2026-06-25T17:10:00Z,2219.53,2220.21,2219.31,2220.21,116
2026-06-25T17:11:00Z,2220.21,2222.00,2219.99,2221.78,245
2026-06-25T17:12:00Z,2221.78,2222.67,2221.56,2222.45,205
2026-06-25T17:13:00Z,2222.45,2222.89,2220.69,2221.35,201
2026-06-25T17:14:00Z,2221.35,2223.58,2221.35,2222.70,305
2026-06-25T17:15:00Z,2222.70,2224.26,2222.26,2223.82,172
2026-06-25T17:16:00Z,2223.82,2223.84,2223.16,2223.84,251
2026-06-25T17:17:00Z,2223.84,2224.06,2222.31,2223.19,137
2026-06-25T17:18:00Z,2223.19,2223.20,2222.31,2223.20,262
2026-06-25T17:19:00Z,2223.20,2223.66,2222.54,2223.22,297
2026-06-25T17:20:00Z,2223.22,2223.22,2221.69,2222.35,297
2026-06-25T17:21:00Z,2222.35,2222.79,2220.80,2221.24,251
2026-06-25T17:22:00Z,2221.24,2221.46,2220.37,2220.59,282
2026-06-25T17:23:00Z,2220.59,2221.71,2220.59,2221.27,131
2026-06-25T17:24:00Z,2221.27,2221.93,2218.40,2219.28,260
2026-06-25T17:25:00Z,2219.28,2220.16,2218.85,2219.07,312
2026-06-25T17:26:00Z,2219.07,2219.73,2218.20,2218.64,158
2026-06-25T17:27:00Z,2218.64,2219.98,2218.64,2219.98,303
2026-06-25T17:28:00Z,2219.98,2221.10,2219.98,2220.22,106
2026-06-25T17:29:00Z,2220.22,2221.56,2219.11,2220.90,214
2026-06-25T17:30:00Z,2220.90,2221.34,2220.46,2220.46,216
2026-06-25T17:31:00Z,2220.46,2221.14,2219.80,2220.48,226
2026-06-25T17:32:00Z,2220.48,2221.59,2220.05,2220.27,203
2026-06-25T17:33:00Z,2220.27,2221.39,2220.05,2220.28,272
2026-06-25T17:34:00Z,2220.28,2221.39,2219.41,2220.07,187
2026-06-25T17:35:00Z,2220.07,2220.95,2219.20,2219.42,255
2026-06-25T17:36:00Z,2219.42,2220.97,2218.76,2220.09,185
2026-06-25T17:37:00Z,2220.09,2221.21,2220.09,2220.55,274
2026-06-25T17:38:00Z,2220.55,2221.45,2219.89,2220.57,253
2026-06-25T17:39:00Z,2220.57,2222.57,2219.46,2221.46,114
2026-06-25T17:40:00Z,2221.46,2221.90,2220.15,2220.59,210
2026-06-25T17:41:00Z,2220.59,2221.27,2220.37,2220.61,262
2026-06-25T17:42:00Z,2220.61,2221.50,2220.17,2220.84,276
2026-06-25T17:43:00Z,2220.84,2221.72,2219.08,2219.74,147
2026-06-25T17:44:00Z,2219.74,2222.20,2219.74,2222.20,128
2026-06-25T17:45:00Z,2222.20,2222.43,2221.32,2222.21,214
2026-06-25T17:46:00Z,2222.21,2223.33,2221.55,2223.11,264
2026-06-25T17:47:00Z,2223.11,2223.33,2222.90,2222.90,164
2026-06-25T17:48:00Z,2222.90,2223.34,2220.91,2221.57,276
2026-06-25T17:49:00Z,2221.57,2221.57,2219.59,2220.25,168
2026-06-25T17:50:00Z,2220.25,2220.47,2219.38,2219.60,180
2026-06-25T17:51:00Z,2219.60,2219.60,2218.94,2219.16,260
2026-06-25T17:52:00Z,2219.16,2219.84,2218.50,2219.62,226
2026-06-25T17:53:00Z,2219.62,2220.97,2219.62,2220.97,195
2026-06-25T17:54:00Z,2220.97,2221.41,2219.87,2220.31,303
2026-06-25T17:55:00Z,2220.31,2220.53,2218.56,2219.66,126
2026-06-25T17:56:00Z,2219.66,2219.68,2219.00,2219.68,268
2026-06-25T17:57:00Z,2219.68,2220.12,2218.36,2219.24,110
2026-06-25T17:58:00Z,2219.24,2221.24,2218.14,2220.36,226
2026-06-25T17:59:00Z,2220.36,2220.82,2220.14,2220.38,282
2026-06-25T18:00:00Z,2220.38,2220.38,2218.53,2219.63,247
2026-06-25T18:01:00Z,2219.63,2220.73,2217.55,2218.21,210
2026-06-25T18:02:00Z,2218.21,2218.43,2216.57,2216.79,264
2026-06-25T18:03:00Z,2216.79,2218.03,2216.79,2216.93,185
2026-06-25T18:04:00Z,2216.93,2216.93,2215.29,2215.51,126
2026-06-25T18:05:00Z,2215.51,2215.51,2214.11,2215.21,266
2026-06-25T18:06:00Z,2215.21,2216.09,2214.90,2214.90,108
2026-06-25T18:07:00Z,2214.90,2215.48,2214.24,2215.48,164
2026-06-25T18:08:00Z,2215.48,2216.94,2214.38,2216.06,216
2026-06-25T18:09:00Z,2216.06,2216.06,2215.76,2215.98,278
2026-06-25T18:10:00Z,2215.98,2218.34,2215.54,2217.68,266
2026-06-25T18:11:00Z,2217.68,2218.34,2215.61,2216.71,274
2026-06-25T18:12:00Z,2216.71,2217.37,2215.52,2216.18,235
2026-06-25T18:13:00Z,2216.18,2217.64,2215.30,2216.76,291
2026-06-25T18:14:00Z,2216.76,2217.42,2216.23,2216.23,218
2026-06-25T18:15:00Z,2216.23,2216.67,2213.93,2214.59,297
2026-06-25T18:16:00Z,2214.59,2215.40,2214.15,2214.96,164
2026-06-25T18:17:00Z,2214.96,2215.40,2214.21,2214.43,176
2026-06-25T18:18:00Z,2214.43,2214.65,2212.80,2213.68,235
2026-06-25T18:19:00Z,2213.68,2214.92,2213.68,2214.48,104
2026-06-25T18:20:00Z,2214.48,2214.70,2213.07,2213.51,312
2026-06-25T18:21:00Z,2213.51,2213.95,2212.11,2212.99,266
2026-06-25T18:22:00Z,2212.99,2214.45,2211.89,2213.57,174
2026-06-25T18:23:00Z,2213.57,2214.45,2212.60,2212.82,193
2026-06-25T18:24:00Z,2212.82,2214.50,2212.82,2213.84,232
2026-06-25T18:25:00Z,2213.84,2214.94,2212.21,2212.87,218
2026-06-25T18:26:00Z,2212.87,2213.09,2211.24,2211.90,187
2026-06-25T18:27:00Z,2211.90,2212.56,2211.16,2211.38,185
2026-06-25T18:28:00Z,2211.38,2211.52,2210.72,2211.52,249
2026-06-25T18:29:00Z,2211.52,2212.62,2210.33,2210.77,133
2026-06-25T18:30:00Z,2210.77,2212.01,2209.89,2211.35,108
2026-06-25T18:31:00Z,2211.35,2212.15,2210.47,2212.15,235
2026-06-25T18:32:00Z,2212.15,2214.95,2211.49,2214.29,108
2026-06-25T18:33:00Z,2214.29,2216.19,2213.19,2215.09,218
2026-06-25T18:34:00Z,2215.09,2215.67,2214.87,2215.45,183
2026-06-25T18:35:00Z,2215.45,2216.47,2214.35,2215.59,112
2026-06-25T18:36:00Z,2215.59,2216.69,2214.40,2214.40,162
2026-06-25T18:37:00Z,2214.40,2214.76,2213.30,2214.54,287
2026-06-25T18:38:00Z,2214.54,2215.79,2213.44,2214.69,237
2026-06-25T18:39:00Z,2214.69,2214.91,2213.72,2213.94,278
2026-06-25T18:40:00Z,2213.94,2215.18,2213.50,2214.08,307
2026-06-25T18:41:00Z,2214.08,2215.18,2212.89,2213.55,151
2026-06-25T18:42:00Z,2213.55,2215.02,2213.55,2214.80,237
2026-06-25T18:43:00Z,2214.80,2215.68,2214.29,2214.73,241
2026-06-25T18:44:00Z,2214.73,2216.41,2214.73,2215.31,264
2026-06-25T18:45:00Z,2215.31,2216.77,2215.09,2216.11,180
2026-06-25T18:46:00Z,2216.11,2216.77,2216.03,2216.03,280
2026-06-25T18:47:00Z,2216.03,2216.03,2214.17,2214.39,274
2026-06-25T18:48:00Z,2214.39,2215.63,2213.51,2215.41,216
2026-06-25T18:49:00Z,2215.41,2216.51,2213.35,2214.45,174
2026-06-25T18:50:00Z,2214.45,2215.33,2213.48,2213.48,247
2026-06-25T18:51:00Z,2213.48,2214.50,2213.26,2213.84,251
2026-06-25T18:52:00Z,2213.84,2214.64,2213.40,2213.98,114
2026-06-25T18:53:00Z,2213.98,2215.45,2213.54,2215.45,218
2026-06-25T18:54:00Z,2215.45,2215.89,2213.38,2214.04,235
2026-06-25T18:55:00Z,2214.04,2215.14,2212.63,2213.73,185
2026-06-25T18:56:00Z,2213.73,2214.53,2213.07,2214.53,187
2026-06-25T18:57:00Z,2214.53,2214.97,2212.90,2213.78,272
2026-06-25T18:58:00Z,2213.78,2215.46,2213.78,2214.58,147
2026-06-25T18:59:00Z,2214.58,2216.49,2214.36,2215.61,309
2026-06-25T19:00:00Z,2215.61,2216.71,2215.33,2215.33,295
2026-06-25T19:01:00Z,2215.33,2215.33,2215.27,2215.27,174
2026-06-25T19:02:00Z,2215.27,2217.43,2214.17,2216.99,266
2026-06-25T19:03:00Z,2216.99,2217.21,2216.27,2216.71,176
2026-06-25T19:04:00Z,2216.71,2217.76,2215.61,2217.10,276
2026-06-25T19:05:00Z,2217.10,2217.10,2215.07,2215.95,299
2026-06-25T19:06:00Z,2215.95,2217.22,2215.29,2216.34,114
2026-06-25T19:07:00Z,2216.34,2216.56,2214.74,2215.40,208
2026-06-25T19:08:00Z,2215.40,2216.45,2215.40,2216.01,199
2026-06-25T19:09:00Z,2216.01,2216.45,2215.07,2215.07,255
2026-06-25T19:10:00Z,2215.07,2217.68,2215.07,2217.24,226
2026-06-25T19:11:00Z,2217.24,2218.29,2216.36,2218.07,133
2026-06-25T19:12:00Z,2218.07,2218.51,2217.57,2217.57,251
2026-06-25T19:13:00Z,2217.57,2218.45,2214.86,2215.74,210
2026-06-25T19:14:00Z,2215.74,2215.74,2214.80,2215.46,118
2026-06-25T19:15:00Z,2215.46,2217.84,2215.02,2217.40,257
2026-06-25T19:16:00Z,2217.40,2218.06,2216.25,2216.69,228
2026-06-25T19:17:00Z,2216.69,2217.79,2215.31,2215.31,312
2026-06-25T19:18:00Z,2215.31,2215.53,2212.82,2213.48,237
2026-06-25T19:19:00Z,2213.48,2213.48,2212.10,2213.20,166
2026-06-25T19:20:00Z,2213.20,2213.42,2212.04,2212.04,203
2026-06-25T19:21:00Z,2212.04,2214.20,2211.60,2213.10,139
2026-06-25T19:22:00Z,2213.10,2213.54,2211.72,2212.60,131
2026-06-25T19:23:00Z,2212.60,2215.19,2211.94,2214.53,295
2026-06-25T19:24:00Z,2214.53,2215.19,2213.37,2213.59,183
2026-06-25T19:25:00Z,2213.59,2214.69,2211.55,2211.99,280
2026-06-25T19:26:00Z,2211.99,2213.26,2210.89,2212.16,203
2026-06-25T19:27:00Z,2212.16,2212.60,2211.01,2211.23,287
2026-06-25T19:28:00Z,2211.23,2212.11,2210.73,2211.17,133
2026-06-25T19:29:00Z,2211.17,2212.44,2210.95,2211.34,264
2026-06-25T19:30:00Z,2211.34,2211.34,2210.18,2210.40,243
2026-06-25T19:31:00Z,2210.40,2212.33,2210.40,2211.23,220
2026-06-25T19:32:00Z,2211.23,2211.45,2210.96,2211.18,104
2026-06-25T19:33:00Z,2211.18,2211.62,2209.80,2210.90,137
2026-06-25T19:34:00Z,2210.90,2213.05,2209.80,2212.17,112
2026-06-25T19:35:00Z,2212.17,2213.27,2210.13,2210.79,156
2026-06-25T19:36:00Z,2210.79,2212.28,2210.79,2211.62,312
2026-06-25T19:37:00Z,2211.62,2212.72,2209.80,2210.68,166
2026-06-25T19:38:00Z,2210.68,2210.90,2207.55,2208.43,249
2026-06-25T19:39:00Z,2208.43,2209.04,2208.21,2208.60,128
2026-06-25T19:40:00Z,2208.60,2210.53,2207.72,2210.53,156
2026-06-25T19:41:00Z,2210.53,2211.63,2209.37,2210.25,232
2026-06-25T19:42:00Z,2210.25,2211.08,2209.59,2210.64,151
2026-06-25T19:43:00Z,2210.64,2211.48,2209.54,2211.04,166
2026-06-25T19:44:00Z,2211.04,2211.04,2210.32,2210.98,237
2026-06-25T19:45:00Z,2210.98,2211.86,2210.70,2210.70,251
2026-06-25T19:46:00Z,2210.70,2212.41,2210.48,2211.53,137
2026-06-25T19:47:00Z,2211.53,2212.36,2210.43,2211.92,214
2026-06-25T19:48:00Z,2211.92,2214.07,2211.48,2213.19,195
2026-06-25T19:49:00Z,2213.19,2213.63,2210.94,2210.94,260
2026-06-25T19:50:00Z,2210.94,2212.21,2210.06,2211.11,189
2026-06-25T19:51:00Z,2211.11,2211.55,2210.61,2211.05,257
2026-06-25T19:52:00Z,2211.05,2211.66,2209.95,2211.22,116
2026-06-25T19:53:00Z,2211.22,2212.93,2210.34,2211.83,116
2026-06-25T19:54:00Z,2211.83,2213.11,2210.95,2213.11,176
2026-06-25T19:55:00Z,2213.11,2213.72,2212.89,2213.50,235
2026-06-25T19:56:00Z,2213.50,2213.94,2211.68,2212.56,268
2026-06-25T19:57:00Z,2212.56,2212.56,2212.06,2212.28,287
2026-06-25T19:58:00Z,2212.28,2212.72,2210.24,2211.12,131
2026-06-25T19:59:00Z,2211.12,2213.94,2210.90,2213.28,216
2026-06-25T20:00:00Z,2213.28,2214.76,2213.06,2214.32,235
2026-06-25T20:01:00Z,2214.32,2214.98,2212.94,2213.60,224
2026-06-25T20:02:00Z,2213.60,2213.60,2212.22,2212.88,172
2026-06-25T20:03:00Z,2212.88,2214.14,2212.44,2213.26,226
2026-06-25T20:04:00Z,2213.26,2213.65,2213.26,2213.65,151
2026-06-25T20:05:00Z,2213.65,2215.59,2212.55,2215.15,203
2026-06-25T20:06:00Z,2215.15,2216.03,2213.76,2213.98,222
2026-06-25T20:07:00Z,2213.98,2215.08,2211.94,2212.60,208
2026-06-25T20:08:00Z,2212.60,2213.43,2211.72,2212.99,156
2026-06-25T20:09:00Z,2212.99,2213.60,2212.33,2213.60,284
2026-06-25T20:10:00Z,2213.60,2214.70,2210.66,2211.54,106
2026-06-25T20:11:00Z,2211.54,2212.81,2211.32,2211.71,293
2026-06-25T20:12:00Z,2211.71,2214.31,2211.71,2213.43,210
2026-06-25T20:13:00Z,2213.43,2214.47,2213.21,2213.59,226
2026-06-25T20:14:00Z,2213.59,2214.86,2213.37,2213.76,137
2026-06-25T20:15:00Z,2213.76,2214.42,2212.38,2213.26,274
2026-06-25T20:16:00Z,2213.26,2214.74,2213.04,2213.64,272
2026-06-25T20:17:00Z,2213.64,2214.52,2213.59,2213.59,226
2026-06-25T20:18:00Z,2213.59,2214.47,2210.44,2211.32,133
2026-06-25T20:19:00Z,2211.32,2212.20,2211.05,2211.05,191
2026-06-25T20:20:00Z,2211.05,2212.09,2210.17,2211.43,232
2026-06-25T20:21:00Z,2211.43,2212.70,2211.43,2212.26,197
2026-06-25T20:22:00Z,2212.26,2212.70,2209.77,2210.43,232
2026-06-25T20:23:00Z,2210.43,2210.65,2209.70,2209.92,208
2026-06-25T20:24:00Z,2209.92,2210.14,2207.21,2208.09,235
2026-06-25T20:25:00Z,2208.09,2208.53,2207.38,2208.04,174
2026-06-25T20:26:00Z,2208.04,2208.48,2207.76,2207.76,153
2026-06-25T20:27:00Z,2207.76,2209.47,2207.10,2208.81,224
2026-06-25T20:28:00Z,2208.81,2209.25,2207.87,2208.09,276
2026-06-25T20:29:00Z,2208.09,2209.58,2206.99,2209.14,232
2026-06-25T20:30:00Z,2209.14,2211.07,2208.04,2210.85,297
2026-06-25T20:31:00Z,2210.85,2212.35,2209.97,2211.91,216
2026-06-25T20:32:00Z,2211.91,2212.79,2210.76,2211.86,158
2026-06-25T20:33:00Z,2211.86,2212.74,2210.47,2211.35,287
2026-06-25T20:34:00Z,2211.35,2211.35,2210.20,2211.08,293
2026-06-25T20:35:00Z,2211.08,2211.08,2208.59,2209.47,284
2026-06-25T20:36:00Z,2209.47,2210.13,2208.31,2209.41,137
2026-06-25T20:37:00Z,2209.41,2210.51,2207.15,2208.03,232
2026-06-25T20:38:00Z,2208.03,2208.42,2207.81,2208.20,135
2026-06-25T20:39:00Z,2208.20,2209.30,2206.38,2207.48,141
2026-06-25T20:40:00Z,2207.48,2208.36,2206.31,2206.97,131
2026-06-25T20:41:00Z,2206.97,2207.85,2204.26,2205.36,137
2026-06-25T20:42:00Z,2205.36,2205.58,2203.76,2204.42,251
2026-06-25T20:43:00Z,2204.42,2205.68,2203.32,2205.02,224
2026-06-25T20:44:00Z,2205.02,2205.02,2203.86,2203.86,120
2026-06-25T20:45:00Z,2203.86,2205.13,2203.42,2204.69,272
2026-06-25T20:46:00Z,2204.69,2204.91,2204.63,2204.63,187
2026-06-25T20:47:00Z,2204.63,2205.73,2204.58,2204.58,270
2026-06-25T20:48:00Z,2204.58,2204.80,2204.09,2204.53,268
2026-06-25T20:49:00Z,2204.53,2206.69,2204.09,2205.59,124
2026-06-25T20:50:00Z,2205.59,2205.59,2205.08,2205.08,274
2026-06-25T20:51:00Z,2205.08,2206.57,2205.08,2205.69,187
2026-06-25T20:52:00Z,2205.69,2206.57,2205.19,2205.19,291
2026-06-25T20:53:00Z,2205.19,2205.19,2204.91,2204.91,120
2026-06-25T20:54:00Z,2204.91,2206.63,2203.81,2205.97,108
2026-06-25T20:55:00Z,2205.97,2206.80,2205.53,2206.36,191
2026-06-25T20:56:00Z,2206.36,2207.62,2206.14,2206.52,187
2026-06-25T20:57:00Z,2206.52,2207.18,2204.25,2204.69,185
2026-06-25T20:58:00Z,2204.69,2205.52,2204.03,2205.30,303
2026-06-25T20:59:00Z,2205.30,2205.52,2203.48,2204.58,164
2026-06-25T21:00:00Z,2204.58,2205.46,2202.55,2203.21,172
2026-06-25T21:01:00Z,2203.21,2204.50,2202.11,2203.40,156
2026-06-25T21:02:00Z,2203.40,2203.62,2203.13,2203.13,274
2026-06-25T21:03:00Z,2203.13,2204.86,2203.13,2203.98,116
2026-06-25T21:04:00Z,2203.98,2205.26,2203.54,2204.38,222
2026-06-25T21:05:00Z,2204.38,2206.11,2203.72,2205.01,110
2026-06-25T21:06:00Z,2205.01,2205.89,2204.52,2204.74,131
2026-06-25T21:07:00Z,2204.74,2205.81,2204.52,2205.81,201
2026-06-25T21:08:00Z,2205.81,2205.81,2204.88,2205.54,126
2026-06-25T21:09:00Z,2205.54,2206.17,2205.10,2206.17,141
2026-06-25T21:10:00Z,2206.17,2207.23,2205.73,2206.57,143
2026-06-25T21:11:00Z,2206.57,2206.57,2204.55,2205.43,293
2026-06-25T21:12:00Z,2205.43,2205.65,2204.06,2204.94,137
2026-06-25T21:13:00Z,2204.94,2205.35,2204.50,2205.13,205
2026-06-25T21:14:00Z,2205.13,2206.01,2204.20,2204.20,170
2026-06-25T21:15:00Z,2204.20,2204.20,2204.16,2204.16,116
2026-06-25T21:16:00Z,2204.16,2205.04,2203.01,2203.89,210
2026-06-25T21:17:00Z,2203.89,2205.18,2202.79,2205.18,120
2026-06-25T21:18:00Z,2205.18,2206.06,2203.37,2204.47,237
2026-06-25T21:19:00Z,2204.47,2205.98,2204.47,2204.88,237
2026-06-25T21:20:00Z,2204.88,2206.38,2204.00,2205.28,166
2026-06-25T21:21:00Z,2205.28,2207.01,2204.40,2206.57,239
2026-06-25T21:22:00Z,2206.57,2208.07,2206.35,2208.07,222
2026-06-25T21:23:00Z,2208.07,2209.80,2208.07,2208.70,203
2026-06-25T21:24:00Z,2208.70,2209.80,2207.55,2207.77,193
2026-06-25T21:25:00Z,2207.77,2208.43,2206.19,2207.29,280
2026-06-25T21:26:00Z,2207.29,2209.01,2206.19,2208.57,110
2026-06-25T21:27:00Z,2208.57,2210.30,2207.47,2209.64,266
2026-06-25T21:28:00Z,2209.64,2212.24,2208.76,2211.36,128
2026-06-25T21:29:00Z,2211.36,2212.46,2210.22,2210.88,268
2026-06-25T21:30:00Z,2210.88,2213.05,2210.00,2212.17,153
2026-06-25T21:31:00Z,2212.17,2213.45,2211.73,2213.45,193
2026-06-25T21:32:00Z,2213.45,2214.96,2212.79,2214.30,120
2026-06-25T21:33:00Z,2214.30,2215.58,2213.64,2214.70,255
2026-06-25T21:34:00Z,2214.70,2215.77,2214.70,2215.11,222
2026-06-25T21:35:00Z,2215.11,2215.55,2214.84,2215.06,276
2026-06-25T21:36:00Z,2215.06,2215.06,2214.80,2215.02,247
2026-06-25T21:37:00Z,2215.02,2215.68,2213.43,2214.31,214
2026-06-25T21:38:00Z,2214.31,2214.53,2212.95,2214.05,153
2026-06-25T21:39:00Z,2214.05,2214.27,2211.80,2212.68,235
2026-06-25T21:40:00Z,2212.68,2213.34,2210.88,2211.98,237
2026-06-25T21:41:00Z,2211.98,2213.26,2210.88,2212.60,299
2026-06-25T21:42:00Z,2212.60,2213.89,2212.16,2213.89,170
2026-06-25T21:43:00Z,2213.89,2215.17,2213.67,2214.29,172
2026-06-25T21:44:00Z,2214.29,2215.80,2214.29,2215.80,282
2026-06-25T21:45:00Z,2215.80,2216.24,2214.87,2215.09,128
2026-06-25T21:46:00Z,2215.09,2215.53,2214.39,2214.39,260
2026-06-25T21:47:00Z,2214.39,2215.27,2212.58,2213.02,297
2026-06-25T21:48:00Z,2213.02,2214.53,2212.58,2214.31,170
2026-06-25T21:49:00Z,2214.31,2214.53,2212.94,2213.82,195
2026-06-25T21:50:00Z,2213.82,2214.70,2212.02,2213.12,151
2026-06-25T21:51:00Z,2213.12,2214.22,2213.07,2213.07,255
2026-06-25T21:52:00Z,2213.07,2213.07,2211.05,2211.49,193
2026-06-25T21:53:00Z,2211.49,2211.49,2210.78,2211.44,189
2026-06-25T21:54:00Z,2211.44,2212.51,2210.78,2212.07,166
2026-06-25T21:55:00Z,2212.07,2212.91,2212.07,2212.69,222
2026-06-25T21:56:00Z,2212.69,2213.79,2212.21,2212.43,287
2026-06-25T21:57:00Z,2212.43,2213.27,2211.55,2213.05,249
2026-06-25T21:58:00Z,2213.05,2213.71,2212.35,2212.57,106
2026-06-25T21:59:00Z,2212.57,2213.23,2211.87,2212.53,301
2026-06-25T22:00:00Z,2212.53,2213.63,2211.27,2211.93,180
2026-06-25T22:01:00Z,2211.93,2212.59,2209.80,2210.24,185
2026-06-25T22:02:00Z,2210.24,2212.29,2209.80,2211.63,197
2026-06-25T22:03:00Z,2211.63,2213.25,2210.75,2212.15,178
2026-06-25T22:04:00Z,2212.15,2214.42,2212.15,2213.32,295
2026-06-25T22:05:00Z,2213.32,2213.76,2213.18,2213.18,239
2026-06-25T22:06:00Z,2213.18,2214.57,2212.30,2214.57,210
2026-06-25T22:07:00Z,2214.57,2217.30,2214.13,2216.42,243
2026-06-25T22:08:00Z,2216.42,2216.42,2214.95,2216.05,133
2026-06-25T22:09:00Z,2216.05,2217.23,2216.05,2217.23,128
2026-06-25T22:10:00Z,2217.23,2217.31,2216.79,2217.31,245
2026-06-25T22:11:00Z,2217.31,2217.97,2215.61,2216.05,139
2026-06-25T22:12:00Z,2216.05,2216.27,2215.68,2215.68,110
2026-06-25T22:13:00Z,2215.68,2216.34,2213.09,2213.97,189
2026-06-25T22:14:00Z,2213.97,2215.15,2213.31,2214.27,104
2026-06-25T22:15:00Z,2214.27,2214.49,2213.02,2213.68,241
2026-06-25T22:16:00Z,2213.68,2214.63,2213.68,2214.19,274
2026-06-25T22:17:00Z,2214.19,2216.48,2213.75,2215.60,187
2026-06-25T22:18:00Z,2215.60,2217.43,2215.60,2216.55,262
2026-06-25T22:19:00Z,2216.55,2217.21,2216.18,2216.18,274
2026-06-25T22:20:00Z,2216.18,2217.79,2215.74,2216.69,141
2026-06-25T22:21:00Z,2216.69,2217.57,2215.22,2216.32,253
2026-06-25T22:22:00Z,2216.32,2216.54,2215.52,2216.18,299
2026-06-25T22:23:00Z,2216.18,2216.91,2215.08,2216.47,128
2026-06-25T22:24:00Z,2216.47,2216.69,2215.66,2215.88,287
2026-06-25T22:25:00Z,2215.88,2215.88,2215.28,2215.28,201
2026-06-25T22:26:00Z,2215.28,2215.80,2215.06,2215.80,112
2026-06-25T22:27:00Z,2215.80,2217.41,2214.92,2216.53,270
2026-06-25T22:28:00Z,2216.53,2216.61,2215.87,2216.61,145
2026-06-25T22:29:00Z,2216.61,2216.91,2215.51,2216.91,220
2026-06-25T22:30:00Z,2216.91,2217.86,2216.69,2217.20,287
2026-06-25T22:31:00Z,2217.20,2217.86,2215.50,2215.72,280
2026-06-25T22:32:00Z,2215.72,2216.45,2215.72,2216.01,251
2026-06-25T22:33:00Z,2216.01,2217.11,2214.54,2215.64,309
2026-06-25T22:34:00Z,2215.64,2216.52,2213.71,2213.71,137
2026-06-25T22:35:00Z,2213.71,2214.37,2210.25,2211.35,210
2026-06-25T22:36:00Z,2211.35,2211.57,2210.31,2210.97,131
2026-06-25T22:37:00Z,2210.97,2211.63,2209.50,2210.60,301
2026-06-25T22:38:00Z,2210.60,2212.00,2210.38,2211.12,282
2026-06-25T22:39:00Z,2211.12,2211.12,2209.42,2210.30,301
2026-06-25T22:40:00Z,2210.30,2211.48,2209.86,2210.38,278
2026-06-25T22:41:00Z,2210.38,2211.33,2209.94,2210.67,303
2026-06-25T22:42:00Z,2210.67,2211.11,2209.64,2210.30,187
2026-06-25T22:43:00Z,2210.30,2210.52,2208.15,2208.15,201
2026-06-25T22:44:00Z,2208.15,2208.81,2207.34,2207.34,212
2026-06-25T22:45:00Z,2207.34,2208.74,2206.68,2207.64,116
2026-06-25T22:46:00Z,2207.64,2207.86,2206.16,2206.60,110
2026-06-25T22:47:00Z,2206.60,2206.68,2206.38,2206.68,287
2026-06-25T22:48:00Z,2206.68,2208.73,2206.02,2207.63,284
2026-06-25T22:49:00Z,2207.63,2207.63,2206.39,2207.49,187
2026-06-25T22:50:00Z,2207.49,2208.00,2206.61,2207.56,243
2026-06-25T22:51:00Z,2207.56,2208.96,2207.56,2208.30,135
2026-06-25T22:52:00Z,2208.30,2209.18,2207.93,2207.93,214
2026-06-25T22:53:00Z,2207.93,2208.81,2206.68,2207.78,122
2026-06-25T22:54:00Z,2207.78,2208.52,2207.12,2207.86,297
2026-06-25T22:55:00Z,2207.86,2209.69,2207.42,2209.03,226
2026-06-25T22:56:00Z,2209.03,2209.77,2208.81,2209.55,183
2026-06-25T22:57:00Z,2209.55,2210.94,2208.89,2210.06,147
2026-06-25T22:58:00Z,2210.06,2210.94,2209.69,2209.69,106
2026-06-25T22:59:00Z,2209.69,2209.91,2209.10,2209.32,226
2026-06-25T23:00:00Z,2209.32,2210.15,2208.22,2209.49,235
2026-06-25T23:01:00Z,2209.49,2210.99,2209.05,2210.77,228
2026-06-25T23:02:00Z,2210.77,2211.60,2210.11,2211.38,118
2026-06-25T23:03:00Z,2211.38,2212.22,2211.38,2212.22,197
2026-06-25T23:04:00Z,2212.22,2212.22,2209.29,2209.95,112
2026-06-25T23:05:00Z,2209.95,2211.05,2209.69,2209.91,104
2026-06-25T23:06:00Z,2209.91,2210.96,2208.81,2210.52,158
2026-06-25T23:07:00Z,2210.52,2211.58,2210.52,2211.14,224
2026-06-25T23:08:00Z,2211.14,2211.36,2208.88,2209.98,147
2026-06-25T23:09:00Z,2209.98,2210.64,2208.39,2209.27,122
2026-06-25T23:10:00Z,2209.27,2209.27,2207.23,2207.89,305
2026-06-25T23:11:00Z,2207.89,2208.55,2205.42,2206.30,266
2026-06-25T23:12:00Z,2206.30,2207.35,2206.30,2206.69,203
2026-06-25T23:13:00Z,2206.69,2206.69,2205.54,2206.20,309
2026-06-25T23:14:00Z,2206.20,2206.20,2205.27,2206.15,133
2026-06-25T23:15:00Z,2206.15,2206.37,2204.56,2204.78,203
2026-06-25T23:16:00Z,2204.78,2207.15,2204.12,2206.27,249
2026-06-25T23:17:00Z,2206.27,2206.67,2206.27,2206.45,158
2026-06-25T23:18:00Z,2206.45,2206.67,2205.29,2205.29,158
2026-06-25T23:19:00Z,2205.29,2205.95,2204.36,2204.58,293
2026-06-25T23:20:00Z,2204.58,2205.02,2203.86,2204.30,295
2026-06-25T23:21:00Z,2204.30,2204.52,2202.49,2203.15,251
2026-06-25T23:22:00Z,2203.15,2204.03,2201.55,2202.21,183
2026-06-25T23:23:00Z,2202.21,2204.37,2201.99,2203.49,243
2026-06-25T23:24:00Z,2203.49,2204.32,2203.27,2203.66,257
2026-06-25T23:25:00Z,2203.66,2204.72,2203.44,2204.06,268
2026-06-25T23:26:00Z,2204.06,2204.06,2203.56,2203.56,255
2026-06-25T23:27:00Z,2203.56,2205.72,2202.90,2204.84,135
2026-06-25T23:28:00Z,2204.84,2205.94,2203.90,2204.34,245
2026-06-25T23:29:00Z,2204.34,2206.06,2203.24,2205.62,137
2026-06-25T23:30:00Z,2205.62,2206.90,2205.62,2206.68,120
2026-06-25T23:31:00Z,2206.68,2207.73,2206.02,2207.07,278
2026-06-25T23:32:00Z,2207.07,2208.57,2206.19,2208.35,220
2026-06-25T23:33:00Z,2208.35,2209.23,2208.08,2208.30,276
2026-06-25T23:34:00Z,2208.30,2208.52,2207.37,2207.37,203
2026-06-25T23:35:00Z,2207.37,2207.37,2206.88,2207.32,183
2026-06-25T23:36:00Z,2207.32,2208.20,2206.17,2207.05,309
2026-06-25T23:37:00Z,2207.05,2208.76,2207.05,2207.66,104
2026-06-25T23:38:00Z,2207.66,2208.10,2205.19,2206.07,170
2026-06-25T23:39:00Z,2206.07,2206.68,2205.19,2206.68,189
2026-06-25T23:40:00Z,2206.68,2208.18,2206.46,2207.08,305
2026-06-25T23:41:00Z,2207.08,2207.91,2207.08,2207.25,131
2026-06-25T23:42:00Z,2207.25,2207.69,2205.22,2205.44,126
2026-06-25T23:43:00Z,2205.44,2206.32,2204.29,2205.39,216
2026-06-25T23:44:00Z,2205.39,2205.61,2204.90,2204.90,232
2026-06-25T23:45:00Z,2204.90,2205.73,2204.46,2205.29,297
2026-06-25T23:46:00Z,2205.29,2206.13,2204.63,2205.47,270
2026-06-25T23:47:00Z,2205.47,2206.13,2204.75,2204.75,305
2026-06-25T23:48:00Z,2204.75,2205.37,2204.53,2205.37,280
2026-06-25T23:49:00Z,2205.37,2205.81,2203.55,2204.65,232
2026-06-25T23:50:00Z,2204.65,2204.65,2203.73,2204.61,284
2026-06-25T23:51:00Z,2204.61,2206.32,2204.17,2206.10,178
2026-06-25T23:52:00Z,2206.10,2206.32,2205.61,2205.61,253
2026-06-25T23:53:00Z,2205.61,2206.05,2203.57,2204.23,193
2026-06-25T23:54:00Z,2204.23,2204.89,2203.97,2204.19,137
2026-06-25T23:55:00Z,2204.19,2205.24,2203.53,2204.36,191
2026-06-25T23:56:00Z,2204.36,2204.58,2203.21,2203.87,156
2026-06-25T23:57:00Z,2203.87,2204.97,2202.71,2203.59,191
2026-06-25T23:58:00Z,2203.59,2205.09,2203.15,2204.21,197
2026-06-25T23:59:00Z,2204.21,2204.43,2203.72,2203.94,162
2026-06-26T00:00:00Z,2203.94,2204.82,2202.62,2202.84,164
2026-06-26T00:01:00Z,2202.84,2202.84,2201.75,2201.97,272
2026-06-26T00:02:00Z,2201.97,2202.65,2200.87,2202.65,106
2026-06-26T00:03:00Z,2202.65,2203.75,2202.23,2202.45,282
2026-06-26T00:04:00Z,2202.45,2203.55,2201.80,2201.80,295
2026-06-26T00:05:00Z,2201.80,2202.92,2201.14,2202.48,205
2026-06-26T00:06:00Z,2202.48,2203.58,2201.40,2202.28,247
2026-06-26T00:07:00Z,2202.28,2203.40,2202.28,2202.74,260
2026-06-26T00:08:00Z,2202.74,2203.64,2201.86,2203.42,180
2026-06-26T00:09:00Z,2203.42,2205.42,2202.76,2204.98,249
2026-06-26T00:10:00Z,2204.98,2205.88,2204.32,2205.22,251
2026-06-26T00:11:00Z,2205.22,2207.44,2204.34,2206.34,166
2026-06-26T00:12:00Z,2206.34,2207.44,2205.48,2206.14,174
2026-06-26T00:13:00Z,2206.14,2207.24,2204.17,2204.39,156
2026-06-26T00:14:00Z,2204.39,2205.05,2202.42,2203.52,110
2026-06-26T00:15:00Z,2203.52,2203.96,2202.64,2203.08,149
2026-06-26T00:16:00Z,2203.08,2203.52,2201.99,2202.65,151
2026-06-26T00:17:00Z,2202.65,2203.31,2199.36,2200.24,114
2026-06-26T00:18:00Z,2200.24,2200.24,2198.50,2199.59,297
2026-06-26T00:19:00Z,2199.59,2199.80,2197.41,2198.06,212
2026-06-26T00:20:00Z,2198.06,2198.73,2197.63,2198.30,178
2026-06-26T00:21:00Z,2198.30,2199.39,2198.10,2198.10,274
2026-06-26T00:22:00Z,2198.10,2199.43,2197.67,2199.22,222
2026-06-26T00:23:00Z,2199.22,2200.09,2197.92,2198.13,264
2026-06-26T00:24:00Z,2198.13,2199.02,2197.26,2198.59,128
2026-06-26T00:25:00Z,2198.59,2199.92,2198.59,2199.27,131
2026-06-26T00:26:00Z,2199.27,2200.82,2198.40,2199.73,230
2026-06-26T00:27:00Z,2199.73,2199.94,2198.20,2198.20,284
2026-06-26T00:28:00Z,2198.20,2198.85,2196.46,2197.33,301
2026-06-26T00:29:00Z,2197.33,2198.66,2196.68,2198.01,141
2026-06-26T00:30:00Z,2198.01,2198.88,2196.93,2197.80,131
2026-06-26T00:31:00Z,2197.80,2198.67,2195.62,2196.71,251
2026-06-26T00:32:00Z,2196.71,2197.14,2196.51,2196.51,309
2026-06-26T00:33:00Z,2196.51,2198.28,2195.42,2197.41,255
2026-06-26T00:34:00Z,2197.41,2197.65,2196.54,2197.65,112
2026-06-26T00:35:00Z,2197.65,2197.88,2196.56,2197.67,282
2026-06-26T00:36:00Z,2197.67,2198.34,2196.58,2198.13,201
2026-06-26T00:37:00Z,2198.13,2198.78,2196.82,2196.82,110
2026-06-26T00:38:00Z,2196.82,2197.93,2196.39,2197.72,303
2026-06-26T00:39:00Z,2197.72,2198.81,2196.85,2196.85,218
2026-06-26T00:40:00Z,2196.85,2197.28,2195.33,2195.98,295
2026-06-26T00:41:00Z,2195.98,2196.19,2194.90,2195.11,249
2026-06-26T00:42:00Z,2195.11,2196.20,2193.59,2194.02,293
2026-06-26T00:43:00Z,2194.02,2194.67,2193.38,2193.59,253
2026-06-26T00:44:00Z,2193.59,2194.24,2192.51,2192.72,251
2026-06-26T00:45:00Z,2192.72,2193.59,2191.41,2192.28,106
2026-06-26T00:46:00Z,2192.28,2192.49,2190.54,2191.63,128
2026-06-26T00:47:00Z,2191.63,2192.08,2191.63,2191.65,284
2026-06-26T00:48:00Z,2191.65,2193.64,2191.65,2192.99,176
2026-06-26T00:49:00Z,2192.99,2194.08,2192.35,2192.56,131
2026-06-26T00:50:00Z,2192.56,2192.80,2191.91,2192.80,178
2026-06-26T00:51:00Z,2192.80,2193.89,2192.17,2192.60,278
2026-06-26T00:52:00Z,2192.60,2193.93,2192.39,2192.84,218
2026-06-26T00:53:00Z,2192.84,2194.17,2192.41,2193.30,141
2026-06-26T00:54:00Z,2193.30,2194.39,2191.34,2192.43,122
2026-06-26T00:55:00Z,2192.43,2192.86,2190.91,2191.78,170
2026-06-26T00:56:00Z,2191.78,2192.89,2191.57,2192.24,268
2026-06-26T00:57:00Z,2192.24,2192.67,2191.83,2192.04,110
2026-06-26T00:58:00Z,2192.04,2192.72,2191.83,2192.72,141
2026-06-26T00:59:00Z,2192.72,2194.05,2191.63,2193.62,299
2026-06-26T01:00:00Z,2193.62,2194.27,2193.18,2193.61,153
2026-06-26T01:01:00Z,2193.61,2193.82,2190.98,2191.85,282
2026-06-26T01:02:00Z,2191.85,2192.72,2190.32,2191.41,249
2026-06-26T01:03:00Z,2191.41,2191.62,2189.44,2189.65,122
2026-06-26T01:04:00Z,2189.65,2191.61,2189.65,2191.61,145
2026-06-26T01:05:00Z,2191.61,2192.26,2190.74,2192.26,241
2026-06-26T01:06:00Z,2192.26,2194.44,2191.39,2194.01,232
2026-06-26T01:07:00Z,2194.01,2194.88,2192.04,2192.69,195
2026-06-26T01:08:00Z,2192.69,2193.34,2191.37,2191.58,237
2026-06-26T01:09:00Z,2191.58,2191.58,2191.14,2191.14,178
2026-06-26T01:10:00Z,2191.14,2192.66,2190.27,2192.23,295
2026-06-26T01:11:00Z,2192.23,2192.44,2190.26,2191.35,222
2026-06-26T01:12:00Z,2191.35,2191.35,2190.02,2190.02,137
2026-06-26T01:13:00Z,2190.02,2191.11,2189.81,2190.02,303
2026-06-26T01:14:00Z,2190.02,2190.45,2189.15,2189.36,135
2026-06-26T01:15:00Z,2189.36,2189.36,2187.83,2188.92,295
2026-06-26T01:16:00Z,2188.92,2189.55,2187.83,2189.12,266
2026-06-26T01:17:00Z,2189.12,2189.77,2187.81,2188.68,262
2026-06-26T01:18:00Z,2188.68,2189.32,2187.81,2188.89,243
2026-06-26T01:19:00Z,2188.89,2189.98,2187.14,2188.23,172
2026-06-26T01:20:00Z,2188.23,2188.23,2187.56,2187.56,108
2026-06-26T01:21:00Z,2187.56,2188.86,2187.56,2187.77,141
2026-06-26T01:22:00Z,2187.77,2187.98,2187.12,2187.98,220
2026-06-26T01:23:00Z,2187.98,2189.28,2187.33,2188.19,272
2026-06-26T01:24:00Z,2188.19,2188.84,2187.09,2187.74,199
2026-06-26T01:25:00Z,2187.74,2189.04,2187.31,2188.17,147
2026-06-26T01:26:00Z,2188.17,2188.38,2185.76,2186.41,303
2026-06-26T01:27:00Z,2186.41,2187.05,2186.41,2186.62,199
2026-06-26T01:28:00Z,2186.62,2187.27,2184.86,2185.51,218
2026-06-26T01:29:00Z,2185.51,2186.16,2183.76,2183.76,122
2026-06-26T01:30:00Z,2183.76,2185.28,2182.89,2185.07,268
2026-06-26T01:31:00Z,2185.07,2185.72,2185.07,2185.07,195
2026-06-26T01:32:00Z,2185.07,2185.07,2182.66,2183.53,220
2026-06-26T01:33:00Z,2183.53,2183.74,2181.35,2181.78,201
2026-06-26T01:34:00Z,2181.78,2181.78,2181.12,2181.12,201
2026-06-26T01:35:00Z,2181.12,2182.21,2181.12,2181.12,151
2026-06-26T01:36:00Z,2181.12,2181.76,2180.47,2181.76,262
2026-06-26T01:37:00Z,2181.76,2184.81,2180.89,2183.72,299
2026-06-26T01:38:00Z,2183.72,2184.59,2182.63,2182.84,126
2026-06-26T01:39:00Z,2182.84,2183.49,2182.63,2183.49,243
2026-06-26T01:40:00Z,2183.49,2185.66,2182.62,2184.57,266
2026-06-26T01:41:00Z,2184.57,2186.09,2184.36,2185.88,249
2026-06-26T01:42:00Z,2185.88,2185.88,2185.23,2185.44,145
2026-06-26T01:43:00Z,2185.44,2186.53,2184.35,2184.56,262
2026-06-26T01:44:00Z,2184.56,2186.07,2183.91,2185.20,274
2026-06-26T01:45:00Z,2185.20,2186.50,2184.33,2185.63,189
2026-06-26T01:46:00Z,2185.63,2186.06,2184.54,2185.19,191
2026-06-26T01:47:00Z,2185.19,2186.06,2184.10,2186.06,241
2026-06-26T01:48:00Z,2186.06,2186.27,2183.42,2184.51,110
2026-06-26T01:49:00Z,2184.51,2185.81,2183.86,2185.60,278
2026-06-26T01:50:00Z,2185.60,2186.69,2185.60,2186.69,193
2026-06-26T01:51:00Z,2186.69,2188.65,2186.69,2187.78,178
2026-06-26T01:52:00Z,2187.78,2187.99,2186.46,2186.67,178
2026-06-26T01:53:00Z,2186.67,2188.85,2186.02,2188.20,270
2026-06-26T01:54:00Z,2188.20,2189.29,2186.45,2186.88,178
2026-06-26T01:55:00Z,2186.88,2187.53,2185.57,2186.00,183
2026-06-26T01:56:00Z,2186.00,2186.87,2185.34,2185.55,112
2026-06-26T01:57:00Z,2185.55,2186.85,2185.55,2186.20,243
2026-06-26T01:58:00Z,2186.20,2187.07,2185.11,2187.07,164
2026-06-26T01:59:00Z,2187.07,2187.94,2186.64,2186.85,266
2026-06-26T02:00:00Z,2186.85,2189.90,2186.42,2189.03,189
2026-06-26T02:01:00Z,2189.03,2189.68,2188.38,2189.03,247
2026-06-26T02:02:00Z,2189.03,2189.24,2187.50,2188.37,156
2026-06-26T02:03:00Z,2188.37,2190.33,2187.72,2189.46,255
2026-06-26T02:04:00Z,2189.46,2190.55,2188.81,2189.46,176
2026-06-26T02:05:00Z,2189.46,2189.67,2187.71,2188.58,272
2026-06-26T02:06:00Z,2188.58,2189.23,2185.74,2186.83,137
2026-06-26T02:07:00Z,2186.83,2189.23,2186.40,2188.14,201
2026-06-26T02:08:00Z,2188.14,2190.98,2187.49,2189.89,278
2026-06-26T02:09:00Z,2189.89,2192.07,2189.89,2191.42,112
2026-06-26T02:10:00Z,2191.42,2191.63,2190.11,2190.98,224
2026-06-26T02:11:00Z,2190.98,2190.98,2190.55,2190.76,274
2026-06-26T02:12:00Z,2190.76,2190.97,2188.79,2189.44,201
2026-06-26T02:13:00Z,2189.44,2189.45,2188.79,2189.45,141
2026-06-26T02:14:00Z,2189.45,2190.32,2187.70,2188.57,228
2026-06-26T02:15:00Z,2188.57,2190.53,2187.92,2189.88,112
2026-06-26T02:16:00Z,2189.88,2190.96,2189.01,2190.53,110
2026-06-26T02:17:00Z,2190.53,2192.05,2189.44,2190.96,312
2026-06-26T02:18:00Z,2190.96,2191.61,2190.31,2191.61,172
2026-06-26T02:19:00Z,2191.61,2192.04,2190.53,2190.96,174
2026-06-26T02:20:00Z,2190.96,2190.96,2189.65,2190.30,166
2026-06-26T02:21:00Z,2190.30,2190.73,2190.30,2190.73,104
2026-06-26T02:22:00Z,2190.73,2191.15,2190.73,2190.94,247
2026-06-26T02:23:00Z,2190.94,2192.03,2189.41,2190.28,226
2026-06-26T02:24:00Z,2190.28,2190.71,2190.06,2190.06,208
2026-06-26T02:25:00Z,2190.06,2191.58,2189.85,2190.49,309
2026-06-26T02:26:00Z,2190.49,2191.36,2189.85,2190.06,301
2026-06-26T02:27:00Z,2190.06,2190.49,2188.09,2189.18,143
2026-06-26T02:28:00Z,2189.18,2189.61,2186.77,2187.86,289
2026-06-26T02:29:00Z,2187.86,2190.26,2186.99,2189.17,214
2026-06-26T02:30:00Z,2189.17,2191.35,2189.17,2190.92,264
2026-06-26T02:31:00Z,2190.92,2192.00,2190.27,2191.57,235
2026-06-26T02:32:00Z,2191.57,2192.44,2189.82,2190.91,216
2026-06-26T02:33:00Z,2190.91,2190.91,2189.83,2190.70,135
2026-06-26T02:34:00Z,2190.70,2191.13,2187.86,2188.07,251
2026-06-26T02:35:00Z,2188.07,2188.07,2186.76,2186.97,216
2026-06-26T02:36:00Z,2186.97,2188.05,2186.10,2187.62,226
2026-06-26T02:37:00Z,2187.62,2187.62,2187.41,2187.62,205
2026-06-26T02:38:00Z,2187.62,2188.70,2186.53,2188.05,241
2026-06-26T02:39:00Z,2188.05,2188.48,2186.09,2186.74,158
2026-06-26T02:40:00Z,2186.74,2187.82,2186.31,2187.39,222
2026-06-26T02:41:00Z,2187.39,2187.60,2186.52,2187.60,110
2026-06-26T02:42:00Z,2187.60,2187.81,2185.85,2186.50,205
2026-06-26T02:43:00Z,2186.50,2189.11,2185.85,2188.24,232
2026-06-26T02:44:00Z,2188.24,2189.10,2188.24,2188.45,156
2026-06-26T02:45:00Z,2188.45,2188.45,2187.36,2188.45,178
2026-06-26T02:46:00Z,2188.45,2189.76,2187.36,2189.11,147
2026-06-26T02:47:00Z,2189.11,2189.11,2186.92,2187.79,232
2026-06-26T02:48:00Z,2187.79,2188.00,2186.70,2187.35,268
2026-06-26T02:49:00Z,2187.35,2187.35,2186.47,2186.47,241
2026-06-26T02:50:00Z,2186.47,2188.43,2185.38,2187.78,135
2026-06-26T02:51:00Z,2187.78,2188.43,2185.37,2186.24,224
2026-06-26T02:52:00Z,2186.24,2187.98,2185.59,2187.11,158
2026-06-26T02:53:00Z,2187.11,2189.30,2186.46,2188.65,268
2026-06-26T02:54:00Z,2188.65,2188.86,2188.00,2188.86,255
2026-06-26T02:55:00Z,2188.86,2189.07,2187.77,2189.07,170
2026-06-26T02:56:00Z,2189.07,2189.94,2187.54,2188.63,299
2026-06-26T02:57:00Z,2188.63,2189.06,2187.76,2188.63,143
2026-06-26T02:58:00Z,2188.63,2190.15,2187.76,2189.28,160
2026-06-26T02:59:00Z,2189.28,2189.49,2188.41,2188.41,293
2026-06-26T03:00:00Z,2188.41,2189.58,2187.32,2188.49,137
2026-06-26T03:01:00Z,2188.49,2189.14,2186.82,2187.47,147
2026-06-26T03:02:00Z,2187.47,2188.12,2185.15,2185.80,226
2026-06-26T03:03:00Z,2185.80,2186.89,2183.48,2183.91,139
2026-06-26T03:04:00Z,2183.91,2184.21,2183.48,2184.00,220
2026-06-26T03:05:00Z,2184.00,2185.38,2183.35,2184.51,214
2026-06-26T03:06:00Z,2184.51,2185.67,2183.86,2184.80,278
2026-06-26T03:07:00Z,2184.80,2186.19,2183.93,2186.19,145
2026-06-26T03:08:00Z,2186.19,2187.14,2185.32,2186.93,183
2026-06-26T03:09:00Z,2186.93,2187.87,2186.06,2187.66,299
2026-06-26T03:10:00Z,2187.66,2188.38,2187.66,2188.17,239
2026-06-26T03:11:00Z,2188.17,2190.43,2188.17,2189.56,222
2026-06-26T03:12:00Z,2189.56,2190.21,2187.90,2188.11,168
2026-06-26T03:13:00Z,2188.11,2188.32,2187.31,2187.31,274
2026-06-26T03:14:00Z,2187.31,2188.70,2187.31,2188.70,264
2026-06-26T03:15:00Z,2188.70,2190.08,2187.61,2188.99,243
2026-06-26T03:16:00Z,2188.99,2188.99,2187.10,2187.97,180
2026-06-26T03:17:00Z,2187.97,2188.92,2187.97,2188.27,195
2026-06-26T03:18:00Z,2188.27,2188.27,2187.26,2187.69,170
2026-06-26T03:19:00Z,2187.69,2188.34,2185.80,2186.45,147
2026-06-26T03:20:00Z,2186.45,2187.40,2185.80,2186.53,301
2026-06-26T03:21:00Z,2186.53,2188.80,2185.66,2187.93,251
2026-06-26T03:22:00Z,2187.93,2187.93,2185.82,2186.47,289
2026-06-26T03:23:00Z,2186.47,2187.34,2184.80,2185.45,106
2026-06-26T03:24:00Z,2185.45,2186.39,2185.02,2185.74,235
2026-06-26T03:25:00Z,2185.74,2186.92,2185.09,2186.92,255
2026-06-26T03:26:00Z,2186.92,2188.74,2186.92,2187.87,266
2026-06-26T03:27:00Z,2187.87,2189.25,2187.66,2188.16,247
2026-06-26T03:28:00Z,2188.16,2189.54,2187.73,2189.11,183
2026-06-26T03:29:00Z,2189.11,2189.76,2188.55,2188.76,187
2026-06-26T03:30:00Z,2188.76,2189.48,2188.33,2189.05,162
2026-06-26T03:31:00Z,2189.05,2190.21,2187.96,2189.56,257
2026-06-26T03:32:00Z,2189.56,2189.99,2188.55,2189.42,312
2026-06-26T03:33:00Z,2189.42,2190.14,2189.42,2189.71,139
2026-06-26T03:34:00Z,2189.71,2191.54,2189.71,2190.45,112
2026-06-26T03:35:00Z,2190.45,2191.40,2189.36,2190.53,260
2026-06-26T03:36:00Z,2190.53,2191.18,2189.30,2190.39,114
2026-06-26T03:37:00Z,2190.39,2191.77,2190.39,2190.90,133
2026-06-26T03:38:00Z,2190.90,2191.33,2190.34,2190.55,264
2026-06-26T03:39:00Z,2190.55,2191.50,2190.34,2191.50,312
2026-06-26T03:40:00Z,2191.50,2191.93,2190.71,2191.36,280
2026-06-26T03:41:00Z,2191.36,2192.45,2190.13,2191.22,126
2026-06-26T03:42:00Z,2191.22,2192.17,2191.22,2191.52,118
2026-06-26T03:43:00Z,2191.52,2191.73,2190.29,2190.50,178
2026-06-26T03:44:00Z,2190.50,2191.37,2189.93,2190.14,189
2026-06-26T03:45:00Z,2190.14,2191.30,2189.27,2191.09,156
2026-06-26T03:46:00Z,2191.09,2192.25,2190.66,2191.38,110
2026-06-26T03:47:00Z,2191.38,2192.77,2190.73,2192.56,139
2026-06-26T03:48:00Z,2192.56,2193.72,2191.69,2193.51,212
2026-06-26T03:49:00Z,2193.51,2193.51,2192.50,2193.37,160
2026-06-26T03:50:00Z,2193.37,2193.58,2192.36,2192.57,216
2026-06-26T03:51:00Z,2192.57,2193.66,2192.22,2192.22,133
2026-06-26T03:52:00Z,2192.22,2192.87,2190.55,2191.20,214
2026-06-26T03:53:00Z,2191.20,2193.24,2190.99,2192.81,145
2026-06-26T03:54:00Z,2192.81,2192.81,2191.36,2192.23,178
2026-06-26T03:55:00Z,2192.23,2193.84,2192.02,2193.41,205
2026-06-26T03:56:00Z,2193.41,2194.79,2193.41,2193.70,187
2026-06-26T03:57:00Z,2193.70,2194.57,2192.47,2193.12,168
2026-06-26T03:58:00Z,2193.12,2193.55,2191.67,2192.10,170
2026-06-26T03:59:00Z,2192.10,2193.27,2191.67,2193.06,183
2026-06-26T04:00:00Z,2193.06,2194.62,2192.19,2194.19,164
2026-06-26T04:01:00Z,2194.19,2194.62,2192.49,2193.58,247
2026-06-26T04:02:00Z,2193.58,2195.15,2193.37,2194.28,262
2026-06-26T04:03:00Z,2194.28,2194.49,2192.58,2193.23,235
2026-06-26T04:04:00Z,2193.23,2193.88,2191.09,2191.96,280
2026-06-26T04:05:00Z,2191.96,2192.39,2190.92,2191.79,197
2026-06-26T04:06:00Z,2191.79,2192.88,2190.97,2191.40,305
2026-06-26T04:07:00Z,2191.40,2192.53,2190.75,2191.44,249
2026-06-26T04:08:00Z,2191.44,2192.79,2190.57,2192.58,301
2026-06-26T04:09:00Z,2192.58,2193.45,2191.97,2191.97,104
2026-06-26T04:10:00Z,2191.97,2192.18,2190.70,2191.35,295
2026-06-26T04:11:00Z,2191.35,2191.39,2191.35,2191.39,153
2026-06-26T04:12:00Z,2191.39,2191.82,2189.25,2190.12,268
2026-06-26T04:13:00Z,2190.12,2190.33,2189.29,2189.29,239
2026-06-26T04:14:00Z,2189.29,2189.50,2186.49,2187.58,174
2026-06-26T04:15:00Z,2187.58,2189.37,2187.58,2188.50,166
2026-06-26T04:16:00Z,2188.50,2189.41,2187.63,2188.76,106
2026-06-26T04:17:00Z,2188.76,2189.89,2187.67,2188.80,139
2026-06-26T04:18:00Z,2188.80,2189.23,2187.54,2187.75,149
2026-06-26T04:19:00Z,2187.75,2188.62,2186.05,2186.92,166
2026-06-26T04:20:00Z,2186.92,2188.05,2186.92,2188.05,197
2026-06-26T04:21:00Z,2188.05,2188.05,2187.88,2187.88,274
2026-06-26T04:22:00Z,2187.88,2188.31,2187.06,2187.71,145
2026-06-26T04:23:00Z,2187.71,2188.58,2186.00,2186.00,289
2026-06-26T04:24:00Z,2186.00,2187.79,2185.79,2187.58,226
2026-06-26T04:25:00Z,2187.58,2188.45,2186.75,2186.75,237
2026-06-26T04:26:00Z,2186.75,2187.89,2186.54,2187.89,131
2026-06-26T04:27:00Z,2187.89,2190.56,2187.68,2189.47,301
2026-06-26T04:28:00Z,2189.47,2190.16,2188.38,2189.95,193
2026-06-26T04:29:00Z,2189.95,2191.08,2189.74,2190.87,193
2026-06-26T04:30:00Z,2190.87,2191.08,2188.72,2189.37,172
2026-06-26T04:31:00Z,2189.37,2190.50,2188.28,2189.63,168
2026-06-26T04:32:00Z,2189.63,2189.63,2188.15,2188.58,272
2026-06-26T04:33:00Z,2188.58,2189.49,2188.15,2188.84,266
2026-06-26T04:34:00Z,2188.84,2189.53,2188.19,2189.32,220
2026-06-26T04:35:00Z,2189.32,2189.80,2188.45,2189.80,193
2026-06-26T04:36:00Z,2189.80,2190.49,2188.93,2189.84,282
2026-06-26T04:37:00Z,2189.84,2191.19,2189.19,2190.32,228
2026-06-26T04:38:00Z,2190.32,2191.41,2187.96,2188.83,164
2026-06-26T04:39:00Z,2188.83,2189.70,2186.91,2188.00,160
2026-06-26T04:40:00Z,2188.00,2189.12,2188.00,2188.25,180
2026-06-26T04:41:00Z,2188.25,2188.25,2187.20,2187.20,289
2026-06-26T04:42:00Z,2187.20,2188.55,2186.55,2187.46,143
2026-06-26T04:43:00Z,2187.46,2188.11,2185.32,2185.75,305
2026-06-26T04:44:00Z,2185.75,2185.96,2184.49,2185.58,243
2026-06-26T04:45:00Z,2185.58,2185.84,2184.71,2185.84,243
2026-06-26T04:46:00Z,2185.84,2186.27,2185.02,2185.45,264
2026-06-26T04:47:00Z,2185.45,2185.88,2183.31,2184.18,305
2026-06-26T04:48:00Z,2184.18,2185.97,2183.75,2184.88,145
2026-06-26T04:49:00Z,2184.88,2185.53,2183.40,2184.49,166
2026-06-26T04:50:00Z,2184.49,2185.58,2183.00,2184.09,191
2026-06-26T04:51:00Z,2184.09,2185.18,2183.48,2183.48,303
2026-06-26T04:52:00Z,2183.48,2184.13,2182.00,2182.65,280
2026-06-26T04:53:00Z,2182.65,2182.65,2181.39,2182.26,270
2026-06-26T04:54:00Z,2182.26,2183.35,2180.56,2181.43,191
2026-06-26T04:55:00Z,2181.43,2182.57,2180.34,2182.57,131
2026-06-26T04:56:00Z,2182.57,2182.78,2182.19,2182.40,174
2026-06-26T04:57:00Z,2182.40,2182.40,2180.92,2181.35,235
2026-06-26T04:58:00Z,2181.35,2182.04,2180.92,2181.61,278
2026-06-26T04:59:00Z,2181.61,2182.74,2180.74,2182.09,237
2026-06-26T05:00:00Z,2182.09,2182.52,2181.22,2181.65,166
2026-06-26T05:01:00Z,2181.65,2182.52,2179.68,2180.77,287
2026-06-26T05:02:00Z,2180.77,2181.64,2178.59,2179.46,247
2026-06-26T05:03:00Z,2179.46,2180.33,2177.94,2178.15,245
2026-06-26T05:04:00Z,2178.15,2179.23,2176.84,2177.27,170
2026-06-26T05:05:00Z,2177.27,2178.35,2176.62,2176.83,305
2026-06-26T05:06:00Z,2176.83,2177.91,2176.40,2177.04,226
2026-06-26T05:07:00Z,2177.04,2177.69,2175.08,2176.16,216
2026-06-26T05:08:00Z,2176.16,2176.81,2175.28,2175.28,303
2026-06-26T05:09:00Z,2175.28,2176.15,2173.98,2174.19,137
2026-06-26T05:10:00Z,2174.19,2175.70,2173.33,2175.49,201
2026-06-26T05:11:00Z,2175.49,2176.36,2175.06,2176.36,222
2026-06-26T05:12:00Z,2176.36,2176.78,2175.28,2176.57,128
2026-06-26T05:13:00Z,2176.57,2176.78,2175.70,2176.78,307
2026-06-26T05:14:00Z,2176.78,2177.65,2176.78,2177.22,284
2026-06-26T05:15:00Z,2177.22,2178.51,2177.01,2177.43,301
2026-06-26T05:16:00Z,2177.43,2177.86,2175.26,2176.34,260
2026-06-26T05:17:00Z,2176.34,2176.34,2175.91,2176.12,170
2026-06-26T05:18:00Z,2176.12,2176.33,2174.82,2175.03,312
2026-06-26T05:19:00Z,2175.03,2177.85,2174.60,2176.98,239
2026-06-26T05:20:00Z,2176.98,2176.98,2175.89,2176.76,282
2026-06-26T05:21:00Z,2176.76,2177.19,2173.93,2175.01,124
2026-06-26T05:22:00Z,2175.01,2175.44,2173.05,2173.48,293
2026-06-26T05:23:00Z,2173.48,2174.13,2171.09,2171.95,307
2026-06-26T05:24:00Z,2171.95,2173.03,2171.52,2172.38,174
2026-06-26T05:25:00Z,2172.38,2173.03,2172.17,2172.38,282
2026-06-26T05:26:00Z,2172.38,2172.38,2171.72,2171.72,291
2026-06-26T05:27:00Z,2171.72,2172.58,2171.29,2171.93,160
2026-06-26T05:28:00Z,2171.93,2172.58,2171.93,2171.93,112
2026-06-26T05:29:00Z,2171.93,2173.01,2171.50,2171.50,203
2026-06-26T05:30:00Z,2171.50,2171.50,2170.63,2170.84,222
2026-06-26T05:31:00Z,2170.84,2171.70,2169.76,2171.49,282
2026-06-26T05:32:00Z,2171.49,2172.78,2170.84,2171.70,297
2026-06-26T05:33:00Z,2171.70,2172.77,2171.27,2171.91,205
2026-06-26T05:34:00Z,2171.91,2171.91,2171.04,2171.69,170
2026-06-26T05:35:00Z,2171.69,2172.34,2170.17,2171.03,305
2026-06-26T05:36:00Z,2171.03,2172.10,2170.82,2171.24,280
2026-06-26T05:37:00Z,2171.24,2171.89,2169.94,2171.02,232
2026-06-26T05:38:00Z,2171.02,2172.09,2170.59,2171.23,166
2026-06-26T05:39:00Z,2171.23,2172.74,2170.80,2172.31,282
2026-06-26T05:40:00Z,2172.31,2172.52,2170.35,2170.78,120
2026-06-26T05:41:00Z,2170.78,2170.78,2169.91,2170.56,262
2026-06-26T05:42:00Z,2170.56,2171.64,2167.30,2168.38,203
2026-06-26T05:43:00Z,2168.38,2169.02,2168.17,2168.59,160
2026-06-26T05:44:00Z,2168.59,2168.59,2166.65,2167.73,266
2026-06-26T05:45:00Z,2167.73,2168.16,2166.21,2166.86,110
2026-06-26T05:46:00Z,2166.86,2167.51,2166.43,2166.64,301
2026-06-26T05:47:00Z,2166.64,2166.85,2164.91,2165.12,149
2026-06-26T05:48:00Z,2165.12,2166.41,2165.12,2165.98,199
2026-06-26T05:49:00Z,2165.98,2166.19,2164.68,2165.54,160
2026-06-26T05:50:00Z,2165.54,2167.48,2164.46,2166.83,312
2026-06-26T05:51:00Z,2166.83,2169.20,2165.75,2168.34,299
2026-06-26T05:52:00Z,2168.34,2170.07,2167.48,2169.64,291
2026-06-26T05:53:00Z,2169.64,2170.06,2168.78,2169.85,174
2026-06-26T05:54:00Z,2169.85,2170.71,2169.20,2169.63,108
2026-06-26T05:55:00Z,2169.63,2170.49,2169.42,2169.84,228
2026-06-26T05:56:00Z,2169.84,2169.84,2168.32,2169.40,197
2026-06-26T05:57:00Z,2169.40,2169.40,2168.53,2168.96,137
2026-06-26T05:58:00Z,2168.96,2170.04,2167.88,2168.74,287
2026-06-26T05:59:00Z,2168.74,2170.48,2168.09,2169.40,230
2026-06-26T06:00:00Z,2169.40,2170.48,2167.55,2167.98,160
2026-06-26T06:01:00Z,2167.98,2168.95,2166.90,2168.74,133
2026-06-26T06:02:00Z,2168.74,2171.22,2168.09,2170.36,160
2026-06-26T06:03:00Z,2170.36,2171.98,2169.93,2170.90,106
2026-06-26T06:04:00Z,2170.90,2171.76,2169.93,2170.14,282
2026-06-26T06:05:00Z,2170.14,2171.00,2168.73,2169.81,249
2026-06-26T06:06:00Z,2169.81,2170.89,2168.40,2168.61,128
2026-06-26T06:07:00Z,2168.61,2169.04,2168.29,2168.50,214
2026-06-26T06:08:00Z,2168.50,2170.55,2167.85,2169.47,251
2026-06-26T06:09:00Z,2169.47,2170.22,2169.26,2169.79,272
2026-06-26T06:10:00Z,2169.79,2170.65,2167.51,2168.16,110
2026-06-26T06:11:00Z,2168.16,2169.35,2167.95,2168.27,297
2026-06-26T06:12:00Z,2168.27,2168.81,2168.06,2168.81,247
2026-06-26T06:13:00Z,2168.81,2170.43,2167.73,2169.78,222
2026-06-26T06:14:00Z,2169.78,2170.53,2168.92,2170.10,118
2026-06-26T06:15:00Z,2170.10,2170.86,2169.02,2170.21,301
2026-06-26T06:16:00Z,2170.21,2171.18,2169.13,2170.53,220
2026-06-26T06:17:00Z,2170.53,2171.72,2169.45,2170.64,249
2026-06-26T06:18:00Z,2170.64,2172.26,2169.99,2171.40,174
2026-06-26T06:19:00Z,2171.40,2172.80,2170.75,2172.37,210
2026-06-26T06:20:00Z,2172.37,2175.07,2171.51,2173.99,212
2026-06-26T06:21:00Z,2173.99,2174.75,2172.91,2174.10,218
2026-06-26T06:22:00Z,2174.10,2174.10,2171.82,2172.90,120
2026-06-26T06:23:00Z,2172.90,2173.76,2171.49,2172.35,116
2026-06-26T06:24:00Z,2172.35,2173.32,2172.35,2172.46,164
2026-06-26T06:25:00Z,2172.46,2173.32,2171.92,2172.35,172
2026-06-26T06:26:00Z,2172.35,2172.35,2171.37,2171.37,172
2026-06-26T06:27:00Z,2171.37,2173.86,2170.51,2172.78,262
2026-06-26T06:28:00Z,2172.78,2173.54,2172.57,2173.54,255
2026-06-26T06:29:00Z,2173.54,2173.75,2172.78,2173.21,270
2026-06-26T06:30:00Z,2173.21,2173.32,2172.78,2173.32,168
2026-06-26T06:31:00Z,2173.32,2175.16,2172.89,2174.73,172
2026-06-26T06:32:00Z,2174.73,2174.73,2172.46,2173.32,309
2026-06-26T06:33:00Z,2173.32,2174.08,2173.32,2173.43,170
2026-06-26T06:34:00Z,2173.43,2173.64,2170.72,2171.80,135
2026-06-26T06:35:00Z,2171.80,2172.77,2171.15,2172.34,108
2026-06-26T06:36:00Z,2172.34,2172.55,2170.72,2170.93,289
2026-06-26T06:37:00Z,2170.93,2172.01,2169.08,2169.73,158
2026-06-26T06:38:00Z,2169.73,2171.35,2169.52,2170.92,199
2026-06-26T06:39:00Z,2170.92,2173.18,2170.92,2172.32,255
2026-06-26T06:40:00Z,2172.32,2173.40,2171.13,2172.21,287
2026-06-26T06:41:00Z,2172.21,2172.64,2171.66,2171.66,149
2026-06-26T06:42:00Z,2171.66,2173.06,2171.66,2172.20,199
2026-06-26T06:43:00Z,2172.20,2172.85,2171.44,2171.87,228
2026-06-26T06:44:00Z,2171.87,2171.87,2170.24,2171.32,253
2026-06-26T06:45:00Z,2171.32,2171.86,2171.11,2171.86,112
2026-06-26T06:46:00Z,2171.86,2173.26,2171.21,2172.40,106
2026-06-26T06:47:00Z,2172.40,2174.02,2172.40,2173.59,220
2026-06-26T06:48:00Z,2173.59,2174.24,2172.83,2173.04,116
2026-06-26T06:49:00Z,2173.04,2174.22,2172.39,2173.36,247
2026-06-26T06:50:00Z,2173.36,2173.36,2172.17,2173.03,220
2026-06-26T06:51:00Z,2173.03,2173.89,2171.62,2172.05,270
2026-06-26T06:52:00Z,2172.05,2173.02,2170.97,2172.16,193
2026-06-26T06:53:00Z,2172.16,2173.13,2171.73,2172.27,199
2026-06-26T06:54:00Z,2172.27,2173.35,2170.65,2171.08,174
2026-06-26T06:55:00Z,2171.08,2172.26,2170.87,2171.40,126
2026-06-26T06:56:00Z,2171.40,2172.05,2170.42,2171.07,309
2026-06-26T06:57:00Z,2171.07,2172.03,2170.42,2171.82,199
2026-06-26T06:58:00Z,2171.82,2172.47,2170.85,2171.28,120
2026-06-26T06:59:00Z,2171.28,2171.49,2170.09,2170.74,158
2026-06-26T07:00:00Z,2170.74,2171.17,2168.49,2169.35,141
2026-06-26T07:01:00Z,2169.35,2171.20,2168.92,2170.34,212
2026-06-26T07:02:00Z,2170.34,2172.20,2170.13,2171.12,309
2026-06-26T07:03:00Z,2171.12,2171.33,2169.30,2169.51,287
2026-06-26T07:04:00Z,2169.51,2169.94,2168.56,2168.99,187
2026-06-26T07:05:00Z,2168.99,2170.41,2168.13,2170.20,210
2026-06-26T07:06:00Z,2170.20,2170.98,2169.12,2170.33,126
2026-06-26T07:07:00Z,2170.33,2170.76,2169.80,2169.80,208
2026-06-26T07:08:00Z,2169.80,2169.80,2168.85,2169.50,120
2026-06-26T07:09:00Z,2169.50,2170.15,2168.54,2168.54,187
2026-06-26T07:10:00Z,2168.54,2168.75,2166.50,2167.58,110
2026-06-26T07:11:00Z,2167.58,2168.57,2167.15,2168.57,160
2026-06-26T07:12:00Z,2168.57,2169.43,2166.11,2167.19,297
2026-06-26T07:13:00Z,2167.19,2169.05,2166.76,2168.40,114
2026-06-26T07:14:00Z,2168.40,2170.47,2167.32,2169.82,162
2026-06-26T07:15:00Z,2169.82,2170.81,2169.17,2170.81,284
2026-06-26T07:16:00Z,2170.81,2171.36,2169.73,2171.15,149
2026-06-26T07:17:00Z,2171.15,2172.37,2170.07,2171.94,312
2026-06-26T07:18:00Z,2171.94,2171.94,2170.12,2171.20,293
2026-06-26T07:19:00Z,2171.20,2171.54,2170.34,2171.54,272
2026-06-26T07:20:00Z,2171.54,2173.40,2170.68,2172.75,160
2026-06-26T07:21:00Z,2172.75,2173.18,2171.37,2172.23,299
2026-06-26T07:22:00Z,2172.23,2173.87,2171.15,2173.22,270
2026-06-26T07:23:00Z,2173.22,2174.08,2172.48,2173.13,230
2026-06-26T07:24:00Z,2173.13,2174.21,2170.87,2171.30,164
2026-06-26T07:25:00Z,2171.30,2172.52,2170.87,2171.87,104
2026-06-26T07:26:00Z,2171.87,2172.30,2170.27,2170.48,114
2026-06-26T07:27:00Z,2170.48,2170.91,2169.31,2169.74,151
2026-06-26T07:28:00Z,2169.74,2170.29,2169.31,2170.08,289
2026-06-26T07:29:00Z,2170.08,2171.29,2169.43,2170.86,293
2026-06-26T07:30:00Z,2170.86,2171.85,2170.00,2171.64,118
2026-06-26T07:31:00Z,2171.64,2172.63,2171.43,2172.20,210
2026-06-26T07:32:00Z,2172.20,2172.41,2170.81,2171.24,145
2026-06-26T07:33:00Z,2171.24,2173.10,2171.03,2172.45,301
2026-06-26T07:34:00Z,2172.45,2174.96,2171.37,2174.10,178
2026-06-26T07:35:00Z,2174.10,2175.52,2173.89,2175.09,270
2026-06-26T07:36:00Z,2175.09,2175.52,2174.13,2174.78,312
2026-06-26T07:37:00Z,2174.78,2175.43,2172.09,2173.17,266
2026-06-26T07:38:00Z,2173.17,2173.52,2172.09,2173.52,176
2026-06-26T07:39:00Z,2173.52,2173.95,2172.99,2172.99,222
2026-06-26T07:40:00Z,2172.99,2173.20,2172.25,2172.46,228
2026-06-26T07:41:00Z,2172.46,2172.80,2171.38,2172.80,208
2026-06-26T07:42:00Z,2172.80,2174.02,2171.72,2172.94,122
2026-06-26T07:43:00Z,2172.94,2174.02,2171.12,2171.55,243
2026-06-26T07:44:00Z,2171.55,2171.55,2171.03,2171.46,122
2026-06-26T07:45:00Z,2171.46,2172.11,2170.94,2171.37,239
2026-06-26T07:46:00Z,2171.37,2173.44,2171.16,2173.23,260
2026-06-26T07:47:00Z,2173.23,2175.09,2172.37,2174.23,214
2026-06-26T07:48:00Z,2174.23,2175.09,2172.62,2173.05,226
2026-06-26T07:49:00Z,2173.05,2173.91,2172.53,2172.53,183
2026-06-26T07:50:00Z,2172.53,2174.60,2172.53,2173.74,168
2026-06-26T07:51:00Z,2173.74,2173.74,2172.36,2172.79,137
2026-06-26T07:52:00Z,2172.79,2173.87,2172.49,2172.70,118
2026-06-26T07:53:00Z,2172.70,2172.91,2172.61,2172.61,116
2026-06-26T07:54:00Z,2172.61,2174.25,2172.18,2173.17,251
2026-06-26T07:55:00Z,2173.17,2173.73,2172.96,2173.52,112
2026-06-26T07:56:00Z,2173.52,2174.73,2173.31,2174.08,218
2026-06-26T07:57:00Z,2174.08,2174.51,2173.34,2173.77,278
2026-06-26T07:58:00Z,2173.77,2174.20,2172.60,2173.25,276
2026-06-26T07:59:00Z,2173.25,2173.60,2172.82,2173.39,156
2026-06-26T08:00:00Z,2173.39,2174.47,2172.70,2173.35,278
2026-06-26T08:01:00Z,2173.35,2173.56,2172.45,2172.88,270
2026-06-26T08:02:00Z,2172.88,2173.72,2172.67,2173.07,268
2026-06-26T08:03:00Z,2173.07,2173.07,2171.74,2172.60,147
2026-06-26T08:04:00Z,2172.60,2173.68,2171.05,2171.26,145
2026-06-26T08:05:00Z,2171.26,2172.32,2171.26,2171.67,168
2026-06-26T08:06:00Z,2171.67,2172.93,2170.81,2172.50,226
2026-06-26T08:07:00Z,2172.50,2173.15,2171.82,2172.25,205
2026-06-26T08:08:00Z,2172.25,2172.90,2171.14,2171.35,257
2026-06-26T08:09:00Z,2171.35,2172.40,2170.27,2171.75,137
2026-06-26T08:10:00Z,2171.75,2171.96,2169.76,2169.97,106
2026-06-26T08:11:00Z,2169.97,2170.83,2169.08,2169.51,201
2026-06-26T08:12:00Z,2169.51,2170.37,2167.74,2168.17,110
2026-06-26T08:13:00Z,2168.17,2169.03,2165.97,2167.05,116
2026-06-26T08:14:00Z,2167.05,2167.26,2165.29,2166.37,106
2026-06-26T08:15:00Z,2166.37,2166.76,2165.29,2166.55,253
2026-06-26T08:16:00Z,2166.55,2167.60,2166.55,2167.60,228
2026-06-26T08:17:00Z,2167.60,2169.09,2166.52,2168.66,212
2026-06-26T08:18:00Z,2168.66,2169.52,2168.19,2168.62,178
2026-06-26T08:19:00Z,2168.62,2169.48,2167.51,2168.37,164
2026-06-26T08:20:00Z,2168.37,2170.07,2168.16,2169.21,270
2026-06-26T08:21:00Z,2169.21,2170.26,2168.35,2169.61,297
2026-06-26T08:22:00Z,2169.61,2169.82,2169.36,2169.36,156
2026-06-26T08:23:00Z,2169.36,2170.44,2168.69,2169.12,276
2026-06-26T08:24:00Z,2169.12,2169.33,2167.99,2167.99,243
2026-06-26T08:25:00Z,2167.99,2168.20,2167.08,2167.08,133
2026-06-26T08:26:00Z,2167.08,2169.00,2167.08,2167.92,295
2026-06-26T08:27:00Z,2167.92,2168.57,2167.02,2167.67,307
2026-06-26T08:28:00Z,2167.67,2168.71,2167.67,2167.85,195
2026-06-26T08:29:00Z,2167.85,2168.50,2167.39,2167.39,245
2026-06-26T08:30:00Z,2167.39,2168.44,2166.31,2167.79,185
2026-06-26T08:31:00Z,2167.79,2168.87,2166.89,2167.75,228
2026-06-26T08:32:00Z,2167.75,2168.37,2167.32,2167.94,110
2026-06-26T08:33:00Z,2167.94,2168.80,2165.95,2167.03,262
2026-06-26T08:34:00Z,2167.03,2168.11,2165.05,2165.69,201
2026-06-26T08:35:00Z,2165.69,2166.77,2164.58,2165.66,235
2026-06-26T08:36:00Z,2165.66,2167.35,2165.66,2166.49,284
2026-06-26T08:37:00Z,2166.49,2167.13,2165.59,2165.80,110
2026-06-26T08:38:00Z,2165.80,2167.29,2165.80,2166.86,228
2026-06-26T08:39:00Z,2166.86,2167.72,2166.17,2166.82,172
2026-06-26T08:40:00Z,2166.82,2167.25,2166.36,2166.57,137
2026-06-26T08:41:00Z,2166.57,2166.97,2166.57,2166.76,253
2026-06-26T08:42:00Z,2166.76,2167.59,2166.76,2167.59,195
2026-06-26T08:43:00Z,2167.59,2168.24,2166.46,2166.46,312
2026-06-26T08:44:00Z,2166.46,2167.95,2165.82,2166.87,235
2026-06-26T08:45:00Z,2166.87,2167.95,2164.67,2165.53,230
2026-06-26T08:46:00Z,2165.53,2166.17,2164.63,2165.06,110
2026-06-26T08:47:00Z,2165.06,2165.06,2162.43,2163.51,208
2026-06-26T08:48:00Z,2163.51,2163.51,2161.52,2162.60,141
2026-06-26T08:49:00Z,2162.60,2163.24,2161.70,2161.91,156
2026-06-26T08:50:00Z,2161.91,2162.77,2161.45,2161.88,114
2026-06-26T08:51:00Z,2161.88,2162.52,2160.33,2161.19,251
2026-06-26T08:52:00Z,2161.19,2161.62,2158.34,2159.41,260
2026-06-26T08:53:00Z,2159.41,2159.60,2158.34,2159.60,143
2026-06-26T08:54:00Z,2159.60,2160.24,2156.97,2158.04,307
2026-06-26T08:55:00Z,2158.04,2159.30,2157.83,2158.44,110
2026-06-26T08:56:00Z,2158.44,2159.49,2158.44,2159.06,185
2026-06-26T08:57:00Z,2159.06,2159.70,2158.16,2158.37,158
2026-06-26T08:58:00Z,2158.37,2159.01,2157.69,2158.12,280
2026-06-26T08:59:00Z,2158.12,2159.17,2157.26,2158.74,210
2026-06-26T09:00:00Z,2158.74,2160.24,2158.74,2159.38,262
2026-06-26T09:01:00Z,2159.38,2160.45,2159.17,2159.81,232
2026-06-26T09:02:00Z,2159.81,2160.67,2158.94,2159.37,307
2026-06-26T09:03:00Z,2159.37,2160.01,2159.16,2159.58,141
2026-06-26T09:04:00Z,2159.58,2160.65,2158.72,2159.79,126
2026-06-26T09:05:00Z,2159.79,2162.16,2158.72,2161.30,122
2026-06-26T09:06:00Z,2161.30,2161.51,2161.30,2161.51,156
2026-06-26T09:07:00Z,2161.51,2162.15,2160.65,2160.86,208
2026-06-26T09:08:00Z,2160.86,2161.94,2159.13,2159.99,133
2026-06-26T09:09:00Z,2159.99,2160.42,2158.71,2159.78,203
2026-06-26T09:10:00Z,2159.78,2160.42,2158.91,2158.91,189
2026-06-26T09:11:00Z,2158.91,2160.84,2158.91,2159.77,195
2026-06-26T09:12:00Z,2159.77,2162.14,2159.13,2161.06,147
2026-06-26T09:13:00Z,2161.06,2163.00,2160.20,2161.92,278
2026-06-26T09:14:00Z,2161.92,2164.94,2160.84,2164.08,243
2026-06-26T09:15:00Z,2164.08,2164.29,2163.22,2164.08,291
2026-06-26T09:16:00Z,2164.08,2165.80,2163.65,2164.94,131
2026-06-26T09:17:00Z,2164.94,2165.58,2163.85,2163.85,222
2026-06-26T09:18:00Z,2163.85,2165.35,2162.99,2164.49,187
2026-06-26T09:19:00Z,2164.49,2165.57,2162.77,2163.63,156
2026-06-26T09:20:00Z,2163.63,2164.49,2162.98,2162.98,162
2026-06-26T09:21:00Z,2162.98,2163.62,2160.38,2161.24,268
2026-06-26T09:22:00Z,2161.24,2161.24,2159.73,2160.37,145
2026-06-26T09:23:00Z,2160.37,2160.37,2159.29,2159.72,270
2026-06-26T09:24:00Z,2159.72,2160.15,2158.65,2159.72,241
2026-06-26T09:25:00Z,2159.72,2160.36,2158.86,2159.50,216
2026-06-26T09:26:00Z,2159.50,2160.14,2157.99,2159.06,291
2026-06-26T09:27:00Z,2159.06,2160.35,2158.63,2159.49,176
2026-06-26T09:28:00Z,2159.49,2160.13,2159.06,2159.27,214
2026-06-26T09:29:00Z,2159.27,2160.13,2157.77,2158.84,266
2026-06-26T09:30:00Z,2158.84,2159.70,2156.90,2157.54,220
2026-06-26T09:31:00Z,2157.54,2158.61,2155.82,2156.89,195
2026-06-26T09:32:00Z,2156.89,2159.03,2155.82,2157.96,191
2026-06-26T09:33:00Z,2157.96,2157.96,2156.45,2157.09,274
2026-06-26T09:34:00Z,2157.09,2157.30,2155.15,2155.58,305
2026-06-26T09:35:00Z,2155.58,2156.01,2155.15,2155.58,312
2026-06-26T09:36:00Z,2155.58,2156.65,2155.15,2155.36,212
2026-06-26T09:37:00Z,2155.36,2156.00,2154.93,2155.79,131
2026-06-26T09:38:00Z,2155.79,2156.65,2155.36,2156.22,187
2026-06-26T09:39:00Z,2156.22,2156.43,2154.94,2155.58,172
2026-06-26T09:40:00Z,2155.58,2156.44,2153.64,2154.71,180
2026-06-26T09:41:00Z,2154.71,2154.92,2154.28,2154.71,262
2026-06-26T09:42:00Z,2154.71,2154.71,2151.48,2152.55,249
2026-06-26T09:43:00Z,2152.55,2154.48,2151.48,2154.48,199
2026-06-26T09:44:00Z,2154.48,2157.27,2154.48,2156.63,158
2026-06-26T09:45:00Z,2156.63,2156.63,2156.20,2156.41,257
2026-06-26T09:46:00Z,2156.41,2156.84,2155.76,2156.19,253
2026-06-26T09:47:00Z,2156.19,2157.26,2155.55,2156.83,185
2026-06-26T09:48:00Z,2156.83,2157.90,2156.19,2156.83,243
2026-06-26T09:49:00Z,2156.83,2157.26,2156.19,2156.40,120
2026-06-26T09:50:00Z,2156.40,2157.47,2156.19,2156.40,305
2026-06-26T09:51:00Z,2156.40,2157.69,2155.97,2157.26,262
2026-06-26T09:52:00Z,2157.26,2158.55,2157.05,2157.69,118
2026-06-26T09:53:00Z,2157.69,2157.69,2157.26,2157.47,147
2026-06-26T09:54:00Z,2157.47,2157.47,2156.39,2156.82,141
2026-06-26T09:55:00Z,2156.82,2158.32,2155.75,2157.68,276
2026-06-26T09:56:00Z,2157.68,2158.32,2157.25,2158.11,201
2026-06-26T09:57:00Z,2158.11,2159.40,2157.90,2158.54,293
2026-06-26T09:58:00Z,2158.54,2158.97,2157.03,2158.10,174
2026-06-26T09:59:00Z,2158.10,2159.61,2157.46,2158.97,201
2026-06-26T10:00:00Z,2158.97,2159.18,2157.51,2158.58,268
2026-06-26T10:01:00Z,2158.58,2159.92,2158.37,2159.28,266
2026-06-26T10:02:00Z,2159.28,2159.55,2158.64,2159.34,174
2026-06-26T10:03:00Z,2159.34,2160.20,2157.23,2157.87,116
2026-06-26T10:04:00Z,2157.87,2159.86,2157.66,2159.65,180
2026-06-26T10:05:00Z,2159.65,2160.29,2157.77,2158.63,133
2026-06-26T10:06:00Z,2158.63,2159.49,2157.83,2158.47,106
2026-06-26T10:07:00Z,2158.47,2159.54,2158.09,2158.30,276
2026-06-26T10:08:00Z,2158.30,2159.00,2157.87,2158.79,170
2026-06-26T10:09:00Z,2158.79,2159.06,2158.15,2159.06,133
2026-06-26T10:10:00Z,2159.06,2159.97,2158.85,2159.11,307
2026-06-26T10:11:00Z,2159.11,2159.97,2158.74,2158.95,118
2026-06-26T10:12:00Z,2158.95,2159.59,2157.49,2157.49,185
2026-06-26T10:13:00Z,2157.49,2158.13,2155.39,2155.82,226
2026-06-26T10:14:00Z,2155.82,2156.25,2154.36,2154.57,178
2026-06-26T10:15:00Z,2154.57,2155.27,2154.57,2155.27,239
2026-06-26T10:16:00Z,2155.27,2155.91,2154.47,2154.68,243
2026-06-26T10:17:00Z,2154.68,2156.66,2154.68,2156.02,108
2026-06-26T10:18:00Z,2156.02,2156.66,2155.00,2155.43,164
2026-06-26T10:19:00Z,2155.43,2155.86,2152.48,2153.55,282
2026-06-26T10:20:00Z,2153.55,2153.76,2152.10,2152.10,224
2026-06-26T10:21:00Z,2152.10,2153.17,2149.57,2150.64,133
2026-06-26T10:22:00Z,2150.64,2151.71,2148.56,2149.41,220
2026-06-26T10:23:00Z,2149.41,2149.89,2148.34,2149.47,128
2026-06-26T10:24:00Z,2149.47,2151.44,2149.26,2150.37,278
2026-06-26T10:25:00Z,2150.37,2150.85,2149.73,2150.64,230
2026-06-26T10:26:00Z,2150.64,2152.20,2149.78,2151.34,128
2026-06-26T10:27:00Z,2151.34,2153.11,2150.70,2152.90,297
2026-06-26T10:28:00Z,2152.90,2155.31,2152.90,2154.67,114
2026-06-26T10:29:00Z,2154.67,2155.31,2153.44,2153.65,168
2026-06-26T10:30:00Z,2153.65,2154.08,2152.41,2153.27,272
2026-06-26T10:31:00Z,2153.27,2153.70,2151.16,2151.59,122
2026-06-26T10:32:00Z,2151.59,2152.29,2151.38,2151.65,218
2026-06-26T10:33:00Z,2151.65,2153.42,2151.01,2152.35,131
2026-06-26T10:34:00Z,2152.35,2153.48,2151.92,2152.62,228
2026-06-26T10:35:00Z,2152.62,2153.69,2151.59,2152.23,282
2026-06-26T10:36:00Z,2152.23,2152.44,2150.78,2151.21,282
2026-06-26T10:37:00Z,2151.21,2152.33,2151.21,2151.69,108
2026-06-26T10:38:00Z,2151.69,2152.81,2150.62,2151.95,312
2026-06-26T10:39:00Z,2151.95,2153.29,2151.52,2152.43,199
2026-06-26T10:40:00Z,2152.43,2153.99,2152.22,2153.56,241
2026-06-26T10:41:00Z,2153.56,2153.77,2151.47,2152.54,253
2026-06-26T10:42:00Z,2152.54,2154.95,2151.90,2154.74,183
2026-06-26T10:43:00Z,2154.74,2154.74,2153.07,2153.93,301
2026-06-26T10:44:00Z,2153.93,2155.00,2153.34,2153.77,143
2026-06-26T10:45:00Z,2153.77,2153.77,2151.67,2151.88,158
2026-06-26T10:46:00Z,2151.88,2152.95,2151.08,2151.29,176
2026-06-26T10:47:00Z,2151.29,2152.21,2151.29,2151.35,270
2026-06-26T10:48:00Z,2151.35,2152.21,2150.34,2150.98,199
2026-06-26T10:49:00Z,2150.98,2152.05,2149.96,2150.60,128
2026-06-26T10:50:00Z,2150.60,2151.52,2149.74,2150.66,118
2026-06-26T10:51:00Z,2150.66,2152.00,2150.66,2150.93,143
2026-06-26T10:52:00Z,2150.93,2151.40,2150.50,2151.19,312
2026-06-26T10:53:00Z,2151.19,2152.75,2151.19,2152.32,305
2026-06-26T10:54:00Z,2152.32,2153.66,2151.46,2153.23,289
2026-06-26T10:55:00Z,2153.23,2154.15,2153.02,2153.72,166
2026-06-26T10:56:00Z,2153.72,2154.36,2152.04,2152.47,122
2026-06-26T10:57:00Z,2152.47,2152.74,2152.26,2152.53,224
2026-06-26T10:58:00Z,2152.53,2152.59,2152.10,2152.59,264
2026-06-26T10:59:00Z,2152.59,2153.02,2150.93,2151.79,162
2026-06-26T11:00:00Z,2151.79,2152.43,2150.14,2151.21,260
2026-06-26T11:01:00Z,2151.21,2153.43,2150.78,2152.36,160
2026-06-26T11:02:00Z,2152.36,2153.00,2150.51,2150.72,249
2026-06-26T11:03:00Z,2150.72,2150.79,2150.51,2150.79,280
2026-06-26T11:04:00Z,2150.79,2150.79,2149.58,2150.01,189
2026-06-26T11:05:00Z,2150.01,2150.01,2146.43,2147.28,110
2026-06-26T11:06:00Z,2147.28,2148.21,2146.43,2148.00,201
2026-06-26T11:07:00Z,2148.00,2148.21,2147.22,2147.43,183
2026-06-26T11:08:00Z,2147.43,2148.07,2146.43,2146.64,178
2026-06-26T11:09:00Z,2146.64,2146.64,2145.66,2146.51,185
2026-06-26T11:10:00Z,2146.51,2147.58,2144.65,2145.29,218
2026-06-26T11:11:00Z,2145.29,2146.22,2144.87,2146.01,235
2026-06-26T11:12:00Z,2146.01,2147.36,2145.59,2146.94,139
2026-06-26T11:13:00Z,2146.94,2147.58,2146.59,2146.59,289
2026-06-26T11:14:00Z,2146.59,2147.72,2145.52,2146.87,151
2026-06-26T11:15:00Z,2146.87,2148.22,2146.66,2147.15,168
2026-06-26T11:16:00Z,2147.15,2148.00,2146.80,2146.80,187
2026-06-26T11:17:00Z,2146.80,2147.65,2145.37,2146.01,197
2026-06-26T11:18:00Z,2146.01,2147.37,2145.80,2146.95,201
2026-06-26T11:19:00Z,2146.95,2147.80,2145.31,2145.95,257
2026-06-26T11:20:00Z,2145.95,2147.74,2145.31,2146.67,257
2026-06-26T11:21:00Z,2146.67,2148.23,2146.03,2147.81,303
2026-06-26T11:22:00Z,2147.81,2150.03,2147.17,2149.39,214
2026-06-26T11:23:00Z,2149.39,2150.97,2148.97,2149.90,195
2026-06-26T11:24:00Z,2149.90,2150.11,2149.76,2149.76,232
2026-06-26T11:25:00Z,2149.76,2149.76,2148.55,2148.76,295
2026-06-26T11:26:00Z,2148.76,2149.40,2147.97,2147.97,176
2026-06-26T11:27:00Z,2147.97,2149.33,2146.90,2148.91,187
2026-06-26T11:28:00Z,2148.91,2148.91,2146.41,2146.83,237
2026-06-26T11:29:00Z,2146.83,2147.34,2146.41,2147.13,299
2026-06-26T11:30:00Z,2147.13,2148.48,2146.49,2147.63,210
2026-06-26T11:31:00Z,2147.63,2148.05,2147.07,2147.49,116
2026-06-26T11:32:00Z,2147.49,2148.21,2146.42,2147.57,295
2026-06-26T11:33:00Z,2147.57,2147.57,2147.43,2147.43,143
2026-06-26T11:34:00Z,2147.43,2148.37,2146.79,2148.37,172
2026-06-26T11:35:00Z,2148.37,2148.58,2146.73,2147.58,214
2026-06-26T11:36:00Z,2147.58,2148.00,2147.24,2147.45,112
2026-06-26T11:37:00Z,2147.45,2148.16,2147.03,2147.74,307
2026-06-26T11:38:00Z,2147.74,2148.81,2146.09,2147.16,110
2026-06-26T11:39:00Z,2147.16,2148.10,2146.09,2147.89,112
2026-06-26T11:40:00Z,2147.89,2147.89,2146.89,2147.10,156
2026-06-26T11:41:00Z,2147.10,2147.10,2146.10,2146.10,120
2026-06-26T11:42:00Z,2146.10,2146.74,2144.67,2145.52,262
2026-06-26T11:43:00Z,2145.52,2146.16,2144.54,2145.39,257
2026-06-26T11:44:00Z,2145.39,2146.97,2144.97,2146.97,135
2026-06-26T11:45:00Z,2146.97,2147.82,2144.90,2145.75,124
2026-06-26T11:46:00Z,2145.75,2146.47,2144.68,2145.83,199
2026-06-26T11:47:00Z,2145.83,2146.68,2144.40,2144.61,235
2026-06-26T11:48:00Z,2144.61,2147.48,2144.19,2146.41,264
2026-06-26T11:49:00Z,2146.41,2147.98,2145.99,2146.91,266
2026-06-26T11:50:00Z,2146.91,2147.12,2145.27,2145.91,180
2026-06-26T11:51:00Z,2145.91,2146.12,2145.56,2145.77,312
2026-06-26T11:52:00Z,2145.77,2147.12,2145.56,2146.70,274
2026-06-26T11:53:00Z,2146.70,2147.85,2146.28,2146.78,151
2026-06-26T11:54:00Z,2146.78,2146.78,2144.70,2145.34,147
2026-06-26T11:55:00Z,2145.34,2145.98,2142.85,2143.70,131
2026-06-26T11:56:00Z,2143.70,2145.06,2142.85,2144.42,197
2026-06-26T11:57:00Z,2144.42,2146.21,2143.57,2145.79,106
2026-06-26T11:58:00Z,2145.79,2146.72,2144.94,2146.51,149
2026-06-26T11:59:00Z,2146.51,2147.45,2146.09,2147.24,145
2026-06-26T12:00:00Z,2147.24,2147.66,2147.03,2147.45,293
2026-06-26T12:01:00Z,2147.45,2148.51,2147.03,2148.09,282
2026-06-26T12:02:00Z,2148.09,2149.80,2147.24,2149.16,160
2026-06-26T12:03:00Z,2149.16,2150.01,2148.52,2148.73,149
2026-06-26T12:04:00Z,2148.73,2149.81,2148.73,2149.17,239
2026-06-26T12:05:00Z,2149.17,2149.17,2147.02,2148.09,241
2026-06-26T12:06:00Z,2148.09,2148.94,2147.67,2148.30,191
2026-06-26T12:07:00Z,2148.30,2148.30,2147.66,2148.30,309
2026-06-26T12:08:00Z,2148.30,2149.37,2148.30,2149.16,124
2026-06-26T12:09:00Z,2149.16,2150.01,2147.88,2148.09,239
2026-06-26T12:10:00Z,2148.09,2148.09,2145.52,2145.94,293
2026-06-26T12:11:00Z,2145.94,2146.15,2144.87,2144.87,235
2026-06-26T12:12:00Z,2144.87,2145.51,2143.37,2143.58,293
2026-06-26T12:13:00Z,2143.58,2144.02,2143.58,2144.02,247
2026-06-26T12:14:00Z,2144.02,2145.09,2143.38,2144.02,122
2026-06-26T12:15:00Z,2144.02,2144.88,2143.17,2144.88,239
2026-06-26T12:16:00Z,2144.88,2145.52,2143.38,2144.45,195
2026-06-26T12:17:00Z,2144.45,2144.87,2143.81,2144.66,299
2026-06-26T12:18:00Z,2144.66,2145.74,2143.81,2145.10,153
2026-06-26T12:19:00Z,2145.10,2145.74,2144.89,2145.53,143
2026-06-26T12:20:00Z,2145.53,2146.17,2143.81,2143.81,162
2026-06-26T12:21:00Z,2143.81,2144.88,2142.10,2143.17,133
2026-06-26T12:22:00Z,2143.17,2144.02,2140.38,2141.45,257
2026-06-26T12:23:00Z,2141.45,2141.87,2140.18,2140.39,168
2026-06-26T12:24:00Z,2140.39,2141.46,2137.40,2138.46,189
2026-06-26T12:25:00Z,2138.46,2138.46,2137.39,2137.60,270
2026-06-26T12:26:00Z,2137.60,2138.24,2137.60,2138.24,199
2026-06-26T12:27:00Z,2138.24,2138.45,2135.90,2136.11,197
2026-06-26T12:28:00Z,2136.11,2136.97,2135.05,2136.97,193
2026-06-26T12:29:00Z,2136.97,2138.03,2136.97,2136.97,205
2026-06-26T12:30:00Z,2136.97,2137.61,2136.76,2136.97,199
2026-06-26T12:31:00Z,2136.97,2137.82,2136.33,2137.18,208
2026-06-26T12:32:00Z,2137.18,2137.39,2135.27,2136.33,141
2026-06-26T12:33:00Z,2136.33,2138.03,2135.91,2136.97,191
2026-06-26T12:34:00Z,2136.97,2137.39,2135.47,2135.68,214
2026-06-26T12:35:00Z,2135.68,2136.32,2134.83,2135.25,282
2026-06-26T12:36:00Z,2135.25,2136.32,2134.83,2135.26,224
2026-06-26T12:37:00Z,2135.26,2135.90,2134.41,2135.05,309
2026-06-26T12:38:00Z,2135.05,2135.69,2133.34,2134.19,205
2026-06-26T12:39:00Z,2134.19,2135.04,2133.77,2134.19,145
2026-06-26T12:40:00Z,2134.19,2135.25,2132.70,2133.76,156
2026-06-26T12:41:00Z,2133.76,2134.83,2133.55,2133.98,172
2026-06-26T12:42:00Z,2133.98,2134.19,2133.56,2134.19,239
2026-06-26T12:43:00Z,2134.19,2134.61,2133.34,2133.76,249
2026-06-26T12:44:00Z,2133.76,2133.97,2132.70,2133.97,303
2026-06-26T12:45:00Z,2133.97,2133.97,2132.27,2133.33,137
2026-06-26T12:46:00Z,2133.33,2133.96,2131.85,2132.70,291
2026-06-26T12:47:00Z,2132.70,2133.33,2132.49,2132.49,133
2026-06-26T12:48:00Z,2132.49,2132.49,2131.86,2132.28,249
2026-06-26T12:49:00Z,2132.28,2132.49,2130.36,2131.42,141
2026-06-26T12:50:00Z,2131.42,2131.42,2130.37,2131.00,210
2026-06-26T12:51:00Z,2131.00,2132.06,2129.94,2131.64,291
2026-06-26T12:52:00Z,2131.64,2131.85,2131.21,2131.21,239
2026-06-26T12:53:00Z,2131.21,2132.06,2130.58,2131.64,108
2026-06-26T12:54:00Z,2131.64,2132.71,2131.22,2132.50,216
2026-06-26T12:55:00Z,2132.50,2134.86,2131.44,2133.80,151
2026-06-26T12:56:00Z,2133.80,2135.30,2133.16,2135.09,216
2026-06-26T12:57:00Z,2135.09,2136.59,2135.09,2136.38,149
2026-06-26T12:58:00Z,2136.38,2137.66,2135.74,2137.02,185
2026-06-26T12:59:00Z,2137.02,2138.09,2137.02,2137.24,212
2026-06-26T13:00:00Z,2137.24,2138.30,2136.52,2137.16,307
2026-06-26T13:01:00Z,2137.16,2137.16,2136.66,2137.08,268
2026-06-26T13:02:00Z,2137.08,2137.08,2135.08,2135.72,289
2026-06-26T13:03:00Z,2135.72,2135.72,2135.22,2135.43,260
2026-06-26T13:04:00Z,2135.43,2136.49,2134.72,2135.14,232
2026-06-26T13:05:00Z,2135.14,2135.78,2134.21,2135.06,178
2026-06-26T13:06:00Z,2135.06,2137.32,2134.42,2136.90,193
2026-06-26T13:07:00Z,2136.90,2137.75,2134.48,2134.90,243
2026-06-26T13:08:00Z,2134.90,2134.90,2133.54,2134.18,278
2026-06-26T13:09:00Z,2134.18,2134.96,2133.54,2134.32,247
2026-06-26T13:10:00Z,2134.32,2135.17,2131.69,2132.11,124
2026-06-26T13:11:00Z,2132.11,2132.32,2132.03,2132.03,249
2026-06-26T13:12:00Z,2132.03,2132.88,2129.82,2130.67,114
2026-06-26T13:13:00Z,2130.67,2130.88,2129.32,2129.95,297
2026-06-26T13:14:00Z,2129.95,2130.94,2129.95,2130.94,203
2026-06-26T13:15:00Z,2130.94,2132.13,2130.31,2131.71,243
2026-06-26T13:16:00Z,2131.71,2132.77,2130.36,2130.78,176
2026-06-26T13:17:00Z,2130.78,2131.41,2129.86,2130.49,299
2026-06-26T13:18:00Z,2130.49,2132.54,2130.28,2131.48,158
2026-06-26T13:19:00Z,2131.48,2133.11,2130.42,2132.26,260
2026-06-26T13:20:00Z,2132.26,2132.26,2130.27,2131.12,305
2026-06-26T13:21:00Z,2131.12,2131.97,2131.04,2131.04,247
2026-06-26T13:22:00Z,2131.04,2131.60,2130.83,2131.18,212
2026-06-26T13:23:00Z,2131.18,2132.38,2130.12,2131.53,293
2026-06-26T13:24:00Z,2131.53,2133.15,2131.32,2132.09,291
2026-06-26T13:25:00Z,2132.09,2133.92,2131.46,2133.29,208
2026-06-26T13:26:00Z,2133.29,2134.06,2132.87,2133.64,185
2026-06-26T13:27:00Z,2133.64,2133.64,2132.29,2133.35,264
2026-06-26T13:28:00Z,2133.35,2133.70,2132.93,2133.49,120
2026-06-26T13:29:00Z,2133.49,2133.91,2132.14,2133.20,201
2026-06-26T13:30:00Z,2133.20,2134.05,2132.06,2132.06,143
2026-06-26T13:31:00Z,2132.06,2132.69,2131.98,2131.98,235
2026-06-26T13:32:00Z,2131.98,2132.33,2131.77,2132.33,307
2026-06-26T13:33:00Z,2132.33,2132.68,2131.48,2132.47,191
2026-06-26T13:34:00Z,2132.47,2132.82,2131.62,2132.82,166
2026-06-26T13:35:00Z,2132.82,2133.80,2132.82,2133.38,149
2026-06-26T13:36:00Z,2133.38,2134.58,2133.17,2133.73,299
2026-06-26T13:37:00Z,2133.73,2135.99,2133.31,2135.78,180
2026-06-26T13:38:00Z,2135.78,2136.77,2134.72,2136.13,156
2026-06-26T13:39:00Z,2136.13,2136.55,2134.57,2135.42,301
2026-06-26T13:40:00Z,2135.42,2137.47,2135.21,2136.83,110
2026-06-26T13:41:00Z,2136.83,2139.94,2135.77,2138.88,199
2026-06-26T13:42:00Z,2138.88,2140.08,2138.03,2139.02,301
2026-06-26T13:43:00Z,2139.02,2140.64,2139.02,2139.58,241
2026-06-26T13:44:00Z,2139.58,2140.57,2139.58,2140.36,208
2026-06-26T13:45:00Z,2140.36,2140.36,2139.21,2140.28,201
2026-06-26T13:46:00Z,2140.28,2140.84,2140.28,2140.63,247
2026-06-26T13:47:00Z,2140.63,2141.62,2139.78,2141.41,264
2026-06-26T13:48:00Z,2141.41,2142.82,2140.99,2142.40,162
2026-06-26T13:49:00Z,2142.40,2142.61,2141.47,2141.47,260
2026-06-26T13:50:00Z,2141.47,2142.54,2140.11,2140.96,201
2026-06-26T13:51:00Z,2140.96,2142.03,2139.81,2140.45,307
2026-06-26T13:52:00Z,2140.45,2140.66,2139.95,2140.37,295
2026-06-26T13:53:00Z,2140.37,2140.93,2140.16,2140.51,197
2026-06-26T13:54:00Z,2140.51,2141.58,2140.01,2140.22,255
2026-06-26T13:55:00Z,2140.22,2141.07,2140.14,2140.14,124
2026-06-26T13:56:00Z,2140.14,2141.12,2139.29,2140.70,293
2026-06-26T13:57:00Z,2140.70,2140.70,2139.35,2140.20,266
2026-06-26T13:58:00Z,2140.20,2140.97,2139.35,2140.55,110
2026-06-26T13:59:00Z,2140.55,2140.76,2139.63,2139.63,141
2026-06-26T14:00:00Z,2139.63,2140.05,2137.90,2138.32,312
2026-06-26T14:01:00Z,2138.32,2139.57,2137.26,2139.15,156
2026-06-26T14:02:00Z,2139.15,2139.76,2138.73,2139.34,245
2026-06-26T14:03:00Z,2139.34,2141.24,2138.70,2141.24,187
2026-06-26T14:04:00Z,2141.24,2141.66,2141.01,2141.22,210
2026-06-26T14:05:00Z,2141.22,2141.64,2139.70,2139.91,110
2026-06-26T14:06:00Z,2139.91,2140.76,2137.75,2138.60,131
2026-06-26T14:07:00Z,2138.60,2138.60,2135.80,2136.65,268
2026-06-26T14:08:00Z,2136.65,2137.50,2135.78,2136.63,135
2026-06-26T14:09:00Z,2136.63,2136.84,2135.33,2136.39,214
2026-06-26T14:10:00Z,2136.39,2136.60,2135.51,2135.72,289
2026-06-26T14:11:00Z,2135.72,2136.14,2134.42,2135.27,299
2026-06-26T14:12:00Z,2135.27,2137.59,2134.85,2136.53,226
2026-06-26T14:13:00Z,2136.53,2136.53,2135.87,2136.51,120
2026-06-26T14:14:00Z,2136.51,2137.36,2135.00,2135.42,237
2026-06-26T14:15:00Z,2135.42,2136.27,2132.63,2133.69,282
2026-06-26T14:16:00Z,2133.69,2134.30,2133.05,2134.09,176
2026-06-26T14:17:00Z,2134.09,2134.94,2132.36,2133.21,126
2026-06-26T14:18:00Z,2133.21,2133.61,2133.00,2133.40,108
2026-06-26T14:19:00Z,2133.40,2134.25,2132.10,2132.52,104
2026-06-26T14:20:00Z,2132.52,2132.92,2131.46,2132.92,108
2026-06-26T14:21:00Z,2132.92,2133.77,2131.19,2132.04,106
2026-06-26T14:22:00Z,2132.04,2133.07,2131.19,2132.44,110
2026-06-26T14:23:00Z,2132.44,2134.33,2132.44,2133.69,272
2026-06-26T14:24:00Z,2133.69,2133.90,2132.61,2133.24,183
2026-06-26T14:25:00Z,2133.24,2134.09,2132.16,2133.22,280
2026-06-26T14:26:00Z,2133.22,2133.43,2132.98,2132.98,220
2026-06-26T14:27:00Z,2132.98,2132.98,2132.75,2132.96,235
2026-06-26T14:28:00Z,2132.96,2132.96,2131.45,2132.51,228
2026-06-26T14:29:00Z,2132.51,2133.14,2131.42,2132.27,214
2026-06-26T14:30:00Z,2132.27,2133.33,2131.18,2131.39,137
2026-06-26T14:31:00Z,2131.39,2132.02,2129.67,2130.73,208
2026-06-26T14:32:00Z,2130.73,2132.83,2130.10,2131.98,120
2026-06-26T14:33:00Z,2131.98,2132.59,2131.98,2132.17,222
2026-06-26T14:34:00Z,2132.17,2132.38,2131.72,2131.72,120
2026-06-26T14:35:00Z,2131.72,2132.75,2131.30,2132.33,255
2026-06-26T14:36:00Z,2132.33,2133.79,2132.33,2133.16,185
2026-06-26T14:37:00Z,2133.16,2133.16,2132.72,2133.14,230
2026-06-26T14:38:00Z,2133.14,2134.20,2132.05,2132.90,137
2026-06-26T14:39:00Z,2132.90,2133.75,2131.38,2132.23,260
2026-06-26T14:40:00Z,2132.23,2133.08,2130.72,2131.14,255
2026-06-26T14:41:00Z,2131.14,2132.17,2130.29,2131.54,235
2026-06-26T14:42:00Z,2131.54,2132.39,2130.88,2130.88,183
2026-06-26T14:43:00Z,2130.88,2131.30,2129.79,2130.64,212
2026-06-26T14:44:00Z,2130.64,2131.06,2128.07,2128.70,147
2026-06-26T14:45:00Z,2128.70,2128.91,2127.19,2128.04,176
2026-06-26T14:46:00Z,2128.04,2129.10,2127.81,2128.02,193
2026-06-26T14:47:00Z,2128.02,2129.27,2127.81,2129.27,141
2026-06-26T14:48:00Z,2129.27,2129.27,2128.82,2128.82,241
2026-06-26T14:49:00Z,2128.82,2128.82,2128.58,2128.58,104
2026-06-26T14:50:00Z,2128.58,2129.43,2127.50,2127.92,118
2026-06-26T14:51:00Z,2127.92,2128.98,2126.40,2126.40,214
2026-06-26T14:52:00Z,2126.40,2126.61,2124.46,2125.52,108
2026-06-26T14:53:00Z,2125.52,2126.77,2125.10,2126.56,118
2026-06-26T14:54:00Z,2126.56,2126.56,2125.48,2126.11,293
2026-06-26T14:55:00Z,2126.11,2126.72,2125.69,2126.51,291
2026-06-26T14:56:00Z,2126.51,2127.76,2125.88,2126.70,260
2026-06-26T14:57:00Z,2126.70,2127.53,2126.07,2127.53,243
2026-06-26T14:58:00Z,2127.53,2128.57,2127.11,2127.72,287
2026-06-26T14:59:00Z,2127.72,2128.55,2127.30,2128.55,189
2026-06-26T15:00:00Z,2128.55,2128.55,2126.16,2127.22,220
2026-06-26T15:01:00Z,2127.22,2127.22,2126.33,2126.75,170
2026-06-26T15:02:00Z,2126.75,2127.56,2125.69,2127.56,230
2026-06-26T15:03:00Z,2127.56,2128.41,2127.09,2127.30,189
2026-06-26T15:04:00Z,2127.30,2128.73,2127.30,2127.88,301
2026-06-26T15:05:00Z,2127.88,2129.75,2127.46,2129.54,174
2026-06-26T15:06:00Z,2129.54,2130.60,2128.01,2128.86,212
2026-06-26T15:07:00Z,2128.86,2129.71,2127.12,2127.75,272
2026-06-26T15:08:00Z,2127.75,2128.38,2127.06,2127.06,180
2026-06-26T15:09:00Z,2127.06,2127.91,2125.53,2126.16,278
2026-06-26T15:10:00Z,2126.16,2126.79,2125.06,2125.48,133
2026-06-26T15:11:00Z,2125.48,2126.11,2125.01,2125.22,208
2026-06-26T15:12:00Z,2125.22,2125.22,2124.75,2125.17,249
2026-06-26T15:13:00Z,2125.17,2126.19,2124.32,2125.98,284
2026-06-26T15:14:00Z,2125.98,2126.19,2125.30,2125.30,205
2026-06-26T15:15:00Z,2125.30,2126.53,2124.67,2125.68,135
2026-06-26T15:16:00Z,2125.68,2127.12,2124.62,2126.49,114
2026-06-26T15:17:00Z,2126.49,2126.49,2125.38,2126.01,112
2026-06-26T15:18:00Z,2126.01,2127.24,2125.80,2126.18,220
2026-06-26T15:19:00Z,2126.18,2127.24,2124.65,2125.71,270
2026-06-26T15:20:00Z,2125.71,2126.77,2125.03,2125.45,145
2026-06-26T15:21:00Z,2125.45,2125.82,2125.45,2125.82,235
2026-06-26T15:22:00Z,2125.82,2126.03,2124.93,2125.35,239
2026-06-26T15:23:00Z,2125.35,2125.35,2124.46,2125.31,131
2026-06-26T15:24:00Z,2125.31,2126.11,2124.46,2125.90,218
2026-06-26T15:25:00Z,2125.90,2127.54,2125.69,2126.48,131
2026-06-26T15:26:00Z,2126.48,2127.54,2125.37,2125.58,108
2026-06-26T15:27:00Z,2125.58,2126.43,2124.47,2124.47,112
2026-06-26T15:28:00Z,2124.47,2125.91,2123.41,2125.49,270
2026-06-26T15:29:00Z,2125.49,2127.36,2125.28,2126.30,297
2026-06-26T15:30:00Z,2126.30,2127.30,2126.09,2126.67,289
2026-06-26T15:31:00Z,2126.67,2128.11,2125.61,2127.90,257
2026-06-26T15:32:00Z,2127.90,2128.32,2126.58,2127.64,183
2026-06-26T15:33:00Z,2127.64,2128.70,2126.33,2126.96,166
2026-06-26T15:34:00Z,2126.96,2127.17,2126.27,2126.27,284
2026-06-26T15:35:00Z,2126.27,2127.08,2125.42,2127.08,118
2026-06-26T15:36:00Z,2127.08,2128.95,2127.08,2128.10,232
2026-06-26T15:37:00Z,2128.10,2129.54,2127.68,2129.33,307
2026-06-26T15:38:00Z,2129.33,2129.54,2127.79,2128.85,110
2026-06-26T15:39:00Z,2128.85,2130.08,2128.00,2129.23,253
2026-06-26T15:40:00Z,2129.23,2130.08,2127.28,2127.91,216
2026-06-26T15:41:00Z,2127.91,2127.91,2127.23,2127.23,151
2026-06-26T15:42:00Z,2127.23,2127.65,2125.48,2126.54,205
2026-06-26T15:43:00Z,2126.54,2128.19,2126.12,2127.98,166
2026-06-26T15:44:00Z,2127.98,2129.20,2127.56,2128.57,282
2026-06-26T15:45:00Z,2128.57,2129.20,2126.40,2127.25,218
2026-06-26T15:46:00Z,2127.25,2127.25,2125.50,2125.71,222
2026-06-26T15:47:00Z,2125.71,2127.36,2124.86,2126.51,166
2026-06-26T15:48:00Z,2126.51,2126.72,2126.25,2126.25,187
2026-06-26T15:49:00Z,2126.25,2128.97,2125.83,2128.12,170
2026-06-26T15:50:00Z,2128.12,2129.35,2127.27,2128.93,245
2026-06-26T15:51:00Z,2128.93,2131.85,2127.87,2130.79,201
2026-06-26T15:52:00Z,2130.79,2131.64,2129.47,2129.47,249
2026-06-26T15:53:00Z,2129.47,2130.32,2128.57,2128.57,110
2026-06-26T15:54:00Z,2128.57,2129.63,2127.68,2128.53,280
2026-06-26T15:55:00Z,2128.53,2130.39,2128.32,2129.54,203
2026-06-26T15:56:00Z,2129.54,2130.55,2128.69,2129.92,291
2026-06-26T15:57:00Z,2129.92,2130.98,2126.90,2127.53,218
2026-06-26T15:58:00Z,2127.53,2128.38,2125.79,2126.42,278
2026-06-26T15:59:00Z,2126.42,2126.63,2124.46,2124.88,232
2026-06-26T16:00:00Z,2124.88,2125.72,2122.84,2123.90,276
2026-06-26T16:01:00Z,2123.90,2125.46,2123.69,2124.62,208
2026-06-26T16:02:00Z,2124.62,2125.25,2123.65,2123.86,116
2026-06-26T16:03:00Z,2123.86,2124.07,2121.83,2122.25,212
2026-06-26T16:04:00Z,2122.25,2122.88,2121.92,2122.13,174
2026-06-26T16:05:00Z,2122.13,2122.34,2121.16,2121.79,262
2026-06-26T16:06:00Z,2121.79,2122.72,2121.79,2122.51,114
2026-06-26T16:07:00Z,2122.51,2122.72,2121.54,2122.17,114
2026-06-26T16:08:00Z,2122.17,2122.26,2122.17,2122.26,172
2026-06-26T16:09:00Z,2122.26,2122.36,2122.05,2122.36,287
2026-06-26T16:10:00Z,2122.36,2123.20,2121.60,2122.02,251
2026-06-26T16:11:00Z,2122.02,2122.44,2121.68,2121.68,133
2026-06-26T16:12:00Z,2121.68,2122.74,2120.07,2120.49,282
2026-06-26T16:13:00Z,2120.49,2121.01,2119.43,2120.59,180
2026-06-26T16:14:00Z,2120.59,2121.73,2119.96,2121.73,270
2026-06-26T16:15:00Z,2121.73,2121.73,2120.13,2120.97,239
2026-06-26T16:16:00Z,2120.97,2121.39,2120.00,2120.63,276
2026-06-26T16:17:00Z,2120.63,2121.05,2119.66,2120.08,162
2026-06-26T16:18:00Z,2120.08,2120.71,2119.33,2119.96,106
2026-06-26T16:19:00Z,2119.96,2120.38,2119.41,2119.83,303
2026-06-26T16:20:00Z,2119.83,2123.09,2119.83,2122.03,226
2026-06-26T16:21:00Z,2122.03,2122.45,2121.90,2121.90,268
2026-06-26T16:22:00Z,2121.90,2122.53,2120.50,2121.56,226
2026-06-26T16:23:00Z,2121.56,2122.93,2120.93,2121.87,309
2026-06-26T16:24:00Z,2121.87,2122.59,2121.45,2121.96,249
2026-06-26T16:25:00Z,2121.96,2122.68,2121.75,2122.68,262
2026-06-26T16:26:00Z,2122.68,2123.31,2122.55,2122.55,287
2026-06-26T16:27:00Z,2122.55,2123.07,2122.34,2122.86,251
2026-06-26T16:28:00Z,2122.86,2123.49,2121.68,2122.31,216
2026-06-26T16:29:00Z,2122.31,2124.51,2121.25,2123.45,260
2026-06-26T16:30:00Z,2123.45,2124.60,2122.39,2123.54,185
2026-06-26T16:31:00Z,2123.54,2124.26,2122.91,2123.84,274
2026-06-26T16:32:00Z,2123.84,2124.05,2123.30,2123.51,301
2026-06-26T16:33:00Z,2123.51,2124.14,2123.17,2123.38,272
2026-06-26T16:34:00Z,2123.38,2123.59,2121.14,2121.77,262
2026-06-26T16:35:00Z,2121.77,2122.19,2119.74,2120.37,301
2026-06-26T16:36:00Z,2120.37,2121.00,2119.62,2119.83,106
2026-06-26T16:37:00Z,2119.83,2120.76,2119.62,2120.34,162
2026-06-26T16:38:00Z,2120.34,2122.32,2119.28,2121.48,197
2026-06-26T16:39:00Z,2121.48,2122.11,2119.45,2119.66,260
2026-06-26T16:40:00Z,2119.66,2121.01,2118.61,2120.59,151
2026-06-26T16:41:00Z,2120.59,2121.74,2120.38,2121.32,208
2026-06-26T16:42:00Z,2121.32,2122.04,2120.48,2121.83,158
2026-06-26T16:43:00Z,2121.83,2122.34,2120.77,2121.92,214
2026-06-26T16:44:00Z,2121.92,2123.06,2121.50,2122.64,268
2026-06-26T16:45:00Z,2122.64,2123.27,2121.24,2122.30,139
2026-06-26T16:46:00Z,2122.30,2123.03,2121.46,2122.82,226
2026-06-26T16:47:00Z,2122.82,2123.45,2120.58,2121.42,232
2026-06-26T16:48:00Z,2121.42,2121.51,2121.21,2121.51,104
2026-06-26T16:49:00Z,2121.51,2122.44,2121.30,2122.44,141
2026-06-26T16:50:00Z,2122.44,2123.80,2122.02,2122.96,251
2026-06-26T16:51:00Z,2122.96,2123.26,2122.54,2123.26,208
2026-06-26T16:52:00Z,2123.26,2123.89,2121.02,2121.65,257
2026-06-26T16:53:00Z,2121.65,2121.95,2121.02,2121.95,230
2026-06-26T16:54:00Z,2121.95,2122.58,2119.49,2120.55,226
2026-06-26T16:55:00Z,2120.55,2121.91,2120.55,2121.07,166
2026-06-26T16:56:00Z,2121.07,2122.13,2120.31,2120.94,122
2026-06-26T16:57:00Z,2120.94,2122.51,2120.31,2122.51,153
2026-06-26T16:58:00Z,2122.51,2122.81,2122.30,2122.81,131
2026-06-26T16:59:00Z,2122.81,2123.87,2121.63,2121.63,303
2026-06-26T17:00:00Z,2121.63,2121.84,2120.55,2120.55,141
2026-06-26T17:01:00Z,2120.55,2121.81,2119.71,2121.60,235
2026-06-26T17:02:00Z,2121.60,2122.22,2120.97,2121.80,291
2026-06-26T17:03:00Z,2121.80,2122.43,2121.36,2121.57,201
2026-06-26T17:04:00Z,2121.57,2121.78,2120.08,2120.71,124
2026-06-26T17:05:00Z,2120.71,2121.13,2119.43,2120.06,226
2026-06-26T17:06:00Z,2120.06,2121.12,2118.58,2119.63,203
2026-06-26T17:07:00Z,2119.63,2121.31,2119.42,2121.31,172
2026-06-26T17:08:00Z,2121.31,2122.99,2120.47,2122.99,305
2026-06-26T17:09:00Z,2122.99,2124.25,2122.99,2123.19,120
2026-06-26T17:10:00Z,2123.19,2123.61,2121.69,2122.75,262
2026-06-26T17:11:00Z,2122.75,2122.75,2122.53,2122.74,133
2026-06-26T17:12:00Z,2122.74,2124.21,2122.11,2124.00,270
2026-06-26T17:13:00Z,2124.00,2124.21,2121.88,2122.51,282
2026-06-26T17:14:00Z,2122.51,2125.04,2121.45,2124.83,293
2026-06-26T17:15:00Z,2124.83,2125.45,2124.41,2125.45,237
2026-06-26T17:16:00Z,2125.45,2127.34,2124.60,2126.92,232
2026-06-26T17:17:00Z,2126.92,2128.39,2126.29,2127.54,191
2026-06-26T17:18:00Z,2127.54,2128.60,2126.04,2126.67,141
2026-06-26T17:19:00Z,2126.67,2127.09,2125.18,2126.24,176
2026-06-26T17:20:00Z,2126.24,2126.65,2125.18,2126.65,126
2026-06-26T17:21:00Z,2126.65,2126.65,2124.30,2125.15,264
2026-06-26T17:22:00Z,2125.15,2127.89,2124.94,2127.26,270
2026-06-26T17:23:00Z,2127.26,2127.89,2126.82,2127.03,116
2026-06-26T17:24:00Z,2127.03,2127.24,2125.11,2125.74,208
2026-06-26T17:25:00Z,2125.74,2126.79,2125.53,2125.94,241
2026-06-26T17:26:00Z,2125.94,2126.79,2124.24,2124.66,274
2026-06-26T17:27:00Z,2124.66,2125.07,2124.45,2124.86,245
2026-06-26T17:28:00Z,2124.86,2125.49,2123.36,2123.78,212
2026-06-26T17:29:00Z,2123.78,2124.41,2122.50,2123.13,299
2026-06-26T17:30:00Z,2123.13,2124.19,2122.69,2122.69,203
2026-06-26T17:31:00Z,2122.69,2123.11,2122.25,2122.25,143
2026-06-26T17:32:00Z,2122.25,2123.09,2120.96,2120.96,116
2026-06-26T17:33:00Z,2120.96,2121.59,2119.27,2120.11,216
2026-06-26T17:34:00Z,2120.11,2122.64,2119.69,2121.58,268
2026-06-26T17:35:00Z,2121.58,2122.21,2120.72,2121.14,149
2026-06-26T17:36:00Z,2121.14,2122.18,2120.93,2121.55,289
2026-06-26T17:37:00Z,2121.55,2121.55,2120.48,2121.54,226
2026-06-26T17:38:00Z,2121.54,2122.80,2120.70,2122.59,197
2026-06-26T17:39:00Z,2122.59,2123.65,2121.32,2122.16,205
2026-06-26T17:40:00Z,2122.16,2123.00,2120.03,2120.87,183
2026-06-26T17:41:00Z,2120.87,2121.91,2120.87,2121.70,280
2026-06-26T17:42:00Z,2121.70,2123.16,2121.49,2122.53,274
2026-06-26T17:43:00Z,2122.53,2123.78,2122.32,2123.36,141
2026-06-26T17:44:00Z,2123.36,2124.83,2122.30,2123.77,195
2026-06-26T17:45:00Z,2123.77,2124.40,2122.49,2123.12,189
2026-06-26T17:46:00Z,2123.12,2123.96,2122.70,2123.75,274
2026-06-26T17:47:00Z,2123.75,2125.00,2123.75,2124.37,264
2026-06-26T17:48:00Z,2124.37,2126.05,2124.16,2125.63,291
2026-06-26T17:49:00Z,2125.63,2126.69,2125.19,2125.19,153
2026-06-26T17:50:00Z,2125.19,2126.04,2124.33,2124.54,214
2026-06-26T17:51:00Z,2124.54,2125.58,2124.12,2124.95,141
2026-06-26T17:52:00Z,2124.95,2125.58,2123.67,2124.51,284
2026-06-26T17:53:00Z,2124.51,2125.14,2123.45,2124.72,116
2026-06-26T17:54:00Z,2124.72,2125.98,2124.30,2125.56,164
2026-06-26T17:55:00Z,2125.56,2125.77,2123.85,2124.91,178
2026-06-26T17:56:00Z,2124.91,2125.54,2124.05,2124.26,212
2026-06-26T17:57:00Z,2124.26,2125.30,2123.20,2124.88,247
2026-06-26T17:58:00Z,2124.88,2125.51,2122.32,2123.16,280
2026-06-26T17:59:00Z,2123.16,2123.58,2122.53,2123.58,224
2026-06-26T18:00:00Z,2123.58,2124.83,2123.37,2123.99,104
2026-06-26T18:01:00Z,2123.99,2124.82,2123.99,2124.19,158
2026-06-26T18:02:00Z,2124.19,2125.03,2124.18,2124.18,287
2026-06-26T18:03:00Z,2124.18,2125.65,2123.76,2125.23,305
2026-06-26T18:04:00Z,2125.23,2127.12,2125.23,2126.49,193
2026-06-26T18:05:00Z,2126.49,2127.12,2126.49,2126.91,282
2026-06-26T18:06:00Z,2126.91,2127.32,2126.91,2127.32,228
2026-06-26T18:07:00Z,2127.32,2127.32,2126.47,2126.89,112
2026-06-26T18:08:00Z,2126.89,2127.95,2124.97,2125.39,147
2026-06-26T18:09:00Z,2125.39,2125.60,2124.11,2124.74,293
2026-06-26T18:10:00Z,2124.74,2124.95,2123.46,2123.67,247
2026-06-26T18:11:00Z,2123.67,2125.56,2123.25,2124.93,270
2026-06-26T18:12:00Z,2124.93,2126.18,2124.51,2125.76,214
2026-06-26T18:13:00Z,2125.76,2125.97,2124.90,2125.75,143
2026-06-26T18:14:00Z,2125.75,2127.86,2125.54,2127.01,199
2026-06-26T18:15:00Z,2127.01,2127.43,2125.10,2125.52,160
2026-06-26T18:16:00Z,2125.52,2125.94,2124.46,2125.94,232
2026-06-26T18:17:00Z,2125.94,2127.42,2125.94,2126.36,128
2026-06-26T18:18:00Z,2126.36,2126.97,2125.73,2126.55,312
2026-06-26T18:19:00Z,2126.55,2128.87,2126.55,2128.02,266
2026-06-26T18:20:00Z,2128.02,2129.92,2127.39,2129.07,232
2026-06-26T18:21:00Z,2129.07,2130.13,2128.64,2129.06,120
2026-06-26T18:22:00Z,2129.06,2130.12,2128.63,2128.63,108
2026-06-26T18:23:00Z,2128.63,2129.48,2126.92,2127.77,180
2026-06-26T18:24:00Z,2127.77,2128.19,2125.43,2126.06,303
2026-06-26T18:25:00Z,2126.06,2127.75,2125.85,2126.69,170
2026-06-26T18:26:00Z,2126.69,2130.06,2126.48,2129.43,228
2026-06-26T18:27:00Z,2129.43,2132.18,2128.58,2131.33,247
2026-06-26T18:28:00Z,2131.33,2131.33,2131.11,2131.32,235
2026-06-26T18:29:00Z,2131.32,2131.95,2130.68,2130.68,295
2026-06-26T18:30:00Z,2130.68,2131.72,2130.05,2131.30,114
2026-06-26T18:31:00Z,2131.30,2132.36,2130.87,2130.87,264
2026-06-26T18:32:00Z,2130.87,2131.92,2130.66,2131.29,235
2026-06-26T18:33:00Z,2131.29,2133.61,2130.87,2132.55,307
2026-06-26T18:34:00Z,2132.55,2133.18,2132.13,2132.97,108
2026-06-26T18:35:00Z,2132.97,2135.08,2132.97,2134.23,124
2026-06-26T18:36:00Z,2134.23,2135.49,2133.59,2134.85,247
2026-06-26T18:37:00Z,2134.85,2136.54,2134.85,2135.48,282
2026-06-26T18:38:00Z,2135.48,2136.54,2133.77,2134.41,128
2026-06-26T18:39:00Z,2134.41,2135.47,2132.92,2133.77,222
2026-06-26T18:40:00Z,2133.77,2135.03,2133.13,2133.97,193
2026-06-26T18:41:00Z,2133.97,2135.66,2133.55,2135.02,166
2026-06-26T18:42:00Z,2135.02,2136.49,2134.38,2135.64,287
2026-06-26T18:43:00Z,2135.64,2136.90,2135.00,2136.48,232
2026-06-26T18:44:00Z,2136.48,2136.69,2135.63,2135.84,218
2026-06-26T18:45:00Z,2135.84,2136.48,2134.56,2135.20,293
2026-06-26T18:46:00Z,2135.20,2135.20,2134.77,2134.77,216
2026-06-26T18:47:00Z,2134.77,2135.61,2134.77,2135.19,139
2026-06-26T18:48:00Z,2135.19,2136.25,2134.54,2134.96,293
2026-06-26T18:49:00Z,2134.96,2135.58,2134.11,2135.16,278
2026-06-26T18:50:00Z,2135.16,2135.37,2133.46,2134.31,289
2026-06-26T18:51:00Z,2134.31,2134.95,2132.18,2133.03,162
2026-06-26T18:52:00Z,2133.03,2133.03,2132.60,2132.81,253
2026-06-26T18:53:00Z,2132.81,2133.44,2131.96,2133.23,278
2026-06-26T18:54:00Z,2133.23,2133.86,2132.37,2133.00,131
2026-06-26T18:55:00Z,2133.00,2133.63,2132.58,2133.42,122
2026-06-26T18:56:00Z,2133.42,2133.63,2132.36,2132.57,297
2026-06-26T18:57:00Z,2132.57,2132.99,2132.14,2132.35,280
2026-06-26T18:58:00Z,2132.35,2134.46,2131.50,2133.82,268
2026-06-26T18:59:00Z,2133.82,2135.71,2133.82,2135.50,280
2026-06-26T19:00:00Z,2135.50,2136.14,2135.08,2135.50,278
2026-06-26T19:01:00Z,2135.50,2135.92,2135.29,2135.50,168
2026-06-26T19:02:00Z,2135.50,2136.14,2134.65,2135.50,257
2026-06-26T19:03:00Z,2135.50,2138.05,2135.50,2137.20,120
2026-06-26T19:04:00Z,2137.20,2137.20,2135.71,2136.13,160
2026-06-26T19:05:00Z,2136.13,2137.41,2135.92,2136.77,124
2026-06-26T19:06:00Z,2136.77,2137.62,2135.92,2136.98,276
2026-06-26T19:07:00Z,2136.98,2138.05,2136.13,2136.99,280
2026-06-26T19:08:00Z,2136.99,2138.26,2135.93,2137.84,239
2026-06-26T19:09:00Z,2137.84,2138.90,2136.35,2136.77,235
2026-06-26T19:10:00Z,2136.77,2137.19,2133.78,2134.63,270
2026-06-26T19:11:00Z,2134.63,2136.76,2133.57,2136.76,106
2026-06-26T19:12:00Z,2136.76,2138.68,2135.91,2138.04,114
2026-06-26T19:13:00Z,2138.04,2138.68,2137.19,2137.61,126
2026-06-26T19:14:00Z,2137.61,2137.82,2136.98,2137.40,278
2026-06-26T19:15:00Z,2137.40,2139.95,2136.76,2138.89,160
2026-06-26T19:16:00Z,2138.89,2139.31,2138.03,2138.03,289
2026-06-26T19:17:00Z,2138.03,2138.88,2137.18,2137.60,266
2026-06-26T19:18:00Z,2137.60,2138.02,2137.39,2137.81,218
2026-06-26T19:19:00Z,2137.81,2139.29,2137.81,2138.87,239
2026-06-26T19:20:00Z,2138.87,2139.08,2137.80,2138.44,220
2026-06-26T19:21:00Z,2138.44,2138.65,2137.80,2138.65,151
2026-06-26T19:22:00Z,2138.65,2140.14,2137.80,2139.08,149
2026-06-26T19:23:00Z,2139.08,2139.72,2136.94,2137.79,135
2026-06-26T19:24:00Z,2137.79,2138.85,2135.86,2136.07,287
2026-06-26T19:25:00Z,2136.07,2137.13,2135.86,2136.28,145
2026-06-26T19:26:00Z,2136.28,2136.28,2135.43,2135.85,222
2026-06-26T19:27:00Z,2135.85,2135.85,2134.56,2135.20,230
2026-06-26T19:28:00Z,2135.20,2135.83,2135.20,2135.41,149
2026-06-26T19:29:00Z,2135.41,2137.76,2134.77,2136.70,212
2026-06-26T19:30:00Z,2136.70,2136.91,2136.06,2136.70,199
2026-06-26T19:31:00Z,2136.70,2139.04,2135.64,2138.83,183
2026-06-26T19:32:00Z,2138.83,2140.31,2138.19,2139.25,114
2026-06-26T19:33:00Z,2139.25,2140.53,2138.40,2139.89,168
2026-06-26T19:34:00Z,2139.89,2141.60,2139.89,2140.53,255
2026-06-26T19:35:00Z,2140.53,2140.95,2139.46,2140.31,180
2026-06-26T19:36:00Z,2140.31,2141.80,2139.24,2140.73,237
2026-06-26T19:37:00Z,2140.73,2141.37,2139.45,2140.09,116
2026-06-26T19:38:00Z,2140.09,2140.94,2139.88,2140.30,301
2026-06-26T19:39:00Z,2140.30,2142.22,2139.45,2141.15,220
2026-06-26T19:40:00Z,2141.15,2142.00,2140.08,2141.36,104
2026-06-26T19:41:00Z,2141.36,2143.28,2140.94,2142.64,172
2026-06-26T19:42:00Z,2142.64,2143.71,2140.29,2141.14,301
2026-06-26T19:43:00Z,2141.14,2141.56,2140.50,2140.71,168
2026-06-26T19:44:00Z,2140.71,2141.78,2139.87,2140.29,143
2026-06-26T19:45:00Z,2140.29,2141.14,2137.94,2138.36,287
2026-06-26T19:46:00Z,2138.36,2138.36,2135.37,2136.43,118
2026-06-26T19:47:00Z,2136.43,2138.98,2135.79,2137.92,249
2026-06-26T19:48:00Z,2137.92,2137.92,2136.85,2137.27,126
2026-06-26T19:49:00Z,2137.27,2138.33,2135.99,2137.05,168
2026-06-26T19:50:00Z,2137.05,2137.47,2137.05,2137.05,262
2026-06-26T19:51:00Z,2137.05,2138.11,2136.40,2136.40,312
2026-06-26T19:52:00Z,2136.40,2138.32,2135.55,2137.47,178
2026-06-26T19:53:00Z,2137.47,2138.11,2135.12,2136.18,249
2026-06-26T19:54:00Z,2136.18,2137.03,2136.18,2136.82,180
2026-06-26T19:55:00Z,2136.82,2136.82,2134.68,2135.53,133
2026-06-26T19:56:00Z,2135.53,2136.80,2135.53,2135.95,151
2026-06-26T19:57:00Z,2135.95,2138.08,2135.10,2137.44,106
2026-06-26T19:58:00Z,2137.44,2138.29,2135.73,2136.15,118
2026-06-26T19:59:00Z,2136.15,2136.79,2134.88,2135.73,118
2026-06-26T20:00:00Z,2135.73,2135.73,2134.85,2134.85,153
2026-06-26T20:01:00Z,2134.85,2135.89,2134.85,2135.47,247
2026-06-26T20:02:00Z,2135.47,2135.47,2135.03,2135.45,276
2026-06-26T20:03:00Z,2135.45,2136.27,2135.24,2135.85,276
2026-06-26T20:04:00Z,2135.85,2136.91,2134.13,2135.19,216
2026-06-26T20:05:00Z,2135.19,2136.24,2134.77,2135.39,108
2026-06-26T20:06:00Z,2135.39,2136.64,2135.18,2135.79,143
2026-06-26T20:07:00Z,2135.79,2135.99,2134.94,2135.99,297
2026-06-26T20:08:00Z,2135.99,2137.25,2135.35,2136.61,239
2026-06-26T20:09:00Z,2136.61,2137.03,2135.73,2136.37,272
2026-06-26T20:10:00Z,2136.37,2136.37,2134.43,2135.28,124
2026-06-26T20:11:00Z,2135.28,2135.49,2133.56,2134.20,124
2026-06-26T20:12:00Z,2134.20,2135.05,2133.96,2133.96,264
2026-06-26T20:13:00Z,2133.96,2136.07,2133.11,2135.01,141
2026-06-26T20:14:00Z,2135.01,2135.43,2134.78,2134.99,124
2026-06-26T20:15:00Z,2134.99,2135.41,2133.69,2133.90,312
2026-06-26T20:16:00Z,2133.90,2134.75,2132.82,2133.88,291
2026-06-26T20:17:00Z,2133.88,2133.88,2132.59,2133.65,301
2026-06-26T20:18:00Z,2133.65,2134.47,2132.59,2134.47,253
2026-06-26T20:19:00Z,2134.47,2134.68,2133.61,2134.03,274
2026-06-26T20:20:00Z,2134.03,2134.65,2133.39,2134.65,262
2026-06-26T20:21:00Z,2134.65,2135.69,2134.01,2135.69,108
2026-06-26T20:22:00Z,2135.69,2135.90,2133.97,2135.03,112
2026-06-26T20:23:00Z,2135.03,2135.65,2134.82,2135.44,137
2026-06-26T20:24:00Z,2135.44,2135.44,2133.93,2134.35,158
2026-06-26T20:25:00Z,2134.35,2134.99,2134.12,2134.33,139
2026-06-26T20:26:00Z,2134.33,2134.54,2134.10,2134.10,178
2026-06-26T20:27:00Z,2134.10,2134.71,2133.89,2134.50,156
2026-06-26T20:28:00Z,2134.50,2134.50,2133.84,2134.48,226
2026-06-26T20:29:00Z,2134.48,2138.08,2134.06,2137.02,147
2026-06-26T20:30:00Z,2137.02,2137.87,2135.93,2136.57,106
2026-06-26T20:31:00Z,2136.57,2136.77,2135.93,2136.77,266
2026-06-26T20:32:00Z,2136.77,2136.77,2135.90,2136.54,280
2026-06-26T20:33:00Z,2136.54,2137.18,2134.60,2135.45,143
2026-06-26T20:34:00Z,2135.45,2137.77,2135.03,2136.92,176
2026-06-26T20:35:00Z,2136.92,2136.92,2134.99,2135.84,208
2026-06-26T20:36:00Z,2135.84,2137.94,2135.42,2137.09,301
2026-06-26T20:37:00Z,2137.09,2139.62,2136.45,2138.56,112
2026-06-26T20:38:00Z,2138.56,2138.76,2138.35,2138.76,301
2026-06-26T20:39:00Z,2138.76,2140.22,2138.76,2139.80,133
2026-06-26T20:40:00Z,2139.80,2141.27,2139.59,2140.42,156
2026-06-26T20:41:00Z,2140.42,2141.27,2140.19,2140.40,108
2026-06-26T20:42:00Z,2140.40,2140.40,2139.10,2139.95,139
2026-06-26T20:43:00Z,2139.95,2140.59,2139.09,2139.51,156
2026-06-26T20:44:00Z,2139.51,2140.57,2138.43,2139.07,185
2026-06-26T20:45:00Z,2139.07,2141.60,2139.07,2140.53,305
2026-06-26T20:46:00Z,2140.53,2142.00,2139.46,2141.15,262
2026-06-26T20:47:00Z,2141.15,2142.22,2139.64,2140.71,160
2026-06-26T20:48:00Z,2140.71,2142.39,2140.50,2141.32,203
2026-06-26T20:49:00Z,2141.32,2141.94,2140.68,2141.94,297
2026-06-26T20:50:00Z,2141.94,2142.79,2139.58,2140.43,243
2026-06-26T20:51:00Z,2140.43,2141.28,2139.76,2139.76,284
2026-06-26T20:52:00Z,2139.76,2140.61,2137.19,2138.04,230
2026-06-26T20:53:00Z,2138.04,2140.15,2137.83,2139.94,174
2026-06-26T20:54:00Z,2139.94,2140.36,2138.63,2138.63,241
2026-06-26T20:55:00Z,2138.63,2138.63,2136.49,2137.55,208
2026-06-26T20:56:00Z,2137.55,2137.76,2136.47,2137.32,266
2026-06-26T20:57:00Z,2137.32,2137.53,2136.65,2136.65,264
2026-06-26T20:58:00Z,2136.65,2137.27,2136.01,2136.85,245
2026-06-26T20:59:00Z,2136.85,2137.27,2135.56,2136.41,197
2026-06-26T21:00:00Z,2136.41,2137.51,2136.41,2137.09,145
2026-06-26T21:01:00Z,2137.09,2137.51,2135.85,2135.85,116
2026-06-26T21:02:00Z,2135.85,2136.27,2134.40,2135.25,230
2026-06-26T21:03:00Z,2135.25,2136.14,2134.40,2135.72,189
2026-06-26T21:04:00Z,2135.72,2136.78,2135.13,2135.55,145
2026-06-26T21:05:00Z,2135.55,2135.97,2133.89,2134.53,224
2026-06-26T21:06:00Z,2134.53,2136.49,2134.11,2136.49,289
2026-06-26T21:07:00Z,2136.49,2136.54,2135.64,2136.54,191
2026-06-26T21:08:00Z,2136.54,2136.54,2134.88,2135.52,162
2026-06-26T21:09:00Z,2135.52,2135.73,2135.14,2135.14,124
2026-06-26T21:10:00Z,2135.14,2135.14,2134.76,2134.76,185
2026-06-26T21:11:00Z,2134.76,2135.82,2133.95,2133.95,185
2026-06-26T21:12:00Z,2133.95,2135.05,2133.31,2134.20,268
2026-06-26T21:13:00Z,2134.20,2134.62,2133.39,2133.60,235
2026-06-26T21:14:00Z,2133.60,2133.86,2133.39,2133.86,284
2026-06-26T21:15:00Z,2133.86,2134.07,2132.64,2133.27,226
2026-06-26T21:16:00Z,2133.27,2135.02,2132.42,2134.17,122
2026-06-26T21:17:00Z,2134.17,2135.02,2132.09,2132.51,257
2026-06-26T21:18:00Z,2132.51,2133.57,2131.27,2132.12,106
2026-06-26T21:19:00Z,2132.12,2132.33,2130.46,2131.31,253
2026-06-26T21:20:00Z,2131.31,2131.73,2129.87,2130.72,208
2026-06-26T21:21:00Z,2130.72,2130.98,2130.51,2130.77,120
2026-06-26T21:22:00Z,2130.77,2131.40,2128.90,2129.32,199
2026-06-26T21:23:00Z,2129.32,2130.42,2128.47,2129.79,257
2026-06-26T21:24:00Z,2129.79,2130.64,2128.56,2129.19,257
2026-06-26T21:25:00Z,2129.19,2130.72,2128.98,2129.87,172
2026-06-26T21:26:00Z,2129.87,2129.87,2128.86,2129.28,185
2026-06-26T21:27:00Z,2129.28,2130.38,2128.86,2129.96,235
2026-06-26T21:28:00Z,2129.96,2130.43,2129.11,2130.01,116
2026-06-26T21:29:00Z,2130.01,2131.07,2128.57,2128.99,268
2026-06-26T21:30:00Z,2128.99,2129.88,2128.57,2129.88,268
2026-06-26T21:31:00Z,2129.88,2131.62,2129.46,2130.56,212
2026-06-26T21:32:00Z,2130.56,2132.73,2129.93,2131.67,128
2026-06-26T21:33:00Z,2131.67,2132.09,2130.23,2131.08,278
2026-06-26T21:34:00Z,2131.08,2131.08,2129.43,2130.49,291
2026-06-26T21:35:00Z,2130.49,2131.60,2130.49,2130.75,260
2026-06-26T21:36:00Z,2130.75,2131.60,2129.30,2130.36,222
2026-06-26T21:37:00Z,2130.36,2131.68,2130.36,2131.47,270
2026-06-26T21:38:00Z,2131.47,2131.47,2130.03,2130.88,243
2026-06-26T21:39:00Z,2130.88,2131.99,2130.46,2131.78,168
2026-06-26T21:40:00Z,2131.78,2132.68,2130.72,2131.83,170
2026-06-26T21:41:00Z,2131.83,2131.83,2131.03,2131.66,291
2026-06-26T21:42:00Z,2131.66,2132.12,2130.81,2131.70,222
2026-06-26T21:43:00Z,2131.70,2132.17,2130.64,2132.17,149
2026-06-26T21:44:00Z,2132.17,2132.80,2131.79,2131.79,289
2026-06-26T21:45:00Z,2131.79,2134.17,2131.16,2133.75,191
2026-06-26T21:46:00Z,2133.75,2134.22,2132.69,2134.01,174
2026-06-26T21:47:00Z,2134.01,2135.33,2133.80,2134.91,251
2026-06-26T21:48:00Z,2134.91,2135.37,2133.85,2134.95,210
2026-06-26T21:49:00Z,2134.95,2137.12,2134.74,2136.91,216
2026-06-26T21:50:00Z,2136.91,2137.76,2136.32,2136.74,212
2026-06-26T21:51:00Z,2136.74,2136.95,2135.29,2135.50,185
2026-06-26T21:52:00Z,2135.50,2137.03,2135.29,2136.61,151
2026-06-26T21:53:00Z,2136.61,2136.61,2136.01,2136.01,245
2026-06-26T21:54:00Z,2136.01,2137.75,2135.80,2137.54,164
2026-06-26T21:55:00Z,2137.54,2138.65,2137.12,2137.59,106
2026-06-26T21:56:00Z,2137.59,2137.59,2137.42,2137.42,183
2026-06-26T21:57:00Z,2137.42,2138.11,2137.42,2138.11,218
2026-06-26T21:58:00Z,2138.11,2138.96,2137.30,2137.30,274
2026-06-26T21:59:00Z,2137.30,2139.90,2136.45,2139.05,284
2026-06-26T22:00:00Z,2139.05,2141.73,2138.20,2141.52,135
2026-06-26T22:01:00Z,2141.52,2141.85,2141.10,2141.85,185
2026-06-26T22:02:00Z,2141.85,2141.85,2140.47,2141.54,141
2026-06-26T22:03:00Z,2141.54,2141.54,2139.53,2139.95,124
2026-06-26T22:04:00Z,2139.95,2140.59,2137.72,2137.93,255
2026-06-26T22:05:00Z,2137.93,2138.35,2136.56,2136.77,249
2026-06-26T22:06:00Z,2136.77,2137.31,2135.71,2137.10,307
2026-06-26T22:07:00Z,2137.10,2137.10,2135.52,2136.58,299
2026-06-26T22:08:00Z,2136.58,2137.22,2135.84,2135.84,145
2026-06-26T22:09:00Z,2135.84,2136.48,2134.47,2135.11,276
2026-06-26T22:10:00Z,2135.11,2136.17,2133.31,2134.16,299
2026-06-26T22:11:00Z,2134.16,2135.22,2133.00,2133.85,232
2026-06-26T22:12:00Z,2133.85,2135.24,2133.00,2134.18,174
2026-06-26T22:13:00Z,2134.18,2136.64,2133.76,2135.58,214
2026-06-26T22:14:00Z,2135.58,2136.97,2134.94,2136.55,218
2026-06-26T22:15:00Z,2136.55,2137.19,2134.97,2136.03,224
2026-06-26T22:16:00Z,2136.03,2137.42,2136.03,2137.00,299
2026-06-26T22:17:00Z,2137.00,2138.61,2137.00,2138.19,139
2026-06-26T22:18:00Z,2138.19,2138.52,2137.77,2138.52,183
2026-06-26T22:19:00Z,2138.52,2139.29,2138.31,2139.08,243
2026-06-26T22:20:00Z,2139.08,2140.69,2138.02,2140.27,291
2026-06-26T22:21:00Z,2140.27,2140.69,2140.18,2140.18,153
2026-06-26T22:22:00Z,2140.18,2140.18,2139.45,2140.09,307
2026-06-26T22:23:00Z,2140.09,2140.51,2138.28,2138.92,253
2026-06-26T22:24:00Z,2138.92,2139.04,2138.50,2139.04,153
2026-06-26T22:25:00Z,2139.04,2139.25,2137.87,2137.87,141
2026-06-26T22:26:00Z,2137.87,2138.20,2137.45,2138.20,299
2026-06-26T22:27:00Z,2138.20,2138.32,2138.20,2138.32,289
2026-06-26T22:28:00Z,2138.32,2138.32,2137.16,2138.01,210
2026-06-26T22:29:00Z,2138.01,2138.01,2136.00,2136.85,172
2026-06-26T22:30:00Z,2136.85,2137.06,2133.98,2135.04,195
2026-06-26T22:31:00Z,2135.04,2135.46,2133.88,2134.52,228
2026-06-26T22:32:00Z,2134.52,2134.94,2133.36,2133.78,237
2026-06-26T22:33:00Z,2133.78,2133.99,2131.98,2132.83,205
2026-06-26T22:34:00Z,2132.83,2133.68,2132.31,2132.31,305
2026-06-26T22:35:00Z,2132.31,2133.07,2131.46,2132.86,216
2026-06-26T22:36:00Z,2132.86,2133.92,2131.49,2132.12,139
2026-06-26T22:37:00Z,2132.12,2132.87,2132.12,2132.24,291
2026-06-26T22:38:00Z,2132.24,2132.66,2130.44,2131.29,262
2026-06-26T22:39:00Z,2131.29,2132.49,2130.66,2132.49,216
2026-06-26T22:40:00Z,2132.49,2133.25,2132.49,2133.04,253
2026-06-26T22:41:00Z,2133.04,2134.65,2132.83,2133.80,176
2026-06-26T22:42:00Z,2133.80,2134.34,2133.59,2133.92,118
2026-06-26T22:43:00Z,2133.92,2134.77,2132.77,2133.83,216
2026-06-26T22:44:00Z,2133.83,2135.23,2133.19,2134.59,133
2026-06-26T22:45:00Z,2134.59,2136.63,2133.95,2135.78,153
2026-06-26T22:46:00Z,2135.78,2136.63,2133.13,2134.19,158
2026-06-26T22:47:00Z,2134.19,2134.40,2133.24,2133.24,183
2026-06-26T22:48:00Z,2133.24,2133.45,2131.87,2132.29,156
2026-06-26T22:49:00Z,2132.29,2133.27,2131.44,2132.85,268
2026-06-26T22:50:00Z,2132.85,2133.70,2132.34,2132.76,191
2026-06-26T22:51:00Z,2132.76,2135.22,2132.34,2134.16,156
2026-06-26T22:52:00Z,2134.16,2135.34,2133.10,2134.28,295
2026-06-26T22:53:00Z,2134.28,2134.70,2134.19,2134.19,299
2026-06-26T22:54:00Z,2134.19,2135.80,2133.55,2134.95,126
2026-06-26T22:55:00Z,2134.95,2135.37,2134.01,2134.86,220
2026-06-26T22:56:00Z,2134.86,2135.41,2134.65,2135.41,295
2026-06-26T22:57:00Z,2135.41,2137.02,2134.56,2135.96,185
2026-06-26T22:58:00Z,2135.96,2136.72,2135.11,2136.51,222
2026-06-26T22:59:00Z,2136.51,2136.72,2134.08,2135.14,147
2026-06-26T23:00:00Z,2135.14,2135.99,2133.60,2134.24,166
2026-06-26T23:01:00Z,2134.24,2135.27,2133.60,2134.85,312
2026-06-26T23:02:00Z,2134.85,2135.03,2134.43,2135.03,145
2026-06-26T23:03:00Z,2135.03,2135.42,2134.39,2135.21,276
2026-06-26T23:04:00Z,2135.21,2135.42,2133.47,2134.32,230
2026-06-26T23:05:00Z,2134.32,2135.38,2132.58,2133.00,199
2026-06-26T23:06:00Z,2133.00,2133.21,2131.90,2132.75,151
2026-06-26T23:07:00Z,2132.75,2133.38,2131.66,2132.29,191
2026-06-26T23:08:00Z,2132.29,2132.29,2131.62,2131.62,218
2026-06-26T23:09:00Z,2131.62,2132.47,2130.10,2131.16,174
2026-06-26T23:10:00Z,2131.16,2131.79,2130.27,2130.27,106
2026-06-26T23:11:00Z,2130.27,2130.69,2130.24,2130.24,116
2026-06-26T23:12:00Z,2130.24,2131.09,2129.57,2129.78,191
2026-06-26T23:13:00Z,2129.78,2130.41,2129.32,2129.53,151
2026-06-26T23:14:00Z,2129.53,2129.74,2127.80,2128.22,166
2026-06-26T23:15:00Z,2128.22,2128.22,2127.33,2127.33,195
2026-06-26T23:16:00Z,2127.33,2128.35,2127.33,2127.72,262
2026-06-26T23:17:00Z,2127.72,2128.57,2126.20,2127.26,210
2026-06-26T23:18:00Z,2127.26,2128.71,2126.20,2128.08,124
2026-06-26T23:19:00Z,2128.08,2130.17,2127.45,2129.54,203
2026-06-26T23:20:00Z,2129.54,2129.54,2127.37,2127.79,195
2026-06-26T23:21:00Z,2127.79,2128.00,2127.55,2127.76,260
2026-06-26T23:22:00Z,2127.76,2129.85,2127.13,2129.43,282
2026-06-26T23:23:00Z,2129.43,2130.49,2128.33,2129.18,272
2026-06-26T23:24:00Z,2129.18,2130.24,2129.15,2129.15,276
2026-06-26T23:25:00Z,2129.15,2129.15,2128.70,2129.12,266
2026-06-26T23:26:00Z,2129.12,2130.57,2128.27,2129.72,272
2026-06-26T23:27:00Z,2129.72,2130.75,2128.87,2129.90,295
2026-06-26T23:28:00Z,2129.90,2130.92,2129.27,2130.29,124
2026-06-26T23:29:00Z,2130.29,2131.14,2128.77,2129.40,120
2026-06-26T23:30:00Z,2129.40,2129.61,2128.31,2129.37,203
2026-06-26T23:31:00Z,2129.37,2132.10,2128.74,2131.04,193
2026-06-26T23:32:00Z,2131.04,2131.85,2130.62,2131.64,297
2026-06-26T23:33:00Z,2131.64,2132.06,2130.33,2131.18,112
2026-06-26T23:34:00Z,2131.18,2131.60,2129.66,2130.72,222
2026-06-26T23:35:00Z,2130.72,2132.81,2129.66,2132.39,212
2026-06-26T23:36:00Z,2132.39,2132.60,2131.51,2132.36,312
2026-06-26T23:37:00Z,2132.36,2133.81,2131.94,2133.39,237
2026-06-26T23:38:00Z,2133.39,2133.78,2132.33,2133.78,268
2026-06-26T23:39:00Z,2133.78,2134.20,2132.47,2133.32,224
2026-06-26T23:40:00Z,2133.32,2135.41,2132.47,2134.77,266
2026-06-26T23:41:00Z,2134.77,2134.77,2134.31,2134.31,245
2026-06-26T23:42:00Z,2134.31,2135.37,2132.14,2132.99,262
2026-06-26T23:43:00Z,2132.99,2134.05,2132.32,2132.53,158
2026-06-26T23:44:00Z,2132.53,2132.74,2132.28,2132.28,170
2026-06-26T23:45:00Z,2132.28,2133.74,2132.07,2132.89,185
2026-06-26T23:46:00Z,2132.89,2133.95,2132.22,2132.43,299
2026-06-26T23:47:00Z,2132.43,2133.06,2130.48,2131.33,199
2026-06-26T23:48:00Z,2131.33,2131.33,2130.88,2131.30,280
2026-06-26T23:49:00Z,2131.30,2133.82,2131.30,2132.97,158
2026-06-26T23:50:00Z,2132.97,2134.22,2132.97,2133.58,160
2026-06-26T23:51:00Z,2133.58,2134.61,2133.37,2133.97,170
2026-06-26T23:52:00Z,2133.97,2133.97,2132.66,2133.72,247
2026-06-26T23:53:00Z,2133.72,2135.60,2133.51,2135.18,245
2026-06-26T23:54:00Z,2135.18,2136.24,2134.94,2135.15,180
2026-06-26T23:55:00Z,2135.15,2135.15,2134.91,2135.12,112
2026-06-26T23:56:00Z,2135.12,2135.54,2133.59,2134.44,312
2026-06-26T23:57:00Z,2134.44,2135.68,2134.23,2134.83,189
2026-06-26T23:58:00Z,2134.83,2136.71,2134.19,2135.86,141
2026-06-26T23:59:00Z,2135.86,2136.07,2134.98,2135.83,272
