open_time_utc,open,high,low,close,volume
2026-06-22T13:30:00Z,104.75,104.76,104.75,104.75,12922
2026-06-22T13:31:00Z,104.75,104.75,104.72,104.73,30460
2026-06-22T13:32:00Z,104.73,104.73,104.71,104.71,17537
2026-06-22T13:33:00Z,104.71,104.74,104.70,104.73,24229
2026-06-22T13:34:00Z,104.73,104.74,104.72,104.73,29306
2026-06-22T13:35:00Z,104.73,104.75,104.72,104.75,20999
2026-06-22T13:36:00Z,104.75,104.76,104.75,104.76,13845
2026-06-22T13:37:00Z,104.76,104.76,104.75,104.75,31844
2026-06-22T13:38:00Z,104.75,104.75,104.73,104.73,17537
2026-06-22T13:39:00Z,104.73,104.73,104.69,104.70,22845
2026-06-22T13:40:00Z,104.70,104.71,104.70,104.71,16845
2026-06-22T13:41:00Z,104.71,104.72,104.70,104.70,13384
2026-06-22T13:42:00Z,104.70,104.70,104.67,104.67,23999
2026-06-22T13:43:00Z,104.67,104.68,104.65,104.65,19614
2026-06-22T13:44:00Z,104.65,104.65,104.64,104.64,25152
2026-06-22T13:45:00Z,104.64,104.67,104.64,104.67,29306
2026-06-22T13:46:00Z,104.67,104.68,104.63,104.64,18922
2026-06-22T13:47:00Z,104.64,104.65,104.61,104.62,14307
2026-06-22T13:48:00Z,104.62,104.63,104.60,104.61,32075
2026-06-22T13:49:00Z,104.61,104.62,104.60,104.62,13153
2026-06-22T13:50:00Z,104.62,104.64,104.62,104.63,26306
2026-06-22T13:51:00Z,104.63,104.63,104.58,104.59,24460
2026-06-22T13:52:00Z,104.59,104.61,104.58,104.60,30921
2026-06-22T13:53:00Z,104.60,104.62,104.60,104.61,32075
2026-06-22T13:54:00Z,104.61,104.65,104.60,104.64,18230
2026-06-22T13:55:00Z,104.64,104.64,104.62,104.62,14768
2026-06-22T13:56:00Z,104.62,104.64,104.61,104.64,33460
2026-06-22T13:57:00Z,104.64,104.64,104.63,104.63,18230
2026-06-22T13:58:00Z,104.63,104.63,104.61,104.62,28845
2026-06-22T13:59:00Z,104.62,104.63,104.61,104.63,30460
2026-06-22T14:00:00Z,104.63,104.64,104.61,104.61,26537
2026-06-22T14:01:00Z,104.61,104.63,104.61,104.63,33690
2026-06-22T14:02:00Z,104.63,104.64,104.62,104.64,33460
2026-06-22T14:03:00Z,104.64,104.64,104.62,104.63,31614
2026-06-22T14:04:00Z,104.63,104.63,104.63,104.63,31844
2026-06-22T14:05:00Z,104.63,104.63,104.62,104.62,17076
2026-06-22T14:06:00Z,104.62,104.65,104.62,104.65,30691
2026-06-22T14:07:00Z,104.65,104.65,104.63,104.63,21460
2026-06-22T14:08:00Z,104.63,104.65,104.63,104.65,26075
2026-06-22T14:09:00Z,104.65,104.68,104.65,104.68,17307
2026-06-22T14:10:00Z,104.68,104.69,104.64,104.65,14537
2026-06-22T14:11:00Z,104.65,104.65,104.64,104.64,33229
2026-06-22T14:12:00Z,104.64,104.65,104.64,104.65,30460
2026-06-22T14:13:00Z,104.65,104.67,104.64,104.66,13614
2026-06-22T14:14:00Z,104.66,104.68,104.65,104.67,24691
2026-06-22T14:15:00Z,104.67,104.67,104.66,104.66,13614
2026-06-22T14:16:00Z,104.66,104.68,104.65,104.68,17076
2026-06-22T14:17:00Z,104.68,104.70,104.67,104.69,32998
2026-06-22T14:18:00Z,104.69,104.73,104.69,104.72,13153
2026-06-22T14:19:00Z,104.72,104.74,104.71,104.73,34152
2026-06-22T14:20:00Z,104.73,104.75,104.72,104.74,26768
2026-06-22T14:21:00Z,104.74,104.75,104.71,104.72,30460
2026-06-22T14:22:00Z,104.72,104.72,104.70,104.71,18230
2026-06-22T14:23:00Z,104.71,104.71,104.69,104.70,23076
2026-06-22T14:24:00Z,104.70,104.70,104.67,104.68,11768
2026-06-22T14:25:00Z,104.68,104.68,104.64,104.65,15230
2026-06-22T14:26:00Z,104.65,104.66,104.62,104.63,23076
2026-06-22T14:27:00Z,104.63,104.63,104.61,104.61,21922
2026-06-22T14:28:00Z,104.61,104.63,104.61,104.63,33229
2026-06-22T14:29:00Z,104.63,104.65,104.63,104.64,21691
2026-06-22T14:30:00Z,104.64,104.65,104.64,104.64,34614
2026-06-22T14:31:00Z,104.64,104.65,104.61,104.62,17768
2026-06-22T14:32:00Z,104.62,104.63,104.62,104.62,26306
2026-06-22T14:33:00Z,104.62,104.62,104.59,104.59,19383
2026-06-22T14:34:00Z,104.59,104.59,104.58,104.59,23537
2026-06-22T14:35:00Z,104.59,104.59,104.57,104.57,17999
2026-06-22T14:36:00Z,104.57,104.57,104.56,104.57,13845
2026-06-22T14:37:00Z,104.57,104.59,104.56,104.58,12230
2026-06-22T14:38:00Z,104.58,104.59,104.56,104.56,14999
2026-06-22T14:39:00Z,104.56,104.56,104.55,104.55,18922
2026-06-22T14:40:00Z,104.55,104.56,104.55,104.55,23768
2026-06-22T14:41:00Z,104.55,104.56,104.54,104.56,18691
2026-06-22T14:42:00Z,104.56,104.56,104.55,104.56,28152
2026-06-22T14:43:00Z,104.56,104.57,104.55,104.57,14537
2026-06-22T14:44:00Z,104.57,104.60,104.57,104.59,25614
2026-06-22T14:45:00Z,104.59,104.60,104.59,104.59,32306
2026-06-22T14:46:00Z,104.59,104.61,104.58,104.61,15230
2026-06-22T14:47:00Z,104.61,104.62,104.60,104.62,15230
2026-06-22T14:48:00Z,104.62,104.64,104.62,104.63,15922
2026-06-22T14:49:00Z,104.63,104.65,104.63,104.65,24691
2026-06-22T14:50:00Z,104.65,104.66,104.65,104.65,19845
2026-06-22T14:51:00Z,104.65,104.65,104.63,104.63,19153
2026-06-22T14:52:00Z,104.63,104.63,104.61,104.61,11768
2026-06-22T14:53:00Z,104.61,104.62,104.61,104.61,26306
2026-06-22T14:54:00Z,104.61,104.63,104.60,104.62,15691
2026-06-22T14:55:00Z,104.62,104.62,104.61,104.62,21229
2026-06-22T14:56:00Z,104.62,104.62,104.59,104.60,34383
2026-06-22T14:57:00Z,104.60,104.61,104.59,104.61,16383
2026-06-22T14:58:00Z,104.61,104.63,104.60,104.62,23537
2026-06-22T14:59:00Z,104.62,104.65,104.62,104.64,18460
2026-06-22T15:00:00Z,104.64,104.66,104.64,104.66,32075
2026-06-22T15:01:00Z,104.66,104.67,104.66,104.67,30921
2026-06-22T15:02:00Z,104.67,104.68,104.64,104.65,33460
2026-06-22T15:03:00Z,104.65,104.66,104.62,104.63,31844
2026-06-22T15:04:00Z,104.63,104.64,104.60,104.61,17076
2026-06-22T15:05:00Z,104.61,104.61,104.61,104.61,28845
2026-06-22T15:06:00Z,104.61,104.63,104.61,104.62,23768
2026-06-22T15:07:00Z,104.62,104.63,104.59,104.59,12922
2026-06-22T15:08:00Z,104.59,104.59,104.58,104.59,29306
2026-06-22T15:09:00Z,104.59,104.60,104.59,104.60,24460
2026-06-22T15:10:00Z,104.60,104.60,104.59,104.60,12230
2026-06-22T15:11:00Z,104.60,104.61,104.57,104.58,28383
2026-06-22T15:12:00Z,104.58,104.59,104.56,104.56,17076
2026-06-22T15:13:00Z,104.56,104.57,104.52,104.53,31614
2026-06-22T15:14:00Z,104.53,104.55,104.53,104.54,33921
2026-06-22T15:15:00Z,104.54,104.55,104.52,104.52,18922
2026-06-22T15:16:00Z,104.52,104.53,104.50,104.50,12461
2026-06-22T15:17:00Z,104.50,104.52,104.49,104.51,28845
2026-06-22T15:18:00Z,104.51,104.52,104.50,104.51,26768
2026-06-22T15:19:00Z,104.51,104.51,104.48,104.49,27460
2026-06-22T15:20:00Z,104.49,104.51,104.48,104.50,14076
2026-06-22T15:21:00Z,104.50,104.50,104.50,104.50,17768
2026-06-22T15:22:00Z,104.50,104.51,104.47,104.48,19383
2026-06-22T15:23:00Z,104.48,104.48,104.47,104.48,18922
2026-06-22T15:24:00Z,104.48,104.51,104.47,104.50,24691
2026-06-22T15:25:00Z,104.50,104.52,104.49,104.51,21691
2026-06-22T15:26:00Z,104.51,104.52,104.49,104.49,18922
2026-06-22T15:27:00Z,104.49,104.50,104.49,104.49,26537
2026-06-22T15:28:00Z,104.49,104.50,104.47,104.47,32998
2026-06-22T15:29:00Z,104.47,104.49,104.47,104.48,26998
2026-06-22T15:30:00Z,104.48,104.49,104.47,104.48,12461
2026-06-22T15:31:00Z,104.48,104.51,104.48,104.51,24922
2026-06-22T15:32:00Z,104.51,104.51,104.48,104.49,21691
2026-06-22T15:33:00Z,104.49,104.51,104.49,104.50,11768
2026-06-22T15:34:00Z,104.50,104.51,104.49,104.50,29998
2026-06-22T15:35:00Z,104.50,104.50,104.49,104.50,32075
2026-06-22T15:36:00Z,104.50,104.50,104.50,104.50,32767
2026-06-22T15:37:00Z,104.50,104.51,104.50,104.51,29998
2026-06-22T15:38:00Z,104.51,104.51,104.49,104.49,34614
2026-06-22T15:39:00Z,104.49,104.49,104.47,104.47,22614
2026-06-22T15:40:00Z,104.47,104.48,104.46,104.48,23999
2026-06-22T15:41:00Z,104.48,104.52,104.48,104.51,16845
2026-06-22T15:42:00Z,104.51,104.52,104.50,104.51,30921
2026-06-22T15:43:00Z,104.51,104.53,104.51,104.53,19153
2026-06-22T15:44:00Z,104.53,104.53,104.51,104.51,11999
2026-06-22T15:45:00Z,104.51,104.53,104.50,104.52,13845
2026-06-22T15:46:00Z,104.52,104.52,104.49,104.50,11538
2026-06-22T15:47:00Z,104.50,104.51,104.48,104.48,34152
2026-06-22T15:48:00Z,104.48,104.49,104.48,104.48,20306
2026-06-22T15:49:00Z,104.48,104.48,104.45,104.45,19153
2026-06-22T15:50:00Z,104.45,104.47,104.45,104.46,21460
2026-06-22T15:51:00Z,104.46,104.48,104.45,104.47,12922
2026-06-22T15:52:00Z,104.47,104.48,104.45,104.45,15691
2026-06-22T15:53:00Z,104.45,104.47,104.45,104.46,22614
2026-06-22T15:54:00Z,104.46,104.49,104.46,104.48,20306
2026-06-22T15:55:00Z,104.48,104.49,104.47,104.49,30691
2026-06-22T15:56:00Z,104.49,104.50,104.48,104.50,21229
2026-06-22T15:57:00Z,104.50,104.52,104.49,104.51,16614
2026-06-22T15:58:00Z,104.51,104.51,104.50,104.51,25152
2026-06-22T15:59:00Z,104.51,104.51,104.47,104.48,25383
2026-06-22T16:00:00Z,104.48,104.48,104.47,104.48,34614
2026-06-22T16:01:00Z,104.48,104.49,104.47,104.49,18230
2026-06-22T16:02:00Z,104.49,104.51,104.49,104.50,28614
2026-06-22T16:03:00Z,104.50,104.50,104.47,104.48,15460
2026-06-22T16:04:00Z,104.48,104.49,104.45,104.45,16153
2026-06-22T16:05:00Z,104.45,104.46,104.45,104.46,29306
2026-06-22T16:06:00Z,104.46,104.47,104.44,104.44,13845
2026-06-22T16:07:00Z,104.44,104.45,104.41,104.42,23999
2026-06-22T16:08:00Z,104.42,104.42,104.42,104.42,33921
2026-06-22T16:09:00Z,104.42,104.44,104.41,104.43,22845
2026-06-22T16:10:00Z,104.43,104.44,104.42,104.44,16614
2026-06-22T16:11:00Z,104.44,104.46,104.43,104.46,29306
2026-06-22T16:12:00Z,104.46,104.46,104.43,104.44,13614
2026-06-22T16:13:00Z,104.44,104.48,104.43,104.47,23076
2026-06-22T16:14:00Z,104.47,104.47,104.44,104.45,17768
2026-06-22T16:15:00Z,104.45,104.46,104.45,104.45,29998
2026-06-22T16:16:00Z,104.45,104.45,104.43,104.43,21691
2026-06-22T16:17:00Z,104.43,104.45,104.43,104.44,15691
2026-06-22T16:18:00Z,104.44,104.45,104.42,104.42,20076
2026-06-22T16:19:00Z,104.42,104.43,104.40,104.40,17768
2026-06-22T16:20:00Z,104.40,104.41,104.40,104.41,13845
2026-06-22T16:21:00Z,104.41,104.41,104.38,104.39,19383
2026-06-22T16:22:00Z,104.39,104.41,104.38,104.40,30691
2026-06-22T16:23:00Z,104.40,104.41,104.37,104.37,19383
2026-06-22T16:24:00Z,104.37,104.39,104.36,104.38,15691
2026-06-22T16:25:00Z,104.38,104.40,104.38,104.39,23076
2026-06-22T16:26:00Z,104.39,104.40,104.35,104.36,15460
2026-06-22T16:27:00Z,104.36,104.37,104.35,104.36,25152
2026-06-22T16:28:00Z,104.36,104.37,104.35,104.37,18460
2026-06-22T16:29:00Z,104.37,104.37,104.35,104.36,31844
2026-06-22T16:30:00Z,104.36,104.37,104.35,104.36,26998
2026-06-22T16:31:00Z,104.36,104.37,104.35,104.35,12230
2026-06-22T16:32:00Z,104.35,104.40,104.35,104.39,30229
2026-06-22T16:33:00Z,104.39,104.42,104.39,104.42,34152
2026-06-22T16:34:00Z,104.42,104.43,104.41,104.41,12461
2026-06-22T16:35:00Z,104.41,104.42,104.39,104.40,27691
2026-06-22T16:36:00Z,104.40,104.41,104.39,104.39,13614
2026-06-22T16:37:00Z,104.39,104.41,104.39,104.40,28614
2026-06-22T16:38:00Z,104.40,104.40,104.39,104.39,33229
2026-06-22T16:39:00Z,104.39,104.39,104.37,104.38,13614
2026-06-22T16:40:00Z,104.38,104.38,104.37,104.37,30229
2026-06-22T16:41:00Z,104.37,104.38,104.36,104.38,23768
2026-06-22T16:42:00Z,104.38,104.38,104.36,104.37,30460
2026-06-22T16:43:00Z,104.37,104.38,104.37,104.38,25383
2026-06-22T16:44:00Z,104.38,104.38,104.37,104.37,14999
2026-06-22T16:45:00Z,104.37,104.37,104.34,104.35,34383
2026-06-22T16:46:00Z,104.35,104.36,104.34,104.34,26998
2026-06-22T16:47:00Z,104.34,104.35,104.33,104.33,24229
2026-06-22T16:48:00Z,104.33,104.36,104.33,104.35,31152
2026-06-22T16:49:00Z,104.35,104.36,104.33,104.34,14307
2026-06-22T16:50:00Z,104.34,104.34,104.31,104.32,33921
2026-06-22T16:51:00Z,104.32,104.35,104.31,104.35,20537
2026-06-22T16:52:00Z,104.35,104.36,104.31,104.32,29537
2026-06-22T16:53:00Z,104.32,104.34,104.32,104.34,30460
2026-06-22T16:54:00Z,104.34,104.34,104.33,104.33,13614
2026-06-22T16:55:00Z,104.33,104.33,104.31,104.32,16153
2026-06-22T16:56:00Z,104.32,104.36,104.32,104.35,22383
2026-06-22T16:57:00Z,104.35,104.36,104.34,104.34,16845
2026-06-22T16:58:00Z,104.34,104.35,104.33,104.35,29768
2026-06-22T16:59:00Z,104.35,104.35,104.34,104.34,12461
2026-06-22T17:00:00Z,104.34,104.36,104.33,104.35,16845
2026-06-22T17:01:00Z,104.35,104.36,104.34,104.34,25383
2026-06-22T17:02:00Z,104.34,104.35,104.32,104.33,29768
2026-06-22T17:03:00Z,104.33,104.34,104.33,104.34,22383
2026-06-22T17:04:00Z,104.34,104.36,104.34,104.35,32767
2026-06-22T17:05:00Z,104.35,104.39,104.34,104.38,26998
2026-06-22T17:06:00Z,104.38,104.38,104.36,104.37,12230
2026-06-22T17:07:00Z,104.37,104.37,104.34,104.35,29537
2026-06-22T17:08:00Z,104.35,104.36,104.33,104.33,30691
2026-06-22T17:09:00Z,104.33,104.37,104.33,104.36,32306
2026-06-22T17:10:00Z,104.36,104.37,104.35,104.35,20768
2026-06-22T17:11:00Z,104.35,104.37,104.35,104.36,19614
2026-06-22T17:12:00Z,104.36,104.37,104.35,104.35,26537
2026-06-22T17:13:00Z,104.35,104.36,104.34,104.36,26537
2026-06-22T17:14:00Z,104.36,104.36,104.32,104.33,30460
2026-06-22T17:15:00Z,104.33,104.34,104.33,104.33,14307
2026-06-22T17:16:00Z,104.33,104.34,104.32,104.32,29768
2026-06-22T17:17:00Z,104.32,104.34,104.32,104.34,33690
2026-06-22T17:18:00Z,104.34,104.35,104.32,104.33,28383
2026-06-22T17:19:00Z,104.33,104.34,104.29,104.30,25152
2026-06-22T17:20:00Z,104.30,104.30,104.28,104.29,31383
2026-06-22T17:21:00Z,104.29,104.31,104.29,104.30,33690
2026-06-22T17:22:00Z,104.30,104.31,104.29,104.31,19383
2026-06-22T17:23:00Z,104.31,104.31,104.29,104.30,11999
2026-06-22T17:24:00Z,104.30,104.32,104.30,104.31,19383
2026-06-22T17:25:00Z,104.31,104.32,104.30,104.30,29075
2026-06-22T17:26:00Z,104.30,104.31,104.29,104.29,24691
2026-06-22T17:27:00Z,104.29,104.29,104.27,104.28,12230
2026-06-22T17:28:00Z,104.28,104.29,104.27,104.29,24460
2026-06-22T17:29:00Z,104.29,104.29,104.27,104.27,28383
2026-06-22T17:30:00Z,104.27,104.28,104.27,104.28,31152
2026-06-22T17:31:00Z,104.28,104.29,104.27,104.27,30921
2026-06-22T17:32:00Z,104.27,104.29,104.27,104.28,27229
2026-06-22T17:33:00Z,104.28,104.28,104.26,104.26,29537
2026-06-22T17:34:00Z,104.26,104.27,104.24,104.24,19845
2026-06-22T17:35:00Z,104.24,104.26,104.23,104.25,24229
2026-06-22T17:36:00Z,104.25,104.26,104.24,104.25,18460
2026-06-22T17:37:00Z,104.25,104.25,104.23,104.23,32075
2026-06-22T17:38:00Z,104.23,104.25,104.23,104.25,26075
2026-06-22T17:39:00Z,104.25,104.27,104.25,104.26,22614
2026-06-22T17:40:00Z,104.26,104.27,104.24,104.24,33229
2026-06-22T17:41:00Z,104.24,104.27,104.23,104.26,18460
2026-06-22T17:42:00Z,104.26,104.27,104.24,104.25,25845
2026-06-22T17:43:00Z,104.25,104.27,104.25,104.27,11999
2026-06-22T17:44:00Z,104.27,104.28,104.26,104.26,25383
2026-06-22T17:45:00Z,104.26,104.30,104.26,104.29,11768
2026-06-22T17:46:00Z,104.29,104.31,104.29,104.31,11999
2026-06-22T17:47:00Z,104.31,104.31,104.28,104.29,22845
2026-06-22T17:48:00Z,104.29,104.29,104.27,104.28,22614
2026-06-22T17:49:00Z,104.28,104.29,104.27,104.27,29075
2026-06-22T17:50:00Z,104.27,104.29,104.27,104.29,27921
2026-06-22T17:51:00Z,104.29,104.31,104.29,104.31,31614
2026-06-22T17:52:00Z,104.31,104.33,104.31,104.33,21229
2026-06-22T17:53:00Z,104.33,104.33,104.32,104.32,14999
2026-06-22T17:54:00Z,104.32,104.33,104.30,104.30,15691
2026-06-22T17:55:00Z,104.30,104.32,104.29,104.32,26537
2026-06-22T17:56:00Z,104.32,104.33,104.31,104.32,14999
2026-06-22T17:57:00Z,104.32,104.35,104.32,104.34,34152
2026-06-22T17:58:00Z,104.34,104.34,104.32,104.33,28845
2026-06-22T17:59:00Z,104.33,104.33,104.29,104.30,30460
2026-06-22T18:00:00Z,104.30,104.32,104.30,104.31,33229
2026-06-22T18:01:00Z,104.31,104.33,104.30,104.33,21691
2026-06-22T18:02:00Z,104.33,104.33,104.32,104.32,30691
2026-06-22T18:03:00Z,104.32,104.35,104.32,104.35,33690
2026-06-22T18:04:00Z,104.35,104.38,104.34,104.37,29998
2026-06-22T18:05:00Z,104.37,104.37,104.36,104.36,20076
2026-06-22T18:06:00Z,104.36,104.38,104.35,104.37,13153
2026-06-22T18:07:00Z,104.37,104.38,104.34,104.35,18230
2026-06-22T18:08:00Z,104.35,104.35,104.34,104.34,16153
2026-06-22T18:09:00Z,104.34,104.39,104.33,104.38,11768
2026-06-22T18:10:00Z,104.38,104.40,104.38,104.39,22614
2026-06-22T18:11:00Z,104.39,104.42,104.38,104.42,32998
2026-06-22T18:12:00Z,104.42,104.42,104.40,104.41,33921
2026-06-22T18:13:00Z,104.41,104.41,104.39,104.39,24229
2026-06-22T18:14:00Z,104.39,104.41,104.38,104.40,34383
2026-06-22T18:15:00Z,104.40,104.40,104.39,104.39,27460
2026-06-22T18:16:00Z,104.39,104.44,104.39,104.43,28614
2026-06-22T18:17:00Z,104.43,104.46,104.42,104.45,15460
2026-06-22T18:18:00Z,104.45,104.45,104.42,104.43,27691
2026-06-22T18:19:00Z,104.43,104.44,104.42,104.44,22614
2026-06-22T18:20:00Z,104.44,104.45,104.42,104.43,13384
2026-06-22T18:21:00Z,104.43,104.47,104.42,104.46,13614
2026-06-22T18:22:00Z,104.46,104.47,104.43,104.44,31844
2026-06-22T18:23:00Z,104.44,104.45,104.44,104.44,24922
2026-06-22T18:24:00Z,104.44,104.46,104.43,104.45,31152
2026-06-22T18:25:00Z,104.45,104.45,104.44,104.44,28152
2026-06-22T18:26:00Z,104.44,104.45,104.41,104.41,11768
2026-06-22T18:27:00Z,104.41,104.43,104.41,104.42,27921
2026-06-22T18:28:00Z,104.42,104.44,104.42,104.44,14999
2026-06-22T18:29:00Z,104.44,104.48,104.44,104.47,23537
2026-06-22T18:30:00Z,104.47,104.48,104.47,104.48,24229
2026-06-22T18:31:00Z,104.48,104.49,104.45,104.46,14076
2026-06-22T18:32:00Z,104.46,104.47,104.42,104.43,31614
2026-06-22T18:33:00Z,104.43,104.44,104.41,104.42,12922
2026-06-22T18:34:00Z,104.42,104.42,104.41,104.41,32306
2026-06-22T18:35:00Z,104.41,104.43,104.40,104.42,11768
2026-06-22T18:36:00Z,104.42,104.43,104.40,104.41,11538
2026-06-22T18:37:00Z,104.41,104.41,104.39,104.40,28383
2026-06-22T18:38:00Z,104.40,104.40,104.37,104.38,17537
2026-06-22T18:39:00Z,104.38,104.41,104.38,104.40,15922
2026-06-22T18:40:00Z,104.40,104.42,104.39,104.41,18460
2026-06-22T18:41:00Z,104.41,104.43,104.40,104.43,11999
2026-06-22T18:42:00Z,104.43,104.45,104.42,104.44,14076
2026-06-22T18:43:00Z,104.44,104.44,104.41,104.42,15460
2026-06-22T18:44:00Z,104.42,104.45,104.42,104.44,19614
2026-06-22T18:45:00Z,104.44,104.45,104.44,104.45,14537
2026-06-22T18:46:00Z,104.45,104.46,104.43,104.44,32075
2026-06-22T18:47:00Z,104.44,104.48,104.43,104.48,27691
2026-06-22T18:48:00Z,104.48,104.48,104.45,104.46,28845
2026-06-22T18:49:00Z,104.46,104.46,104.44,104.45,26998
2026-06-22T18:50:00Z,104.45,104.46,104.42,104.43,30460
2026-06-22T18:51:00Z,104.43,104.45,104.42,104.45,25845
2026-06-22T18:52:00Z,104.45,104.46,104.43,104.44,17999
2026-06-22T18:53:00Z,104.44,104.46,104.44,104.46,13153
2026-06-22T18:54:00Z,104.46,104.46,104.44,104.45,30921
2026-06-22T18:55:00Z,104.45,104.46,104.45,104.46,21460
2026-06-22T18:56:00Z,104.46,104.48,104.45,104.47,17076
2026-06-22T18:57:00Z,104.47,104.48,104.46,104.48,17537
2026-06-22T18:58:00Z,104.48,104.52,104.48,104.51,32998
2026-06-22T18:59:00Z,104.51,104.52,104.49,104.49,32537
2026-06-22T19:00:00Z,104.49,104.51,104.49,104.51,15922
2026-06-22T19:01:00Z,104.51,104.51,104.49,104.50,14537
2026-06-22T19:02:00Z,104.50,104.53,104.50,104.52,25845
2026-06-22T19:03:00Z,104.52,104.52,104.51,104.51,22152
2026-06-22T19:04:00Z,104.51,104.54,104.50,104.54,27460
2026-06-22T19:05:00Z,104.54,104.59,104.54,104.59,29768
2026-06-22T19:06:00Z,104.59,104.62,104.59,104.61,32537
2026-06-22T19:07:00Z,104.61,104.62,104.57,104.58,34152
2026-06-22T19:08:00Z,104.58,104.59,104.56,104.57,30460
2026-06-22T19:09:00Z,104.57,104.58,104.57,104.58,14537
2026-06-22T19:10:00Z,104.58,104.58,104.55,104.56,11538
2026-06-22T19:11:00Z,104.56,104.58,104.55,104.57,24922
2026-06-22T19:12:00Z,104.57,104.57,104.56,104.56,12230
2026-06-22T19:13:00Z,104.56,104.56,104.54,104.55,32306
2026-06-22T19:14:00Z,104.55,104.57,104.55,104.57,29768
2026-06-22T19:15:00Z,104.57,104.58,104.54,104.54,22383
2026-06-22T19:16:00Z,104.54,104.55,104.51,104.52,12230
2026-06-22T19:17:00Z,104.52,104.52,104.51,104.52,11768
2026-06-22T19:18:00Z,104.52,104.53,104.52,104.53,22383
2026-06-22T19:19:00Z,104.53,104.57,104.52,104.56,29306
2026-06-22T19:20:00Z,104.56,104.56,104.55,104.55,27460
2026-06-22T19:21:00Z,104.55,104.55,104.54,104.54,25845
2026-06-22T19:22:00Z,104.54,104.55,104.54,104.55,24229
2026-06-22T19:23:00Z,104.55,104.56,104.53,104.54,23076
2026-06-22T19:24:00Z,104.54,104.57,104.53,104.56,18691
2026-06-22T19:25:00Z,104.56,104.58,104.56,104.57,19614
2026-06-22T19:26:00Z,104.57,104.59,104.56,104.58,19614
2026-06-22T19:27:00Z,104.58,104.60,104.58,104.59,32537
2026-06-22T19:28:00Z,104.59,104.60,104.58,104.60,16153
2026-06-22T19:29:00Z,104.60,104.60,104.59,104.59,14768
2026-06-22T19:30:00Z,104.59,104.60,104.56,104.57,26998
2026-06-22T19:31:00Z,104.57,104.58,104.54,104.55,32306
2026-06-22T19:32:00Z,104.55,104.56,104.55,104.55,17768
2026-06-22T19:33:00Z,104.55,104.55,104.53,104.54,26537
2026-06-22T19:34:00Z,104.54,104.57,104.53,104.56,28383
2026-06-22T19:35:00Z,104.56,104.57,104.56,104.57,20537
2026-06-22T19:36:00Z,104.57,104.58,104.55,104.56,15230
2026-06-22T19:37:00Z,104.56,104.58,104.56,104.57,27229
2026-06-22T19:38:00Z,104.57,104.58,104.54,104.55,26537
2026-06-22T19:39:00Z,104.55,104.57,104.55,104.57,22383
2026-06-22T19:40:00Z,104.57,104.58,104.57,104.58,32537
2026-06-22T19:41:00Z,104.58,104.59,104.58,104.59,14768
2026-06-22T19:42:00Z,104.59,104.60,104.56,104.57,31383
2026-06-22T19:43:00Z,104.57,104.58,104.57,104.57,29306
2026-06-22T19:44:00Z,104.57,104.58,104.55,104.56,16383
2026-06-22T19:45:00Z,104.56,104.58,104.56,104.57,23999
2026-06-22T19:46:00Z,104.57,104.58,104.54,104.55,24229
2026-06-22T19:47:00Z,104.55,104.57,104.55,104.56,20999
2026-06-22T19:48:00Z,104.56,104.57,104.53,104.54,23076
2026-06-22T19:49:00Z,104.54,104.55,104.53,104.54,14307
2026-06-22T19:50:00Z,104.54,104.57,104.53,104.56,31844
2026-06-22T19:51:00Z,104.56,104.59,104.56,104.58,16153
2026-06-22T19:52:00Z,104.58,104.60,104.57,104.60,29537
2026-06-22T19:53:00Z,104.60,104.60,104.58,104.59,31844
2026-06-22T19:54:00Z,104.59,104.60,104.55,104.55,29768
2026-06-22T19:55:00Z,104.55,104.55,104.53,104.54,23076
2026-06-22T19:56:00Z,104.54,104.54,104.52,104.53,28383
2026-06-22T19:57:00Z,104.53,104.56,104.53,104.55,22614
2026-06-22T19:58:00Z,104.55,104.56,104.53,104.53,27229
2026-06-22T19:59:00Z,104.53,104.54,104.53,104.54,17768
2026-06-23T13:30:00Z,104.54,104.54,104.51,104.52,20306
2026-06-23T13:31:00Z,104.52,104.53,104.50,104.51,13384
2026-06-23T13:32:00Z,104.51,104.53,104.50,104.52,15691
2026-06-23T13:33:00Z,104.52,104.53,104.49,104.50,11538
2026-06-23T13:34:00Z,104.50,104.54,104.50,104.53,31383
2026-06-23T13:35:00Z,104.53,104.53,104.50,104.51,26998
2026-06-23T13:36:00Z,104.51,104.52,104.48,104.49,17537
2026-06-23T13:37:00Z,104.49,104.52,104.49,104.51,16383
2026-06-23T13:38:00Z,104.51,104.52,104.51,104.52,18230
2026-06-23T13:39:00Z,104.52,104.52,104.50,104.51,28614
2026-06-23T13:40:00Z,104.51,104.51,104.48,104.49,33229
2026-06-23T13:41:00Z,104.49,104.51,104.48,104.50,17768
2026-06-23T13:42:00Z,104.50,104.50,104.49,104.49,28845
2026-06-23T13:43:00Z,104.49,104.50,104.45,104.46,16153
2026-06-23T13:44:00Z,104.46,104.46,104.43,104.43,13153
2026-06-23T13:45:00Z,104.43,104.47,104.42,104.46,28152
2026-06-23T13:46:00Z,104.46,104.47,104.45,104.47,32998
2026-06-23T13:47:00Z,104.47,104.47,104.45,104.46,17768
2026-06-23T13:48:00Z,104.46,104.46,104.44,104.45,25614
2026-06-23T13:49:00Z,104.45,104.48,104.44,104.48,28614
2026-06-23T13:50:00Z,104.48,104.49,104.47,104.48,27691
2026-06-23T13:51:00Z,104.48,104.49,104.46,104.47,29998
2026-06-23T13:52:00Z,104.47,104.48,104.46,104.48,21922
2026-06-23T13:53:00Z,104.48,104.50,104.48,104.50,16153
2026-06-23T13:54:00Z,104.50,104.52,104.49,104.52,16845
2026-06-23T13:55:00Z,104.52,104.54,104.52,104.54,12922
2026-06-23T13:56:00Z,104.54,104.54,104.54,104.54,18230
2026-06-23T13:57:00Z,104.54,104.55,104.54,104.55,32998
2026-06-23T13:58:00Z,104.55,104.56,104.53,104.53,23537
2026-06-23T13:59:00Z,104.53,104.54,104.49,104.50,18691
2026-06-23T14:00:00Z,104.50,104.51,104.49,104.50,15691
2026-06-23T14:01:00Z,104.50,104.51,104.49,104.51,34614
2026-06-23T14:02:00Z,104.51,104.52,104.51,104.52,23537
2026-06-23T14:03:00Z,104.52,104.53,104.51,104.52,19383
2026-06-23T14:04:00Z,104.52,104.52,104.49,104.50,19383
2026-06-23T14:05:00Z,104.50,104.52,104.49,104.51,27460
2026-06-23T14:06:00Z,104.51,104.51,104.50,104.51,12691
2026-06-23T14:07:00Z,104.51,104.52,104.50,104.50,25383
2026-06-23T14:08:00Z,104.50,104.51,104.49,104.51,28614
2026-06-23T14:09:00Z,104.51,104.54,104.50,104.53,12691
2026-06-23T14:10:00Z,104.53,104.53,104.53,104.53,33229
2026-06-23T14:11:00Z,104.53,104.53,104.52,104.52,30921
2026-06-23T14:12:00Z,104.52,104.54,104.51,104.53,25383
2026-06-23T14:13:00Z,104.53,104.53,104.50,104.50,16845
2026-06-23T14:14:00Z,104.50,104.51,104.48,104.49,34152
2026-06-23T14:15:00Z,104.49,104.50,104.47,104.48,34152
2026-06-23T14:16:00Z,104.48,104.48,104.45,104.45,15230
2026-06-23T14:17:00Z,104.45,104.48,104.44,104.48,27691
2026-06-23T14:18:00Z,104.48,104.49,104.47,104.47,21229
2026-06-23T14:19:00Z,104.47,104.50,104.47,104.49,25845
2026-06-23T14:20:00Z,104.49,104.50,104.49,104.49,30921
2026-06-23T14:21:00Z,104.49,104.50,104.49,104.50,28845
2026-06-23T14:22:00Z,104.50,104.53,104.49,104.53,15460
2026-06-23T14:23:00Z,104.53,104.54,104.51,104.51,30229
2026-06-23T14:24:00Z,104.51,104.53,104.51,104.52,16845
2026-06-23T14:25:00Z,104.52,104.54,104.52,104.53,33921
2026-06-23T14:26:00Z,104.53,104.53,104.53,104.53,34614
2026-06-23T14:27:00Z,104.53,104.55,104.53,104.54,12230
2026-06-23T14:28:00Z,104.54,104.55,104.52,104.52,21460
2026-06-23T14:29:00Z,104.52,104.52,104.50,104.51,14999
2026-06-23T14:30:00Z,104.51,104.52,104.50,104.52,26998
2026-06-23T14:31:00Z,104.52,104.55,104.52,104.55,23768
2026-06-23T14:32:00Z,104.55,104.56,104.55,104.55,25614
2026-06-23T14:33:00Z,104.55,104.56,104.53,104.54,19614
2026-06-23T14:34:00Z,104.54,104.54,104.52,104.52,11768
2026-06-23T14:35:00Z,104.52,104.52,104.52,104.52,31844
2026-06-23T14:36:00Z,104.52,104.53,104.50,104.51,26075
2026-06-23T14:37:00Z,104.51,104.53,104.51,104.53,31844
2026-06-23T14:38:00Z,104.53,104.53,104.51,104.51,14768
2026-06-23T14:39:00Z,104.51,104.51,104.49,104.50,31383
2026-06-23T14:40:00Z,104.50,104.51,104.47,104.47,30691
2026-06-23T14:41:00Z,104.47,104.47,104.44,104.45,17768
2026-06-23T14:42:00Z,104.45,104.45,104.41,104.42,25383
2026-06-23T14:43:00Z,104.42,104.44,104.42,104.43,28614
2026-06-23T14:44:00Z,104.43,104.43,104.39,104.39,23306
2026-06-23T14:45:00Z,104.39,104.40,104.37,104.37,19614
2026-06-23T14:46:00Z,104.37,104.37,104.34,104.35,34383
2026-06-23T14:47:00Z,104.35,104.35,104.31,104.32,32306
2026-06-23T14:48:00Z,104.32,104.33,104.32,104.33,12230
2026-06-23T14:49:00Z,104.33,104.34,104.30,104.30,13153
2026-06-23T14:50:00Z,104.30,104.31,104.30,104.30,29306
2026-06-23T14:51:00Z,104.30,104.30,104.28,104.28,21229
2026-06-23T14:52:00Z,104.28,104.28,104.26,104.26,29075
2026-06-23T14:53:00Z,104.26,104.27,104.26,104.27,23537
2026-06-23T14:54:00Z,104.27,104.27,104.25,104.25,13845
2026-06-23T14:55:00Z,104.25,104.28,104.25,104.27,23076
2026-06-23T14:56:00Z,104.27,104.29,104.26,104.28,26998
2026-06-23T14:57:00Z,104.28,104.29,104.24,104.25,20306
2026-06-23T14:58:00Z,104.25,104.25,104.22,104.23,28383
2026-06-23T14:59:00Z,104.23,104.26,104.23,104.26,11999
2026-06-23T15:00:00Z,104.26,104.29,104.25,104.28,15460
2026-06-23T15:01:00Z,104.28,104.28,104.25,104.26,32075
2026-06-23T15:02:00Z,104.26,104.27,104.23,104.24,18460
2026-06-23T15:03:00Z,104.24,104.26,104.24,104.25,25845
2026-06-23T15:04:00Z,104.25,104.27,104.25,104.26,31844
2026-06-23T15:05:00Z,104.26,104.26,104.25,104.26,21922
2026-06-23T15:06:00Z,104.26,104.27,104.25,104.27,24460
2026-06-23T15:07:00Z,104.27,104.28,104.26,104.28,17307
2026-06-23T15:08:00Z,104.28,104.30,104.28,104.29,15230
2026-06-23T15:09:00Z,104.29,104.30,104.28,104.28,14076
2026-06-23T15:10:00Z,104.28,104.29,104.28,104.29,20768
2026-06-23T15:11:00Z,104.29,104.29,104.29,104.29,27460
2026-06-23T15:12:00Z,104.29,104.32,104.28,104.31,27229
2026-06-23T15:13:00Z,104.31,104.32,104.31,104.32,26306
2026-06-23T15:14:00Z,104.32,104.33,104.29,104.29,25152
2026-06-23T15:15:00Z,104.29,104.32,104.28,104.31,22383
2026-06-23T15:16:00Z,104.31,104.32,104.31,104.32,14768
2026-06-23T15:17:00Z,104.32,104.33,104.32,104.33,22614
2026-06-23T15:18:00Z,104.33,104.33,104.33,104.33,18691
2026-06-23T15:19:00Z,104.33,104.35,104.33,104.34,18460
2026-06-23T15:20:00Z,104.34,104.34,104.33,104.34,23768
2026-06-23T15:21:00Z,104.34,104.35,104.33,104.35,20306
2026-06-23T15:22:00Z,104.35,104.35,104.33,104.33,11768
2026-06-23T15:23:00Z,104.33,104.33,104.30,104.31,33460
2026-06-23T15:24:00Z,104.31,104.32,104.30,104.31,33921
2026-06-23T15:25:00Z,104.31,104.33,104.31,104.32,18691
2026-06-23T15:26:00Z,104.32,104.33,104.29,104.30,22383
2026-06-23T15:27:00Z,104.30,104.30,104.28,104.28,32998
2026-06-23T15:28:00Z,104.28,104.30,104.28,104.29,22152
2026-06-23T15:29:00Z,104.29,104.30,104.28,104.30,29306
2026-06-23T15:30:00Z,104.30,104.30,104.27,104.28,31844
2026-06-23T15:31:00Z,104.28,104.28,104.28,104.28,32306
2026-06-23T15:32:00Z,104.28,104.30,104.27,104.30,12461
2026-06-23T15:33:00Z,104.30,104.30,104.29,104.30,21460
2026-06-23T15:34:00Z,104.30,104.31,104.30,104.31,32537
2026-06-23T15:35:00Z,104.31,104.32,104.29,104.29,28152
2026-06-23T15:36:00Z,104.29,104.31,104.28,104.30,12461
2026-06-23T15:37:00Z,104.30,104.30,104.30,104.30,24922
2026-06-23T15:38:00Z,104.30,104.31,104.29,104.31,28845
2026-06-23T15:39:00Z,104.31,104.33,104.30,104.32,29075
2026-06-23T15:40:00Z,104.32,104.33,104.29,104.30,20076
2026-06-23T15:41:00Z,104.30,104.31,104.29,104.31,29998
2026-06-23T15:42:00Z,104.31,104.31,104.28,104.28,20768
2026-06-23T15:43:00Z,104.28,104.29,104.28,104.29,13845
2026-06-23T15:44:00Z,104.29,104.32,104.28,104.31,14076
2026-06-23T15:45:00Z,104.31,104.31,104.31,104.31,12461
2026-06-23T15:46:00Z,104.31,104.31,104.28,104.29,13614
2026-06-23T15:47:00Z,104.29,104.30,104.29,104.29,17768
2026-06-23T15:48:00Z,104.29,104.31,104.29,104.30,13384
2026-06-23T15:49:00Z,104.30,104.31,104.28,104.28,23306
2026-06-23T15:50:00Z,104.28,104.28,104.27,104.27,19153
2026-06-23T15:51:00Z,104.27,104.29,104.26,104.28,15230
2026-06-23T15:52:00Z,104.28,104.29,104.27,104.28,32075
2026-06-23T15:53:00Z,104.28,104.30,104.27,104.29,32998
2026-06-23T15:54:00Z,104.29,104.29,104.27,104.27,27691
2026-06-23T15:55:00Z,104.27,104.29,104.26,104.29,31383
2026-06-23T15:56:00Z,104.29,104.31,104.29,104.31,15230
2026-06-23T15:57:00Z,104.31,104.31,104.30,104.30,16614
2026-06-23T15:58:00Z,104.30,104.30,104.27,104.27,26998
2026-06-23T15:59:00Z,104.27,104.30,104.27,104.29,15922
2026-06-23T16:00:00Z,104.29,104.30,104.24,104.25,28845
2026-06-23T16:01:00Z,104.25,104.27,104.24,104.26,22845
2026-06-23T16:02:00Z,104.26,104.28,104.26,104.27,22845
2026-06-23T16:03:00Z,104.27,104.29,104.26,104.29,22383
2026-06-23T16:04:00Z,104.29,104.32,104.29,104.32,15691
2026-06-23T16:05:00Z,104.32,104.33,104.29,104.30,26537
2026-06-23T16:06:00Z,104.30,104.31,104.28,104.28,13153
2026-06-23T16:07:00Z,104.28,104.28,104.25,104.25,29768
2026-06-23T16:08:00Z,104.25,104.26,104.23,104.23,17768
2026-06-23T16:09:00Z,104.23,104.26,104.22,104.26,31383
2026-06-23T16:10:00Z,104.26,104.26,104.26,104.26,12230
2026-06-23T16:11:00Z,104.26,104.28,104.25,104.27,21460
2026-06-23T16:12:00Z,104.27,104.27,104.24,104.25,17999
2026-06-23T16:13:00Z,104.25,104.27,104.24,104.26,19845
2026-06-23T16:14:00Z,104.26,104.26,104.25,104.26,14768
2026-06-23T16:15:00Z,104.26,104.27,104.26,104.26,14999
2026-06-23T16:16:00Z,104.26,104.26,104.24,104.25,22383
2026-06-23T16:17:00Z,104.25,104.26,104.25,104.26,28845
2026-06-23T16:18:00Z,104.26,104.27,104.25,104.27,12691
2026-06-23T16:19:00Z,104.27,104.27,104.22,104.23,14768
2026-06-23T16:20:00Z,104.23,104.24,104.22,104.24,20999
2026-06-23T16:21:00Z,104.24,104.26,104.24,104.26,26537
2026-06-23T16:22:00Z,104.26,104.26,104.22,104.23,25383
2026-06-23T16:23:00Z,104.23,104.23,104.22,104.22,11538
2026-06-23T16:24:00Z,104.22,104.23,104.21,104.22,25383
2026-06-23T16:25:00Z,104.22,104.23,104.20,104.21,22614
2026-06-23T16:26:00Z,104.21,104.22,104.21,104.22,20306
2026-06-23T16:27:00Z,104.22,104.24,104.21,104.24,23537
2026-06-23T16:28:00Z,104.24,104.26,104.23,104.25,25614
2026-06-23T16:29:00Z,104.25,104.26,104.24,104.26,26768
2026-06-23T16:30:00Z,104.26,104.27,104.21,104.22,32537
2026-06-23T16:31:00Z,104.22,104.24,104.22,104.24,14768
2026-06-23T16:32:00Z,104.24,104.25,104.24,104.25,21229
2026-06-23T16:33:00Z,104.25,104.29,104.25,104.28,30921
2026-06-23T16:34:00Z,104.28,104.32,104.28,104.31,14076
2026-06-23T16:35:00Z,104.31,104.33,104.31,104.33,11999
2026-06-23T16:36:00Z,104.33,104.34,104.32,104.33,33229
2026-06-23T16:37:00Z,104.33,104.34,104.31,104.32,31152
2026-06-23T16:38:00Z,104.32,104.32,104.32,104.32,13614
2026-06-23T16:39:00Z,104.32,104.33,104.29,104.30,30229
2026-06-23T16:40:00Z,104.30,104.30,104.29,104.30,26998
2026-06-23T16:41:00Z,104.30,104.32,104.30,104.31,18460
2026-06-23T16:42:00Z,104.31,104.32,104.27,104.28,29537
2026-06-23T16:43:00Z,104.28,104.29,104.27,104.29,20537
2026-06-23T16:44:00Z,104.29,104.32,104.28,104.31,20306
2026-06-23T16:45:00Z,104.31,104.32,104.30,104.32,33921
2026-06-23T16:46:00Z,104.32,104.33,104.29,104.30,34614
2026-06-23T16:47:00Z,104.30,104.31,104.29,104.29,14076
2026-06-23T16:48:00Z,104.29,104.29,104.28,104.29,13845
2026-06-23T16:49:00Z,104.29,104.29,104.27,104.27,12922
2026-06-23T16:50:00Z,104.27,104.27,104.27,104.27,19383
2026-06-23T16:51:00Z,104.27,104.31,104.26,104.30,25152
2026-06-23T16:52:00Z,104.30,104.30,104.27,104.27,26768
2026-06-23T16:53:00Z,104.27,104.27,104.25,104.26,16153
2026-06-23T16:54:00Z,104.26,104.27,104.23,104.24,31152
2026-06-23T16:55:00Z,104.24,104.26,104.24,104.25,26075
2026-06-23T16:56:00Z,104.25,104.26,104.24,104.25,34614
2026-06-23T16:57:00Z,104.25,104.26,104.25,104.26,30691
2026-06-23T16:58:00Z,104.26,104.27,104.24,104.24,19614
2026-06-23T16:59:00Z,104.24,104.25,104.24,104.25,30229
2026-06-23T17:00:00Z,104.25,104.26,104.21,104.22,24460
2026-06-23T17:01:00Z,104.22,104.22,104.21,104.21,17537
2026-06-23T17:02:00Z,104.21,104.22,104.18,104.19,33690
2026-06-23T17:03:00Z,104.19,104.21,104.18,104.20,16153
2026-06-23T17:04:00Z,104.20,104.21,104.15,104.16,13845
2026-06-23T17:05:00Z,104.16,104.19,104.15,104.18,32075
2026-06-23T17:06:00Z,104.18,104.18,104.18,104.18,12691
2026-06-23T17:07:00Z,104.18,104.18,104.16,104.16,16383
2026-06-23T17:08:00Z,104.16,104.16,104.13,104.14,11999
2026-06-23T17:09:00Z,104.14,104.15,104.13,104.15,22383
2026-06-23T17:10:00Z,104.15,104.15,104.13,104.13,33921
2026-06-23T17:11:00Z,104.13,104.15,104.13,104.15,15230
2026-06-23T17:12:00Z,104.15,104.17,104.15,104.16,15460
2026-06-23T17:13:00Z,104.16,104.16,104.15,104.15,33690
2026-06-23T17:14:00Z,104.15,104.16,104.10,104.11,19845
2026-06-23T17:15:00Z,104.11,104.11,104.09,104.09,25152
2026-06-23T17:16:00Z,104.09,104.09,104.06,104.06,25152
2026-06-23T17:17:00Z,104.06,104.07,104.05,104.07,32537
2026-06-23T17:18:00Z,104.07,104.08,104.03,104.04,17999
2026-06-23T17:19:00Z,104.04,104.06,104.04,104.05,26075
2026-06-23T17:20:00Z,104.05,104.06,104.05,104.05,23076
2026-06-23T17:21:00Z,104.05,104.09,104.04,104.09,23306
2026-06-23T17:22:00Z,104.09,104.12,104.09,104.11,13384
2026-06-23T17:23:00Z,104.11,104.14,104.10,104.13,21229
2026-06-23T17:24:00Z,104.13,104.14,104.09,104.10,16614
2026-06-23T17:25:00Z,104.10,104.12,104.10,104.12,29537
2026-06-23T17:26:00Z,104.12,104.14,104.11,104.14,32767
2026-06-23T17:27:00Z,104.14,104.19,104.13,104.18,29998
2026-06-23T17:28:00Z,104.18,104.19,104.17,104.18,33690
2026-06-23T17:29:00Z,104.18,104.21,104.17,104.20,19153
2026-06-23T17:30:00Z,104.20,104.21,104.20,104.21,34614
2026-06-23T17:31:00Z,104.21,104.24,104.20,104.24,26537
2026-06-23T17:32:00Z,104.24,104.26,104.24,104.25,29075
2026-06-23T17:33:00Z,104.25,104.28,104.25,104.28,33921
2026-06-23T17:34:00Z,104.28,104.30,104.28,104.30,31614
2026-06-23T17:35:00Z,104.30,104.30,104.28,104.29,17999
2026-06-23T17:36:00Z,104.29,104.29,104.26,104.27,33921
2026-06-23T17:37:00Z,104.27,104.27,104.25,104.26,21691
2026-06-23T17:38:00Z,104.26,104.26,104.26,104.26,30921
2026-06-23T17:39:00Z,104.26,104.26,104.24,104.25,34152
2026-06-23T17:40:00Z,104.25,104.26,104.23,104.24,13845
2026-06-23T17:41:00Z,104.24,104.27,104.24,104.26,33690
2026-06-23T17:42:00Z,104.26,104.26,104.25,104.25,18460
2026-06-23T17:43:00Z,104.25,104.26,104.25,104.25,32537
2026-06-23T17:44:00Z,104.25,104.26,104.23,104.23,18691
2026-06-23T17:45:00Z,104.23,104.23,104.23,104.23,22152
2026-06-23T17:46:00Z,104.23,104.25,104.22,104.24,13153
2026-06-23T17:47:00Z,104.24,104.24,104.24,104.24,25383
2026-06-23T17:48:00Z,104.24,104.25,104.21,104.22,33690
2026-06-23T17:49:00Z,104.22,104.23,104.20,104.21,15922
2026-06-23T17:50:00Z,104.21,104.23,104.20,104.22,27460
2026-06-23T17:51:00Z,104.22,104.25,104.21,104.25,30229
2026-06-23T17:52:00Z,104.25,104.25,104.23,104.23,27460
2026-06-23T17:53:00Z,104.23,104.25,104.23,104.25,22152
2026-06-23T17:54:00Z,104.25,104.26,104.24,104.25,28845
2026-06-23T17:55:00Z,104.25,104.28,104.24,104.27,21460
2026-06-23T17:56:00Z,104.27,104.27,104.27,104.27,25845
2026-06-23T17:57:00Z,104.27,104.30,104.27,104.29,15691
2026-06-23T17:58:00Z,104.29,104.29,104.27,104.27,20306
2026-06-23T17:59:00Z,104.27,104.29,104.27,104.28,18230
2026-06-23T18:00:00Z,104.28,104.28,104.26,104.27,26998
2026-06-23T18:01:00Z,104.27,104.28,104.27,104.27,15691
2026-06-23T18:02:00Z,104.27,104.27,104.26,104.26,12230
2026-06-23T18:03:00Z,104.26,104.26,104.24,104.24,31383
2026-06-23T18:04:00Z,104.24,104.24,104.23,104.23,22152
2026-06-23T18:05:00Z,104.23,104.24,104.23,104.23,12691
2026-06-23T18:06:00Z,104.23,104.23,104.21,104.21,27921
2026-06-23T18:07:00Z,104.21,104.21,104.18,104.18,34614
2026-06-23T18:08:00Z,104.18,104.22,104.17,104.21,18230
2026-06-23T18:09:00Z,104.21,104.22,104.20,104.22,29998
2026-06-23T18:10:00Z,104.22,104.22,104.19,104.20,11999
2026-06-23T18:11:00Z,104.20,104.20,104.19,104.19,28845
2026-06-23T18:12:00Z,104.19,104.19,104.18,104.19,27460
2026-06-23T18:13:00Z,104.19,104.21,104.19,104.21,25614
2026-06-23T18:14:00Z,104.21,104.21,104.21,104.21,30921
2026-06-23T18:15:00Z,104.21,104.22,104.20,104.22,15922
2026-06-23T18:16:00Z,104.22,104.22,104.22,104.22,17307
2026-06-23T18:17:00Z,104.22,104.24,104.21,104.23,23537
2026-06-23T18:18:00Z,104.23,104.24,104.20,104.20,17999
2026-06-23T18:19:00Z,104.20,104.22,104.19,104.21,24691
2026-06-23T18:20:00Z,104.21,104.23,104.21,104.22,34152
2026-06-23T18:21:00Z,104.22,104.24,104.22,104.23,20076
2026-06-23T18:22:00Z,104.23,104.25,104.23,104.25,24229
2026-06-23T18:23:00Z,104.25,104.26,104.25,104.26,22383
2026-06-23T18:24:00Z,104.26,104.28,104.25,104.27,19153
2026-06-23T18:25:00Z,104.27,104.29,104.27,104.29,11768
2026-06-23T18:26:00Z,104.29,104.30,104.28,104.30,29998
2026-06-23T18:27:00Z,104.30,104.30,104.30,104.30,32537
2026-06-23T18:28:00Z,104.30,104.31,104.30,104.31,31152
2026-06-23T18:29:00Z,104.31,104.32,104.30,104.32,11768
2026-06-23T18:30:00Z,104.32,104.33,104.31,104.33,25152
2026-06-23T18:31:00Z,104.33,104.33,104.30,104.31,14768
2026-06-23T18:32:00Z,104.31,104.33,104.31,104.32,33690
2026-06-23T18:33:00Z,104.32,104.32,104.29,104.29,16845
2026-06-23T18:34:00Z,104.29,104.33,104.29,104.32,13384
2026-06-23T18:35:00Z,104.32,104.33,104.27,104.28,18691
2026-06-23T18:36:00Z,104.28,104.29,104.25,104.26,34383
2026-06-23T18:37:00Z,104.26,104.28,104.25,104.28,21229
2026-06-23T18:38:00Z,104.28,104.29,104.28,104.29,31383
2026-06-23T18:39:00Z,104.29,104.31,104.29,104.31,13384
2026-06-23T18:40:00Z,104.31,104.32,104.30,104.31,28845
2026-06-23T18:41:00Z,104.31,104.32,104.30,104.30,14999
2026-06-23T18:42:00Z,104.30,104.32,104.29,104.32,19383
2026-06-23T18:43:00Z,104.32,104.34,104.32,104.34,23999
2026-06-23T18:44:00Z,104.34,104.35,104.34,104.35,29768
2026-06-23T18:45:00Z,104.35,104.36,104.34,104.36,16845
2026-06-23T18:46:00Z,104.36,104.36,104.34,104.34,29768
2026-06-23T18:47:00Z,104.34,104.35,104.34,104.35,17076
2026-06-23T18:48:00Z,104.35,104.36,104.33,104.33,18922
2026-06-23T18:49:00Z,104.33,104.34,104.32,104.34,32306
2026-06-23T18:50:00Z,104.34,104.35,104.31,104.32,27921
2026-06-23T18:51:00Z,104.32,104.33,104.31,104.33,27460
2026-06-23T18:52:00Z,104.33,104.35,104.32,104.34,20537
2026-06-23T18:53:00Z,104.34,104.34,104.33,104.34,32767
2026-06-23T18:54:00Z,104.34,104.36,104.34,104.35,29768
2026-06-23T18:55:00Z,104.35,104.36,104.32,104.32,28845
2026-06-23T18:56:00Z,104.32,104.35,104.31,104.34,32306
2026-06-23T18:57:00Z,104.34,104.36,104.33,104.35,33690
2026-06-23T18:58:00Z,104.35,104.38,104.34,104.38,26075
2026-06-23T18:59:00Z,104.38,104.39,104.34,104.35,14307
2026-06-23T19:00:00Z,104.35,104.35,104.34,104.35,23076
2026-06-23T19:01:00Z,104.35,104.39,104.35,104.38,28152
2026-06-23T19:02:00Z,104.38,104.41,104.38,104.40,12922
2026-06-23T19:03:00Z,104.40,104.43,104.39,104.42,28614
2026-06-23T19:04:00Z,104.42,104.42,104.39,104.40,22383
2026-06-23T19:05:00Z,104.40,104.42,104.39,104.41,22383
2026-06-23T19:06:00Z,104.41,104.42,104.41,104.41,32306
2026-06-23T19:07:00Z,104.41,104.42,104.41,104.42,15922
2026-06-23T19:08:00Z,104.42,104.43,104.42,104.43,24922
2026-06-23T19:09:00Z,104.43,104.46,104.42,104.45,16614
2026-06-23T19:10:00Z,104.45,104.46,104.45,104.45,19845
2026-06-23T19:11:00Z,104.45,104.47,104.45,104.46,31844
2026-06-23T19:12:00Z,104.46,104.49,104.46,104.48,11538
2026-06-23T19:13:00Z,104.48,104.48,104.45,104.46,12230
2026-06-23T19:14:00Z,104.46,104.47,104.44,104.44,19153
2026-06-23T19:15:00Z,104.44,104.45,104.41,104.41,18460
2026-06-23T19:16:00Z,104.41,104.44,104.40,104.43,24922
2026-06-23T19:17:00Z,104.43,104.44,104.42,104.44,13153
2026-06-23T19:18:00Z,104.44,104.44,104.41,104.42,17999
2026-06-23T19:19:00Z,104.42,104.44,104.41,104.43,13614
2026-06-23T19:20:00Z,104.43,104.44,104.42,104.44,13153
2026-06-23T19:21:00Z,104.44,104.45,104.41,104.41,23076
2026-06-23T19:22:00Z,104.41,104.41,104.39,104.39,13153
2026-06-23T19:23:00Z,104.39,104.40,104.39,104.40,33229
2026-06-23T19:24:00Z,104.40,104.41,104.40,104.41,34152
2026-06-23T19:25:00Z,104.41,104.44,104.41,104.43,20999
2026-06-23T19:26:00Z,104.43,104.44,104.42,104.44,25152
2026-06-23T19:27:00Z,104.44,104.47,104.43,104.46,18691
2026-06-23T19:28:00Z,104.46,104.46,104.42,104.43,29537
2026-06-23T19:29:00Z,104.43,104.44,104.43,104.44,34383
2026-06-23T19:30:00Z,104.44,104.45,104.41,104.42,33460
2026-06-23T19:31:00Z,104.42,104.46,104.41,104.45,23999
2026-06-23T19:32:00Z,104.45,104.47,104.44,104.47,15460
2026-06-23T19:33:00Z,104.47,104.48,104.46,104.46,15230
2026-06-23T19:34:00Z,104.46,104.47,104.45,104.47,33229
2026-06-23T19:35:00Z,104.47,104.49,104.46,104.48,16845
2026-06-23T19:36:00Z,104.48,104.49,104.48,104.48,15230
2026-06-23T19:37:00Z,104.48,104.51,104.48,104.50,28383
2026-06-23T19:38:00Z,104.50,104.53,104.50,104.52,33690
2026-06-23T19:39:00Z,104.52,104.53,104.48,104.49,27229
2026-06-23T19:40:00Z,104.49,104.49,104.47,104.48,17537
2026-06-23T19:41:00Z,104.48,104.48,104.46,104.47,19383
2026-06-23T19:42:00Z,104.47,104.47,104.47,104.47,15691
2026-06-23T19:43:00Z,104.47,104.50,104.47,104.49,16383
2026-06-23T19:44:00Z,104.49,104.50,104.46,104.47,33921
2026-06-23T19:45:00Z,104.47,104.49,104.46,104.49,19153
2026-06-23T19:46:00Z,104.49,104.51,104.49,104.50,26075
2026-06-23T19:47:00Z,104.50,104.52,104.50,104.51,16383
2026-06-23T19:48:00Z,104.51,104.53,104.50,104.53,17537
2026-06-23T19:49:00Z,104.53,104.55,104.53,104.54,32075
2026-06-23T19:50:00Z,104.54,104.55,104.51,104.52,16383
2026-06-23T19:51:00Z,104.52,104.53,104.51,104.53,21460
2026-06-23T19:52:00Z,104.53,104.56,104.52,104.55,29998
2026-06-23T19:53:00Z,104.55,104.58,104.54,104.57,31383
2026-06-23T19:54:00Z,104.57,104.61,104.57,104.60,23306
2026-06-23T19:55:00Z,104.60,104.60,104.57,104.58,19845
2026-06-23T19:56:00Z,104.58,104.59,104.57,104.57,17768
2026-06-23T19:57:00Z,104.57,104.57,104.54,104.55,30460
2026-06-23T19:58:00Z,104.55,104.57,104.54,104.57,15460
2026-06-23T19:59:00Z,104.57,104.58,104.56,104.56,15460
2026-06-24T13:30:00Z,104.56,104.56,104.53,104.54,29075
2026-06-24T13:31:00Z,104.54,104.55,104.50,104.50,20768
2026-06-24T13:32:00Z,104.50,104.52,104.49,104.51,19614
2026-06-24T13:33:00Z,104.51,104.54,104.50,104.53,21460
2026-06-24T13:34:00Z,104.53,104.53,104.49,104.50,24691
2026-06-24T13:35:00Z,104.50,104.50,104.50,104.50,27691
2026-06-24T13:36:00Z,104.50,104.52,104.49,104.51,20999
2026-06-24T13:37:00Z,104.51,104.53,104.51,104.52,20537
2026-06-24T13:38:00Z,104.52,104.55,104.52,104.54,18922
2026-06-24T13:39:00Z,104.54,104.54,104.51,104.52,22614
2026-06-24T13:40:00Z,104.52,104.53,104.51,104.52,28383
2026-06-24T13:41:00Z,104.52,104.55,104.52,104.54,23306
2026-06-24T13:42:00Z,104.54,104.54,104.51,104.52,34614
2026-06-24T13:43:00Z,104.52,104.53,104.50,104.51,23306
2026-06-24T13:44:00Z,104.51,104.52,104.48,104.49,14768
2026-06-24T13:45:00Z,104.49,104.51,104.49,104.51,11538
2026-06-24T13:46:00Z,104.51,104.52,104.51,104.51,31152
2026-06-24T13:47:00Z,104.51,104.53,104.50,104.52,23537
2026-06-24T13:48:00Z,104.52,104.52,104.51,104.52,22614
2026-06-24T13:49:00Z,104.52,104.53,104.51,104.53,32537
2026-06-24T13:50:00Z,104.53,104.53,104.50,104.51,14768
2026-06-24T13:51:00Z,104.51,104.54,104.51,104.53,26768
2026-06-24T13:52:00Z,104.53,104.53,104.52,104.52,22845
2026-06-24T13:53:00Z,104.52,104.53,104.52,104.52,22152
2026-06-24T13:54:00Z,104.52,104.55,104.51,104.54,34152
2026-06-24T13:55:00Z,104.54,104.54,104.51,104.52,20076
2026-06-24T13:56:00Z,104.52,104.53,104.50,104.51,11768
2026-06-24T13:57:00Z,104.51,104.53,104.51,104.53,15922
2026-06-24T13:58:00Z,104.53,104.55,104.53,104.55,27921
2026-06-24T13:59:00Z,104.55,104.56,104.55,104.56,26075
2026-06-24T14:00:00Z,104.56,104.58,104.55,104.57,24229
2026-06-24T14:01:00Z,104.57,104.59,104.57,104.58,31614
2026-06-24T14:02:00Z,104.58,104.59,104.58,104.58,29537
2026-06-24T14:03:00Z,104.58,104.59,104.56,104.57,28152
2026-06-24T14:04:00Z,104.57,104.57,104.56,104.57,25845
2026-06-24T14:05:00Z,104.57,104.58,104.57,104.58,30229
2026-06-24T14:06:00Z,104.58,104.59,104.55,104.56,14999
2026-06-24T14:07:00Z,104.56,104.59,104.56,104.58,28614
2026-06-24T14:08:00Z,104.58,104.59,104.54,104.54,24460
2026-06-24T14:09:00Z,104.54,104.54,104.51,104.52,25383
2026-06-24T14:10:00Z,104.52,104.54,104.51,104.53,15922
2026-06-24T14:11:00Z,104.53,104.54,104.53,104.53,17537
2026-06-24T14:12:00Z,104.53,104.54,104.51,104.52,16845
2026-06-24T14:13:00Z,104.52,104.53,104.52,104.53,13845
2026-06-24T14:14:00Z,104.53,104.53,104.51,104.51,14537
2026-06-24T14:15:00Z,104.51,104.52,104.50,104.52,17768
2026-06-24T14:16:00Z,104.52,104.52,104.49,104.50,26537
2026-06-24T14:17:00Z,104.50,104.50,104.46,104.46,16845
2026-06-24T14:18:00Z,104.46,104.46,104.45,104.45,23537
2026-06-24T14:19:00Z,104.45,104.46,104.45,104.46,27691
2026-06-24T14:20:00Z,104.46,104.47,104.44,104.44,29768
2026-06-24T14:21:00Z,104.44,104.47,104.43,104.46,31844
2026-06-24T14:22:00Z,104.46,104.47,104.42,104.43,33690
2026-06-24T14:23:00Z,104.43,104.45,104.43,104.44,30921
2026-06-24T14:24:00Z,104.44,104.45,104.44,104.45,25614
2026-06-24T14:25:00Z,104.45,104.45,104.42,104.43,27460
2026-06-24T14:26:00Z,104.43,104.43,104.42,104.43,24229
2026-06-24T14:27:00Z,104.43,104.43,104.41,104.41,28845
2026-06-24T14:28:00Z,104.41,104.42,104.41,104.42,20768
2026-06-24T14:29:00Z,104.42,104.44,104.41,104.44,32075
2026-06-24T14:30:00Z,104.44,104.46,104.43,104.45,17307
2026-06-24T14:31:00Z,104.45,104.48,104.44,104.47,25152
2026-06-24T14:32:00Z,104.47,104.51,104.46,104.50,14768
2026-06-24T14:33:00Z,104.50,104.51,104.48,104.49,11999
2026-06-24T14:34:00Z,104.49,104.49,104.47,104.47,22845
2026-06-24T14:35:00Z,104.47,104.48,104.47,104.48,21460
2026-06-24T14:36:00Z,104.48,104.49,104.46,104.47,30229
2026-06-24T14:37:00Z,104.47,104.50,104.46,104.49,30460
2026-06-24T14:38:00Z,104.49,104.51,104.48,104.50,18460
2026-06-24T14:39:00Z,104.50,104.50,104.47,104.47,23999
2026-06-24T14:40:00Z,104.47,104.49,104.47,104.48,18691
2026-06-24T14:41:00Z,104.48,104.49,104.45,104.45,17076
2026-06-24T14:42:00Z,104.45,104.47,104.44,104.46,31844
2026-06-24T14:43:00Z,104.46,104.48,104.45,104.47,27691
2026-06-24T14:44:00Z,104.47,104.48,104.45,104.46,14307
2026-06-24T14:45:00Z,104.46,104.47,104.44,104.45,12230
2026-06-24T14:46:00Z,104.45,104.46,104.45,104.46,30460
2026-06-24T14:47:00Z,104.46,104.49,104.46,104.48,18922
2026-06-24T14:48:00Z,104.48,104.48,104.47,104.47,24460
2026-06-24T14:49:00Z,104.47,104.50,104.46,104.49,32767
2026-06-24T14:50:00Z,104.49,104.49,104.47,104.47,28383
2026-06-24T14:51:00Z,104.47,104.48,104.46,104.46,12691
2026-06-24T14:52:00Z,104.46,104.49,104.46,104.48,30921
2026-06-24T14:53:00Z,104.48,104.48,104.45,104.46,32767
2026-06-24T14:54:00Z,104.46,104.49,104.46,104.48,30229
2026-06-24T14:55:00Z,104.48,104.48,104.47,104.47,12230
2026-06-24T14:56:00Z,104.47,104.47,104.45,104.45,16845
2026-06-24T14:57:00Z,104.45,104.46,104.44,104.44,33460
2026-06-24T14:58:00Z,104.44,104.44,104.42,104.43,29075
2026-06-24T14:59:00Z,104.43,104.43,104.43,104.43,11538
2026-06-24T15:00:00Z,104.43,104.46,104.42,104.45,29998
2026-06-24T15:01:00Z,104.45,104.45,104.43,104.43,17999
2026-06-24T15:02:00Z,104.43,104.43,104.41,104.42,32537
2026-06-24T15:03:00Z,104.42,104.44,104.41,104.44,19383
2026-06-24T15:04:00Z,104.44,104.46,104.43,104.46,22614
2026-06-24T15:05:00Z,104.46,104.46,104.45,104.45,29306
2026-06-24T15:06:00Z,104.45,104.46,104.44,104.44,17768
2026-06-24T15:07:00Z,104.44,104.44,104.44,104.44,15230
2026-06-24T15:08:00Z,104.44,104.45,104.42,104.42,13153
2026-06-24T15:09:00Z,104.42,104.43,104.41,104.41,34383
2026-06-24T15:10:00Z,104.41,104.41,104.38,104.39,27691
2026-06-24T15:11:00Z,104.39,104.42,104.38,104.42,19153
2026-06-24T15:12:00Z,104.42,104.43,104.42,104.43,22845
2026-06-24T15:13:00Z,104.43,104.45,104.42,104.45,12922
2026-06-24T15:14:00Z,104.45,104.46,104.45,104.45,16383
2026-06-24T15:15:00Z,104.45,104.46,104.43,104.43,25614
2026-06-24T15:16:00Z,104.43,104.46,104.42,104.46,16383
2026-06-24T15:17:00Z,104.46,104.47,104.44,104.45,27460
2026-06-24T15:18:00Z,104.45,104.45,104.42,104.43,32306
2026-06-24T15:19:00Z,104.43,104.43,104.41,104.41,14999
2026-06-24T15:20:00Z,104.41,104.42,104.40,104.40,31844
2026-06-24T15:21:00Z,104.40,104.40,104.38,104.38,19845
2026-06-24T15:22:00Z,104.38,104.41,104.37,104.40,26768
2026-06-24T15:23:00Z,104.40,104.41,104.37,104.38,15691
2026-06-24T15:24:00Z,104.38,104.40,104.37,104.40,30460
2026-06-24T15:25:00Z,104.40,104.41,104.39,104.41,30460
2026-06-24T15:26:00Z,104.41,104.43,104.41,104.42,24922
2026-06-24T15:27:00Z,104.42,104.43,104.40,104.41,17307
2026-06-24T15:28:00Z,104.41,104.42,104.37,104.38,14768
2026-06-24T15:29:00Z,104.38,104.41,104.38,104.41,22152
2026-06-24T15:30:00Z,104.41,104.44,104.41,104.44,29768
2026-06-24T15:31:00Z,104.44,104.44,104.42,104.42,12461
2026-06-24T15:32:00Z,104.42,104.44,104.42,104.43,15460
2026-06-24T15:33:00Z,104.43,104.43,104.41,104.42,23537
2026-06-24T15:34:00Z,104.42,104.42,104.40,104.40,13845
2026-06-24T15:35:00Z,104.40,104.40,104.37,104.38,16383
2026-06-24T15:36:00Z,104.38,104.41,104.38,104.40,23999
2026-06-24T15:37:00Z,104.40,104.43,104.39,104.43,17307
2026-06-24T15:38:00Z,104.43,104.45,104.42,104.45,16845
2026-06-24T15:39:00Z,104.45,104.46,104.43,104.43,18922
2026-06-24T15:40:00Z,104.43,104.43,104.40,104.41,27691
2026-06-24T15:41:00Z,104.41,104.45,104.40,104.44,34383
2026-06-24T15:42:00Z,104.44,104.44,104.40,104.41,30460
2026-06-24T15:43:00Z,104.41,104.43,104.41,104.43,12691
2026-06-24T15:44:00Z,104.43,104.46,104.43,104.45,14768
2026-06-24T15:45:00Z,104.45,104.46,104.42,104.42,31614
2026-06-24T15:46:00Z,104.42,104.42,104.41,104.41,21691
2026-06-24T15:47:00Z,104.41,104.42,104.40,104.40,11538
2026-06-24T15:48:00Z,104.40,104.41,104.38,104.39,32537
2026-06-24T15:49:00Z,104.39,104.42,104.39,104.41,18460
2026-06-24T15:50:00Z,104.41,104.41,104.39,104.40,23768
2026-06-24T15:51:00Z,104.40,104.43,104.40,104.43,17768
2026-06-24T15:52:00Z,104.43,104.43,104.42,104.42,12230
2026-06-24T15:53:00Z,104.42,104.42,104.40,104.40,12922
2026-06-24T15:54:00Z,104.40,104.40,104.37,104.38,12691
2026-06-24T15:55:00Z,104.38,104.40,104.37,104.39,13614
2026-06-24T15:56:00Z,104.39,104.40,104.37,104.38,12922
2026-06-24T15:57:00Z,104.38,104.39,104.35,104.36,15230
2026-06-24T15:58:00Z,104.36,104.37,104.35,104.35,24691
2026-06-24T15:59:00Z,104.35,104.36,104.33,104.34,23999
2026-06-24T16:00:00Z,104.34,104.35,104.31,104.31,31844
2026-06-24T16:01:00Z,104.31,104.34,104.30,104.33,31152
2026-06-24T16:02:00Z,104.33,104.36,104.33,104.35,33690
2026-06-24T16:03:00Z,104.35,104.39,104.35,104.39,33690
2026-06-24T16:04:00Z,104.39,104.40,104.38,104.38,32998
2026-06-24T16:05:00Z,104.38,104.43,104.38,104.42,17768
2026-06-24T16:06:00Z,104.42,104.43,104.40,104.41,12461
2026-06-24T16:07:00Z,104.41,104.43,104.41,104.42,24691
2026-06-24T16:08:00Z,104.42,104.43,104.39,104.40,32537
2026-06-24T16:09:00Z,104.40,104.41,104.40,104.41,15691
2026-06-24T16:10:00Z,104.41,104.43,104.40,104.42,20999
2026-06-24T16:11:00Z,104.42,104.43,104.42,104.43,24229
2026-06-24T16:12:00Z,104.43,104.45,104.43,104.45,11999
2026-06-24T16:13:00Z,104.45,104.47,104.44,104.47,31614
2026-06-24T16:14:00Z,104.47,104.49,104.46,104.48,29075
2026-06-24T16:15:00Z,104.48,104.49,104.46,104.46,13845
2026-06-24T16:16:00Z,104.46,104.47,104.45,104.45,30921
2026-06-24T16:17:00Z,104.45,104.46,104.44,104.44,13845
2026-06-24T16:18:00Z,104.44,104.44,104.42,104.43,23076
2026-06-24T16:19:00Z,104.43,104.43,104.40,104.41,20076
2026-06-24T16:20:00Z,104.41,104.43,104.40,104.42,20768
2026-06-24T16:21:00Z,104.42,104.45,104.42,104.44,27229
2026-06-24T16:22:00Z,104.44,104.46,104.44,104.45,19845
2026-06-24T16:23:00Z,104.45,104.46,104.43,104.43,23306
2026-06-24T16:24:00Z,104.43,104.44,104.42,104.44,13614
2026-06-24T16:25:00Z,104.44,104.44,104.42,104.42,22152
2026-06-24T16:26:00Z,104.42,104.44,104.41,104.43,16614
2026-06-24T16:27:00Z,104.43,104.44,104.42,104.44,14768
2026-06-24T16:28:00Z,104.44,104.47,104.43,104.47,20306
2026-06-24T16:29:00Z,104.47,104.48,104.47,104.47,17768
2026-06-24T16:30:00Z,104.47,104.47,104.44,104.45,24922
2026-06-24T16:31:00Z,104.45,104.47,104.45,104.47,22383
2026-06-24T16:32:00Z,104.47,104.48,104.44,104.44,28845
2026-06-24T16:33:00Z,104.44,104.44,104.42,104.43,19845
2026-06-24T16:34:00Z,104.43,104.43,104.41,104.42,20537
2026-06-24T16:35:00Z,104.42,104.42,104.41,104.42,18922
2026-06-24T16:36:00Z,104.42,104.43,104.41,104.41,32998
2026-06-24T16:37:00Z,104.41,104.45,104.40,104.44,34383
2026-06-24T16:38:00Z,104.44,104.44,104.43,104.44,14076
2026-06-24T16:39:00Z,104.44,104.44,104.41,104.42,14999
2026-06-24T16:40:00Z,104.42,104.44,104.41,104.43,21691
2026-06-24T16:41:00Z,104.43,104.44,104.43,104.44,13384
2026-06-24T16:42:00Z,104.44,104.45,104.43,104.45,14768
2026-06-24T16:43:00Z,104.45,104.45,104.45,104.45,33460
2026-06-24T16:44:00Z,104.45,104.47,104.45,104.46,29306
2026-06-24T16:45:00Z,104.46,104.49,104.45,104.49,11768
2026-06-24T16:46:00Z,104.49,104.49,104.49,104.49,17307
2026-06-24T16:47:00Z,104.49,104.50,104.49,104.50,14768
2026-06-24T16:48:00Z,104.50,104.50,104.48,104.49,15922
2026-06-24T16:49:00Z,104.49,104.50,104.48,104.49,12461
2026-06-24T16:50:00Z,104.49,104.50,104.47,104.48,11999
2026-06-24T16:51:00Z,104.48,104.48,104.47,104.48,24460
2026-06-24T16:52:00Z,104.48,104.49,104.46,104.47,33460
2026-06-24T16:53:00Z,104.47,104.47,104.45,104.46,33690
2026-06-24T16:54:00Z,104.46,104.47,104.45,104.46,29306
2026-06-24T16:55:00Z,104.46,104.47,104.45,104.47,14999
2026-06-24T16:56:00Z,104.47,104.48,104.46,104.46,28614
2026-06-24T16:57:00Z,104.46,104.47,104.44,104.44,26998
2026-06-24T16:58:00Z,104.44,104.44,104.42,104.43,23306
2026-06-24T16:59:00Z,104.43,104.43,104.42,104.42,20537
2026-06-24T17:00:00Z,104.42,104.42,104.41,104.42,24460
2026-06-24T17:01:00Z,104.42,104.45,104.42,104.45,30229
2026-06-24T17:02:00Z,104.45,104.45,104.44,104.45,31383
2026-06-24T17:03:00Z,104.45,104.45,104.44,104.44,20306
2026-06-24T17:04:00Z,104.44,104.44,104.43,104.43,32075
2026-06-24T17:05:00Z,104.43,104.43,104.43,104.43,11999
2026-06-24T17:06:00Z,104.43,104.45,104.42,104.44,30460
2026-06-24T17:07:00Z,104.44,104.47,104.44,104.46,29075
2026-06-24T17:08:00Z,104.46,104.46,104.43,104.43,25152
2026-06-24T17:09:00Z,104.43,104.44,104.41,104.42,29768
2026-06-24T17:10:00Z,104.42,104.42,104.38,104.39,17307
2026-06-24T17:11:00Z,104.39,104.42,104.39,104.41,16845
2026-06-24T17:12:00Z,104.41,104.42,104.40,104.42,26075
2026-06-24T17:13:00Z,104.42,104.43,104.41,104.42,14999
2026-06-24T17:14:00Z,104.42,104.44,104.42,104.43,33229
2026-06-24T17:15:00Z,104.43,104.43,104.42,104.42,27691
2026-06-24T17:16:00Z,104.42,104.42,104.42,104.42,24460
2026-06-24T17:17:00Z,104.42,104.42,104.41,104.41,32075
2026-06-24T17:18:00Z,104.41,104.41,104.39,104.40,14076
2026-06-24T17:19:00Z,104.40,104.40,104.36,104.37,32998
2026-06-24T17:20:00Z,104.37,104.39,104.37,104.38,12691
2026-06-24T17:21:00Z,104.38,104.41,104.38,104.40,30460
2026-06-24T17:22:00Z,104.40,104.43,104.40,104.42,14768
2026-06-24T17:23:00Z,104.42,104.43,104.41,104.43,24460
2026-06-24T17:24:00Z,104.43,104.44,104.41,104.41,13384
2026-06-24T17:25:00Z,104.41,104.44,104.41,104.43,21460
2026-06-24T17:26:00Z,104.43,104.45,104.43,104.44,16614
2026-06-24T17:27:00Z,104.44,104.45,104.41,104.42,14537
2026-06-24T17:28:00Z,104.42,104.43,104.40,104.41,25152
2026-06-24T17:29:00Z,104.41,104.41,104.39,104.39,11999
2026-06-24T17:30:00Z,104.39,104.40,104.38,104.40,30921
2026-06-24T17:31:00Z,104.40,104.40,104.37,104.38,12922
2026-06-24T17:32:00Z,104.38,104.39,104.38,104.38,26537
2026-06-24T17:33:00Z,104.38,104.38,104.36,104.36,16153
2026-06-24T17:34:00Z,104.36,104.39,104.35,104.38,23306
2026-06-24T17:35:00Z,104.38,104.40,104.38,104.40,27921
2026-06-24T17:36:00Z,104.40,104.40,104.39,104.40,31614
2026-06-24T17:37:00Z,104.40,104.42,104.39,104.42,24922
2026-06-24T17:38:00Z,104.42,104.42,104.37,104.38,33229
2026-06-24T17:39:00Z,104.38,104.38,104.37,104.38,23076
2026-06-24T17:40:00Z,104.38,104.39,104.37,104.38,23999
2026-06-24T17:41:00Z,104.38,104.40,104.38,104.40,11538
2026-06-24T17:42:00Z,104.40,104.41,104.37,104.38,16614
2026-06-24T17:43:00Z,104.38,104.39,104.38,104.39,30229
2026-06-24T17:44:00Z,104.39,104.39,104.36,104.37,20537
2026-06-24T17:45:00Z,104.37,104.37,104.34,104.35,19614
2026-06-24T17:46:00Z,104.35,104.37,104.34,104.36,15922
2026-06-24T17:47:00Z,104.36,104.37,104.36,104.36,33229
2026-06-24T17:48:00Z,104.36,104.38,104.36,104.38,21460
2026-06-24T17:49:00Z,104.38,104.38,104.36,104.36,17537
2026-06-24T17:50:00Z,104.36,104.37,104.36,104.36,31614
2026-06-24T17:51:00Z,104.36,104.37,104.34,104.34,12691
2026-06-24T17:52:00Z,104.34,104.35,104.33,104.33,17076
2026-06-24T17:53:00Z,104.33,104.34,104.32,104.34,21229
2026-06-24T17:54:00Z,104.34,104.35,104.32,104.32,30691
2026-06-24T17:55:00Z,104.32,104.33,104.32,104.33,18691
2026-06-24T17:56:00Z,104.33,104.36,104.32,104.35,30921
2026-06-24T17:57:00Z,104.35,104.36,104.34,104.36,18922
2026-06-24T17:58:00Z,104.36,104.36,104.36,104.36,25614
2026-06-24T17:59:00Z,104.36,104.40,104.35,104.39,22845
2026-06-24T18:00:00Z,104.39,104.40,104.39,104.40,24229
2026-06-24T18:01:00Z,104.40,104.41,104.38,104.38,24460
2026-06-24T18:02:00Z,104.38,104.39,104.33,104.34,19383
2026-06-24T18:03:00Z,104.34,104.34,104.31,104.31,17076
2026-06-24T18:04:00Z,104.31,104.32,104.30,104.32,16383
2026-06-24T18:05:00Z,104.32,104.33,104.29,104.30,28614
2026-06-24T18:06:00Z,104.30,104.30,104.25,104.26,17076
2026-06-24T18:07:00Z,104.26,104.26,104.24,104.25,27921
2026-06-24T18:08:00Z,104.25,104.25,104.22,104.23,11999
2026-06-24T18:09:00Z,104.23,104.25,104.22,104.25,20768
2026-06-24T18:10:00Z,104.25,104.28,104.25,104.27,28383
2026-06-24T18:11:00Z,104.27,104.28,104.27,104.28,27460
2026-06-24T18:12:00Z,104.28,104.28,104.26,104.26,19614
2026-06-24T18:13:00Z,104.26,104.27,104.25,104.26,27229
2026-06-24T18:14:00Z,104.26,104.29,104.25,104.28,16614
2026-06-24T18:15:00Z,104.28,104.28,104.26,104.26,14076
2026-06-24T18:16:00Z,104.26,104.26,104.25,104.26,32998
2026-06-24T18:17:00Z,104.26,104.27,104.22,104.23,31152
2026-06-24T18:18:00Z,104.23,104.23,104.21,104.22,29537
2026-06-24T18:19:00Z,104.22,104.23,104.21,104.23,20537
2026-06-24T18:20:00Z,104.23,104.24,104.22,104.24,26306
2026-06-24T18:21:00Z,104.24,104.24,104.21,104.22,32767
2026-06-24T18:22:00Z,104.22,104.24,104.22,104.23,34614
2026-06-24T18:23:00Z,104.23,104.23,104.22,104.23,25614
2026-06-24T18:24:00Z,104.23,104.24,104.22,104.24,23306
2026-06-24T18:25:00Z,104.24,104.24,104.23,104.24,17537
2026-06-24T18:26:00Z,104.24,104.25,104.24,104.25,17999
2026-06-24T18:27:00Z,104.25,104.25,104.24,104.25,12230
2026-06-24T18:28:00Z,104.25,104.26,104.22,104.23,19153
2026-06-24T18:29:00Z,104.23,104.26,104.23,104.25,12922
2026-06-24T18:30:00Z,104.25,104.26,104.24,104.25,20537
2026-06-24T18:31:00Z,104.25,104.26,104.25,104.25,15691
2026-06-24T18:32:00Z,104.25,104.29,104.24,104.28,28845
2026-06-24T18:33:00Z,104.28,104.28,104.24,104.25,32998
2026-06-24T18:34:00Z,104.25,104.26,104.24,104.26,22383
2026-06-24T18:35:00Z,104.26,104.27,104.25,104.26,24922
2026-06-24T18:36:00Z,104.26,104.28,104.26,104.28,14768
2026-06-24T18:37:00Z,104.28,104.28,104.25,104.26,17768
2026-06-24T18:38:00Z,104.26,104.27,104.25,104.25,21922
2026-06-24T18:39:00Z,104.25,104.27,104.24,104.27,26537
2026-06-24T18:40:00Z,104.27,104.30,104.27,104.29,27921
2026-06-24T18:41:00Z,104.29,104.30,104.28,104.30,32537
2026-06-24T18:42:00Z,104.30,104.32,104.30,104.32,33460
2026-06-24T18:43:00Z,104.32,104.33,104.31,104.32,18230
2026-06-24T18:44:00Z,104.32,104.35,104.32,104.34,22152
2026-06-24T18:45:00Z,104.34,104.35,104.31,104.31,22152
2026-06-24T18:46:00Z,104.31,104.32,104.27,104.28,26998
2026-06-24T18:47:00Z,104.28,104.30,104.28,104.29,24691
2026-06-24T18:48:00Z,104.29,104.31,104.29,104.30,32998
2026-06-24T18:49:00Z,104.30,104.32,104.29,104.31,20768
2026-06-24T18:50:00Z,104.31,104.33,104.31,104.33,17999
2026-06-24T18:51:00Z,104.33,104.35,104.32,104.35,32998
2026-06-24T18:52:00Z,104.35,104.36,104.35,104.36,33921
2026-06-24T18:53:00Z,104.36,104.38,104.36,104.37,27921
2026-06-24T18:54:00Z,104.37,104.37,104.34,104.34,26075
2026-06-24T18:55:00Z,104.34,104.37,104.34,104.36,16153
2026-06-24T18:56:00Z,104.36,104.36,104.32,104.33,20999
2026-06-24T18:57:00Z,104.33,104.37,104.32,104.36,22614
2026-06-24T18:58:00Z,104.36,104.37,104.35,104.37,20999
2026-06-24T18:59:00Z,104.37,104.38,104.36,104.36,29768
2026-06-24T19:00:00Z,104.36,104.36,104.33,104.34,15922
2026-06-24T19:01:00Z,104.34,104.34,104.30,104.30,19383
2026-06-24T19:02:00Z,104.30,104.32,104.29,104.31,16153
2026-06-24T19:03:00Z,104.31,104.33,104.31,104.32,26306
2026-06-24T19:04:00Z,104.32,104.35,104.32,104.34,26998
2026-06-24T19:05:00Z,104.34,104.36,104.34,104.35,17076
2026-06-24T19:06:00Z,104.35,104.36,104.35,104.36,18691
2026-06-24T19:07:00Z,104.36,104.37,104.33,104.34,16383
2026-06-24T19:08:00Z,104.34,104.35,104.31,104.32,31614
2026-06-24T19:09:00Z,104.32,104.33,104.29,104.30,31152
2026-06-24T19:10:00Z,104.30,104.30,104.27,104.28,14076
2026-06-24T19:11:00Z,104.28,104.28,104.28,104.28,20306
2026-06-24T19:12:00Z,104.28,104.29,104.27,104.29,22614
2026-06-24T19:13:00Z,104.29,104.29,104.26,104.27,17537
2026-06-24T19:14:00Z,104.27,104.30,104.27,104.29,28845
2026-06-24T19:15:00Z,104.29,104.30,104.28,104.29,23306
2026-06-24T19:16:00Z,104.29,104.29,104.26,104.26,31152
2026-06-24T19:17:00Z,104.26,104.28,104.26,104.28,22383
2026-06-24T19:18:00Z,104.28,104.28,104.25,104.26,19845
2026-06-24T19:19:00Z,104.26,104.27,104.24,104.25,26998
2026-06-24T19:20:00Z,104.25,104.25,104.25,104.25,24229
2026-06-24T19:21:00Z,104.25,104.26,104.25,104.26,11999
2026-06-24T19:22:00Z,104.26,104.27,104.25,104.26,34614
2026-06-24T19:23:00Z,104.26,104.27,104.26,104.27,20537
2026-06-24T19:24:00Z,104.27,104.28,104.27,104.28,14537
2026-06-24T19:25:00Z,104.28,104.28,104.26,104.27,18230
2026-06-24T19:26:00Z,104.27,104.28,104.23,104.24,15691
2026-06-24T19:27:00Z,104.24,104.24,104.21,104.22,18691
2026-06-24T19:28:00Z,104.22,104.24,104.21,104.23,33229
2026-06-24T19:29:00Z,104.23,104.23,104.21,104.22,28383
2026-06-24T19:30:00Z,104.22,104.22,104.22,104.22,29537
2026-06-24T19:31:00Z,104.22,104.22,104.20,104.20,18460
2026-06-24T19:32:00Z,104.20,104.23,104.19,104.23,20999
2026-06-24T19:33:00Z,104.23,104.24,104.21,104.21,25383
2026-06-24T19:34:00Z,104.21,104.22,104.21,104.22,26998
2026-06-24T19:35:00Z,104.22,104.23,104.22,104.22,27460
2026-06-24T19:36:00Z,104.22,104.22,104.20,104.21,26075
2026-06-24T19:37:00Z,104.21,104.23,104.20,104.22,33229
2026-06-24T19:38:00Z,104.22,104.22,104.19,104.20,20999
2026-06-24T19:39:00Z,104.20,104.22,104.19,104.22,16383
2026-06-24T19:40:00Z,104.22,104.22,104.21,104.22,29537
2026-06-24T19:41:00Z,104.22,104.23,104.22,104.23,27921
2026-06-24T19:42:00Z,104.23,104.24,104.20,104.21,12691
2026-06-24T19:43:00Z,104.21,104.22,104.20,104.22,18922
2026-06-24T19:44:00Z,104.22,104.22,104.20,104.20,14537
2026-06-24T19:45:00Z,104.20,104.20,104.20,104.20,32998
2026-06-24T19:46:00Z,104.20,104.20,104.19,104.19,28152
2026-06-24T19:47:00Z,104.19,104.21,104.18,104.20,33921
2026-06-24T19:48:00Z,104.20,104.24,104.19,104.23,28845
2026-06-24T19:49:00Z,104.23,104.25,104.23,104.25,20768
2026-06-24T19:50:00Z,104.25,104.25,104.23,104.23,17999
2026-06-24T19:51:00Z,104.23,104.24,104.21,104.21,19153
2026-06-24T19:52:00Z,104.21,104.22,104.17,104.18,22383
2026-06-24T19:53:00Z,104.18,104.22,104.18,104.21,12691
2026-06-24T19:54:00Z,104.21,104.22,104.20,104.22,12461
2026-06-24T19:55:00Z,104.22,104.22,104.21,104.21,23768
2026-06-24T19:56:00Z,104.21,104.21,104.18,104.18,20768
2026-06-24T19:57:00Z,104.18,104.19,104.16,104.17,22614
2026-06-24T19:58:00Z,104.17,104.18,104.17,104.18,26075
2026-06-24T19:59:00Z,104.18,104.19,104.16,104.17,24922
2026-06-25T13:30:00Z,104.17,104.18,104.16,104.17,15691
2026-06-25T13:31:00Z,104.17,104.18,104.15,104.16,24691
2026-06-25T13:32:00Z,104.16,104.18,104.15,104.18,17768
2026-06-25T13:33:00Z,104.18,104.20,104.17,104.19,21460
2026-06-25T13:34:00Z,104.19,104.19,104.15,104.16,25383
2026-06-25T13:35:00Z,104.16,104.17,104.14,104.15,23999
2026-06-25T13:36:00Z,104.15,104.16,104.14,104.16,15460
2026-06-25T13:37:00Z,104.16,104.18,104.15,104.17,33229
2026-06-25T13:38:00Z,104.17,104.20,104.17,104.19,15922
2026-06-25T13:39:00Z,104.19,104.21,104.18,104.21,16383
2026-06-25T13:40:00Z,104.21,104.26,104.20,104.25,11768
2026-06-25T13:41:00Z,104.25,104.25,104.23,104.23,24229
2026-06-25T13:42:00Z,104.23,104.24,104.23,104.23,16614
2026-06-25T13:43:00Z,104.23,104.25,104.22,104.24,18691
2026-06-25T13:44:00Z,104.24,104.26,104.23,104.26,26306
2026-06-25T13:45:00Z,104.26,104.27,104.22,104.23,25152
2026-06-25T13:46:00Z,104.23,104.23,104.22,104.22,12922
2026-06-25T13:47:00Z,104.22,104.23,104.19,104.20,28383
2026-06-25T13:48:00Z,104.20,104.20,104.19,104.19,22383
2026-06-25T13:49:00Z,104.19,104.22,104.18,104.22,14537
2026-06-25T13:50:00Z,104.22,104.25,104.21,104.24,27460
2026-06-25T13:51:00Z,104.24,104.25,104.22,104.23,14537
2026-06-25T13:52:00Z,104.23,104.25,104.22,104.24,19153
2026-06-25T13:53:00Z,104.24,104.25,104.21,104.22,14999
2026-06-25T13:54:00Z,104.22,104.23,104.22,104.22,13614
2026-06-25T13:55:00Z,104.22,104.25,104.22,104.25,30921
2026-06-25T13:56:00Z,104.25,104.26,104.24,104.26,29768
2026-06-25T13:57:00Z,104.26,104.29,104.25,104.29,25614
2026-06-25T13:58:00Z,104.29,104.31,104.28,104.31,27460
2026-06-25T13:59:00Z,104.31,104.32,104.27,104.28,34383
2026-06-25T14:00:00Z,104.28,104.30,104.27,104.30,17768
2026-06-25T14:01:00Z,104.30,104.31,104.30,104.31,33690
2026-06-25T14:02:00Z,104.31,104.34,104.31,104.33,22383
2026-06-25T14:03:00Z,104.33,104.37,104.32,104.37,23768
2026-06-25T14:04:00Z,104.37,104.37,104.35,104.36,29075
2026-06-25T14:05:00Z,104.36,104.37,104.35,104.37,29075
2026-06-25T14:06:00Z,104.37,104.39,104.37,104.38,18691
2026-06-25T14:07:00Z,104.38,104.40,104.38,104.39,15691
2026-06-25T14:08:00Z,104.39,104.39,104.37,104.37,21460
2026-06-25T14:09:00Z,104.37,104.37,104.34,104.34,17999
2026-06-25T14:10:00Z,104.34,104.34,104.32,104.32,20306
2026-06-25T14:11:00Z,104.32,104.33,104.32,104.33,30460
2026-06-25T14:12:00Z,104.33,104.35,104.32,104.35,11999
2026-06-25T14:13:00Z,104.35,104.37,104.34,104.37,19614
2026-06-25T14:14:00Z,104.37,104.39,104.37,104.38,16383
2026-06-25T14:15:00Z,104.38,104.38,104.36,104.36,29537
2026-06-25T14:16:00Z,104.36,104.36,104.34,104.34,14999
2026-06-25T14:17:00Z,104.34,104.37,104.34,104.36,13614
2026-06-25T14:18:00Z,104.36,104.37,104.34,104.34,29306
2026-06-25T14:19:00Z,104.34,104.36,104.33,104.35,18460
2026-06-25T14:20:00Z,104.35,104.35,104.34,104.34,28614
2026-06-25T14:21:00Z,104.34,104.34,104.32,104.32,13384
2026-06-25T14:22:00Z,104.32,104.35,104.31,104.34,13384
2026-06-25T14:23:00Z,104.34,104.36,104.33,104.36,16614
2026-06-25T14:24:00Z,104.36,104.36,104.33,104.34,17999
2026-06-25T14:25:00Z,104.34,104.34,104.32,104.33,12461
2026-06-25T14:26:00Z,104.33,104.33,104.31,104.31,23999
2026-06-25T14:27:00Z,104.31,104.32,104.30,104.30,21229
2026-06-25T14:28:00Z,104.30,104.31,104.28,104.28,23768
2026-06-25T14:29:00Z,104.28,104.28,104.26,104.27,18691
2026-06-25T14:30:00Z,104.27,104.27,104.26,104.27,17999
2026-06-25T14:31:00Z,104.27,104.27,104.26,104.27,12922
2026-06-25T14:32:00Z,104.27,104.28,104.26,104.28,15460
2026-06-25T14:33:00Z,104.28,104.29,104.27,104.28,23306
2026-06-25T14:34:00Z,104.28,104.29,104.27,104.28,16383
2026-06-25T14:35:00Z,104.28,104.29,104.27,104.27,16383
2026-06-25T14:36:00Z,104.27,104.27,104.24,104.25,16383
2026-06-25T14:37:00Z,104.25,104.26,104.24,104.25,21922
2026-06-25T14:38:00Z,104.25,104.28,104.25,104.27,13384
2026-06-25T14:39:00Z,104.27,104.28,104.24,104.25,20537
2026-06-25T14:40:00Z,104.25,104.27,104.24,104.27,32306
2026-06-25T14:41:00Z,104.27,104.30,104.27,104.30,21691
2026-06-25T14:42:00Z,104.30,104.30,104.28,104.28,29768
2026-06-25T14:43:00Z,104.28,104.29,104.27,104.29,24460
2026-06-25T14:44:00Z,104.29,104.30,104.29,104.30,17537
2026-06-25T14:45:00Z,104.30,104.30,104.29,104.30,25152
2026-06-25T14:46:00Z,104.30,104.33,104.30,104.32,31844
2026-06-25T14:47:00Z,104.32,104.33,104.31,104.31,32998
2026-06-25T14:48:00Z,104.31,104.32,104.29,104.29,27229
2026-06-25T14:49:00Z,104.29,104.30,104.28,104.28,20999
2026-06-25T14:50:00Z,104.28,104.30,104.28,104.29,14537
2026-06-25T14:51:00Z,104.29,104.30,104.28,104.29,27229
2026-06-25T14:52:00Z,104.29,104.30,104.29,104.30,26537
2026-06-25T14:53:00Z,104.30,104.30,104.27,104.28,20306
2026-06-25T14:54:00Z,104.28,104.28,104.27,104.28,18922
2026-06-25T14:55:00Z,104.28,104.31,104.28,104.30,32306
2026-06-25T14:56:00Z,104.30,104.32,104.30,104.31,29537
2026-06-25T14:57:00Z,104.31,104.32,104.31,104.32,24460
2026-06-25T14:58:00Z,104.32,104.32,104.30,104.30,29768
2026-06-25T14:59:00Z,104.30,104.31,104.29,104.30,29075
2026-06-25T15:00:00Z,104.30,104.31,104.30,104.30,12691
2026-06-25T15:01:00Z,104.30,104.30,104.28,104.29,18691
2026-06-25T15:02:00Z,104.29,104.29,104.24,104.25,28152
2026-06-25T15:03:00Z,104.25,104.26,104.24,104.26,16383
2026-06-25T15:04:00Z,104.26,104.31,104.25,104.30,18230
2026-06-25T15:05:00Z,104.30,104.32,104.29,104.32,24691
2026-06-25T15:06:00Z,104.32,104.33,104.31,104.33,22152
2026-06-25T15:07:00Z,104.33,104.36,104.32,104.35,14537
2026-06-25T15:08:00Z,104.35,104.36,104.35,104.35,27691
2026-06-25T15:09:00Z,104.35,104.37,104.34,104.37,11538
2026-06-25T15:10:00Z,104.37,104.38,104.36,104.37,22614
2026-06-25T15:11:00Z,104.37,104.40,104.36,104.39,33229
2026-06-25T15:12:00Z,104.39,104.39,104.37,104.38,31614
2026-06-25T15:13:00Z,104.38,104.38,104.37,104.38,34152
2026-06-25T15:14:00Z,104.38,104.38,104.37,104.38,25383
2026-06-25T15:15:00Z,104.38,104.39,104.36,104.37,19153
2026-06-25T15:16:00Z,104.37,104.38,104.37,104.37,12691
2026-06-25T15:17:00Z,104.37,104.37,104.36,104.37,32998
2026-06-25T15:18:00Z,104.37,104.39,104.36,104.39,21691
2026-06-25T15:19:00Z,104.39,104.40,104.36,104.37,26306
2026-06-25T15:20:00Z,104.37,104.37,104.37,104.37,30921
2026-06-25T15:21:00Z,104.37,104.37,104.34,104.35,29768
2026-06-25T15:22:00Z,104.35,104.36,104.35,104.35,15922
2026-06-25T15:23:00Z,104.35,104.36,104.35,104.36,11768
2026-06-25T15:24:00Z,104.36,104.36,104.35,104.35,34152
2026-06-25T15:25:00Z,104.35,104.36,104.34,104.35,21922
2026-06-25T15:26:00Z,104.35,104.36,104.35,104.36,20537
2026-06-25T15:27:00Z,104.36,104.37,104.35,104.37,26075
2026-06-25T15:28:00Z,104.37,104.37,104.37,104.37,29768
2026-06-25T15:29:00Z,104.37,104.39,104.37,104.39,22152
2026-06-25T15:30:00Z,104.39,104.41,104.38,104.40,20999
2026-06-25T15:31:00Z,104.40,104.43,104.39,104.42,23537
2026-06-25T15:32:00Z,104.42,104.42,104.40,104.40,18460
2026-06-25T15:33:00Z,104.40,104.44,104.40,104.43,26998
2026-06-25T15:34:00Z,104.43,104.44,104.39,104.39,19614
2026-06-25T15:35:00Z,104.39,104.40,104.38,104.39,24460
2026-06-25T15:36:00Z,104.39,104.40,104.38,104.40,14537
2026-06-25T15:37:00Z,104.40,104.40,104.39,104.40,12691
2026-06-25T15:38:00Z,104.40,104.40,104.40,104.40,34614
2026-06-25T15:39:00Z,104.40,104.43,104.39,104.42,18460
2026-06-25T15:40:00Z,104.42,104.43,104.42,104.43,14999
2026-06-25T15:41:00Z,104.43,104.45,104.42,104.44,31152
2026-06-25T15:42:00Z,104.44,104.48,104.44,104.47,24460
2026-06-25T15:43:00Z,104.47,104.48,104.47,104.48,18691
2026-06-25T15:44:00Z,104.48,104.49,104.47,104.49,23999
2026-06-25T15:45:00Z,104.49,104.50,104.48,104.50,29998
2026-06-25T15:46:00Z,104.50,104.50,104.49,104.50,17307
2026-06-25T15:47:00Z,104.50,104.50,104.49,104.50,29537
2026-06-25T15:48:00Z,104.50,104.50,104.48,104.49,12691
2026-06-25T15:49:00Z,104.49,104.50,104.49,104.49,19614
2026-06-25T15:50:00Z,104.49,104.50,104.49,104.49,23076
2026-06-25T15:51:00Z,104.49,104.49,104.48,104.49,26537
2026-06-25T15:52:00Z,104.49,104.50,104.48,104.48,13384
2026-06-25T15:53:00Z,104.48,104.50,104.47,104.50,17768
2026-06-25T15:54:00Z,104.50,104.53,104.50,104.52,32075
2026-06-25T15:55:00Z,104.52,104.56,104.52,104.55,12922
2026-06-25T15:56:00Z,104.55,104.55,104.50,104.51,25152
2026-06-25T15:57:00Z,104.51,104.53,104.50,104.52,32306
2026-06-25T15:58:00Z,104.52,104.55,104.51,104.54,23306
2026-06-25T15:59:00Z,104.54,104.55,104.52,104.52,18230
2026-06-25T16:00:00Z,104.52,104.52,104.52,104.52,33229
2026-06-25T16:01:00Z,104.52,104.53,104.50,104.50,20306
2026-06-25T16:02:00Z,104.50,104.52,104.49,104.51,33921
2026-06-25T16:03:00Z,104.51,104.51,104.50,104.51,29537
2026-06-25T16:04:00Z,104.51,104.52,104.50,104.52,20768
2026-06-25T16:05:00Z,104.52,104.53,104.51,104.53,28614
2026-06-25T16:06:00Z,104.53,104.55,104.53,104.55,33460
2026-06-25T16:07:00Z,104.55,104.56,104.54,104.56,29075
2026-06-25T16:08:00Z,104.56,104.57,104.53,104.53,15922
2026-06-25T16:09:00Z,104.53,104.53,104.50,104.51,30460
2026-06-25T16:10:00Z,104.51,104.52,104.51,104.52,27460
2026-06-25T16:11:00Z,104.52,104.55,104.51,104.54,29306
2026-06-25T16:12:00Z,104.54,104.54,104.50,104.51,11768
2026-06-25T16:13:00Z,104.51,104.52,104.51,104.51,15460
2026-06-25T16:14:00Z,104.51,104.52,104.48,104.48,14999
2026-06-25T16:15:00Z,104.48,104.50,104.48,104.50,24691
2026-06-25T16:16:00Z,104.50,104.50,104.49,104.50,22383
2026-06-25T16:17:00Z,104.50,104.53,104.49,104.52,17307
2026-06-25T16:18:00Z,104.52,104.53,104.49,104.50,15922
2026-06-25T16:19:00Z,104.50,104.51,104.47,104.48,27229
2026-06-25T16:20:00Z,104.48,104.50,104.48,104.50,25614
2026-06-25T16:21:00Z,104.50,104.51,104.46,104.47,20537
2026-06-25T16:22:00Z,104.47,104.47,104.47,104.47,14307
2026-06-25T16:23:00Z,104.47,104.48,104.46,104.48,22152
2026-06-25T16:24:00Z,104.48,104.48,104.48,104.48,29768
2026-06-25T16:25:00Z,104.48,104.49,104.47,104.49,15460
2026-06-25T16:26:00Z,104.49,104.49,104.46,104.47,20537
2026-06-25T16:27:00Z,104.47,104.48,104.46,104.48,23306
2026-06-25T16:28:00Z,104.48,104.48,104.48,104.48,26075
2026-06-25T16:29:00Z,104.48,104.50,104.47,104.50,13845
2026-06-25T16:30:00Z,104.50,104.50,104.46,104.47,30460
2026-06-25T16:31:00Z,104.47,104.49,104.47,104.49,22614
2026-06-25T16:32:00Z,104.49,104.52,104.48,104.51,20768
2026-06-25T16:33:00Z,104.51,104.52,104.51,104.51,31152
2026-06-25T16:34:00Z,104.51,104.54,104.51,104.53,13845
2026-06-25T16:35:00Z,104.53,104.53,104.48,104.49,13614
2026-06-25T16:36:00Z,104.49,104.51,104.49,104.50,22383
2026-06-25T16:37:00Z,104.50,104.50,104.46,104.47,31844
2026-06-25T16:38:00Z,104.47,104.47,104.46,104.46,15230
2026-06-25T16:39:00Z,104.46,104.49,104.45,104.48,22845
2026-06-25T16:40:00Z,104.48,104.51,104.48,104.50,29998
2026-06-25T16:41:00Z,104.50,104.50,104.50,104.50,32998
2026-06-25T16:42:00Z,104.50,104.50,104.48,104.48,28845
2026-06-25T16:43:00Z,104.48,104.49,104.46,104.46,16383
2026-06-25T16:44:00Z,104.46,104.47,104.46,104.47,24460
2026-06-25T16:45:00Z,104.47,104.48,104.46,104.47,16153
2026-06-25T16:46:00Z,104.47,104.49,104.46,104.49,23999
2026-06-25T16:47:00Z,104.49,104.50,104.48,104.50,33229
2026-06-25T16:48:00Z,104.50,104.51,104.50,104.50,19383
2026-06-25T16:49:00Z,104.50,104.51,104.48,104.49,11538
2026-06-25T16:50:00Z,104.49,104.49,104.46,104.47,30460
2026-06-25T16:51:00Z,104.47,104.52,104.46,104.51,29306
2026-06-25T16:52:00Z,104.51,104.52,104.48,104.49,34152
2026-06-25T16:53:00Z,104.49,104.52,104.48,104.51,19845
2026-06-25T16:54:00Z,104.51,104.51,104.50,104.51,16614
2026-06-25T16:55:00Z,104.51,104.53,104.51,104.53,25152
2026-06-25T16:56:00Z,104.53,104.54,104.50,104.51,19614
2026-06-25T16:57:00Z,104.51,104.53,104.51,104.53,23999
2026-06-25T16:58:00Z,104.53,104.53,104.48,104.49,28614
2026-06-25T16:59:00Z,104.49,104.51,104.49,104.51,21922
2026-06-25T17:00:00Z,104.51,104.51,104.50,104.51,19383
2026-06-25T17:01:00Z,104.51,104.51,104.47,104.48,22614
2026-06-25T17:02:00Z,104.48,104.48,104.47,104.47,32998
2026-06-25T17:03:00Z,104.47,104.47,104.46,104.47,23076
2026-06-25T17:04:00Z,104.47,104.50,104.46,104.49,28152
2026-06-25T17:05:00Z,104.49,104.51,104.48,104.50,19153
2026-06-25T17:06:00Z,104.50,104.50,104.48,104.49,18230
2026-06-25T17:07:00Z,104.49,104.49,104.48,104.49,32998
2026-06-25T17:08:00Z,104.49,104.49,104.47,104.48,16153
2026-06-25T17:09:00Z,104.48,104.49,104.45,104.45,29998
2026-06-25T17:10:00Z,104.45,104.45,104.44,104.44,27460
2026-06-25T17:11:00Z,104.44,104.44,104.44,104.44,26075
2026-06-25T17:12:00Z,104.44,104.47,104.44,104.47,22383
2026-06-25T17:13:00Z,104.47,104.48,104.45,104.45,11538
2026-06-25T17:14:00Z,104.45,104.47,104.45,104.47,34152
2026-06-25T17:15:00Z,104.47,104.48,104.47,104.47,26768
2026-06-25T17:16:00Z,104.47,104.48,104.45,104.45,15230
2026-06-25T17:17:00Z,104.45,104.47,104.45,104.47,21691
2026-06-25T17:18:00Z,104.47,104.49,104.47,104.48,33229
2026-06-25T17:19:00Z,104.48,104.50,104.48,104.50,26768
2026-06-25T17:20:00Z,104.50,104.51,104.49,104.50,22152
2026-06-25T17:21:00Z,104.50,104.50,104.48,104.48,16383
2026-06-25T17:22:00Z,104.48,104.50,104.48,104.50,19153
2026-06-25T17:23:00Z,104.50,104.52,104.50,104.52,29075
2026-06-25T17:24:00Z,104.52,104.52,104.49,104.49,20768
2026-06-25T17:25:00Z,104.49,104.50,104.47,104.48,12461
2026-06-25T17:26:00Z,104.48,104.49,104.48,104.48,17768
2026-06-25T17:27:00Z,104.48,104.49,104.46,104.47,27229
2026-06-25T17:28:00Z,104.47,104.48,104.43,104.44,12922
2026-06-25T17:29:00Z,104.44,104.45,104.42,104.43,21460
2026-06-25T17:30:00Z,104.43,104.43,104.41,104.41,14076
2026-06-25T17:31:00Z,104.41,104.42,104.40,104.42,28614
2026-06-25T17:32:00Z,104.42,104.43,104.42,104.42,12230
2026-06-25T17:33:00Z,104.42,104.45,104.42,104.44,23537
2026-06-25T17:34:00Z,104.44,104.48,104.44,104.48,21691
2026-06-25T17:35:00Z,104.48,104.48,104.46,104.46,22152
2026-06-25T17:36:00Z,104.46,104.46,104.43,104.44,17076
2026-06-25T17:37:00Z,104.44,104.44,104.43,104.43,28845
2026-06-25T17:38:00Z,104.43,104.44,104.43,104.44,29768
2026-06-25T17:39:00Z,104.44,104.47,104.43,104.46,22845
2026-06-25T17:40:00Z,104.46,104.48,104.46,104.48,27921
2026-06-25T17:41:00Z,104.48,104.48,104.45,104.46,26075
2026-06-25T17:42:00Z,104.46,104.47,104.46,104.47,15460
2026-06-25T17:43:00Z,104.47,104.47,104.45,104.46,12922
2026-06-25T17:44:00Z,104.46,104.48,104.45,104.47,25614
2026-06-25T17:45:00Z,104.47,104.51,104.46,104.50,24922
2026-06-25T17:46:00Z,104.50,104.51,104.49,104.49,32306
2026-06-25T17:47:00Z,104.49,104.52,104.48,104.51,23306
2026-06-25T17:48:00Z,104.51,104.55,104.50,104.54,30691
2026-06-25T17:49:00Z,104.54,104.54,104.53,104.53,12691
2026-06-25T17:50:00Z,104.53,104.54,104.50,104.51,23537
2026-06-25T17:51:00Z,104.51,104.52,104.50,104.52,34614
2026-06-25T17:52:00Z,104.52,104.52,104.51,104.52,33921
2026-06-25T17:53:00Z,104.52,104.52,104.50,104.51,23076
2026-06-25T17:54:00Z,104.51,104.52,104.49,104.50,31383
2026-06-25T17:55:00Z,104.50,104.51,104.50,104.51,30460
2026-06-25T17:56:00Z,104.51,104.55,104.50,104.54,11538
2026-06-25T17:57:00Z,104.54,104.54,104.51,104.51,30691
2026-06-25T17:58:00Z,104.51,104.52,104.48,104.49,15460
2026-06-25T17:59:00Z,104.49,104.51,104.48,104.51,22845
2026-06-25T18:00:00Z,104.51,104.52,104.49,104.49,21691
2026-06-25T18:01:00Z,104.49,104.50,104.48,104.49,26075
2026-06-25T18:02:00Z,104.49,104.49,104.45,104.46,34383
2026-06-25T18:03:00Z,104.46,104.48,104.45,104.48,34614
2026-06-25T18:04:00Z,104.48,104.50,104.47,104.49,21922
2026-06-25T18:05:00Z,104.49,104.49,104.48,104.48,12461
2026-06-25T18:06:00Z,104.48,104.51,104.48,104.51,28845
2026-06-25T18:07:00Z,104.51,104.52,104.49,104.49,15691
2026-06-25T18:08:00Z,104.49,104.51,104.49,104.50,20306
2026-06-25T18:09:00Z,104.50,104.51,104.48,104.49,14999
2026-06-25T18:10:00Z,104.49,104.50,104.46,104.46,20768
2026-06-25T18:11:00Z,104.46,104.49,104.45,104.48,24691
2026-06-25T18:12:00Z,104.48,104.49,104.45,104.46,26075
2026-06-25T18:13:00Z,104.46,104.49,104.45,104.48,13614
2026-06-25T18:14:00Z,104.48,104.48,104.47,104.47,18230
2026-06-25T18:15:00Z,104.47,104.48,104.47,104.47,23306
2026-06-25T18:16:00Z,104.47,104.50,104.46,104.50,34152
2026-06-25T18:17:00Z,104.50,104.50,104.47,104.47,24460
2026-06-25T18:18:00Z,104.47,104.49,104.47,104.48,23076
2026-06-25T18:19:00Z,104.48,104.50,104.48,104.50,34383
2026-06-25T18:20:00Z,104.50,104.51,104.48,104.49,31152
2026-06-25T18:21:00Z,104.49,104.49,104.48,104.49,17076
2026-06-25T18:22:00Z,104.49,104.52,104.48,104.51,14537
2026-06-25T18:23:00Z,104.51,104.52,104.49,104.49,34614
2026-06-25T18:24:00Z,104.49,104.49,104.46,104.47,12922
2026-06-25T18:25:00Z,104.47,104.50,104.47,104.50,26075
2026-06-25T18:26:00Z,104.50,104.51,104.48,104.49,32767
2026-06-25T18:27:00Z,104.49,104.49,104.48,104.49,33229
2026-06-25T18:28:00Z,104.49,104.53,104.49,104.52,23999
2026-06-25T18:29:00Z,104.52,104.53,104.51,104.51,32306
2026-06-25T18:30:00Z,104.51,104.52,104.47,104.48,29768
2026-06-25T18:31:00Z,104.48,104.48,104.45,104.46,11999
2026-06-25T18:32:00Z,104.46,104.46,104.45,104.45,28845
2026-06-25T18:33:00Z,104.45,104.46,104.43,104.44,22614
2026-06-25T18:34:00Z,104.44,104.48,104.44,104.48,22845
2026-06-25T18:35:00Z,104.48,104.50,104.48,104.50,18691
2026-06-25T18:36:00Z,104.50,104.51,104.50,104.51,21229
2026-06-25T18:37:00Z,104.51,104.51,104.49,104.49,27691
2026-06-25T18:38:00Z,104.49,104.50,104.49,104.50,14076
2026-06-25T18:39:00Z,104.50,104.51,104.48,104.49,17307
2026-06-25T18:40:00Z,104.49,104.49,104.48,104.48,22383
2026-06-25T18:41:00Z,104.48,104.48,104.46,104.47,20306
2026-06-25T18:42:00Z,104.47,104.48,104.46,104.46,18691
2026-06-25T18:43:00Z,104.46,104.47,104.44,104.45,26075
2026-06-25T18:44:00Z,104.45,104.45,104.42,104.43,13384
2026-06-25T18:45:00Z,104.43,104.44,104.43,104.43,24922
2026-06-25T18:46:00Z,104.43,104.44,104.42,104.44,15460
2026-06-25T18:47:00Z,104.44,104.47,104.43,104.46,31844
2026-06-25T18:48:00Z,104.46,104.48,104.46,104.47,20076
2026-06-25T18:49:00Z,104.47,104.47,104.46,104.46,23537
2026-06-25T18:50:00Z,104.46,104.47,104.45,104.47,18922
2026-06-25T18:51:00Z,104.47,104.49,104.46,104.49,25383
2026-06-25T18:52:00Z,104.49,104.49,104.46,104.47,31152
2026-06-25T18:53:00Z,104.47,104.50,104.47,104.49,11999
2026-06-25T18:54:00Z,104.49,104.50,104.48,104.50,27229
2026-06-25T18:55:00Z,104.50,104.51,104.49,104.51,17768
2026-06-25T18:56:00Z,104.51,104.51,104.49,104.50,26998
2026-06-25T18:57:00Z,104.50,104.53,104.49,104.53,25383
2026-06-25T18:58:00Z,104.53,104.55,104.53,104.54,29306
2026-06-25T18:59:00Z,104.54,104.55,104.52,104.53,11768
2026-06-25T19:00:00Z,104.53,104.54,104.49,104.50,12230
2026-06-25T19:01:00Z,104.50,104.51,104.47,104.48,21922
2026-06-25T19:02:00Z,104.48,104.50,104.48,104.49,14537
2026-06-25T19:03:00Z,104.49,104.50,104.47,104.48,22614
2026-06-25T19:04:00Z,104.48,104.51,104.48,104.50,19383
2026-06-25T19:05:00Z,104.50,104.51,104.49,104.49,14999
2026-06-25T19:06:00Z,104.49,104.52,104.49,104.52,20768
2026-06-25T19:07:00Z,104.52,104.52,104.50,104.50,12922
2026-06-25T19:08:00Z,104.50,104.53,104.50,104.53,19614
2026-06-25T19:09:00Z,104.53,104.54,104.53,104.54,26768
2026-06-25T19:10:00Z,104.54,104.55,104.51,104.52,33229
2026-06-25T19:11:00Z,104.52,104.54,104.51,104.53,24922
2026-06-25T19:12:00Z,104.53,104.54,104.51,104.51,17999
2026-06-25T19:13:00Z,104.51,104.52,104.49,104.50,11999
2026-06-25T19:14:00Z,104.50,104.50,104.49,104.49,33229
2026-06-25T19:15:00Z,104.49,104.49,104.45,104.46,24691
2026-06-25T19:16:00Z,104.46,104.47,104.44,104.45,26075
2026-06-25T19:17:00Z,104.45,104.45,104.43,104.44,29075
2026-06-25T19:18:00Z,104.44,104.45,104.41,104.42,13153
2026-06-25T19:19:00Z,104.42,104.42,104.40,104.41,32075
2026-06-25T19:20:00Z,104.41,104.45,104.41,104.45,27691
2026-06-25T19:21:00Z,104.45,104.45,104.43,104.44,27921
2026-06-25T19:22:00Z,104.44,104.44,104.44,104.44,33229
2026-06-25T19:23:00Z,104.44,104.45,104.43,104.43,14307
2026-06-25T19:24:00Z,104.43,104.44,104.42,104.44,25614
2026-06-25T19:25:00Z,104.44,104.44,104.42,104.43,30229
2026-06-25T19:26:00Z,104.43,104.44,104.43,104.44,24691
2026-06-25T19:27:00Z,104.44,104.45,104.43,104.43,34152
2026-06-25T19:28:00Z,104.43,104.46,104.42,104.46,12922
2026-06-25T19:29:00Z,104.46,104.47,104.45,104.47,20076
2026-06-25T19:30:00Z,104.47,104.47,104.45,104.45,17537
2026-06-25T19:31:00Z,104.45,104.47,104.45,104.47,22614
2026-06-25T19:32:00Z,104.47,104.49,104.46,104.48,20999
2026-06-25T19:33:00Z,104.48,104.51,104.48,104.50,17307
2026-06-25T19:34:00Z,104.50,104.50,104.47,104.47,21922
2026-06-25T19:35:00Z,104.47,104.47,104.45,104.45,19614
2026-06-25T19:36:00Z,104.45,104.46,104.42,104.42,15230
2026-06-25T19:37:00Z,104.42,104.43,104.41,104.41,29768
2026-06-25T19:38:00Z,104.41,104.45,104.40,104.44,30921
2026-06-25T19:39:00Z,104.44,104.44,104.40,104.41,26768
2026-06-25T19:40:00Z,104.41,104.42,104.40,104.42,22383
2026-06-25T19:41:00Z,104.42,104.42,104.39,104.40,34383
2026-06-25T19:42:00Z,104.40,104.41,104.39,104.41,12691
2026-06-25T19:43:00Z,104.41,104.41,104.36,104.37,23999
2026-06-25T19:44:00Z,104.37,104.40,104.36,104.40,32767
2026-06-25T19:45:00Z,104.40,104.43,104.39,104.42,23999
2026-06-25T19:46:00Z,104.42,104.42,104.41,104.42,33229
2026-06-25T19:47:00Z,104.42,104.46,104.41,104.45,28845
2026-06-25T19:48:00Z,104.45,104.47,104.45,104.46,23076
2026-06-25T19:49:00Z,104.46,104.47,104.46,104.47,26998
2026-06-25T19:50:00Z,104.47,104.48,104.45,104.45,33921
2026-06-25T19:51:00Z,104.45,104.48,104.45,104.47,18230
2026-06-25T19:52:00Z,104.47,104.49,104.46,104.49,12230
2026-06-25T19:53:00Z,104.49,104.53,104.48,104.52,13153
2026-06-25T19:54:00Z,104.52,104.53,104.52,104.53,22383
2026-06-25T19:55:00Z,104.53,104.54,104.52,104.53,16614
2026-06-25T19:56:00Z,104.53,104.53,104.49,104.50,16153
2026-06-25T19:57:00Z,104.50,104.50,104.47,104.48,25845
2026-06-25T19:58:00Z,104.48,104.48,104.47,104.47,31844
2026-06-25T19:59:00Z,104.47,104.49,104.47,104.48,20999
2026-06-26T13:30:00Z,104.48,104.49,104.47,104.48,28845
2026-06-26T13:31:00Z,104.48,104.49,104.46,104.46,27921
2026-06-26T13:32:00Z,104.46,104.46,104.42,104.43,13384
2026-06-26T13:33:00Z,104.43,104.45,104.43,104.44,24691
2026-06-26T13:34:00Z,104.44,104.46,104.43,104.45,14076
2026-06-26T13:35:00Z,104.45,104.48,104.45,104.47,12461
2026-06-26T13:36:00Z,104.47,104.49,104.47,104.48,15691
2026-06-26T13:37:00Z,104.48,104.51,104.47,104.50,31614
2026-06-26T13:38:00Z,104.50,104.51,104.50,104.51,14537
2026-06-26T13:39:00Z,104.51,104.52,104.50,104.51,25152
2026-06-26T13:40:00Z,104.51,104.52,104.50,104.50,27691
2026-06-26T13:41:00Z,104.50,104.51,104.49,104.50,32075
2026-06-26T13:42:00Z,104.50,104.52,104.50,104.52,27229
2026-06-26T13:43:00Z,104.52,104.53,104.50,104.50,20306
2026-06-26T13:44:00Z,104.50,104.52,104.49,104.51,33690
2026-06-26T13:45:00Z,104.51,104.52,104.49,104.50,33229
2026-06-26T13:46:00Z,104.50,104.52,104.49,104.52,15230
2026-06-26T13:47:00Z,104.52,104.55,104.51,104.54,12461
2026-06-26T13:48:00Z,104.54,104.54,104.52,104.52,15691
2026-06-26T13:49:00Z,104.52,104.52,104.50,104.51,29306
2026-06-26T13:50:00Z,104.51,104.52,104.50,104.52,21922
2026-06-26T13:51:00Z,104.52,104.53,104.51,104.51,31614
2026-06-26T13:52:00Z,104.51,104.52,104.49,104.50,21691
2026-06-26T13:53:00Z,104.50,104.51,104.47,104.47,18460
2026-06-26T13:54:00Z,104.47,104.50,104.46,104.49,31614
2026-06-26T13:55:00Z,104.49,104.49,104.48,104.49,17307
2026-06-26T13:56:00Z,104.49,104.50,104.47,104.48,31152
2026-06-26T13:57:00Z,104.48,104.50,104.48,104.49,32306
2026-06-26T13:58:00Z,104.49,104.52,104.49,104.51,33460
2026-06-26T13:59:00Z,104.51,104.52,104.48,104.48,25383
2026-06-26T14:00:00Z,104.48,104.49,104.47,104.48,31844
2026-06-26T14:01:00Z,104.48,104.48,104.45,104.46,31152
2026-06-26T14:02:00Z,104.46,104.47,104.43,104.43,19153
2026-06-26T14:03:00Z,104.43,104.43,104.42,104.42,22152
2026-06-26T14:04:00Z,104.42,104.44,104.41,104.43,25845
2026-06-26T14:05:00Z,104.43,104.45,104.43,104.45,18230
2026-06-26T14:06:00Z,104.45,104.45,104.42,104.43,29306
2026-06-26T14:07:00Z,104.43,104.43,104.41,104.41,13614
2026-06-26T14:08:00Z,104.41,104.44,104.40,104.43,27691
2026-06-26T14:09:00Z,104.43,104.43,104.39,104.40,29537
2026-06-26T14:10:00Z,104.40,104.41,104.39,104.39,31614
2026-06-26T14:11:00Z,104.39,104.40,104.34,104.35,15922
2026-06-26T14:12:00Z,104.35,104.36,104.34,104.36,29998
2026-06-26T14:13:00Z,104.36,104.39,104.36,104.38,20076
2026-06-26T14:14:00Z,104.38,104.41,104.37,104.40,15922
2026-06-26T14:15:00Z,104.40,104.40,104.39,104.39,12922
2026-06-26T14:16:00Z,104.39,104.42,104.38,104.41,22614
2026-06-26T14:17:00Z,104.41,104.42,104.40,104.40,29768
2026-06-26T14:18:00Z,104.40,104.42,104.39,104.42,31614
2026-06-26T14:19:00Z,104.42,104.45,104.42,104.45,20999
2026-06-26T14:20:00Z,104.45,104.46,104.45,104.45,27921
2026-06-26T14:21:00Z,104.45,104.47,104.45,104.46,29075
2026-06-26T14:22:00Z,104.46,104.47,104.43,104.44,31152
2026-06-26T14:23:00Z,104.44,104.46,104.44,104.46,18922
2026-06-26T14:24:00Z,104.46,104.48,104.45,104.47,29306
2026-06-26T14:25:00Z,104.47,104.49,104.47,104.48,23999
2026-06-26T14:26:00Z,104.48,104.49,104.46,104.47,20999
2026-06-26T14:27:00Z,104.47,104.47,104.47,104.47,27921
2026-06-26T14:28:00Z,104.47,104.48,104.47,104.48,31614
2026-06-26T14:29:00Z,104.48,104.48,104.47,104.47,18922
2026-06-26T14:30:00Z,104.47,104.48,104.44,104.45,16614
2026-06-26T14:31:00Z,104.45,104.46,104.44,104.45,25614
2026-06-26T14:32:00Z,104.45,104.46,104.44,104.45,29306
2026-06-26T14:33:00Z,104.45,104.46,104.43,104.43,30460
2026-06-26T14:34:00Z,104.43,104.43,104.40,104.41,20076
2026-06-26T14:35:00Z,104.41,104.42,104.41,104.42,20537
2026-06-26T14:36:00Z,104.42,104.43,104.41,104.43,13845
2026-06-26T14:37:00Z,104.43,104.43,104.40,104.40,21922
2026-06-26T14:38:00Z,104.40,104.41,104.39,104.40,31383
2026-06-26T14:39:00Z,104.40,104.40,104.40,104.40,27229
2026-06-26T14:40:00Z,104.40,104.42,104.40,104.42,23768
2026-06-26T14:41:00Z,104.42,104.42,104.40,104.40,19153
2026-06-26T14:42:00Z,104.40,104.41,104.37,104.38,22845
2026-06-26T14:43:00Z,104.38,104.39,104.38,104.39,12922
2026-06-26T14:44:00Z,104.39,104.40,104.39,104.40,14076
2026-06-26T14:45:00Z,104.40,104.41,104.40,104.41,33460
2026-06-26T14:46:00Z,104.41,104.42,104.41,104.41,13614
2026-06-26T14:47:00Z,104.41,104.43,104.40,104.43,26537
2026-06-26T14:48:00Z,104.43,104.44,104.40,104.41,32306
2026-06-26T14:49:00Z,104.41,104.42,104.38,104.39,22152
2026-06-26T14:50:00Z,104.39,104.42,104.38,104.42,26998
2026-06-26T14:51:00Z,104.42,104.42,104.41,104.42,21922
2026-06-26T14:52:00Z,104.42,104.42,104.41,104.42,11768
2026-06-26T14:53:00Z,104.42,104.42,104.39,104.40,19383
2026-06-26T14:54:00Z,104.40,104.40,104.37,104.38,16383
2026-06-26T14:55:00Z,104.38,104.38,104.38,104.38,31614
2026-06-26T14:56:00Z,104.38,104.40,104.38,104.40,20076
2026-06-26T14:57:00Z,104.40,104.41,104.37,104.38,23537
2026-06-26T14:58:00Z,104.38,104.38,104.35,104.36,11999
2026-06-26T14:59:00Z,104.36,104.38,104.36,104.38,20076
2026-06-26T15:00:00Z,104.38,104.40,104.37,104.39,24229
2026-06-26T15:01:00Z,104.39,104.40,104.38,104.40,27691
2026-06-26T15:02:00Z,104.40,104.41,104.38,104.38,20999
2026-06-26T15:03:00Z,104.38,104.39,104.37,104.39,24229
2026-06-26T15:04:00Z,104.39,104.40,104.38,104.40,18922
2026-06-26T15:05:00Z,104.40,104.41,104.40,104.40,28845
2026-06-26T15:06:00Z,104.40,104.43,104.39,104.42,17999
2026-06-26T15:07:00Z,104.42,104.42,104.42,104.42,23999
2026-06-26T15:08:00Z,104.42,104.44,104.41,104.44,16845
2026-06-26T15:09:00Z,104.44,104.45,104.44,104.45,28383
2026-06-26T15:10:00Z,104.45,104.47,104.44,104.47,18922
2026-06-26T15:11:00Z,104.47,104.48,104.43,104.44,19383
2026-06-26T15:12:00Z,104.44,104.45,104.44,104.44,20076
2026-06-26T15:13:00Z,104.44,104.46,104.43,104.45,17999
2026-06-26T15:14:00Z,104.45,104.45,104.42,104.43,34614
2026-06-26T15:15:00Z,104.43,104.44,104.40,104.40,22383
2026-06-26T15:16:00Z,104.40,104.44,104.40,104.43,25383
2026-06-26T15:17:00Z,104.43,104.44,104.41,104.41,21229
2026-06-26T15:18:00Z,104.41,104.43,104.40,104.43,26998
2026-06-26T15:19:00Z,104.43,104.43,104.40,104.41,26998
2026-06-26T15:20:00Z,104.41,104.42,104.38,104.39,28845
2026-06-26T15:21:00Z,104.39,104.39,104.38,104.39,24691
2026-06-26T15:22:00Z,104.39,104.40,104.34,104.35,14307
2026-06-26T15:23:00Z,104.35,104.36,104.35,104.36,30229
2026-06-26T15:24:00Z,104.36,104.38,104.35,104.38,29075
2026-06-26T15:25:00Z,104.38,104.38,104.38,104.38,33460
2026-06-26T15:26:00Z,104.38,104.39,104.38,104.39,29075
2026-06-26T15:27:00Z,104.39,104.40,104.39,104.39,23999
2026-06-26T15:28:00Z,104.39,104.40,104.38,104.40,18230
2026-06-26T15:29:00Z,104.40,104.43,104.39,104.42,25614
2026-06-26T15:30:00Z,104.42,104.43,104.42,104.42,30229
2026-06-26T15:31:00Z,104.42,104.43,104.41,104.43,32075
2026-06-26T15:32:00Z,104.43,104.46,104.43,104.45,23076
2026-06-26T15:33:00Z,104.45,104.45,104.44,104.45,17307
2026-06-26T15:34:00Z,104.45,104.45,104.42,104.43,32767
2026-06-26T15:35:00Z,104.43,104.43,104.42,104.42,29075
2026-06-26T15:36:00Z,104.42,104.44,104.41,104.44,26306
2026-06-26T15:37:00Z,104.44,104.46,104.43,104.45,14768
2026-06-26T15:38:00Z,104.45,104.45,104.42,104.43,22383
2026-06-26T15:39:00Z,104.43,104.45,104.43,104.44,13384
2026-06-26T15:40:00Z,104.44,104.47,104.44,104.46,15922
2026-06-26T15:41:00Z,104.46,104.49,104.46,104.48,34614
2026-06-26T15:42:00Z,104.48,104.49,104.46,104.47,17307
2026-06-26T15:43:00Z,104.47,104.47,104.45,104.45,31152
2026-06-26T15:44:00Z,104.45,104.47,104.45,104.47,24460
2026-06-26T15:45:00Z,104.47,104.48,104.44,104.44,27460
2026-06-26T15:46:00Z,104.44,104.46,104.44,104.45,24691
2026-06-26T15:47:00Z,104.45,104.46,104.44,104.46,31614
2026-06-26T15:48:00Z,104.46,104.47,104.44,104.44,16614
2026-06-26T15:49:00Z,104.44,104.46,104.44,104.46,19383
2026-06-26T15:50:00Z,104.46,104.46,104.43,104.44,29537
2026-06-26T15:51:00Z,104.44,104.46,104.43,104.46,20306
2026-06-26T15:52:00Z,104.46,104.48,104.46,104.47,30229
2026-06-26T15:53:00Z,104.47,104.47,104.43,104.44,31152
2026-06-26T15:54:00Z,104.44,104.45,104.44,104.45,34152
2026-06-26T15:55:00Z,104.45,104.45,104.43,104.44,34614
2026-06-26T15:56:00Z,104.44,104.44,104.41,104.42,30691
2026-06-26T15:57:00Z,104.42,104.42,104.41,104.41,21460
2026-06-26T15:58:00Z,104.41,104.42,104.40,104.42,20537
2026-06-26T15:59:00Z,104.42,104.44,104.41,104.43,31844
2026-06-26T16:00:00Z,104.43,104.44,104.42,104.44,25614
2026-06-26T16:01:00Z,104.44,104.45,104.44,104.45,21229
2026-06-26T16:02:00Z,104.45,104.47,104.45,104.47,20537
2026-06-26T16:03:00Z,104.47,104.49,104.46,104.48,27229
2026-06-26T16:04:00Z,104.48,104.52,104.48,104.51,16153
2026-06-26T16:05:00Z,104.51,104.52,104.50,104.50,20076
2026-06-26T16:06:00Z,104.50,104.50,104.48,104.49,32075
2026-06-26T16:07:00Z,104.49,104.50,104.49,104.50,23076
2026-06-26T16:08:00Z,104.50,104.51,104.47,104.48,28152
2026-06-26T16:09:00Z,104.48,104.50,104.48,104.49,16845
2026-06-26T16:10:00Z,104.49,104.50,104.48,104.48,33229
2026-06-26T16:11:00Z,104.48,104.48,104.48,104.48,23999
2026-06-26T16:12:00Z,104.48,104.52,104.47,104.51,23076
2026-06-26T16:13:00Z,104.51,104.51,104.50,104.50,27691
2026-06-26T16:14:00Z,104.50,104.52,104.50,104.52,20768
2026-06-26T16:15:00Z,104.52,104.53,104.51,104.52,34383
2026-06-26T16:16:00Z,104.52,104.52,104.49,104.50,17537
2026-06-26T16:17:00Z,104.50,104.51,104.50,104.51,18922
2026-06-26T16:18:00Z,104.51,104.54,104.51,104.53,19614
2026-06-26T16:19:00Z,104.53,104.54,104.52,104.52,21229
2026-06-26T16:20:00Z,104.52,104.56,104.51,104.55,20999
2026-06-26T16:21:00Z,104.55,104.56,104.54,104.56,11999
2026-06-26T16:22:00Z,104.56,104.57,104.52,104.53,16614
2026-06-26T16:23:00Z,104.53,104.53,104.51,104.52,12230
2026-06-26T16:24:00Z,104.52,104.53,104.51,104.51,18460
2026-06-26T16:25:00Z,104.51,104.53,104.50,104.52,15691
2026-06-26T16:26:00Z,104.52,104.53,104.50,104.50,29998
2026-06-26T16:27:00Z,104.50,104.53,104.50,104.52,18230
2026-06-26T16:28:00Z,104.52,104.53,104.50,104.51,22383
2026-06-26T16:29:00Z,104.51,104.51,104.47,104.48,13153
2026-06-26T16:30:00Z,104.48,104.48,104.45,104.46,19153
2026-06-26T16:31:00Z,104.46,104.47,104.44,104.45,27460
2026-06-26T16:32:00Z,104.45,104.48,104.44,104.47,29537
2026-06-26T16:33:00Z,104.47,104.48,104.45,104.45,19153
2026-06-26T16:34:00Z,104.45,104.46,104.44,104.44,14999
2026-06-26T16:35:00Z,104.44,104.47,104.43,104.46,30229
2026-06-26T16:36:00Z,104.46,104.48,104.45,104.47,23537
2026-06-26T16:37:00Z,104.47,104.50,104.47,104.49,29075
2026-06-26T16:38:00Z,104.49,104.49,104.47,104.47,29998
2026-06-26T16:39:00Z,104.47,104.47,104.45,104.45,23768
2026-06-26T16:40:00Z,104.45,104.48,104.44,104.48,33921
2026-06-26T16:41:00Z,104.48,104.50,104.48,104.49,21460
2026-06-26T16:42:00Z,104.49,104.50,104.47,104.47,22383
2026-06-26T16:43:00Z,104.47,104.47,104.45,104.46,25845
2026-06-26T16:44:00Z,104.46,104.47,104.45,104.45,11999
2026-06-26T16:45:00Z,104.45,104.45,104.45,104.45,30229
2026-06-26T16:46:00Z,104.45,104.45,104.42,104.43,16614
2026-06-26T16:47:00Z,104.43,104.46,104.43,104.45,14307
2026-06-26T16:48:00Z,104.45,104.45,104.42,104.43,34383
2026-06-26T16:49:00Z,104.43,104.45,104.42,104.44,17537
2026-06-26T16:50:00Z,104.44,104.45,104.41,104.42,27229
2026-06-26T16:51:00Z,104.42,104.43,104.40,104.40,17076
2026-06-26T16:52:00Z,104.40,104.43,104.40,104.43,20076
2026-06-26T16:53:00Z,104.43,104.45,104.43,104.44,23537
2026-06-26T16:54:00Z,104.44,104.44,104.43,104.44,25845
2026-06-26T16:55:00Z,104.44,104.44,104.42,104.43,22383
2026-06-26T16:56:00Z,104.43,104.45,104.43,104.45,26306
2026-06-26T16:57:00Z,104.45,104.46,104.41,104.42,16383
2026-06-26T16:58:00Z,104.42,104.46,104.41,104.45,13845
2026-06-26T16:59:00Z,104.45,104.46,104.45,104.46,26768
2026-06-26T17:00:00Z,104.46,104.46,104.44,104.44,24460
2026-06-26T17:01:00Z,104.44,104.45,104.43,104.45,22845
2026-06-26T17:02:00Z,104.45,104.48,104.44,104.48,15460
2026-06-26T17:03:00Z,104.48,104.50,104.48,104.49,27229
2026-06-26T17:04:00Z,104.49,104.52,104.48,104.51,17999
2026-06-26T17:05:00Z,104.51,104.55,104.50,104.55,34152
2026-06-26T17:06:00Z,104.55,104.58,104.54,104.57,15460
2026-06-26T17:07:00Z,104.57,104.60,104.56,104.60,29306
2026-06-26T17:08:00Z,104.60,104.61,104.59,104.61,21460
2026-06-26T17:09:00Z,104.61,104.62,104.61,104.61,25614
2026-06-26T17:10:00Z,104.61,104.61,104.59,104.60,29537
2026-06-26T17:11:00Z,104.60,104.62,104.59,104.61,32537
2026-06-26T17:12:00Z,104.61,104.62,104.58,104.59,25845
2026-06-26T17:13:00Z,104.59,104.59,104.57,104.57,26768
2026-06-26T17:14:00Z,104.57,104.60,104.57,104.59,22152
2026-06-26T17:15:00Z,104.59,104.60,104.57,104.57,22152
2026-06-26T17:16:00Z,104.57,104.58,104.54,104.55,19614
2026-06-26T17:17:00Z,104.55,104.56,104.53,104.54,21229
2026-06-26T17:18:00Z,104.54,104.56,104.53,104.55,22614
2026-06-26T17:19:00Z,104.55,104.55,104.53,104.53,27691
2026-06-26T17:20:00Z,104.53,104.53,104.52,104.52,23076
2026-06-26T17:21:00Z,104.52,104.52,104.51,104.52,33921
2026-06-26T17:22:00Z,104.52,104.54,104.51,104.53,26537
2026-06-26T17:23:00Z,104.53,104.54,104.53,104.54,18922
2026-06-26T17:24:00Z,104.54,104.54,104.51,104.52,22152
2026-06-26T17:25:00Z,104.52,104.53,104.51,104.53,16614
2026-06-26T17:26:00Z,104.53,104.54,104.52,104.52,13384
2026-06-26T17:27:00Z,104.52,104.53,104.48,104.49,14537
2026-06-26T17:28:00Z,104.49,104.50,104.47,104.48,31152
2026-06-26T17:29:00Z,104.48,104.50,104.47,104.49,12461
2026-06-26T17:30:00Z,104.49,104.50,104.47,104.47,32537
2026-06-26T17:31:00Z,104.47,104.50,104.46,104.49,16845
2026-06-26T17:32:00Z,104.49,104.50,104.48,104.49,13614
2026-06-26T17:33:00Z,104.49,104.50,104.48,104.50,22614
2026-06-26T17:34:00Z,104.50,104.51,104.50,104.51,26537
2026-06-26T17:35:00Z,104.51,104.51,104.50,104.50,18230
2026-06-26T17:36:00Z,104.50,104.52,104.50,104.51,30691
2026-06-26T17:37:00Z,104.51,104.51,104.50,104.51,26537
2026-06-26T17:38:00Z,104.51,104.52,104.47,104.48,31152
2026-06-26T17:39:00Z,104.48,104.48,104.48,104.48,27229
2026-06-26T17:40:00Z,104.48,104.50,104.47,104.49,29998
2026-06-26T17:41:00Z,104.49,104.51,104.48,104.51,21229
2026-06-26T17:42:00Z,104.51,104.51,104.51,104.51,34614
2026-06-26T17:43:00Z,104.51,104.54,104.50,104.54,34383
2026-06-26T17:44:00Z,104.54,104.55,104.53,104.54,25383
2026-06-26T17:45:00Z,104.54,104.56,104.53,104.55,26998
2026-06-26T17:46:00Z,104.55,104.57,104.55,104.56,26768
2026-06-26T17:47:00Z,104.56,104.57,104.55,104.55,14307
2026-06-26T17:48:00Z,104.55,104.57,104.54,104.57,29075
2026-06-26T17:49:00Z,104.57,104.60,104.56,104.59,15230
2026-06-26T17:50:00Z,104.59,104.60,104.57,104.58,25152
2026-06-26T17:51:00Z,104.58,104.61,104.57,104.60,17076
2026-06-26T17:52:00Z,104.60,104.65,104.60,104.64,15230
2026-06-26T17:53:00Z,104.64,104.65,104.64,104.65,17768
2026-06-26T17:54:00Z,104.65,104.65,104.65,104.65,19153
2026-06-26T17:55:00Z,104.65,104.67,104.65,104.66,27921
2026-06-26T17:56:00Z,104.66,104.68,104.65,104.67,26768
2026-06-26T17:57:00Z,104.67,104.70,104.66,104.69,11768
2026-06-26T17:58:00Z,104.69,104.70,104.66,104.67,26075
2026-06-26T17:59:00Z,104.67,104.69,104.66,104.68,29537
2026-06-26T18:00:00Z,104.68,104.70,104.67,104.69,14076
2026-06-26T18:01:00Z,104.69,104.69,104.68,104.69,22614
2026-06-26T18:02:00Z,104.69,104.71,104.68,104.71,26075
2026-06-26T18:03:00Z,104.71,104.71,104.71,104.71,28614
2026-06-26T18:04:00Z,104.71,104.72,104.71,104.72,22845
2026-06-26T18:05:00Z,104.72,104.72,104.70,104.71,25614
2026-06-26T18:06:00Z,104.71,104.72,104.71,104.71,12461
2026-06-26T18:07:00Z,104.71,104.73,104.71,104.73,33690
2026-06-26T18:08:00Z,104.73,104.74,104.73,104.73,31844
2026-06-26T18:09:00Z,104.73,104.74,104.73,104.74,26075
2026-06-26T18:10:00Z,104.74,104.75,104.73,104.75,24922
2026-06-26T18:11:00Z,104.75,104.75,104.74,104.74,29768
2026-06-26T18:12:00Z,104.74,104.77,104.73,104.77,20076
2026-06-26T18:13:00Z,104.77,104.78,104.74,104.75,21922
2026-06-26T18:14:00Z,104.75,104.78,104.74,104.77,29075
2026-06-26T18:15:00Z,104.77,104.79,104.76,104.79,14307
2026-06-26T18:16:00Z,104.79,104.79,104.77,104.77,23076
2026-06-26T18:17:00Z,104.77,104.79,104.77,104.78,28845
2026-06-26T18:18:00Z,104.78,104.79,104.78,104.79,30691
2026-06-26T18:19:00Z,104.79,104.79,104.75,104.76,12230
2026-06-26T18:20:00Z,104.76,104.76,104.73,104.74,15460
2026-06-26T18:21:00Z,104.74,104.74,104.72,104.72,23768
2026-06-26T18:22:00Z,104.72,104.73,104.69,104.69,32537
2026-06-26T18:23:00Z,104.69,104.71,104.69,104.70,25383
2026-06-26T18:24:00Z,104.70,104.70,104.67,104.68,26306
2026-06-26T18:25:00Z,104.68,104.70,104.67,104.69,32075
2026-06-26T18:26:00Z,104.69,104.70,104.68,104.68,24460
2026-06-26T18:27:00Z,104.68,104.68,104.65,104.66,15460
2026-06-26T18:28:00Z,104.66,104.69,104.66,104.69,33460
2026-06-26T18:29:00Z,104.69,104.71,104.69,104.71,28152
2026-06-26T18:30:00Z,104.71,104.71,104.67,104.67,23076
2026-06-26T18:31:00Z,104.67,104.67,104.65,104.65,34152
2026-06-26T18:32:00Z,104.65,104.67,104.65,104.66,15922
2026-06-26T18:33:00Z,104.66,104.66,104.63,104.64,18230
2026-06-26T18:34:00Z,104.64,104.66,104.63,104.65,15460
2026-06-26T18:35:00Z,104.65,104.66,104.64,104.65,11538
2026-06-26T18:36:00Z,104.65,104.66,104.64,104.64,28152
2026-06-26T18:37:00Z,104.64,104.64,104.64,104.64,13384
2026-06-26T18:38:00Z,104.64,104.64,104.62,104.62,12461
2026-06-26T18:39:00Z,104.62,104.64,104.61,104.64,19153
2026-06-26T18:40:00Z,104.64,104.65,104.63,104.65,19845
2026-06-26T18:41:00Z,104.65,104.66,104.64,104.64,20537
2026-06-26T18:42:00Z,104.64,104.65,104.61,104.62,11999
2026-06-26T18:43:00Z,104.62,104.64,104.62,104.63,13845
2026-06-26T18:44:00Z,104.63,104.64,104.61,104.61,29537
2026-06-26T18:45:00Z,104.61,104.61,104.61,104.61,13614
2026-06-26T18:46:00Z,104.61,104.62,104.60,104.60,30460
2026-06-26T18:47:00Z,104.60,104.61,104.60,104.60,22614
2026-06-26T18:48:00Z,104.60,104.60,104.58,104.58,19153
2026-06-26T18:49:00Z,104.58,104.59,104.56,104.56,25845
2026-06-26T18:50:00Z,104.56,104.57,104.56,104.57,26768
2026-06-26T18:51:00Z,104.57,104.59,104.57,104.58,11768
2026-06-26T18:52:00Z,104.58,104.59,104.57,104.58,15691
2026-06-26T18:53:00Z,104.58,104.62,104.58,104.61,25152
2026-06-26T18:54:00Z,104.61,104.62,104.60,104.61,31152
2026-06-26T18:55:00Z,104.61,104.62,104.61,104.62,20076
2026-06-26T18:56:00Z,104.62,104.63,104.62,104.62,19383
2026-06-26T18:57:00Z,104.62,104.62,104.61,104.61,13614
2026-06-26T18:58:00Z,104.61,104.62,104.60,104.61,28152
2026-06-26T18:59:00Z,104.61,104.64,104.61,104.64,11768
2026-06-26T19:00:00Z,104.64,104.65,104.64,104.65,21691
2026-06-26T19:01:00Z,104.65,104.65,104.65,104.65,32075
2026-06-26T19:02:00Z,104.65,104.66,104.63,104.64,17999
2026-06-26T19:03:00Z,104.64,104.64,104.61,104.61,25383
2026-06-26T19:04:00Z,104.61,104.65,104.61,104.64,16845
2026-06-26T19:05:00Z,104.64,104.64,104.61,104.61,22614
2026-06-26T19:06:00Z,104.61,104.62,104.58,104.59,27691
2026-06-26T19:07:00Z,104.59,104.61,104.59,104.60,21691
2026-06-26T19:08:00Z,104.60,104.60,104.57,104.58,33229
2026-06-26T19:09:00Z,104.58,104.59,104.58,104.59,25152
2026-06-26T19:10:00Z,104.59,104.60,104.58,104.59,32767
2026-06-26T19:11:00Z,104.59,104.63,104.59,104.62,13845
2026-06-26T19:12:00Z,104.62,104.63,104.62,104.62,28383
2026-06-26T19:13:00Z,104.62,104.64,104.61,104.64,29075
2026-06-26T19:14:00Z,104.64,104.64,104.63,104.64,15230
2026-06-26T19:15:00Z,104.64,104.64,104.61,104.62,21460
2026-06-26T19:16:00Z,104.62,104.63,104.60,104.61,21460
2026-06-26T19:17:00Z,104.61,104.61,104.59,104.59,28614
2026-06-26T19:18:00Z,104.59,104.64,104.58,104.63,23999
2026-06-26T19:19:00Z,104.63,104.63,104.62,104.63,32306
2026-06-26T19:20:00Z,104.63,104.64,104.63,104.64,32306
2026-06-26T19:21:00Z,104.64,104.65,104.62,104.62,19383
2026-06-26T19:22:00Z,104.62,104.62,104.61,104.62,12230
2026-06-26T19:23:00Z,104.62,104.63,104.62,104.63,15691
2026-06-26T19:24:00Z,104.63,104.65,104.63,104.64,12230
2026-06-26T19:25:00Z,104.64,104.65,104.61,104.62,17537
2026-06-26T19:26:00Z,104.62,104.62,104.61,104.62,21922
2026-06-26T19:27:00Z,104.62,104.62,104.60,104.61,17076
2026-06-26T19:28:00Z,104.61,104.62,104.60,104.62,21922
2026-06-26T19:29:00Z,104.62,104.62,104.59,104.60,32075
2026-06-26T19:30:00Z,104.60,104.60,104.59,104.59,17768
2026-06-26T19:31:00Z,104.59,104.62,104.58,104.62,32998
2026-06-26T19:32:00Z,104.62,104.66,104.61,104.65,21460
2026-06-26T19:33:00Z,104.65,104.67,104.64,104.67,17537
2026-06-26T19:34:00Z,104.67,104.68,104.65,104.65,27691
2026-06-26T19:35:00Z,104.65,104.65,104.62,104.63,20076
2026-06-26T19:36:00Z,104.63,104.64,104.62,104.62,27921
2026-06-26T19:37:00Z,104.62,104.62,104.60,104.61,14537
2026-06-26T19:38:00Z,104.61,104.63,104.60,104.62,31844
2026-06-26T19:39:00Z,104.62,104.63,104.60,104.61,34383
2026-06-26T19:40:00Z,104.61,104.62,104.59,104.60,26768
2026-06-26T19:41:00Z,104.60,104.62,104.59,104.62,33460
2026-06-26T19:42:00Z,104.62,104.64,104.62,104.64,27460
2026-06-26T19:43:00Z,104.64,104.66,104.64,104.65,29537
2026-06-26T19:44:00Z,104.65,104.66,104.65,104.65,20537
2026-06-26T19:45:00Z,104.65,104.66,104.63,104.64,27460
2026-06-26T19:46:00Z,104.64,104.66,104.64,104.66,23076
2026-06-26T19:47:00Z,104.66,104.69,104.66,104.69,20537
2026-06-26T19:48:00Z,104.69,104.70,104.67,104.68,30460
2026-06-26T19:49:00Z,104.68,104.69,104.68,104.68,13614
2026-06-26T19:50:00Z,104.68,104.70,104.67,104.70,31614
2026-06-26T19:51:00Z,104.70,104.71,104.69,104.69,32306
2026-06-26T19:52:00Z,104.69,104.69,104.68,104.69,23768
2026-06-26T19:53:00Z,104.69,104.69,104.67,104.67,31844
2026-06-26T19:54:00Z,104.67,104.67,104.67,104.67,28383
2026-06-26T19:55:00Z,104.67,104.68,104.65,104.66,18691
2026-06-26T19:56:00Z,104.66,104.69,104.65,104.68,19153
2026-06-26T19:57:00Z,104.68,104.68,104.66,104.67,26998
2026-06-26T19:58:00Z,104.67,104.68,104.64,104.65,28845
2026-06-26T19:59:00Z,104.65,104.69,104.65,104.68,23999
