open_time_utc,open,high,low,close,volume
2026-06-22T13:30:00Z,231.09,231.13,231.07,231.11,40384
2026-06-22T13:31:00Z,231.11,231.13,231.09,231.09,76281
2026-06-22T13:32:00Z,231.09,231.11,231.01,231.03,38461
2026-06-22T13:33:00Z,231.03,231.03,230.99,231.01,75640
2026-06-22T13:34:00Z,231.01,231.04,230.99,231.02,39102
2026-06-22T13:35:00Z,231.02,231.02,231.00,231.02,64743
2026-06-22T13:36:00Z,231.02,231.04,230.98,231.00,94870
2026-06-22T13:37:00Z,231.00,231.03,230.98,231.01,40384
2026-06-22T13:38:00Z,231.01,231.06,231.01,231.04,69871
2026-06-22T13:39:00Z,231.04,231.04,231.00,231.00,46153
2026-06-22T13:40:00Z,231.00,231.00,230.95,230.97,44871
2026-06-22T13:41:00Z,230.97,231.00,230.95,230.98,68589
2026-06-22T13:42:00Z,230.98,231.03,230.96,231.01,67307
2026-06-22T13:43:00Z,231.01,231.03,230.95,230.97,47435
2026-06-22T13:44:00Z,230.97,230.98,230.97,230.98,80768
2026-06-22T13:45:00Z,230.98,231.01,230.98,230.99,76281
2026-06-22T13:46:00Z,230.99,231.03,230.99,231.01,89101
2026-06-22T13:47:00Z,231.01,231.06,230.99,231.04,33333
2026-06-22T13:48:00Z,231.04,231.05,231.04,231.05,55127
2026-06-22T13:49:00Z,231.05,231.08,231.05,231.08,44230
2026-06-22T13:50:00Z,231.08,231.11,231.06,231.11,57691
2026-06-22T13:51:00Z,231.11,231.11,231.11,231.11,57050
2026-06-22T13:52:00Z,231.11,231.13,231.07,231.07,67307
2026-06-22T13:53:00Z,231.07,231.14,231.05,231.12,65384
2026-06-22T13:54:00Z,231.12,231.13,231.12,231.13,33974
2026-06-22T13:55:00Z,231.13,231.14,231.11,231.14,71794
2026-06-22T13:56:00Z,231.14,231.17,231.14,231.15,69230
2026-06-22T13:57:00Z,231.15,231.19,231.13,231.17,39743
2026-06-22T13:58:00Z,231.17,231.19,231.15,231.15,94229
2026-06-22T13:59:00Z,231.15,231.17,231.09,231.11,67948
2026-06-22T14:00:00Z,231.11,231.12,231.11,231.12,87819
2026-06-22T14:01:00Z,231.12,231.13,231.10,231.13,85255
2026-06-22T14:02:00Z,231.13,231.13,231.08,231.10,83332
2026-06-22T14:03:00Z,231.10,231.10,231.04,231.06,52563
2026-06-22T14:04:00Z,231.06,231.06,231.04,231.04,86537
2026-06-22T14:05:00Z,231.04,231.04,230.96,230.98,55768
2026-06-22T14:06:00Z,230.98,231.01,230.96,231.01,39102
2026-06-22T14:07:00Z,231.01,231.06,231.01,231.06,45512
2026-06-22T14:08:00Z,231.06,231.06,231.03,231.03,82691
2026-06-22T14:09:00Z,231.03,231.03,230.99,230.99,48076
2026-06-22T14:10:00Z,230.99,231.04,230.97,231.04,69871
2026-06-22T14:11:00Z,231.04,231.07,231.02,231.05,46794
2026-06-22T14:12:00Z,231.05,231.07,231.03,231.03,92947
2026-06-22T14:13:00Z,231.03,231.07,231.01,231.07,93588
2026-06-22T14:14:00Z,231.07,231.12,231.07,231.10,69230
2026-06-22T14:15:00Z,231.10,231.12,231.08,231.08,33974
2026-06-22T14:16:00Z,231.08,231.11,231.06,231.09,71794
2026-06-22T14:17:00Z,231.09,231.09,231.05,231.07,46153
2026-06-22T14:18:00Z,231.07,231.07,230.99,231.01,75640
2026-06-22T14:19:00Z,231.01,231.03,231.01,231.01,93588
2026-06-22T14:20:00Z,231.01,231.02,230.99,231.02,51922
2026-06-22T14:21:00Z,231.02,231.07,231.02,231.05,33333
2026-06-22T14:22:00Z,231.05,231.08,231.03,231.08,74999
2026-06-22T14:23:00Z,231.08,231.13,231.06,231.11,87819
2026-06-22T14:24:00Z,231.11,231.15,231.11,231.15,39743
2026-06-22T14:25:00Z,231.15,231.15,231.11,231.13,70512
2026-06-22T14:26:00Z,231.13,231.16,231.11,231.14,76922
2026-06-22T14:27:00Z,231.14,231.16,231.12,231.12,41666
2026-06-22T14:28:00Z,231.12,231.12,231.08,231.10,85896
2026-06-22T14:29:00Z,231.10,231.15,231.08,231.13,84614
2026-06-22T14:30:00Z,231.13,231.13,231.08,231.08,77563
2026-06-22T14:31:00Z,231.08,231.11,231.06,231.11,46153
2026-06-22T14:32:00Z,231.11,231.12,231.09,231.12,41025
2026-06-22T14:33:00Z,231.12,231.14,231.08,231.08,39102
2026-06-22T14:34:00Z,231.08,231.12,231.08,231.10,44230
2026-06-22T14:35:00Z,231.10,231.10,231.04,231.06,76922
2026-06-22T14:36:00Z,231.06,231.09,231.06,231.07,93588
2026-06-22T14:37:00Z,231.07,231.10,231.05,231.10,48717
2026-06-22T14:38:00Z,231.10,231.10,231.08,231.10,67948
2026-06-22T14:39:00Z,231.10,231.13,231.10,231.13,41025
2026-06-22T14:40:00Z,231.13,231.18,231.13,231.16,56409
2026-06-22T14:41:00Z,231.16,231.16,231.14,231.14,53204
2026-06-22T14:42:00Z,231.14,231.14,231.12,231.14,82050
2026-06-22T14:43:00Z,231.14,231.16,231.12,231.12,96153
2026-06-22T14:44:00Z,231.12,231.14,231.08,231.10,76922
2026-06-22T14:45:00Z,231.10,231.13,231.10,231.13,58973
2026-06-22T14:46:00Z,231.13,231.16,231.11,231.16,58332
2026-06-22T14:47:00Z,231.16,231.16,231.13,231.13,49358
2026-06-22T14:48:00Z,231.13,231.18,231.13,231.18,79486
2026-06-22T14:49:00Z,231.18,231.20,231.14,231.16,38461
2026-06-22T14:50:00Z,231.16,231.19,231.14,231.19,61537
2026-06-22T14:51:00Z,231.19,231.21,231.19,231.19,34615
2026-06-22T14:52:00Z,231.19,231.26,231.19,231.24,62178
2026-06-22T14:53:00Z,231.24,231.29,231.22,231.27,60896
2026-06-22T14:54:00Z,231.27,231.27,231.23,231.25,60896
2026-06-22T14:55:00Z,231.25,231.27,231.23,231.27,82050
2026-06-22T14:56:00Z,231.27,231.27,231.21,231.21,46153
2026-06-22T14:57:00Z,231.21,231.28,231.19,231.26,51922
2026-06-22T14:58:00Z,231.26,231.28,231.24,231.24,57691
2026-06-22T14:59:00Z,231.24,231.29,231.24,231.27,62819
2026-06-22T15:00:00Z,231.27,231.29,231.24,231.24,82050
2026-06-22T15:01:00Z,231.24,231.24,231.20,231.22,64743
2026-06-22T15:02:00Z,231.22,231.25,231.20,231.23,71153
2026-06-22T15:03:00Z,231.23,231.23,231.21,231.21,50640
2026-06-22T15:04:00Z,231.21,231.21,231.16,231.16,39743
2026-06-22T15:05:00Z,231.16,231.17,231.16,231.17,55127
2026-06-22T15:06:00Z,231.17,231.19,231.13,231.15,33333
2026-06-22T15:07:00Z,231.15,231.18,231.15,231.18,57050
2026-06-22T15:08:00Z,231.18,231.20,231.18,231.20,59614
2026-06-22T15:09:00Z,231.20,231.22,231.14,231.16,87819
2026-06-22T15:10:00Z,231.16,231.19,231.14,231.19,39102
2026-06-22T15:11:00Z,231.19,231.26,231.17,231.24,73076
2026-06-22T15:12:00Z,231.24,231.24,231.24,231.24,87819
2026-06-22T15:13:00Z,231.24,231.27,231.22,231.25,59614
2026-06-22T15:14:00Z,231.25,231.26,231.25,231.26,59614
2026-06-22T15:15:00Z,231.26,231.29,231.24,231.27,53845
2026-06-22T15:16:00Z,231.27,231.30,231.27,231.28,49999
2026-06-22T15:17:00Z,231.28,231.28,231.23,231.25,76281
2026-06-22T15:18:00Z,231.25,231.28,231.25,231.26,63460
2026-06-22T15:19:00Z,231.26,231.26,231.22,231.24,62819
2026-06-22T15:20:00Z,231.24,231.29,231.24,231.27,85255
2026-06-22T15:21:00Z,231.27,231.29,231.22,231.24,82691
2026-06-22T15:22:00Z,231.24,231.24,231.22,231.22,95511
2026-06-22T15:23:00Z,231.22,231.24,231.20,231.20,89101
2026-06-22T15:24:00Z,231.20,231.21,231.20,231.21,53204
2026-06-22T15:25:00Z,231.21,231.21,231.21,231.21,93588
2026-06-22T15:26:00Z,231.21,231.23,231.17,231.17,86537
2026-06-22T15:27:00Z,231.17,231.18,231.15,231.18,42307
2026-06-22T15:28:00Z,231.18,231.19,231.16,231.19,94870
2026-06-22T15:29:00Z,231.19,231.19,231.17,231.17,39743
2026-06-22T15:30:00Z,231.17,231.17,231.15,231.15,82691
2026-06-22T15:31:00Z,231.15,231.16,231.15,231.16,80768
2026-06-22T15:32:00Z,231.16,231.21,231.14,231.19,33333
2026-06-22T15:33:00Z,231.19,231.22,231.19,231.22,68589
2026-06-22T15:34:00Z,231.22,231.27,231.22,231.25,79486
2026-06-22T15:35:00Z,231.25,231.27,231.23,231.23,66025
2026-06-22T15:36:00Z,231.23,231.24,231.23,231.24,62178
2026-06-22T15:37:00Z,231.24,231.24,231.20,231.22,67948
2026-06-22T15:38:00Z,231.22,231.23,231.22,231.23,55127
2026-06-22T15:39:00Z,231.23,231.25,231.21,231.25,60255
2026-06-22T15:40:00Z,231.25,231.28,231.23,231.26,91665
2026-06-22T15:41:00Z,231.26,231.31,231.26,231.29,40384
2026-06-22T15:42:00Z,231.29,231.34,231.27,231.32,65384
2026-06-22T15:43:00Z,231.32,231.35,231.32,231.35,78845
2026-06-22T15:44:00Z,231.35,231.38,231.35,231.36,44871
2026-06-22T15:45:00Z,231.36,231.38,231.34,231.34,32051
2026-06-22T15:46:00Z,231.34,231.36,231.30,231.32,64102
2026-06-22T15:47:00Z,231.32,231.35,231.32,231.35,66666
2026-06-22T15:48:00Z,231.35,231.42,231.33,231.40,76281
2026-06-22T15:49:00Z,231.40,231.42,231.35,231.37,67948
2026-06-22T15:50:00Z,231.37,231.38,231.35,231.38,48076
2026-06-22T15:51:00Z,231.38,231.39,231.38,231.39,71153
2026-06-22T15:52:00Z,231.39,231.41,231.37,231.37,92306
2026-06-22T15:53:00Z,231.37,231.37,231.33,231.35,92306
2026-06-22T15:54:00Z,231.35,231.36,231.35,231.36,69230
2026-06-22T15:55:00Z,231.36,231.45,231.34,231.43,87819
2026-06-22T15:56:00Z,231.43,231.46,231.41,231.44,63460
2026-06-22T15:57:00Z,231.44,231.44,231.42,231.42,85896
2026-06-22T15:58:00Z,231.42,231.44,231.38,231.40,66025
2026-06-22T15:59:00Z,231.40,231.42,231.35,231.37,32692
2026-06-22T16:00:00Z,231.37,231.39,231.35,231.35,95511
2026-06-22T16:01:00Z,231.35,231.37,231.31,231.33,64102
2026-06-22T16:02:00Z,231.33,231.35,231.29,231.29,33974
2026-06-22T16:03:00Z,231.29,231.32,231.27,231.30,70512
2026-06-22T16:04:00Z,231.30,231.33,231.30,231.33,32051
2026-06-22T16:05:00Z,231.33,231.35,231.31,231.31,46153
2026-06-22T16:06:00Z,231.31,231.33,231.27,231.27,76281
2026-06-22T16:07:00Z,231.27,231.28,231.25,231.28,89742
2026-06-22T16:08:00Z,231.28,231.31,231.28,231.29,64102
2026-06-22T16:09:00Z,231.29,231.31,231.28,231.28,75640
2026-06-22T16:10:00Z,231.28,231.28,231.22,231.22,41025
2026-06-22T16:11:00Z,231.22,231.25,231.22,231.23,82691
2026-06-22T16:12:00Z,231.23,231.24,231.21,231.24,78845
2026-06-22T16:13:00Z,231.24,231.24,231.18,231.20,78845
2026-06-22T16:14:00Z,231.20,231.22,231.14,231.16,64102
2026-06-22T16:15:00Z,231.16,231.21,231.16,231.19,77563
2026-06-22T16:16:00Z,231.19,231.21,231.17,231.17,60255
2026-06-22T16:17:00Z,231.17,231.17,231.15,231.15,80768
2026-06-22T16:18:00Z,231.15,231.15,231.11,231.13,82691
2026-06-22T16:19:00Z,231.13,231.15,231.11,231.15,72435
2026-06-22T16:20:00Z,231.15,231.16,231.13,231.16,67307
2026-06-22T16:21:00Z,231.16,231.18,231.12,231.14,57691
2026-06-22T16:22:00Z,231.14,231.17,231.12,231.17,66025
2026-06-22T16:23:00Z,231.17,231.24,231.15,231.22,53845
2026-06-22T16:24:00Z,231.22,231.22,231.20,231.20,51922
2026-06-22T16:25:00Z,231.20,231.22,231.18,231.18,32051
2026-06-22T16:26:00Z,231.18,231.18,231.14,231.14,52563
2026-06-22T16:27:00Z,231.14,231.14,231.08,231.08,62178
2026-06-22T16:28:00Z,231.08,231.08,231.04,231.04,60255
2026-06-22T16:29:00Z,231.04,231.06,230.99,231.01,39102
2026-06-22T16:30:00Z,231.01,231.01,230.97,230.99,76922
2026-06-22T16:31:00Z,230.99,231.00,230.99,231.00,37179
2026-06-22T16:32:00Z,231.00,231.04,231.00,231.04,72435
2026-06-22T16:33:00Z,231.04,231.07,231.04,231.05,32051
2026-06-22T16:34:00Z,231.05,231.05,231.04,231.04,73076
2026-06-22T16:35:00Z,231.04,231.06,230.98,231.00,86537
2026-06-22T16:36:00Z,231.00,231.08,230.98,231.06,66025
2026-06-22T16:37:00Z,231.06,231.06,231.02,231.02,74999
2026-06-22T16:38:00Z,231.02,231.08,231.00,231.06,82691
2026-06-22T16:39:00Z,231.06,231.09,231.04,231.07,89101
2026-06-22T16:40:00Z,231.07,231.12,231.07,231.10,57050
2026-06-22T16:41:00Z,231.10,231.12,231.09,231.09,64102
2026-06-22T16:42:00Z,231.09,231.12,231.07,231.12,71794
2026-06-22T16:43:00Z,231.12,231.14,231.10,231.14,62819
2026-06-22T16:44:00Z,231.14,231.14,231.10,231.12,94229
2026-06-22T16:45:00Z,231.12,231.18,231.10,231.16,57691
2026-06-22T16:46:00Z,231.16,231.18,231.14,231.14,51281
2026-06-22T16:47:00Z,231.14,231.16,231.09,231.11,69230
2026-06-22T16:48:00Z,231.11,231.13,231.09,231.09,34615
2026-06-22T16:49:00Z,231.09,231.11,231.06,231.06,83973
2026-06-22T16:50:00Z,231.06,231.08,231.04,231.04,84614
2026-06-22T16:51:00Z,231.04,231.04,231.02,231.02,55127
2026-06-22T16:52:00Z,231.02,231.08,231.00,231.08,75640
2026-06-22T16:53:00Z,231.08,231.08,231.00,231.02,33333
2026-06-22T16:54:00Z,231.02,231.02,230.99,231.01,61537
2026-06-22T16:55:00Z,231.01,231.06,231.01,231.04,35256
2026-06-22T16:56:00Z,231.04,231.06,231.01,231.03,74358
2026-06-22T16:57:00Z,231.03,231.03,230.97,230.99,56409
2026-06-22T16:58:00Z,230.99,231.01,230.97,231.01,89101
2026-06-22T16:59:00Z,231.01,231.03,230.97,230.97,91665
2026-06-22T17:00:00Z,230.97,231.00,230.97,230.98,72435
2026-06-22T17:01:00Z,230.98,231.00,230.96,231.00,85896
2026-06-22T17:02:00Z,231.00,231.03,231.00,231.01,82050
2026-06-22T17:03:00Z,231.01,231.05,231.01,231.03,58973
2026-06-22T17:04:00Z,231.03,231.03,231.01,231.01,57050
2026-06-22T17:05:00Z,231.01,231.09,230.99,231.07,71153
2026-06-22T17:06:00Z,231.07,231.12,231.05,231.10,38461
2026-06-22T17:07:00Z,231.10,231.12,231.07,231.07,50640
2026-06-22T17:08:00Z,231.07,231.09,231.03,231.03,57050
2026-06-22T17:09:00Z,231.03,231.05,231.01,231.05,53204
2026-06-22T17:10:00Z,231.05,231.07,231.03,231.03,33333
2026-06-22T17:11:00Z,231.03,231.06,231.03,231.04,49999
2026-06-22T17:12:00Z,231.04,231.06,231.02,231.06,48076
2026-06-22T17:13:00Z,231.06,231.09,231.04,231.09,51922
2026-06-22T17:14:00Z,231.09,231.13,231.09,231.11,86537
2026-06-22T17:15:00Z,231.11,231.14,231.09,231.12,79486
2026-06-22T17:16:00Z,231.12,231.14,231.11,231.11,64102
2026-06-22T17:17:00Z,231.11,231.14,231.09,231.14,64102
2026-06-22T17:18:00Z,231.14,231.20,231.14,231.18,80127
2026-06-22T17:19:00Z,231.18,231.20,231.14,231.14,84614
2026-06-22T17:20:00Z,231.14,231.16,231.12,231.12,87819
2026-06-22T17:21:00Z,231.12,231.16,231.12,231.14,69871
2026-06-22T17:22:00Z,231.14,231.14,231.12,231.12,82050
2026-06-22T17:23:00Z,231.12,231.14,231.12,231.14,84614
2026-06-22T17:24:00Z,231.14,231.16,231.08,231.10,67948
2026-06-22T17:25:00Z,231.10,231.16,231.10,231.14,46153
2026-06-22T17:26:00Z,231.14,231.14,231.12,231.12,91665
2026-06-22T17:27:00Z,231.12,231.14,231.10,231.14,79486
2026-06-22T17:28:00Z,231.14,231.16,231.10,231.12,73076
2026-06-22T17:29:00Z,231.12,231.14,231.12,231.14,38461
2026-06-22T17:30:00Z,231.14,231.19,231.14,231.17,58332
2026-06-22T17:31:00Z,231.17,231.20,231.15,231.20,78204
2026-06-22T17:32:00Z,231.20,231.20,231.16,231.18,88460
2026-06-22T17:33:00Z,231.18,231.23,231.16,231.23,89101
2026-06-22T17:34:00Z,231.23,231.23,231.20,231.22,89742
2026-06-22T17:35:00Z,231.22,231.25,231.20,231.23,39102
2026-06-22T17:36:00Z,231.23,231.23,231.19,231.21,49358
2026-06-22T17:37:00Z,231.21,231.21,231.17,231.19,52563
2026-06-22T17:38:00Z,231.19,231.19,231.13,231.15,82691
2026-06-22T17:39:00Z,231.15,231.17,231.12,231.14,54486
2026-06-22T17:40:00Z,231.14,231.14,231.08,231.10,96153
2026-06-22T17:41:00Z,231.10,231.12,231.06,231.08,67307
2026-06-22T17:42:00Z,231.08,231.10,231.06,231.06,75640
2026-06-22T17:43:00Z,231.06,231.06,231.03,231.03,57691
2026-06-22T17:44:00Z,231.03,231.04,231.01,231.04,74999
2026-06-22T17:45:00Z,231.04,231.09,231.02,231.07,78204
2026-06-22T17:46:00Z,231.07,231.07,231.05,231.05,58973
2026-06-22T17:47:00Z,231.05,231.06,231.05,231.06,65384
2026-06-22T17:48:00Z,231.06,231.08,231.05,231.05,55768
2026-06-22T17:49:00Z,231.05,231.08,231.03,231.08,64102
2026-06-22T17:50:00Z,231.08,231.13,231.08,231.11,46153
2026-06-22T17:51:00Z,231.11,231.14,231.11,231.12,72435
2026-06-22T17:52:00Z,231.12,231.15,231.10,231.13,60896
2026-06-22T17:53:00Z,231.13,231.13,231.12,231.12,45512
2026-06-22T17:54:00Z,231.12,231.17,231.10,231.15,48717
2026-06-22T17:55:00Z,231.15,231.16,231.13,231.16,82050
2026-06-22T17:56:00Z,231.16,231.18,231.14,231.14,77563
2026-06-22T17:57:00Z,231.14,231.16,231.12,231.16,63460
2026-06-22T17:58:00Z,231.16,231.18,231.12,231.14,43589
2026-06-22T17:59:00Z,231.14,231.17,231.14,231.15,60896
2026-06-22T18:00:00Z,231.15,231.18,231.13,231.18,57691
2026-06-22T18:01:00Z,231.18,231.25,231.18,231.23,92306
2026-06-22T18:02:00Z,231.23,231.29,231.23,231.29,53204
2026-06-22T18:03:00Z,231.29,231.29,231.27,231.27,82691
2026-06-22T18:04:00Z,231.27,231.29,231.23,231.23,43589
2026-06-22T18:05:00Z,231.23,231.28,231.21,231.28,87819
2026-06-22T18:06:00Z,231.28,231.34,231.28,231.32,81409
2026-06-22T18:07:00Z,231.32,231.32,231.26,231.28,74999
2026-06-22T18:08:00Z,231.28,231.30,231.26,231.26,82050
2026-06-22T18:09:00Z,231.26,231.29,231.26,231.27,54486
2026-06-22T18:10:00Z,231.27,231.29,231.23,231.25,86537
2026-06-22T18:11:00Z,231.25,231.29,231.23,231.29,77563
2026-06-22T18:12:00Z,231.29,231.30,231.27,231.30,35256
2026-06-22T18:13:00Z,231.30,231.31,231.28,231.31,35897
2026-06-22T18:14:00Z,231.31,231.31,231.29,231.29,80768
2026-06-22T18:15:00Z,231.29,231.29,231.25,231.27,80768
2026-06-22T18:16:00Z,231.27,231.33,231.25,231.31,39743
2026-06-22T18:17:00Z,231.31,231.31,231.25,231.27,93588
2026-06-22T18:18:00Z,231.27,231.34,231.25,231.34,46794
2026-06-22T18:19:00Z,231.34,231.41,231.34,231.39,92947
2026-06-22T18:20:00Z,231.39,231.41,231.36,231.38,83973
2026-06-22T18:21:00Z,231.38,231.41,231.36,231.41,56409
2026-06-22T18:22:00Z,231.41,231.46,231.41,231.46,51281
2026-06-22T18:23:00Z,231.46,231.46,231.42,231.44,51922
2026-06-22T18:24:00Z,231.44,231.46,231.40,231.42,51922
2026-06-22T18:25:00Z,231.42,231.46,231.42,231.44,69230
2026-06-22T18:26:00Z,231.44,231.47,231.44,231.45,89101
2026-06-22T18:27:00Z,231.45,231.47,231.39,231.41,38461
2026-06-22T18:28:00Z,231.41,231.42,231.41,231.42,79486
2026-06-22T18:29:00Z,231.42,231.42,231.37,231.39,44871
2026-06-22T18:30:00Z,231.39,231.42,231.39,231.40,80768
2026-06-22T18:31:00Z,231.40,231.40,231.35,231.37,55127
2026-06-22T18:32:00Z,231.37,231.40,231.35,231.40,71153
2026-06-22T18:33:00Z,231.40,231.42,231.39,231.39,33333
2026-06-22T18:34:00Z,231.39,231.39,231.38,231.38,62819
2026-06-22T18:35:00Z,231.38,231.39,231.36,231.39,41666
2026-06-22T18:36:00Z,231.39,231.39,231.34,231.36,37179
2026-06-22T18:37:00Z,231.36,231.38,231.34,231.34,55127
2026-06-22T18:38:00Z,231.34,231.36,231.32,231.36,88460
2026-06-22T18:39:00Z,231.36,231.38,231.36,231.38,50640
2026-06-22T18:40:00Z,231.38,231.45,231.38,231.43,67307
2026-06-22T18:41:00Z,231.43,231.49,231.43,231.47,69230
2026-06-22T18:42:00Z,231.47,231.49,231.44,231.46,80127
2026-06-22T18:43:00Z,231.46,231.48,231.44,231.44,37179
2026-06-22T18:44:00Z,231.44,231.46,231.43,231.43,88460
2026-06-22T18:45:00Z,231.43,231.46,231.43,231.44,62178
2026-06-22T18:46:00Z,231.44,231.48,231.44,231.46,51922
2026-06-22T18:47:00Z,231.46,231.52,231.44,231.52,96153
2026-06-22T18:48:00Z,231.52,231.52,231.50,231.50,48076
2026-06-22T18:49:00Z,231.50,231.50,231.47,231.49,74358
2026-06-22T18:50:00Z,231.49,231.52,231.47,231.50,76281
2026-06-22T18:51:00Z,231.50,231.56,231.48,231.54,57050
2026-06-22T18:52:00Z,231.54,231.60,231.52,231.58,96153
2026-06-22T18:53:00Z,231.58,231.61,231.58,231.59,74358
2026-06-22T18:54:00Z,231.59,231.61,231.57,231.61,37179
2026-06-22T18:55:00Z,231.61,231.63,231.59,231.63,90383
2026-06-22T18:56:00Z,231.63,231.66,231.61,231.64,44230
2026-06-22T18:57:00Z,231.64,231.68,231.64,231.66,55768
2026-06-22T18:58:00Z,231.66,231.69,231.66,231.69,68589
2026-06-22T18:59:00Z,231.69,231.71,231.67,231.71,42307
2026-06-22T19:00:00Z,231.71,231.77,231.69,231.77,37820
2026-06-22T19:01:00Z,231.77,231.78,231.75,231.78,69230
2026-06-22T19:02:00Z,231.78,231.80,231.76,231.80,32692
2026-06-22T19:03:00Z,231.80,231.82,231.78,231.78,88460
2026-06-22T19:04:00Z,231.78,231.82,231.78,231.80,73717
2026-06-22T19:05:00Z,231.80,231.82,231.78,231.82,56409
2026-06-22T19:06:00Z,231.82,231.89,231.80,231.87,69230
2026-06-22T19:07:00Z,231.87,231.87,231.84,231.86,80127
2026-06-22T19:08:00Z,231.86,231.92,231.86,231.90,61537
2026-06-22T19:09:00Z,231.90,231.91,231.90,231.91,70512
2026-06-22T19:10:00Z,231.91,231.93,231.89,231.93,33333
2026-06-22T19:11:00Z,231.93,231.96,231.91,231.94,50640
2026-06-22T19:12:00Z,231.94,231.96,231.92,231.96,91665
2026-06-22T19:13:00Z,231.96,232.00,231.94,231.98,57050
2026-06-22T19:14:00Z,231.98,232.03,231.96,232.03,83973
2026-06-22T19:15:00Z,232.03,232.05,232.03,232.05,90383
2026-06-22T19:16:00Z,232.05,232.07,232.01,232.01,85896
2026-06-22T19:17:00Z,232.01,232.03,231.96,231.98,37820
2026-06-22T19:18:00Z,231.98,231.98,231.97,231.97,85255
2026-06-22T19:19:00Z,231.97,231.97,231.93,231.95,82691
2026-06-22T19:20:00Z,231.95,231.95,231.90,231.92,39102
2026-06-22T19:21:00Z,231.92,231.96,231.92,231.94,55127
2026-06-22T19:22:00Z,231.94,231.96,231.92,231.92,74358
2026-06-22T19:23:00Z,231.92,231.94,231.91,231.91,94870
2026-06-22T19:24:00Z,231.91,231.91,231.87,231.89,66666
2026-06-22T19:25:00Z,231.89,231.89,231.86,231.86,79486
2026-06-22T19:26:00Z,231.86,231.90,231.84,231.88,72435
2026-06-22T19:27:00Z,231.88,231.88,231.84,231.86,58332
2026-06-22T19:28:00Z,231.86,231.88,231.81,231.83,34615
2026-06-22T19:29:00Z,231.83,231.83,231.80,231.82,74358
2026-06-22T19:30:00Z,231.82,231.82,231.82,231.82,34615
2026-06-22T19:31:00Z,231.82,231.84,231.75,231.77,62819
2026-06-22T19:32:00Z,231.77,231.79,231.77,231.77,88460
2026-06-22T19:33:00Z,231.77,231.77,231.73,231.75,64102
2026-06-22T19:34:00Z,231.75,231.75,231.70,231.72,44871
2026-06-22T19:35:00Z,231.72,231.74,231.67,231.69,34615
2026-06-22T19:36:00Z,231.69,231.71,231.67,231.69,48717
2026-06-22T19:37:00Z,231.69,231.71,231.67,231.67,33974
2026-06-22T19:38:00Z,231.67,231.67,231.60,231.62,89101
2026-06-22T19:39:00Z,231.62,231.62,231.55,231.57,88460
2026-06-22T19:40:00Z,231.57,231.61,231.57,231.59,74358
2026-06-22T19:41:00Z,231.59,231.61,231.53,231.55,42307
2026-06-22T19:42:00Z,231.55,231.57,231.55,231.57,47435
2026-06-22T19:43:00Z,231.57,231.57,231.50,231.50,36538
2026-06-22T19:44:00Z,231.50,231.55,231.50,231.53,80127
2026-06-22T19:45:00Z,231.53,231.53,231.50,231.50,41025
2026-06-22T19:46:00Z,231.50,231.54,231.48,231.52,63460
2026-06-22T19:47:00Z,231.52,231.54,231.52,231.54,33974
2026-06-22T19:48:00Z,231.54,231.57,231.52,231.57,94870
2026-06-22T19:49:00Z,231.57,231.57,231.55,231.57,60896
2026-06-22T19:50:00Z,231.57,231.59,231.52,231.54,80127
2026-06-22T19:51:00Z,231.54,231.54,231.54,231.54,32051
2026-06-22T19:52:00Z,231.54,231.57,231.52,231.57,48076
2026-06-22T19:53:00Z,231.57,231.59,231.52,231.54,51922
2026-06-22T19:54:00Z,231.54,231.54,231.51,231.51,78845
2026-06-22T19:55:00Z,231.51,231.51,231.46,231.46,69230
2026-06-22T19:56:00Z,231.46,231.49,231.46,231.47,84614
2026-06-22T19:57:00Z,231.47,231.49,231.47,231.49,76281
2026-06-22T19:58:00Z,231.49,231.53,231.47,231.51,67307
2026-06-22T19:59:00Z,231.51,231.52,231.51,231.52,39102
2026-06-23T13:30:00Z,231.52,231.52,231.50,231.50,62819
2026-06-23T13:31:00Z,231.50,231.50,231.49,231.49,67948
2026-06-23T13:32:00Z,231.49,231.51,231.46,231.48,53845
2026-06-23T13:33:00Z,231.48,231.48,231.46,231.46,61537
2026-06-23T13:34:00Z,231.46,231.46,231.39,231.41,48717
2026-06-23T13:35:00Z,231.41,231.47,231.39,231.47,53204
2026-06-23T13:36:00Z,231.47,231.50,231.47,231.50,41666
2026-06-23T13:37:00Z,231.50,231.56,231.48,231.54,37179
2026-06-23T13:38:00Z,231.54,231.56,231.49,231.51,55768
2026-06-23T13:39:00Z,231.51,231.51,231.46,231.48,87178
2026-06-23T13:40:00Z,231.48,231.50,231.44,231.44,62178
2026-06-23T13:41:00Z,231.44,231.48,231.42,231.46,67307
2026-06-23T13:42:00Z,231.46,231.52,231.46,231.50,65384
2026-06-23T13:43:00Z,231.50,231.55,231.48,231.53,42948
2026-06-23T13:44:00Z,231.53,231.57,231.53,231.55,37820
2026-06-23T13:45:00Z,231.55,231.57,231.55,231.57,85896
2026-06-23T13:46:00Z,231.57,231.64,231.57,231.62,94229
2026-06-23T13:47:00Z,231.62,231.64,231.59,231.61,79486
2026-06-23T13:48:00Z,231.61,231.65,231.61,231.65,92306
2026-06-23T13:49:00Z,231.65,231.67,231.62,231.64,51922
2026-06-23T13:50:00Z,231.64,231.66,231.60,231.60,82691
2026-06-23T13:51:00Z,231.60,231.62,231.57,231.59,53845
2026-06-23T13:52:00Z,231.59,231.65,231.59,231.63,72435
2026-06-23T13:53:00Z,231.63,231.66,231.63,231.66,61537
2026-06-23T13:54:00Z,231.66,231.68,231.63,231.63,56409
2026-06-23T13:55:00Z,231.63,231.65,231.60,231.60,64102
2026-06-23T13:56:00Z,231.60,231.63,231.58,231.61,61537
2026-06-23T13:57:00Z,231.61,231.65,231.59,231.65,61537
2026-06-23T13:58:00Z,231.65,231.71,231.65,231.69,32692
2026-06-23T13:59:00Z,231.69,231.73,231.69,231.71,44230
2026-06-23T14:00:00Z,231.71,231.72,231.69,231.72,51281
2026-06-23T14:01:00Z,231.72,231.76,231.72,231.76,74999
2026-06-23T14:02:00Z,231.76,231.82,231.76,231.80,42948
2026-06-23T14:03:00Z,231.80,231.80,231.76,231.78,64102
2026-06-23T14:04:00Z,231.78,231.80,231.77,231.77,74358
2026-06-23T14:05:00Z,231.77,231.77,231.76,231.76,94229
2026-06-23T14:06:00Z,231.76,231.77,231.74,231.77,48076
2026-06-23T14:07:00Z,231.77,231.81,231.75,231.81,39102
2026-06-23T14:08:00Z,231.81,231.83,231.76,231.78,89101
2026-06-23T14:09:00Z,231.78,231.78,231.73,231.75,64102
2026-06-23T14:10:00Z,231.75,231.78,231.73,231.76,91665
2026-06-23T14:11:00Z,231.76,231.76,231.71,231.73,33333
2026-06-23T14:12:00Z,231.73,231.73,231.70,231.72,40384
2026-06-23T14:13:00Z,231.72,231.73,231.72,231.73,63460
2026-06-23T14:14:00Z,231.73,231.73,231.72,231.72,58332
2026-06-23T14:15:00Z,231.72,231.78,231.72,231.76,35256
2026-06-23T14:16:00Z,231.76,231.81,231.76,231.79,47435
2026-06-23T14:17:00Z,231.79,231.81,231.79,231.81,71794
2026-06-23T14:18:00Z,231.81,231.83,231.81,231.83,91665
2026-06-23T14:19:00Z,231.83,231.87,231.81,231.85,60896
2026-06-23T14:20:00Z,231.85,231.90,231.85,231.88,60896
2026-06-23T14:21:00Z,231.88,231.92,231.86,231.90,50640
2026-06-23T14:22:00Z,231.90,231.94,231.88,231.94,48717
2026-06-23T14:23:00Z,231.94,231.99,231.92,231.97,86537
2026-06-23T14:24:00Z,231.97,231.99,231.94,231.96,82050
2026-06-23T14:25:00Z,231.96,232.04,231.96,232.02,56409
2026-06-23T14:26:00Z,232.02,232.02,231.98,231.98,75640
2026-06-23T14:27:00Z,231.98,231.98,231.95,231.95,47435
2026-06-23T14:28:00Z,231.95,231.99,231.95,231.97,71794
2026-06-23T14:29:00Z,231.97,231.99,231.96,231.96,48076
2026-06-23T14:30:00Z,231.96,231.98,231.93,231.93,52563
2026-06-23T14:31:00Z,231.93,231.95,231.89,231.91,90383
2026-06-23T14:32:00Z,231.91,231.93,231.89,231.89,87178
2026-06-23T14:33:00Z,231.89,231.91,231.87,231.87,49358
2026-06-23T14:34:00Z,231.87,231.92,231.85,231.92,69230
2026-06-23T14:35:00Z,231.92,231.93,231.92,231.93,78845
2026-06-23T14:36:00Z,231.93,231.95,231.93,231.93,87178
2026-06-23T14:37:00Z,231.93,231.93,231.91,231.91,53845
2026-06-23T14:38:00Z,231.91,231.94,231.89,231.94,35256
2026-06-23T14:39:00Z,231.94,231.95,231.92,231.95,60255
2026-06-23T14:40:00Z,231.95,231.98,231.93,231.98,44230
2026-06-23T14:41:00Z,231.98,231.98,231.92,231.94,32051
2026-06-23T14:42:00Z,231.94,231.96,231.92,231.92,84614
2026-06-23T14:43:00Z,231.92,231.92,231.89,231.89,49358
2026-06-23T14:44:00Z,231.89,231.89,231.85,231.87,40384
2026-06-23T14:45:00Z,231.87,231.89,231.85,231.85,79486
2026-06-23T14:46:00Z,231.85,231.87,231.81,231.83,84614
2026-06-23T14:47:00Z,231.83,231.85,231.81,231.81,64743
2026-06-23T14:48:00Z,231.81,231.81,231.77,231.77,88460
2026-06-23T14:49:00Z,231.77,231.77,231.75,231.75,60255
2026-06-23T14:50:00Z,231.75,231.77,231.70,231.72,57050
2026-06-23T14:51:00Z,231.72,231.72,231.68,231.70,35256
2026-06-23T14:52:00Z,231.70,231.71,231.70,231.71,94870
2026-06-23T14:53:00Z,231.71,231.76,231.69,231.74,76281
2026-06-23T14:54:00Z,231.74,231.77,231.72,231.77,48076
2026-06-23T14:55:00Z,231.77,231.84,231.75,231.82,95511
2026-06-23T14:56:00Z,231.82,231.86,231.82,231.84,51922
2026-06-23T14:57:00Z,231.84,231.89,231.84,231.87,63460
2026-06-23T14:58:00Z,231.87,231.94,231.85,231.92,55127
2026-06-23T14:59:00Z,231.92,231.92,231.86,231.88,34615
2026-06-23T15:00:00Z,231.88,231.93,231.86,231.91,66025
2026-06-23T15:01:00Z,231.91,231.92,231.89,231.92,83973
2026-06-23T15:02:00Z,231.92,231.93,231.92,231.93,39743
2026-06-23T15:03:00Z,231.93,231.97,231.91,231.95,92306
2026-06-23T15:04:00Z,231.95,231.96,231.95,231.96,66666
2026-06-23T15:05:00Z,231.96,231.98,231.92,231.92,87178
2026-06-23T15:06:00Z,231.92,231.94,231.86,231.88,35256
2026-06-23T15:07:00Z,231.88,231.90,231.86,231.86,67948
2026-06-23T15:08:00Z,231.86,231.89,231.86,231.87,86537
2026-06-23T15:09:00Z,231.87,231.89,231.81,231.83,75640
2026-06-23T15:10:00Z,231.83,231.85,231.76,231.78,58973
2026-06-23T15:11:00Z,231.78,231.81,231.76,231.81,32692
2026-06-23T15:12:00Z,231.81,231.81,231.77,231.77,41666
2026-06-23T15:13:00Z,231.77,231.77,231.75,231.75,85255
2026-06-23T15:14:00Z,231.75,231.78,231.75,231.76,89742
2026-06-23T15:15:00Z,231.76,231.79,231.76,231.79,93588
2026-06-23T15:16:00Z,231.79,231.79,231.74,231.74,70512
2026-06-23T15:17:00Z,231.74,231.74,231.68,231.70,84614
2026-06-23T15:18:00Z,231.70,231.77,231.68,231.75,78204
2026-06-23T15:19:00Z,231.75,231.77,231.71,231.73,82050
2026-06-23T15:20:00Z,231.73,231.75,231.69,231.71,36538
2026-06-23T15:21:00Z,231.71,231.72,231.71,231.72,76922
2026-06-23T15:22:00Z,231.72,231.75,231.70,231.73,64102
2026-06-23T15:23:00Z,231.73,231.73,231.71,231.73,36538
2026-06-23T15:24:00Z,231.73,231.73,231.71,231.71,38461
2026-06-23T15:25:00Z,231.71,231.71,231.65,231.65,73076
2026-06-23T15:26:00Z,231.65,231.66,231.63,231.66,35256
2026-06-23T15:27:00Z,231.66,231.73,231.64,231.71,58332
2026-06-23T15:28:00Z,231.71,231.73,231.67,231.69,85255
2026-06-23T15:29:00Z,231.69,231.69,231.65,231.67,89101
2026-06-23T15:30:00Z,231.67,231.69,231.64,231.66,67307
2026-06-23T15:31:00Z,231.66,231.72,231.64,231.70,39102
2026-06-23T15:32:00Z,231.70,231.70,231.67,231.67,70512
2026-06-23T15:33:00Z,231.67,231.67,231.66,231.66,65384
2026-06-23T15:34:00Z,231.66,231.66,231.63,231.63,55127
2026-06-23T15:35:00Z,231.63,231.67,231.63,231.65,42307
2026-06-23T15:36:00Z,231.65,231.67,231.60,231.62,62819
2026-06-23T15:37:00Z,231.62,231.64,231.60,231.64,93588
2026-06-23T15:38:00Z,231.64,231.68,231.64,231.68,92947
2026-06-23T15:39:00Z,231.68,231.76,231.66,231.74,44871
2026-06-23T15:40:00Z,231.74,231.78,231.72,231.76,52563
2026-06-23T15:41:00Z,231.76,231.76,231.75,231.75,70512
2026-06-23T15:42:00Z,231.75,231.77,231.75,231.77,83332
2026-06-23T15:43:00Z,231.77,231.81,231.75,231.81,78845
2026-06-23T15:44:00Z,231.81,231.85,231.79,231.85,52563
2026-06-23T15:45:00Z,231.85,231.85,231.82,231.82,71794
2026-06-23T15:46:00Z,231.82,231.86,231.80,231.86,52563
2026-06-23T15:47:00Z,231.86,231.86,231.83,231.85,61537
2026-06-23T15:48:00Z,231.85,231.91,231.85,231.89,87178
2026-06-23T15:49:00Z,231.89,231.93,231.87,231.91,49358
2026-06-23T15:50:00Z,231.91,231.93,231.90,231.90,81409
2026-06-23T15:51:00Z,231.90,231.90,231.85,231.87,35897
2026-06-23T15:52:00Z,231.87,231.89,231.85,231.89,66666
2026-06-23T15:53:00Z,231.89,231.91,231.88,231.88,42307
2026-06-23T15:54:00Z,231.88,231.94,231.88,231.92,73076
2026-06-23T15:55:00Z,231.92,231.96,231.90,231.94,42948
2026-06-23T15:56:00Z,231.94,231.98,231.94,231.98,91024
2026-06-23T15:57:00Z,231.98,231.98,231.95,231.97,69871
2026-06-23T15:58:00Z,231.97,231.99,231.94,231.96,37820
2026-06-23T15:59:00Z,231.96,231.98,231.93,231.93,78204
2026-06-23T16:00:00Z,231.93,231.95,231.93,231.95,74358
2026-06-23T16:01:00Z,231.95,231.99,231.95,231.99,53845
2026-06-23T16:02:00Z,231.99,232.01,231.94,231.96,35256
2026-06-23T16:03:00Z,231.96,231.96,231.93,231.95,72435
2026-06-23T16:04:00Z,231.95,231.95,231.92,231.94,42307
2026-06-23T16:05:00Z,231.94,231.96,231.89,231.89,83332
2026-06-23T16:06:00Z,231.89,231.93,231.87,231.91,66666
2026-06-23T16:07:00Z,231.91,231.95,231.89,231.95,48717
2026-06-23T16:08:00Z,231.95,231.95,231.92,231.92,83332
2026-06-23T16:09:00Z,231.92,231.92,231.89,231.89,37820
2026-06-23T16:10:00Z,231.89,231.95,231.87,231.93,48717
2026-06-23T16:11:00Z,231.93,231.97,231.93,231.95,67307
2026-06-23T16:12:00Z,231.95,231.97,231.90,231.92,61537
2026-06-23T16:13:00Z,231.92,232.00,231.90,231.98,52563
2026-06-23T16:14:00Z,231.98,232.02,231.96,232.00,91024
2026-06-23T16:15:00Z,232.00,232.04,231.98,232.02,91024
2026-06-23T16:16:00Z,232.02,232.06,232.00,232.04,42948
2026-06-23T16:17:00Z,232.04,232.06,232.02,232.06,70512
2026-06-23T16:18:00Z,232.06,232.12,232.06,232.12,74999
2026-06-23T16:19:00Z,232.12,232.18,232.12,232.18,95511
2026-06-23T16:20:00Z,232.18,232.18,232.13,232.15,69230
2026-06-23T16:21:00Z,232.15,232.15,232.12,232.14,46153
2026-06-23T16:22:00Z,232.14,232.14,232.11,232.13,59614
2026-06-23T16:23:00Z,232.13,232.15,232.10,232.12,57050
2026-06-23T16:24:00Z,232.12,232.18,232.12,232.16,78204
2026-06-23T16:25:00Z,232.16,232.16,232.15,232.15,39102
2026-06-23T16:26:00Z,232.15,232.17,232.12,232.14,45512
2026-06-23T16:27:00Z,232.14,232.14,232.11,232.11,49999
2026-06-23T16:28:00Z,232.11,232.11,232.08,232.10,92947
2026-06-23T16:29:00Z,232.10,232.12,232.07,232.09,67948
2026-06-23T16:30:00Z,232.09,232.11,232.02,232.04,78845
2026-06-23T16:31:00Z,232.04,232.08,232.02,232.06,60255
2026-06-23T16:32:00Z,232.06,232.06,232.03,232.03,64102
2026-06-23T16:33:00Z,232.03,232.03,232.00,232.02,81409
2026-06-23T16:34:00Z,232.02,232.06,232.00,232.04,66025
2026-06-23T16:35:00Z,232.04,232.12,232.02,232.10,41025
2026-06-23T16:36:00Z,232.10,232.14,232.08,232.12,35897
2026-06-23T16:37:00Z,232.12,232.12,232.09,232.11,71153
2026-06-23T16:38:00Z,232.11,232.11,232.08,232.10,92947
2026-06-23T16:39:00Z,232.10,232.12,232.05,232.07,43589
2026-06-23T16:40:00Z,232.07,232.11,232.07,232.09,48717
2026-06-23T16:41:00Z,232.09,232.09,232.06,232.08,79486
2026-06-23T16:42:00Z,232.08,232.12,232.06,232.12,32051
2026-06-23T16:43:00Z,232.12,232.12,232.09,232.11,52563
2026-06-23T16:44:00Z,232.11,232.13,232.08,232.08,60255
2026-06-23T16:45:00Z,232.08,232.10,232.06,232.10,39102
2026-06-23T16:46:00Z,232.10,232.12,232.03,232.05,76922
2026-06-23T16:47:00Z,232.05,232.09,232.03,232.07,92306
2026-06-23T16:48:00Z,232.07,232.11,232.05,232.09,53845
2026-06-23T16:49:00Z,232.09,232.14,232.07,232.12,49999
2026-06-23T16:50:00Z,232.12,232.18,232.12,232.18,86537
2026-06-23T16:51:00Z,232.18,232.20,232.13,232.15,80768
2026-06-23T16:52:00Z,232.15,232.15,232.14,232.14,64102
2026-06-23T16:53:00Z,232.14,232.18,232.14,232.18,56409
2026-06-23T16:54:00Z,232.18,232.20,232.13,232.15,90383
2026-06-23T16:55:00Z,232.15,232.15,232.12,232.14,51922
2026-06-23T16:56:00Z,232.14,232.16,232.14,232.16,39102
2026-06-23T16:57:00Z,232.16,232.20,232.16,232.20,82691
2026-06-23T16:58:00Z,232.20,232.26,232.20,232.24,80127
2026-06-23T16:59:00Z,232.24,232.26,232.19,232.21,62819
2026-06-23T17:00:00Z,232.21,232.25,232.19,232.25,70512
2026-06-23T17:01:00Z,232.25,232.27,232.23,232.27,69230
2026-06-23T17:02:00Z,232.27,232.31,232.25,232.29,81409
2026-06-23T17:03:00Z,232.29,232.31,232.26,232.28,82691
2026-06-23T17:04:00Z,232.28,232.30,232.26,232.30,85255
2026-06-23T17:05:00Z,232.30,232.30,232.27,232.29,58332
2026-06-23T17:06:00Z,232.29,232.35,232.27,232.35,54486
2026-06-23T17:07:00Z,232.35,232.35,232.34,232.34,85896
2026-06-23T17:08:00Z,232.34,232.36,232.34,232.36,36538
2026-06-23T17:09:00Z,232.36,232.41,232.36,232.39,87178
2026-06-23T17:10:00Z,232.39,232.41,232.34,232.36,64743
2026-06-23T17:11:00Z,232.36,232.38,232.35,232.35,75640
2026-06-23T17:12:00Z,232.35,232.39,232.33,232.39,46153
2026-06-23T17:13:00Z,232.39,232.41,232.38,232.38,78204
2026-06-23T17:14:00Z,232.38,232.42,232.38,232.42,89742
2026-06-23T17:15:00Z,232.42,232.44,232.40,232.44,48717
2026-06-23T17:16:00Z,232.44,232.50,232.42,232.48,80768
2026-06-23T17:17:00Z,232.48,232.48,232.43,232.43,62178
2026-06-23T17:18:00Z,232.43,232.49,232.43,232.47,84614
2026-06-23T17:19:00Z,232.47,232.49,232.45,232.49,48717
2026-06-23T17:20:00Z,232.49,232.51,232.44,232.46,58332
2026-06-23T17:21:00Z,232.46,232.50,232.46,232.48,71794
2026-06-23T17:22:00Z,232.48,232.48,232.45,232.47,69230
2026-06-23T17:23:00Z,232.47,232.51,232.45,232.49,39743
2026-06-23T17:24:00Z,232.49,232.55,232.47,232.53,89742
2026-06-23T17:25:00Z,232.53,232.57,232.53,232.55,60896
2026-06-23T17:26:00Z,232.55,232.59,232.55,232.57,66666
2026-06-23T17:27:00Z,232.57,232.59,232.55,232.59,40384
2026-06-23T17:28:00Z,232.59,232.63,232.59,232.61,76281
2026-06-23T17:29:00Z,232.61,232.63,232.57,232.59,51922
2026-06-23T17:30:00Z,232.59,232.62,232.57,232.60,50640
2026-06-23T17:31:00Z,232.60,232.63,232.60,232.61,74999
2026-06-23T17:32:00Z,232.61,232.66,232.59,232.64,39102
2026-06-23T17:33:00Z,232.64,232.66,232.62,232.62,63460
2026-06-23T17:34:00Z,232.62,232.65,232.62,232.63,33333
2026-06-23T17:35:00Z,232.63,232.66,232.61,232.66,53845
2026-06-23T17:36:00Z,232.66,232.71,232.64,232.69,69230
2026-06-23T17:37:00Z,232.69,232.69,232.63,232.65,42948
2026-06-23T17:38:00Z,232.65,232.68,232.65,232.66,61537
2026-06-23T17:39:00Z,232.66,232.71,232.64,232.69,85255
2026-06-23T17:40:00Z,232.69,232.71,232.63,232.65,60896
2026-06-23T17:41:00Z,232.65,232.68,232.65,232.66,61537
2026-06-23T17:42:00Z,232.66,232.69,232.66,232.69,87178
2026-06-23T17:43:00Z,232.69,232.70,232.69,232.70,61537
2026-06-23T17:44:00Z,232.70,232.77,232.68,232.75,87178
2026-06-23T17:45:00Z,232.75,232.82,232.73,232.82,74999
2026-06-23T17:46:00Z,232.82,232.85,232.82,232.83,77563
2026-06-23T17:47:00Z,232.83,232.83,232.77,232.79,69871
2026-06-23T17:48:00Z,232.79,232.82,232.79,232.82,94229
2026-06-23T17:49:00Z,232.82,232.84,232.81,232.81,60255
2026-06-23T17:50:00Z,232.81,232.82,232.79,232.82,92306
2026-06-23T17:51:00Z,232.82,232.85,232.82,232.85,33974
2026-06-23T17:52:00Z,232.85,232.87,232.81,232.81,45512
2026-06-23T17:53:00Z,232.81,232.83,232.75,232.77,52563
2026-06-23T17:54:00Z,232.77,232.77,232.71,232.73,46794
2026-06-23T17:55:00Z,232.73,232.75,232.71,232.71,96153
2026-06-23T17:56:00Z,232.71,232.71,232.67,232.69,76281
2026-06-23T17:57:00Z,232.69,232.69,232.65,232.67,66666
2026-06-23T17:58:00Z,232.67,232.67,232.63,232.65,47435
2026-06-23T17:59:00Z,232.65,232.70,232.63,232.68,62819
2026-06-23T18:00:00Z,232.68,232.71,232.66,232.71,78845
2026-06-23T18:01:00Z,232.71,232.78,232.69,232.76,65384
2026-06-23T18:02:00Z,232.76,232.77,232.74,232.77,80127
2026-06-23T18:03:00Z,232.77,232.77,232.73,232.75,80768
2026-06-23T18:04:00Z,232.75,232.80,232.75,232.78,61537
2026-06-23T18:05:00Z,232.78,232.80,232.76,232.76,72435
2026-06-23T18:06:00Z,232.76,232.81,232.74,232.79,35256
2026-06-23T18:07:00Z,232.79,232.79,232.77,232.77,85896
2026-06-23T18:08:00Z,232.77,232.82,232.77,232.80,48717
2026-06-23T18:09:00Z,232.80,232.80,232.77,232.79,75640
2026-06-23T18:10:00Z,232.79,232.80,232.77,232.80,63460
2026-06-23T18:11:00Z,232.80,232.80,232.76,232.78,58973
2026-06-23T18:12:00Z,232.78,232.78,232.74,232.76,46794
2026-06-23T18:13:00Z,232.76,232.76,232.72,232.74,91665
2026-06-23T18:14:00Z,232.74,232.77,232.74,232.77,95511
2026-06-23T18:15:00Z,232.77,232.78,232.75,232.78,67948
2026-06-23T18:16:00Z,232.78,232.78,232.74,232.74,46794
2026-06-23T18:17:00Z,232.74,232.76,232.66,232.68,80768
2026-06-23T18:18:00Z,232.68,232.71,232.66,232.69,58973
2026-06-23T18:19:00Z,232.69,232.74,232.69,232.72,32692
2026-06-23T18:20:00Z,232.72,232.72,232.64,232.66,53845
2026-06-23T18:21:00Z,232.66,232.69,232.64,232.67,78204
2026-06-23T18:22:00Z,232.67,232.70,232.67,232.70,76281
2026-06-23T18:23:00Z,232.70,232.73,232.68,232.71,89101
2026-06-23T18:24:00Z,232.71,232.72,232.69,232.72,77563
2026-06-23T18:25:00Z,232.72,232.74,232.66,232.68,69230
2026-06-23T18:26:00Z,232.68,232.68,232.64,232.66,46794
2026-06-23T18:27:00Z,232.66,232.67,232.66,232.67,64743
2026-06-23T18:28:00Z,232.67,232.69,232.63,232.65,83332
2026-06-23T18:29:00Z,232.65,232.65,232.62,232.64,76281
2026-06-23T18:30:00Z,232.64,232.65,232.62,232.65,72435
2026-06-23T18:31:00Z,232.65,232.65,232.64,232.64,57050
2026-06-23T18:32:00Z,232.64,232.66,232.62,232.62,41666
2026-06-23T18:33:00Z,232.62,232.64,232.57,232.57,87819
2026-06-23T18:34:00Z,232.57,232.63,232.55,232.61,49358
2026-06-23T18:35:00Z,232.61,232.64,232.61,232.64,77563
2026-06-23T18:36:00Z,232.64,232.66,232.63,232.63,54486
2026-06-23T18:37:00Z,232.63,232.65,232.61,232.65,54486
2026-06-23T18:38:00Z,232.65,232.68,232.63,232.66,87178
2026-06-23T18:39:00Z,232.66,232.72,232.66,232.70,59614
2026-06-23T18:40:00Z,232.70,232.71,232.68,232.71,36538
2026-06-23T18:41:00Z,232.71,232.73,232.71,232.73,73076
2026-06-23T18:42:00Z,232.73,232.79,232.71,232.77,67948
2026-06-23T18:43:00Z,232.77,232.77,232.75,232.75,60896
2026-06-23T18:44:00Z,232.75,232.79,232.75,232.79,52563
2026-06-23T18:45:00Z,232.79,232.83,232.77,232.81,55127
2026-06-23T18:46:00Z,232.81,232.84,232.79,232.84,51922
2026-06-23T18:47:00Z,232.84,232.86,232.84,232.86,44871
2026-06-23T18:48:00Z,232.86,232.86,232.85,232.85,35897
2026-06-23T18:49:00Z,232.85,232.86,232.83,232.86,57050
2026-06-23T18:50:00Z,232.86,232.90,232.84,232.88,73717
2026-06-23T18:51:00Z,232.88,232.91,232.86,232.89,42948
2026-06-23T18:52:00Z,232.89,232.91,232.86,232.88,46153
2026-06-23T18:53:00Z,232.88,232.90,232.86,232.90,44230
2026-06-23T18:54:00Z,232.90,232.90,232.88,232.88,33333
2026-06-23T18:55:00Z,232.88,232.90,232.88,232.90,75640
2026-06-23T18:56:00Z,232.90,232.90,232.87,232.89,44871
2026-06-23T18:57:00Z,232.89,232.91,232.85,232.87,33333
2026-06-23T18:58:00Z,232.87,232.93,232.87,232.91,45512
2026-06-23T18:59:00Z,232.91,232.93,232.89,232.93,90383
2026-06-23T19:00:00Z,232.93,232.93,232.89,232.89,38461
2026-06-23T19:01:00Z,232.89,232.91,232.84,232.84,62178
2026-06-23T19:02:00Z,232.84,232.85,232.84,232.85,94870
2026-06-23T19:03:00Z,232.85,232.91,232.85,232.89,37179
2026-06-23T19:04:00Z,232.89,232.89,232.86,232.88,34615
2026-06-23T19:05:00Z,232.88,232.88,232.86,232.86,62819
2026-06-23T19:06:00Z,232.86,232.90,232.86,232.90,41025
2026-06-23T19:07:00Z,232.90,232.92,232.88,232.92,36538
2026-06-23T19:08:00Z,232.92,232.94,232.88,232.90,59614
2026-06-23T19:09:00Z,232.90,232.94,232.90,232.94,87819
2026-06-23T19:10:00Z,232.94,232.95,232.92,232.95,35897
2026-06-23T19:11:00Z,232.95,232.97,232.94,232.94,64743
2026-06-23T19:12:00Z,232.94,232.96,232.92,232.96,72435
2026-06-23T19:13:00Z,232.96,232.98,232.92,232.92,49358
2026-06-23T19:14:00Z,232.92,232.94,232.89,232.89,48076
2026-06-23T19:15:00Z,232.89,232.91,232.87,232.91,55768
2026-06-23T19:16:00Z,232.91,232.91,232.87,232.89,89742
2026-06-23T19:17:00Z,232.89,232.89,232.86,232.88,34615
2026-06-23T19:18:00Z,232.88,232.90,232.88,232.90,48717
2026-06-23T19:19:00Z,232.90,232.90,232.84,232.86,92947
2026-06-23T19:20:00Z,232.86,232.86,232.83,232.85,52563
2026-06-23T19:21:00Z,232.85,232.87,232.79,232.81,34615
2026-06-23T19:22:00Z,232.81,232.83,232.80,232.80,94870
2026-06-23T19:23:00Z,232.80,232.84,232.80,232.82,53845
2026-06-23T19:24:00Z,232.82,232.82,232.78,232.80,48076
2026-06-23T19:25:00Z,232.80,232.82,232.79,232.79,82050
2026-06-23T19:26:00Z,232.79,232.83,232.77,232.81,72435
2026-06-23T19:27:00Z,232.81,232.84,232.79,232.84,74999
2026-06-23T19:28:00Z,232.84,232.84,232.81,232.83,53845
2026-06-23T19:29:00Z,232.83,232.83,232.82,232.82,77563
2026-06-23T19:30:00Z,232.82,232.82,232.80,232.80,85255
2026-06-23T19:31:00Z,232.80,232.85,232.80,232.83,52563
2026-06-23T19:32:00Z,232.83,232.90,232.83,232.88,81409
2026-06-23T19:33:00Z,232.88,232.88,232.85,232.87,47435
2026-06-23T19:34:00Z,232.87,232.89,232.81,232.83,55768
2026-06-23T19:35:00Z,232.83,232.85,232.79,232.81,92947
2026-06-23T19:36:00Z,232.81,232.82,232.81,232.82,89101
2026-06-23T19:37:00Z,232.82,232.82,232.79,232.81,79486
2026-06-23T19:38:00Z,232.81,232.83,232.77,232.79,56409
2026-06-23T19:39:00Z,232.79,232.80,232.77,232.80,94229
2026-06-23T19:40:00Z,232.80,232.83,232.80,232.83,94229
2026-06-23T19:41:00Z,232.83,232.85,232.83,232.85,53204
2026-06-23T19:42:00Z,232.85,232.88,232.85,232.88,88460
2026-06-23T19:43:00Z,232.88,232.95,232.86,232.93,42948
2026-06-23T19:44:00Z,232.93,232.95,232.90,232.92,32692
2026-06-23T19:45:00Z,232.92,232.92,232.86,232.86,44230
2026-06-23T19:46:00Z,232.86,232.89,232.86,232.89,77563
2026-06-23T19:47:00Z,232.89,232.94,232.87,232.92,82050
2026-06-23T19:48:00Z,232.92,232.98,232.92,232.96,62819
2026-06-23T19:49:00Z,232.96,232.97,232.96,232.97,82050
2026-06-23T19:50:00Z,232.97,232.99,232.93,232.93,65384
2026-06-23T19:51:00Z,232.93,232.98,232.91,232.96,36538
2026-06-23T19:52:00Z,232.96,233.00,232.94,232.98,50640
2026-06-23T19:53:00Z,232.98,233.01,232.96,232.99,47435
2026-06-23T19:54:00Z,232.99,233.01,232.95,232.97,74358
2026-06-23T19:55:00Z,232.97,232.98,232.97,232.98,44230
2026-06-23T19:56:00Z,232.98,233.00,232.95,232.97,55768
2026-06-23T19:57:00Z,232.97,233.00,232.95,233.00,48076
2026-06-23T19:58:00Z,233.00,233.00,232.96,232.98,53204
2026-06-23T19:59:00Z,232.98,233.06,232.96,233.04,69230
2026-06-24T13:30:00Z,233.04,233.06,233.02,233.02,89101
2026-06-24T13:31:00Z,233.02,233.03,233.02,233.03,52563
2026-06-24T13:32:00Z,233.03,233.06,233.03,233.06,95511
2026-06-24T13:33:00Z,233.06,233.11,233.04,233.09,35897
2026-06-24T13:34:00Z,233.09,233.11,233.09,233.11,88460
2026-06-24T13:35:00Z,233.11,233.14,233.11,233.14,52563
2026-06-24T13:36:00Z,233.14,233.17,233.14,233.17,58332
2026-06-24T13:37:00Z,233.17,233.19,233.13,233.15,67307
2026-06-24T13:38:00Z,233.15,233.16,233.13,233.16,57691
2026-06-24T13:39:00Z,233.16,233.16,233.09,233.11,64743
2026-06-24T13:40:00Z,233.11,233.11,233.09,233.09,89742
2026-06-24T13:41:00Z,233.09,233.09,233.05,233.05,71794
2026-06-24T13:42:00Z,233.05,233.10,233.05,233.08,89742
2026-06-24T13:43:00Z,233.08,233.09,233.06,233.09,42307
2026-06-24T13:44:00Z,233.09,233.13,233.09,233.13,60255
2026-06-24T13:45:00Z,233.13,233.13,233.09,233.11,42307
2026-06-24T13:46:00Z,233.11,233.16,233.09,233.14,63460
2026-06-24T13:47:00Z,233.14,233.16,233.12,233.12,66025
2026-06-24T13:48:00Z,233.12,233.12,233.08,233.10,66025
2026-06-24T13:49:00Z,233.10,233.16,233.10,233.14,45512
2026-06-24T13:50:00Z,233.14,233.23,233.14,233.21,47435
2026-06-24T13:51:00Z,233.21,233.24,233.21,233.22,83973
2026-06-24T13:52:00Z,233.22,233.22,233.18,233.20,64743
2026-06-24T13:53:00Z,233.20,233.21,233.18,233.21,51922
2026-06-24T13:54:00Z,233.21,233.23,233.20,233.20,57691
2026-06-24T13:55:00Z,233.20,233.21,233.20,233.21,93588
2026-06-24T13:56:00Z,233.21,233.28,233.19,233.26,56409
2026-06-24T13:57:00Z,233.26,233.26,233.22,233.22,68589
2026-06-24T13:58:00Z,233.22,233.22,233.20,233.20,78204
2026-06-24T13:59:00Z,233.20,233.22,233.19,233.19,42307
2026-06-24T14:00:00Z,233.19,233.22,233.19,233.20,41666
2026-06-24T14:01:00Z,233.20,233.27,233.20,233.25,70512
2026-06-24T14:02:00Z,233.25,233.26,233.25,233.26,82050
2026-06-24T14:03:00Z,233.26,233.26,233.22,233.24,64743
2026-06-24T14:04:00Z,233.24,233.30,233.22,233.28,36538
2026-06-24T14:05:00Z,233.28,233.31,233.28,233.29,69230
2026-06-24T14:06:00Z,233.29,233.31,233.23,233.23,89742
2026-06-24T14:07:00Z,233.23,233.24,233.23,233.24,76922
2026-06-24T14:08:00Z,233.24,233.25,233.24,233.25,76922
2026-06-24T14:09:00Z,233.25,233.25,233.22,233.22,71153
2026-06-24T14:10:00Z,233.22,233.22,233.20,233.20,83973
2026-06-24T14:11:00Z,233.20,233.27,233.18,233.25,87178
2026-06-24T14:12:00Z,233.25,233.25,233.19,233.21,51281
2026-06-24T14:13:00Z,233.21,233.21,233.17,233.17,42948
2026-06-24T14:14:00Z,233.17,233.23,233.15,233.21,70512
2026-06-24T14:15:00Z,233.21,233.23,233.17,233.19,46153
2026-06-24T14:16:00Z,233.19,233.20,233.19,233.20,87819
2026-06-24T14:17:00Z,233.20,233.25,233.18,233.23,75640
2026-06-24T14:18:00Z,233.23,233.26,233.21,233.24,89101
2026-06-24T14:19:00Z,233.24,233.26,233.21,233.23,70512
2026-06-24T14:20:00Z,233.23,233.24,233.21,233.24,53204
2026-06-24T14:21:00Z,233.24,233.26,233.22,233.22,64102
2026-06-24T14:22:00Z,233.22,233.27,233.20,233.25,46153
2026-06-24T14:23:00Z,233.25,233.25,233.19,233.21,42307
2026-06-24T14:24:00Z,233.21,233.25,233.19,233.25,37820
2026-06-24T14:25:00Z,233.25,233.27,233.19,233.21,33974
2026-06-24T14:26:00Z,233.21,233.21,233.19,233.19,95511
2026-06-24T14:27:00Z,233.19,233.21,233.13,233.15,42948
2026-06-24T14:28:00Z,233.15,233.15,233.13,233.13,34615
2026-06-24T14:29:00Z,233.13,233.15,233.12,233.12,85255
2026-06-24T14:30:00Z,233.12,233.12,233.08,233.10,38461
2026-06-24T14:31:00Z,233.10,233.12,233.10,233.12,49999
2026-06-24T14:32:00Z,233.12,233.12,233.09,233.11,74999
2026-06-24T14:33:00Z,233.11,233.12,233.09,233.12,84614
2026-06-24T14:34:00Z,233.12,233.14,233.09,233.09,74358
2026-06-24T14:35:00Z,233.09,233.11,233.08,233.08,52563
2026-06-24T14:36:00Z,233.08,233.10,233.07,233.07,87819
2026-06-24T14:37:00Z,233.07,233.07,233.05,233.05,69871
2026-06-24T14:38:00Z,233.05,233.09,233.03,233.09,87178
2026-06-24T14:39:00Z,233.09,233.09,233.08,233.08,49358
2026-06-24T14:40:00Z,233.08,233.10,233.03,233.05,85255
2026-06-24T14:41:00Z,233.05,233.10,233.03,233.10,91665
2026-06-24T14:42:00Z,233.10,233.12,233.07,233.07,74358
2026-06-24T14:43:00Z,233.07,233.09,233.07,233.09,66025
2026-06-24T14:44:00Z,233.09,233.11,233.06,233.08,35897
2026-06-24T14:45:00Z,233.08,233.08,233.04,233.06,76281
2026-06-24T14:46:00Z,233.06,233.12,233.06,233.10,37179
2026-06-24T14:47:00Z,233.10,233.12,233.10,233.12,41666
2026-06-24T14:48:00Z,233.12,233.12,233.04,233.06,69871
2026-06-24T14:49:00Z,233.06,233.12,233.06,233.10,41666
2026-06-24T14:50:00Z,233.10,233.12,233.07,233.09,53845
2026-06-24T14:51:00Z,233.09,233.13,233.09,233.11,72435
2026-06-24T14:52:00Z,233.11,233.12,233.09,233.12,91665
2026-06-24T14:53:00Z,233.12,233.12,233.09,233.11,65384
2026-06-24T14:54:00Z,233.11,233.13,233.09,233.13,85896
2026-06-24T14:55:00Z,233.13,233.15,233.10,233.12,94870
2026-06-24T14:56:00Z,233.12,233.12,233.08,233.10,58973
2026-06-24T14:57:00Z,233.10,233.12,233.07,233.07,83973
2026-06-24T14:58:00Z,233.07,233.11,233.05,233.09,59614
2026-06-24T14:59:00Z,233.09,233.13,233.07,233.13,80127
2026-06-24T15:00:00Z,233.13,233.15,233.09,233.09,64102
2026-06-24T15:01:00Z,233.09,233.11,233.08,233.08,39743
2026-06-24T15:02:00Z,233.08,233.08,233.03,233.05,57691
2026-06-24T15:03:00Z,233.05,233.08,233.03,233.08,40384
2026-06-24T15:04:00Z,233.08,233.10,233.03,233.05,94229
2026-06-24T15:05:00Z,233.05,233.09,233.05,233.07,91665
2026-06-24T15:06:00Z,233.07,233.07,233.06,233.06,54486
2026-06-24T15:07:00Z,233.06,233.06,233.02,233.04,46794
2026-06-24T15:08:00Z,233.04,233.04,232.99,233.01,95511
2026-06-24T15:09:00Z,233.01,233.03,233.01,233.03,42948
2026-06-24T15:10:00Z,233.03,233.11,233.03,233.09,80768
2026-06-24T15:11:00Z,233.09,233.11,233.05,233.07,64743
2026-06-24T15:12:00Z,233.07,233.11,233.07,233.11,69230
2026-06-24T15:13:00Z,233.11,233.13,233.09,233.13,55127
2026-06-24T15:14:00Z,233.13,233.15,233.13,233.15,95511
2026-06-24T15:15:00Z,233.15,233.16,233.13,233.16,74999
2026-06-24T15:16:00Z,233.16,233.20,233.16,233.18,81409
2026-06-24T15:17:00Z,233.18,233.22,233.16,233.20,80127
2026-06-24T15:18:00Z,233.20,233.23,233.18,233.23,89101
2026-06-24T15:19:00Z,233.23,233.23,233.20,233.20,56409
2026-06-24T15:20:00Z,233.20,233.28,233.20,233.26,71794
2026-06-24T15:21:00Z,233.26,233.30,233.24,233.28,96153
2026-06-24T15:22:00Z,233.28,233.29,233.28,233.29,94870
2026-06-24T15:23:00Z,233.29,233.33,233.29,233.33,53204
2026-06-24T15:24:00Z,233.33,233.37,233.31,233.37,90383
2026-06-24T15:25:00Z,233.37,233.39,233.36,233.36,58332
2026-06-24T15:26:00Z,233.36,233.37,233.34,233.37,76922
2026-06-24T15:27:00Z,233.37,233.43,233.37,233.41,87178
2026-06-24T15:28:00Z,233.41,233.41,233.40,233.40,73076
2026-06-24T15:29:00Z,233.40,233.40,233.39,233.39,36538
2026-06-24T15:30:00Z,233.39,233.43,233.37,233.41,78845
2026-06-24T15:31:00Z,233.41,233.44,233.39,233.42,38461
2026-06-24T15:32:00Z,233.42,233.42,233.40,233.40,32692
2026-06-24T15:33:00Z,233.40,233.40,233.38,233.38,73076
2026-06-24T15:34:00Z,233.38,233.43,233.36,233.41,67948
2026-06-24T15:35:00Z,233.41,233.44,233.41,233.42,45512
2026-06-24T15:36:00Z,233.42,233.44,233.40,233.40,71153
2026-06-24T15:37:00Z,233.40,233.40,233.31,233.33,83973
2026-06-24T15:38:00Z,233.33,233.33,233.30,233.30,32692
2026-06-24T15:39:00Z,233.30,233.32,233.26,233.28,45512
2026-06-24T15:40:00Z,233.28,233.30,233.24,233.24,75640
2026-06-24T15:41:00Z,233.24,233.26,233.18,233.18,44230
2026-06-24T15:42:00Z,233.18,233.23,233.18,233.21,94870
2026-06-24T15:43:00Z,233.21,233.24,233.21,233.24,52563
2026-06-24T15:44:00Z,233.24,233.24,233.20,233.22,52563
2026-06-24T15:45:00Z,233.22,233.22,233.20,233.20,32692
2026-06-24T15:46:00Z,233.20,233.23,233.18,233.23,46794
2026-06-24T15:47:00Z,233.23,233.23,233.23,233.23,58973
2026-06-24T15:48:00Z,233.23,233.23,233.17,233.19,85896
2026-06-24T15:49:00Z,233.19,233.21,233.15,233.17,55127
2026-06-24T15:50:00Z,233.17,233.18,233.15,233.18,64743
2026-06-24T15:51:00Z,233.18,233.19,233.16,233.19,66025
2026-06-24T15:52:00Z,233.19,233.20,233.17,233.20,41666
2026-06-24T15:53:00Z,233.20,233.23,233.20,233.21,49358
2026-06-24T15:54:00Z,233.21,233.21,233.17,233.19,45512
2026-06-24T15:55:00Z,233.19,233.19,233.19,233.19,52563
2026-06-24T15:56:00Z,233.19,233.21,233.15,233.17,58332
2026-06-24T15:57:00Z,233.17,233.22,233.15,233.20,80127
2026-06-24T15:58:00Z,233.20,233.20,233.16,233.16,80768
2026-06-24T15:59:00Z,233.16,233.23,233.14,233.21,44230
2026-06-24T16:00:00Z,233.21,233.26,233.21,233.26,82691
2026-06-24T16:01:00Z,233.26,233.31,233.24,233.31,37820
2026-06-24T16:02:00Z,233.31,233.31,233.29,233.29,57691
2026-06-24T16:03:00Z,233.29,233.30,233.29,233.30,71794
2026-06-24T16:04:00Z,233.30,233.34,233.28,233.32,43589
2026-06-24T16:05:00Z,233.32,233.37,233.30,233.35,94870
2026-06-24T16:06:00Z,233.35,233.38,233.35,233.36,69230
2026-06-24T16:07:00Z,233.36,233.37,233.36,233.37,90383
2026-06-24T16:08:00Z,233.37,233.40,233.37,233.40,69230
2026-06-24T16:09:00Z,233.40,233.42,233.34,233.36,94870
2026-06-24T16:10:00Z,233.36,233.37,233.34,233.37,88460
2026-06-24T16:11:00Z,233.37,233.39,233.33,233.35,49358
2026-06-24T16:12:00Z,233.35,233.41,233.33,233.39,85896
2026-06-24T16:13:00Z,233.39,233.44,233.37,233.42,37179
2026-06-24T16:14:00Z,233.42,233.47,233.40,233.45,56409
2026-06-24T16:15:00Z,233.45,233.48,233.43,233.48,82691
2026-06-24T16:16:00Z,233.48,233.49,233.46,233.49,42307
2026-06-24T16:17:00Z,233.49,233.56,233.47,233.54,92306
2026-06-24T16:18:00Z,233.54,233.59,233.52,233.57,74358
2026-06-24T16:19:00Z,233.57,233.58,233.55,233.58,70512
2026-06-24T16:20:00Z,233.58,233.59,233.58,233.59,68589
2026-06-24T16:21:00Z,233.59,233.63,233.57,233.61,66025
2026-06-24T16:22:00Z,233.61,233.63,233.57,233.59,62819
2026-06-24T16:23:00Z,233.59,233.61,233.57,233.57,85896
2026-06-24T16:24:00Z,233.57,233.59,233.53,233.55,46153
2026-06-24T16:25:00Z,233.55,233.56,233.55,233.56,50640
2026-06-24T16:26:00Z,233.56,233.57,233.54,233.57,63460
2026-06-24T16:27:00Z,233.57,233.57,233.51,233.53,62178
2026-06-24T16:28:00Z,233.53,233.54,233.53,233.54,51922
2026-06-24T16:29:00Z,233.54,233.57,233.54,233.57,35256
2026-06-24T16:30:00Z,233.57,233.59,233.48,233.50,72435
2026-06-24T16:31:00Z,233.50,233.50,233.48,233.48,58973
2026-06-24T16:32:00Z,233.48,233.48,233.46,233.46,66025
2026-06-24T16:33:00Z,233.46,233.46,233.43,233.45,80127
2026-06-24T16:34:00Z,233.45,233.45,233.41,233.41,32692
2026-06-24T16:35:00Z,233.41,233.43,233.35,233.37,63460
2026-06-24T16:36:00Z,233.37,233.39,233.35,233.35,35897
2026-06-24T16:37:00Z,233.35,233.35,233.34,233.34,92306
2026-06-24T16:38:00Z,233.34,233.41,233.32,233.39,73717
2026-06-24T16:39:00Z,233.39,233.46,233.39,233.44,90383
2026-06-24T16:40:00Z,233.44,233.45,233.42,233.45,81409
2026-06-24T16:41:00Z,233.45,233.49,233.43,233.47,91024
2026-06-24T16:42:00Z,233.47,233.48,233.45,233.48,66025
2026-06-24T16:43:00Z,233.48,233.51,233.48,233.49,49358
2026-06-24T16:44:00Z,233.49,233.49,233.47,233.47,84614
2026-06-24T16:45:00Z,233.47,233.49,233.46,233.46,93588
2026-06-24T16:46:00Z,233.46,233.47,233.46,233.47,51922
2026-06-24T16:47:00Z,233.47,233.49,233.41,233.43,49999
2026-06-24T16:48:00Z,233.43,233.48,233.41,233.46,35256
2026-06-24T16:49:00Z,233.46,233.52,233.46,233.50,85896
2026-06-24T16:50:00Z,233.50,233.53,233.48,233.51,64102
2026-06-24T16:51:00Z,233.51,233.53,233.49,233.49,82050
2026-06-24T16:52:00Z,233.49,233.54,233.49,233.52,38461
2026-06-24T16:53:00Z,233.52,233.54,233.52,233.54,39102
2026-06-24T16:54:00Z,233.54,233.54,233.50,233.52,70512
2026-06-24T16:55:00Z,233.52,233.57,233.52,233.55,33974
2026-06-24T16:56:00Z,233.55,233.57,233.49,233.49,47435
2026-06-24T16:57:00Z,233.49,233.53,233.47,233.51,67307
2026-06-24T16:58:00Z,233.51,233.52,233.51,233.52,58973
2026-06-24T16:59:00Z,233.52,233.54,233.48,233.48,45512
2026-06-24T17:00:00Z,233.48,233.51,233.48,233.49,87178
2026-06-24T17:01:00Z,233.49,233.49,233.46,233.48,35897
2026-06-24T17:02:00Z,233.48,233.49,233.46,233.49,72435
2026-06-24T17:03:00Z,233.49,233.52,233.47,233.52,69230
2026-06-24T17:04:00Z,233.52,233.54,233.48,233.50,61537
2026-06-24T17:05:00Z,233.50,233.52,233.50,233.52,89101
2026-06-24T17:06:00Z,233.52,233.54,233.46,233.46,45512
2026-06-24T17:07:00Z,233.46,233.53,233.46,233.51,48076
2026-06-24T17:08:00Z,233.51,233.56,233.51,233.54,82050
2026-06-24T17:09:00Z,233.54,233.58,233.52,233.58,48076
2026-06-24T17:10:00Z,233.58,233.59,233.56,233.59,64743
2026-06-24T17:11:00Z,233.59,233.66,233.57,233.64,94870
2026-06-24T17:12:00Z,233.64,233.64,233.60,233.62,92306
2026-06-24T17:13:00Z,233.62,233.62,233.59,233.61,80127
2026-06-24T17:14:00Z,233.61,233.61,233.59,233.59,82050
2026-06-24T17:15:00Z,233.59,233.61,233.53,233.53,72435
2026-06-24T17:16:00Z,233.53,233.55,233.51,233.51,84614
2026-06-24T17:17:00Z,233.51,233.55,233.49,233.55,74999
2026-06-24T17:18:00Z,233.55,233.56,233.53,233.56,70512
2026-06-24T17:19:00Z,233.56,233.59,233.54,233.59,69230
2026-06-24T17:20:00Z,233.59,233.62,233.57,233.62,64743
2026-06-24T17:21:00Z,233.62,233.66,233.62,233.66,35256
2026-06-24T17:22:00Z,233.66,233.68,233.60,233.62,55127
2026-06-24T17:23:00Z,233.62,233.62,233.60,233.60,66025
2026-06-24T17:24:00Z,233.60,233.63,233.58,233.61,70512
2026-06-24T17:25:00Z,233.61,233.67,233.59,233.67,50640
2026-06-24T17:26:00Z,233.67,233.67,233.63,233.63,64102
2026-06-24T17:27:00Z,233.63,233.65,233.59,233.61,76281
2026-06-24T17:28:00Z,233.61,233.61,233.57,233.59,50640
2026-06-24T17:29:00Z,233.59,233.59,233.56,233.56,83973
2026-06-24T17:30:00Z,233.56,233.60,233.56,233.58,91665
2026-06-24T17:31:00Z,233.58,233.61,233.56,233.59,46794
2026-06-24T17:32:00Z,233.59,233.62,233.57,233.60,94870
2026-06-24T17:33:00Z,233.60,233.62,233.55,233.57,72435
2026-06-24T17:34:00Z,233.57,233.58,233.55,233.58,85255
2026-06-24T17:35:00Z,233.58,233.60,233.56,233.56,57050
2026-06-24T17:36:00Z,233.56,233.58,233.53,233.53,92947
2026-06-24T17:37:00Z,233.53,233.60,233.51,233.58,43589
2026-06-24T17:38:00Z,233.58,233.61,233.56,233.61,67948
2026-06-24T17:39:00Z,233.61,233.63,233.54,233.56,71153
2026-06-24T17:40:00Z,233.56,233.61,233.56,233.59,44230
2026-06-24T17:41:00Z,233.59,233.64,233.59,233.62,44230
2026-06-24T17:42:00Z,233.62,233.64,233.62,233.62,80768
2026-06-24T17:43:00Z,233.62,233.63,233.60,233.63,37820
2026-06-24T17:44:00Z,233.63,233.64,233.63,233.64,80127
2026-06-24T17:45:00Z,233.64,233.68,233.64,233.66,57691
2026-06-24T17:46:00Z,233.66,233.66,233.62,233.64,76281
2026-06-24T17:47:00Z,233.64,233.66,233.60,233.62,41666
2026-06-24T17:48:00Z,233.62,233.66,233.62,233.64,59614
2026-06-24T17:49:00Z,233.64,233.67,233.62,233.65,46153
2026-06-24T17:50:00Z,233.65,233.65,233.61,233.61,51922
2026-06-24T17:51:00Z,233.61,233.65,233.61,233.63,65384
2026-06-24T17:52:00Z,233.63,233.66,233.61,233.64,33333
2026-06-24T17:53:00Z,233.64,233.64,233.60,233.60,67307
2026-06-24T17:54:00Z,233.60,233.60,233.57,233.57,80768
2026-06-24T17:55:00Z,233.57,233.57,233.51,233.53,41025
2026-06-24T17:56:00Z,233.53,233.53,233.47,233.49,93588
2026-06-24T17:57:00Z,233.49,233.51,233.46,233.46,63460
2026-06-24T17:58:00Z,233.46,233.47,233.46,233.47,40384
2026-06-24T17:59:00Z,233.47,233.52,233.47,233.50,36538
2026-06-24T18:00:00Z,233.50,233.54,233.48,233.52,40384
2026-06-24T18:01:00Z,233.52,233.54,233.48,233.48,71153
2026-06-24T18:02:00Z,233.48,233.51,233.48,233.49,93588
2026-06-24T18:03:00Z,233.49,233.49,233.49,233.49,73717
2026-06-24T18:04:00Z,233.49,233.51,233.47,233.47,53204
2026-06-24T18:05:00Z,233.47,233.52,233.47,233.52,92947
2026-06-24T18:06:00Z,233.52,233.52,233.47,233.49,83973
2026-06-24T18:07:00Z,233.49,233.49,233.45,233.47,48717
2026-06-24T18:08:00Z,233.47,233.47,233.43,233.45,80768
2026-06-24T18:09:00Z,233.45,233.45,233.43,233.45,49358
2026-06-24T18:10:00Z,233.45,233.50,233.43,233.48,54486
2026-06-24T18:11:00Z,233.48,233.50,233.46,233.46,48076
2026-06-24T18:12:00Z,233.46,233.46,233.46,233.46,55768
2026-06-24T18:13:00Z,233.46,233.49,233.46,233.49,65384
2026-06-24T18:14:00Z,233.49,233.52,233.47,233.50,45512
2026-06-24T18:15:00Z,233.50,233.50,233.48,233.50,94229
2026-06-24T18:16:00Z,233.50,233.53,233.50,233.53,49358
2026-06-24T18:17:00Z,233.53,233.58,233.53,233.56,83973
2026-06-24T18:18:00Z,233.56,233.58,233.51,233.53,69871
2026-06-24T18:19:00Z,233.53,233.55,233.49,233.51,43589
2026-06-24T18:20:00Z,233.51,233.53,233.49,233.49,95511
2026-06-24T18:21:00Z,233.49,233.49,233.49,233.49,68589
2026-06-24T18:22:00Z,233.49,233.50,233.49,233.50,60896
2026-06-24T18:23:00Z,233.50,233.52,233.46,233.48,58973
2026-06-24T18:24:00Z,233.48,233.50,233.41,233.43,74358
2026-06-24T18:25:00Z,233.43,233.44,233.43,233.44,51922
2026-06-24T18:26:00Z,233.44,233.44,233.38,233.38,57050
2026-06-24T18:27:00Z,233.38,233.42,233.36,233.40,46794
2026-06-24T18:28:00Z,233.40,233.45,233.40,233.43,87178
2026-06-24T18:29:00Z,233.43,233.48,233.43,233.46,59614
2026-06-24T18:30:00Z,233.46,233.53,233.44,233.51,56409
2026-06-24T18:31:00Z,233.51,233.51,233.50,233.50,66666
2026-06-24T18:32:00Z,233.50,233.50,233.46,233.48,33333
2026-06-24T18:33:00Z,233.48,233.48,233.45,233.47,57050
2026-06-24T18:34:00Z,233.47,233.49,233.41,233.43,42948
2026-06-24T18:35:00Z,233.43,233.45,233.37,233.37,65384
2026-06-24T18:36:00Z,233.37,233.37,233.33,233.33,83332
2026-06-24T18:37:00Z,233.33,233.35,233.30,233.32,86537
2026-06-24T18:38:00Z,233.32,233.34,233.30,233.34,67307
2026-06-24T18:39:00Z,233.34,233.37,233.32,233.35,89101
2026-06-24T18:40:00Z,233.35,233.37,233.32,233.34,72435
2026-06-24T18:41:00Z,233.34,233.35,233.34,233.35,89101
2026-06-24T18:42:00Z,233.35,233.35,233.30,233.30,46153
2026-06-24T18:43:00Z,233.30,233.32,233.28,233.28,44871
2026-06-24T18:44:00Z,233.28,233.28,233.23,233.23,79486
2026-06-24T18:45:00Z,233.23,233.25,233.21,233.25,80768
2026-06-24T18:46:00Z,233.25,233.27,233.21,233.23,76922
2026-06-24T18:47:00Z,233.23,233.25,233.21,233.25,86537
2026-06-24T18:48:00Z,233.25,233.26,233.23,233.26,92306
2026-06-24T18:49:00Z,233.26,233.26,233.21,233.21,67307
2026-06-24T18:50:00Z,233.21,233.21,233.17,233.17,71794
2026-06-24T18:51:00Z,233.17,233.17,233.14,233.14,92306
2026-06-24T18:52:00Z,233.14,233.14,233.13,233.13,69230
2026-06-24T18:53:00Z,233.13,233.16,233.13,233.14,86537
2026-06-24T18:54:00Z,233.14,233.14,233.11,233.13,94870
2026-06-24T18:55:00Z,233.13,233.15,233.11,233.11,92947
2026-06-24T18:56:00Z,233.11,233.15,233.11,233.13,64102
2026-06-24T18:57:00Z,233.13,233.16,233.11,233.16,51281
2026-06-24T18:58:00Z,233.16,233.16,233.15,233.15,66025
2026-06-24T18:59:00Z,233.15,233.15,233.12,233.14,92306
2026-06-24T19:00:00Z,233.14,233.19,233.14,233.17,82050
2026-06-24T19:01:00Z,233.17,233.21,233.15,233.21,82691
2026-06-24T19:02:00Z,233.21,233.23,233.19,233.19,38461
2026-06-24T19:03:00Z,233.19,233.21,233.17,233.21,41025
2026-06-24T19:04:00Z,233.21,233.22,233.21,233.22,69871
2026-06-24T19:05:00Z,233.22,233.28,233.20,233.26,85896
2026-06-24T19:06:00Z,233.26,233.28,233.24,233.24,33333
2026-06-24T19:07:00Z,233.24,233.32,233.22,233.30,82050
2026-06-24T19:08:00Z,233.30,233.32,233.30,233.32,79486
2026-06-24T19:09:00Z,233.32,233.39,233.32,233.39,39102
2026-06-24T19:10:00Z,233.39,233.41,233.37,233.41,62178
2026-06-24T19:11:00Z,233.41,233.44,233.39,233.42,43589
2026-06-24T19:12:00Z,233.42,233.52,233.42,233.50,44871
2026-06-24T19:13:00Z,233.50,233.53,233.48,233.51,84614
2026-06-24T19:14:00Z,233.51,233.53,233.50,233.50,35256
2026-06-24T19:15:00Z,233.50,233.54,233.48,233.52,58332
2026-06-24T19:16:00Z,233.52,233.52,233.50,233.50,92306
2026-06-24T19:17:00Z,233.50,233.56,233.50,233.54,37179
2026-06-24T19:18:00Z,233.54,233.57,233.52,233.57,35897
2026-06-24T19:19:00Z,233.57,233.59,233.56,233.56,75640
2026-06-24T19:20:00Z,233.56,233.59,233.54,233.57,48076
2026-06-24T19:21:00Z,233.57,233.59,233.56,233.56,82050
2026-06-24T19:22:00Z,233.56,233.62,233.54,233.60,77563
2026-06-24T19:23:00Z,233.60,233.63,233.60,233.61,44230
2026-06-24T19:24:00Z,233.61,233.61,233.58,233.60,48076
2026-06-24T19:25:00Z,233.60,233.60,233.58,233.58,52563
2026-06-24T19:26:00Z,233.58,233.60,233.58,233.60,72435
2026-06-24T19:27:00Z,233.60,233.63,233.58,233.63,66025
2026-06-24T19:28:00Z,233.63,233.67,233.63,233.67,68589
2026-06-24T19:29:00Z,233.67,233.71,233.67,233.71,74358
2026-06-24T19:30:00Z,233.71,233.71,233.65,233.67,68589
2026-06-24T19:31:00Z,233.67,233.69,233.67,233.67,94870
2026-06-24T19:32:00Z,233.67,233.71,233.67,233.69,51922
2026-06-24T19:33:00Z,233.69,233.69,233.69,233.69,69871
2026-06-24T19:34:00Z,233.69,233.71,233.67,233.69,67948
2026-06-24T19:35:00Z,233.69,233.69,233.69,233.69,61537
2026-06-24T19:36:00Z,233.69,233.69,233.66,233.66,55127
2026-06-24T19:37:00Z,233.66,233.66,233.66,233.66,46794
2026-06-24T19:38:00Z,233.66,233.68,233.63,233.63,54486
2026-06-24T19:39:00Z,233.63,233.65,233.58,233.60,94229
2026-06-24T19:40:00Z,233.60,233.60,233.58,233.60,53204
2026-06-24T19:41:00Z,233.60,233.64,233.60,233.62,34615
2026-06-24T19:42:00Z,233.62,233.68,233.62,233.66,75640
2026-06-24T19:43:00Z,233.66,233.68,233.61,233.63,35256
2026-06-24T19:44:00Z,233.63,233.63,233.61,233.63,77563
2026-06-24T19:45:00Z,233.63,233.65,233.56,233.58,53845
2026-06-24T19:46:00Z,233.58,233.58,233.56,233.58,66666
2026-06-24T19:47:00Z,233.58,233.60,233.56,233.60,46794
2026-06-24T19:48:00Z,233.60,233.62,233.57,233.57,51922
2026-06-24T19:49:00Z,233.57,233.59,233.57,233.59,95511
2026-06-24T19:50:00Z,233.59,233.61,233.57,233.59,32051
2026-06-24T19:51:00Z,233.59,233.61,233.59,233.61,83973
2026-06-24T19:52:00Z,233.61,233.61,233.58,233.58,79486
2026-06-24T19:53:00Z,233.58,233.62,233.56,233.62,53204
2026-06-24T19:54:00Z,233.62,233.64,233.55,233.57,83973
2026-06-24T19:55:00Z,233.57,233.57,233.55,233.57,72435
2026-06-24T19:56:00Z,233.57,233.61,233.55,233.59,41025
2026-06-24T19:57:00Z,233.59,233.59,233.56,233.56,57050
2026-06-24T19:58:00Z,233.56,233.58,233.51,233.53,56409
2026-06-24T19:59:00Z,233.53,233.53,233.48,233.50,36538
2026-06-25T13:30:00Z,233.50,233.52,233.47,233.47,73076
2026-06-25T13:31:00Z,233.47,233.52,233.47,233.52,52563
2026-06-25T13:32:00Z,233.52,233.54,233.47,233.49,42307
2026-06-25T13:33:00Z,233.49,233.49,233.45,233.47,82691
2026-06-25T13:34:00Z,233.47,233.47,233.45,233.47,87819
2026-06-25T13:35:00Z,233.47,233.49,233.45,233.45,49358
2026-06-25T13:36:00Z,233.45,233.45,233.40,233.40,89742
2026-06-25T13:37:00Z,233.40,233.42,233.31,233.33,64102
2026-06-25T13:38:00Z,233.33,233.34,233.33,233.34,67307
2026-06-25T13:39:00Z,233.34,233.34,233.32,233.34,77563
2026-06-25T13:40:00Z,233.34,233.37,233.34,233.37,85255
2026-06-25T13:41:00Z,233.37,233.37,233.37,233.37,44871
2026-06-25T13:42:00Z,233.37,233.37,233.33,233.35,94870
2026-06-25T13:43:00Z,233.35,233.37,233.32,233.32,40384
2026-06-25T13:44:00Z,233.32,233.37,233.30,233.35,49999
2026-06-25T13:45:00Z,233.35,233.38,233.33,233.36,73717
2026-06-25T13:46:00Z,233.36,233.36,233.34,233.36,62819
2026-06-25T13:47:00Z,233.36,233.38,233.32,233.32,87178
2026-06-25T13:48:00Z,233.32,233.36,233.32,233.34,84614
2026-06-25T13:49:00Z,233.34,233.37,233.32,233.35,70512
2026-06-25T13:50:00Z,233.35,233.37,233.30,233.30,46794
2026-06-25T13:51:00Z,233.30,233.31,233.30,233.31,89742
2026-06-25T13:52:00Z,233.31,233.31,233.27,233.29,64102
2026-06-25T13:53:00Z,233.29,233.31,233.29,233.29,86537
2026-06-25T13:54:00Z,233.29,233.32,233.27,233.30,95511
2026-06-25T13:55:00Z,233.30,233.30,233.28,233.30,44871
2026-06-25T13:56:00Z,233.30,233.31,233.30,233.31,53204
2026-06-25T13:57:00Z,233.31,233.31,233.31,233.31,35897
2026-06-25T13:58:00Z,233.31,233.31,233.27,233.29,49999
2026-06-25T13:59:00Z,233.29,233.31,233.27,233.27,58973
2026-06-25T14:00:00Z,233.27,233.31,233.27,233.29,62819
2026-06-25T14:01:00Z,233.29,233.29,233.25,233.25,72435
2026-06-25T14:02:00Z,233.25,233.27,233.25,233.27,60255
2026-06-25T14:03:00Z,233.27,233.34,233.27,233.34,80768
2026-06-25T14:04:00Z,233.34,233.34,233.34,233.34,41025
2026-06-25T14:05:00Z,233.34,233.35,233.34,233.35,96153
2026-06-25T14:06:00Z,233.35,233.37,233.30,233.30,64743
2026-06-25T14:07:00Z,233.30,233.35,233.28,233.33,42948
2026-06-25T14:08:00Z,233.33,233.33,233.27,233.29,71794
2026-06-25T14:09:00Z,233.29,233.29,233.27,233.29,33974
2026-06-25T14:10:00Z,233.29,233.32,233.29,233.30,74999
2026-06-25T14:11:00Z,233.30,233.32,233.30,233.30,33333
2026-06-25T14:12:00Z,233.30,233.31,233.28,233.31,78204
2026-06-25T14:13:00Z,233.31,233.31,233.29,233.31,94870
2026-06-25T14:14:00Z,233.31,233.34,233.31,233.34,67948
2026-06-25T14:15:00Z,233.34,233.34,233.30,233.30,56409
2026-06-25T14:16:00Z,233.30,233.32,233.28,233.30,42948
2026-06-25T14:17:00Z,233.30,233.30,233.28,233.28,84614
2026-06-25T14:18:00Z,233.28,233.30,233.19,233.21,59614
2026-06-25T14:19:00Z,233.21,233.21,233.15,233.15,53204
2026-06-25T14:20:00Z,233.15,233.19,233.15,233.17,74358
2026-06-25T14:21:00Z,233.17,233.20,233.15,233.20,88460
2026-06-25T14:22:00Z,233.20,233.21,233.18,233.21,75640
2026-06-25T14:23:00Z,233.21,233.23,233.21,233.23,50640
2026-06-25T14:24:00Z,233.23,233.26,233.23,233.24,64743
2026-06-25T14:25:00Z,233.24,233.24,233.19,233.21,92947
2026-06-25T14:26:00Z,233.21,233.21,233.15,233.15,46794
2026-06-25T14:27:00Z,233.15,233.17,233.12,233.12,48717
2026-06-25T14:28:00Z,233.12,233.12,233.06,233.08,92947
2026-06-25T14:29:00Z,233.08,233.08,233.04,233.06,94870
2026-06-25T14:30:00Z,233.06,233.06,233.03,233.03,52563
2026-06-25T14:31:00Z,233.03,233.05,232.99,233.01,81409
2026-06-25T14:32:00Z,233.01,233.04,233.01,233.02,96153
2026-06-25T14:33:00Z,233.02,233.07,233.00,233.05,83332
2026-06-25T14:34:00Z,233.05,233.08,233.05,233.08,43589
2026-06-25T14:35:00Z,233.08,233.10,233.06,233.06,48076
2026-06-25T14:36:00Z,233.06,233.08,233.04,233.08,47435
2026-06-25T14:37:00Z,233.08,233.08,233.04,233.04,46153
2026-06-25T14:38:00Z,233.04,233.09,233.02,233.07,87819
2026-06-25T14:39:00Z,233.07,233.07,233.01,233.03,62819
2026-06-25T14:40:00Z,233.03,233.03,233.01,233.01,45512
2026-06-25T14:41:00Z,233.01,233.01,232.99,232.99,48076
2026-06-25T14:42:00Z,232.99,233.01,232.97,232.97,51281
2026-06-25T14:43:00Z,232.97,232.97,232.97,232.97,39102
2026-06-25T14:44:00Z,232.97,233.00,232.97,233.00,64102
2026-06-25T14:45:00Z,233.00,233.01,233.00,233.01,96153
2026-06-25T14:46:00Z,233.01,233.04,233.01,233.02,83973
2026-06-25T14:47:00Z,233.02,233.02,233.00,233.00,49999
2026-06-25T14:48:00Z,233.00,233.01,232.98,233.01,73076
2026-06-25T14:49:00Z,233.01,233.01,232.97,232.99,89742
2026-06-25T14:50:00Z,232.99,232.99,232.96,232.96,37179
2026-06-25T14:51:00Z,232.96,232.97,232.96,232.97,71794
2026-06-25T14:52:00Z,232.97,233.02,232.95,233.00,66666
2026-06-25T14:53:00Z,233.00,233.07,233.00,233.05,73717
2026-06-25T14:54:00Z,233.05,233.07,233.01,233.03,62178
2026-06-25T14:55:00Z,233.03,233.06,233.03,233.06,51281
2026-06-25T14:56:00Z,233.06,233.08,233.06,233.06,95511
2026-06-25T14:57:00Z,233.06,233.06,233.02,233.02,51922
2026-06-25T14:58:00Z,233.02,233.02,232.98,233.00,75640
2026-06-25T14:59:00Z,233.00,233.05,233.00,233.05,35897
2026-06-25T15:00:00Z,233.05,233.12,233.05,233.10,39743
2026-06-25T15:01:00Z,233.10,233.10,233.06,233.08,69871
2026-06-25T15:02:00Z,233.08,233.11,233.08,233.09,44871
2026-06-25T15:03:00Z,233.09,233.11,233.09,233.09,79486
2026-06-25T15:04:00Z,233.09,233.11,233.05,233.07,74358
2026-06-25T15:05:00Z,233.07,233.10,233.07,233.08,51922
2026-06-25T15:06:00Z,233.08,233.08,233.04,233.04,67307
2026-06-25T15:07:00Z,233.04,233.06,233.00,233.02,36538
2026-06-25T15:08:00Z,233.02,233.04,232.98,233.00,33333
2026-06-25T15:09:00Z,233.00,233.03,232.98,233.01,67307
2026-06-25T15:10:00Z,233.01,233.03,233.01,233.01,72435
2026-06-25T15:11:00Z,233.01,233.04,233.01,233.04,41025
2026-06-25T15:12:00Z,233.04,233.05,233.04,233.05,42948
2026-06-25T15:13:00Z,233.05,233.12,233.03,233.10,74999
2026-06-25T15:14:00Z,233.10,233.15,233.10,233.13,93588
2026-06-25T15:15:00Z,233.13,233.15,233.09,233.11,46794
2026-06-25T15:16:00Z,233.11,233.11,233.04,233.06,51281
2026-06-25T15:17:00Z,233.06,233.07,233.06,233.07,89742
2026-06-25T15:18:00Z,233.07,233.07,233.03,233.03,71794
2026-06-25T15:19:00Z,233.03,233.03,232.99,232.99,32692
2026-06-25T15:20:00Z,232.99,232.99,232.93,232.95,33333
2026-06-25T15:21:00Z,232.95,233.00,232.93,232.98,83332
2026-06-25T15:22:00Z,232.98,232.98,232.96,232.96,76281
2026-06-25T15:23:00Z,232.96,232.96,232.89,232.91,51281
2026-06-25T15:24:00Z,232.91,232.91,232.87,232.89,53845
2026-06-25T15:25:00Z,232.89,232.92,232.87,232.90,86537
2026-06-25T15:26:00Z,232.90,232.93,232.90,232.93,60255
2026-06-25T15:27:00Z,232.93,232.96,232.93,232.94,52563
2026-06-25T15:28:00Z,232.94,232.97,232.92,232.95,43589
2026-06-25T15:29:00Z,232.95,232.96,232.93,232.96,80127
2026-06-25T15:30:00Z,232.96,233.00,232.96,232.98,64102
2026-06-25T15:31:00Z,232.98,232.98,232.90,232.92,89742
2026-06-25T15:32:00Z,232.92,232.96,232.92,232.94,60896
2026-06-25T15:33:00Z,232.94,232.94,232.90,232.92,67307
2026-06-25T15:34:00Z,232.92,232.94,232.92,232.94,62819
2026-06-25T15:35:00Z,232.94,232.95,232.94,232.95,91665
2026-06-25T15:36:00Z,232.95,232.97,232.95,232.95,61537
2026-06-25T15:37:00Z,232.95,232.95,232.89,232.91,69871
2026-06-25T15:38:00Z,232.91,232.91,232.89,232.91,56409
2026-06-25T15:39:00Z,232.91,232.93,232.87,232.89,36538
2026-06-25T15:40:00Z,232.89,232.96,232.89,232.96,46794
2026-06-25T15:41:00Z,232.96,232.96,232.96,232.96,67307
2026-06-25T15:42:00Z,232.96,232.97,232.94,232.97,64102
2026-06-25T15:43:00Z,232.97,232.99,232.97,232.97,80127
2026-06-25T15:44:00Z,232.97,232.98,232.95,232.98,42307
2026-06-25T15:45:00Z,232.98,233.00,232.93,232.95,87819
2026-06-25T15:46:00Z,232.95,232.98,232.95,232.96,52563
2026-06-25T15:47:00Z,232.96,232.98,232.94,232.96,74999
2026-06-25T15:48:00Z,232.96,232.97,232.96,232.97,87178
2026-06-25T15:49:00Z,232.97,232.97,232.95,232.95,68589
2026-06-25T15:50:00Z,232.95,232.99,232.93,232.99,62819
2026-06-25T15:51:00Z,232.99,233.00,232.97,233.00,94870
2026-06-25T15:52:00Z,233.00,233.02,233.00,233.00,66025
2026-06-25T15:53:00Z,233.00,233.03,232.98,233.03,89742
2026-06-25T15:54:00Z,233.03,233.03,233.01,233.03,51281
2026-06-25T15:55:00Z,233.03,233.03,233.01,233.01,66666
2026-06-25T15:56:00Z,233.01,233.01,233.01,233.01,73076
2026-06-25T15:57:00Z,233.01,233.01,232.95,232.97,41666
2026-06-25T15:58:00Z,232.97,232.97,232.90,232.92,71794
2026-06-25T15:59:00Z,232.92,232.95,232.90,232.95,90383
2026-06-25T16:00:00Z,232.95,232.98,232.95,232.96,95511
2026-06-25T16:01:00Z,232.96,232.98,232.96,232.96,91024
2026-06-25T16:02:00Z,232.96,232.96,232.92,232.94,41666
2026-06-25T16:03:00Z,232.94,232.96,232.92,232.94,94870
2026-06-25T16:04:00Z,232.94,232.96,232.92,232.92,32051
2026-06-25T16:05:00Z,232.92,232.94,232.87,232.89,91665
2026-06-25T16:06:00Z,232.89,232.90,232.89,232.90,52563
2026-06-25T16:07:00Z,232.90,232.92,232.83,232.85,62819
2026-06-25T16:08:00Z,232.85,232.85,232.83,232.83,83332
2026-06-25T16:09:00Z,232.83,232.85,232.79,232.79,60896
2026-06-25T16:10:00Z,232.79,232.85,232.77,232.83,41025
2026-06-25T16:11:00Z,232.83,232.86,232.83,232.84,67307
2026-06-25T16:12:00Z,232.84,232.88,232.82,232.86,64743
2026-06-25T16:13:00Z,232.86,232.86,232.82,232.82,79486
2026-06-25T16:14:00Z,232.82,232.82,232.79,232.79,83973
2026-06-25T16:15:00Z,232.79,232.86,232.79,232.84,80127
2026-06-25T16:16:00Z,232.84,232.86,232.79,232.81,85896
2026-06-25T16:17:00Z,232.81,232.83,232.79,232.79,47435
2026-06-25T16:18:00Z,232.79,232.81,232.72,232.74,48076
2026-06-25T16:19:00Z,232.74,232.77,232.74,232.77,60255
2026-06-25T16:20:00Z,232.77,232.78,232.75,232.78,49999
2026-06-25T16:21:00Z,232.78,232.78,232.73,232.75,83332
2026-06-25T16:22:00Z,232.75,232.76,232.75,232.76,79486
2026-06-25T16:23:00Z,232.76,232.78,232.76,232.76,86537
2026-06-25T16:24:00Z,232.76,232.78,232.72,232.74,62178
2026-06-25T16:25:00Z,232.74,232.74,232.69,232.71,53204
2026-06-25T16:26:00Z,232.71,232.71,232.69,232.69,95511
2026-06-25T16:27:00Z,232.69,232.69,232.66,232.66,93588
2026-06-25T16:28:00Z,232.66,232.66,232.62,232.62,57691
2026-06-25T16:29:00Z,232.62,232.67,232.60,232.67,77563
2026-06-25T16:30:00Z,232.67,232.69,232.67,232.69,84614
2026-06-25T16:31:00Z,232.69,232.72,232.67,232.72,60896
2026-06-25T16:32:00Z,232.72,232.75,232.72,232.73,96153
2026-06-25T16:33:00Z,232.73,232.74,232.71,232.74,78845
2026-06-25T16:34:00Z,232.74,232.76,232.74,232.74,77563
2026-06-25T16:35:00Z,232.74,232.76,232.72,232.72,47435
2026-06-25T16:36:00Z,232.72,232.77,232.72,232.75,41666
2026-06-25T16:37:00Z,232.75,232.75,232.71,232.73,55127
2026-06-25T16:38:00Z,232.73,232.73,232.68,232.70,34615
2026-06-25T16:39:00Z,232.70,232.71,232.68,232.71,33974
2026-06-25T16:40:00Z,232.71,232.72,232.69,232.72,39743
2026-06-25T16:41:00Z,232.72,232.72,232.68,232.70,48076
2026-06-25T16:42:00Z,232.70,232.72,232.70,232.72,78845
2026-06-25T16:43:00Z,232.72,232.74,232.68,232.70,79486
2026-06-25T16:44:00Z,232.70,232.71,232.70,232.71,44871
2026-06-25T16:45:00Z,232.71,232.74,232.69,232.74,63460
2026-06-25T16:46:00Z,232.74,232.77,232.74,232.77,62178
2026-06-25T16:47:00Z,232.77,232.79,232.72,232.72,61537
2026-06-25T16:48:00Z,232.72,232.72,232.68,232.70,94870
2026-06-25T16:49:00Z,232.70,232.73,232.68,232.71,64743
2026-06-25T16:50:00Z,232.71,232.72,232.69,232.72,83332
2026-06-25T16:51:00Z,232.72,232.74,232.67,232.67,90383
2026-06-25T16:52:00Z,232.67,232.67,232.61,232.61,70512
2026-06-25T16:53:00Z,232.61,232.63,232.55,232.57,33333
2026-06-25T16:54:00Z,232.57,232.59,232.53,232.55,81409
2026-06-25T16:55:00Z,232.55,232.55,232.53,232.55,83332
2026-06-25T16:56:00Z,232.55,232.56,232.53,232.56,94229
2026-06-25T16:57:00Z,232.56,232.58,232.50,232.52,49358
2026-06-25T16:58:00Z,232.52,232.55,232.52,232.53,87819
2026-06-25T16:59:00Z,232.53,232.53,232.47,232.49,32051
2026-06-25T17:00:00Z,232.49,232.49,232.49,232.49,81409
2026-06-25T17:01:00Z,232.49,232.54,232.47,232.52,76922
2026-06-25T17:02:00Z,232.52,232.55,232.52,232.53,55127
2026-06-25T17:03:00Z,232.53,232.56,232.53,232.54,74358
2026-06-25T17:04:00Z,232.54,232.54,232.52,232.54,51922
2026-06-25T17:05:00Z,232.54,232.57,232.54,232.55,77563
2026-06-25T17:06:00Z,232.55,232.56,232.55,232.56,60255
2026-06-25T17:07:00Z,232.56,232.61,232.54,232.59,67948
2026-06-25T17:08:00Z,232.59,232.61,232.54,232.54,57691
2026-06-25T17:09:00Z,232.54,232.57,232.52,232.55,46153
2026-06-25T17:10:00Z,232.55,232.56,232.55,232.56,38461
2026-06-25T17:11:00Z,232.56,232.63,232.56,232.61,64102
2026-06-25T17:12:00Z,232.61,232.63,232.59,232.63,48076
2026-06-25T17:13:00Z,232.63,232.63,232.59,232.61,78204
2026-06-25T17:14:00Z,232.61,232.63,232.55,232.57,57691
2026-06-25T17:15:00Z,232.57,232.60,232.55,232.60,65384
2026-06-25T17:16:00Z,232.60,232.60,232.58,232.58,42307
2026-06-25T17:17:00Z,232.58,232.60,232.58,232.60,58332
2026-06-25T17:18:00Z,232.60,232.63,232.58,232.61,61537
2026-06-25T17:19:00Z,232.61,232.61,232.57,232.59,92947
2026-06-25T17:20:00Z,232.59,232.64,232.59,232.62,71794
2026-06-25T17:21:00Z,232.62,232.64,232.59,232.59,56409
2026-06-25T17:22:00Z,232.59,232.61,232.53,232.53,93588
2026-06-25T17:23:00Z,232.53,232.60,232.53,232.58,80768
2026-06-25T17:24:00Z,232.58,232.61,232.56,232.59,71794
2026-06-25T17:25:00Z,232.59,232.61,232.54,232.56,65384
2026-06-25T17:26:00Z,232.56,232.58,232.52,232.54,32692
2026-06-25T17:27:00Z,232.54,232.56,232.52,232.52,79486
2026-06-25T17:28:00Z,232.52,232.54,232.50,232.50,37179
2026-06-25T17:29:00Z,232.50,232.55,232.48,232.53,73717
2026-06-25T17:30:00Z,232.53,232.55,232.53,232.55,86537
2026-06-25T17:31:00Z,232.55,232.58,232.55,232.58,38461
2026-06-25T17:32:00Z,232.58,232.59,232.56,232.59,93588
2026-06-25T17:33:00Z,232.59,232.62,232.57,232.62,64102
2026-06-25T17:34:00Z,232.62,232.65,232.62,232.63,73717
2026-06-25T17:35:00Z,232.63,232.63,232.59,232.59,91024
2026-06-25T17:36:00Z,232.59,232.61,232.55,232.57,66025
2026-06-25T17:37:00Z,232.57,232.58,232.57,232.58,54486
2026-06-25T17:38:00Z,232.58,232.61,232.56,232.61,46153
2026-06-25T17:39:00Z,232.61,232.64,232.59,232.64,39102
2026-06-25T17:40:00Z,232.64,232.66,232.58,232.60,69230
2026-06-25T17:41:00Z,232.60,232.65,232.58,232.63,61537
2026-06-25T17:42:00Z,232.63,232.65,232.59,232.59,33333
2026-06-25T17:43:00Z,232.59,232.61,232.55,232.55,63460
2026-06-25T17:44:00Z,232.55,232.56,232.55,232.56,77563
2026-06-25T17:45:00Z,232.56,232.57,232.56,232.57,71153
2026-06-25T17:46:00Z,232.57,232.62,232.57,232.60,59614
2026-06-25T17:47:00Z,232.60,232.62,232.58,232.58,37179
2026-06-25T17:48:00Z,232.58,232.60,232.52,232.54,48076
2026-06-25T17:49:00Z,232.54,232.59,232.54,232.57,54486
2026-06-25T17:50:00Z,232.57,232.59,232.53,232.55,40384
2026-06-25T17:51:00Z,232.55,232.58,232.55,232.58,92306
2026-06-25T17:52:00Z,232.58,232.60,232.56,232.56,68589
2026-06-25T17:53:00Z,232.56,232.57,232.54,232.57,47435
2026-06-25T17:54:00Z,232.57,232.57,232.55,232.55,44871
2026-06-25T17:55:00Z,232.55,232.55,232.51,232.53,39743
2026-06-25T17:56:00Z,232.53,232.53,232.51,232.51,64102
2026-06-25T17:57:00Z,232.51,232.53,232.47,232.47,54486
2026-06-25T17:58:00Z,232.47,232.48,232.45,232.48,60255
2026-06-25T17:59:00Z,232.48,232.48,232.42,232.44,44230
2026-06-25T18:00:00Z,232.44,232.45,232.44,232.45,65384
2026-06-25T18:01:00Z,232.45,232.50,232.45,232.48,60896
2026-06-25T18:02:00Z,232.48,232.51,232.46,232.51,78845
2026-06-25T18:03:00Z,232.51,232.53,232.49,232.49,83332
2026-06-25T18:04:00Z,232.49,232.49,232.47,232.47,94870
2026-06-25T18:05:00Z,232.47,232.50,232.47,232.50,83332
2026-06-25T18:06:00Z,232.50,232.53,232.50,232.53,64102
2026-06-25T18:07:00Z,232.53,232.56,232.51,232.56,35256
2026-06-25T18:08:00Z,232.56,232.58,232.52,232.54,38461
2026-06-25T18:09:00Z,232.54,232.54,232.48,232.50,91665
2026-06-25T18:10:00Z,232.50,232.52,232.46,232.46,83332
2026-06-25T18:11:00Z,232.46,232.51,232.46,232.49,77563
2026-06-25T18:12:00Z,232.49,232.51,232.45,232.47,95511
2026-06-25T18:13:00Z,232.47,232.52,232.47,232.52,63460
2026-06-25T18:14:00Z,232.52,232.55,232.50,232.53,75640
2026-06-25T18:15:00Z,232.53,232.54,232.53,232.54,71794
2026-06-25T18:16:00Z,232.54,232.55,232.54,232.55,76922
2026-06-25T18:17:00Z,232.55,232.57,232.49,232.51,71794
2026-06-25T18:18:00Z,232.51,232.53,232.47,232.47,66666
2026-06-25T18:19:00Z,232.47,232.47,232.43,232.45,88460
2026-06-25T18:20:00Z,232.45,232.46,232.45,232.46,32051
2026-06-25T18:21:00Z,232.46,232.47,232.44,232.47,37179
2026-06-25T18:22:00Z,232.47,232.49,232.45,232.45,71794
2026-06-25T18:23:00Z,232.45,232.45,232.39,232.41,76281
2026-06-25T18:24:00Z,232.41,232.46,232.41,232.44,41025
2026-06-25T18:25:00Z,232.44,232.46,232.42,232.42,61537
2026-06-25T18:26:00Z,232.42,232.42,232.36,232.38,87178
2026-06-25T18:27:00Z,232.38,232.38,232.32,232.34,69871
2026-06-25T18:28:00Z,232.34,232.39,232.34,232.37,90383
2026-06-25T18:29:00Z,232.37,232.40,232.37,232.40,64102
2026-06-25T18:30:00Z,232.40,232.45,232.38,232.43,43589
2026-06-25T18:31:00Z,232.43,232.46,232.41,232.46,70512
2026-06-25T18:32:00Z,232.46,232.51,232.44,232.49,92947
2026-06-25T18:33:00Z,232.49,232.51,232.49,232.51,58973
2026-06-25T18:34:00Z,232.51,232.52,232.49,232.52,85255
2026-06-25T18:35:00Z,232.52,232.57,232.50,232.55,93588
2026-06-25T18:36:00Z,232.55,232.57,232.53,232.53,58973
2026-06-25T18:37:00Z,232.53,232.57,232.51,232.57,73076
2026-06-25T18:38:00Z,232.57,232.59,232.53,232.55,37179
2026-06-25T18:39:00Z,232.55,232.57,232.53,232.53,89742
2026-06-25T18:40:00Z,232.53,232.58,232.53,232.56,75640
2026-06-25T18:41:00Z,232.56,232.56,232.53,232.53,96153
2026-06-25T18:42:00Z,232.53,232.55,232.49,232.51,58973
2026-06-25T18:43:00Z,232.51,232.54,232.51,232.52,59614
2026-06-25T18:44:00Z,232.52,232.61,232.50,232.59,74358
2026-06-25T18:45:00Z,232.59,232.59,232.54,232.56,60896
2026-06-25T18:46:00Z,232.56,232.56,232.54,232.54,49999
2026-06-25T18:47:00Z,232.54,232.54,232.50,232.52,46153
2026-06-25T18:48:00Z,232.52,232.55,232.50,232.53,84614
2026-06-25T18:49:00Z,232.53,232.55,232.53,232.55,94229
2026-06-25T18:50:00Z,232.55,232.56,232.55,232.56,84614
2026-06-25T18:51:00Z,232.56,232.58,232.52,232.54,64743
2026-06-25T18:52:00Z,232.54,232.59,232.54,232.59,57050
2026-06-25T18:53:00Z,232.59,232.63,232.59,232.61,69230
2026-06-25T18:54:00Z,232.61,232.64,232.59,232.64,55127
2026-06-25T18:55:00Z,232.64,232.67,232.62,232.67,52563
2026-06-25T18:56:00Z,232.67,232.69,232.61,232.63,60255
2026-06-25T18:57:00Z,232.63,232.65,232.58,232.58,37820
2026-06-25T18:58:00Z,232.58,232.63,232.56,232.61,37820
2026-06-25T18:59:00Z,232.61,232.66,232.59,232.64,46153
2026-06-25T19:00:00Z,232.64,232.67,232.64,232.67,32692
2026-06-25T19:01:00Z,232.67,232.67,232.66,232.66,42948
2026-06-25T19:02:00Z,232.66,232.66,232.64,232.64,75640
2026-06-25T19:03:00Z,232.64,232.69,232.62,232.69,33974
2026-06-25T19:04:00Z,232.69,232.69,232.67,232.67,33974
2026-06-25T19:05:00Z,232.67,232.69,232.64,232.64,74358
2026-06-25T19:06:00Z,232.64,232.69,232.62,232.69,56409
2026-06-25T19:07:00Z,232.69,232.72,232.69,232.72,82050
2026-06-25T19:08:00Z,232.72,232.75,232.70,232.75,66025
2026-06-25T19:09:00Z,232.75,232.79,232.75,232.77,96153
2026-06-25T19:10:00Z,232.77,232.77,232.73,232.75,91665
2026-06-25T19:11:00Z,232.75,232.80,232.73,232.78,86537
2026-06-25T19:12:00Z,232.78,232.81,232.78,232.79,60896
2026-06-25T19:13:00Z,232.79,232.83,232.79,232.81,73076
2026-06-25T19:14:00Z,232.81,232.81,232.77,232.79,81409
2026-06-25T19:15:00Z,232.79,232.82,232.79,232.82,78845
2026-06-25T19:16:00Z,232.82,232.82,232.78,232.78,33333
2026-06-25T19:17:00Z,232.78,232.82,232.76,232.80,49999
2026-06-25T19:18:00Z,232.80,232.80,232.78,232.78,76281
2026-06-25T19:19:00Z,232.78,232.83,232.78,232.81,86537
2026-06-25T19:20:00Z,232.81,232.81,232.77,232.79,33333
2026-06-25T19:21:00Z,232.79,232.85,232.77,232.83,78845
2026-06-25T19:22:00Z,232.83,232.86,232.81,232.86,67948
2026-06-25T19:23:00Z,232.86,232.89,232.86,232.87,32051
2026-06-25T19:24:00Z,232.87,232.90,232.87,232.90,55768
2026-06-25T19:25:00Z,232.90,232.94,232.90,232.94,78204
2026-06-25T19:26:00Z,232.94,232.96,232.90,232.90,38461
2026-06-25T19:27:00Z,232.90,232.90,232.86,232.88,86537
2026-06-25T19:28:00Z,232.88,232.90,232.84,232.86,78204
2026-06-25T19:29:00Z,232.86,232.88,232.83,232.85,85896
2026-06-25T19:30:00Z,232.85,232.87,232.83,232.87,89101
2026-06-25T19:31:00Z,232.87,232.93,232.85,232.91,64743
2026-06-25T19:32:00Z,232.91,232.93,232.86,232.88,60255
2026-06-25T19:33:00Z,232.88,232.94,232.86,232.92,34615
2026-06-25T19:34:00Z,232.92,232.94,232.88,232.90,46794
2026-06-25T19:35:00Z,232.90,232.96,232.88,232.94,41025
2026-06-25T19:36:00Z,232.94,232.94,232.94,232.94,57050
2026-06-25T19:37:00Z,232.94,232.96,232.92,232.96,93588
2026-06-25T19:38:00Z,232.96,232.98,232.96,232.96,61537
2026-06-25T19:39:00Z,232.96,232.96,232.92,232.94,86537
2026-06-25T19:40:00Z,232.94,232.96,232.89,232.91,93588
2026-06-25T19:41:00Z,232.91,232.93,232.89,232.91,85255
2026-06-25T19:42:00Z,232.91,232.93,232.84,232.86,89742
2026-06-25T19:43:00Z,232.86,232.86,232.81,232.83,49358
2026-06-25T19:44:00Z,232.83,232.86,232.81,232.84,87178
2026-06-25T19:45:00Z,232.84,232.86,232.79,232.81,68589
2026-06-25T19:46:00Z,232.81,232.81,232.78,232.78,40384
2026-06-25T19:47:00Z,232.78,232.82,232.76,232.80,41666
2026-06-25T19:48:00Z,232.80,232.82,232.75,232.77,63460
2026-06-25T19:49:00Z,232.77,232.84,232.75,232.82,62178
2026-06-25T19:50:00Z,232.82,232.82,232.79,232.79,51281
2026-06-25T19:51:00Z,232.79,232.81,232.74,232.74,68589
2026-06-25T19:52:00Z,232.74,232.74,232.71,232.71,32692
2026-06-25T19:53:00Z,232.71,232.71,232.69,232.71,36538
2026-06-25T19:54:00Z,232.71,232.73,232.65,232.65,88460
2026-06-25T19:55:00Z,232.65,232.67,232.63,232.65,32692
2026-06-25T19:56:00Z,232.65,232.65,232.60,232.62,47435
2026-06-25T19:57:00Z,232.62,232.62,232.60,232.62,35897
2026-06-25T19:58:00Z,232.62,232.64,232.60,232.64,89101
2026-06-25T19:59:00Z,232.64,232.65,232.64,232.65,83973
2026-06-26T13:30:00Z,232.65,232.67,232.63,232.63,85255
2026-06-26T13:31:00Z,232.63,232.65,232.61,232.61,87178
2026-06-26T13:32:00Z,232.61,232.63,232.59,232.59,45512
2026-06-26T13:33:00Z,232.59,232.59,232.55,232.57,76922
2026-06-26T13:34:00Z,232.57,232.57,232.55,232.55,37820
2026-06-26T13:35:00Z,232.55,232.57,232.53,232.53,49358
2026-06-26T13:36:00Z,232.53,232.55,232.51,232.51,80768
2026-06-26T13:37:00Z,232.51,232.53,232.49,232.49,37820
2026-06-26T13:38:00Z,232.49,232.52,232.47,232.50,54486
2026-06-26T13:39:00Z,232.50,232.50,232.46,232.48,44230
2026-06-26T13:40:00Z,232.48,232.49,232.48,232.49,91665
2026-06-26T13:41:00Z,232.49,232.53,232.49,232.51,51281
2026-06-26T13:42:00Z,232.51,232.54,232.51,232.52,53204
2026-06-26T13:43:00Z,232.52,232.52,232.50,232.50,92947
2026-06-26T13:44:00Z,232.50,232.53,232.50,232.53,50640
2026-06-26T13:45:00Z,232.53,232.53,232.49,232.49,68589
2026-06-26T13:46:00Z,232.49,232.54,232.47,232.52,67307
2026-06-26T13:47:00Z,232.52,232.52,232.50,232.50,33974
2026-06-26T13:48:00Z,232.50,232.50,232.46,232.46,44871
2026-06-26T13:49:00Z,232.46,232.48,232.44,232.44,65384
2026-06-26T13:50:00Z,232.44,232.46,232.42,232.42,58973
2026-06-26T13:51:00Z,232.42,232.47,232.40,232.45,64743
2026-06-26T13:52:00Z,232.45,232.50,232.43,232.48,88460
2026-06-26T13:53:00Z,232.48,232.50,232.46,232.50,56409
2026-06-26T13:54:00Z,232.50,232.50,232.44,232.46,65384
2026-06-26T13:55:00Z,232.46,232.48,232.44,232.44,77563
2026-06-26T13:56:00Z,232.44,232.46,232.40,232.42,41666
2026-06-26T13:57:00Z,232.42,232.47,232.42,232.45,76281
2026-06-26T13:58:00Z,232.45,232.48,232.45,232.48,44230
2026-06-26T13:59:00Z,232.48,232.49,232.46,232.49,83332
2026-06-26T14:00:00Z,232.49,232.50,232.47,232.50,83332
2026-06-26T14:01:00Z,232.50,232.53,232.48,232.53,55127
2026-06-26T14:02:00Z,232.53,232.53,232.51,232.51,76281
2026-06-26T14:03:00Z,232.51,232.51,232.49,232.49,58332
2026-06-26T14:04:00Z,232.49,232.54,232.47,232.52,50640
2026-06-26T14:05:00Z,232.52,232.52,232.49,232.51,87178
2026-06-26T14:06:00Z,232.51,232.54,232.49,232.52,71794
2026-06-26T14:07:00Z,232.52,232.52,232.50,232.50,91665
2026-06-26T14:08:00Z,232.50,232.50,232.48,232.48,42307
2026-06-26T14:09:00Z,232.48,232.55,232.48,232.53,48076
2026-06-26T14:10:00Z,232.53,232.60,232.51,232.58,62819
2026-06-26T14:11:00Z,232.58,232.58,232.56,232.56,83973
2026-06-26T14:12:00Z,232.56,232.59,232.54,232.57,74999
2026-06-26T14:13:00Z,232.57,232.60,232.57,232.60,53204
2026-06-26T14:14:00Z,232.60,232.60,232.56,232.56,68589
2026-06-26T14:15:00Z,232.56,232.57,232.54,232.57,60255
2026-06-26T14:16:00Z,232.57,232.57,232.51,232.53,87819
2026-06-26T14:17:00Z,232.53,232.57,232.53,232.57,64102
2026-06-26T14:18:00Z,232.57,232.59,232.55,232.55,67307
2026-06-26T14:19:00Z,232.55,232.57,232.51,232.53,52563
2026-06-26T14:20:00Z,232.53,232.53,232.51,232.51,81409
2026-06-26T14:21:00Z,232.51,232.51,232.47,232.49,80768
2026-06-26T14:22:00Z,232.49,232.52,232.47,232.50,67307
2026-06-26T14:23:00Z,232.50,232.50,232.48,232.48,66666
2026-06-26T14:24:00Z,232.48,232.50,232.46,232.46,81409
2026-06-26T14:25:00Z,232.46,232.46,232.42,232.44,55768
2026-06-26T14:26:00Z,232.44,232.46,232.40,232.40,39102
2026-06-26T14:27:00Z,232.40,232.40,232.34,232.36,39743
2026-06-26T14:28:00Z,232.36,232.39,232.36,232.37,57050
2026-06-26T14:29:00Z,232.37,232.39,232.36,232.36,80768
2026-06-26T14:30:00Z,232.36,232.36,232.31,232.33,74358
2026-06-26T14:31:00Z,232.33,232.42,232.31,232.40,81409
2026-06-26T14:32:00Z,232.40,232.45,232.38,232.43,66666
2026-06-26T14:33:00Z,232.43,232.45,232.41,232.41,42948
2026-06-26T14:34:00Z,232.41,232.41,232.33,232.35,58332
2026-06-26T14:35:00Z,232.35,232.37,232.32,232.32,54486
2026-06-26T14:36:00Z,232.32,232.32,232.26,232.28,46794
2026-06-26T14:37:00Z,232.28,232.28,232.26,232.26,96153
2026-06-26T14:38:00Z,232.26,232.28,232.20,232.22,47435
2026-06-26T14:39:00Z,232.22,232.23,232.20,232.23,59614
2026-06-26T14:40:00Z,232.23,232.23,232.23,232.23,59614
2026-06-26T14:41:00Z,232.23,232.25,232.19,232.19,32051
2026-06-26T14:42:00Z,232.19,232.21,232.15,232.17,43589
2026-06-26T14:43:00Z,232.17,232.18,232.17,232.18,48717
2026-06-26T14:44:00Z,232.18,232.18,232.14,232.16,82050
2026-06-26T14:45:00Z,232.16,232.18,232.13,232.13,33974
2026-06-26T14:46:00Z,232.13,232.13,232.11,232.11,52563
2026-06-26T14:47:00Z,232.11,232.18,232.09,232.16,54486
2026-06-26T14:48:00Z,232.16,232.19,232.14,232.17,82050
2026-06-26T14:49:00Z,232.17,232.20,232.15,232.20,76281
2026-06-26T14:50:00Z,232.20,232.22,232.13,232.15,66025
2026-06-26T14:51:00Z,232.15,232.17,232.11,232.11,82691
2026-06-26T14:52:00Z,232.11,232.14,232.09,232.12,42307
2026-06-26T14:53:00Z,232.12,232.13,232.10,232.13,54486
2026-06-26T14:54:00Z,232.13,232.14,232.11,232.14,65384
2026-06-26T14:55:00Z,232.14,232.16,232.07,232.09,85255
2026-06-26T14:56:00Z,232.09,232.12,232.07,232.10,53845
2026-06-26T14:57:00Z,232.10,232.13,232.08,232.11,47435
2026-06-26T14:58:00Z,232.11,232.13,232.09,232.09,32051
2026-06-26T14:59:00Z,232.09,232.12,232.07,232.12,34615
2026-06-26T15:00:00Z,232.12,232.12,232.09,232.09,71153
2026-06-26T15:01:00Z,232.09,232.14,232.09,232.12,57050
2026-06-26T15:02:00Z,232.12,232.12,232.06,232.06,50640
2026-06-26T15:03:00Z,232.06,232.06,232.00,232.02,40384
2026-06-26T15:04:00Z,232.02,232.03,232.02,232.03,82691
2026-06-26T15:05:00Z,232.03,232.03,232.01,232.03,37820
2026-06-26T15:06:00Z,232.03,232.05,231.99,232.01,32051
2026-06-26T15:07:00Z,232.01,232.01,231.95,231.97,74358
2026-06-26T15:08:00Z,231.97,231.99,231.93,231.95,36538
2026-06-26T15:09:00Z,231.95,232.00,231.95,232.00,91024
2026-06-26T15:10:00Z,232.00,232.02,231.98,232.00,66025
2026-06-26T15:11:00Z,232.00,232.05,231.98,232.03,37179
2026-06-26T15:12:00Z,232.03,232.04,232.03,232.04,35897
2026-06-26T15:13:00Z,232.04,232.07,232.02,232.07,89101
2026-06-26T15:14:00Z,232.07,232.07,232.03,232.03,46794
2026-06-26T15:15:00Z,232.03,232.07,232.01,232.07,87819
2026-06-26T15:16:00Z,232.07,232.14,232.07,232.12,48717
2026-06-26T15:17:00Z,232.12,232.17,232.10,232.17,35256
2026-06-26T15:18:00Z,232.17,232.17,232.13,232.15,33974
2026-06-26T15:19:00Z,232.15,232.17,232.09,232.09,53845
2026-06-26T15:20:00Z,232.09,232.11,232.02,232.04,56409
2026-06-26T15:21:00Z,232.04,232.05,232.02,232.05,92306
2026-06-26T15:22:00Z,232.05,232.10,232.05,232.08,53204
2026-06-26T15:23:00Z,232.08,232.08,232.04,232.04,74358
2026-06-26T15:24:00Z,232.04,232.04,232.02,232.02,67307
2026-06-26T15:25:00Z,232.02,232.04,232.02,232.04,71153
2026-06-26T15:26:00Z,232.04,232.04,232.00,232.02,54486
2026-06-26T15:27:00Z,232.02,232.02,231.94,231.96,60255
2026-06-26T15:28:00Z,231.96,231.98,231.94,231.94,55127
2026-06-26T15:29:00Z,231.94,231.97,231.92,231.97,81409
2026-06-26T15:30:00Z,231.97,231.99,231.96,231.96,84614
2026-06-26T15:31:00Z,231.96,231.96,231.93,231.93,90383
2026-06-26T15:32:00Z,231.93,231.95,231.88,231.90,68589
2026-06-26T15:33:00Z,231.90,231.90,231.87,231.89,89101
2026-06-26T15:34:00Z,231.89,231.91,231.89,231.89,87819
2026-06-26T15:35:00Z,231.89,231.89,231.87,231.89,94229
2026-06-26T15:36:00Z,231.89,231.91,231.86,231.88,32051
2026-06-26T15:37:00Z,231.88,231.90,231.86,231.90,81409
2026-06-26T15:38:00Z,231.90,231.92,231.85,231.87,79486
2026-06-26T15:39:00Z,231.87,231.89,231.84,231.84,82050
2026-06-26T15:40:00Z,231.84,231.84,231.81,231.83,57050
2026-06-26T15:41:00Z,231.83,231.89,231.83,231.89,55768
2026-06-26T15:42:00Z,231.89,231.89,231.89,231.89,42948
2026-06-26T15:43:00Z,231.89,231.91,231.85,231.85,40384
2026-06-26T15:44:00Z,231.85,231.85,231.85,231.85,54486
2026-06-26T15:45:00Z,231.85,231.85,231.78,231.78,72435
2026-06-26T15:46:00Z,231.78,231.78,231.77,231.77,82050
2026-06-26T15:47:00Z,231.77,231.79,231.77,231.77,77563
2026-06-26T15:48:00Z,231.77,231.79,231.75,231.77,83973
2026-06-26T15:49:00Z,231.77,231.81,231.75,231.79,92306
2026-06-26T15:50:00Z,231.79,231.79,231.75,231.75,92306
2026-06-26T15:51:00Z,231.75,231.77,231.75,231.77,46153
2026-06-26T15:52:00Z,231.77,231.81,231.75,231.79,46794
2026-06-26T15:53:00Z,231.79,231.81,231.78,231.78,72435
2026-06-26T15:54:00Z,231.78,231.82,231.76,231.80,95511
2026-06-26T15:55:00Z,231.80,231.82,231.75,231.77,91024
2026-06-26T15:56:00Z,231.77,231.78,231.75,231.78,36538
2026-06-26T15:57:00Z,231.78,231.80,231.78,231.78,44871
2026-06-26T15:58:00Z,231.78,231.80,231.78,231.78,80127
2026-06-26T15:59:00Z,231.78,231.80,231.73,231.75,73717
2026-06-26T16:00:00Z,231.75,231.78,231.75,231.76,62819
2026-06-26T16:01:00Z,231.76,231.78,231.73,231.73,39743
2026-06-26T16:02:00Z,231.73,231.73,231.71,231.73,86537
2026-06-26T16:03:00Z,231.73,231.76,231.71,231.74,71794
2026-06-26T16:04:00Z,231.74,231.76,231.71,231.71,42307
2026-06-26T16:05:00Z,231.71,231.75,231.71,231.73,43589
2026-06-26T16:06:00Z,231.73,231.73,231.67,231.69,83332
2026-06-26T16:07:00Z,231.69,231.71,231.67,231.71,85896
2026-06-26T16:08:00Z,231.71,231.73,231.71,231.71,57050
2026-06-26T16:09:00Z,231.71,231.71,231.68,231.68,37179
2026-06-26T16:10:00Z,231.68,231.70,231.62,231.62,78204
2026-06-26T16:11:00Z,231.62,231.64,231.57,231.59,80768
2026-06-26T16:12:00Z,231.59,231.59,231.54,231.56,85896
2026-06-26T16:13:00Z,231.56,231.56,231.53,231.55,41025
2026-06-26T16:14:00Z,231.55,231.55,231.50,231.52,69871
2026-06-26T16:15:00Z,231.52,231.54,231.52,231.54,41025
2026-06-26T16:16:00Z,231.54,231.57,231.52,231.55,44871
2026-06-26T16:17:00Z,231.55,231.57,231.53,231.57,69871
2026-06-26T16:18:00Z,231.57,231.59,231.52,231.54,62178
2026-06-26T16:19:00Z,231.54,231.54,231.54,231.54,32051
2026-06-26T16:20:00Z,231.54,231.56,231.48,231.50,87178
2026-06-26T16:21:00Z,231.50,231.52,231.47,231.47,89101
2026-06-26T16:22:00Z,231.47,231.49,231.45,231.47,89742
2026-06-26T16:23:00Z,231.47,231.50,231.45,231.50,78204
2026-06-26T16:24:00Z,231.50,231.50,231.47,231.47,44230
2026-06-26T16:25:00Z,231.47,231.49,231.42,231.44,84614
2026-06-26T16:26:00Z,231.44,231.47,231.44,231.45,46153
2026-06-26T16:27:00Z,231.45,231.45,231.43,231.45,66666
2026-06-26T16:28:00Z,231.45,231.47,231.45,231.45,94870
2026-06-26T16:29:00Z,231.45,231.47,231.43,231.45,64743
2026-06-26T16:30:00Z,231.45,231.47,231.41,231.43,38461
2026-06-26T16:31:00Z,231.43,231.47,231.41,231.45,87178
2026-06-26T16:32:00Z,231.45,231.48,231.43,231.46,93588
2026-06-26T16:33:00Z,231.46,231.50,231.46,231.48,56409
2026-06-26T16:34:00Z,231.48,231.53,231.48,231.51,87178
2026-06-26T16:35:00Z,231.51,231.53,231.48,231.50,41025
2026-06-26T16:36:00Z,231.50,231.51,231.48,231.51,71794
2026-06-26T16:37:00Z,231.51,231.57,231.49,231.55,35897
2026-06-26T16:38:00Z,231.55,231.56,231.55,231.56,32051
2026-06-26T16:39:00Z,231.56,231.60,231.56,231.58,88460
2026-06-26T16:40:00Z,231.58,231.58,231.56,231.56,83973
2026-06-26T16:41:00Z,231.56,231.56,231.55,231.55,71153
2026-06-26T16:42:00Z,231.55,231.55,231.53,231.53,47435
2026-06-26T16:43:00Z,231.53,231.59,231.53,231.57,37820
2026-06-26T16:44:00Z,231.57,231.60,231.55,231.58,47435
2026-06-26T16:45:00Z,231.58,231.60,231.55,231.55,51281
2026-06-26T16:46:00Z,231.55,231.60,231.53,231.58,63460
2026-06-26T16:47:00Z,231.58,231.60,231.58,231.60,66666
2026-06-26T16:48:00Z,231.60,231.63,231.60,231.63,73076
2026-06-26T16:49:00Z,231.63,231.65,231.60,231.62,75640
2026-06-26T16:50:00Z,231.62,231.62,231.58,231.58,90383
2026-06-26T16:51:00Z,231.58,231.58,231.55,231.55,92306
2026-06-26T16:52:00Z,231.55,231.56,231.55,231.56,50640
2026-06-26T16:53:00Z,231.56,231.58,231.49,231.51,60896
2026-06-26T16:54:00Z,231.51,231.58,231.51,231.56,76922
2026-06-26T16:55:00Z,231.56,231.56,231.53,231.55,49358
2026-06-26T16:56:00Z,231.55,231.55,231.53,231.53,77563
2026-06-26T16:57:00Z,231.53,231.53,231.48,231.50,67948
2026-06-26T16:58:00Z,231.50,231.50,231.46,231.48,48076
2026-06-26T16:59:00Z,231.48,231.48,231.45,231.47,78204
2026-06-26T17:00:00Z,231.47,231.50,231.47,231.48,57050
2026-06-26T17:01:00Z,231.48,231.54,231.46,231.54,91024
2026-06-26T17:02:00Z,231.54,231.54,231.48,231.50,83332
2026-06-26T17:03:00Z,231.50,231.52,231.50,231.52,85255
2026-06-26T17:04:00Z,231.52,231.53,231.52,231.53,78204
2026-06-26T17:05:00Z,231.53,231.57,231.51,231.57,60896
2026-06-26T17:06:00Z,231.57,231.62,231.57,231.60,73717
2026-06-26T17:07:00Z,231.60,231.66,231.60,231.64,55127
2026-06-26T17:08:00Z,231.64,231.65,231.62,231.65,94229
2026-06-26T17:09:00Z,231.65,231.69,231.65,231.67,73717
2026-06-26T17:10:00Z,231.67,231.69,231.61,231.63,67948
2026-06-26T17:11:00Z,231.63,231.67,231.63,231.65,69230
2026-06-26T17:12:00Z,231.65,231.66,231.65,231.66,33974
2026-06-26T17:13:00Z,231.66,231.66,231.61,231.63,42948
2026-06-26T17:14:00Z,231.63,231.63,231.57,231.57,58332
2026-06-26T17:15:00Z,231.57,231.59,231.54,231.54,74999
2026-06-26T17:16:00Z,231.54,231.54,231.50,231.52,66666
2026-06-26T17:17:00Z,231.52,231.56,231.52,231.54,91665
2026-06-26T17:18:00Z,231.54,231.55,231.52,231.55,71794
2026-06-26T17:19:00Z,231.55,231.57,231.55,231.57,78845
2026-06-26T17:20:00Z,231.57,231.59,231.51,231.53,46153
2026-06-26T17:21:00Z,231.53,231.53,231.50,231.52,73717
2026-06-26T17:22:00Z,231.52,231.55,231.52,231.55,45512
2026-06-26T17:23:00Z,231.55,231.57,231.52,231.54,41025
2026-06-26T17:24:00Z,231.54,231.61,231.54,231.59,55127
2026-06-26T17:25:00Z,231.59,231.63,231.59,231.61,52563
2026-06-26T17:26:00Z,231.61,231.63,231.55,231.57,84614
2026-06-26T17:27:00Z,231.57,231.61,231.55,231.59,33333
2026-06-26T17:28:00Z,231.59,231.66,231.57,231.64,76922
2026-06-26T17:29:00Z,231.64,231.68,231.62,231.68,74999
2026-06-26T17:30:00Z,231.68,231.70,231.66,231.68,62819
2026-06-26T17:31:00Z,231.68,231.70,231.64,231.64,48076
2026-06-26T17:32:00Z,231.64,231.64,231.57,231.59,40384
2026-06-26T17:33:00Z,231.59,231.59,231.55,231.57,80127
2026-06-26T17:34:00Z,231.57,231.57,231.55,231.57,35256
2026-06-26T17:35:00Z,231.57,231.64,231.57,231.62,70512
2026-06-26T17:36:00Z,231.62,231.64,231.55,231.57,58973
2026-06-26T17:37:00Z,231.57,231.59,231.53,231.55,82691
2026-06-26T17:38:00Z,231.55,231.59,231.53,231.57,78845
2026-06-26T17:39:00Z,231.57,231.58,231.57,231.58,38461
2026-06-26T17:40:00Z,231.58,231.58,231.58,231.58,89742
2026-06-26T17:41:00Z,231.58,231.61,231.56,231.59,37820
2026-06-26T17:42:00Z,231.59,231.63,231.57,231.61,48717
2026-06-26T17:43:00Z,231.61,231.66,231.59,231.66,36538
2026-06-26T17:44:00Z,231.66,231.66,231.61,231.63,78204
2026-06-26T17:45:00Z,231.63,231.70,231.61,231.68,32692
2026-06-26T17:46:00Z,231.68,231.72,231.66,231.70,51281
2026-06-26T17:47:00Z,231.70,231.73,231.68,231.71,76281
2026-06-26T17:48:00Z,231.71,231.73,231.68,231.68,56409
2026-06-26T17:49:00Z,231.68,231.68,231.66,231.66,89101
2026-06-26T17:50:00Z,231.66,231.72,231.66,231.70,91665
2026-06-26T17:51:00Z,231.70,231.70,231.66,231.66,93588
2026-06-26T17:52:00Z,231.66,231.66,231.59,231.61,86537
2026-06-26T17:53:00Z,231.61,231.63,231.59,231.59,56409
2026-06-26T17:54:00Z,231.59,231.63,231.59,231.61,54486
2026-06-26T17:55:00Z,231.61,231.64,231.61,231.62,67307
2026-06-26T17:56:00Z,231.62,231.64,231.57,231.59,91024
2026-06-26T17:57:00Z,231.59,231.60,231.59,231.60,33333
2026-06-26T17:58:00Z,231.60,231.62,231.53,231.55,58973
2026-06-26T17:59:00Z,231.55,231.56,231.53,231.56,80768
2026-06-26T18:00:00Z,231.56,231.61,231.56,231.59,50640
2026-06-26T18:01:00Z,231.59,231.59,231.54,231.56,32051
2026-06-26T18:02:00Z,231.56,231.58,231.52,231.54,46794
2026-06-26T18:03:00Z,231.54,231.54,231.49,231.51,65384
2026-06-26T18:04:00Z,231.51,231.53,231.49,231.49,61537
2026-06-26T18:05:00Z,231.49,231.51,231.46,231.46,71794
2026-06-26T18:06:00Z,231.46,231.49,231.44,231.49,34615
2026-06-26T18:07:00Z,231.49,231.51,231.49,231.49,43589
2026-06-26T18:08:00Z,231.49,231.56,231.47,231.56,82050
2026-06-26T18:09:00Z,231.56,231.58,231.49,231.51,79486
2026-06-26T18:10:00Z,231.51,231.52,231.51,231.52,76281
2026-06-26T18:11:00Z,231.52,231.52,231.45,231.45,71794
2026-06-26T18:12:00Z,231.45,231.45,231.39,231.39,52563
2026-06-26T18:13:00Z,231.39,231.41,231.34,231.34,61537
2026-06-26T18:14:00Z,231.34,231.34,231.30,231.32,33333
2026-06-26T18:15:00Z,231.32,231.34,231.32,231.34,33333
2026-06-26T18:16:00Z,231.34,231.39,231.34,231.37,51922
2026-06-26T18:17:00Z,231.37,231.37,231.34,231.34,49358
2026-06-26T18:18:00Z,231.34,231.34,231.30,231.32,53204
2026-06-26T18:19:00Z,231.32,231.34,231.25,231.25,94870
2026-06-26T18:20:00Z,231.25,231.30,231.25,231.30,73076
2026-06-26T18:21:00Z,231.30,231.30,231.28,231.30,68589
2026-06-26T18:22:00Z,231.30,231.32,231.28,231.28,94229
2026-06-26T18:23:00Z,231.28,231.28,231.26,231.28,77563
2026-06-26T18:24:00Z,231.28,231.28,231.24,231.24,66666
2026-06-26T18:25:00Z,231.24,231.28,231.24,231.26,66666
2026-06-26T18:26:00Z,231.26,231.26,231.20,231.22,43589
2026-06-26T18:27:00Z,231.22,231.24,231.20,231.24,62178
2026-06-26T18:28:00Z,231.24,231.29,231.24,231.27,36538
2026-06-26T18:29:00Z,231.27,231.29,231.21,231.23,85896
2026-06-26T18:30:00Z,231.23,231.23,231.21,231.21,51281
2026-06-26T18:31:00Z,231.21,231.25,231.21,231.23,63460
2026-06-26T18:32:00Z,231.23,231.25,231.23,231.25,82691
2026-06-26T18:33:00Z,231.25,231.28,231.23,231.28,57691
2026-06-26T18:34:00Z,231.28,231.30,231.23,231.25,53845
2026-06-26T18:35:00Z,231.25,231.25,231.22,231.24,76281
2026-06-26T18:36:00Z,231.24,231.27,231.24,231.25,72435
2026-06-26T18:37:00Z,231.25,231.29,231.25,231.27,75640
2026-06-26T18:38:00Z,231.27,231.29,231.24,231.26,48076
2026-06-26T18:39:00Z,231.26,231.28,231.21,231.23,63460
2026-06-26T18:40:00Z,231.23,231.26,231.21,231.24,69871
2026-06-26T18:41:00Z,231.24,231.24,231.21,231.23,89742
2026-06-26T18:42:00Z,231.23,231.27,231.23,231.27,44230
2026-06-26T18:43:00Z,231.27,231.29,231.21,231.21,94229
2026-06-26T18:44:00Z,231.21,231.21,231.18,231.18,82691
2026-06-26T18:45:00Z,231.18,231.22,231.16,231.20,71153
2026-06-26T18:46:00Z,231.20,231.27,231.18,231.25,37179
2026-06-26T18:47:00Z,231.25,231.25,231.22,231.24,40384
2026-06-26T18:48:00Z,231.24,231.24,231.21,231.23,55768
2026-06-26T18:49:00Z,231.23,231.29,231.21,231.27,94870
2026-06-26T18:50:00Z,231.27,231.28,231.25,231.28,70512
2026-06-26T18:51:00Z,231.28,231.32,231.28,231.32,48717
2026-06-26T18:52:00Z,231.32,231.36,231.30,231.34,90383
2026-06-26T18:53:00Z,231.34,231.34,231.32,231.32,89101
2026-06-26T18:54:00Z,231.32,231.34,231.32,231.34,79486
2026-06-26T18:55:00Z,231.34,231.34,231.29,231.31,53204
2026-06-26T18:56:00Z,231.31,231.34,231.31,231.32,58973
2026-06-26T18:57:00Z,231.32,231.36,231.30,231.34,33974
2026-06-26T18:58:00Z,231.34,231.34,231.31,231.33,78204
2026-06-26T18:59:00Z,231.33,231.35,231.33,231.35,48717
2026-06-26T19:00:00Z,231.35,231.37,231.33,231.33,92947
2026-06-26T19:01:00Z,231.33,231.35,231.32,231.32,49999
2026-06-26T19:02:00Z,231.32,231.38,231.30,231.38,92306
2026-06-26T19:03:00Z,231.38,231.38,231.36,231.36,76922
2026-06-26T19:04:00Z,231.36,231.38,231.34,231.38,53845
2026-06-26T19:05:00Z,231.38,231.40,231.31,231.33,50640
2026-06-26T19:06:00Z,231.33,231.36,231.31,231.36,37820
2026-06-26T19:07:00Z,231.36,231.38,231.33,231.33,46794
2026-06-26T19:08:00Z,231.33,231.39,231.31,231.37,66025
2026-06-26T19:09:00Z,231.37,231.37,231.34,231.34,37179
2026-06-26T19:10:00Z,231.34,231.37,231.32,231.35,53845
2026-06-26T19:11:00Z,231.35,231.37,231.30,231.32,88460
2026-06-26T19:12:00Z,231.32,231.34,231.29,231.31,78204
2026-06-26T19:13:00Z,231.31,231.33,231.25,231.27,41666
2026-06-26T19:14:00Z,231.27,231.35,231.27,231.33,76281
2026-06-26T19:15:00Z,231.33,231.35,231.28,231.30,91665
2026-06-26T19:16:00Z,231.30,231.32,231.28,231.28,34615
2026-06-26T19:17:00Z,231.28,231.28,231.21,231.23,91665
2026-06-26T19:18:00Z,231.23,231.23,231.20,231.22,89742
2026-06-26T19:19:00Z,231.22,231.22,231.19,231.19,88460
2026-06-26T19:20:00Z,231.19,231.22,231.19,231.20,63460
2026-06-26T19:21:00Z,231.20,231.24,231.18,231.24,57691
2026-06-26T19:22:00Z,231.24,231.26,231.21,231.23,67948
2026-06-26T19:23:00Z,231.23,231.28,231.21,231.26,42307
2026-06-26T19:24:00Z,231.26,231.28,231.23,231.25,35897
2026-06-26T19:25:00Z,231.25,231.29,231.23,231.29,67948
2026-06-26T19:26:00Z,231.29,231.36,231.27,231.34,78845
2026-06-26T19:27:00Z,231.34,231.36,231.29,231.31,58332
2026-06-26T19:28:00Z,231.31,231.33,231.28,231.30,66666
2026-06-26T19:29:00Z,231.30,231.32,231.28,231.32,46794
2026-06-26T19:30:00Z,231.32,231.32,231.30,231.30,78845
2026-06-26T19:31:00Z,231.30,231.32,231.27,231.29,82691
2026-06-26T19:32:00Z,231.29,231.29,231.23,231.25,60255
2026-06-26T19:33:00Z,231.25,231.25,231.20,231.20,44230
2026-06-26T19:34:00Z,231.20,231.22,231.19,231.19,36538
2026-06-26T19:35:00Z,231.19,231.22,231.17,231.20,93588
2026-06-26T19:36:00Z,231.20,231.22,231.13,231.13,87819
2026-06-26T19:37:00Z,231.13,231.15,231.07,231.07,58332
2026-06-26T19:38:00Z,231.07,231.08,231.05,231.08,43589
2026-06-26T19:39:00Z,231.08,231.10,231.02,231.04,50640
2026-06-26T19:40:00Z,231.04,231.06,231.02,231.02,93588
2026-06-26T19:41:00Z,231.02,231.02,231.01,231.01,87819
2026-06-26T19:42:00Z,231.01,231.01,231.00,231.00,87819
2026-06-26T19:43:00Z,231.00,231.00,230.98,231.00,91024
2026-06-26T19:44:00Z,231.00,231.00,230.92,230.94,80127
2026-06-26T19:45:00Z,230.94,230.94,230.90,230.90,59614
2026-06-26T19:46:00Z,230.90,230.90,230.83,230.85,48717
2026-06-26T19:47:00Z,230.85,230.86,230.85,230.86,83973
2026-06-26T19:48:00Z,230.86,230.89,230.84,230.87,94229
2026-06-26T19:49:00Z,230.87,230.89,230.83,230.83,83332
2026-06-26T19:50:00Z,230.83,230.85,230.83,230.85,37179
2026-06-26T19:51:00Z,230.85,230.87,230.84,230.84,44871
2026-06-26T19:52:00Z,230.84,230.86,230.76,230.78,81409
2026-06-26T19:53:00Z,230.78,230.80,230.74,230.76,85255
2026-06-26T19:54:00Z,230.76,230.79,230.76,230.77,57050
2026-06-26T19:55:00Z,230.77,230.79,230.73,230.73,46153
2026-06-26T19:56:00Z,230.73,230.75,230.66,230.66,78204
2026-06-26T19:57:00Z,230.66,230.66,230.65,230.65,44230
2026-06-26T19:58:00Z,230.65,230.67,230.59,230.61,94870
2026-06-26T19:59:00Z,230.61,230.61,230.58,230.60,36538
