open_time_utc,open,high,low,close,volume
2026-06-22T13:30:00Z,33.79,33.80,33.79,33.79,86538
2026-06-22T13:31:00Z,33.79,33.81,33.79,33.80,138460
2026-06-22T13:32:00Z,33.80,33.80,33.79,33.80,155768
2026-06-22T13:33:00Z,33.80,33.80,33.79,33.79,74999
2026-06-22T13:34:00Z,33.79,33.81,33.78,33.80,101537
2026-06-22T13:35:00Z,33.80,33.81,33.79,33.81,98076
2026-06-22T13:36:00Z,33.81,33.85,33.81,33.84,167306
2026-06-22T13:37:00Z,33.84,33.84,33.81,33.82,123460
2026-06-22T13:38:00Z,33.82,33.83,33.82,33.82,139614
2026-06-22T13:39:00Z,33.82,33.83,33.81,33.82,144230
2026-06-22T13:40:00Z,33.82,33.83,33.82,33.82,156922
2026-06-22T13:41:00Z,33.82,33.82,33.81,33.82,156922
2026-06-22T13:42:00Z,33.82,33.84,33.82,33.84,128076
2026-06-22T13:43:00Z,33.84,33.84,33.84,33.84,65768
2026-06-22T13:44:00Z,33.84,33.85,33.82,33.83,76153
2026-06-22T13:45:00Z,33.83,33.84,33.82,33.84,155768
2026-06-22T13:46:00Z,33.84,33.84,33.83,33.83,163845
2026-06-22T13:47:00Z,33.83,33.83,33.81,33.81,89999
2026-06-22T13:48:00Z,33.81,33.81,33.80,33.80,79614
2026-06-22T13:49:00Z,33.80,33.82,33.79,33.81,109614
2026-06-22T13:50:00Z,33.81,33.84,33.81,33.83,58845
2026-06-22T13:51:00Z,33.83,33.83,33.80,33.81,119999
2026-06-22T13:52:00Z,33.81,33.82,33.80,33.82,92307
2026-06-22T13:53:00Z,33.82,33.83,33.80,33.81,161537
2026-06-22T13:54:00Z,33.81,33.82,33.80,33.80,137306
2026-06-22T13:55:00Z,33.80,33.80,33.78,33.78,137306
2026-06-22T13:56:00Z,33.78,33.78,33.75,33.76,73845
2026-06-22T13:57:00Z,33.76,33.77,33.76,33.76,149999
2026-06-22T13:58:00Z,33.76,33.77,33.74,33.75,159229
2026-06-22T13:59:00Z,33.75,33.76,33.74,33.76,136153
2026-06-22T14:00:00Z,33.76,33.76,33.74,33.74,76153
2026-06-22T14:01:00Z,33.74,33.77,33.74,33.76,148845
2026-06-22T14:02:00Z,33.76,33.76,33.74,33.74,153460
2026-06-22T14:03:00Z,33.74,33.74,33.72,33.73,64615
2026-06-22T14:04:00Z,33.73,33.74,33.73,33.73,78461
2026-06-22T14:05:00Z,33.73,33.74,33.73,33.74,168460
2026-06-22T14:06:00Z,33.74,33.77,33.74,33.76,99230
2026-06-22T14:07:00Z,33.76,33.76,33.74,33.74,148845
2026-06-22T14:08:00Z,33.74,33.76,33.74,33.75,129230
2026-06-22T14:09:00Z,33.75,33.77,33.74,33.76,100384
2026-06-22T14:10:00Z,33.76,33.76,33.75,33.75,89999
2026-06-22T14:11:00Z,33.75,33.75,33.75,33.75,102691
2026-06-22T14:12:00Z,33.75,33.75,33.74,33.74,59999
2026-06-22T14:13:00Z,33.74,33.75,33.72,33.72,168460
2026-06-22T14:14:00Z,33.72,33.73,33.71,33.73,171922
2026-06-22T14:15:00Z,33.73,33.74,33.70,33.71,143076
2026-06-22T14:16:00Z,33.71,33.73,33.71,33.72,98076
2026-06-22T14:17:00Z,33.72,33.73,33.72,33.73,59999
2026-06-22T14:18:00Z,33.73,33.74,33.71,33.72,158076
2026-06-22T14:19:00Z,33.72,33.72,33.72,33.72,65768
2026-06-22T14:20:00Z,33.72,33.74,33.72,33.74,123460
2026-06-22T14:21:00Z,33.74,33.74,33.72,33.72,143076
2026-06-22T14:22:00Z,33.72,33.72,33.71,33.72,89999
2026-06-22T14:23:00Z,33.72,33.73,33.71,33.73,153460
2026-06-22T14:24:00Z,33.73,33.74,33.72,33.74,161537
2026-06-22T14:25:00Z,33.74,33.74,33.72,33.73,85384
2026-06-22T14:26:00Z,33.73,33.73,33.72,33.72,87691
2026-06-22T14:27:00Z,33.72,33.73,33.72,33.73,151153
2026-06-22T14:28:00Z,33.73,33.75,33.73,33.75,128076
2026-06-22T14:29:00Z,33.75,33.76,33.75,33.75,96922
2026-06-22T14:30:00Z,33.75,33.75,33.75,33.75,58845
2026-06-22T14:31:00Z,33.75,33.77,33.75,33.76,118845
2026-06-22T14:32:00Z,33.76,33.76,33.76,33.76,158076
2026-06-22T14:33:00Z,33.76,33.77,33.76,33.76,111922
2026-06-22T14:34:00Z,33.76,33.78,33.76,33.78,134999
2026-06-22T14:35:00Z,33.78,33.78,33.78,33.78,137306
2026-06-22T14:36:00Z,33.78,33.78,33.76,33.77,116537
2026-06-22T14:37:00Z,33.77,33.79,33.77,33.78,121153
2026-06-22T14:38:00Z,33.78,33.80,33.78,33.79,153460
2026-06-22T14:39:00Z,33.79,33.81,33.78,33.80,133845
2026-06-22T14:40:00Z,33.80,33.80,33.77,33.78,71538
2026-06-22T14:41:00Z,33.78,33.79,33.76,33.77,64615
2026-06-22T14:42:00Z,33.77,33.77,33.77,33.77,73845
2026-06-22T14:43:00Z,33.77,33.80,33.76,33.79,74999
2026-06-22T14:44:00Z,33.79,33.80,33.79,33.80,155768
2026-06-22T14:45:00Z,33.80,33.81,33.79,33.80,170768
2026-06-22T14:46:00Z,33.80,33.81,33.79,33.81,118845
2026-06-22T14:47:00Z,33.81,33.82,33.81,33.82,143076
2026-06-22T14:48:00Z,33.82,33.83,33.80,33.81,139614
2026-06-22T14:49:00Z,33.81,33.81,33.80,33.81,118845
2026-06-22T14:50:00Z,33.81,33.81,33.80,33.80,134999
2026-06-22T14:51:00Z,33.80,33.84,33.79,33.84,64615
2026-06-22T14:52:00Z,33.84,33.85,33.82,33.82,79614
2026-06-22T14:53:00Z,33.82,33.83,33.81,33.81,71538
2026-06-22T14:54:00Z,33.81,33.82,33.80,33.80,146537
2026-06-22T14:55:00Z,33.80,33.81,33.78,33.79,61153
2026-06-22T14:56:00Z,33.79,33.79,33.78,33.78,107307
2026-06-22T14:57:00Z,33.78,33.79,33.78,33.78,86538
2026-06-22T14:58:00Z,33.78,33.80,33.78,33.79,101537
2026-06-22T14:59:00Z,33.79,33.80,33.79,33.80,77307
2026-06-22T15:00:00Z,33.80,33.80,33.78,33.78,102691
2026-06-22T15:01:00Z,33.78,33.79,33.78,33.79,154614
2026-06-22T15:02:00Z,33.79,33.79,33.78,33.79,149999
2026-06-22T15:03:00Z,33.79,33.79,33.78,33.78,171922
2026-06-22T15:04:00Z,33.78,33.78,33.76,33.77,106153
2026-06-22T15:05:00Z,33.77,33.78,33.77,33.78,143076
2026-06-22T15:06:00Z,33.78,33.79,33.76,33.77,160383
2026-06-22T15:07:00Z,33.77,33.77,33.74,33.75,61153
2026-06-22T15:08:00Z,33.75,33.75,33.73,33.74,139614
2026-06-22T15:09:00Z,33.74,33.74,33.72,33.73,109614
2026-06-22T15:10:00Z,33.73,33.73,33.69,33.70,140768
2026-06-22T15:11:00Z,33.70,33.70,33.69,33.69,141922
2026-06-22T15:12:00Z,33.69,33.70,33.69,33.69,147691
2026-06-22T15:13:00Z,33.69,33.70,33.69,33.69,95768
2026-06-22T15:14:00Z,33.69,33.72,33.69,33.71,141922
2026-06-22T15:15:00Z,33.71,33.71,33.71,33.71,147691
2026-06-22T15:16:00Z,33.71,33.72,33.71,33.72,119999
2026-06-22T15:17:00Z,33.72,33.72,33.70,33.70,110768
2026-06-22T15:18:00Z,33.70,33.73,33.69,33.72,95768
2026-06-22T15:19:00Z,33.72,33.73,33.72,33.73,116537
2026-06-22T15:20:00Z,33.73,33.74,33.71,33.71,129230
2026-06-22T15:21:00Z,33.71,33.72,33.70,33.71,69230
2026-06-22T15:22:00Z,33.71,33.72,33.70,33.72,113076
2026-06-22T15:23:00Z,33.72,33.73,33.72,33.73,109614
2026-06-22T15:24:00Z,33.73,33.74,33.72,33.74,167306
2026-06-22T15:25:00Z,33.74,33.76,33.73,33.75,164999
2026-06-22T15:26:00Z,33.75,33.76,33.74,33.76,100384
2026-06-22T15:27:00Z,33.76,33.76,33.73,33.74,79614
2026-06-22T15:28:00Z,33.74,33.75,33.73,33.75,96922
2026-06-22T15:29:00Z,33.75,33.76,33.75,33.76,72691
2026-06-22T15:30:00Z,33.76,33.76,33.75,33.75,168460
2026-06-22T15:31:00Z,33.75,33.76,33.73,33.73,124614
2026-06-22T15:32:00Z,33.73,33.73,33.72,33.72,104999
2026-06-22T15:33:00Z,33.72,33.72,33.71,33.71,92307
2026-06-22T15:34:00Z,33.71,33.72,33.70,33.72,164999
2026-06-22T15:35:00Z,33.72,33.74,33.71,33.73,85384
2026-06-22T15:36:00Z,33.73,33.73,33.71,33.72,73845
2026-06-22T15:37:00Z,33.72,33.73,33.71,33.71,70384
2026-06-22T15:38:00Z,33.71,33.71,33.71,33.71,129230
2026-06-22T15:39:00Z,33.71,33.72,33.71,33.72,57692
2026-06-22T15:40:00Z,33.72,33.73,33.72,33.72,155768
2026-06-22T15:41:00Z,33.72,33.73,33.71,33.72,87691
2026-06-22T15:42:00Z,33.72,33.73,33.71,33.73,161537
2026-06-22T15:43:00Z,33.73,33.75,33.73,33.74,164999
2026-06-22T15:44:00Z,33.74,33.74,33.74,33.74,65768
2026-06-22T15:45:00Z,33.74,33.76,33.73,33.76,158076
2026-06-22T15:46:00Z,33.76,33.77,33.76,33.77,146537
2026-06-22T15:47:00Z,33.77,33.78,33.77,33.78,58845
2026-06-22T15:48:00Z,33.78,33.78,33.78,33.78,138460
2026-06-22T15:49:00Z,33.78,33.79,33.77,33.77,138460
2026-06-22T15:50:00Z,33.77,33.78,33.75,33.75,58845
2026-06-22T15:51:00Z,33.75,33.75,33.73,33.74,125768
2026-06-22T15:52:00Z,33.74,33.74,33.73,33.73,160383
2026-06-22T15:53:00Z,33.73,33.73,33.71,33.71,84230
2026-06-22T15:54:00Z,33.71,33.72,33.71,33.71,122307
2026-06-22T15:55:00Z,33.71,33.71,33.68,33.69,91153
2026-06-22T15:56:00Z,33.69,33.69,33.69,33.69,121153
2026-06-22T15:57:00Z,33.69,33.70,33.69,33.70,116537
2026-06-22T15:58:00Z,33.70,33.70,33.68,33.69,80768
2026-06-22T15:59:00Z,33.69,33.69,33.69,33.69,170768
2026-06-22T16:00:00Z,33.69,33.72,33.69,33.72,71538
2026-06-22T16:01:00Z,33.72,33.73,33.68,33.69,134999
2026-06-22T16:02:00Z,33.69,33.72,33.69,33.71,95768
2026-06-22T16:03:00Z,33.71,33.72,33.70,33.72,99230
2026-06-22T16:04:00Z,33.72,33.73,33.69,33.70,159229
2026-06-22T16:05:00Z,33.70,33.71,33.69,33.71,140768
2026-06-22T16:06:00Z,33.71,33.72,33.69,33.69,64615
2026-06-22T16:07:00Z,33.69,33.72,33.69,33.71,115384
2026-06-22T16:08:00Z,33.71,33.72,33.70,33.72,162691
2026-06-22T16:09:00Z,33.72,33.74,33.72,33.73,84230
2026-06-22T16:10:00Z,33.73,33.73,33.73,33.73,85384
2026-06-22T16:11:00Z,33.73,33.75,33.72,33.74,169614
2026-06-22T16:12:00Z,33.74,33.75,33.74,33.74,125768
2026-06-22T16:13:00Z,33.74,33.74,33.74,33.74,136153
2026-06-22T16:14:00Z,33.74,33.74,33.73,33.74,158076
2026-06-22T16:15:00Z,33.74,33.75,33.71,33.71,76153
2026-06-22T16:16:00Z,33.71,33.71,33.70,33.70,118845
2026-06-22T16:17:00Z,33.70,33.72,33.70,33.72,76153
2026-06-22T16:18:00Z,33.72,33.74,33.72,33.73,79614
2026-06-22T16:19:00Z,33.73,33.74,33.71,33.71,110768
2026-06-22T16:20:00Z,33.71,33.72,33.69,33.70,124614
2026-06-22T16:21:00Z,33.70,33.70,33.70,33.70,108460
2026-06-22T16:22:00Z,33.70,33.71,33.70,33.71,168460
2026-06-22T16:23:00Z,33.71,33.73,33.70,33.73,138460
2026-06-22T16:24:00Z,33.73,33.75,33.73,33.74,94614
2026-06-22T16:25:00Z,33.74,33.75,33.74,33.75,111922
2026-06-22T16:26:00Z,33.75,33.78,33.75,33.77,83076
2026-06-22T16:27:00Z,33.77,33.78,33.77,33.78,116537
2026-06-22T16:28:00Z,33.78,33.79,33.78,33.79,88845
2026-06-22T16:29:00Z,33.79,33.83,33.78,33.82,155768
2026-06-22T16:30:00Z,33.82,33.82,33.81,33.82,66922
2026-06-22T16:31:00Z,33.82,33.83,33.81,33.83,93461
2026-06-22T16:32:00Z,33.83,33.83,33.82,33.82,83076
2026-06-22T16:33:00Z,33.82,33.84,33.82,33.83,121153
2026-06-22T16:34:00Z,33.83,33.84,33.83,33.84,57692
2026-06-22T16:35:00Z,33.84,33.85,33.84,33.84,113076
2026-06-22T16:36:00Z,33.84,33.84,33.83,33.83,61153
2026-06-22T16:37:00Z,33.83,33.84,33.82,33.83,129230
2026-06-22T16:38:00Z,33.83,33.84,33.83,33.84,84230
2026-06-22T16:39:00Z,33.84,33.85,33.84,33.85,104999
2026-06-22T16:40:00Z,33.85,33.85,33.85,33.85,131537
2026-06-22T16:41:00Z,33.85,33.85,33.85,33.85,62307
2026-06-22T16:42:00Z,33.85,33.87,33.85,33.87,118845
2026-06-22T16:43:00Z,33.87,33.87,33.87,33.87,136153
2026-06-22T16:44:00Z,33.87,33.88,33.87,33.88,78461
2026-06-22T16:45:00Z,33.88,33.90,33.88,33.89,126922
2026-06-22T16:46:00Z,33.89,33.90,33.88,33.90,152306
2026-06-22T16:47:00Z,33.90,33.90,33.89,33.89,144230
2026-06-22T16:48:00Z,33.89,33.89,33.87,33.88,161537
2026-06-22T16:49:00Z,33.88,33.89,33.88,33.89,92307
2026-06-22T16:50:00Z,33.89,33.90,33.87,33.88,57692
2026-06-22T16:51:00Z,33.88,33.89,33.88,33.89,173076
2026-06-22T16:52:00Z,33.89,33.89,33.89,33.89,173076
2026-06-22T16:53:00Z,33.89,33.92,33.89,33.91,80768
2026-06-22T16:54:00Z,33.91,33.92,33.91,33.92,91153
2026-06-22T16:55:00Z,33.92,33.93,33.91,33.92,68076
2026-06-22T16:56:00Z,33.92,33.94,33.92,33.94,138460
2026-06-22T16:57:00Z,33.94,33.94,33.92,33.92,136153
2026-06-22T16:58:00Z,33.92,33.93,33.89,33.90,133845
2026-06-22T16:59:00Z,33.90,33.92,33.90,33.91,130383
2026-06-22T17:00:00Z,33.91,33.91,33.88,33.89,69230
2026-06-22T17:01:00Z,33.89,33.91,33.89,33.90,79614
2026-06-22T17:02:00Z,33.90,33.90,33.89,33.90,160383
2026-06-22T17:03:00Z,33.90,33.91,33.89,33.89,138460
2026-06-22T17:04:00Z,33.89,33.90,33.86,33.87,128076
2026-06-22T17:05:00Z,33.87,33.88,33.86,33.87,59999
2026-06-22T17:06:00Z,33.87,33.87,33.85,33.86,148845
2026-06-22T17:07:00Z,33.86,33.87,33.85,33.86,125768
2026-06-22T17:08:00Z,33.86,33.89,33.86,33.88,72691
2026-06-22T17:09:00Z,33.88,33.88,33.88,33.88,147691
2026-06-22T17:10:00Z,33.88,33.89,33.87,33.87,62307
2026-06-22T17:11:00Z,33.87,33.87,33.85,33.86,122307
2026-06-22T17:12:00Z,33.86,33.86,33.86,33.86,63461
2026-06-22T17:13:00Z,33.86,33.88,33.86,33.88,58845
2026-06-22T17:14:00Z,33.88,33.91,33.87,33.91,116537
2026-06-22T17:15:00Z,33.91,33.92,33.90,33.90,84230
2026-06-22T17:16:00Z,33.90,33.92,33.90,33.92,93461
2026-06-22T17:17:00Z,33.92,33.93,33.91,33.92,141922
2026-06-22T17:18:00Z,33.92,33.92,33.91,33.92,115384
2026-06-22T17:19:00Z,33.92,33.93,33.90,33.90,156922
2026-06-22T17:20:00Z,33.90,33.92,33.89,33.91,164999
2026-06-22T17:21:00Z,33.91,33.91,33.91,33.91,72691
2026-06-22T17:22:00Z,33.91,33.92,33.91,33.92,153460
2026-06-22T17:23:00Z,33.92,33.92,33.89,33.90,106153
2026-06-22T17:24:00Z,33.90,33.90,33.89,33.89,102691
2026-06-22T17:25:00Z,33.89,33.90,33.87,33.88,143076
2026-06-22T17:26:00Z,33.88,33.89,33.88,33.89,137306
2026-06-22T17:27:00Z,33.89,33.90,33.85,33.86,119999
2026-06-22T17:28:00Z,33.86,33.87,33.85,33.87,70384
2026-06-22T17:29:00Z,33.87,33.88,33.86,33.88,62307
2026-06-22T17:30:00Z,33.88,33.88,33.87,33.87,73845
2026-06-22T17:31:00Z,33.87,33.87,33.87,33.87,161537
2026-06-22T17:32:00Z,33.87,33.89,33.86,33.89,133845
2026-06-22T17:33:00Z,33.89,33.90,33.86,33.87,134999
2026-06-22T17:34:00Z,33.87,33.87,33.85,33.86,92307
2026-06-22T17:35:00Z,33.86,33.88,33.85,33.87,155768
2026-06-22T17:36:00Z,33.87,33.87,33.84,33.85,84230
2026-06-22T17:37:00Z,33.85,33.87,33.84,33.87,164999
2026-06-22T17:38:00Z,33.87,33.88,33.87,33.88,78461
2026-06-22T17:39:00Z,33.88,33.89,33.85,33.86,138460
2026-06-22T17:40:00Z,33.86,33.90,33.86,33.89,141922
2026-06-22T17:41:00Z,33.89,33.91,33.88,33.91,88845
2026-06-22T17:42:00Z,33.91,33.91,33.90,33.90,79614
2026-06-22T17:43:00Z,33.90,33.92,33.90,33.91,159229
2026-06-22T17:44:00Z,33.91,33.91,33.90,33.90,68076
2026-06-22T17:45:00Z,33.90,33.90,33.90,33.90,80768
2026-06-22T17:46:00Z,33.90,33.90,33.88,33.88,84230
2026-06-22T17:47:00Z,33.88,33.90,33.88,33.89,94614
2026-06-22T17:48:00Z,33.89,33.91,33.89,33.90,130383
2026-06-22T17:49:00Z,33.90,33.91,33.87,33.88,91153
2026-06-22T17:50:00Z,33.88,33.89,33.88,33.89,166152
2026-06-22T17:51:00Z,33.89,33.90,33.89,33.90,153460
2026-06-22T17:52:00Z,33.90,33.90,33.88,33.89,70384
2026-06-22T17:53:00Z,33.89,33.90,33.88,33.90,136153
2026-06-22T17:54:00Z,33.90,33.91,33.88,33.89,170768
2026-06-22T17:55:00Z,33.89,33.89,33.89,33.89,152306
2026-06-22T17:56:00Z,33.89,33.90,33.89,33.90,144230
2026-06-22T17:57:00Z,33.90,33.91,33.88,33.89,146537
2026-06-22T17:58:00Z,33.89,33.89,33.89,33.89,118845
2026-06-22T17:59:00Z,33.89,33.90,33.88,33.90,57692
2026-06-22T18:00:00Z,33.90,33.92,33.90,33.91,131537
2026-06-22T18:01:00Z,33.91,33.92,33.89,33.90,115384
2026-06-22T18:02:00Z,33.90,33.91,33.88,33.89,66922
2026-06-22T18:03:00Z,33.89,33.89,33.88,33.89,154614
2026-06-22T18:04:00Z,33.89,33.91,33.89,33.90,138460
2026-06-22T18:05:00Z,33.90,33.90,33.87,33.88,123460
2026-06-22T18:06:00Z,33.88,33.90,33.88,33.89,138460
2026-06-22T18:07:00Z,33.89,33.89,33.87,33.87,149999
2026-06-22T18:08:00Z,33.87,33.89,33.87,33.88,119999
2026-06-22T18:09:00Z,33.88,33.88,33.87,33.88,84230
2026-06-22T18:10:00Z,33.88,33.89,33.87,33.89,89999
2026-06-22T18:11:00Z,33.89,33.89,33.86,33.87,98076
2026-06-22T18:12:00Z,33.87,33.89,33.87,33.88,83076
2026-06-22T18:13:00Z,33.88,33.89,33.87,33.89,114230
2026-06-22T18:14:00Z,33.89,33.90,33.88,33.89,65768
2026-06-22T18:15:00Z,33.89,33.90,33.88,33.88,69230
2026-06-22T18:16:00Z,33.88,33.89,33.86,33.87,65768
2026-06-22T18:17:00Z,33.87,33.89,33.87,33.89,167306
2026-06-22T18:18:00Z,33.89,33.90,33.88,33.90,126922
2026-06-22T18:19:00Z,33.90,33.92,33.89,33.92,80768
2026-06-22T18:20:00Z,33.92,33.93,33.92,33.93,106153
2026-06-22T18:21:00Z,33.93,33.93,33.92,33.93,116537
2026-06-22T18:22:00Z,33.93,33.93,33.91,33.92,160383
2026-06-22T18:23:00Z,33.92,33.92,33.92,33.92,166152
2026-06-22T18:24:00Z,33.92,33.93,33.92,33.92,153460
2026-06-22T18:25:00Z,33.92,33.92,33.92,33.92,126922
2026-06-22T18:26:00Z,33.92,33.93,33.91,33.91,102691
2026-06-22T18:27:00Z,33.91,33.94,33.91,33.93,73845
2026-06-22T18:28:00Z,33.93,33.95,33.93,33.94,153460
2026-06-22T18:29:00Z,33.94,33.96,33.94,33.95,130383
2026-06-22T18:30:00Z,33.95,33.96,33.94,33.96,170768
2026-06-22T18:31:00Z,33.96,33.98,33.96,33.97,116537
2026-06-22T18:32:00Z,33.97,33.97,33.96,33.96,93461
2026-06-22T18:33:00Z,33.96,33.97,33.93,33.94,98076
2026-06-22T18:34:00Z,33.94,33.95,33.94,33.95,160383
2026-06-22T18:35:00Z,33.95,33.97,33.94,33.96,166152
2026-06-22T18:36:00Z,33.96,33.98,33.96,33.97,137306
2026-06-22T18:37:00Z,33.97,33.98,33.96,33.96,102691
2026-06-22T18:38:00Z,33.96,33.97,33.96,33.97,125768
2026-06-22T18:39:00Z,33.97,33.98,33.97,33.97,173076
2026-06-22T18:40:00Z,33.97,33.98,33.97,33.97,170768
2026-06-22T18:41:00Z,33.97,33.98,33.97,33.98,171922
2026-06-22T18:42:00Z,33.98,33.99,33.97,33.97,160383
2026-06-22T18:43:00Z,33.97,33.99,33.96,33.98,124614
2026-06-22T18:44:00Z,33.98,34.00,33.97,33.99,118845
2026-06-22T18:45:00Z,33.99,34.00,33.99,34.00,149999
2026-06-22T18:46:00Z,34.00,34.00,33.99,33.99,106153
2026-06-22T18:47:00Z,33.99,34.00,33.99,34.00,84230
2026-06-22T18:48:00Z,34.00,34.02,34.00,34.02,92307
2026-06-22T18:49:00Z,34.02,34.03,34.02,34.03,78461
2026-06-22T18:50:00Z,34.03,34.03,34.02,34.03,171922
2026-06-22T18:51:00Z,34.03,34.04,34.02,34.03,119999
2026-06-22T18:52:00Z,34.03,34.03,34.02,34.03,143076
2026-06-22T18:53:00Z,34.03,34.03,34.01,34.02,160383
2026-06-22T18:54:00Z,34.02,34.03,34.02,34.03,141922
2026-06-22T18:55:00Z,34.03,34.04,34.02,34.02,58845
2026-06-22T18:56:00Z,34.02,34.03,33.99,33.99,136153
2026-06-22T18:57:00Z,33.99,34.00,33.97,33.98,154614
2026-06-22T18:58:00Z,33.98,34.00,33.97,34.00,66922
2026-06-22T18:59:00Z,34.00,34.02,34.00,34.02,160383
2026-06-22T19:00:00Z,34.02,34.03,34.01,34.01,151153
2026-06-22T19:01:00Z,34.01,34.01,34.00,34.00,116537
2026-06-22T19:02:00Z,34.00,34.01,33.97,33.98,123460
2026-06-22T19:03:00Z,33.98,33.99,33.98,33.98,85384
2026-06-22T19:04:00Z,33.98,33.99,33.98,33.99,74999
2026-06-22T19:05:00Z,33.99,34.01,33.99,34.00,102691
2026-06-22T19:06:00Z,34.00,34.01,33.99,33.99,106153
2026-06-22T19:07:00Z,33.99,34.02,33.99,34.01,89999
2026-06-22T19:08:00Z,34.01,34.01,34.00,34.00,118845
2026-06-22T19:09:00Z,34.00,34.01,33.99,33.99,95768
2026-06-22T19:10:00Z,33.99,34.00,33.99,33.99,146537
2026-06-22T19:11:00Z,33.99,34.00,33.99,34.00,95768
2026-06-22T19:12:00Z,34.00,34.00,34.00,34.00,78461
2026-06-22T19:13:00Z,34.00,34.00,34.00,34.00,153460
2026-06-22T19:14:00Z,34.00,34.02,34.00,34.01,58845
2026-06-22T19:15:00Z,34.01,34.01,34.00,34.00,151153
2026-06-22T19:16:00Z,34.00,34.01,33.99,33.99,128076
2026-06-22T19:17:00Z,33.99,34.00,33.98,34.00,141922
2026-06-22T19:18:00Z,34.00,34.00,33.98,33.99,84230
2026-06-22T19:19:00Z,33.99,34.00,33.99,34.00,104999
2026-06-22T19:20:00Z,34.00,34.02,33.99,34.01,57692
2026-06-22T19:21:00Z,34.01,34.01,33.99,34.00,128076
2026-06-22T19:22:00Z,34.00,34.00,33.98,33.98,161537
2026-06-22T19:23:00Z,33.98,33.98,33.98,33.98,158076
2026-06-22T19:24:00Z,33.98,33.99,33.98,33.98,102691
2026-06-22T19:25:00Z,33.98,33.99,33.98,33.99,160383
2026-06-22T19:26:00Z,33.99,34.00,33.97,33.97,128076
2026-06-22T19:27:00Z,33.97,33.99,33.97,33.98,91153
2026-06-22T19:28:00Z,33.98,33.99,33.97,33.98,124614
2026-06-22T19:29:00Z,33.98,33.99,33.98,33.99,71538
2026-06-22T19:30:00Z,33.99,34.00,33.99,33.99,101537
2026-06-22T19:31:00Z,33.99,33.99,33.97,33.98,116537
2026-06-22T19:32:00Z,33.98,33.99,33.96,33.97,136153
2026-06-22T19:33:00Z,33.97,33.97,33.96,33.96,137306
2026-06-22T19:34:00Z,33.96,33.97,33.95,33.96,58845
2026-06-22T19:35:00Z,33.96,33.96,33.94,33.94,152306
2026-06-22T19:36:00Z,33.94,33.95,33.94,33.95,78461
2026-06-22T19:37:00Z,33.95,33.96,33.95,33.96,57692
2026-06-22T19:38:00Z,33.96,33.97,33.96,33.97,160383
2026-06-22T19:39:00Z,33.97,33.99,33.97,33.98,100384
2026-06-22T19:40:00Z,33.98,33.98,33.96,33.96,115384
2026-06-22T19:41:00Z,33.96,33.97,33.96,33.97,98076
2026-06-22T19:42:00Z,33.97,33.97,33.96,33.97,96922
2026-06-22T19:43:00Z,33.97,33.99,33.97,33.98,80768
2026-06-22T19:44:00Z,33.98,33.99,33.98,33.99,74999
2026-06-22T19:45:00Z,33.99,33.99,33.96,33.97,169614
2026-06-22T19:46:00Z,33.97,33.98,33.97,33.97,148845
2026-06-22T19:47:00Z,33.97,33.97,33.96,33.96,70384
2026-06-22T19:48:00Z,33.96,33.97,33.96,33.97,111922
2026-06-22T19:49:00Z,33.97,33.98,33.96,33.97,100384
2026-06-22T19:50:00Z,33.97,33.99,33.97,33.99,147691
2026-06-22T19:51:00Z,33.99,34.01,33.99,34.00,103845
2026-06-22T19:52:00Z,34.00,34.00,33.99,33.99,133845
2026-06-22T19:53:00Z,33.99,33.99,33.98,33.99,125768
2026-06-22T19:54:00Z,33.99,33.99,33.96,33.97,63461
2026-06-22T19:55:00Z,33.97,33.98,33.97,33.97,119999
2026-06-22T19:56:00Z,33.97,33.98,33.94,33.95,58845
2026-06-22T19:57:00Z,33.95,33.96,33.94,33.94,94614
2026-06-22T19:58:00Z,33.94,33.94,33.93,33.93,160383
2026-06-22T19:59:00Z,33.93,33.96,33.92,33.96,114230
2026-06-23T13:30:00Z,33.96,33.96,33.95,33.95,153460
2026-06-23T13:31:00Z,33.95,33.96,33.94,33.96,148845
2026-06-23T13:32:00Z,33.96,33.97,33.94,33.95,116537
2026-06-23T13:33:00Z,33.95,33.97,33.94,33.96,132691
2026-06-23T13:34:00Z,33.96,33.96,33.93,33.94,68076
2026-06-23T13:35:00Z,33.94,33.95,33.92,33.93,160383
2026-06-23T13:36:00Z,33.93,33.94,33.93,33.94,123460
2026-06-23T13:37:00Z,33.94,33.94,33.93,33.94,107307
2026-06-23T13:38:00Z,33.94,33.95,33.94,33.95,107307
2026-06-23T13:39:00Z,33.95,33.95,33.94,33.95,95768
2026-06-23T13:40:00Z,33.95,33.95,33.92,33.92,117691
2026-06-23T13:41:00Z,33.92,33.92,33.91,33.91,167306
2026-06-23T13:42:00Z,33.91,33.93,33.90,33.92,106153
2026-06-23T13:43:00Z,33.92,33.93,33.90,33.90,130383
2026-06-23T13:44:00Z,33.90,33.90,33.87,33.87,64615
2026-06-23T13:45:00Z,33.87,33.88,33.85,33.85,58845
2026-06-23T13:46:00Z,33.85,33.86,33.84,33.85,143076
2026-06-23T13:47:00Z,33.85,33.87,33.85,33.86,125768
2026-06-23T13:48:00Z,33.86,33.88,33.86,33.87,79614
2026-06-23T13:49:00Z,33.87,33.88,33.86,33.88,79614
2026-06-23T13:50:00Z,33.88,33.89,33.87,33.89,58845
2026-06-23T13:51:00Z,33.89,33.89,33.85,33.86,160383
2026-06-23T13:52:00Z,33.86,33.86,33.84,33.84,119999
2026-06-23T13:53:00Z,33.84,33.85,33.83,33.84,100384
2026-06-23T13:54:00Z,33.84,33.86,33.83,33.85,138460
2026-06-23T13:55:00Z,33.85,33.86,33.84,33.86,116537
2026-06-23T13:56:00Z,33.86,33.87,33.85,33.85,57692
2026-06-23T13:57:00Z,33.85,33.85,33.84,33.84,136153
2026-06-23T13:58:00Z,33.84,33.85,33.83,33.83,65768
2026-06-23T13:59:00Z,33.83,33.85,33.83,33.84,151153
2026-06-23T14:00:00Z,33.84,33.84,33.84,33.84,102691
2026-06-23T14:01:00Z,33.84,33.85,33.83,33.84,78461
2026-06-23T14:02:00Z,33.84,33.85,33.84,33.84,62307
2026-06-23T14:03:00Z,33.84,33.85,33.83,33.85,87691
2026-06-23T14:04:00Z,33.85,33.85,33.85,33.85,66922
2026-06-23T14:05:00Z,33.85,33.85,33.83,33.83,169614
2026-06-23T14:06:00Z,33.83,33.85,33.83,33.85,77307
2026-06-23T14:07:00Z,33.85,33.85,33.84,33.85,126922
2026-06-23T14:08:00Z,33.85,33.86,33.81,33.82,128076
2026-06-23T14:09:00Z,33.82,33.85,33.81,33.85,128076
2026-06-23T14:10:00Z,33.85,33.86,33.85,33.86,70384
2026-06-23T14:11:00Z,33.86,33.86,33.86,33.86,138460
2026-06-23T14:12:00Z,33.86,33.86,33.85,33.86,62307
2026-06-23T14:13:00Z,33.86,33.90,33.85,33.89,151153
2026-06-23T14:14:00Z,33.89,33.89,33.86,33.87,155768
2026-06-23T14:15:00Z,33.87,33.88,33.87,33.88,109614
2026-06-23T14:16:00Z,33.88,33.90,33.88,33.90,115384
2026-06-23T14:17:00Z,33.90,33.90,33.89,33.90,72691
2026-06-23T14:18:00Z,33.90,33.91,33.89,33.91,70384
2026-06-23T14:19:00Z,33.91,33.91,33.91,33.91,162691
2026-06-23T14:20:00Z,33.91,33.91,33.87,33.88,163845
2026-06-23T14:21:00Z,33.88,33.88,33.86,33.87,74999
2026-06-23T14:22:00Z,33.87,33.87,33.84,33.85,130383
2026-06-23T14:23:00Z,33.85,33.86,33.84,33.86,110768
2026-06-23T14:24:00Z,33.86,33.86,33.83,33.84,93461
2026-06-23T14:25:00Z,33.84,33.86,33.83,33.85,115384
2026-06-23T14:26:00Z,33.85,33.85,33.84,33.84,134999
2026-06-23T14:27:00Z,33.84,33.84,33.82,33.82,145383
2026-06-23T14:28:00Z,33.82,33.84,33.81,33.83,170768
2026-06-23T14:29:00Z,33.83,33.84,33.82,33.83,103845
2026-06-23T14:30:00Z,33.83,33.84,33.81,33.82,114230
2026-06-23T14:31:00Z,33.82,33.83,33.81,33.82,128076
2026-06-23T14:32:00Z,33.82,33.83,33.82,33.83,72691
2026-06-23T14:33:00Z,33.83,33.84,33.83,33.84,132691
2026-06-23T14:34:00Z,33.84,33.85,33.83,33.83,140768
2026-06-23T14:35:00Z,33.83,33.84,33.82,33.84,73845
2026-06-23T14:36:00Z,33.84,33.86,33.84,33.85,130383
2026-06-23T14:37:00Z,33.85,33.86,33.83,33.83,109614
2026-06-23T14:38:00Z,33.83,33.83,33.80,33.81,77307
2026-06-23T14:39:00Z,33.81,33.82,33.81,33.82,134999
2026-06-23T14:40:00Z,33.82,33.82,33.80,33.81,149999
2026-06-23T14:41:00Z,33.81,33.84,33.80,33.84,151153
2026-06-23T14:42:00Z,33.84,33.84,33.83,33.84,100384
2026-06-23T14:43:00Z,33.84,33.86,33.83,33.85,79614
2026-06-23T14:44:00Z,33.85,33.87,33.85,33.86,156922
2026-06-23T14:45:00Z,33.86,33.87,33.84,33.85,73845
2026-06-23T14:46:00Z,33.85,33.85,33.83,33.84,130383
2026-06-23T14:47:00Z,33.84,33.84,33.80,33.81,139614
2026-06-23T14:48:00Z,33.81,33.83,33.81,33.82,123460
2026-06-23T14:49:00Z,33.82,33.83,33.81,33.83,81922
2026-06-23T14:50:00Z,33.83,33.85,33.83,33.84,81922
2026-06-23T14:51:00Z,33.84,33.84,33.82,33.82,144230
2026-06-23T14:52:00Z,33.82,33.83,33.82,33.82,153460
2026-06-23T14:53:00Z,33.82,33.83,33.82,33.83,126922
2026-06-23T14:54:00Z,33.83,33.84,33.83,33.84,119999
2026-06-23T14:55:00Z,33.84,33.84,33.82,33.83,68076
2026-06-23T14:56:00Z,33.83,33.84,33.83,33.83,119999
2026-06-23T14:57:00Z,33.83,33.84,33.83,33.83,143076
2026-06-23T14:58:00Z,33.83,33.84,33.82,33.84,122307
2026-06-23T14:59:00Z,33.84,33.85,33.83,33.83,66922
2026-06-23T15:00:00Z,33.83,33.86,33.83,33.85,123460
2026-06-23T15:01:00Z,33.85,33.86,33.84,33.84,158076
2026-06-23T15:02:00Z,33.84,33.85,33.84,33.85,59999
2026-06-23T15:03:00Z,33.85,33.87,33.85,33.86,77307
2026-06-23T15:04:00Z,33.86,33.86,33.86,33.86,164999
2026-06-23T15:05:00Z,33.86,33.86,33.86,33.86,136153
2026-06-23T15:06:00Z,33.86,33.87,33.86,33.87,110768
2026-06-23T15:07:00Z,33.87,33.88,33.87,33.87,158076
2026-06-23T15:08:00Z,33.87,33.87,33.85,33.86,85384
2026-06-23T15:09:00Z,33.86,33.87,33.86,33.86,145383
2026-06-23T15:10:00Z,33.86,33.86,33.85,33.85,87691
2026-06-23T15:11:00Z,33.85,33.86,33.84,33.86,134999
2026-06-23T15:12:00Z,33.86,33.88,33.86,33.88,88845
2026-06-23T15:13:00Z,33.88,33.88,33.86,33.86,110768
2026-06-23T15:14:00Z,33.86,33.86,33.86,33.86,149999
2026-06-23T15:15:00Z,33.86,33.86,33.84,33.84,86538
2026-06-23T15:16:00Z,33.84,33.85,33.82,33.82,86538
2026-06-23T15:17:00Z,33.82,33.83,33.82,33.83,103845
2026-06-23T15:18:00Z,33.83,33.84,33.80,33.81,95768
2026-06-23T15:19:00Z,33.81,33.84,33.81,33.83,159229
2026-06-23T15:20:00Z,33.83,33.85,33.83,33.85,102691
2026-06-23T15:21:00Z,33.85,33.86,33.84,33.86,154614
2026-06-23T15:22:00Z,33.86,33.87,33.83,33.83,84230
2026-06-23T15:23:00Z,33.83,33.85,33.83,33.84,164999
2026-06-23T15:24:00Z,33.84,33.86,33.84,33.85,119999
2026-06-23T15:25:00Z,33.85,33.86,33.85,33.86,66922
2026-06-23T15:26:00Z,33.86,33.87,33.85,33.87,119999
2026-06-23T15:27:00Z,33.87,33.88,33.87,33.88,107307
2026-06-23T15:28:00Z,33.88,33.92,33.88,33.91,116537
2026-06-23T15:29:00Z,33.91,33.91,33.90,33.91,164999
2026-06-23T15:30:00Z,33.91,33.92,33.90,33.91,167306
2026-06-23T15:31:00Z,33.91,33.92,33.89,33.90,58845
2026-06-23T15:32:00Z,33.90,33.90,33.89,33.89,106153
2026-06-23T15:33:00Z,33.89,33.89,33.87,33.87,143076
2026-06-23T15:34:00Z,33.87,33.90,33.87,33.90,133845
2026-06-23T15:35:00Z,33.90,33.91,33.88,33.88,114230
2026-06-23T15:36:00Z,33.88,33.88,33.87,33.88,73845
2026-06-23T15:37:00Z,33.88,33.89,33.87,33.87,95768
2026-06-23T15:38:00Z,33.87,33.87,33.85,33.86,123460
2026-06-23T15:39:00Z,33.86,33.86,33.83,33.84,154614
2026-06-23T15:40:00Z,33.84,33.85,33.84,33.85,58845
2026-06-23T15:41:00Z,33.85,33.85,33.85,33.85,86538
2026-06-23T15:42:00Z,33.85,33.87,33.85,33.86,72691
2026-06-23T15:43:00Z,33.86,33.87,33.84,33.84,139614
2026-06-23T15:44:00Z,33.84,33.84,33.83,33.84,74999
2026-06-23T15:45:00Z,33.84,33.86,33.84,33.85,161537
2026-06-23T15:46:00Z,33.85,33.87,33.84,33.86,103845
2026-06-23T15:47:00Z,33.86,33.87,33.84,33.85,133845
2026-06-23T15:48:00Z,33.85,33.86,33.84,33.85,162691
2026-06-23T15:49:00Z,33.85,33.85,33.83,33.83,131537
2026-06-23T15:50:00Z,33.83,33.85,33.83,33.84,83076
2026-06-23T15:51:00Z,33.84,33.85,33.83,33.85,131537
2026-06-23T15:52:00Z,33.85,33.87,33.85,33.87,160383
2026-06-23T15:53:00Z,33.87,33.87,33.87,33.87,58845
2026-06-23T15:54:00Z,33.87,33.87,33.85,33.86,100384
2026-06-23T15:55:00Z,33.86,33.86,33.84,33.85,162691
2026-06-23T15:56:00Z,33.85,33.85,33.83,33.84,140768
2026-06-23T15:57:00Z,33.84,33.86,33.83,33.85,101537
2026-06-23T15:58:00Z,33.85,33.89,33.84,33.88,126922
2026-06-23T15:59:00Z,33.88,33.88,33.88,33.88,134999
2026-06-23T16:00:00Z,33.88,33.89,33.86,33.87,130383
2026-06-23T16:01:00Z,33.87,33.89,33.87,33.88,99230
2026-06-23T16:02:00Z,33.88,33.89,33.88,33.89,153460
2026-06-23T16:03:00Z,33.89,33.90,33.88,33.90,113076
2026-06-23T16:04:00Z,33.90,33.90,33.87,33.87,114230
2026-06-23T16:05:00Z,33.87,33.88,33.86,33.88,161537
2026-06-23T16:06:00Z,33.88,33.89,33.88,33.88,114230
2026-06-23T16:07:00Z,33.88,33.89,33.87,33.89,72691
2026-06-23T16:08:00Z,33.89,33.89,33.87,33.88,144230
2026-06-23T16:09:00Z,33.88,33.89,33.87,33.89,91153
2026-06-23T16:10:00Z,33.89,33.90,33.89,33.89,107307
2026-06-23T16:11:00Z,33.89,33.91,33.89,33.90,126922
2026-06-23T16:12:00Z,33.90,33.90,33.88,33.89,168460
2026-06-23T16:13:00Z,33.89,33.92,33.88,33.91,122307
2026-06-23T16:14:00Z,33.91,33.93,33.90,33.92,143076
2026-06-23T16:15:00Z,33.92,33.93,33.91,33.91,63461
2026-06-23T16:16:00Z,33.91,33.92,33.90,33.91,103845
2026-06-23T16:17:00Z,33.91,33.91,33.89,33.90,151153
2026-06-23T16:18:00Z,33.90,33.91,33.89,33.90,101537
2026-06-23T16:19:00Z,33.90,33.90,33.90,33.90,113076
2026-06-23T16:20:00Z,33.90,33.91,33.90,33.91,68076
2026-06-23T16:21:00Z,33.91,33.91,33.90,33.90,124614
2026-06-23T16:22:00Z,33.90,33.91,33.88,33.89,94614
2026-06-23T16:23:00Z,33.89,33.90,33.89,33.90,85384
2026-06-23T16:24:00Z,33.90,33.90,33.87,33.87,115384
2026-06-23T16:25:00Z,33.87,33.88,33.87,33.88,91153
2026-06-23T16:26:00Z,33.88,33.88,33.87,33.88,129230
2026-06-23T16:27:00Z,33.88,33.90,33.88,33.89,134999
2026-06-23T16:28:00Z,33.89,33.89,33.87,33.87,139614
2026-06-23T16:29:00Z,33.87,33.87,33.85,33.86,125768
2026-06-23T16:30:00Z,33.86,33.88,33.86,33.87,80768
2026-06-23T16:31:00Z,33.87,33.89,33.87,33.89,89999
2026-06-23T16:32:00Z,33.89,33.90,33.88,33.88,58845
2026-06-23T16:33:00Z,33.88,33.90,33.88,33.89,154614
2026-06-23T16:34:00Z,33.89,33.90,33.88,33.88,118845
2026-06-23T16:35:00Z,33.88,33.90,33.88,33.89,171922
2026-06-23T16:36:00Z,33.89,33.89,33.89,33.89,162691
2026-06-23T16:37:00Z,33.89,33.90,33.87,33.87,144230
2026-06-23T16:38:00Z,33.87,33.87,33.84,33.85,113076
2026-06-23T16:39:00Z,33.85,33.85,33.85,33.85,106153
2026-06-23T16:40:00Z,33.85,33.85,33.84,33.84,87691
2026-06-23T16:41:00Z,33.84,33.85,33.83,33.85,164999
2026-06-23T16:42:00Z,33.85,33.85,33.82,33.82,98076
2026-06-23T16:43:00Z,33.82,33.84,33.81,33.83,147691
2026-06-23T16:44:00Z,33.83,33.84,33.83,33.84,69230
2026-06-23T16:45:00Z,33.84,33.85,33.83,33.83,79614
2026-06-23T16:46:00Z,33.83,33.85,33.82,33.84,145383
2026-06-23T16:47:00Z,33.84,33.85,33.83,33.84,65768
2026-06-23T16:48:00Z,33.84,33.84,33.84,33.84,68076
2026-06-23T16:49:00Z,33.84,33.84,33.83,33.84,173076
2026-06-23T16:50:00Z,33.84,33.84,33.81,33.82,91153
2026-06-23T16:51:00Z,33.82,33.84,33.81,33.84,70384
2026-06-23T16:52:00Z,33.84,33.85,33.84,33.84,167306
2026-06-23T16:53:00Z,33.84,33.84,33.83,33.84,68076
2026-06-23T16:54:00Z,33.84,33.84,33.84,33.84,86538
2026-06-23T16:55:00Z,33.84,33.85,33.83,33.85,125768
2026-06-23T16:56:00Z,33.85,33.86,33.85,33.85,89999
2026-06-23T16:57:00Z,33.85,33.86,33.84,33.86,87691
2026-06-23T16:58:00Z,33.86,33.88,33.86,33.87,153460
2026-06-23T16:59:00Z,33.87,33.89,33.86,33.88,109614
2026-06-23T17:00:00Z,33.88,33.88,33.86,33.86,148845
2026-06-23T17:01:00Z,33.86,33.87,33.82,33.83,156922
2026-06-23T17:02:00Z,33.83,33.84,33.82,33.84,104999
2026-06-23T17:03:00Z,33.84,33.84,33.84,33.84,72691
2026-06-23T17:04:00Z,33.84,33.85,33.83,33.83,62307
2026-06-23T17:05:00Z,33.83,33.84,33.81,33.82,65768
2026-06-23T17:06:00Z,33.82,33.82,33.80,33.81,92307
2026-06-23T17:07:00Z,33.81,33.82,33.79,33.80,104999
2026-06-23T17:08:00Z,33.80,33.82,33.79,33.81,115384
2026-06-23T17:09:00Z,33.81,33.82,33.80,33.81,79614
2026-06-23T17:10:00Z,33.81,33.82,33.79,33.79,140768
2026-06-23T17:11:00Z,33.79,33.81,33.79,33.81,159229
2026-06-23T17:12:00Z,33.81,33.82,33.81,33.82,96922
2026-06-23T17:13:00Z,33.82,33.82,33.82,33.82,161537
2026-06-23T17:14:00Z,33.82,33.84,33.82,33.83,89999
2026-06-23T17:15:00Z,33.83,33.84,33.82,33.84,170768
2026-06-23T17:16:00Z,33.84,33.86,33.84,33.85,166152
2026-06-23T17:17:00Z,33.85,33.87,33.84,33.86,109614
2026-06-23T17:18:00Z,33.86,33.87,33.83,33.84,149999
2026-06-23T17:19:00Z,33.84,33.87,33.84,33.86,140768
2026-06-23T17:20:00Z,33.86,33.86,33.83,33.84,93461
2026-06-23T17:21:00Z,33.84,33.85,33.81,33.82,109614
2026-06-23T17:22:00Z,33.82,33.82,33.81,33.81,78461
2026-06-23T17:23:00Z,33.81,33.82,33.79,33.79,87691
2026-06-23T17:24:00Z,33.79,33.79,33.78,33.79,123460
2026-06-23T17:25:00Z,33.79,33.80,33.77,33.77,88845
2026-06-23T17:26:00Z,33.77,33.80,33.77,33.79,146537
2026-06-23T17:27:00Z,33.79,33.79,33.79,33.79,143076
2026-06-23T17:28:00Z,33.79,33.79,33.79,33.79,58845
2026-06-23T17:29:00Z,33.79,33.81,33.78,33.80,78461
2026-06-23T17:30:00Z,33.80,33.80,33.79,33.80,164999
2026-06-23T17:31:00Z,33.80,33.81,33.80,33.80,137306
2026-06-23T17:32:00Z,33.80,33.81,33.80,33.81,143076
2026-06-23T17:33:00Z,33.81,33.81,33.79,33.80,123460
2026-06-23T17:34:00Z,33.80,33.81,33.78,33.79,145383
2026-06-23T17:35:00Z,33.79,33.81,33.79,33.80,119999
2026-06-23T17:36:00Z,33.80,33.81,33.80,33.81,76153
2026-06-23T17:37:00Z,33.81,33.81,33.81,33.81,159229
2026-06-23T17:38:00Z,33.81,33.82,33.80,33.80,95768
2026-06-23T17:39:00Z,33.80,33.81,33.79,33.80,126922
2026-06-23T17:40:00Z,33.80,33.80,33.77,33.77,101537
2026-06-23T17:41:00Z,33.77,33.78,33.74,33.75,162691
2026-06-23T17:42:00Z,33.75,33.77,33.74,33.76,93461
2026-06-23T17:43:00Z,33.76,33.77,33.76,33.77,168460
2026-06-23T17:44:00Z,33.77,33.78,33.76,33.77,116537
2026-06-23T17:45:00Z,33.77,33.77,33.76,33.76,123460
2026-06-23T17:46:00Z,33.76,33.76,33.76,33.76,164999
2026-06-23T17:47:00Z,33.76,33.76,33.74,33.75,166152
2026-06-23T17:48:00Z,33.75,33.76,33.75,33.75,162691
2026-06-23T17:49:00Z,33.75,33.76,33.73,33.73,98076
2026-06-23T17:50:00Z,33.73,33.75,33.73,33.74,129230
2026-06-23T17:51:00Z,33.74,33.74,33.74,33.74,98076
2026-06-23T17:52:00Z,33.74,33.77,33.74,33.76,86538
2026-06-23T17:53:00Z,33.76,33.80,33.75,33.79,78461
2026-06-23T17:54:00Z,33.79,33.79,33.78,33.78,124614
2026-06-23T17:55:00Z,33.78,33.80,33.78,33.79,76153
2026-06-23T17:56:00Z,33.79,33.81,33.79,33.81,171922
2026-06-23T17:57:00Z,33.81,33.82,33.80,33.82,144230
2026-06-23T17:58:00Z,33.82,33.82,33.80,33.81,74999
2026-06-23T17:59:00Z,33.81,33.81,33.79,33.80,109614
2026-06-23T18:00:00Z,33.80,33.80,33.79,33.79,71538
2026-06-23T18:01:00Z,33.79,33.80,33.79,33.79,91153
2026-06-23T18:02:00Z,33.79,33.80,33.78,33.80,99230
2026-06-23T18:03:00Z,33.80,33.81,33.79,33.81,98076
2026-06-23T18:04:00Z,33.81,33.81,33.78,33.79,68076
2026-06-23T18:05:00Z,33.79,33.80,33.79,33.79,77307
2026-06-23T18:06:00Z,33.79,33.80,33.78,33.78,66922
2026-06-23T18:07:00Z,33.78,33.79,33.78,33.78,143076
2026-06-23T18:08:00Z,33.78,33.79,33.77,33.78,144230
2026-06-23T18:09:00Z,33.78,33.80,33.77,33.80,119999
2026-06-23T18:10:00Z,33.80,33.81,33.80,33.80,109614
2026-06-23T18:11:00Z,33.80,33.80,33.79,33.80,101537
2026-06-23T18:12:00Z,33.80,33.81,33.80,33.81,79614
2026-06-23T18:13:00Z,33.81,33.81,33.80,33.80,104999
2026-06-23T18:14:00Z,33.80,33.83,33.80,33.83,58845
2026-06-23T18:15:00Z,33.83,33.84,33.82,33.82,80768
2026-06-23T18:16:00Z,33.82,33.82,33.82,33.82,93461
2026-06-23T18:17:00Z,33.82,33.82,33.82,33.82,161537
2026-06-23T18:18:00Z,33.82,33.82,33.81,33.82,73845
2026-06-23T18:19:00Z,33.82,33.84,33.82,33.83,138460
2026-06-23T18:20:00Z,33.83,33.84,33.83,33.84,93461
2026-06-23T18:21:00Z,33.84,33.86,33.83,33.86,80768
2026-06-23T18:22:00Z,33.86,33.87,33.86,33.86,153460
2026-06-23T18:23:00Z,33.86,33.87,33.84,33.85,72691
2026-06-23T18:24:00Z,33.85,33.86,33.84,33.85,162691
2026-06-23T18:25:00Z,33.85,33.85,33.85,33.85,154614
2026-06-23T18:26:00Z,33.85,33.85,33.85,33.85,65768
2026-06-23T18:27:00Z,33.85,33.87,33.85,33.86,123460
2026-06-23T18:28:00Z,33.86,33.89,33.86,33.88,86538
2026-06-23T18:29:00Z,33.88,33.89,33.88,33.89,92307
2026-06-23T18:30:00Z,33.89,33.89,33.87,33.87,109614
2026-06-23T18:31:00Z,33.87,33.87,33.86,33.86,170768
2026-06-23T18:32:00Z,33.86,33.86,33.81,33.82,136153
2026-06-23T18:33:00Z,33.82,33.83,33.80,33.80,171922
2026-06-23T18:34:00Z,33.80,33.80,33.78,33.78,84230
2026-06-23T18:35:00Z,33.78,33.78,33.78,33.78,147691
2026-06-23T18:36:00Z,33.78,33.79,33.77,33.79,74999
2026-06-23T18:37:00Z,33.79,33.80,33.79,33.80,64615
2026-06-23T18:38:00Z,33.80,33.83,33.80,33.83,159229
2026-06-23T18:39:00Z,33.83,33.83,33.83,33.83,108460
2026-06-23T18:40:00Z,33.83,33.83,33.83,33.83,119999
2026-06-23T18:41:00Z,33.83,33.84,33.83,33.84,99230
2026-06-23T18:42:00Z,33.84,33.84,33.83,33.84,170768
2026-06-23T18:43:00Z,33.84,33.85,33.84,33.84,173076
2026-06-23T18:44:00Z,33.84,33.85,33.84,33.84,59999
2026-06-23T18:45:00Z,33.84,33.86,33.84,33.85,72691
2026-06-23T18:46:00Z,33.85,33.86,33.84,33.86,77307
2026-06-23T18:47:00Z,33.86,33.87,33.86,33.87,156922
2026-06-23T18:48:00Z,33.87,33.87,33.87,33.87,173076
2026-06-23T18:49:00Z,33.87,33.87,33.86,33.86,96922
2026-06-23T18:50:00Z,33.86,33.88,33.86,33.88,101537
2026-06-23T18:51:00Z,33.88,33.89,33.86,33.87,58845
2026-06-23T18:52:00Z,33.87,33.87,33.85,33.85,153460
2026-06-23T18:53:00Z,33.85,33.88,33.84,33.87,133845
2026-06-23T18:54:00Z,33.87,33.88,33.86,33.88,156922
2026-06-23T18:55:00Z,33.88,33.91,33.87,33.90,98076
2026-06-23T18:56:00Z,33.90,33.91,33.90,33.91,106153
2026-06-23T18:57:00Z,33.91,33.91,33.88,33.89,58845
2026-06-23T18:58:00Z,33.89,33.89,33.88,33.88,119999
2026-06-23T18:59:00Z,33.88,33.88,33.88,33.88,85384
2026-06-23T19:00:00Z,33.88,33.89,33.86,33.87,121153
2026-06-23T19:01:00Z,33.87,33.88,33.87,33.88,111922
2026-06-23T19:02:00Z,33.88,33.89,33.87,33.88,123460
2026-06-23T19:03:00Z,33.88,33.89,33.86,33.86,85384
2026-06-23T19:04:00Z,33.86,33.86,33.84,33.85,145383
2026-06-23T19:05:00Z,33.85,33.86,33.85,33.86,93461
2026-06-23T19:06:00Z,33.86,33.88,33.86,33.88,134999
2026-06-23T19:07:00Z,33.88,33.88,33.87,33.88,161537
2026-06-23T19:08:00Z,33.88,33.89,33.88,33.88,83076
2026-06-23T19:09:00Z,33.88,33.88,33.87,33.88,83076
2026-06-23T19:10:00Z,33.88,33.88,33.85,33.85,149999
2026-06-23T19:11:00Z,33.85,33.86,33.84,33.85,138460
2026-06-23T19:12:00Z,33.85,33.86,33.85,33.85,114230
2026-06-23T19:13:00Z,33.85,33.86,33.84,33.84,93461
2026-06-23T19:14:00Z,33.84,33.86,33.83,33.85,152306
2026-06-23T19:15:00Z,33.85,33.86,33.83,33.83,94614
2026-06-23T19:16:00Z,33.83,33.83,33.83,33.83,169614
2026-06-23T19:17:00Z,33.83,33.84,33.81,33.81,118845
2026-06-23T19:18:00Z,33.81,33.82,33.80,33.81,131537
2026-06-23T19:19:00Z,33.81,33.82,33.81,33.81,148845
2026-06-23T19:20:00Z,33.81,33.81,33.81,33.81,85384
2026-06-23T19:21:00Z,33.81,33.81,33.80,33.80,83076
2026-06-23T19:22:00Z,33.80,33.81,33.78,33.79,110768
2026-06-23T19:23:00Z,33.79,33.80,33.79,33.80,133845
2026-06-23T19:24:00Z,33.80,33.80,33.79,33.79,131537
2026-06-23T19:25:00Z,33.79,33.79,33.78,33.79,141922
2026-06-23T19:26:00Z,33.79,33.79,33.78,33.78,147691
2026-06-23T19:27:00Z,33.78,33.79,33.76,33.77,106153
2026-06-23T19:28:00Z,33.77,33.79,33.76,33.78,144230
2026-06-23T19:29:00Z,33.78,33.79,33.77,33.79,152306
2026-06-23T19:30:00Z,33.79,33.80,33.78,33.80,113076
2026-06-23T19:31:00Z,33.80,33.82,33.79,33.81,173076
2026-06-23T19:32:00Z,33.81,33.81,33.79,33.79,155768
2026-06-23T19:33:00Z,33.79,33.81,33.79,33.80,94614
2026-06-23T19:34:00Z,33.80,33.81,33.78,33.79,77307
2026-06-23T19:35:00Z,33.79,33.79,33.79,33.79,163845
2026-06-23T19:36:00Z,33.79,33.80,33.78,33.80,81922
2026-06-23T19:37:00Z,33.80,33.80,33.78,33.78,98076
2026-06-23T19:38:00Z,33.78,33.81,33.78,33.80,72691
2026-06-23T19:39:00Z,33.80,33.80,33.79,33.79,145383
2026-06-23T19:40:00Z,33.79,33.79,33.77,33.77,130383
2026-06-23T19:41:00Z,33.77,33.77,33.77,33.77,81922
2026-06-23T19:42:00Z,33.77,33.77,33.76,33.77,122307
2026-06-23T19:43:00Z,33.77,33.78,33.76,33.78,169614
2026-06-23T19:44:00Z,33.78,33.80,33.77,33.79,156922
2026-06-23T19:45:00Z,33.79,33.79,33.76,33.77,117691
2026-06-23T19:46:00Z,33.77,33.77,33.76,33.76,71538
2026-06-23T19:47:00Z,33.76,33.76,33.74,33.74,76153
2026-06-23T19:48:00Z,33.74,33.75,33.71,33.71,117691
2026-06-23T19:49:00Z,33.71,33.72,33.70,33.71,108460
2026-06-23T19:50:00Z,33.71,33.71,33.70,33.70,152306
2026-06-23T19:51:00Z,33.70,33.71,33.68,33.68,66922
2026-06-23T19:52:00Z,33.68,33.68,33.67,33.68,64615
2026-06-23T19:53:00Z,33.68,33.69,33.67,33.69,95768
2026-06-23T19:54:00Z,33.69,33.71,33.69,33.70,164999
2026-06-23T19:55:00Z,33.70,33.71,33.69,33.69,140768
2026-06-23T19:56:00Z,33.69,33.69,33.69,33.69,91153
2026-06-23T19:57:00Z,33.69,33.70,33.67,33.68,167306
2026-06-23T19:58:00Z,33.68,33.69,33.67,33.67,99230
2026-06-23T19:59:00Z,33.67,33.67,33.66,33.66,126922
2026-06-24T13:30:00Z,33.66,33.67,33.63,33.64,148845
2026-06-24T13:31:00Z,33.64,33.67,33.64,33.67,58845
2026-06-24T13:32:00Z,33.67,33.68,33.67,33.67,129230
2026-06-24T13:33:00Z,33.67,33.69,33.67,33.68,99230
2026-06-24T13:34:00Z,33.68,33.68,33.68,33.68,128076
2026-06-24T13:35:00Z,33.68,33.68,33.67,33.67,100384
2026-06-24T13:36:00Z,33.67,33.68,33.67,33.68,149999
2026-06-24T13:37:00Z,33.68,33.70,33.68,33.70,158076
2026-06-24T13:38:00Z,33.70,33.70,33.69,33.69,136153
2026-06-24T13:39:00Z,33.69,33.70,33.68,33.68,83076
2026-06-24T13:40:00Z,33.68,33.68,33.68,33.68,117691
2026-06-24T13:41:00Z,33.68,33.68,33.67,33.67,109614
2026-06-24T13:42:00Z,33.67,33.68,33.66,33.68,63461
2026-06-24T13:43:00Z,33.68,33.69,33.67,33.67,155768
2026-06-24T13:44:00Z,33.67,33.67,33.66,33.66,89999
2026-06-24T13:45:00Z,33.66,33.66,33.66,33.66,80768
2026-06-24T13:46:00Z,33.66,33.66,33.66,33.66,114230
2026-06-24T13:47:00Z,33.66,33.67,33.66,33.67,146537
2026-06-24T13:48:00Z,33.67,33.69,33.66,33.68,130383
2026-06-24T13:49:00Z,33.68,33.71,33.68,33.70,63461
2026-06-24T13:50:00Z,33.70,33.70,33.68,33.69,132691
2026-06-24T13:51:00Z,33.69,33.70,33.69,33.69,79614
2026-06-24T13:52:00Z,33.69,33.73,33.69,33.72,169614
2026-06-24T13:53:00Z,33.72,33.75,33.71,33.74,132691
2026-06-24T13:54:00Z,33.74,33.75,33.73,33.75,123460
2026-06-24T13:55:00Z,33.75,33.76,33.73,33.74,84230
2026-06-24T13:56:00Z,33.74,33.75,33.74,33.75,62307
2026-06-24T13:57:00Z,33.75,33.75,33.75,33.75,134999
2026-06-24T13:58:00Z,33.75,33.78,33.75,33.77,130383
2026-06-24T13:59:00Z,33.77,33.78,33.76,33.76,108460
2026-06-24T14:00:00Z,33.76,33.76,33.73,33.74,96922
2026-06-24T14:01:00Z,33.74,33.75,33.73,33.73,88845
2026-06-24T14:02:00Z,33.73,33.74,33.71,33.71,115384
2026-06-24T14:03:00Z,33.71,33.71,33.71,33.71,87691
2026-06-24T14:04:00Z,33.71,33.72,33.71,33.71,70384
2026-06-24T14:05:00Z,33.71,33.71,33.70,33.70,89999
2026-06-24T14:06:00Z,33.70,33.72,33.70,33.71,72691
2026-06-24T14:07:00Z,33.71,33.73,33.70,33.72,164999
2026-06-24T14:08:00Z,33.72,33.73,33.72,33.72,71538
2026-06-24T14:09:00Z,33.72,33.73,33.71,33.72,141922
2026-06-24T14:10:00Z,33.72,33.73,33.72,33.73,110768
2026-06-24T14:11:00Z,33.73,33.74,33.71,33.72,117691
2026-06-24T14:12:00Z,33.72,33.74,33.71,33.73,94614
2026-06-24T14:13:00Z,33.73,33.74,33.70,33.70,91153
2026-06-24T14:14:00Z,33.70,33.72,33.70,33.71,99230
2026-06-24T14:15:00Z,33.71,33.71,33.71,33.71,59999
2026-06-24T14:16:00Z,33.71,33.72,33.71,33.72,147691
2026-06-24T14:17:00Z,33.72,33.73,33.72,33.72,129230
2026-06-24T14:18:00Z,33.72,33.73,33.71,33.73,80768
2026-06-24T14:19:00Z,33.73,33.74,33.73,33.74,143076
2026-06-24T14:20:00Z,33.74,33.74,33.74,33.74,158076
2026-06-24T14:21:00Z,33.74,33.75,33.74,33.75,104999
2026-06-24T14:22:00Z,33.75,33.76,33.74,33.76,169614
2026-06-24T14:23:00Z,33.76,33.77,33.76,33.76,144230
2026-06-24T14:24:00Z,33.76,33.77,33.75,33.75,124614
2026-06-24T14:25:00Z,33.75,33.76,33.74,33.75,134999
2026-06-24T14:26:00Z,33.75,33.75,33.72,33.73,143076
2026-06-24T14:27:00Z,33.73,33.73,33.71,33.72,61153
2026-06-24T14:28:00Z,33.72,33.74,33.71,33.74,98076
2026-06-24T14:29:00Z,33.74,33.77,33.74,33.76,149999
2026-06-24T14:30:00Z,33.76,33.77,33.75,33.76,74999
2026-06-24T14:31:00Z,33.76,33.77,33.73,33.74,103845
2026-06-24T14:32:00Z,33.74,33.75,33.73,33.75,121153
2026-06-24T14:33:00Z,33.75,33.75,33.74,33.75,161537
2026-06-24T14:34:00Z,33.75,33.75,33.74,33.74,101537
2026-06-24T14:35:00Z,33.74,33.77,33.73,33.76,95768
2026-06-24T14:36:00Z,33.76,33.76,33.75,33.75,146537
2026-06-24T14:37:00Z,33.75,33.76,33.74,33.74,173076
2026-06-24T14:38:00Z,33.74,33.76,33.73,33.76,76153
2026-06-24T14:39:00Z,33.76,33.76,33.75,33.75,136153
2026-06-24T14:40:00Z,33.75,33.75,33.74,33.75,119999
2026-06-24T14:41:00Z,33.75,33.75,33.75,33.75,164999
2026-06-24T14:42:00Z,33.75,33.76,33.74,33.74,155768
2026-06-24T14:43:00Z,33.74,33.74,33.72,33.72,138460
2026-06-24T14:44:00Z,33.72,33.73,33.71,33.73,103845
2026-06-24T14:45:00Z,33.73,33.73,33.71,33.72,140768
2026-06-24T14:46:00Z,33.72,33.74,33.72,33.73,61153
2026-06-24T14:47:00Z,33.73,33.74,33.73,33.74,71538
2026-06-24T14:48:00Z,33.74,33.75,33.72,33.73,74999
2026-06-24T14:49:00Z,33.73,33.76,33.72,33.75,87691
2026-06-24T14:50:00Z,33.75,33.76,33.73,33.73,62307
2026-06-24T14:51:00Z,33.73,33.75,33.73,33.75,139614
2026-06-24T14:52:00Z,33.75,33.76,33.75,33.75,89999
2026-06-24T14:53:00Z,33.75,33.77,33.75,33.76,154614
2026-06-24T14:54:00Z,33.76,33.76,33.75,33.76,95768
2026-06-24T14:55:00Z,33.76,33.77,33.76,33.77,86538
2026-06-24T14:56:00Z,33.77,33.77,33.76,33.77,159229
2026-06-24T14:57:00Z,33.77,33.77,33.74,33.75,100384
2026-06-24T14:58:00Z,33.75,33.76,33.72,33.73,91153
2026-06-24T14:59:00Z,33.73,33.74,33.72,33.72,136153
2026-06-24T15:00:00Z,33.72,33.72,33.72,33.72,123460
2026-06-24T15:01:00Z,33.72,33.72,33.72,33.72,152306
2026-06-24T15:02:00Z,33.72,33.73,33.71,33.71,123460
2026-06-24T15:03:00Z,33.71,33.71,33.71,33.71,78461
2026-06-24T15:04:00Z,33.71,33.73,33.71,33.72,73845
2026-06-24T15:05:00Z,33.72,33.75,33.72,33.74,130383
2026-06-24T15:06:00Z,33.74,33.75,33.74,33.74,57692
2026-06-24T15:07:00Z,33.74,33.75,33.73,33.75,125768
2026-06-24T15:08:00Z,33.75,33.77,33.74,33.77,69230
2026-06-24T15:09:00Z,33.77,33.77,33.75,33.75,91153
2026-06-24T15:10:00Z,33.75,33.76,33.74,33.76,72691
2026-06-24T15:11:00Z,33.76,33.79,33.76,33.78,64615
2026-06-24T15:12:00Z,33.78,33.78,33.77,33.77,87691
2026-06-24T15:13:00Z,33.77,33.78,33.75,33.76,167306
2026-06-24T15:14:00Z,33.76,33.76,33.75,33.76,123460
2026-06-24T15:15:00Z,33.76,33.77,33.74,33.75,136153
2026-06-24T15:16:00Z,33.75,33.76,33.73,33.74,74999
2026-06-24T15:17:00Z,33.74,33.75,33.74,33.74,126922
2026-06-24T15:18:00Z,33.74,33.75,33.72,33.72,58845
2026-06-24T15:19:00Z,33.72,33.73,33.72,33.73,72691
2026-06-24T15:20:00Z,33.73,33.73,33.73,33.73,119999
2026-06-24T15:21:00Z,33.73,33.74,33.72,33.74,80768
2026-06-24T15:22:00Z,33.74,33.75,33.73,33.75,121153
2026-06-24T15:23:00Z,33.75,33.76,33.75,33.75,65768
2026-06-24T15:24:00Z,33.75,33.75,33.74,33.74,104999
2026-06-24T15:25:00Z,33.74,33.74,33.72,33.72,68076
2026-06-24T15:26:00Z,33.72,33.72,33.72,33.72,138460
2026-06-24T15:27:00Z,33.72,33.73,33.72,33.73,107307
2026-06-24T15:28:00Z,33.73,33.75,33.72,33.74,129230
2026-06-24T15:29:00Z,33.74,33.75,33.73,33.75,88845
2026-06-24T15:30:00Z,33.75,33.76,33.75,33.76,84230
2026-06-24T15:31:00Z,33.76,33.77,33.75,33.75,70384
2026-06-24T15:32:00Z,33.75,33.79,33.75,33.78,166152
2026-06-24T15:33:00Z,33.78,33.78,33.78,33.78,171922
2026-06-24T15:34:00Z,33.78,33.78,33.76,33.77,73845
2026-06-24T15:35:00Z,33.77,33.78,33.76,33.76,98076
2026-06-24T15:36:00Z,33.76,33.76,33.73,33.74,156922
2026-06-24T15:37:00Z,33.74,33.76,33.74,33.76,133845
2026-06-24T15:38:00Z,33.76,33.76,33.76,33.76,154614
2026-06-24T15:39:00Z,33.76,33.78,33.76,33.77,70384
2026-06-24T15:40:00Z,33.77,33.77,33.77,33.77,121153
2026-06-24T15:41:00Z,33.77,33.77,33.77,33.77,113076
2026-06-24T15:42:00Z,33.77,33.77,33.73,33.74,95768
2026-06-24T15:43:00Z,33.74,33.74,33.71,33.71,72691
2026-06-24T15:44:00Z,33.71,33.71,33.68,33.69,160383
2026-06-24T15:45:00Z,33.69,33.71,33.69,33.71,129230
2026-06-24T15:46:00Z,33.71,33.71,33.71,33.71,86538
2026-06-24T15:47:00Z,33.71,33.72,33.71,33.71,104999
2026-06-24T15:48:00Z,33.71,33.71,33.70,33.70,98076
2026-06-24T15:49:00Z,33.70,33.72,33.70,33.72,143076
2026-06-24T15:50:00Z,33.72,33.74,33.71,33.74,72691
2026-06-24T15:51:00Z,33.74,33.76,33.74,33.75,161537
2026-06-24T15:52:00Z,33.75,33.75,33.73,33.73,58845
2026-06-24T15:53:00Z,33.73,33.74,33.71,33.71,147691
2026-06-24T15:54:00Z,33.71,33.73,33.71,33.72,140768
2026-06-24T15:55:00Z,33.72,33.72,33.71,33.72,72691
2026-06-24T15:56:00Z,33.72,33.72,33.69,33.70,102691
2026-06-24T15:57:00Z,33.70,33.73,33.70,33.72,94614
2026-06-24T15:58:00Z,33.72,33.72,33.69,33.70,92307
2026-06-24T15:59:00Z,33.70,33.71,33.69,33.69,132691
2026-06-24T16:00:00Z,33.69,33.70,33.69,33.70,110768
2026-06-24T16:01:00Z,33.70,33.70,33.68,33.69,143076
2026-06-24T16:02:00Z,33.69,33.70,33.68,33.68,118845
2026-06-24T16:03:00Z,33.68,33.68,33.66,33.66,80768
2026-06-24T16:04:00Z,33.66,33.67,33.66,33.67,158076
2026-06-24T16:05:00Z,33.67,33.67,33.65,33.66,144230
2026-06-24T16:06:00Z,33.66,33.66,33.64,33.64,88845
2026-06-24T16:07:00Z,33.64,33.65,33.64,33.65,121153
2026-06-24T16:08:00Z,33.65,33.65,33.64,33.64,130383
2026-06-24T16:09:00Z,33.64,33.65,33.64,33.65,78461
2026-06-24T16:10:00Z,33.65,33.66,33.64,33.66,110768
2026-06-24T16:11:00Z,33.66,33.67,33.64,33.64,151153
2026-06-24T16:12:00Z,33.64,33.65,33.64,33.65,65768
2026-06-24T16:13:00Z,33.65,33.65,33.64,33.64,59999
2026-06-24T16:14:00Z,33.64,33.67,33.64,33.66,132691
2026-06-24T16:15:00Z,33.66,33.67,33.66,33.66,98076
2026-06-24T16:16:00Z,33.66,33.66,33.63,33.63,169614
2026-06-24T16:17:00Z,33.63,33.65,33.62,33.64,115384
2026-06-24T16:18:00Z,33.64,33.65,33.64,33.64,170768
2026-06-24T16:19:00Z,33.64,33.66,33.63,33.65,77307
2026-06-24T16:20:00Z,33.65,33.66,33.62,33.62,123460
2026-06-24T16:21:00Z,33.62,33.63,33.62,33.62,78461
2026-06-24T16:22:00Z,33.62,33.63,33.61,33.63,139614
2026-06-24T16:23:00Z,33.63,33.63,33.63,33.63,146537
2026-06-24T16:24:00Z,33.63,33.65,33.62,33.65,171922
2026-06-24T16:25:00Z,33.65,33.67,33.65,33.67,167306
2026-06-24T16:26:00Z,33.67,33.67,33.66,33.66,129230
2026-06-24T16:27:00Z,33.66,33.66,33.65,33.65,138460
2026-06-24T16:28:00Z,33.65,33.66,33.64,33.66,145383
2026-06-24T16:29:00Z,33.66,33.66,33.66,33.66,152306
2026-06-24T16:30:00Z,33.66,33.66,33.66,33.66,68076
2026-06-24T16:31:00Z,33.66,33.68,33.66,33.67,98076
2026-06-24T16:32:00Z,33.67,33.68,33.67,33.68,125768
2026-06-24T16:33:00Z,33.68,33.70,33.68,33.70,76153
2026-06-24T16:34:00Z,33.70,33.70,33.68,33.68,114230
2026-06-24T16:35:00Z,33.68,33.69,33.66,33.66,169614
2026-06-24T16:36:00Z,33.66,33.67,33.63,33.63,153460
2026-06-24T16:37:00Z,33.63,33.66,33.63,33.65,101537
2026-06-24T16:38:00Z,33.65,33.65,33.63,33.64,163845
2026-06-24T16:39:00Z,33.64,33.64,33.61,33.61,124614
2026-06-24T16:40:00Z,33.61,33.61,33.60,33.60,84230
2026-06-24T16:41:00Z,33.60,33.61,33.57,33.58,169614
2026-06-24T16:42:00Z,33.58,33.60,33.58,33.59,147691
2026-06-24T16:43:00Z,33.59,33.60,33.59,33.60,57692
2026-06-24T16:44:00Z,33.60,33.62,33.60,33.62,98076
2026-06-24T16:45:00Z,33.62,33.64,33.62,33.63,98076
2026-06-24T16:46:00Z,33.63,33.65,33.62,33.64,87691
2026-06-24T16:47:00Z,33.64,33.66,33.64,33.65,161537
2026-06-24T16:48:00Z,33.65,33.65,33.63,33.63,163845
2026-06-24T16:49:00Z,33.63,33.65,33.63,33.65,110768
2026-06-24T16:50:00Z,33.65,33.65,33.65,33.65,96922
2026-06-24T16:51:00Z,33.65,33.66,33.65,33.66,79614
2026-06-24T16:52:00Z,33.66,33.69,33.66,33.69,104999
2026-06-24T16:53:00Z,33.69,33.70,33.68,33.70,86538
2026-06-24T16:54:00Z,33.70,33.71,33.70,33.71,110768
2026-06-24T16:55:00Z,33.71,33.72,33.68,33.69,119999
2026-06-24T16:56:00Z,33.69,33.69,33.68,33.68,154614
2026-06-24T16:57:00Z,33.68,33.69,33.68,33.68,124614
2026-06-24T16:58:00Z,33.68,33.70,33.68,33.70,64615
2026-06-24T16:59:00Z,33.70,33.70,33.67,33.68,149999
2026-06-24T17:00:00Z,33.68,33.68,33.68,33.68,163845
2026-06-24T17:01:00Z,33.68,33.68,33.66,33.67,117691
2026-06-24T17:02:00Z,33.67,33.67,33.67,33.67,114230
2026-06-24T17:03:00Z,33.67,33.70,33.67,33.70,159229
2026-06-24T17:04:00Z,33.70,33.70,33.69,33.69,104999
2026-06-24T17:05:00Z,33.69,33.71,33.69,33.70,137306
2026-06-24T17:06:00Z,33.70,33.71,33.69,33.69,57692
2026-06-24T17:07:00Z,33.69,33.70,33.68,33.70,66922
2026-06-24T17:08:00Z,33.70,33.71,33.70,33.71,96922
2026-06-24T17:09:00Z,33.71,33.72,33.71,33.72,99230
2026-06-24T17:10:00Z,33.72,33.74,33.72,33.74,145383
2026-06-24T17:11:00Z,33.74,33.74,33.73,33.74,102691
2026-06-24T17:12:00Z,33.74,33.76,33.74,33.75,122307
2026-06-24T17:13:00Z,33.75,33.75,33.75,33.75,163845
2026-06-24T17:14:00Z,33.75,33.76,33.74,33.76,74999
2026-06-24T17:15:00Z,33.76,33.78,33.75,33.77,71538
2026-06-24T17:16:00Z,33.77,33.77,33.76,33.76,111922
2026-06-24T17:17:00Z,33.76,33.76,33.76,33.76,134999
2026-06-24T17:18:00Z,33.76,33.76,33.73,33.74,129230
2026-06-24T17:19:00Z,33.74,33.75,33.73,33.73,79614
2026-06-24T17:20:00Z,33.73,33.73,33.72,33.72,143076
2026-06-24T17:21:00Z,33.72,33.75,33.72,33.75,133845
2026-06-24T17:22:00Z,33.75,33.76,33.74,33.74,117691
2026-06-24T17:23:00Z,33.74,33.75,33.73,33.74,129230
2026-06-24T17:24:00Z,33.74,33.77,33.74,33.76,151153
2026-06-24T17:25:00Z,33.76,33.78,33.75,33.77,93461
2026-06-24T17:26:00Z,33.77,33.79,33.77,33.78,109614
2026-06-24T17:27:00Z,33.78,33.78,33.77,33.77,109614
2026-06-24T17:28:00Z,33.77,33.77,33.76,33.76,170768
2026-06-24T17:29:00Z,33.76,33.77,33.75,33.76,173076
2026-06-24T17:30:00Z,33.76,33.77,33.75,33.75,138460
2026-06-24T17:31:00Z,33.75,33.76,33.74,33.76,95768
2026-06-24T17:32:00Z,33.76,33.78,33.75,33.78,154614
2026-06-24T17:33:00Z,33.78,33.80,33.78,33.80,96922
2026-06-24T17:34:00Z,33.80,33.80,33.79,33.80,139614
2026-06-24T17:35:00Z,33.80,33.81,33.77,33.78,93461
2026-06-24T17:36:00Z,33.78,33.80,33.78,33.79,133845
2026-06-24T17:37:00Z,33.79,33.82,33.78,33.81,81922
2026-06-24T17:38:00Z,33.81,33.83,33.80,33.82,147691
2026-06-24T17:39:00Z,33.82,33.82,33.81,33.82,137306
2026-06-24T17:40:00Z,33.82,33.83,33.80,33.80,143076
2026-06-24T17:41:00Z,33.80,33.82,33.80,33.81,104999
2026-06-24T17:42:00Z,33.81,33.81,33.78,33.79,158076
2026-06-24T17:43:00Z,33.79,33.80,33.79,33.79,66922
2026-06-24T17:44:00Z,33.79,33.79,33.78,33.78,128076
2026-06-24T17:45:00Z,33.78,33.79,33.78,33.78,63461
2026-06-24T17:46:00Z,33.78,33.81,33.77,33.81,119999
2026-06-24T17:47:00Z,33.81,33.82,33.79,33.79,152306
2026-06-24T17:48:00Z,33.79,33.80,33.79,33.80,108460
2026-06-24T17:49:00Z,33.80,33.81,33.79,33.80,89999
2026-06-24T17:50:00Z,33.80,33.81,33.78,33.78,110768
2026-06-24T17:51:00Z,33.78,33.79,33.77,33.78,171922
2026-06-24T17:52:00Z,33.78,33.78,33.76,33.77,160383
2026-06-24T17:53:00Z,33.77,33.78,33.76,33.77,63461
2026-06-24T17:54:00Z,33.77,33.77,33.73,33.74,173076
2026-06-24T17:55:00Z,33.74,33.76,33.74,33.76,128076
2026-06-24T17:56:00Z,33.76,33.76,33.74,33.75,166152
2026-06-24T17:57:00Z,33.75,33.75,33.74,33.74,158076
2026-06-24T17:58:00Z,33.74,33.76,33.74,33.75,100384
2026-06-24T17:59:00Z,33.75,33.78,33.75,33.77,145383
2026-06-24T18:00:00Z,33.77,33.77,33.77,33.77,143076
2026-06-24T18:01:00Z,33.77,33.79,33.77,33.78,108460
2026-06-24T18:02:00Z,33.78,33.80,33.78,33.80,167306
2026-06-24T18:03:00Z,33.80,33.82,33.80,33.81,113076
2026-06-24T18:04:00Z,33.81,33.81,33.79,33.79,77307
2026-06-24T18:05:00Z,33.79,33.79,33.76,33.77,74999
2026-06-24T18:06:00Z,33.77,33.78,33.77,33.78,68076
2026-06-24T18:07:00Z,33.78,33.79,33.77,33.77,134999
2026-06-24T18:08:00Z,33.77,33.79,33.77,33.78,71538
2026-06-24T18:09:00Z,33.78,33.78,33.77,33.77,149999
2026-06-24T18:10:00Z,33.77,33.80,33.77,33.79,114230
2026-06-24T18:11:00Z,33.79,33.81,33.78,33.81,130383
2026-06-24T18:12:00Z,33.81,33.82,33.81,33.81,116537
2026-06-24T18:13:00Z,33.81,33.82,33.80,33.80,72691
2026-06-24T18:14:00Z,33.80,33.80,33.79,33.80,131537
2026-06-24T18:15:00Z,33.80,33.81,33.79,33.79,147691
2026-06-24T18:16:00Z,33.79,33.80,33.77,33.78,143076
2026-06-24T18:17:00Z,33.78,33.81,33.78,33.80,92307
2026-06-24T18:18:00Z,33.80,33.80,33.77,33.77,62307
2026-06-24T18:19:00Z,33.77,33.77,33.76,33.77,119999
2026-06-24T18:20:00Z,33.77,33.78,33.76,33.78,109614
2026-06-24T18:21:00Z,33.78,33.79,33.76,33.77,171922
2026-06-24T18:22:00Z,33.77,33.78,33.76,33.76,92307
2026-06-24T18:23:00Z,33.76,33.76,33.75,33.76,130383
2026-06-24T18:24:00Z,33.76,33.78,33.76,33.78,153460
2026-06-24T18:25:00Z,33.78,33.79,33.78,33.78,113076
2026-06-24T18:26:00Z,33.78,33.78,33.77,33.78,85384
2026-06-24T18:27:00Z,33.78,33.78,33.77,33.78,128076
2026-06-24T18:28:00Z,33.78,33.79,33.78,33.78,66922
2026-06-24T18:29:00Z,33.78,33.80,33.78,33.80,161537
2026-06-24T18:30:00Z,33.80,33.80,33.80,33.80,114230
2026-06-24T18:31:00Z,33.80,33.81,33.79,33.80,58845
2026-06-24T18:32:00Z,33.80,33.80,33.78,33.78,139614
2026-06-24T18:33:00Z,33.78,33.78,33.76,33.76,147691
2026-06-24T18:34:00Z,33.76,33.77,33.74,33.75,161537
2026-06-24T18:35:00Z,33.75,33.78,33.74,33.78,79614
2026-06-24T18:36:00Z,33.78,33.80,33.78,33.79,158076
2026-06-24T18:37:00Z,33.79,33.79,33.77,33.78,95768
2026-06-24T18:38:00Z,33.78,33.79,33.78,33.79,108460
2026-06-24T18:39:00Z,33.79,33.80,33.78,33.79,126922
2026-06-24T18:40:00Z,33.79,33.79,33.76,33.77,171922
2026-06-24T18:41:00Z,33.77,33.79,33.77,33.78,155768
2026-06-24T18:42:00Z,33.78,33.79,33.78,33.79,171922
2026-06-24T18:43:00Z,33.79,33.79,33.79,33.79,126922
2026-06-24T18:44:00Z,33.79,33.80,33.79,33.80,128076
2026-06-24T18:45:00Z,33.80,33.80,33.78,33.78,162691
2026-06-24T18:46:00Z,33.78,33.79,33.78,33.79,70384
2026-06-24T18:47:00Z,33.79,33.80,33.76,33.77,106153
2026-06-24T18:48:00Z,33.77,33.77,33.77,33.77,88845
2026-06-24T18:49:00Z,33.77,33.77,33.76,33.76,158076
2026-06-24T18:50:00Z,33.76,33.77,33.75,33.77,153460
2026-06-24T18:51:00Z,33.77,33.77,33.75,33.76,119999
2026-06-24T18:52:00Z,33.76,33.78,33.75,33.78,149999
2026-06-24T18:53:00Z,33.78,33.78,33.76,33.77,79614
2026-06-24T18:54:00Z,33.77,33.77,33.77,33.77,95768
2026-06-24T18:55:00Z,33.77,33.79,33.76,33.79,107307
2026-06-24T18:56:00Z,33.79,33.80,33.76,33.76,119999
2026-06-24T18:57:00Z,33.76,33.77,33.75,33.76,155768
2026-06-24T18:58:00Z,33.76,33.78,33.75,33.77,122307
2026-06-24T18:59:00Z,33.77,33.77,33.77,33.77,83076
2026-06-24T19:00:00Z,33.77,33.78,33.73,33.74,151153
2026-06-24T19:01:00Z,33.74,33.77,33.73,33.76,139614
2026-06-24T19:02:00Z,33.76,33.76,33.75,33.76,152306
2026-06-24T19:03:00Z,33.76,33.78,33.75,33.78,116537
2026-06-24T19:04:00Z,33.78,33.79,33.76,33.77,125768
2026-06-24T19:05:00Z,33.77,33.79,33.76,33.78,106153
2026-06-24T19:06:00Z,33.78,33.78,33.77,33.77,132691
2026-06-24T19:07:00Z,33.77,33.79,33.77,33.78,104999
2026-06-24T19:08:00Z,33.78,33.79,33.77,33.77,145383
2026-06-24T19:09:00Z,33.77,33.79,33.76,33.79,155768
2026-06-24T19:10:00Z,33.79,33.79,33.78,33.78,110768
2026-06-24T19:11:00Z,33.78,33.78,33.77,33.77,62307
2026-06-24T19:12:00Z,33.77,33.81,33.77,33.80,73845
2026-06-24T19:13:00Z,33.80,33.80,33.80,33.80,123460
2026-06-24T19:14:00Z,33.80,33.80,33.79,33.79,168460
2026-06-24T19:15:00Z,33.79,33.79,33.78,33.79,72691
2026-06-24T19:16:00Z,33.79,33.80,33.76,33.77,160383
2026-06-24T19:17:00Z,33.77,33.79,33.77,33.78,118845
2026-06-24T19:18:00Z,33.78,33.78,33.78,33.78,87691
2026-06-24T19:19:00Z,33.78,33.78,33.77,33.78,123460
2026-06-24T19:20:00Z,33.78,33.80,33.78,33.79,156922
2026-06-24T19:21:00Z,33.79,33.80,33.77,33.78,99230
2026-06-24T19:22:00Z,33.78,33.78,33.78,33.78,101537
2026-06-24T19:23:00Z,33.78,33.79,33.78,33.78,131537
2026-06-24T19:24:00Z,33.78,33.79,33.78,33.79,153460
2026-06-24T19:25:00Z,33.79,33.80,33.78,33.78,168460
2026-06-24T19:26:00Z,33.78,33.79,33.76,33.77,169614
2026-06-24T19:27:00Z,33.77,33.79,33.77,33.78,100384
2026-06-24T19:28:00Z,33.78,33.79,33.77,33.79,118845
2026-06-24T19:29:00Z,33.79,33.81,33.78,33.80,98076
2026-06-24T19:30:00Z,33.80,33.82,33.80,33.81,58845
2026-06-24T19:31:00Z,33.81,33.81,33.80,33.81,113076
2026-06-24T19:32:00Z,33.81,33.85,33.81,33.84,139614
2026-06-24T19:33:00Z,33.84,33.84,33.82,33.83,171922
2026-06-24T19:34:00Z,33.83,33.84,33.82,33.84,73845
2026-06-24T19:35:00Z,33.84,33.85,33.84,33.85,93461
2026-06-24T19:36:00Z,33.85,33.86,33.85,33.85,123460
2026-06-24T19:37:00Z,33.85,33.86,33.85,33.86,88845
2026-06-24T19:38:00Z,33.86,33.87,33.86,33.87,63461
2026-06-24T19:39:00Z,33.87,33.87,33.87,33.87,167306
2026-06-24T19:40:00Z,33.87,33.89,33.87,33.89,124614
2026-06-24T19:41:00Z,33.89,33.90,33.89,33.89,57692
2026-06-24T19:42:00Z,33.89,33.91,33.88,33.90,81922
2026-06-24T19:43:00Z,33.90,33.93,33.90,33.93,125768
2026-06-24T19:44:00Z,33.93,33.93,33.93,33.93,115384
2026-06-24T19:45:00Z,33.93,33.95,33.92,33.95,65768
2026-06-24T19:46:00Z,33.95,33.99,33.95,33.98,86538
2026-06-24T19:47:00Z,33.98,34.00,33.97,33.99,140768
2026-06-24T19:48:00Z,33.99,34.01,33.99,34.01,110768
2026-06-24T19:49:00Z,34.01,34.03,34.01,34.03,69230
2026-06-24T19:50:00Z,34.03,34.04,34.03,34.03,160383
2026-06-24T19:51:00Z,34.03,34.04,34.03,34.04,153460
2026-06-24T19:52:00Z,34.04,34.04,34.03,34.03,115384
2026-06-24T19:53:00Z,34.03,34.04,34.03,34.03,78461
2026-06-24T19:54:00Z,34.03,34.03,34.02,34.03,148845
2026-06-24T19:55:00Z,34.03,34.04,34.02,34.04,149999
2026-06-24T19:56:00Z,34.04,34.06,34.04,34.06,166152
2026-06-24T19:57:00Z,34.06,34.07,34.06,34.07,114230
2026-06-24T19:58:00Z,34.07,34.09,34.07,34.08,57692
2026-06-24T19:59:00Z,34.08,34.08,34.07,34.08,136153
2026-06-25T13:30:00Z,34.08,34.08,34.06,34.07,140768
2026-06-25T13:31:00Z,34.07,34.08,34.04,34.05,92307
2026-06-25T13:32:00Z,34.05,34.06,34.03,34.03,130383
2026-06-25T13:33:00Z,34.03,34.06,34.03,34.06,166152
2026-06-25T13:34:00Z,34.06,34.06,34.03,34.03,89999
2026-06-25T13:35:00Z,34.03,34.03,34.01,34.02,163845
2026-06-25T13:36:00Z,34.02,34.04,34.01,34.03,79614
2026-06-25T13:37:00Z,34.03,34.04,34.02,34.02,110768
2026-06-25T13:38:00Z,34.02,34.02,34.01,34.02,101537
2026-06-25T13:39:00Z,34.02,34.03,34.00,34.00,85384
2026-06-25T13:40:00Z,34.00,34.02,33.99,34.02,119999
2026-06-25T13:41:00Z,34.02,34.03,33.99,34.00,113076
2026-06-25T13:42:00Z,34.00,34.01,33.99,34.01,124614
2026-06-25T13:43:00Z,34.01,34.01,33.99,33.99,88845
2026-06-25T13:44:00Z,33.99,33.99,33.98,33.98,99230
2026-06-25T13:45:00Z,33.98,33.99,33.97,33.98,148845
2026-06-25T13:46:00Z,33.98,33.99,33.98,33.98,171922
2026-06-25T13:47:00Z,33.98,34.01,33.97,34.00,101537
2026-06-25T13:48:00Z,34.00,34.02,34.00,34.02,153460
2026-06-25T13:49:00Z,34.02,34.03,34.02,34.02,79614
2026-06-25T13:50:00Z,34.02,34.05,34.02,34.04,108460
2026-06-25T13:51:00Z,34.04,34.05,34.04,34.05,171922
2026-06-25T13:52:00Z,34.05,34.05,34.04,34.04,80768
2026-06-25T13:53:00Z,34.04,34.04,34.02,34.03,70384
2026-06-25T13:54:00Z,34.03,34.07,34.03,34.06,122307
2026-06-25T13:55:00Z,34.06,34.07,34.06,34.06,69230
2026-06-25T13:56:00Z,34.06,34.06,34.04,34.04,160383
2026-06-25T13:57:00Z,34.04,34.05,34.04,34.04,137306
2026-06-25T13:58:00Z,34.04,34.07,34.03,34.06,61153
2026-06-25T13:59:00Z,34.06,34.06,34.04,34.04,117691
2026-06-25T14:00:00Z,34.04,34.04,34.04,34.04,106153
2026-06-25T14:01:00Z,34.04,34.08,34.04,34.07,98076
2026-06-25T14:02:00Z,34.07,34.07,34.07,34.07,116537
2026-06-25T14:03:00Z,34.07,34.08,34.05,34.06,74999
2026-06-25T14:04:00Z,34.06,34.06,34.04,34.04,119999
2026-06-25T14:05:00Z,34.04,34.06,34.04,34.05,141922
2026-06-25T14:06:00Z,34.05,34.06,34.05,34.06,109614
2026-06-25T14:07:00Z,34.06,34.07,34.05,34.06,154614
2026-06-25T14:08:00Z,34.06,34.07,34.04,34.05,87691
2026-06-25T14:09:00Z,34.05,34.06,34.05,34.05,57692
2026-06-25T14:10:00Z,34.05,34.06,34.05,34.05,83076
2026-06-25T14:11:00Z,34.05,34.06,34.05,34.06,141922
2026-06-25T14:12:00Z,34.06,34.07,34.05,34.07,66922
2026-06-25T14:13:00Z,34.07,34.07,34.05,34.05,81922
2026-06-25T14:14:00Z,34.05,34.05,34.02,34.03,171922
2026-06-25T14:15:00Z,34.03,34.04,34.03,34.03,119999
2026-06-25T14:16:00Z,34.03,34.04,34.02,34.04,113076
2026-06-25T14:17:00Z,34.04,34.04,34.03,34.03,86538
2026-06-25T14:18:00Z,34.03,34.04,34.03,34.03,95768
2026-06-25T14:19:00Z,34.03,34.04,34.01,34.02,163845
2026-06-25T14:20:00Z,34.02,34.03,33.99,33.99,66922
2026-06-25T14:21:00Z,33.99,34.00,33.99,33.99,83076
2026-06-25T14:22:00Z,33.99,34.00,33.99,34.00,173076
2026-06-25T14:23:00Z,34.00,34.00,33.98,33.98,62307
2026-06-25T14:24:00Z,33.98,33.99,33.98,33.99,147691
2026-06-25T14:25:00Z,33.99,34.00,33.98,33.99,162691
2026-06-25T14:26:00Z,33.99,34.01,33.98,34.01,147691
2026-06-25T14:27:00Z,34.01,34.01,33.98,33.99,110768
2026-06-25T14:28:00Z,33.99,33.99,33.95,33.96,147691
2026-06-25T14:29:00Z,33.96,33.97,33.96,33.97,160383
2026-06-25T14:30:00Z,33.97,33.97,33.95,33.95,154614
2026-06-25T14:31:00Z,33.95,33.98,33.95,33.97,114230
2026-06-25T14:32:00Z,33.97,33.97,33.95,33.96,85384
2026-06-25T14:33:00Z,33.96,33.96,33.94,33.94,118845
2026-06-25T14:34:00Z,33.94,33.96,33.94,33.96,129230
2026-06-25T14:35:00Z,33.96,33.97,33.94,33.94,100384
2026-06-25T14:36:00Z,33.94,33.94,33.92,33.92,151153
2026-06-25T14:37:00Z,33.92,33.92,33.91,33.91,72691
2026-06-25T14:38:00Z,33.91,33.92,33.89,33.89,71538
2026-06-25T14:39:00Z,33.89,33.89,33.87,33.87,77307
2026-06-25T14:40:00Z,33.87,33.89,33.87,33.88,79614
2026-06-25T14:41:00Z,33.88,33.89,33.88,33.88,146537
2026-06-25T14:42:00Z,33.88,33.89,33.88,33.88,128076
2026-06-25T14:43:00Z,33.88,33.88,33.88,33.88,57692
2026-06-25T14:44:00Z,33.88,33.89,33.86,33.87,108460
2026-06-25T14:45:00Z,33.87,33.88,33.87,33.87,88845
2026-06-25T14:46:00Z,33.87,33.88,33.86,33.88,72691
2026-06-25T14:47:00Z,33.88,33.91,33.88,33.90,133845
2026-06-25T14:48:00Z,33.90,33.90,33.86,33.87,144230
2026-06-25T14:49:00Z,33.87,33.88,33.85,33.86,79614
2026-06-25T14:50:00Z,33.86,33.89,33.86,33.88,166152
2026-06-25T14:51:00Z,33.88,33.88,33.85,33.86,68076
2026-06-25T14:52:00Z,33.86,33.87,33.86,33.87,119999
2026-06-25T14:53:00Z,33.87,33.87,33.87,33.87,109614
2026-06-25T14:54:00Z,33.87,33.88,33.84,33.85,149999
2026-06-25T14:55:00Z,33.85,33.86,33.82,33.83,147691
2026-06-25T14:56:00Z,33.83,33.84,33.83,33.84,58845
2026-06-25T14:57:00Z,33.84,33.84,33.82,33.82,109614
2026-06-25T14:58:00Z,33.82,33.82,33.81,33.81,153460
2026-06-25T14:59:00Z,33.81,33.81,33.80,33.81,89999
2026-06-25T15:00:00Z,33.81,33.81,33.80,33.81,93461
2026-06-25T15:01:00Z,33.81,33.82,33.81,33.82,145383
2026-06-25T15:02:00Z,33.82,33.83,33.79,33.79,70384
2026-06-25T15:03:00Z,33.79,33.79,33.78,33.79,130383
2026-06-25T15:04:00Z,33.79,33.79,33.78,33.78,161537
2026-06-25T15:05:00Z,33.78,33.79,33.77,33.78,130383
2026-06-25T15:06:00Z,33.78,33.80,33.77,33.79,63461
2026-06-25T15:07:00Z,33.79,33.81,33.78,33.80,113076
2026-06-25T15:08:00Z,33.80,33.80,33.78,33.79,137306
2026-06-25T15:09:00Z,33.79,33.80,33.78,33.80,63461
2026-06-25T15:10:00Z,33.80,33.80,33.79,33.79,110768
2026-06-25T15:11:00Z,33.79,33.80,33.79,33.79,156922
2026-06-25T15:12:00Z,33.79,33.79,33.78,33.79,154614
2026-06-25T15:13:00Z,33.79,33.79,33.78,33.79,131537
2026-06-25T15:14:00Z,33.79,33.80,33.78,33.80,76153
2026-06-25T15:15:00Z,33.80,33.82,33.79,33.82,114230
2026-06-25T15:16:00Z,33.82,33.83,33.80,33.81,86538
2026-06-25T15:17:00Z,33.81,33.81,33.80,33.81,71538
2026-06-25T15:18:00Z,33.81,33.82,33.80,33.80,132691
2026-06-25T15:19:00Z,33.80,33.80,33.80,33.80,111922
2026-06-25T15:20:00Z,33.80,33.81,33.78,33.78,79614
2026-06-25T15:21:00Z,33.78,33.79,33.76,33.76,109614
2026-06-25T15:22:00Z,33.76,33.76,33.76,33.76,126922
2026-06-25T15:23:00Z,33.76,33.78,33.76,33.77,86538
2026-06-25T15:24:00Z,33.77,33.77,33.75,33.75,76153
2026-06-25T15:25:00Z,33.75,33.76,33.72,33.72,167306
2026-06-25T15:26:00Z,33.72,33.72,33.71,33.72,78461
2026-06-25T15:27:00Z,33.72,33.73,33.71,33.72,164999
2026-06-25T15:28:00Z,33.72,33.72,33.71,33.72,143076
2026-06-25T15:29:00Z,33.72,33.74,33.72,33.74,73845
2026-06-25T15:30:00Z,33.74,33.75,33.72,33.73,86538
2026-06-25T15:31:00Z,33.73,33.74,33.72,33.73,64615
2026-06-25T15:32:00Z,33.73,33.73,33.70,33.71,78461
2026-06-25T15:33:00Z,33.71,33.71,33.69,33.70,83076
2026-06-25T15:34:00Z,33.70,33.70,33.68,33.69,73845
2026-06-25T15:35:00Z,33.69,33.70,33.68,33.70,94614
2026-06-25T15:36:00Z,33.70,33.72,33.70,33.71,115384
2026-06-25T15:37:00Z,33.71,33.72,33.71,33.71,116537
2026-06-25T15:38:00Z,33.71,33.72,33.71,33.72,114230
2026-06-25T15:39:00Z,33.72,33.72,33.71,33.72,65768
2026-06-25T15:40:00Z,33.72,33.72,33.70,33.70,96922
2026-06-25T15:41:00Z,33.70,33.71,33.67,33.67,92307
2026-06-25T15:42:00Z,33.67,33.67,33.64,33.65,92307
2026-06-25T15:43:00Z,33.65,33.66,33.63,33.64,74999
2026-06-25T15:44:00Z,33.64,33.65,33.61,33.62,111922
2026-06-25T15:45:00Z,33.62,33.63,33.62,33.62,87691
2026-06-25T15:46:00Z,33.62,33.63,33.62,33.62,63461
2026-06-25T15:47:00Z,33.62,33.63,33.62,33.63,62307
2026-06-25T15:48:00Z,33.63,33.63,33.62,33.62,98076
2026-06-25T15:49:00Z,33.62,33.62,33.59,33.60,126922
2026-06-25T15:50:00Z,33.60,33.60,33.60,33.60,115384
2026-06-25T15:51:00Z,33.60,33.60,33.59,33.59,91153
2026-06-25T15:52:00Z,33.59,33.59,33.55,33.56,170768
2026-06-25T15:53:00Z,33.56,33.57,33.56,33.56,111922
2026-06-25T15:54:00Z,33.56,33.56,33.53,33.54,94614
2026-06-25T15:55:00Z,33.54,33.55,33.53,33.55,164999
2026-06-25T15:56:00Z,33.55,33.55,33.54,33.54,57692
2026-06-25T15:57:00Z,33.54,33.55,33.51,33.52,159229
2026-06-25T15:58:00Z,33.52,33.54,33.52,33.53,163845
2026-06-25T15:59:00Z,33.53,33.53,33.53,33.53,64615
2026-06-25T16:00:00Z,33.53,33.53,33.53,33.53,102691
2026-06-25T16:01:00Z,33.53,33.53,33.52,33.53,170768
2026-06-25T16:02:00Z,33.53,33.53,33.49,33.50,63461
2026-06-25T16:03:00Z,33.50,33.51,33.49,33.49,128076
2026-06-25T16:04:00Z,33.49,33.49,33.46,33.47,141922
2026-06-25T16:05:00Z,33.47,33.49,33.47,33.48,158076
2026-06-25T16:06:00Z,33.48,33.49,33.47,33.48,80768
2026-06-25T16:07:00Z,33.48,33.49,33.48,33.48,68076
2026-06-25T16:08:00Z,33.48,33.48,33.46,33.47,124614
2026-06-25T16:09:00Z,33.47,33.48,33.46,33.47,118845
2026-06-25T16:10:00Z,33.47,33.48,33.47,33.48,173076
2026-06-25T16:11:00Z,33.48,33.48,33.47,33.48,160383
2026-06-25T16:12:00Z,33.48,33.50,33.48,33.50,86538
2026-06-25T16:13:00Z,33.50,33.50,33.50,33.50,169614
2026-06-25T16:14:00Z,33.50,33.50,33.48,33.48,123460
2026-06-25T16:15:00Z,33.48,33.49,33.48,33.48,68076
2026-06-25T16:16:00Z,33.48,33.48,33.46,33.47,102691
2026-06-25T16:17:00Z,33.47,33.49,33.46,33.48,73845
2026-06-25T16:18:00Z,33.48,33.49,33.48,33.48,65768
2026-06-25T16:19:00Z,33.48,33.48,33.47,33.47,170768
2026-06-25T16:20:00Z,33.47,33.47,33.46,33.47,133845
2026-06-25T16:21:00Z,33.47,33.48,33.47,33.47,144230
2026-06-25T16:22:00Z,33.47,33.47,33.46,33.46,81922
2026-06-25T16:23:00Z,33.46,33.46,33.44,33.44,137306
2026-06-25T16:24:00Z,33.44,33.45,33.44,33.44,138460
2026-06-25T16:25:00Z,33.44,33.46,33.44,33.45,122307
2026-06-25T16:26:00Z,33.45,33.46,33.45,33.45,170768
2026-06-25T16:27:00Z,33.45,33.45,33.44,33.44,73845
2026-06-25T16:28:00Z,33.44,33.45,33.43,33.45,148845
2026-06-25T16:29:00Z,33.45,33.47,33.45,33.46,164999
2026-06-25T16:30:00Z,33.46,33.47,33.46,33.47,152306
2026-06-25T16:31:00Z,33.47,33.47,33.44,33.45,138460
2026-06-25T16:32:00Z,33.45,33.45,33.44,33.45,160383
2026-06-25T16:33:00Z,33.45,33.48,33.45,33.48,62307
2026-06-25T16:34:00Z,33.48,33.50,33.48,33.49,88845
2026-06-25T16:35:00Z,33.49,33.50,33.49,33.50,163845
2026-06-25T16:36:00Z,33.50,33.50,33.49,33.49,167306
2026-06-25T16:37:00Z,33.49,33.50,33.49,33.50,154614
2026-06-25T16:38:00Z,33.50,33.53,33.50,33.52,94614
2026-06-25T16:39:00Z,33.52,33.53,33.49,33.50,61153
2026-06-25T16:40:00Z,33.50,33.52,33.49,33.52,144230
2026-06-25T16:41:00Z,33.52,33.54,33.51,33.53,115384
2026-06-25T16:42:00Z,33.53,33.54,33.53,33.53,114230
2026-06-25T16:43:00Z,33.53,33.53,33.53,33.53,103845
2026-06-25T16:44:00Z,33.53,33.54,33.52,33.53,101537
2026-06-25T16:45:00Z,33.53,33.56,33.52,33.55,124614
2026-06-25T16:46:00Z,33.55,33.55,33.53,33.53,133845
2026-06-25T16:47:00Z,33.53,33.55,33.53,33.54,88845
2026-06-25T16:48:00Z,33.54,33.56,33.54,33.55,136153
2026-06-25T16:49:00Z,33.55,33.56,33.53,33.54,131537
2026-06-25T16:50:00Z,33.54,33.54,33.53,33.53,124614
2026-06-25T16:51:00Z,33.53,33.54,33.52,33.53,58845
2026-06-25T16:52:00Z,33.53,33.53,33.52,33.52,158076
2026-06-25T16:53:00Z,33.52,33.52,33.51,33.52,63461
2026-06-25T16:54:00Z,33.52,33.52,33.51,33.52,63461
2026-06-25T16:55:00Z,33.52,33.53,33.52,33.52,118845
2026-06-25T16:56:00Z,33.52,33.53,33.52,33.53,93461
2026-06-25T16:57:00Z,33.53,33.53,33.53,33.53,143076
2026-06-25T16:58:00Z,33.53,33.54,33.53,33.54,83076
2026-06-25T16:59:00Z,33.54,33.54,33.54,33.54,149999
2026-06-25T17:00:00Z,33.54,33.55,33.52,33.53,170768
2026-06-25T17:01:00Z,33.53,33.53,33.52,33.53,98076
2026-06-25T17:02:00Z,33.53,33.54,33.52,33.52,57692
2026-06-25T17:03:00Z,33.52,33.53,33.51,33.51,117691
2026-06-25T17:04:00Z,33.51,33.51,33.51,33.51,104999
2026-06-25T17:05:00Z,33.51,33.51,33.50,33.51,85384
2026-06-25T17:06:00Z,33.51,33.52,33.51,33.52,156922
2026-06-25T17:07:00Z,33.52,33.52,33.52,33.52,71538
2026-06-25T17:08:00Z,33.52,33.52,33.51,33.52,68076
2026-06-25T17:09:00Z,33.52,33.52,33.50,33.51,70384
2026-06-25T17:10:00Z,33.51,33.51,33.50,33.50,104999
2026-06-25T17:11:00Z,33.50,33.51,33.50,33.50,91153
2026-06-25T17:12:00Z,33.50,33.51,33.48,33.49,70384
2026-06-25T17:13:00Z,33.49,33.50,33.49,33.50,103845
2026-06-25T17:14:00Z,33.50,33.52,33.50,33.51,138460
2026-06-25T17:15:00Z,33.51,33.51,33.49,33.50,132691
2026-06-25T17:16:00Z,33.50,33.50,33.49,33.50,99230
2026-06-25T17:17:00Z,33.50,33.51,33.48,33.48,161537
2026-06-25T17:18:00Z,33.48,33.49,33.48,33.49,158076
2026-06-25T17:19:00Z,33.49,33.50,33.48,33.50,113076
2026-06-25T17:20:00Z,33.50,33.50,33.49,33.49,146537
2026-06-25T17:21:00Z,33.49,33.49,33.48,33.48,93461
2026-06-25T17:22:00Z,33.48,33.48,33.47,33.48,89999
2026-06-25T17:23:00Z,33.48,33.48,33.47,33.47,126922
2026-06-25T17:24:00Z,33.47,33.48,33.47,33.47,133845
2026-06-25T17:25:00Z,33.47,33.49,33.46,33.48,57692
2026-06-25T17:26:00Z,33.48,33.51,33.48,33.50,118845
2026-06-25T17:27:00Z,33.50,33.50,33.50,33.50,147691
2026-06-25T17:28:00Z,33.50,33.50,33.50,33.50,88845
2026-06-25T17:29:00Z,33.50,33.52,33.50,33.51,73845
2026-06-25T17:30:00Z,33.51,33.52,33.48,33.49,155768
2026-06-25T17:31:00Z,33.49,33.50,33.48,33.50,132691
2026-06-25T17:32:00Z,33.50,33.50,33.50,33.50,100384
2026-06-25T17:33:00Z,33.50,33.50,33.49,33.49,113076
2026-06-25T17:34:00Z,33.49,33.49,33.46,33.47,74999
2026-06-25T17:35:00Z,33.47,33.48,33.47,33.48,94614
2026-06-25T17:36:00Z,33.48,33.49,33.45,33.45,109614
2026-06-25T17:37:00Z,33.45,33.47,33.44,33.47,162691
2026-06-25T17:38:00Z,33.47,33.48,33.47,33.47,154614
2026-06-25T17:39:00Z,33.47,33.47,33.47,33.47,136153
2026-06-25T17:40:00Z,33.47,33.47,33.45,33.46,61153
2026-06-25T17:41:00Z,33.46,33.50,33.46,33.49,170768
2026-06-25T17:42:00Z,33.49,33.49,33.47,33.47,87691
2026-06-25T17:43:00Z,33.47,33.47,33.46,33.47,145383
2026-06-25T17:44:00Z,33.47,33.47,33.47,33.47,136153
2026-06-25T17:45:00Z,33.47,33.48,33.45,33.45,171922
2026-06-25T17:46:00Z,33.45,33.46,33.43,33.43,83076
2026-06-25T17:47:00Z,33.43,33.45,33.42,33.44,72691
2026-06-25T17:48:00Z,33.44,33.44,33.42,33.42,66922
2026-06-25T17:49:00Z,33.42,33.42,33.40,33.41,122307
2026-06-25T17:50:00Z,33.41,33.42,33.40,33.40,116537
2026-06-25T17:51:00Z,33.40,33.41,33.38,33.39,76153
2026-06-25T17:52:00Z,33.39,33.39,33.38,33.38,96922
2026-06-25T17:53:00Z,33.38,33.38,33.37,33.37,141922
2026-06-25T17:54:00Z,33.37,33.38,33.37,33.38,141922
2026-06-25T17:55:00Z,33.38,33.38,33.36,33.36,104999
2026-06-25T17:56:00Z,33.36,33.37,33.35,33.36,81922
2026-06-25T17:57:00Z,33.36,33.36,33.36,33.36,100384
2026-06-25T17:58:00Z,33.36,33.36,33.36,33.36,65768
2026-06-25T17:59:00Z,33.36,33.39,33.36,33.38,159229
2026-06-25T18:00:00Z,33.38,33.38,33.36,33.36,94614
2026-06-25T18:01:00Z,33.36,33.37,33.36,33.37,125768
2026-06-25T18:02:00Z,33.37,33.38,33.37,33.37,71538
2026-06-25T18:03:00Z,33.37,33.37,33.34,33.35,96922
2026-06-25T18:04:00Z,33.35,33.36,33.34,33.36,123460
2026-06-25T18:05:00Z,33.36,33.38,33.36,33.37,114230
2026-06-25T18:06:00Z,33.37,33.38,33.37,33.37,103845
2026-06-25T18:07:00Z,33.37,33.37,33.37,33.37,163845
2026-06-25T18:08:00Z,33.37,33.38,33.36,33.36,156922
2026-06-25T18:09:00Z,33.36,33.37,33.35,33.37,162691
2026-06-25T18:10:00Z,33.37,33.39,33.37,33.38,73845
2026-06-25T18:11:00Z,33.38,33.39,33.37,33.39,106153
2026-06-25T18:12:00Z,33.39,33.39,33.39,33.39,167306
2026-06-25T18:13:00Z,33.39,33.40,33.39,33.40,80768
2026-06-25T18:14:00Z,33.40,33.40,33.37,33.38,156922
2026-06-25T18:15:00Z,33.38,33.38,33.36,33.36,74999
2026-06-25T18:16:00Z,33.36,33.37,33.36,33.36,103845
2026-06-25T18:17:00Z,33.36,33.37,33.36,33.37,107307
2026-06-25T18:18:00Z,33.37,33.37,33.35,33.36,88845
2026-06-25T18:19:00Z,33.36,33.36,33.34,33.34,160383
2026-06-25T18:20:00Z,33.34,33.36,33.34,33.36,134999
2026-06-25T18:21:00Z,33.36,33.36,33.34,33.34,98076
2026-06-25T18:22:00Z,33.34,33.34,33.33,33.33,88845
2026-06-25T18:23:00Z,33.33,33.33,33.32,33.33,99230
2026-06-25T18:24:00Z,33.33,33.34,33.33,33.34,57692
2026-06-25T18:25:00Z,33.34,33.35,33.30,33.31,158076
2026-06-25T18:26:00Z,33.31,33.31,33.31,33.31,125768
2026-06-25T18:27:00Z,33.31,33.31,33.28,33.29,160383
2026-06-25T18:28:00Z,33.29,33.31,33.29,33.31,79614
2026-06-25T18:29:00Z,33.31,33.32,33.31,33.32,147691
2026-06-25T18:30:00Z,33.32,33.32,33.31,33.31,59999
2026-06-25T18:31:00Z,33.31,33.32,33.29,33.30,108460
2026-06-25T18:32:00Z,33.30,33.30,33.29,33.30,72691
2026-06-25T18:33:00Z,33.30,33.31,33.29,33.31,129230
2026-06-25T18:34:00Z,33.31,33.32,33.30,33.32,163845
2026-06-25T18:35:00Z,33.32,33.32,33.32,33.32,103845
2026-06-25T18:36:00Z,33.32,33.32,33.30,33.31,119999
2026-06-25T18:37:00Z,33.31,33.31,33.31,33.31,57692
2026-06-25T18:38:00Z,33.31,33.31,33.28,33.28,99230
2026-06-25T18:39:00Z,33.28,33.28,33.27,33.27,169614
2026-06-25T18:40:00Z,33.27,33.27,33.25,33.25,163845
2026-06-25T18:41:00Z,33.25,33.25,33.23,33.24,126922
2026-06-25T18:42:00Z,33.24,33.24,33.23,33.23,70384
2026-06-25T18:43:00Z,33.23,33.25,33.23,33.24,104999
2026-06-25T18:44:00Z,33.24,33.24,33.22,33.22,86538
2026-06-25T18:45:00Z,33.22,33.23,33.22,33.23,100384
2026-06-25T18:46:00Z,33.23,33.23,33.21,33.21,78461
2026-06-25T18:47:00Z,33.21,33.22,33.21,33.21,130383
2026-06-25T18:48:00Z,33.21,33.23,33.21,33.22,84230
2026-06-25T18:49:00Z,33.22,33.23,33.21,33.21,145383
2026-06-25T18:50:00Z,33.21,33.21,33.19,33.19,65768
2026-06-25T18:51:00Z,33.19,33.20,33.18,33.20,93461
2026-06-25T18:52:00Z,33.20,33.20,33.20,33.20,65768
2026-06-25T18:53:00Z,33.20,33.22,33.20,33.22,131537
2026-06-25T18:54:00Z,33.22,33.22,33.22,33.22,168460
2026-06-25T18:55:00Z,33.22,33.22,33.22,33.22,163845
2026-06-25T18:56:00Z,33.22,33.23,33.22,33.22,107307
2026-06-25T18:57:00Z,33.22,33.22,33.21,33.22,63461
2026-06-25T18:58:00Z,33.22,33.22,33.22,33.22,140768
2026-06-25T18:59:00Z,33.22,33.22,33.21,33.21,145383
2026-06-25T19:00:00Z,33.21,33.21,33.18,33.19,102691
2026-06-25T19:01:00Z,33.19,33.19,33.17,33.17,145383
2026-06-25T19:02:00Z,33.17,33.17,33.16,33.16,78461
2026-06-25T19:03:00Z,33.16,33.16,33.14,33.14,146537
2026-06-25T19:04:00Z,33.14,33.14,33.14,33.14,107307
2026-06-25T19:05:00Z,33.14,33.14,33.12,33.12,110768
2026-06-25T19:06:00Z,33.12,33.12,33.11,33.11,91153
2026-06-25T19:07:00Z,33.11,33.11,33.11,33.11,156922
2026-06-25T19:08:00Z,33.11,33.11,33.11,33.11,168460
2026-06-25T19:09:00Z,33.11,33.11,33.10,33.10,88845
2026-06-25T19:10:00Z,33.10,33.10,33.07,33.08,134999
2026-06-25T19:11:00Z,33.08,33.09,33.07,33.07,95768
2026-06-25T19:12:00Z,33.07,33.08,33.07,33.07,93461
2026-06-25T19:13:00Z,33.07,33.07,33.05,33.06,83076
2026-06-25T19:14:00Z,33.06,33.06,33.06,33.06,139614
2026-06-25T19:15:00Z,33.06,33.07,33.05,33.07,166152
2026-06-25T19:16:00Z,33.07,33.07,33.07,33.07,152306
2026-06-25T19:17:00Z,33.07,33.07,33.07,33.07,58845
2026-06-25T19:18:00Z,33.07,33.07,33.07,33.07,129230
2026-06-25T19:19:00Z,33.07,33.09,33.07,33.09,101537
2026-06-25T19:20:00Z,33.09,33.09,33.08,33.09,72691
2026-06-25T19:21:00Z,33.09,33.09,33.09,33.09,155768
2026-06-25T19:22:00Z,33.09,33.10,33.09,33.10,65768
2026-06-25T19:23:00Z,33.10,33.11,33.10,33.10,136153
2026-06-25T19:24:00Z,33.10,33.10,33.08,33.08,129230
2026-06-25T19:25:00Z,33.08,33.09,33.08,33.09,131537
2026-06-25T19:26:00Z,33.09,33.09,33.09,33.09,76153
2026-06-25T19:27:00Z,33.09,33.09,33.07,33.07,115384
2026-06-25T19:28:00Z,33.07,33.07,33.05,33.05,154614
2026-06-25T19:29:00Z,33.05,33.05,33.03,33.03,62307
2026-06-25T19:30:00Z,33.03,33.03,33.03,33.03,170768
2026-06-25T19:31:00Z,33.03,33.03,33.01,33.01,107307
2026-06-25T19:32:00Z,33.01,33.01,32.98,32.99,122307
2026-06-25T19:33:00Z,32.99,33.00,32.99,33.00,143076
2026-06-25T19:34:00Z,33.00,33.00,33.00,33.00,149999
2026-06-25T19:35:00Z,33.00,33.02,33.00,33.01,145383
2026-06-25T19:36:00Z,33.01,33.03,33.00,33.03,86538
2026-06-25T19:37:00Z,33.03,33.04,33.03,33.03,95768
2026-06-25T19:38:00Z,33.03,33.04,33.03,33.03,95768
2026-06-25T19:39:00Z,33.03,33.05,33.03,33.05,69230
2026-06-25T19:40:00Z,33.05,33.05,33.04,33.04,100384
2026-06-25T19:41:00Z,33.04,33.04,33.03,33.04,143076
2026-06-25T19:42:00Z,33.04,33.04,33.03,33.03,114230
2026-06-25T19:43:00Z,33.03,33.04,33.02,33.04,66922
2026-06-25T19:44:00Z,33.04,33.04,33.01,33.01,86538
2026-06-25T19:45:00Z,33.01,33.01,33.00,33.00,83076
2026-06-25T19:46:00Z,33.00,33.00,32.99,33.00,167306
2026-06-25T19:47:00Z,33.00,33.00,32.99,32.99,130383
2026-06-25T19:48:00Z,32.99,32.99,32.97,32.98,122307
2026-06-25T19:49:00Z,32.98,32.99,32.98,32.99,141922
2026-06-25T19:50:00Z,32.99,32.99,32.98,32.98,154614
2026-06-25T19:51:00Z,32.98,32.98,32.96,32.96,139614
2026-06-25T19:52:00Z,32.96,32.97,32.96,32.97,68076
2026-06-25T19:53:00Z,32.97,32.97,32.97,32.97,80768
2026-06-25T19:54:00Z,32.97,32.98,32.95,32.95,148845
2026-06-25T19:55:00Z,32.95,32.95,32.95,32.95,114230
2026-06-25T19:56:00Z,32.95,32.96,32.95,32.96,96922
2026-06-25T19:57:00Z,32.96,32.96,32.94,32.94,123460
2026-06-25T19:58:00Z,32.94,32.95,32.93,32.95,83076
2026-06-25T19:59:00Z,32.95,32.96,32.94,32.96,84230
2026-06-26T13:30:00Z,32.96,32.97,32.96,32.97,132691
2026-06-26T13:31:00Z,32.97,32.97,32.97,32.97,168460
2026-06-26T13:32:00Z,32.97,32.97,32.96,32.97,107307
2026-06-26T13:33:00Z,32.97,32.97,32.97,32.97,121153
2026-06-26T13:34:00Z,32.97,32.98,32.97,32.98,63461
2026-06-26T13:35:00Z,32.98,33.00,32.98,32.99,103845
2026-06-26T13:36:00Z,32.99,32.99,32.98,32.98,79614
2026-06-26T13:37:00Z,32.98,32.99,32.96,32.97,149999
2026-06-26T13:38:00Z,32.97,32.97,32.97,32.97,62307
2026-06-26T13:39:00Z,32.97,32.98,32.96,32.96,166152
2026-06-26T13:40:00Z,32.96,32.97,32.95,32.97,108460
2026-06-26T13:41:00Z,32.97,32.97,32.97,32.97,171922
2026-06-26T13:42:00Z,32.97,32.98,32.96,32.96,168460
2026-06-26T13:43:00Z,32.96,32.97,32.96,32.97,58845
2026-06-26T13:44:00Z,32.97,32.99,32.97,32.98,106153
2026-06-26T13:45:00Z,32.98,32.98,32.98,32.98,101537
2026-06-26T13:46:00Z,32.98,33.00,32.98,33.00,152306
2026-06-26T13:47:00Z,33.00,33.01,32.99,33.00,64615
2026-06-26T13:48:00Z,33.00,33.01,33.00,33.01,159229
2026-06-26T13:49:00Z,33.01,33.04,33.01,33.04,169614
2026-06-26T13:50:00Z,33.04,33.04,33.03,33.03,66922
2026-06-26T13:51:00Z,33.03,33.03,33.03,33.03,126922
2026-06-26T13:52:00Z,33.03,33.04,33.03,33.03,114230
2026-06-26T13:53:00Z,33.03,33.04,33.02,33.04,154614
2026-06-26T13:54:00Z,33.04,33.04,33.04,33.04,74999
2026-06-26T13:55:00Z,33.04,33.04,33.03,33.03,121153
2026-06-26T13:56:00Z,33.03,33.04,33.03,33.04,66922
2026-06-26T13:57:00Z,33.04,33.05,33.03,33.05,76153
2026-06-26T13:58:00Z,33.05,33.05,33.03,33.04,116537
2026-06-26T13:59:00Z,33.04,33.04,33.03,33.03,70384
2026-06-26T14:00:00Z,33.03,33.04,33.03,33.04,63461
2026-06-26T14:01:00Z,33.04,33.05,33.04,33.05,170768
2026-06-26T14:02:00Z,33.05,33.05,33.05,33.05,123460
2026-06-26T14:03:00Z,33.05,33.08,33.05,33.07,73845
2026-06-26T14:04:00Z,33.07,33.08,33.07,33.08,83076
2026-06-26T14:05:00Z,33.08,33.09,33.08,33.09,121153
2026-06-26T14:06:00Z,33.09,33.09,33.09,33.09,139614
2026-06-26T14:07:00Z,33.09,33.09,33.08,33.08,125768
2026-06-26T14:08:00Z,33.08,33.08,33.07,33.07,140768
2026-06-26T14:09:00Z,33.07,33.08,33.07,33.08,95768
2026-06-26T14:10:00Z,33.08,33.08,33.07,33.07,152306
2026-06-26T14:11:00Z,33.07,33.07,33.05,33.06,131537
2026-06-26T14:12:00Z,33.06,33.06,33.03,33.04,134999
2026-06-26T14:13:00Z,33.04,33.05,33.04,33.05,59999
2026-06-26T14:14:00Z,33.05,33.06,33.05,33.06,133845
2026-06-26T14:15:00Z,33.06,33.07,33.06,33.07,126922
2026-06-26T14:16:00Z,33.07,33.09,33.07,33.09,86538
2026-06-26T14:17:00Z,33.09,33.10,33.09,33.09,161537
2026-06-26T14:18:00Z,33.09,33.09,33.07,33.07,83076
2026-06-26T14:19:00Z,33.07,33.07,33.05,33.05,66922
2026-06-26T14:20:00Z,33.05,33.05,33.04,33.04,107307
2026-06-26T14:21:00Z,33.04,33.05,33.04,33.05,108460
2026-06-26T14:22:00Z,33.05,33.06,33.05,33.06,159229
2026-06-26T14:23:00Z,33.06,33.06,33.05,33.05,146537
2026-06-26T14:24:00Z,33.05,33.08,33.05,33.07,149999
2026-06-26T14:25:00Z,33.07,33.08,33.07,33.07,129230
2026-06-26T14:26:00Z,33.07,33.08,33.06,33.06,160383
2026-06-26T14:27:00Z,33.06,33.06,33.05,33.05,130383
2026-06-26T14:28:00Z,33.05,33.06,33.04,33.04,162691
2026-06-26T14:29:00Z,33.04,33.04,33.04,33.04,104999
2026-06-26T14:30:00Z,33.04,33.05,33.04,33.05,147691
2026-06-26T14:31:00Z,33.05,33.06,33.04,33.04,118845
2026-06-26T14:32:00Z,33.04,33.05,33.04,33.05,94614
2026-06-26T14:33:00Z,33.05,33.05,33.05,33.05,104999
2026-06-26T14:34:00Z,33.05,33.06,33.05,33.06,77307
2026-06-26T14:35:00Z,33.06,33.07,33.06,33.06,154614
2026-06-26T14:36:00Z,33.06,33.06,33.04,33.04,118845
2026-06-26T14:37:00Z,33.04,33.04,33.04,33.04,152306
2026-06-26T14:38:00Z,33.04,33.04,33.02,33.03,154614
2026-06-26T14:39:00Z,33.03,33.03,33.03,33.03,171922
2026-06-26T14:40:00Z,33.03,33.03,33.01,33.01,79614
2026-06-26T14:41:00Z,33.01,33.03,33.01,33.02,143076
2026-06-26T14:42:00Z,33.02,33.02,33.02,33.02,68076
2026-06-26T14:43:00Z,33.02,33.02,33.02,33.02,102691
2026-06-26T14:44:00Z,33.02,33.02,33.01,33.01,103845
2026-06-26T14:45:00Z,33.01,33.01,33.00,33.00,84230
2026-06-26T14:46:00Z,33.00,33.01,33.00,33.01,70384
2026-06-26T14:47:00Z,33.01,33.02,33.01,33.02,154614
2026-06-26T14:48:00Z,33.02,33.03,33.01,33.03,163845
2026-06-26T14:49:00Z,33.03,33.04,33.03,33.04,159229
2026-06-26T14:50:00Z,33.04,33.04,33.03,33.03,107307
2026-06-26T14:51:00Z,33.03,33.03,33.03,33.03,65768
2026-06-26T14:52:00Z,33.03,33.03,33.02,33.03,73845
2026-06-26T14:53:00Z,33.03,33.03,33.03,33.03,159229
2026-06-26T14:54:00Z,33.03,33.03,33.02,33.02,78461
2026-06-26T14:55:00Z,33.02,33.04,33.02,33.04,134999
2026-06-26T14:56:00Z,33.04,33.04,33.03,33.03,80768
2026-06-26T14:57:00Z,33.03,33.04,33.02,33.03,119999
2026-06-26T14:58:00Z,33.03,33.04,33.03,33.04,161537
2026-06-26T14:59:00Z,33.04,33.06,33.04,33.06,106153
2026-06-26T15:00:00Z,33.06,33.07,33.06,33.06,71538
2026-06-26T15:01:00Z,33.06,33.07,33.06,33.07,88845
2026-06-26T15:02:00Z,33.07,33.09,33.06,33.09,70384
2026-06-26T15:03:00Z,33.09,33.09,33.08,33.08,119999
2026-06-26T15:04:00Z,33.08,33.11,33.08,33.10,73845
2026-06-26T15:05:00Z,33.10,33.10,33.08,33.09,124614
2026-06-26T15:06:00Z,33.09,33.10,33.08,33.10,72691
2026-06-26T15:07:00Z,33.10,33.10,33.09,33.09,121153
2026-06-26T15:08:00Z,33.09,33.09,33.08,33.09,137306
2026-06-26T15:09:00Z,33.09,33.10,33.08,33.08,146537
2026-06-26T15:10:00Z,33.08,33.08,33.07,33.07,128076
2026-06-26T15:11:00Z,33.07,33.07,33.04,33.05,107307
2026-06-26T15:12:00Z,33.05,33.06,33.05,33.06,128076
2026-06-26T15:13:00Z,33.06,33.06,33.06,33.06,99230
2026-06-26T15:14:00Z,33.06,33.06,33.06,33.06,71538
2026-06-26T15:15:00Z,33.06,33.07,33.06,33.07,94614
2026-06-26T15:16:00Z,33.07,33.08,33.06,33.08,173076
2026-06-26T15:17:00Z,33.08,33.09,33.08,33.09,113076
2026-06-26T15:18:00Z,33.09,33.09,33.08,33.08,168460
2026-06-26T15:19:00Z,33.08,33.09,33.07,33.08,119999
2026-06-26T15:20:00Z,33.08,33.08,33.08,33.08,161537
2026-06-26T15:21:00Z,33.08,33.09,33.08,33.09,154614
2026-06-26T15:22:00Z,33.09,33.10,33.08,33.08,100384
2026-06-26T15:23:00Z,33.08,33.08,33.08,33.08,64615
2026-06-26T15:24:00Z,33.08,33.10,33.08,33.09,117691
2026-06-26T15:25:00Z,33.09,33.09,33.09,33.09,125768
2026-06-26T15:26:00Z,33.09,33.09,33.08,33.08,143076
2026-06-26T15:27:00Z,33.08,33.08,33.07,33.07,85384
2026-06-26T15:28:00Z,33.07,33.07,33.07,33.07,76153
2026-06-26T15:29:00Z,33.07,33.07,33.07,33.07,136153
2026-06-26T15:30:00Z,33.07,33.07,33.05,33.06,89999
2026-06-26T15:31:00Z,33.06,33.08,33.06,33.08,85384
2026-06-26T15:32:00Z,33.08,33.08,33.08,33.08,101537
2026-06-26T15:33:00Z,33.08,33.10,33.08,33.10,116537
2026-06-26T15:34:00Z,33.10,33.10,33.09,33.09,115384
2026-06-26T15:35:00Z,33.09,33.10,33.08,33.10,100384
2026-06-26T15:36:00Z,33.10,33.11,33.10,33.10,113076
2026-06-26T15:37:00Z,33.10,33.11,33.10,33.10,161537
2026-06-26T15:38:00Z,33.10,33.10,33.10,33.10,158076
2026-06-26T15:39:00Z,33.10,33.10,33.07,33.07,106153
2026-06-26T15:40:00Z,33.07,33.08,33.06,33.08,77307
2026-06-26T15:41:00Z,33.08,33.08,33.06,33.06,100384
2026-06-26T15:42:00Z,33.06,33.07,33.06,33.07,109614
2026-06-26T15:43:00Z,33.07,33.07,33.07,33.07,132691
2026-06-26T15:44:00Z,33.07,33.08,33.07,33.08,119999
2026-06-26T15:45:00Z,33.08,33.09,33.07,33.08,59999
2026-06-26T15:46:00Z,33.08,33.09,33.06,33.07,138460
2026-06-26T15:47:00Z,33.07,33.07,33.05,33.06,81922
2026-06-26T15:48:00Z,33.06,33.07,33.05,33.05,143076
2026-06-26T15:49:00Z,33.05,33.05,33.05,33.05,147691
2026-06-26T15:50:00Z,33.05,33.05,33.05,33.05,64615
2026-06-26T15:51:00Z,33.05,33.07,33.05,33.07,125768
2026-06-26T15:52:00Z,33.07,33.08,33.07,33.07,81922
2026-06-26T15:53:00Z,33.07,33.07,33.05,33.05,86538
2026-06-26T15:54:00Z,33.05,33.05,33.05,33.05,109614
2026-06-26T15:55:00Z,33.05,33.06,33.04,33.04,104999
2026-06-26T15:56:00Z,33.04,33.07,33.04,33.06,122307
2026-06-26T15:57:00Z,33.06,33.06,33.06,33.06,149999
2026-06-26T15:58:00Z,33.06,33.07,33.06,33.07,80768
2026-06-26T15:59:00Z,33.07,33.08,33.07,33.08,64615
2026-06-26T16:00:00Z,33.08,33.08,33.07,33.08,85384
2026-06-26T16:01:00Z,33.08,33.08,33.08,33.08,103845
2026-06-26T16:02:00Z,33.08,33.08,33.07,33.07,130383
2026-06-26T16:03:00Z,33.07,33.10,33.07,33.10,162691
2026-06-26T16:04:00Z,33.10,33.11,33.08,33.08,171922
2026-06-26T16:05:00Z,33.08,33.08,33.06,33.07,74999
2026-06-26T16:06:00Z,33.07,33.08,33.07,33.08,92307
2026-06-26T16:07:00Z,33.08,33.09,33.08,33.09,109614
2026-06-26T16:08:00Z,33.09,33.09,33.09,33.09,144230
2026-06-26T16:09:00Z,33.09,33.10,33.09,33.10,151153
2026-06-26T16:10:00Z,33.10,33.12,33.09,33.11,70384
2026-06-26T16:11:00Z,33.11,33.11,33.10,33.10,116537
2026-06-26T16:12:00Z,33.10,33.11,33.10,33.11,121153
2026-06-26T16:13:00Z,33.11,33.11,33.11,33.11,124614
2026-06-26T16:14:00Z,33.11,33.12,33.10,33.10,159229
2026-06-26T16:15:00Z,33.10,33.10,33.10,33.10,126922
2026-06-26T16:16:00Z,33.10,33.10,33.07,33.08,100384
2026-06-26T16:17:00Z,33.08,33.09,33.08,33.09,151153
2026-06-26T16:18:00Z,33.09,33.09,33.08,33.09,126922
2026-06-26T16:19:00Z,33.09,33.11,33.09,33.10,116537
2026-06-26T16:20:00Z,33.10,33.10,33.07,33.08,138460
2026-06-26T16:21:00Z,33.08,33.09,33.08,33.09,71538
2026-06-26T16:22:00Z,33.09,33.09,33.07,33.08,153460
2026-06-26T16:23:00Z,33.08,33.09,33.08,33.08,139614
2026-06-26T16:24:00Z,33.08,33.09,33.08,33.08,136153
2026-06-26T16:25:00Z,33.08,33.09,33.08,33.09,145383
2026-06-26T16:26:00Z,33.09,33.10,33.08,33.10,117691
2026-06-26T16:27:00Z,33.10,33.10,33.10,33.10,68076
2026-06-26T16:28:00Z,33.10,33.11,33.09,33.10,166152
2026-06-26T16:29:00Z,33.10,33.10,33.09,33.09,143076
2026-06-26T16:30:00Z,33.09,33.09,33.09,33.09,160383
2026-06-26T16:31:00Z,33.09,33.11,33.09,33.11,168460
2026-06-26T16:32:00Z,33.11,33.11,33.10,33.10,141922
2026-06-26T16:33:00Z,33.10,33.10,33.09,33.09,140768
2026-06-26T16:34:00Z,33.09,33.09,33.07,33.07,169614
2026-06-26T16:35:00Z,33.07,33.07,33.04,33.04,110768
2026-06-26T16:36:00Z,33.04,33.05,33.04,33.05,104999
2026-06-26T16:37:00Z,33.05,33.06,33.05,33.06,100384
2026-06-26T16:38:00Z,33.06,33.07,33.05,33.07,156922
2026-06-26T16:39:00Z,33.07,33.07,33.06,33.06,158076
2026-06-26T16:40:00Z,33.06,33.06,33.03,33.03,128076
2026-06-26T16:41:00Z,33.03,33.05,33.03,33.04,125768
2026-06-26T16:42:00Z,33.04,33.04,33.04,33.04,132691
2026-06-26T16:43:00Z,33.04,33.05,33.03,33.05,136153
2026-06-26T16:44:00Z,33.05,33.06,33.04,33.04,121153
2026-06-26T16:45:00Z,33.04,33.04,33.04,33.04,159229
2026-06-26T16:46:00Z,33.04,33.06,33.03,33.05,62307
2026-06-26T16:47:00Z,33.05,33.07,33.04,33.07,113076
2026-06-26T16:48:00Z,33.07,33.07,33.07,33.07,63461
2026-06-26T16:49:00Z,33.07,33.07,33.06,33.06,78461
2026-06-26T16:50:00Z,33.06,33.07,33.05,33.05,131537
2026-06-26T16:51:00Z,33.05,33.06,33.04,33.04,130383
2026-06-26T16:52:00Z,33.04,33.05,33.04,33.05,160383
2026-06-26T16:53:00Z,33.05,33.06,33.04,33.06,136153
2026-06-26T16:54:00Z,33.06,33.07,33.05,33.06,160383
2026-06-26T16:55:00Z,33.06,33.06,33.05,33.06,99230
2026-06-26T16:56:00Z,33.06,33.06,33.06,33.06,107307
2026-06-26T16:57:00Z,33.06,33.06,33.05,33.06,160383
2026-06-26T16:58:00Z,33.06,33.06,33.06,33.06,74999
2026-06-26T16:59:00Z,33.06,33.06,33.06,33.06,58845
2026-06-26T17:00:00Z,33.06,33.07,33.05,33.07,61153
2026-06-26T17:01:00Z,33.07,33.07,33.06,33.06,115384
2026-06-26T17:02:00Z,33.06,33.07,33.06,33.07,78461
2026-06-26T17:03:00Z,33.07,33.08,33.07,33.08,118845
2026-06-26T17:04:00Z,33.08,33.10,33.08,33.10,74999
2026-06-26T17:05:00Z,33.10,33.11,33.10,33.11,155768
2026-06-26T17:06:00Z,33.11,33.13,33.11,33.12,84230
2026-06-26T17:07:00Z,33.12,33.13,33.12,33.13,156922
2026-06-26T17:08:00Z,33.13,33.13,33.13,33.13,71538
2026-06-26T17:09:00Z,33.13,33.13,33.13,33.13,141922
2026-06-26T17:10:00Z,33.13,33.14,33.12,33.12,126922
2026-06-26T17:11:00Z,33.12,33.12,33.12,33.12,57692
2026-06-26T17:12:00Z,33.12,33.12,33.11,33.11,167306
2026-06-26T17:13:00Z,33.11,33.12,33.09,33.09,62307
2026-06-26T17:14:00Z,33.09,33.10,33.09,33.09,84230
2026-06-26T17:15:00Z,33.09,33.11,33.09,33.11,159229
2026-06-26T17:16:00Z,33.11,33.13,33.11,33.13,166152
2026-06-26T17:17:00Z,33.13,33.13,33.12,33.12,109614
2026-06-26T17:18:00Z,33.12,33.14,33.12,33.14,141922
2026-06-26T17:19:00Z,33.14,33.14,33.12,33.12,151153
2026-06-26T17:20:00Z,33.12,33.13,33.12,33.13,110768
2026-06-26T17:21:00Z,33.13,33.13,33.13,33.13,132691
2026-06-26T17:22:00Z,33.13,33.13,33.12,33.12,158076
2026-06-26T17:23:00Z,33.12,33.13,33.12,33.13,163845
2026-06-26T17:24:00Z,33.13,33.13,33.13,33.13,101537
2026-06-26T17:25:00Z,33.13,33.14,33.13,33.14,117691
2026-06-26T17:26:00Z,33.14,33.15,33.14,33.15,171922
2026-06-26T17:27:00Z,33.15,33.16,33.15,33.15,106153
2026-06-26T17:28:00Z,33.15,33.16,33.14,33.14,130383
2026-06-26T17:29:00Z,33.14,33.15,33.14,33.15,132691
2026-06-26T17:30:00Z,33.15,33.15,33.14,33.14,173076
2026-06-26T17:31:00Z,33.14,33.15,33.13,33.13,139614
2026-06-26T17:32:00Z,33.13,33.15,33.13,33.15,107307
2026-06-26T17:33:00Z,33.15,33.16,33.14,33.14,69230
2026-06-26T17:34:00Z,33.14,33.14,33.14,33.14,68076
2026-06-26T17:35:00Z,33.14,33.14,33.13,33.14,132691
2026-06-26T17:36:00Z,33.14,33.16,33.14,33.16,68076
2026-06-26T17:37:00Z,33.16,33.16,33.15,33.15,108460
2026-06-26T17:38:00Z,33.15,33.16,33.15,33.15,160383
2026-06-26T17:39:00Z,33.15,33.17,33.15,33.17,167306
2026-06-26T17:40:00Z,33.17,33.17,33.15,33.15,166152
2026-06-26T17:41:00Z,33.15,33.16,33.15,33.16,72691
2026-06-26T17:42:00Z,33.16,33.17,33.16,33.17,119999
2026-06-26T17:43:00Z,33.17,33.18,33.17,33.18,103845
2026-06-26T17:44:00Z,33.18,33.18,33.17,33.17,103845
2026-06-26T17:45:00Z,33.17,33.17,33.16,33.16,128076
2026-06-26T17:46:00Z,33.16,33.18,33.16,33.18,106153
2026-06-26T17:47:00Z,33.18,33.18,33.18,33.18,166152
2026-06-26T17:48:00Z,33.18,33.19,33.18,33.19,111922
2026-06-26T17:49:00Z,33.19,33.20,33.18,33.20,170768
2026-06-26T17:50:00Z,33.20,33.21,33.19,33.20,107307
2026-06-26T17:51:00Z,33.20,33.21,33.19,33.19,68076
2026-06-26T17:52:00Z,33.19,33.20,33.18,33.18,95768
2026-06-26T17:53:00Z,33.18,33.20,33.18,33.20,92307
2026-06-26T17:54:00Z,33.20,33.21,33.20,33.21,57692
2026-06-26T17:55:00Z,33.21,33.21,33.21,33.21,148845
2026-06-26T17:56:00Z,33.21,33.22,33.21,33.21,57692
2026-06-26T17:57:00Z,33.21,33.22,33.21,33.22,115384
2026-06-26T17:58:00Z,33.22,33.22,33.22,33.22,139614
2026-06-26T17:59:00Z,33.22,33.23,33.22,33.23,100384
2026-06-26T18:00:00Z,33.23,33.23,33.23,33.23,161537
2026-06-26T18:01:00Z,33.23,33.23,33.23,33.23,162691
2026-06-26T18:02:00Z,33.23,33.23,33.21,33.22,161537
2026-06-26T18:03:00Z,33.22,33.22,33.21,33.21,84230
2026-06-26T18:04:00Z,33.21,33.21,33.21,33.21,152306
2026-06-26T18:05:00Z,33.21,33.21,33.20,33.21,113076
2026-06-26T18:06:00Z,33.21,33.21,33.21,33.21,101537
2026-06-26T18:07:00Z,33.21,33.21,33.19,33.19,148845
2026-06-26T18:08:00Z,33.19,33.19,33.19,33.19,122307
2026-06-26T18:09:00Z,33.19,33.20,33.18,33.20,169614
2026-06-26T18:10:00Z,33.20,33.20,33.19,33.19,110768
2026-06-26T18:11:00Z,33.19,33.20,33.18,33.20,145383
2026-06-26T18:12:00Z,33.20,33.20,33.20,33.20,99230
2026-06-26T18:13:00Z,33.20,33.20,33.20,33.20,153460
2026-06-26T18:14:00Z,33.20,33.20,33.19,33.19,77307
2026-06-26T18:15:00Z,33.19,33.20,33.17,33.17,111922
2026-06-26T18:16:00Z,33.17,33.17,33.16,33.17,164999
2026-06-26T18:17:00Z,33.17,33.18,33.16,33.17,168460
2026-06-26T18:18:00Z,33.17,33.17,33.15,33.16,64615
2026-06-26T18:19:00Z,33.16,33.17,33.15,33.15,63461
2026-06-26T18:20:00Z,33.15,33.16,33.13,33.13,147691
2026-06-26T18:21:00Z,33.13,33.13,33.11,33.11,144230
2026-06-26T18:22:00Z,33.11,33.11,33.11,33.11,86538
2026-06-26T18:23:00Z,33.11,33.11,33.10,33.10,77307
2026-06-26T18:24:00Z,33.10,33.10,33.08,33.08,68076
2026-06-26T18:25:00Z,33.08,33.09,33.07,33.09,73845
2026-06-26T18:26:00Z,33.09,33.09,33.09,33.09,100384
2026-06-26T18:27:00Z,33.09,33.09,33.09,33.09,116537
2026-06-26T18:28:00Z,33.09,33.11,33.09,33.11,94614
2026-06-26T18:29:00Z,33.11,33.12,33.11,33.12,117691
2026-06-26T18:30:00Z,33.12,33.12,33.12,33.12,100384
2026-06-26T18:31:00Z,33.12,33.12,33.12,33.12,99230
2026-06-26T18:32:00Z,33.12,33.15,33.11,33.14,171922
2026-06-26T18:33:00Z,33.14,33.15,33.12,33.12,160383
2026-06-26T18:34:00Z,33.12,33.14,33.12,33.14,118845
2026-06-26T18:35:00Z,33.14,33.14,33.11,33.12,159229
2026-06-26T18:36:00Z,33.12,33.12,33.12,33.12,110768
2026-06-26T18:37:00Z,33.12,33.14,33.11,33.14,173076
2026-06-26T18:38:00Z,33.14,33.14,33.14,33.14,65768
2026-06-26T18:39:00Z,33.14,33.17,33.14,33.16,104999
2026-06-26T18:40:00Z,33.16,33.16,33.16,33.16,138460
2026-06-26T18:41:00Z,33.16,33.17,33.16,33.17,87691
2026-06-26T18:42:00Z,33.17,33.18,33.16,33.18,152306
2026-06-26T18:43:00Z,33.18,33.18,33.17,33.18,94614
2026-06-26T18:44:00Z,33.18,33.20,33.17,33.20,95768
2026-06-26T18:45:00Z,33.20,33.21,33.19,33.19,58845
2026-06-26T18:46:00Z,33.19,33.22,33.19,33.21,117691
2026-06-26T18:47:00Z,33.21,33.21,33.20,33.20,167306
2026-06-26T18:48:00Z,33.20,33.20,33.20,33.20,89999
2026-06-26T18:49:00Z,33.20,33.20,33.19,33.19,65768
2026-06-26T18:50:00Z,33.19,33.20,33.19,33.20,77307
2026-06-26T18:51:00Z,33.20,33.20,33.20,33.20,68076
2026-06-26T18:52:00Z,33.20,33.20,33.20,33.20,164999
2026-06-26T18:53:00Z,33.20,33.21,33.20,33.21,125768
2026-06-26T18:54:00Z,33.21,33.22,33.19,33.19,152306
2026-06-26T18:55:00Z,33.19,33.20,33.18,33.18,122307
2026-06-26T18:56:00Z,33.18,33.19,33.17,33.17,147691
2026-06-26T18:57:00Z,33.17,33.19,33.17,33.18,130383
2026-06-26T18:58:00Z,33.18,33.18,33.18,33.18,62307
2026-06-26T18:59:00Z,33.18,33.18,33.17,33.17,99230
2026-06-26T19:00:00Z,33.17,33.17,33.16,33.17,78461
2026-06-26T19:01:00Z,33.17,33.17,33.16,33.16,87691
2026-06-26T19:02:00Z,33.16,33.16,33.14,33.15,73845
2026-06-26T19:03:00Z,33.15,33.15,33.15,33.15,100384
2026-06-26T19:04:00Z,33.15,33.16,33.15,33.15,87691
2026-06-26T19:05:00Z,33.15,33.16,33.15,33.15,131537
2026-06-26T19:06:00Z,33.15,33.16,33.14,33.15,88845
2026-06-26T19:07:00Z,33.15,33.15,33.15,33.15,152306
2026-06-26T19:08:00Z,33.15,33.15,33.15,33.15,128076
2026-06-26T19:09:00Z,33.15,33.17,33.15,33.17,155768
2026-06-26T19:10:00Z,33.17,33.19,33.17,33.18,80768
2026-06-26T19:11:00Z,33.18,33.18,33.17,33.17,125768
2026-06-26T19:12:00Z,33.17,33.17,33.14,33.14,76153
2026-06-26T19:13:00Z,33.14,33.15,33.12,33.12,100384
2026-06-26T19:14:00Z,33.12,33.12,33.11,33.11,116537
2026-06-26T19:15:00Z,33.11,33.13,33.11,33.13,70384
2026-06-26T19:16:00Z,33.13,33.13,33.13,33.13,117691
2026-06-26T19:17:00Z,33.13,33.14,33.13,33.14,129230
2026-06-26T19:18:00Z,33.14,33.14,33.14,33.14,169614
2026-06-26T19:19:00Z,33.14,33.14,33.14,33.14,88845
2026-06-26T19:20:00Z,33.14,33.15,33.14,33.15,170768
2026-06-26T19:21:00Z,33.15,33.15,33.13,33.13,145383
2026-06-26T19:22:00Z,33.13,33.14,33.13,33.14,155768
2026-06-26T19:23:00Z,33.14,33.14,33.13,33.13,109614
2026-06-26T19:24:00Z,33.13,33.13,33.10,33.10,107307
2026-06-26T19:25:00Z,33.10,33.12,33.10,33.12,125768
2026-06-26T19:26:00Z,33.12,33.12,33.11,33.11,124614
2026-06-26T19:27:00Z,33.11,33.13,33.11,33.12,134999
2026-06-26T19:28:00Z,33.12,33.15,33.12,33.14,106153
2026-06-26T19:29:00Z,33.14,33.14,33.14,33.14,144230
2026-06-26T19:30:00Z,33.14,33.14,33.14,33.14,168460
2026-06-26T19:31:00Z,33.14,33.15,33.13,33.15,103845
2026-06-26T19:32:00Z,33.15,33.16,33.14,33.14,122307
2026-06-26T19:33:00Z,33.14,33.15,33.14,33.15,143076
2026-06-26T19:34:00Z,33.15,33.16,33.14,33.15,158076
2026-06-26T19:35:00Z,33.15,33.17,33.15,33.16,119999
2026-06-26T19:36:00Z,33.16,33.17,33.15,33.17,131537
2026-06-26T19:37:00Z,33.17,33.18,33.17,33.18,144230
2026-06-26T19:38:00Z,33.18,33.18,33.17,33.17,83076
2026-06-26T19:39:00Z,33.17,33.17,33.16,33.17,167306
2026-06-26T19:40:00Z,33.17,33.18,33.16,33.18,91153
2026-06-26T19:41:00Z,33.18,33.18,33.17,33.18,83076
2026-06-26T19:42:00Z,33.18,33.19,33.18,33.18,155768
2026-06-26T19:43:00Z,33.18,33.18,33.17,33.18,58845
2026-06-26T19:44:00Z,33.18,33.20,33.18,33.20,64615
2026-06-26T19:45:00Z,33.20,33.21,33.19,33.19,154614
2026-06-26T19:46:00Z,33.19,33.20,33.19,33.20,131537
2026-06-26T19:47:00Z,33.20,33.22,33.20,33.22,164999
2026-06-26T19:48:00Z,33.22,33.24,33.22,33.24,68076
2026-06-26T19:49:00Z,33.24,33.24,33.23,33.23,66922
2026-06-26T19:50:00Z,33.23,33.23,33.22,33.23,62307
2026-06-26T19:51:00Z,33.23,33.23,33.23,33.23,109614
2026-06-26T19:52:00Z,33.23,33.23,33.21,33.22,76153
2026-06-26T19:53:00Z,33.22,33.24,33.22,33.23,133845
2026-06-26T19:54:00Z,33.23,33.25,33.23,33.24,104999
2026-06-26T19:55:00Z,33.24,33.24,33.23,33.24,121153
2026-06-26T19:56:00Z,33.24,33.24,33.23,33.24,78461
2026-06-26T19:57:00Z,33.24,33.25,33.24,33.24,163845
2026-06-26T19:58:00Z,33.24,33.24,33.23,33.24,61153
2026-06-26T19:59:00Z,33.24,33.24,33.23,33.24,66922
