open_time_utc,open,high,low,close,volume
2026-06-22T13:30:00Z,235.69,235.69,235.67,235.69,51282
2026-06-22T13:31:00Z,235.69,235.69,235.66,235.66,86153
2026-06-22T13:32:00Z,235.66,235.69,235.64,235.67,126153
2026-06-22T13:33:00Z,235.67,235.67,235.64,235.64,138461
2026-06-22T13:34:00Z,235.64,235.69,235.62,235.67,128205
2026-06-22T13:35:00Z,235.67,235.67,235.62,235.64,78974
2026-06-22T13:36:00Z,235.64,235.65,235.64,235.65,135384
2026-06-22T13:37:00Z,235.65,235.67,235.60,235.62,124102
2026-06-22T13:38:00Z,235.62,235.62,235.57,235.59,123076
2026-06-22T13:39:00Z,235.59,235.59,235.57,235.57,150769
2026-06-22T13:40:00Z,235.57,235.57,235.52,235.54,109743
2026-06-22T13:41:00Z,235.54,235.59,235.52,235.57,152820
2026-06-22T13:42:00Z,235.57,235.59,235.57,235.59,112820
2026-06-22T13:43:00Z,235.59,235.61,235.55,235.57,137435
2026-06-22T13:44:00Z,235.57,235.57,235.54,235.54,61538
2026-06-22T13:45:00Z,235.54,235.54,235.47,235.49,103589
2026-06-22T13:46:00Z,235.49,235.50,235.47,235.50,106666
2026-06-22T13:47:00Z,235.50,235.54,235.48,235.52,153846
2026-06-22T13:48:00Z,235.52,235.59,235.52,235.57,53333
2026-06-22T13:49:00Z,235.57,235.57,235.50,235.52,110769
2026-06-22T13:50:00Z,235.52,235.52,235.50,235.50,105640
2026-06-22T13:51:00Z,235.50,235.52,235.50,235.50,78974
2026-06-22T13:52:00Z,235.50,235.50,235.47,235.47,74871
2026-06-22T13:53:00Z,235.47,235.52,235.45,235.50,138461
2026-06-22T13:54:00Z,235.50,235.52,235.43,235.45,94358
2026-06-22T13:55:00Z,235.45,235.52,235.43,235.50,134358
2026-06-22T13:56:00Z,235.50,235.52,235.48,235.50,118974
2026-06-22T13:57:00Z,235.50,235.50,235.43,235.43,92307
2026-06-22T13:58:00Z,235.43,235.43,235.33,235.35,98461
2026-06-22T13:59:00Z,235.35,235.37,235.33,235.33,137435
2026-06-22T14:00:00Z,235.33,235.33,235.26,235.28,88205
2026-06-22T14:01:00Z,235.28,235.32,235.28,235.30,71794
2026-06-22T14:02:00Z,235.30,235.35,235.28,235.33,137435
2026-06-22T14:03:00Z,235.33,235.39,235.31,235.37,137435
2026-06-22T14:04:00Z,235.37,235.39,235.30,235.30,87179
2026-06-22T14:05:00Z,235.30,235.32,235.25,235.27,71794
2026-06-22T14:06:00Z,235.27,235.28,235.25,235.28,146666
2026-06-22T14:07:00Z,235.28,235.34,235.28,235.32,76923
2026-06-22T14:08:00Z,235.32,235.32,235.25,235.27,146666
2026-06-22T14:09:00Z,235.27,235.30,235.27,235.30,92307
2026-06-22T14:10:00Z,235.30,235.34,235.28,235.32,150769
2026-06-22T14:11:00Z,235.32,235.33,235.30,235.33,119999
2026-06-22T14:12:00Z,235.33,235.37,235.31,235.35,86153
2026-06-22T14:13:00Z,235.35,235.37,235.31,235.31,132307
2026-06-22T14:14:00Z,235.31,235.35,235.29,235.33,130256
2026-06-22T14:15:00Z,235.33,235.35,235.28,235.30,128205
2026-06-22T14:16:00Z,235.30,235.31,235.28,235.31,68717
2026-06-22T14:17:00Z,235.31,235.33,235.29,235.31,72820
2026-06-22T14:18:00Z,235.31,235.33,235.29,235.29,72820
2026-06-22T14:19:00Z,235.29,235.31,235.27,235.31,65640
2026-06-22T14:20:00Z,235.31,235.31,235.27,235.29,130256
2026-06-22T14:21:00Z,235.29,235.29,235.27,235.29,95384
2026-06-22T14:22:00Z,235.29,235.29,235.21,235.21,79999
2026-06-22T14:23:00Z,235.21,235.24,235.19,235.24,119999
2026-06-22T14:24:00Z,235.24,235.24,235.17,235.19,134358
2026-06-22T14:25:00Z,235.19,235.22,235.17,235.20,67692
2026-06-22T14:26:00Z,235.20,235.22,235.17,235.17,93333
2026-06-22T14:27:00Z,235.17,235.18,235.17,235.18,71794
2026-06-22T14:28:00Z,235.18,235.18,235.08,235.10,72820
2026-06-22T14:29:00Z,235.10,235.13,235.10,235.11,58461
2026-06-22T14:30:00Z,235.11,235.11,235.06,235.06,146666
2026-06-22T14:31:00Z,235.06,235.06,234.99,235.01,70769
2026-06-22T14:32:00Z,235.01,235.03,235.01,235.03,118974
2026-06-22T14:33:00Z,235.03,235.03,235.01,235.01,139487
2026-06-22T14:34:00Z,235.01,235.05,235.01,235.05,99487
2026-06-22T14:35:00Z,235.05,235.07,235.00,235.00,53333
2026-06-22T14:36:00Z,235.00,235.02,234.97,234.97,57435
2026-06-22T14:37:00Z,234.97,235.00,234.95,234.98,61538
2026-06-22T14:38:00Z,234.98,234.98,234.96,234.98,70769
2026-06-22T14:39:00Z,234.98,234.98,234.96,234.98,94358
2026-06-22T14:40:00Z,234.98,234.98,234.93,234.93,73846
2026-06-22T14:41:00Z,234.93,234.95,234.89,234.89,140512
2026-06-22T14:42:00Z,234.89,234.93,234.89,234.91,74871
2026-06-22T14:43:00Z,234.91,234.93,234.89,234.91,103589
2026-06-22T14:44:00Z,234.91,234.93,234.84,234.86,98461
2026-06-22T14:45:00Z,234.86,234.86,234.82,234.84,90256
2026-06-22T14:46:00Z,234.84,234.90,234.82,234.88,66666
2026-06-22T14:47:00Z,234.88,234.88,234.86,234.88,92307
2026-06-22T14:48:00Z,234.88,234.90,234.86,234.88,113846
2026-06-22T14:49:00Z,234.88,234.91,234.86,234.91,82051
2026-06-22T14:50:00Z,234.91,234.93,234.89,234.93,102564
2026-06-22T14:51:00Z,234.93,234.97,234.93,234.95,110769
2026-06-22T14:52:00Z,234.95,234.97,234.92,234.92,124102
2026-06-22T14:53:00Z,234.92,234.99,234.90,234.97,66666
2026-06-22T14:54:00Z,234.97,235.01,234.97,234.99,53333
2026-06-22T14:55:00Z,234.99,234.99,234.94,234.96,87179
2026-06-22T14:56:00Z,234.96,234.98,234.94,234.98,53333
2026-06-22T14:57:00Z,234.98,235.00,234.94,234.96,123076
2026-06-22T14:58:00Z,234.96,234.98,234.91,234.93,142563
2026-06-22T14:59:00Z,234.93,234.93,234.91,234.93,115897
2026-06-22T15:00:00Z,234.93,234.93,234.88,234.88,101538
2026-06-22T15:01:00Z,234.88,234.91,234.86,234.89,96410
2026-06-22T15:02:00Z,234.89,234.89,234.87,234.89,112820
2026-06-22T15:03:00Z,234.89,234.91,234.87,234.89,84102
2026-06-22T15:04:00Z,234.89,234.89,234.84,234.86,77948
2026-06-22T15:05:00Z,234.86,234.89,234.84,234.89,111794
2026-06-22T15:06:00Z,234.89,234.91,234.89,234.89,53333
2026-06-22T15:07:00Z,234.89,234.89,234.84,234.86,132307
2026-06-22T15:08:00Z,234.86,234.88,234.81,234.83,89230
2026-06-22T15:09:00Z,234.83,234.85,234.79,234.79,133333
2026-06-22T15:10:00Z,234.79,234.79,234.79,234.79,127179
2026-06-22T15:11:00Z,234.79,234.85,234.77,234.83,90256
2026-06-22T15:12:00Z,234.83,234.83,234.81,234.83,103589
2026-06-22T15:13:00Z,234.83,234.84,234.81,234.84,86153
2026-06-22T15:14:00Z,234.84,234.90,234.82,234.88,92307
2026-06-22T15:15:00Z,234.88,234.90,234.88,234.90,140512
2026-06-22T15:16:00Z,234.90,234.92,234.90,234.90,132307
2026-06-22T15:17:00Z,234.90,234.90,234.81,234.83,96410
2026-06-22T15:18:00Z,234.83,234.87,234.83,234.87,140512
2026-06-22T15:19:00Z,234.87,234.91,234.87,234.89,67692
2026-06-22T15:20:00Z,234.89,234.89,234.87,234.89,119999
2026-06-22T15:21:00Z,234.89,234.90,234.87,234.90,107692
2026-06-22T15:22:00Z,234.90,234.92,234.88,234.90,64615
2026-06-22T15:23:00Z,234.90,234.90,234.87,234.87,141538
2026-06-22T15:24:00Z,234.87,234.87,234.82,234.84,130256
2026-06-22T15:25:00Z,234.84,234.85,234.82,234.85,100512
2026-06-22T15:26:00Z,234.85,234.91,234.83,234.89,58461
2026-06-22T15:27:00Z,234.89,234.89,234.87,234.89,86153
2026-06-22T15:28:00Z,234.89,234.91,234.89,234.89,121025
2026-06-22T15:29:00Z,234.89,234.90,234.87,234.90,111794
2026-06-22T15:30:00Z,234.90,234.90,234.82,234.82,124102
2026-06-22T15:31:00Z,234.82,234.84,234.73,234.75,129230
2026-06-22T15:32:00Z,234.75,234.77,234.71,234.73,131281
2026-06-22T15:33:00Z,234.73,234.74,234.73,234.74,82051
2026-06-22T15:34:00Z,234.74,234.78,234.72,234.76,148717
2026-06-22T15:35:00Z,234.76,234.76,234.72,234.72,144615
2026-06-22T15:36:00Z,234.72,234.74,234.63,234.65,133333
2026-06-22T15:37:00Z,234.65,234.65,234.61,234.61,129230
2026-06-22T15:38:00Z,234.61,234.63,234.59,234.61,85128
2026-06-22T15:39:00Z,234.61,234.64,234.59,234.64,147692
2026-06-22T15:40:00Z,234.64,234.66,234.60,234.62,152820
2026-06-22T15:41:00Z,234.62,234.65,234.62,234.63,83076
2026-06-22T15:42:00Z,234.63,234.67,234.61,234.65,132307
2026-06-22T15:43:00Z,234.65,234.65,234.61,234.63,150769
2026-06-22T15:44:00Z,234.63,234.66,234.61,234.64,151794
2026-06-22T15:45:00Z,234.64,234.67,234.62,234.67,111794
2026-06-22T15:46:00Z,234.67,234.69,234.65,234.67,126153
2026-06-22T15:47:00Z,234.67,234.70,234.65,234.68,73846
2026-06-22T15:48:00Z,234.68,234.68,234.64,234.66,144615
2026-06-22T15:49:00Z,234.66,234.66,234.59,234.59,82051
2026-06-22T15:50:00Z,234.59,234.61,234.54,234.54,52307
2026-06-22T15:51:00Z,234.54,234.56,234.50,234.52,61538
2026-06-22T15:52:00Z,234.52,234.55,234.50,234.55,107692
2026-06-22T15:53:00Z,234.55,234.60,234.53,234.58,74871
2026-06-22T15:54:00Z,234.58,234.58,234.58,234.58,121025
2026-06-22T15:55:00Z,234.58,234.61,234.58,234.59,73846
2026-06-22T15:56:00Z,234.59,234.59,234.55,234.55,137435
2026-06-22T15:57:00Z,234.55,234.58,234.55,234.56,131281
2026-06-22T15:58:00Z,234.56,234.56,234.54,234.56,99487
2026-06-22T15:59:00Z,234.56,234.59,234.54,234.57,118974
2026-06-22T16:00:00Z,234.57,234.57,234.53,234.55,114871
2026-06-22T16:01:00Z,234.55,234.57,234.53,234.53,145640
2026-06-22T16:02:00Z,234.53,234.55,234.53,234.55,96410
2026-06-22T16:03:00Z,234.55,234.55,234.51,234.53,141538
2026-06-22T16:04:00Z,234.53,234.56,234.53,234.56,86153
2026-06-22T16:05:00Z,234.56,234.63,234.54,234.61,94358
2026-06-22T16:06:00Z,234.61,234.63,234.59,234.61,101538
2026-06-22T16:07:00Z,234.61,234.62,234.59,234.62,92307
2026-06-22T16:08:00Z,234.62,234.65,234.60,234.65,68717
2026-06-22T16:09:00Z,234.65,234.67,234.63,234.63,101538
2026-06-22T16:10:00Z,234.63,234.65,234.60,234.60,117948
2026-06-22T16:11:00Z,234.60,234.63,234.58,234.61,71794
2026-06-22T16:12:00Z,234.61,234.61,234.57,234.57,130256
2026-06-22T16:13:00Z,234.57,234.62,234.57,234.60,123076
2026-06-22T16:14:00Z,234.60,234.62,234.55,234.55,82051
2026-06-22T16:15:00Z,234.55,234.57,234.53,234.53,108717
2026-06-22T16:16:00Z,234.53,234.54,234.53,234.54,77948
2026-06-22T16:17:00Z,234.54,234.57,234.52,234.57,115897
2026-06-22T16:18:00Z,234.57,234.57,234.55,234.57,117948
2026-06-22T16:19:00Z,234.57,234.59,234.53,234.53,60512
2026-06-22T16:20:00Z,234.53,234.56,234.51,234.56,68717
2026-06-22T16:21:00Z,234.56,234.56,234.47,234.49,55384
2026-06-22T16:22:00Z,234.49,234.51,234.44,234.44,106666
2026-06-22T16:23:00Z,234.44,234.47,234.42,234.45,153846
2026-06-22T16:24:00Z,234.45,234.48,234.45,234.46,87179
2026-06-22T16:25:00Z,234.46,234.46,234.42,234.44,77948
2026-06-22T16:26:00Z,234.44,234.46,234.44,234.46,101538
2026-06-22T16:27:00Z,234.46,234.47,234.44,234.47,119999
2026-06-22T16:28:00Z,234.47,234.50,234.47,234.48,139487
2026-06-22T16:29:00Z,234.48,234.51,234.46,234.51,70769
2026-06-22T16:30:00Z,234.51,234.53,234.48,234.48,144615
2026-06-22T16:31:00Z,234.48,234.48,234.48,234.48,96410
2026-06-22T16:32:00Z,234.48,234.50,234.43,234.45,117948
2026-06-22T16:33:00Z,234.45,234.50,234.45,234.50,129230
2026-06-22T16:34:00Z,234.50,234.50,234.50,234.50,63589
2026-06-22T16:35:00Z,234.50,234.52,234.50,234.52,94358
2026-06-22T16:36:00Z,234.52,234.55,234.52,234.55,70769
2026-06-22T16:37:00Z,234.55,234.57,234.55,234.57,121025
2026-06-22T16:38:00Z,234.57,234.57,234.57,234.57,142563
2026-06-22T16:39:00Z,234.57,234.58,234.57,234.58,110769
2026-06-22T16:40:00Z,234.58,234.58,234.55,234.55,144615
2026-06-22T16:41:00Z,234.55,234.55,234.53,234.55,138461
2026-06-22T16:42:00Z,234.55,234.57,234.51,234.53,71794
2026-06-22T16:43:00Z,234.53,234.57,234.51,234.57,119999
2026-06-22T16:44:00Z,234.57,234.59,234.57,234.57,135384
2026-06-22T16:45:00Z,234.57,234.62,234.57,234.62,116922
2026-06-22T16:46:00Z,234.62,234.64,234.57,234.57,64615
2026-06-22T16:47:00Z,234.57,234.61,234.55,234.59,132307
2026-06-22T16:48:00Z,234.59,234.62,234.59,234.60,91281
2026-06-22T16:49:00Z,234.60,234.62,234.58,234.60,124102
2026-06-22T16:50:00Z,234.60,234.62,234.60,234.62,64615
2026-06-22T16:51:00Z,234.62,234.64,234.62,234.62,115897
2026-06-22T16:52:00Z,234.62,234.63,234.62,234.63,75897
2026-06-22T16:53:00Z,234.63,234.65,234.53,234.55,118974
2026-06-22T16:54:00Z,234.55,234.59,234.55,234.57,56410
2026-06-22T16:55:00Z,234.57,234.62,234.55,234.60,74871
2026-06-22T16:56:00Z,234.60,234.62,234.53,234.55,127179
2026-06-22T16:57:00Z,234.55,234.59,234.53,234.57,130256
2026-06-22T16:58:00Z,234.57,234.59,234.51,234.53,81025
2026-06-22T16:59:00Z,234.53,234.55,234.51,234.55,85128
2026-06-22T17:00:00Z,234.55,234.57,234.55,234.57,108717
2026-06-22T17:01:00Z,234.57,234.59,234.55,234.55,114871
2026-06-22T17:02:00Z,234.55,234.57,234.55,234.57,56410
2026-06-22T17:03:00Z,234.57,234.59,234.52,234.54,105640
2026-06-22T17:04:00Z,234.54,234.54,234.52,234.52,140512
2026-06-22T17:05:00Z,234.52,234.52,234.52,234.52,128205
2026-06-22T17:06:00Z,234.52,234.54,234.49,234.49,72820
2026-06-22T17:07:00Z,234.49,234.54,234.47,234.52,100512
2026-06-22T17:08:00Z,234.52,234.54,234.52,234.52,83076
2026-06-22T17:09:00Z,234.52,234.56,234.50,234.54,82051
2026-06-22T17:10:00Z,234.54,234.54,234.51,234.51,85128
2026-06-22T17:11:00Z,234.51,234.53,234.49,234.49,110769
2026-06-22T17:12:00Z,234.49,234.51,234.39,234.41,107692
2026-06-22T17:13:00Z,234.41,234.41,234.41,234.41,62564
2026-06-22T17:14:00Z,234.41,234.46,234.39,234.44,144615
2026-06-22T17:15:00Z,234.44,234.46,234.41,234.41,141538
2026-06-22T17:16:00Z,234.41,234.41,234.41,234.41,91281
2026-06-22T17:17:00Z,234.41,234.44,234.41,234.42,58461
2026-06-22T17:18:00Z,234.42,234.46,234.40,234.46,75897
2026-06-22T17:19:00Z,234.46,234.48,234.46,234.46,51282
2026-06-22T17:20:00Z,234.46,234.48,234.42,234.44,153846
2026-06-22T17:21:00Z,234.44,234.46,234.42,234.46,138461
2026-06-22T17:22:00Z,234.46,234.48,234.41,234.43,112820
2026-06-22T17:23:00Z,234.43,234.45,234.39,234.39,60512
2026-06-22T17:24:00Z,234.39,234.43,234.37,234.41,145640
2026-06-22T17:25:00Z,234.41,234.43,234.34,234.36,77948
2026-06-22T17:26:00Z,234.36,234.36,234.30,234.32,150769
2026-06-22T17:27:00Z,234.32,234.34,234.25,234.27,61538
2026-06-22T17:28:00Z,234.27,234.31,234.25,234.29,58461
2026-06-22T17:29:00Z,234.29,234.31,234.25,234.25,116922
2026-06-22T17:30:00Z,234.25,234.27,234.16,234.18,118974
2026-06-22T17:31:00Z,234.18,234.20,234.17,234.17,82051
2026-06-22T17:32:00Z,234.17,234.18,234.17,234.18,135384
2026-06-22T17:33:00Z,234.18,234.20,234.15,234.17,62564
2026-06-22T17:34:00Z,234.17,234.21,234.15,234.21,110769
2026-06-22T17:35:00Z,234.21,234.23,234.19,234.19,149743
2026-06-22T17:36:00Z,234.19,234.21,234.14,234.16,123076
2026-06-22T17:37:00Z,234.16,234.18,234.10,234.12,97435
2026-06-22T17:38:00Z,234.12,234.12,234.11,234.11,128205
2026-06-22T17:39:00Z,234.11,234.11,234.06,234.08,151794
2026-06-22T17:40:00Z,234.08,234.11,234.08,234.09,127179
2026-06-22T17:41:00Z,234.09,234.13,234.09,234.11,73846
2026-06-22T17:42:00Z,234.11,234.13,234.10,234.10,126153
2026-06-22T17:43:00Z,234.10,234.12,234.06,234.06,129230
2026-06-22T17:44:00Z,234.06,234.12,234.04,234.10,89230
2026-06-22T17:45:00Z,234.10,234.12,234.08,234.08,72820
2026-06-22T17:46:00Z,234.08,234.10,234.06,234.10,90256
2026-06-22T17:47:00Z,234.10,234.12,234.10,234.12,107692
2026-06-22T17:48:00Z,234.12,234.12,234.10,234.10,127179
2026-06-22T17:49:00Z,234.10,234.10,234.05,234.07,109743
2026-06-22T17:50:00Z,234.07,234.10,234.07,234.10,124102
2026-06-22T17:51:00Z,234.10,234.14,234.08,234.14,130256
2026-06-22T17:52:00Z,234.14,234.16,234.14,234.16,124102
2026-06-22T17:53:00Z,234.16,234.18,234.14,234.14,130256
2026-06-22T17:54:00Z,234.14,234.14,234.11,234.13,110769
2026-06-22T17:55:00Z,234.13,234.17,234.11,234.17,104615
2026-06-22T17:56:00Z,234.17,234.20,234.15,234.18,142563
2026-06-22T17:57:00Z,234.18,234.22,234.16,234.22,145640
2026-06-22T17:58:00Z,234.22,234.24,234.20,234.20,151794
2026-06-22T17:59:00Z,234.20,234.26,234.20,234.24,150769
2026-06-22T18:00:00Z,234.24,234.28,234.22,234.28,84102
2026-06-22T18:01:00Z,234.28,234.31,234.26,234.29,102564
2026-06-22T18:02:00Z,234.29,234.33,234.27,234.31,150769
2026-06-22T18:03:00Z,234.31,234.32,234.29,234.32,149743
2026-06-22T18:04:00Z,234.32,234.34,234.31,234.31,74871
2026-06-22T18:05:00Z,234.31,234.35,234.29,234.33,97435
2026-06-22T18:06:00Z,234.33,234.36,234.31,234.34,81025
2026-06-22T18:07:00Z,234.34,234.38,234.34,234.38,125128
2026-06-22T18:08:00Z,234.38,234.40,234.30,234.32,92307
2026-06-22T18:09:00Z,234.32,234.34,234.28,234.28,119999
2026-06-22T18:10:00Z,234.28,234.28,234.20,234.22,63589
2026-06-22T18:11:00Z,234.22,234.22,234.18,234.18,70769
2026-06-22T18:12:00Z,234.18,234.24,234.16,234.22,149743
2026-06-22T18:13:00Z,234.22,234.28,234.22,234.26,79999
2026-06-22T18:14:00Z,234.26,234.33,234.24,234.31,147692
2026-06-22T18:15:00Z,234.31,234.33,234.29,234.33,91281
2026-06-22T18:16:00Z,234.33,234.36,234.31,234.34,108717
2026-06-22T18:17:00Z,234.34,234.36,234.31,234.31,108717
2026-06-22T18:18:00Z,234.31,234.33,234.26,234.28,134358
2026-06-22T18:19:00Z,234.28,234.31,234.26,234.31,65640
2026-06-22T18:20:00Z,234.31,234.31,234.30,234.30,76923
2026-06-22T18:21:00Z,234.30,234.32,234.28,234.32,72820
2026-06-22T18:22:00Z,234.32,234.34,234.23,234.25,144615
2026-06-22T18:23:00Z,234.25,234.25,234.24,234.24,108717
2026-06-22T18:24:00Z,234.24,234.26,234.20,234.22,74871
2026-06-22T18:25:00Z,234.22,234.26,234.20,234.26,101538
2026-06-22T18:26:00Z,234.26,234.28,234.25,234.25,92307
2026-06-22T18:27:00Z,234.25,234.28,234.23,234.26,71794
2026-06-22T18:28:00Z,234.26,234.30,234.26,234.30,63589
2026-06-22T18:29:00Z,234.30,234.30,234.29,234.29,95384
2026-06-22T18:30:00Z,234.29,234.35,234.29,234.33,115897
2026-06-22T18:31:00Z,234.33,234.35,234.29,234.31,132307
2026-06-22T18:32:00Z,234.31,234.33,234.29,234.29,92307
2026-06-22T18:33:00Z,234.29,234.32,234.29,234.30,134358
2026-06-22T18:34:00Z,234.30,234.32,234.28,234.28,153846
2026-06-22T18:35:00Z,234.28,234.29,234.26,234.29,136410
2026-06-22T18:36:00Z,234.29,234.31,234.29,234.29,109743
2026-06-22T18:37:00Z,234.29,234.31,234.22,234.22,73846
2026-06-22T18:38:00Z,234.22,234.27,234.22,234.25,114871
2026-06-22T18:39:00Z,234.25,234.28,234.25,234.26,143589
2026-06-22T18:40:00Z,234.26,234.29,234.24,234.29,100512
2026-06-22T18:41:00Z,234.29,234.31,234.27,234.27,83076
2026-06-22T18:42:00Z,234.27,234.27,234.21,234.23,58461
2026-06-22T18:43:00Z,234.23,234.23,234.18,234.18,104615
2026-06-22T18:44:00Z,234.18,234.20,234.14,234.16,143589
2026-06-22T18:45:00Z,234.16,234.18,234.12,234.12,147692
2026-06-22T18:46:00Z,234.12,234.15,234.12,234.15,135384
2026-06-22T18:47:00Z,234.15,234.22,234.13,234.20,133333
2026-06-22T18:48:00Z,234.20,234.25,234.20,234.25,128205
2026-06-22T18:49:00Z,234.25,234.27,234.23,234.23,99487
2026-06-22T18:50:00Z,234.23,234.23,234.23,234.23,99487
2026-06-22T18:51:00Z,234.23,234.26,234.21,234.24,60512
2026-06-22T18:52:00Z,234.24,234.29,234.22,234.27,60512
2026-06-22T18:53:00Z,234.27,234.29,234.21,234.23,132307
2026-06-22T18:54:00Z,234.23,234.25,234.19,234.21,74871
2026-06-22T18:55:00Z,234.21,234.26,234.21,234.26,67692
2026-06-22T18:56:00Z,234.26,234.26,234.26,234.26,55384
2026-06-22T18:57:00Z,234.26,234.27,234.26,234.27,86153
2026-06-22T18:58:00Z,234.27,234.28,234.25,234.28,93333
2026-06-22T18:59:00Z,234.28,234.28,234.19,234.21,145640
2026-06-22T19:00:00Z,234.21,234.23,234.15,234.17,71794
2026-06-22T19:01:00Z,234.17,234.17,234.13,234.13,101538
2026-06-22T19:02:00Z,234.13,234.15,234.09,234.11,56410
2026-06-22T19:03:00Z,234.11,234.13,234.09,234.13,81025
2026-06-22T19:04:00Z,234.13,234.16,234.11,234.14,108717
2026-06-22T19:05:00Z,234.14,234.15,234.14,234.15,60512
2026-06-22T19:06:00Z,234.15,234.17,234.13,234.13,101538
2026-06-22T19:07:00Z,234.13,234.13,234.09,234.11,62564
2026-06-22T19:08:00Z,234.11,234.11,234.02,234.04,85128
2026-06-22T19:09:00Z,234.04,234.07,234.02,234.07,125128
2026-06-22T19:10:00Z,234.07,234.09,234.02,234.04,67692
2026-06-22T19:11:00Z,234.04,234.05,234.04,234.05,104615
2026-06-22T19:12:00Z,234.05,234.05,234.01,234.01,53333
2026-06-22T19:13:00Z,234.01,234.01,233.99,233.99,81025
2026-06-22T19:14:00Z,233.99,234.02,233.99,234.02,76923
2026-06-22T19:15:00Z,234.02,234.03,234.02,234.03,113846
2026-06-22T19:16:00Z,234.03,234.05,233.96,233.98,102564
2026-06-22T19:17:00Z,233.98,233.99,233.96,233.99,66666
2026-06-22T19:18:00Z,233.99,234.04,233.97,234.02,140512
2026-06-22T19:19:00Z,234.02,234.02,233.96,233.98,107692
2026-06-22T19:20:00Z,233.98,234.03,233.96,234.01,82051
2026-06-22T19:21:00Z,234.01,234.04,233.99,234.02,149743
2026-06-22T19:22:00Z,234.02,234.03,234.00,234.03,128205
2026-06-22T19:23:00Z,234.03,234.03,234.01,234.03,94358
2026-06-22T19:24:00Z,234.03,234.06,234.03,234.04,100512
2026-06-22T19:25:00Z,234.04,234.07,234.04,234.05,153846
2026-06-22T19:26:00Z,234.05,234.08,234.03,234.06,57435
2026-06-22T19:27:00Z,234.06,234.09,234.04,234.09,60512
2026-06-22T19:28:00Z,234.09,234.10,234.09,234.10,73846
2026-06-22T19:29:00Z,234.10,234.10,234.08,234.08,73846
2026-06-22T19:30:00Z,234.08,234.10,234.06,234.06,71794
2026-06-22T19:31:00Z,234.06,234.11,234.04,234.09,79999
2026-06-22T19:32:00Z,234.09,234.11,234.05,234.05,106666
2026-06-22T19:33:00Z,234.05,234.07,233.99,234.01,108717
2026-06-22T19:34:00Z,234.01,234.09,234.01,234.09,137435
2026-06-22T19:35:00Z,234.09,234.10,234.07,234.10,141538
2026-06-22T19:36:00Z,234.10,234.11,234.10,234.11,121025
2026-06-22T19:37:00Z,234.11,234.11,234.08,234.10,77948
2026-06-22T19:38:00Z,234.10,234.15,234.10,234.13,57435
2026-06-22T19:39:00Z,234.13,234.13,234.09,234.09,141538
2026-06-22T19:40:00Z,234.09,234.17,234.09,234.17,119999
2026-06-22T19:41:00Z,234.17,234.17,234.15,234.15,135384
2026-06-22T19:42:00Z,234.15,234.15,234.11,234.13,153846
2026-06-22T19:43:00Z,234.13,234.13,234.07,234.09,150769
2026-06-22T19:44:00Z,234.09,234.09,234.08,234.08,139487
2026-06-22T19:45:00Z,234.08,234.11,234.08,234.09,95384
2026-06-22T19:46:00Z,234.09,234.09,234.05,234.07,146666
2026-06-22T19:47:00Z,234.07,234.09,234.03,234.05,66666
2026-06-22T19:48:00Z,234.05,234.05,233.99,234.01,70769
2026-06-22T19:49:00Z,234.01,234.06,234.01,234.04,123076
2026-06-22T19:50:00Z,234.04,234.04,233.98,234.00,96410
2026-06-22T19:51:00Z,234.00,234.01,234.00,234.01,72820
2026-06-22T19:52:00Z,234.01,234.05,233.99,234.03,144615
2026-06-22T19:53:00Z,234.03,234.06,234.03,234.04,144615
2026-06-22T19:54:00Z,234.04,234.06,234.02,234.02,119999
2026-06-22T19:55:00Z,234.02,234.07,234.02,234.05,91281
2026-06-22T19:56:00Z,234.05,234.08,234.03,234.06,101538
2026-06-22T19:57:00Z,234.06,234.06,234.02,234.02,84102
2026-06-22T19:58:00Z,234.02,234.07,234.00,234.07,57435
2026-06-22T19:59:00Z,234.07,234.07,234.06,234.06,83076
2026-06-23T13:30:00Z,234.06,234.08,234.02,234.04,89230
2026-06-23T13:31:00Z,234.04,234.07,234.02,234.05,62564
2026-06-23T13:32:00Z,234.05,234.05,234.00,234.02,116922
2026-06-23T13:33:00Z,234.02,234.03,234.00,234.03,78974
2026-06-23T13:34:00Z,234.03,234.05,233.99,234.01,96410
2026-06-23T13:35:00Z,234.01,234.05,233.99,234.03,141538
2026-06-23T13:36:00Z,234.03,234.06,234.01,234.04,56410
2026-06-23T13:37:00Z,234.04,234.04,234.02,234.02,54358
2026-06-23T13:38:00Z,234.02,234.04,234.01,234.01,139487
2026-06-23T13:39:00Z,234.01,234.03,233.97,233.99,104615
2026-06-23T13:40:00Z,233.99,234.00,233.97,234.00,129230
2026-06-23T13:41:00Z,234.00,234.00,233.97,233.99,115897
2026-06-23T13:42:00Z,233.99,234.01,233.97,233.97,66666
2026-06-23T13:43:00Z,233.97,233.98,233.95,233.98,123076
2026-06-23T13:44:00Z,233.98,233.98,233.95,233.97,109743
2026-06-23T13:45:00Z,233.97,233.97,233.95,233.95,136410
2026-06-23T13:46:00Z,233.95,233.95,233.91,233.91,69743
2026-06-23T13:47:00Z,233.91,233.93,233.91,233.93,111794
2026-06-23T13:48:00Z,233.93,233.98,233.91,233.96,95384
2026-06-23T13:49:00Z,233.96,233.96,233.92,233.94,138461
2026-06-23T13:50:00Z,233.94,233.96,233.92,233.96,112820
2026-06-23T13:51:00Z,233.96,233.96,233.94,233.94,102564
2026-06-23T13:52:00Z,233.94,233.96,233.92,233.92,133333
2026-06-23T13:53:00Z,233.92,233.94,233.90,233.94,60512
2026-06-23T13:54:00Z,233.94,233.97,233.94,233.97,142563
2026-06-23T13:55:00Z,233.97,233.99,233.93,233.93,91281
2026-06-23T13:56:00Z,233.93,233.93,233.90,233.92,134358
2026-06-23T13:57:00Z,233.92,234.00,233.90,234.00,123076
2026-06-23T13:58:00Z,234.00,234.05,233.98,234.03,143589
2026-06-23T13:59:00Z,234.03,234.07,234.01,234.05,75897
2026-06-23T14:00:00Z,234.05,234.08,234.05,234.06,59487
2026-06-23T14:01:00Z,234.06,234.09,234.06,234.07,151794
2026-06-23T14:02:00Z,234.07,234.11,234.07,234.09,126153
2026-06-23T14:03:00Z,234.09,234.11,234.03,234.05,52307
2026-06-23T14:04:00Z,234.05,234.08,234.05,234.06,59487
2026-06-23T14:05:00Z,234.06,234.06,234.03,234.03,68717
2026-06-23T14:06:00Z,234.03,234.03,234.01,234.01,88205
2026-06-23T14:07:00Z,234.01,234.01,233.95,233.97,130256
2026-06-23T14:08:00Z,233.97,234.01,233.95,233.99,137435
2026-06-23T14:09:00Z,233.99,233.99,233.95,233.97,109743
2026-06-23T14:10:00Z,233.97,233.99,233.91,233.93,82051
2026-06-23T14:11:00Z,233.93,233.95,233.92,233.92,110769
2026-06-23T14:12:00Z,233.92,233.92,233.88,233.90,97435
2026-06-23T14:13:00Z,233.90,233.92,233.84,233.86,130256
2026-06-23T14:14:00Z,233.86,233.88,233.83,233.83,153846
2026-06-23T14:15:00Z,233.83,233.83,233.77,233.79,93333
2026-06-23T14:16:00Z,233.79,233.84,233.79,233.84,94358
2026-06-23T14:17:00Z,233.84,233.86,233.84,233.86,93333
2026-06-23T14:18:00Z,233.86,233.89,233.84,233.87,66666
2026-06-23T14:19:00Z,233.87,233.88,233.85,233.88,89230
2026-06-23T14:20:00Z,233.88,233.92,233.88,233.90,131281
2026-06-23T14:21:00Z,233.90,233.92,233.86,233.86,59487
2026-06-23T14:22:00Z,233.86,233.91,233.84,233.89,117948
2026-06-23T14:23:00Z,233.89,233.93,233.89,233.91,72820
2026-06-23T14:24:00Z,233.91,233.93,233.85,233.87,60512
2026-06-23T14:25:00Z,233.87,233.90,233.87,233.88,71794
2026-06-23T14:26:00Z,233.88,233.90,233.86,233.90,52307
2026-06-23T14:27:00Z,233.90,233.93,233.90,233.91,132307
2026-06-23T14:28:00Z,233.91,233.92,233.91,233.92,77948
2026-06-23T14:29:00Z,233.92,233.96,233.90,233.96,67692
2026-06-23T14:30:00Z,233.96,233.98,233.94,233.94,143589
2026-06-23T14:31:00Z,233.94,233.95,233.92,233.95,76923
2026-06-23T14:32:00Z,233.95,233.99,233.93,233.97,72820
2026-06-23T14:33:00Z,233.97,234.00,233.97,234.00,75897
2026-06-23T14:34:00Z,234.00,234.08,233.98,234.06,117948
2026-06-23T14:35:00Z,234.06,234.09,234.04,234.07,77948
2026-06-23T14:36:00Z,234.07,234.09,234.07,234.09,92307
2026-06-23T14:37:00Z,234.09,234.14,234.09,234.14,55384
2026-06-23T14:38:00Z,234.14,234.18,234.14,234.16,148717
2026-06-23T14:39:00Z,234.16,234.16,234.14,234.14,125128
2026-06-23T14:40:00Z,234.14,234.20,234.14,234.18,57435
2026-06-23T14:41:00Z,234.18,234.19,234.18,234.19,118974
2026-06-23T14:42:00Z,234.19,234.19,234.16,234.18,132307
2026-06-23T14:43:00Z,234.18,234.18,234.14,234.16,90256
2026-06-23T14:44:00Z,234.16,234.16,234.15,234.15,59487
2026-06-23T14:45:00Z,234.15,234.17,234.11,234.11,81025
2026-06-23T14:46:00Z,234.11,234.12,234.09,234.12,106666
2026-06-23T14:47:00Z,234.12,234.16,234.12,234.14,147692
2026-06-23T14:48:00Z,234.14,234.24,234.12,234.22,112820
2026-06-23T14:49:00Z,234.22,234.26,234.20,234.24,126153
2026-06-23T14:50:00Z,234.24,234.29,234.22,234.29,134358
2026-06-23T14:51:00Z,234.29,234.33,234.29,234.31,121025
2026-06-23T14:52:00Z,234.31,234.34,234.31,234.32,67692
2026-06-23T14:53:00Z,234.32,234.36,234.32,234.34,141538
2026-06-23T14:54:00Z,234.34,234.35,234.32,234.35,82051
2026-06-23T14:55:00Z,234.35,234.41,234.33,234.39,74871
2026-06-23T14:56:00Z,234.39,234.40,234.39,234.40,74871
2026-06-23T14:57:00Z,234.40,234.42,234.40,234.42,142563
2026-06-23T14:58:00Z,234.42,234.44,234.33,234.35,70769
2026-06-23T14:59:00Z,234.35,234.37,234.30,234.32,144615
2026-06-23T15:00:00Z,234.32,234.37,234.30,234.35,67692
2026-06-23T15:01:00Z,234.35,234.38,234.35,234.36,118974
2026-06-23T15:02:00Z,234.36,234.36,234.35,234.35,94358
2026-06-23T15:03:00Z,234.35,234.37,234.31,234.33,139487
2026-06-23T15:04:00Z,234.33,234.39,234.33,234.37,111794
2026-06-23T15:05:00Z,234.37,234.42,234.37,234.40,79999
2026-06-23T15:06:00Z,234.40,234.42,234.39,234.39,81025
2026-06-23T15:07:00Z,234.39,234.44,234.39,234.42,148717
2026-06-23T15:08:00Z,234.42,234.44,234.41,234.41,85128
2026-06-23T15:09:00Z,234.41,234.42,234.39,234.42,129230
2026-06-23T15:10:00Z,234.42,234.42,234.37,234.39,115897
2026-06-23T15:11:00Z,234.39,234.39,234.35,234.37,151794
2026-06-23T15:12:00Z,234.37,234.39,234.36,234.36,61538
2026-06-23T15:13:00Z,234.36,234.36,234.32,234.34,63589
2026-06-23T15:14:00Z,234.34,234.34,234.29,234.31,104615
2026-06-23T15:15:00Z,234.31,234.38,234.31,234.36,52307
2026-06-23T15:16:00Z,234.36,234.41,234.36,234.39,108717
2026-06-23T15:17:00Z,234.39,234.39,234.38,234.38,97435
2026-06-23T15:18:00Z,234.38,234.43,234.38,234.41,117948
2026-06-23T15:19:00Z,234.41,234.43,234.41,234.43,116922
2026-06-23T15:20:00Z,234.43,234.43,234.41,234.41,127179
2026-06-23T15:21:00Z,234.41,234.43,234.33,234.35,65640
2026-06-23T15:22:00Z,234.35,234.35,234.31,234.33,131281
2026-06-23T15:23:00Z,234.33,234.33,234.30,234.32,145640
2026-06-23T15:24:00Z,234.32,234.34,234.28,234.30,57435
2026-06-23T15:25:00Z,234.30,234.32,234.29,234.29,141538
2026-06-23T15:26:00Z,234.29,234.29,234.25,234.27,136410
2026-06-23T15:27:00Z,234.27,234.27,234.26,234.26,81025
2026-06-23T15:28:00Z,234.26,234.27,234.26,234.27,66666
2026-06-23T15:29:00Z,234.27,234.29,234.24,234.24,96410
2026-06-23T15:30:00Z,234.24,234.24,234.22,234.22,147692
2026-06-23T15:31:00Z,234.22,234.24,234.18,234.20,53333
2026-06-23T15:32:00Z,234.20,234.23,234.18,234.21,67692
2026-06-23T15:33:00Z,234.21,234.23,234.17,234.17,81025
2026-06-23T15:34:00Z,234.17,234.22,234.17,234.20,73846
2026-06-23T15:35:00Z,234.20,234.22,234.18,234.18,78974
2026-06-23T15:36:00Z,234.18,234.21,234.18,234.19,149743
2026-06-23T15:37:00Z,234.19,234.21,234.18,234.18,77948
2026-06-23T15:38:00Z,234.18,234.18,234.16,234.16,105640
2026-06-23T15:39:00Z,234.16,234.21,234.14,234.19,134358
2026-06-23T15:40:00Z,234.19,234.22,234.19,234.22,123076
2026-06-23T15:41:00Z,234.22,234.25,234.20,234.25,58461
2026-06-23T15:42:00Z,234.25,234.32,234.25,234.30,140512
2026-06-23T15:43:00Z,234.30,234.33,234.30,234.33,61538
2026-06-23T15:44:00Z,234.33,234.37,234.31,234.37,59487
2026-06-23T15:45:00Z,234.37,234.37,234.35,234.35,111794
2026-06-23T15:46:00Z,234.35,234.37,234.31,234.31,77948
2026-06-23T15:47:00Z,234.31,234.31,234.29,234.29,145640
2026-06-23T15:48:00Z,234.29,234.30,234.27,234.30,122051
2026-06-23T15:49:00Z,234.30,234.30,234.23,234.23,145640
2026-06-23T15:50:00Z,234.23,234.26,234.21,234.24,127179
2026-06-23T15:51:00Z,234.24,234.27,234.24,234.25,103589
2026-06-23T15:52:00Z,234.25,234.25,234.22,234.24,152820
2026-06-23T15:53:00Z,234.24,234.25,234.24,234.25,76923
2026-06-23T15:54:00Z,234.25,234.26,234.25,234.26,53333
2026-06-23T15:55:00Z,234.26,234.28,234.24,234.24,63589
2026-06-23T15:56:00Z,234.24,234.27,234.22,234.25,88205
2026-06-23T15:57:00Z,234.25,234.25,234.21,234.23,58461
2026-06-23T15:58:00Z,234.23,234.25,234.17,234.19,59487
2026-06-23T15:59:00Z,234.19,234.23,234.19,234.21,88205
2026-06-23T16:00:00Z,234.21,234.23,234.17,234.19,96410
2026-06-23T16:01:00Z,234.19,234.22,234.19,234.20,99487
2026-06-23T16:02:00Z,234.20,234.20,234.18,234.18,153846
2026-06-23T16:03:00Z,234.18,234.23,234.16,234.23,112820
2026-06-23T16:04:00Z,234.23,234.28,234.21,234.26,54358
2026-06-23T16:05:00Z,234.26,234.31,234.26,234.29,70769
2026-06-23T16:06:00Z,234.29,234.29,234.25,234.27,132307
2026-06-23T16:07:00Z,234.27,234.29,234.27,234.29,105640
2026-06-23T16:08:00Z,234.29,234.31,234.25,234.27,99487
2026-06-23T16:09:00Z,234.27,234.27,234.23,234.25,105640
2026-06-23T16:10:00Z,234.25,234.26,234.23,234.26,97435
2026-06-23T16:11:00Z,234.26,234.28,234.20,234.22,71794
2026-06-23T16:12:00Z,234.22,234.25,234.22,234.25,59487
2026-06-23T16:13:00Z,234.25,234.27,234.23,234.23,125128
2026-06-23T16:14:00Z,234.23,234.23,234.20,234.22,90256
2026-06-23T16:15:00Z,234.22,234.22,234.16,234.18,90256
2026-06-23T16:16:00Z,234.18,234.20,234.16,234.16,102564
2026-06-23T16:17:00Z,234.16,234.19,234.14,234.19,135384
2026-06-23T16:18:00Z,234.19,234.20,234.19,234.20,134358
2026-06-23T16:19:00Z,234.20,234.20,234.16,234.18,113846
2026-06-23T16:20:00Z,234.18,234.25,234.16,234.23,111794
2026-06-23T16:21:00Z,234.23,234.25,234.19,234.21,107692
2026-06-23T16:22:00Z,234.21,234.23,234.21,234.23,85128
2026-06-23T16:23:00Z,234.23,234.28,234.23,234.26,63589
2026-06-23T16:24:00Z,234.26,234.26,234.22,234.24,85128
2026-06-23T16:25:00Z,234.24,234.27,234.24,234.25,56410
2026-06-23T16:26:00Z,234.25,234.28,234.23,234.28,125128
2026-06-23T16:27:00Z,234.28,234.31,234.28,234.31,64615
2026-06-23T16:28:00Z,234.31,234.31,234.29,234.29,79999
2026-06-23T16:29:00Z,234.29,234.29,234.24,234.26,131281
2026-06-23T16:30:00Z,234.26,234.26,234.22,234.24,73846
2026-06-23T16:31:00Z,234.24,234.26,234.22,234.22,146666
2026-06-23T16:32:00Z,234.22,234.24,234.18,234.20,53333
2026-06-23T16:33:00Z,234.20,234.23,234.18,234.23,86153
2026-06-23T16:34:00Z,234.23,234.25,234.19,234.21,108717
2026-06-23T16:35:00Z,234.21,234.24,234.21,234.22,66666
2026-06-23T16:36:00Z,234.22,234.22,234.18,234.18,65640
2026-06-23T16:37:00Z,234.18,234.23,234.16,234.21,64615
2026-06-23T16:38:00Z,234.21,234.26,234.21,234.24,84102
2026-06-23T16:39:00Z,234.24,234.24,234.23,234.23,112820
2026-06-23T16:40:00Z,234.23,234.28,234.23,234.26,119999
2026-06-23T16:41:00Z,234.26,234.26,234.17,234.19,119999
2026-06-23T16:42:00Z,234.19,234.21,234.17,234.17,112820
2026-06-23T16:43:00Z,234.17,234.17,234.11,234.13,69743
2026-06-23T16:44:00Z,234.13,234.15,234.07,234.09,54358
2026-06-23T16:45:00Z,234.09,234.09,234.05,234.07,73846
2026-06-23T16:46:00Z,234.07,234.12,234.07,234.10,72820
2026-06-23T16:47:00Z,234.10,234.10,234.06,234.08,145640
2026-06-23T16:48:00Z,234.08,234.13,234.06,234.11,146666
2026-06-23T16:49:00Z,234.11,234.17,234.11,234.15,130256
2026-06-23T16:50:00Z,234.15,234.15,234.11,234.13,79999
2026-06-23T16:51:00Z,234.13,234.14,234.11,234.14,121025
2026-06-23T16:52:00Z,234.14,234.19,234.14,234.17,94358
2026-06-23T16:53:00Z,234.17,234.18,234.15,234.18,82051
2026-06-23T16:54:00Z,234.18,234.21,234.16,234.19,119999
2026-06-23T16:55:00Z,234.19,234.24,234.17,234.22,113846
2026-06-23T16:56:00Z,234.22,234.22,234.20,234.20,116922
2026-06-23T16:57:00Z,234.20,234.23,234.20,234.21,117948
2026-06-23T16:58:00Z,234.21,234.21,234.19,234.19,148717
2026-06-23T16:59:00Z,234.19,234.25,234.17,234.23,83076
2026-06-23T17:00:00Z,234.23,234.26,234.21,234.24,108717
2026-06-23T17:01:00Z,234.24,234.31,234.24,234.29,100512
2026-06-23T17:02:00Z,234.29,234.29,234.20,234.22,91281
2026-06-23T17:03:00Z,234.22,234.29,234.22,234.27,112820
2026-06-23T17:04:00Z,234.27,234.35,234.27,234.35,60512
2026-06-23T17:05:00Z,234.35,234.37,234.31,234.33,136410
2026-06-23T17:06:00Z,234.33,234.40,234.31,234.38,142563
2026-06-23T17:07:00Z,234.38,234.38,234.32,234.34,58461
2026-06-23T17:08:00Z,234.34,234.36,234.30,234.32,104615
2026-06-23T17:09:00Z,234.32,234.43,234.32,234.41,82051
2026-06-23T17:10:00Z,234.41,234.42,234.41,234.42,54358
2026-06-23T17:11:00Z,234.42,234.44,234.38,234.40,139487
2026-06-23T17:12:00Z,234.40,234.40,234.36,234.38,136410
2026-06-23T17:13:00Z,234.38,234.39,234.36,234.39,62564
2026-06-23T17:14:00Z,234.39,234.39,234.35,234.37,116922
2026-06-23T17:15:00Z,234.37,234.39,234.35,234.35,146666
2026-06-23T17:16:00Z,234.35,234.35,234.29,234.31,151794
2026-06-23T17:17:00Z,234.31,234.36,234.31,234.34,64615
2026-06-23T17:18:00Z,234.34,234.34,234.28,234.30,95384
2026-06-23T17:19:00Z,234.30,234.30,234.25,234.27,96410
2026-06-23T17:20:00Z,234.27,234.32,234.27,234.30,82051
2026-06-23T17:21:00Z,234.30,234.31,234.30,234.31,92307
2026-06-23T17:22:00Z,234.31,234.33,234.29,234.29,62564
2026-06-23T17:23:00Z,234.29,234.31,234.27,234.27,128205
2026-06-23T17:24:00Z,234.27,234.30,234.25,234.28,125128
2026-06-23T17:25:00Z,234.28,234.33,234.28,234.31,153846
2026-06-23T17:26:00Z,234.31,234.36,234.29,234.34,113846
2026-06-23T17:27:00Z,234.34,234.39,234.32,234.39,94358
2026-06-23T17:28:00Z,234.39,234.41,234.35,234.35,140512
2026-06-23T17:29:00Z,234.35,234.39,234.35,234.39,92307
2026-06-23T17:30:00Z,234.39,234.41,234.32,234.34,58461
2026-06-23T17:31:00Z,234.34,234.37,234.34,234.35,111794
2026-06-23T17:32:00Z,234.35,234.35,234.31,234.33,142563
2026-06-23T17:33:00Z,234.33,234.36,234.33,234.34,110769
2026-06-23T17:34:00Z,234.34,234.36,234.24,234.26,129230
2026-06-23T17:35:00Z,234.26,234.26,234.22,234.24,71794
2026-06-23T17:36:00Z,234.24,234.24,234.20,234.22,143589
2026-06-23T17:37:00Z,234.22,234.24,234.16,234.18,59487
2026-06-23T17:38:00Z,234.18,234.18,234.13,234.15,98461
2026-06-23T17:39:00Z,234.15,234.20,234.15,234.18,131281
2026-06-23T17:40:00Z,234.18,234.21,234.16,234.21,147692
2026-06-23T17:41:00Z,234.21,234.21,234.19,234.19,106666
2026-06-23T17:42:00Z,234.19,234.25,234.19,234.23,145640
2026-06-23T17:43:00Z,234.23,234.26,234.21,234.26,137435
2026-06-23T17:44:00Z,234.26,234.26,234.22,234.24,75897
2026-06-23T17:45:00Z,234.24,234.26,234.22,234.22,114871
2026-06-23T17:46:00Z,234.22,234.25,234.20,234.23,64615
2026-06-23T17:47:00Z,234.23,234.23,234.20,234.20,98461
2026-06-23T17:48:00Z,234.20,234.20,234.18,234.18,84102
2026-06-23T17:49:00Z,234.18,234.23,234.18,234.21,111794
2026-06-23T17:50:00Z,234.21,234.24,234.19,234.22,60512
2026-06-23T17:51:00Z,234.22,234.22,234.19,234.19,148717
2026-06-23T17:52:00Z,234.19,234.22,234.17,234.20,84102
2026-06-23T17:53:00Z,234.20,234.22,234.18,234.18,112820
2026-06-23T17:54:00Z,234.18,234.21,234.16,234.21,91281
2026-06-23T17:55:00Z,234.21,234.23,234.16,234.18,101538
2026-06-23T17:56:00Z,234.18,234.21,234.16,234.21,101538
2026-06-23T17:57:00Z,234.21,234.22,234.21,234.22,67692
2026-06-23T17:58:00Z,234.22,234.23,234.20,234.23,64615
2026-06-23T17:59:00Z,234.23,234.25,234.19,234.21,104615
2026-06-23T18:00:00Z,234.21,234.27,234.19,234.25,58461
2026-06-23T18:01:00Z,234.25,234.28,234.25,234.28,106666
2026-06-23T18:02:00Z,234.28,234.28,234.24,234.24,82051
2026-06-23T18:03:00Z,234.24,234.25,234.22,234.25,114871
2026-06-23T18:04:00Z,234.25,234.27,234.25,234.25,83076
2026-06-23T18:05:00Z,234.25,234.28,234.23,234.26,85128
2026-06-23T18:06:00Z,234.26,234.26,234.22,234.24,79999
2026-06-23T18:07:00Z,234.24,234.26,234.20,234.22,109743
2026-06-23T18:08:00Z,234.22,234.24,234.17,234.17,100512
2026-06-23T18:09:00Z,234.17,234.17,234.15,234.15,126153
2026-06-23T18:10:00Z,234.15,234.22,234.13,234.20,56410
2026-06-23T18:11:00Z,234.20,234.20,234.16,234.18,121025
2026-06-23T18:12:00Z,234.18,234.20,234.16,234.18,141538
2026-06-23T18:13:00Z,234.18,234.21,234.18,234.19,100512
2026-06-23T18:14:00Z,234.19,234.21,234.15,234.17,119999
2026-06-23T18:15:00Z,234.17,234.17,234.15,234.15,140512
2026-06-23T18:16:00Z,234.15,234.20,234.13,234.18,113846
2026-06-23T18:17:00Z,234.18,234.20,234.16,234.18,153846
2026-06-23T18:18:00Z,234.18,234.21,234.18,234.21,143589
2026-06-23T18:19:00Z,234.21,234.21,234.19,234.19,131281
2026-06-23T18:20:00Z,234.19,234.24,234.17,234.22,113846
2026-06-23T18:21:00Z,234.22,234.24,234.20,234.22,105640
2026-06-23T18:22:00Z,234.22,234.22,234.16,234.18,69743
2026-06-23T18:23:00Z,234.18,234.20,234.14,234.16,75897
2026-06-23T18:24:00Z,234.16,234.18,234.12,234.12,70769
2026-06-23T18:25:00Z,234.12,234.12,234.10,234.12,90256
2026-06-23T18:26:00Z,234.12,234.15,234.10,234.15,111794
2026-06-23T18:27:00Z,234.15,234.15,234.13,234.13,122051
2026-06-23T18:28:00Z,234.13,234.13,234.09,234.09,119999
2026-06-23T18:29:00Z,234.09,234.17,234.07,234.17,146666
2026-06-23T18:30:00Z,234.17,234.19,234.15,234.17,87179
2026-06-23T18:31:00Z,234.17,234.20,234.15,234.20,150769
2026-06-23T18:32:00Z,234.20,234.21,234.18,234.21,52307
2026-06-23T18:33:00Z,234.21,234.21,234.19,234.19,86153
2026-06-23T18:34:00Z,234.19,234.19,234.15,234.17,84102
2026-06-23T18:35:00Z,234.17,234.19,234.17,234.17,146666
2026-06-23T18:36:00Z,234.17,234.17,234.13,234.15,82051
2026-06-23T18:37:00Z,234.15,234.15,234.13,234.13,75897
2026-06-23T18:38:00Z,234.13,234.13,234.09,234.11,86153
2026-06-23T18:39:00Z,234.11,234.13,234.07,234.09,60512
2026-06-23T18:40:00Z,234.09,234.11,234.04,234.06,62564
2026-06-23T18:41:00Z,234.06,234.09,234.04,234.07,123076
2026-06-23T18:42:00Z,234.07,234.09,234.03,234.03,81025
2026-06-23T18:43:00Z,234.03,234.06,234.03,234.04,88205
2026-06-23T18:44:00Z,234.04,234.07,234.04,234.07,135384
2026-06-23T18:45:00Z,234.07,234.09,234.07,234.07,105640
2026-06-23T18:46:00Z,234.07,234.07,234.05,234.05,113846
2026-06-23T18:47:00Z,234.05,234.10,234.03,234.08,72820
2026-06-23T18:48:00Z,234.08,234.10,233.99,234.01,52307
2026-06-23T18:49:00Z,234.01,234.03,233.97,233.97,133333
2026-06-23T18:50:00Z,233.97,233.99,233.94,233.94,86153
2026-06-23T18:51:00Z,233.94,233.97,233.94,233.97,97435
2026-06-23T18:52:00Z,233.97,234.04,233.95,234.02,136410
2026-06-23T18:53:00Z,234.02,234.05,234.02,234.03,58461
2026-06-23T18:54:00Z,234.03,234.05,233.97,233.99,133333
2026-06-23T18:55:00Z,233.99,234.01,233.97,233.99,114871
2026-06-23T18:56:00Z,233.99,234.01,233.97,233.97,65640
2026-06-23T18:57:00Z,233.97,234.00,233.95,233.98,85128
2026-06-23T18:58:00Z,233.98,234.00,233.96,233.96,123076
2026-06-23T18:59:00Z,233.96,234.01,233.94,233.99,85128
2026-06-23T19:00:00Z,233.99,234.01,233.99,234.01,101538
2026-06-23T19:01:00Z,234.01,234.04,234.01,234.04,63589
2026-06-23T19:02:00Z,234.04,234.09,234.04,234.07,83076
2026-06-23T19:03:00Z,234.07,234.12,234.07,234.10,123076
2026-06-23T19:04:00Z,234.10,234.11,234.10,234.11,54358
2026-06-23T19:05:00Z,234.11,234.11,234.11,234.11,105640
2026-06-23T19:06:00Z,234.11,234.14,234.11,234.14,148717
2026-06-23T19:07:00Z,234.14,234.14,234.08,234.10,112820
2026-06-23T19:08:00Z,234.10,234.13,234.10,234.11,136410
2026-06-23T19:09:00Z,234.11,234.14,234.09,234.12,114871
2026-06-23T19:10:00Z,234.12,234.16,234.10,234.14,153846
2026-06-23T19:11:00Z,234.14,234.15,234.12,234.15,113846
2026-06-23T19:12:00Z,234.15,234.17,234.13,234.13,97435
2026-06-23T19:13:00Z,234.13,234.14,234.13,234.14,65640
2026-06-23T19:14:00Z,234.14,234.14,234.10,234.12,113846
2026-06-23T19:15:00Z,234.12,234.14,234.10,234.12,121025
2026-06-23T19:16:00Z,234.12,234.13,234.10,234.13,145640
2026-06-23T19:17:00Z,234.13,234.14,234.11,234.14,137435
2026-06-23T19:18:00Z,234.14,234.15,234.14,234.15,59487
2026-06-23T19:19:00Z,234.15,234.16,234.15,234.16,140512
2026-06-23T19:20:00Z,234.16,234.18,234.11,234.11,129230
2026-06-23T19:21:00Z,234.11,234.16,234.11,234.16,149743
2026-06-23T19:22:00Z,234.16,234.18,234.14,234.14,75897
2026-06-23T19:23:00Z,234.14,234.15,234.14,234.15,117948
2026-06-23T19:24:00Z,234.15,234.16,234.13,234.16,139487
2026-06-23T19:25:00Z,234.16,234.18,234.11,234.13,133333
2026-06-23T19:26:00Z,234.13,234.18,234.11,234.16,66666
2026-06-23T19:27:00Z,234.16,234.21,234.16,234.19,111794
2026-06-23T19:28:00Z,234.19,234.20,234.19,234.20,104615
2026-06-23T19:29:00Z,234.20,234.21,234.20,234.21,78974
2026-06-23T19:30:00Z,234.21,234.27,234.21,234.25,118974
2026-06-23T19:31:00Z,234.25,234.30,234.23,234.30,113846
2026-06-23T19:32:00Z,234.30,234.37,234.28,234.35,112820
2026-06-23T19:33:00Z,234.35,234.35,234.32,234.34,63589
2026-06-23T19:34:00Z,234.34,234.41,234.32,234.39,54358
2026-06-23T19:35:00Z,234.39,234.39,234.37,234.39,126153
2026-06-23T19:36:00Z,234.39,234.41,234.37,234.39,72820
2026-06-23T19:37:00Z,234.39,234.39,234.36,234.36,85128
2026-06-23T19:38:00Z,234.36,234.43,234.36,234.41,72820
2026-06-23T19:39:00Z,234.41,234.41,234.39,234.41,147692
2026-06-23T19:40:00Z,234.41,234.43,234.39,234.39,131281
2026-06-23T19:41:00Z,234.39,234.41,234.36,234.36,145640
2026-06-23T19:42:00Z,234.36,234.43,234.34,234.41,117948
2026-06-23T19:43:00Z,234.41,234.41,234.41,234.41,148717
2026-06-23T19:44:00Z,234.41,234.41,234.39,234.39,138461
2026-06-23T19:45:00Z,234.39,234.43,234.37,234.43,71794
2026-06-23T19:46:00Z,234.43,234.48,234.41,234.48,122051
2026-06-23T19:47:00Z,234.48,234.51,234.46,234.51,70769
2026-06-23T19:48:00Z,234.51,234.51,234.48,234.48,122051
2026-06-23T19:49:00Z,234.48,234.48,234.48,234.48,69743
2026-06-23T19:50:00Z,234.48,234.53,234.46,234.51,111794
2026-06-23T19:51:00Z,234.51,234.53,234.51,234.51,87179
2026-06-23T19:52:00Z,234.51,234.53,234.49,234.53,58461
2026-06-23T19:53:00Z,234.53,234.53,234.53,234.53,81025
2026-06-23T19:54:00Z,234.53,234.56,234.53,234.56,63589
2026-06-23T19:55:00Z,234.56,234.59,234.56,234.59,87179
2026-06-23T19:56:00Z,234.59,234.59,234.58,234.58,64615
2026-06-23T19:57:00Z,234.58,234.63,234.58,234.61,132307
2026-06-23T19:58:00Z,234.61,234.70,234.59,234.68,99487
2026-06-23T19:59:00Z,234.68,234.73,234.66,234.73,94358
2026-06-24T13:30:00Z,234.73,234.75,234.69,234.69,140512
2026-06-24T13:31:00Z,234.69,234.69,234.67,234.67,137435
2026-06-24T13:32:00Z,234.67,234.69,234.64,234.66,88205
2026-06-24T13:33:00Z,234.66,234.69,234.66,234.69,136410
2026-06-24T13:34:00Z,234.69,234.69,234.67,234.67,87179
2026-06-24T13:35:00Z,234.67,234.67,234.66,234.66,140512
2026-06-24T13:36:00Z,234.66,234.73,234.66,234.71,117948
2026-06-24T13:37:00Z,234.71,234.75,234.71,234.73,143589
2026-06-24T13:38:00Z,234.73,234.78,234.71,234.76,101538
2026-06-24T13:39:00Z,234.76,234.77,234.74,234.77,144615
2026-06-24T13:40:00Z,234.77,234.83,234.77,234.81,98461
2026-06-24T13:41:00Z,234.81,234.83,234.79,234.79,149743
2026-06-24T13:42:00Z,234.79,234.80,234.77,234.80,59487
2026-06-24T13:43:00Z,234.80,234.88,234.80,234.86,115897
2026-06-24T13:44:00Z,234.86,234.86,234.84,234.84,73846
2026-06-24T13:45:00Z,234.84,234.88,234.82,234.86,66666
2026-06-24T13:46:00Z,234.86,234.88,234.84,234.84,110769
2026-06-24T13:47:00Z,234.84,234.86,234.80,234.82,54358
2026-06-24T13:48:00Z,234.82,234.84,234.80,234.84,127179
2026-06-24T13:49:00Z,234.84,234.86,234.80,234.82,108717
2026-06-24T13:50:00Z,234.82,234.84,234.81,234.81,118974
2026-06-24T13:51:00Z,234.81,234.82,234.81,234.82,73846
2026-06-24T13:52:00Z,234.82,234.85,234.80,234.85,84102
2026-06-24T13:53:00Z,234.85,234.91,234.83,234.89,125128
2026-06-24T13:54:00Z,234.89,234.92,234.89,234.90,64615
2026-06-24T13:55:00Z,234.90,234.93,234.88,234.91,126153
2026-06-24T13:56:00Z,234.91,234.95,234.89,234.95,57435
2026-06-24T13:57:00Z,234.95,234.98,234.93,234.98,110769
2026-06-24T13:58:00Z,234.98,235.02,234.96,235.02,92307
2026-06-24T13:59:00Z,235.02,235.05,235.00,235.05,130256
2026-06-24T14:00:00Z,235.05,235.07,235.03,235.03,113846
2026-06-24T14:01:00Z,235.03,235.05,235.03,235.05,143589
2026-06-24T14:02:00Z,235.05,235.07,234.99,235.01,137435
2026-06-24T14:03:00Z,235.01,235.01,234.98,235.00,54358
2026-06-24T14:04:00Z,235.00,235.03,235.00,235.01,71794
2026-06-24T14:05:00Z,235.01,235.01,234.97,234.99,107692
2026-06-24T14:06:00Z,234.99,235.03,234.99,235.03,103589
2026-06-24T14:07:00Z,235.03,235.08,235.03,235.06,56410
2026-06-24T14:08:00Z,235.06,235.07,235.06,235.07,51282
2026-06-24T14:09:00Z,235.07,235.07,235.02,235.04,127179
2026-06-24T14:10:00Z,235.04,235.06,235.00,235.02,51282
2026-06-24T14:11:00Z,235.02,235.08,235.00,235.06,77948
2026-06-24T14:12:00Z,235.06,235.09,235.06,235.07,53333
2026-06-24T14:13:00Z,235.07,235.09,235.03,235.05,87179
2026-06-24T14:14:00Z,235.05,235.09,235.05,235.07,64615
2026-06-24T14:15:00Z,235.07,235.08,235.07,235.08,148717
2026-06-24T14:16:00Z,235.08,235.12,235.08,235.10,75897
2026-06-24T14:17:00Z,235.10,235.10,235.06,235.06,134358
2026-06-24T14:18:00Z,235.06,235.06,235.04,235.04,122051
2026-06-24T14:19:00Z,235.04,235.06,235.02,235.06,91281
2026-06-24T14:20:00Z,235.06,235.08,235.02,235.04,68717
2026-06-24T14:21:00Z,235.04,235.11,235.02,235.09,113846
2026-06-24T14:22:00Z,235.09,235.09,235.06,235.08,153846
2026-06-24T14:23:00Z,235.08,235.08,235.04,235.04,142563
2026-06-24T14:24:00Z,235.04,235.10,235.02,235.10,144615
2026-06-24T14:25:00Z,235.10,235.10,235.06,235.08,64615
2026-06-24T14:26:00Z,235.08,235.08,235.06,235.06,91281
2026-06-24T14:27:00Z,235.06,235.12,235.06,235.10,69743
2026-06-24T14:28:00Z,235.10,235.15,235.10,235.13,134358
2026-06-24T14:29:00Z,235.13,235.13,235.10,235.10,84102
2026-06-24T14:30:00Z,235.10,235.11,235.08,235.11,101538
2026-06-24T14:31:00Z,235.11,235.11,235.10,235.10,110769
2026-06-24T14:32:00Z,235.10,235.15,235.08,235.13,61538
2026-06-24T14:33:00Z,235.13,235.13,235.10,235.12,153846
2026-06-24T14:34:00Z,235.12,235.17,235.10,235.15,92307
2026-06-24T14:35:00Z,235.15,235.15,235.07,235.09,150769
2026-06-24T14:36:00Z,235.09,235.10,235.09,235.10,74871
2026-06-24T14:37:00Z,235.10,235.12,235.02,235.04,54358
2026-06-24T14:38:00Z,235.04,235.04,235.00,235.00,79999
2026-06-24T14:39:00Z,235.00,235.00,234.97,234.97,76923
2026-06-24T14:40:00Z,234.97,235.00,234.97,235.00,93333
2026-06-24T14:41:00Z,235.00,235.00,234.95,234.97,52307
2026-06-24T14:42:00Z,234.97,234.98,234.95,234.98,140512
2026-06-24T14:43:00Z,234.98,235.02,234.96,235.00,63589
2026-06-24T14:44:00Z,235.00,235.02,235.00,235.02,135384
2026-06-24T14:45:00Z,235.02,235.03,235.00,235.03,146666
2026-06-24T14:46:00Z,235.03,235.07,235.03,235.07,135384
2026-06-24T14:47:00Z,235.07,235.10,235.07,235.08,79999
2026-06-24T14:48:00Z,235.08,235.16,235.06,235.14,53333
2026-06-24T14:49:00Z,235.14,235.14,235.05,235.07,106666
2026-06-24T14:50:00Z,235.07,235.09,235.05,235.09,77948
2026-06-24T14:51:00Z,235.09,235.14,235.09,235.12,96410
2026-06-24T14:52:00Z,235.12,235.18,235.12,235.16,116922
2026-06-24T14:53:00Z,235.16,235.18,235.14,235.14,58461
2026-06-24T14:54:00Z,235.14,235.16,235.09,235.11,101538
2026-06-24T14:55:00Z,235.11,235.14,235.11,235.14,112820
2026-06-24T14:56:00Z,235.14,235.18,235.14,235.16,55384
2026-06-24T14:57:00Z,235.16,235.19,235.14,235.19,118974
2026-06-24T14:58:00Z,235.19,235.19,235.18,235.18,140512
2026-06-24T14:59:00Z,235.18,235.20,235.13,235.15,62564
2026-06-24T15:00:00Z,235.15,235.16,235.13,235.16,72820
2026-06-24T15:01:00Z,235.16,235.20,235.16,235.18,72820
2026-06-24T15:02:00Z,235.18,235.18,235.14,235.16,77948
2026-06-24T15:03:00Z,235.16,235.18,235.14,235.18,90256
2026-06-24T15:04:00Z,235.18,235.20,235.16,235.16,146666
2026-06-24T15:05:00Z,235.16,235.16,235.15,235.15,69743
2026-06-24T15:06:00Z,235.15,235.15,235.11,235.11,53333
2026-06-24T15:07:00Z,235.11,235.17,235.09,235.15,83076
2026-06-24T15:08:00Z,235.15,235.18,235.15,235.16,91281
2026-06-24T15:09:00Z,235.16,235.20,235.14,235.20,122051
2026-06-24T15:10:00Z,235.20,235.21,235.20,235.21,99487
2026-06-24T15:11:00Z,235.21,235.25,235.21,235.23,108717
2026-06-24T15:12:00Z,235.23,235.24,235.23,235.24,127179
2026-06-24T15:13:00Z,235.24,235.30,235.22,235.28,111794
2026-06-24T15:14:00Z,235.28,235.32,235.28,235.32,100512
2026-06-24T15:15:00Z,235.32,235.35,235.32,235.33,135384
2026-06-24T15:16:00Z,235.33,235.37,235.33,235.35,71794
2026-06-24T15:17:00Z,235.35,235.35,235.31,235.33,129230
2026-06-24T15:18:00Z,235.33,235.33,235.28,235.30,53333
2026-06-24T15:19:00Z,235.30,235.35,235.30,235.33,52307
2026-06-24T15:20:00Z,235.33,235.37,235.31,235.37,99487
2026-06-24T15:21:00Z,235.37,235.39,235.33,235.33,70769
2026-06-24T15:22:00Z,235.33,235.39,235.33,235.39,133333
2026-06-24T15:23:00Z,235.39,235.42,235.37,235.42,104615
2026-06-24T15:24:00Z,235.42,235.42,235.34,235.36,91281
2026-06-24T15:25:00Z,235.36,235.38,235.32,235.34,109743
2026-06-24T15:26:00Z,235.34,235.38,235.32,235.36,74871
2026-06-24T15:27:00Z,235.36,235.36,235.34,235.34,59487
2026-06-24T15:28:00Z,235.34,235.36,235.29,235.31,115897
2026-06-24T15:29:00Z,235.31,235.35,235.31,235.33,68717
2026-06-24T15:30:00Z,235.33,235.40,235.33,235.38,54358
2026-06-24T15:31:00Z,235.38,235.40,235.37,235.37,114871
2026-06-24T15:32:00Z,235.37,235.38,235.37,235.38,92307
2026-06-24T15:33:00Z,235.38,235.42,235.38,235.40,139487
2026-06-24T15:34:00Z,235.40,235.40,235.36,235.38,115897
2026-06-24T15:35:00Z,235.38,235.40,235.35,235.37,61538
2026-06-24T15:36:00Z,235.37,235.39,235.36,235.36,122051
2026-06-24T15:37:00Z,235.36,235.36,235.32,235.34,81025
2026-06-24T15:38:00Z,235.34,235.38,235.32,235.36,88205
2026-06-24T15:39:00Z,235.36,235.39,235.36,235.37,104615
2026-06-24T15:40:00Z,235.37,235.37,235.36,235.36,52307
2026-06-24T15:41:00Z,235.36,235.38,235.36,235.38,52307
2026-06-24T15:42:00Z,235.38,235.41,235.36,235.39,114871
2026-06-24T15:43:00Z,235.39,235.43,235.39,235.41,60512
2026-06-24T15:44:00Z,235.41,235.46,235.41,235.46,153846
2026-06-24T15:45:00Z,235.46,235.50,235.44,235.48,69743
2026-06-24T15:46:00Z,235.48,235.48,235.44,235.44,88205
2026-06-24T15:47:00Z,235.44,235.50,235.42,235.50,56410
2026-06-24T15:48:00Z,235.50,235.52,235.47,235.47,112820
2026-06-24T15:49:00Z,235.47,235.52,235.47,235.52,79999
2026-06-24T15:50:00Z,235.52,235.52,235.51,235.51,55384
2026-06-24T15:51:00Z,235.51,235.51,235.49,235.49,100512
2026-06-24T15:52:00Z,235.49,235.51,235.47,235.51,110769
2026-06-24T15:53:00Z,235.51,235.55,235.49,235.53,128205
2026-06-24T15:54:00Z,235.53,235.55,235.51,235.51,89230
2026-06-24T15:55:00Z,235.51,235.59,235.49,235.57,150769
2026-06-24T15:56:00Z,235.57,235.64,235.57,235.62,128205
2026-06-24T15:57:00Z,235.62,235.64,235.57,235.59,84102
2026-06-24T15:58:00Z,235.59,235.61,235.57,235.57,127179
2026-06-24T15:59:00Z,235.57,235.59,235.55,235.59,112820
2026-06-24T16:00:00Z,235.59,235.65,235.57,235.65,92307
2026-06-24T16:01:00Z,235.65,235.66,235.63,235.66,152820
2026-06-24T16:02:00Z,235.66,235.74,235.64,235.72,92307
2026-06-24T16:03:00Z,235.72,235.73,235.72,235.73,57435
2026-06-24T16:04:00Z,235.73,235.75,235.70,235.70,113846
2026-06-24T16:05:00Z,235.70,235.72,235.67,235.69,69743
2026-06-24T16:06:00Z,235.69,235.69,235.67,235.67,78974
2026-06-24T16:07:00Z,235.67,235.71,235.67,235.69,143589
2026-06-24T16:08:00Z,235.69,235.71,235.65,235.67,97435
2026-06-24T16:09:00Z,235.67,235.69,235.64,235.66,73846
2026-06-24T16:10:00Z,235.66,235.66,235.60,235.62,146666
2026-06-24T16:11:00Z,235.62,235.66,235.62,235.66,112820
2026-06-24T16:12:00Z,235.66,235.68,235.63,235.65,83076
2026-06-24T16:13:00Z,235.65,235.68,235.65,235.66,70769
2026-06-24T16:14:00Z,235.66,235.66,235.65,235.65,66666
2026-06-24T16:15:00Z,235.65,235.66,235.63,235.66,123076
2026-06-24T16:16:00Z,235.66,235.68,235.65,235.65,54358
2026-06-24T16:17:00Z,235.65,235.71,235.65,235.71,65640
2026-06-24T16:18:00Z,235.71,235.72,235.69,235.72,88205
2026-06-24T16:19:00Z,235.72,235.74,235.71,235.71,101538
2026-06-24T16:20:00Z,235.71,235.73,235.65,235.67,140512
2026-06-24T16:21:00Z,235.67,235.67,235.66,235.66,64615
2026-06-24T16:22:00Z,235.66,235.68,235.60,235.62,87179
2026-06-24T16:23:00Z,235.62,235.62,235.61,235.61,63589
2026-06-24T16:24:00Z,235.61,235.61,235.60,235.60,103589
2026-06-24T16:25:00Z,235.60,235.65,235.58,235.63,73846
2026-06-24T16:26:00Z,235.63,235.69,235.61,235.67,100512
2026-06-24T16:27:00Z,235.67,235.69,235.63,235.65,146666
2026-06-24T16:28:00Z,235.65,235.69,235.65,235.69,92307
2026-06-24T16:29:00Z,235.69,235.69,235.66,235.68,96410
2026-06-24T16:30:00Z,235.68,235.72,235.68,235.72,78974
2026-06-24T16:31:00Z,235.72,235.72,235.72,235.72,51282
2026-06-24T16:32:00Z,235.72,235.73,235.70,235.73,151794
2026-06-24T16:33:00Z,235.73,235.75,235.70,235.70,135384
2026-06-24T16:34:00Z,235.70,235.72,235.66,235.68,74871
2026-06-24T16:35:00Z,235.68,235.70,235.66,235.70,84102
2026-06-24T16:36:00Z,235.70,235.72,235.68,235.68,127179
2026-06-24T16:37:00Z,235.68,235.68,235.63,235.65,110769
2026-06-24T16:38:00Z,235.65,235.67,235.61,235.63,103589
2026-06-24T16:39:00Z,235.63,235.63,235.61,235.63,53333
2026-06-24T16:40:00Z,235.63,235.63,235.63,235.63,115897
2026-06-24T16:41:00Z,235.63,235.63,235.59,235.61,97435
2026-06-24T16:42:00Z,235.61,235.63,235.61,235.63,109743
2026-06-24T16:43:00Z,235.63,235.66,235.61,235.66,75897
2026-06-24T16:44:00Z,235.66,235.68,235.64,235.66,78974
2026-06-24T16:45:00Z,235.66,235.69,235.66,235.67,62564
2026-06-24T16:46:00Z,235.67,235.71,235.67,235.69,137435
2026-06-24T16:47:00Z,235.69,235.74,235.69,235.74,78974
2026-06-24T16:48:00Z,235.74,235.80,235.74,235.78,139487
2026-06-24T16:49:00Z,235.78,235.81,235.76,235.81,117948
2026-06-24T16:50:00Z,235.81,235.83,235.76,235.76,91281
2026-06-24T16:51:00Z,235.76,235.82,235.74,235.80,70769
2026-06-24T16:52:00Z,235.80,235.82,235.74,235.76,65640
2026-06-24T16:53:00Z,235.76,235.78,235.73,235.73,99487
2026-06-24T16:54:00Z,235.73,235.76,235.71,235.76,134358
2026-06-24T16:55:00Z,235.76,235.78,235.71,235.71,96410
2026-06-24T16:56:00Z,235.71,235.73,235.67,235.69,69743
2026-06-24T16:57:00Z,235.69,235.69,235.64,235.66,73846
2026-06-24T16:58:00Z,235.66,235.69,235.66,235.67,136410
2026-06-24T16:59:00Z,235.67,235.69,235.67,235.67,69743
2026-06-24T17:00:00Z,235.67,235.67,235.62,235.62,64615
2026-06-24T17:01:00Z,235.62,235.65,235.62,235.65,110769
2026-06-24T17:02:00Z,235.65,235.65,235.63,235.65,126153
2026-06-24T17:03:00Z,235.65,235.68,235.63,235.66,59487
2026-06-24T17:04:00Z,235.66,235.66,235.61,235.63,116922
2026-06-24T17:05:00Z,235.63,235.63,235.59,235.61,151794
2026-06-24T17:06:00Z,235.61,235.65,235.59,235.63,150769
2026-06-24T17:07:00Z,235.63,235.70,235.61,235.68,146666
2026-06-24T17:08:00Z,235.68,235.70,235.63,235.63,58461
2026-06-24T17:09:00Z,235.63,235.65,235.59,235.61,140512
2026-06-24T17:10:00Z,235.61,235.61,235.56,235.58,73846
2026-06-24T17:11:00Z,235.58,235.60,235.56,235.60,74871
2026-06-24T17:12:00Z,235.60,235.63,235.58,235.63,91281
2026-06-24T17:13:00Z,235.63,235.65,235.61,235.63,115897
2026-06-24T17:14:00Z,235.63,235.64,235.63,235.64,151794
2026-06-24T17:15:00Z,235.64,235.66,235.64,235.66,115897
2026-06-24T17:16:00Z,235.66,235.69,235.66,235.69,103589
2026-06-24T17:17:00Z,235.69,235.69,235.64,235.66,61538
2026-06-24T17:18:00Z,235.66,235.71,235.66,235.69,96410
2026-06-24T17:19:00Z,235.69,235.75,235.67,235.73,107692
2026-06-24T17:20:00Z,235.73,235.73,235.68,235.68,101538
2026-06-24T17:21:00Z,235.68,235.71,235.66,235.69,114871
2026-06-24T17:22:00Z,235.69,235.73,235.67,235.73,125128
2026-06-24T17:23:00Z,235.73,235.75,235.69,235.71,141538
2026-06-24T17:24:00Z,235.71,235.75,235.71,235.73,90256
2026-06-24T17:25:00Z,235.73,235.78,235.71,235.76,143589
2026-06-24T17:26:00Z,235.76,235.78,235.74,235.76,81025
2026-06-24T17:27:00Z,235.76,235.83,235.74,235.81,102564
2026-06-24T17:28:00Z,235.81,235.81,235.81,235.81,146666
2026-06-24T17:29:00Z,235.81,235.83,235.79,235.79,100512
2026-06-24T17:30:00Z,235.79,235.79,235.79,235.79,71794
2026-06-24T17:31:00Z,235.79,235.82,235.79,235.80,91281
2026-06-24T17:32:00Z,235.80,235.82,235.80,235.80,85128
2026-06-24T17:33:00Z,235.80,235.85,235.80,235.83,129230
2026-06-24T17:34:00Z,235.83,235.84,235.83,235.84,58461
2026-06-24T17:35:00Z,235.84,235.86,235.82,235.84,94358
2026-06-24T17:36:00Z,235.84,235.89,235.84,235.87,67692
2026-06-24T17:37:00Z,235.87,235.90,235.87,235.88,135384
2026-06-24T17:38:00Z,235.88,235.88,235.83,235.85,92307
2026-06-24T17:39:00Z,235.85,235.92,235.85,235.90,56410
2026-06-24T17:40:00Z,235.90,235.95,235.88,235.95,129230
2026-06-24T17:41:00Z,235.95,235.99,235.93,235.99,129230
2026-06-24T17:42:00Z,235.99,236.00,235.97,236.00,151794
2026-06-24T17:43:00Z,236.00,236.03,235.98,236.03,148717
2026-06-24T17:44:00Z,236.03,236.05,236.03,236.05,130256
2026-06-24T17:45:00Z,236.05,236.05,236.03,236.03,122051
2026-06-24T17:46:00Z,236.03,236.06,236.03,236.04,131281
2026-06-24T17:47:00Z,236.04,236.04,235.96,235.96,53333
2026-06-24T17:48:00Z,235.96,235.97,235.96,235.97,128205
2026-06-24T17:49:00Z,235.97,235.98,235.95,235.98,56410
2026-06-24T17:50:00Z,235.98,235.98,235.96,235.98,63589
2026-06-24T17:51:00Z,235.98,235.99,235.96,235.99,59487
2026-06-24T17:52:00Z,235.99,235.99,235.94,235.96,54358
2026-06-24T17:53:00Z,235.96,235.96,235.94,235.94,54358
2026-06-24T17:54:00Z,235.94,235.97,235.92,235.95,141538
2026-06-24T17:55:00Z,235.95,235.97,235.95,235.95,84102
2026-06-24T17:56:00Z,235.95,235.96,235.95,235.96,65640
2026-06-24T17:57:00Z,235.96,235.98,235.92,235.94,128205
2026-06-24T17:58:00Z,235.94,235.94,235.86,235.86,57435
2026-06-24T17:59:00Z,235.86,235.88,235.80,235.82,121025
2026-06-24T18:00:00Z,235.82,235.89,235.80,235.87,72820
2026-06-24T18:01:00Z,235.87,235.91,235.87,235.91,123076
2026-06-24T18:02:00Z,235.91,235.91,235.87,235.89,113846
2026-06-24T18:03:00Z,235.89,235.94,235.89,235.92,109743
2026-06-24T18:04:00Z,235.92,235.92,235.87,235.89,101538
2026-06-24T18:05:00Z,235.89,235.89,235.82,235.82,104615
2026-06-24T18:06:00Z,235.82,235.85,235.80,235.83,61538
2026-06-24T18:07:00Z,235.83,235.85,235.78,235.80,133333
2026-06-24T18:08:00Z,235.80,235.80,235.74,235.76,90256
2026-06-24T18:09:00Z,235.76,235.76,235.74,235.74,132307
2026-06-24T18:10:00Z,235.74,235.74,235.69,235.71,95384
2026-06-24T18:11:00Z,235.71,235.73,235.69,235.69,107692
2026-06-24T18:12:00Z,235.69,235.71,235.67,235.71,90256
2026-06-24T18:13:00Z,235.71,235.74,235.69,235.72,66666
2026-06-24T18:14:00Z,235.72,235.74,235.68,235.68,117948
2026-06-24T18:15:00Z,235.68,235.68,235.61,235.63,139487
2026-06-24T18:16:00Z,235.63,235.66,235.63,235.64,107692
2026-06-24T18:17:00Z,235.64,235.65,235.64,235.65,130256
2026-06-24T18:18:00Z,235.65,235.65,235.62,235.62,117948
2026-06-24T18:19:00Z,235.62,235.62,235.60,235.60,84102
2026-06-24T18:20:00Z,235.60,235.63,235.60,235.63,113846
2026-06-24T18:21:00Z,235.63,235.65,235.56,235.58,75897
2026-06-24T18:22:00Z,235.58,235.61,235.58,235.59,58461
2026-06-24T18:23:00Z,235.59,235.60,235.59,235.60,147692
2026-06-24T18:24:00Z,235.60,235.62,235.60,235.60,118974
2026-06-24T18:25:00Z,235.60,235.60,235.54,235.56,142563
2026-06-24T18:26:00Z,235.56,235.61,235.54,235.61,109743
2026-06-24T18:27:00Z,235.61,235.61,235.56,235.58,143589
2026-06-24T18:28:00Z,235.58,235.61,235.58,235.59,144615
2026-06-24T18:29:00Z,235.59,235.62,235.59,235.60,110769
2026-06-24T18:30:00Z,235.60,235.63,235.60,235.63,68717
2026-06-24T18:31:00Z,235.63,235.65,235.59,235.59,143589
2026-06-24T18:32:00Z,235.59,235.66,235.57,235.64,62564
2026-06-24T18:33:00Z,235.64,235.70,235.62,235.68,150769
2026-06-24T18:34:00Z,235.68,235.68,235.64,235.64,94358
2026-06-24T18:35:00Z,235.64,235.64,235.60,235.60,145640
2026-06-24T18:36:00Z,235.60,235.63,235.58,235.61,62564
2026-06-24T18:37:00Z,235.61,235.63,235.56,235.58,63589
2026-06-24T18:38:00Z,235.58,235.58,235.52,235.54,86153
2026-06-24T18:39:00Z,235.54,235.56,235.50,235.50,153846
2026-06-24T18:40:00Z,235.50,235.50,235.44,235.46,78974
2026-06-24T18:41:00Z,235.46,235.52,235.44,235.50,111794
2026-06-24T18:42:00Z,235.50,235.53,235.50,235.53,119999
2026-06-24T18:43:00Z,235.53,235.58,235.53,235.56,82051
2026-06-24T18:44:00Z,235.56,235.56,235.55,235.55,128205
2026-06-24T18:45:00Z,235.55,235.55,235.53,235.53,126153
2026-06-24T18:46:00Z,235.53,235.55,235.49,235.49,72820
2026-06-24T18:47:00Z,235.49,235.51,235.45,235.45,59487
2026-06-24T18:48:00Z,235.45,235.45,235.42,235.44,89230
2026-06-24T18:49:00Z,235.44,235.49,235.42,235.49,115897
2026-06-24T18:50:00Z,235.49,235.49,235.45,235.45,67692
2026-06-24T18:51:00Z,235.45,235.45,235.43,235.43,83076
2026-06-24T18:52:00Z,235.43,235.51,235.43,235.49,137435
2026-06-24T18:53:00Z,235.49,235.51,235.45,235.47,122051
2026-06-24T18:54:00Z,235.47,235.48,235.45,235.48,135384
2026-06-24T18:55:00Z,235.48,235.53,235.48,235.51,118974
2026-06-24T18:56:00Z,235.51,235.51,235.50,235.50,125128
2026-06-24T18:57:00Z,235.50,235.55,235.48,235.53,119999
2026-06-24T18:58:00Z,235.53,235.55,235.51,235.51,67692
2026-06-24T18:59:00Z,235.51,235.57,235.51,235.55,72820
2026-06-24T19:00:00Z,235.55,235.56,235.55,235.56,95384
2026-06-24T19:01:00Z,235.56,235.64,235.54,235.64,144615
2026-06-24T19:02:00Z,235.64,235.65,235.64,235.65,113846
2026-06-24T19:03:00Z,235.65,235.67,235.65,235.67,95384
2026-06-24T19:04:00Z,235.67,235.68,235.67,235.68,148717
2026-06-24T19:05:00Z,235.68,235.71,235.66,235.69,52307
2026-06-24T19:06:00Z,235.69,235.72,235.69,235.70,106666
2026-06-24T19:07:00Z,235.70,235.72,235.67,235.67,97435
2026-06-24T19:08:00Z,235.67,235.72,235.65,235.72,85128
2026-06-24T19:09:00Z,235.72,235.75,235.70,235.73,95384
2026-06-24T19:10:00Z,235.73,235.75,235.66,235.66,73846
2026-06-24T19:11:00Z,235.66,235.66,235.63,235.65,129230
2026-06-24T19:12:00Z,235.65,235.68,235.65,235.66,123076
2026-06-24T19:13:00Z,235.66,235.66,235.64,235.64,90256
2026-06-24T19:14:00Z,235.64,235.64,235.61,235.63,88205
2026-06-24T19:15:00Z,235.63,235.66,235.63,235.66,68717
2026-06-24T19:16:00Z,235.66,235.68,235.62,235.64,151794
2026-06-24T19:17:00Z,235.64,235.65,235.64,235.65,84102
2026-06-24T19:18:00Z,235.65,235.69,235.65,235.67,108717
2026-06-24T19:19:00Z,235.67,235.70,235.65,235.68,130256
2026-06-24T19:20:00Z,235.68,235.70,235.64,235.66,102564
2026-06-24T19:21:00Z,235.66,235.67,235.66,235.67,108717
2026-06-24T19:22:00Z,235.67,235.67,235.64,235.66,118974
2026-06-24T19:23:00Z,235.66,235.68,235.62,235.62,97435
2026-06-24T19:24:00Z,235.62,235.64,235.60,235.60,151794
2026-06-24T19:25:00Z,235.60,235.62,235.56,235.58,136410
2026-06-24T19:26:00Z,235.58,235.60,235.57,235.57,149743
2026-06-24T19:27:00Z,235.57,235.62,235.57,235.60,85128
2026-06-24T19:28:00Z,235.60,235.62,235.56,235.58,142563
2026-06-24T19:29:00Z,235.58,235.60,235.53,235.55,109743
2026-06-24T19:30:00Z,235.55,235.56,235.55,235.56,121025
2026-06-24T19:31:00Z,235.56,235.56,235.53,235.55,62564
2026-06-24T19:32:00Z,235.55,235.57,235.53,235.57,67692
2026-06-24T19:33:00Z,235.57,235.57,235.51,235.53,107692
2026-06-24T19:34:00Z,235.53,235.53,235.48,235.50,153846
2026-06-24T19:35:00Z,235.50,235.50,235.45,235.47,136410
2026-06-24T19:36:00Z,235.47,235.51,235.45,235.49,147692
2026-06-24T19:37:00Z,235.49,235.49,235.45,235.47,105640
2026-06-24T19:38:00Z,235.47,235.51,235.47,235.49,153846
2026-06-24T19:39:00Z,235.49,235.55,235.49,235.53,84102
2026-06-24T19:40:00Z,235.53,235.57,235.53,235.55,110769
2026-06-24T19:41:00Z,235.55,235.58,235.55,235.56,115897
2026-06-24T19:42:00Z,235.56,235.58,235.54,235.58,55384
2026-06-24T19:43:00Z,235.58,235.60,235.55,235.55,78974
2026-06-24T19:44:00Z,235.55,235.55,235.50,235.52,96410
2026-06-24T19:45:00Z,235.52,235.52,235.43,235.45,125128
2026-06-24T19:46:00Z,235.45,235.47,235.42,235.42,132307
2026-06-24T19:47:00Z,235.42,235.46,235.42,235.46,98461
2026-06-24T19:48:00Z,235.46,235.46,235.44,235.44,150769
2026-06-24T19:49:00Z,235.44,235.44,235.39,235.41,68717
2026-06-24T19:50:00Z,235.41,235.45,235.39,235.43,147692
2026-06-24T19:51:00Z,235.43,235.43,235.40,235.42,85128
2026-06-24T19:52:00Z,235.42,235.49,235.40,235.47,139487
2026-06-24T19:53:00Z,235.47,235.53,235.45,235.51,90256
2026-06-24T19:54:00Z,235.51,235.53,235.51,235.53,131281
2026-06-24T19:55:00Z,235.53,235.55,235.51,235.55,104615
2026-06-24T19:56:00Z,235.55,235.58,235.55,235.56,129230
2026-06-24T19:57:00Z,235.56,235.60,235.56,235.58,115897
2026-06-24T19:58:00Z,235.58,235.60,235.55,235.55,150769
2026-06-24T19:59:00Z,235.55,235.59,235.53,235.59,137435
2026-06-25T13:30:00Z,235.59,235.61,235.55,235.57,87179
2026-06-25T13:31:00Z,235.57,235.62,235.57,235.60,70769
2026-06-25T13:32:00Z,235.60,235.60,235.57,235.57,145640
2026-06-25T13:33:00Z,235.57,235.58,235.55,235.58,90256
2026-06-25T13:34:00Z,235.58,235.60,235.54,235.56,104615
2026-06-25T13:35:00Z,235.56,235.56,235.51,235.53,130256
2026-06-25T13:36:00Z,235.53,235.58,235.51,235.58,69743
2026-06-25T13:37:00Z,235.58,235.59,235.58,235.59,122051
2026-06-25T13:38:00Z,235.59,235.61,235.56,235.58,105640
2026-06-25T13:39:00Z,235.58,235.61,235.56,235.61,91281
2026-06-25T13:40:00Z,235.61,235.63,235.59,235.63,53333
2026-06-25T13:41:00Z,235.63,235.65,235.59,235.61,124102
2026-06-25T13:42:00Z,235.61,235.63,235.59,235.59,130256
2026-06-25T13:43:00Z,235.59,235.68,235.59,235.68,140512
2026-06-25T13:44:00Z,235.68,235.68,235.64,235.64,102564
2026-06-25T13:45:00Z,235.64,235.64,235.60,235.60,132307
2026-06-25T13:46:00Z,235.60,235.62,235.57,235.59,127179
2026-06-25T13:47:00Z,235.59,235.59,235.55,235.57,128205
2026-06-25T13:48:00Z,235.57,235.57,235.53,235.53,59487
2026-06-25T13:49:00Z,235.53,235.55,235.52,235.52,62564
2026-06-25T13:50:00Z,235.52,235.55,235.50,235.53,151794
2026-06-25T13:51:00Z,235.53,235.57,235.53,235.55,132307
2026-06-25T13:52:00Z,235.55,235.56,235.55,235.56,71794
2026-06-25T13:53:00Z,235.56,235.63,235.56,235.61,75897
2026-06-25T13:54:00Z,235.61,235.63,235.59,235.63,132307
2026-06-25T13:55:00Z,235.63,235.65,235.59,235.59,147692
2026-06-25T13:56:00Z,235.59,235.66,235.57,235.64,112820
2026-06-25T13:57:00Z,235.64,235.68,235.64,235.66,113846
2026-06-25T13:58:00Z,235.66,235.69,235.66,235.67,59487
2026-06-25T13:59:00Z,235.67,235.71,235.67,235.69,134358
2026-06-25T14:00:00Z,235.69,235.69,235.65,235.67,121025
2026-06-25T14:01:00Z,235.67,235.72,235.67,235.72,101538
2026-06-25T14:02:00Z,235.72,235.74,235.71,235.71,58461
2026-06-25T14:03:00Z,235.71,235.73,235.65,235.67,140512
2026-06-25T14:04:00Z,235.67,235.68,235.67,235.68,83076
2026-06-25T14:05:00Z,235.68,235.70,235.67,235.67,98461
2026-06-25T14:06:00Z,235.67,235.69,235.63,235.65,82051
2026-06-25T14:07:00Z,235.65,235.70,235.63,235.70,136410
2026-06-25T14:08:00Z,235.70,235.72,235.70,235.72,147692
2026-06-25T14:09:00Z,235.72,235.74,235.63,235.65,118974
2026-06-25T14:10:00Z,235.65,235.65,235.60,235.62,147692
2026-06-25T14:11:00Z,235.62,235.65,235.62,235.65,72820
2026-06-25T14:12:00Z,235.65,235.67,235.61,235.63,95384
2026-06-25T14:13:00Z,235.63,235.69,235.61,235.67,126153
2026-06-25T14:14:00Z,235.67,235.69,235.61,235.63,128205
2026-06-25T14:15:00Z,235.63,235.65,235.59,235.59,145640
2026-06-25T14:16:00Z,235.59,235.63,235.57,235.61,75897
2026-06-25T14:17:00Z,235.61,235.62,235.59,235.62,65640
2026-06-25T14:18:00Z,235.62,235.65,235.60,235.63,81025
2026-06-25T14:19:00Z,235.63,235.71,235.63,235.69,124102
2026-06-25T14:20:00Z,235.69,235.69,235.65,235.67,101538
2026-06-25T14:21:00Z,235.67,235.71,235.65,235.69,117948
2026-06-25T14:22:00Z,235.69,235.69,235.63,235.65,138461
2026-06-25T14:23:00Z,235.65,235.70,235.65,235.68,53333
2026-06-25T14:24:00Z,235.68,235.72,235.68,235.70,74871
2026-06-25T14:25:00Z,235.70,235.72,235.64,235.66,59487
2026-06-25T14:26:00Z,235.66,235.66,235.60,235.62,148717
2026-06-25T14:27:00Z,235.62,235.62,235.61,235.61,139487
2026-06-25T14:28:00Z,235.61,235.61,235.54,235.54,147692
2026-06-25T14:29:00Z,235.54,235.60,235.54,235.58,86153
2026-06-25T14:30:00Z,235.58,235.58,235.55,235.55,139487
2026-06-25T14:31:00Z,235.55,235.59,235.55,235.57,72820
2026-06-25T14:32:00Z,235.57,235.60,235.55,235.58,146666
2026-06-25T14:33:00Z,235.58,235.60,235.56,235.58,70769
2026-06-25T14:34:00Z,235.58,235.60,235.53,235.55,109743
2026-06-25T14:35:00Z,235.55,235.56,235.55,235.56,90256
2026-06-25T14:36:00Z,235.56,235.58,235.51,235.53,75897
2026-06-25T14:37:00Z,235.53,235.54,235.53,235.54,101538
2026-06-25T14:38:00Z,235.54,235.56,235.47,235.49,68717
2026-06-25T14:39:00Z,235.49,235.49,235.46,235.46,86153
2026-06-25T14:40:00Z,235.46,235.46,235.42,235.44,71794
2026-06-25T14:41:00Z,235.44,235.46,235.41,235.41,123076
2026-06-25T14:42:00Z,235.41,235.41,235.38,235.38,119999
2026-06-25T14:43:00Z,235.38,235.45,235.36,235.43,72820
2026-06-25T14:44:00Z,235.43,235.43,235.41,235.43,113846
2026-06-25T14:45:00Z,235.43,235.44,235.43,235.44,51282
2026-06-25T14:46:00Z,235.44,235.46,235.44,235.44,95384
2026-06-25T14:47:00Z,235.44,235.48,235.44,235.46,106666
2026-06-25T14:48:00Z,235.46,235.46,235.40,235.42,119999
2026-06-25T14:49:00Z,235.42,235.44,235.42,235.42,107692
2026-06-25T14:50:00Z,235.42,235.45,235.42,235.43,118974
2026-06-25T14:51:00Z,235.43,235.47,235.43,235.45,74871
2026-06-25T14:52:00Z,235.45,235.45,235.40,235.42,79999
2026-06-25T14:53:00Z,235.42,235.47,235.40,235.45,128205
2026-06-25T14:54:00Z,235.45,235.45,235.40,235.42,117948
2026-06-25T14:55:00Z,235.42,235.44,235.40,235.42,83076
2026-06-25T14:56:00Z,235.42,235.44,235.40,235.40,71794
2026-06-25T14:57:00Z,235.40,235.42,235.38,235.42,105640
2026-06-25T14:58:00Z,235.42,235.43,235.42,235.43,71794
2026-06-25T14:59:00Z,235.43,235.45,235.40,235.40,143589
2026-06-25T15:00:00Z,235.40,235.44,235.40,235.42,106666
2026-06-25T15:01:00Z,235.42,235.47,235.42,235.45,84102
2026-06-25T15:02:00Z,235.45,235.47,235.45,235.45,136410
2026-06-25T15:03:00Z,235.45,235.47,235.41,235.41,140512
2026-06-25T15:04:00Z,235.41,235.41,235.39,235.41,129230
2026-06-25T15:05:00Z,235.41,235.41,235.41,235.41,54358
2026-06-25T15:06:00Z,235.41,235.42,235.39,235.42,149743
2026-06-25T15:07:00Z,235.42,235.44,235.42,235.42,117948
2026-06-25T15:08:00Z,235.42,235.44,235.40,235.44,69743
2026-06-25T15:09:00Z,235.44,235.44,235.42,235.42,111794
2026-06-25T15:10:00Z,235.42,235.48,235.40,235.46,53333
2026-06-25T15:11:00Z,235.46,235.46,235.40,235.42,68717
2026-06-25T15:12:00Z,235.42,235.42,235.42,235.42,127179
2026-06-25T15:13:00Z,235.42,235.48,235.42,235.46,148717
2026-06-25T15:14:00Z,235.46,235.47,235.44,235.47,131281
2026-06-25T15:15:00Z,235.47,235.49,235.40,235.42,111794
2026-06-25T15:16:00Z,235.42,235.42,235.40,235.40,68717
2026-06-25T15:17:00Z,235.40,235.42,235.35,235.35,123076
2026-06-25T15:18:00Z,235.35,235.35,235.30,235.30,60512
2026-06-25T15:19:00Z,235.30,235.33,235.30,235.31,132307
2026-06-25T15:20:00Z,235.31,235.35,235.29,235.33,116922
2026-06-25T15:21:00Z,235.33,235.33,235.26,235.28,51282
2026-06-25T15:22:00Z,235.28,235.33,235.26,235.31,102564
2026-06-25T15:23:00Z,235.31,235.31,235.31,235.31,133333
2026-06-25T15:24:00Z,235.31,235.34,235.31,235.32,127179
2026-06-25T15:25:00Z,235.32,235.34,235.30,235.32,123076
2026-06-25T15:26:00Z,235.32,235.32,235.32,235.32,151794
2026-06-25T15:27:00Z,235.32,235.35,235.32,235.33,68717
2026-06-25T15:28:00Z,235.33,235.33,235.33,235.33,129230
2026-06-25T15:29:00Z,235.33,235.36,235.31,235.34,61538
2026-06-25T15:30:00Z,235.34,235.34,235.32,235.32,60512
2026-06-25T15:31:00Z,235.32,235.34,235.28,235.30,128205
2026-06-25T15:32:00Z,235.30,235.34,235.28,235.34,75897
2026-06-25T15:33:00Z,235.34,235.36,235.28,235.30,91281
2026-06-25T15:34:00Z,235.30,235.34,235.28,235.32,57435
2026-06-25T15:35:00Z,235.32,235.33,235.32,235.33,81025
2026-06-25T15:36:00Z,235.33,235.33,235.25,235.27,91281
2026-06-25T15:37:00Z,235.27,235.30,235.25,235.30,90256
2026-06-25T15:38:00Z,235.30,235.32,235.29,235.29,119999
2026-06-25T15:39:00Z,235.29,235.29,235.27,235.27,114871
2026-06-25T15:40:00Z,235.27,235.30,235.27,235.28,118974
2026-06-25T15:41:00Z,235.28,235.32,235.26,235.30,96410
2026-06-25T15:42:00Z,235.30,235.32,235.28,235.28,139487
2026-06-25T15:43:00Z,235.28,235.28,235.27,235.27,81025
2026-06-25T15:44:00Z,235.27,235.27,235.23,235.25,62564
2026-06-25T15:45:00Z,235.25,235.27,235.24,235.24,119999
2026-06-25T15:46:00Z,235.24,235.25,235.22,235.25,91281
2026-06-25T15:47:00Z,235.25,235.27,235.23,235.27,86153
2026-06-25T15:48:00Z,235.27,235.29,235.23,235.25,70769
2026-06-25T15:49:00Z,235.25,235.27,235.22,235.22,53333
2026-06-25T15:50:00Z,235.22,235.23,235.22,235.23,107692
2026-06-25T15:51:00Z,235.23,235.23,235.19,235.19,123076
2026-06-25T15:52:00Z,235.19,235.19,235.14,235.16,94358
2026-06-25T15:53:00Z,235.16,235.21,235.14,235.19,57435
2026-06-25T15:54:00Z,235.19,235.25,235.19,235.23,126153
2026-06-25T15:55:00Z,235.23,235.26,235.21,235.26,148717
2026-06-25T15:56:00Z,235.26,235.26,235.25,235.25,79999
2026-06-25T15:57:00Z,235.25,235.26,235.23,235.26,118974
2026-06-25T15:58:00Z,235.26,235.26,235.25,235.25,101538
2026-06-25T15:59:00Z,235.25,235.25,235.16,235.18,76923
2026-06-25T16:00:00Z,235.18,235.20,235.11,235.11,61538
2026-06-25T16:01:00Z,235.11,235.13,235.11,235.13,84102
2026-06-25T16:02:00Z,235.13,235.18,235.13,235.16,130256
2026-06-25T16:03:00Z,235.16,235.20,235.16,235.20,139487
2026-06-25T16:04:00Z,235.20,235.23,235.18,235.21,144615
2026-06-25T16:05:00Z,235.21,235.29,235.21,235.27,51282
2026-06-25T16:06:00Z,235.27,235.29,235.25,235.25,59487
2026-06-25T16:07:00Z,235.25,235.27,235.25,235.27,77948
2026-06-25T16:08:00Z,235.27,235.32,235.25,235.30,140512
2026-06-25T16:09:00Z,235.30,235.41,235.28,235.39,84102
2026-06-25T16:10:00Z,235.39,235.41,235.37,235.37,86153
2026-06-25T16:11:00Z,235.37,235.42,235.35,235.42,83076
2026-06-25T16:12:00Z,235.42,235.42,235.41,235.41,78974
2026-06-25T16:13:00Z,235.41,235.41,235.37,235.37,53333
2026-06-25T16:14:00Z,235.37,235.39,235.32,235.34,148717
2026-06-25T16:15:00Z,235.34,235.35,235.32,235.35,139487
2026-06-25T16:16:00Z,235.35,235.37,235.32,235.32,100512
2026-06-25T16:17:00Z,235.32,235.32,235.30,235.30,51282
2026-06-25T16:18:00Z,235.30,235.32,235.30,235.32,147692
2026-06-25T16:19:00Z,235.32,235.37,235.32,235.35,59487
2026-06-25T16:20:00Z,235.35,235.38,235.33,235.38,122051
2026-06-25T16:21:00Z,235.38,235.42,235.36,235.42,129230
2026-06-25T16:22:00Z,235.42,235.42,235.40,235.40,137435
2026-06-25T16:23:00Z,235.40,235.42,235.38,235.42,72820
2026-06-25T16:24:00Z,235.42,235.42,235.38,235.40,136410
2026-06-25T16:25:00Z,235.40,235.44,235.38,235.42,101538
2026-06-25T16:26:00Z,235.42,235.42,235.40,235.40,124102
2026-06-25T16:27:00Z,235.40,235.40,235.39,235.39,105640
2026-06-25T16:28:00Z,235.39,235.44,235.37,235.44,111794
2026-06-25T16:29:00Z,235.44,235.46,235.43,235.43,71794
2026-06-25T16:30:00Z,235.43,235.45,235.41,235.43,87179
2026-06-25T16:31:00Z,235.43,235.45,235.43,235.43,91281
2026-06-25T16:32:00Z,235.43,235.43,235.43,235.43,82051
2026-06-25T16:33:00Z,235.43,235.45,235.41,235.43,94358
2026-06-25T16:34:00Z,235.43,235.49,235.43,235.47,129230
2026-06-25T16:35:00Z,235.47,235.49,235.40,235.42,81025
2026-06-25T16:36:00Z,235.42,235.42,235.40,235.42,59487
2026-06-25T16:37:00Z,235.42,235.42,235.37,235.39,58461
2026-06-25T16:38:00Z,235.39,235.40,235.37,235.40,91281
2026-06-25T16:39:00Z,235.40,235.40,235.40,235.40,105640
2026-06-25T16:40:00Z,235.40,235.44,235.38,235.42,51282
2026-06-25T16:41:00Z,235.42,235.42,235.40,235.42,66666
2026-06-25T16:42:00Z,235.42,235.46,235.40,235.46,96410
2026-06-25T16:43:00Z,235.46,235.46,235.46,235.46,138461
2026-06-25T16:44:00Z,235.46,235.48,235.46,235.46,100512
2026-06-25T16:45:00Z,235.46,235.48,235.41,235.43,135384
2026-06-25T16:46:00Z,235.43,235.43,235.41,235.43,94358
2026-06-25T16:47:00Z,235.43,235.45,235.39,235.41,92307
2026-06-25T16:48:00Z,235.41,235.43,235.36,235.38,69743
2026-06-25T16:49:00Z,235.38,235.38,235.36,235.38,57435
2026-06-25T16:50:00Z,235.38,235.38,235.33,235.35,89230
2026-06-25T16:51:00Z,235.35,235.35,235.28,235.30,146666
2026-06-25T16:52:00Z,235.30,235.36,235.28,235.34,92307
2026-06-25T16:53:00Z,235.34,235.36,235.34,235.36,66666
2026-06-25T16:54:00Z,235.36,235.36,235.31,235.33,77948
2026-06-25T16:55:00Z,235.33,235.36,235.33,235.34,101538
2026-06-25T16:56:00Z,235.34,235.38,235.32,235.36,85128
2026-06-25T16:57:00Z,235.36,235.38,235.36,235.38,138461
2026-06-25T16:58:00Z,235.38,235.40,235.36,235.38,117948
2026-06-25T16:59:00Z,235.38,235.44,235.36,235.42,144615
2026-06-25T17:00:00Z,235.42,235.46,235.40,235.44,93333
2026-06-25T17:01:00Z,235.44,235.48,235.42,235.48,111794
2026-06-25T17:02:00Z,235.48,235.48,235.43,235.43,67692
2026-06-25T17:03:00Z,235.43,235.47,235.41,235.45,56410
2026-06-25T17:04:00Z,235.45,235.47,235.41,235.43,64615
2026-06-25T17:05:00Z,235.43,235.43,235.36,235.38,64615
2026-06-25T17:06:00Z,235.38,235.40,235.33,235.33,72820
2026-06-25T17:07:00Z,235.33,235.33,235.30,235.30,127179
2026-06-25T17:08:00Z,235.30,235.32,235.28,235.32,90256
2026-06-25T17:09:00Z,235.32,235.34,235.32,235.34,71794
2026-06-25T17:10:00Z,235.34,235.34,235.34,235.34,55384
2026-06-25T17:11:00Z,235.34,235.36,235.32,235.34,131281
2026-06-25T17:12:00Z,235.34,235.35,235.32,235.35,52307
2026-06-25T17:13:00Z,235.35,235.37,235.32,235.32,59487
2026-06-25T17:14:00Z,235.32,235.34,235.32,235.34,94358
2026-06-25T17:15:00Z,235.34,235.34,235.32,235.34,59487
2026-06-25T17:16:00Z,235.34,235.36,235.32,235.36,144615
2026-06-25T17:17:00Z,235.36,235.36,235.36,235.36,96410
2026-06-25T17:18:00Z,235.36,235.36,235.29,235.31,113846
2026-06-25T17:19:00Z,235.31,235.31,235.28,235.28,128205
2026-06-25T17:20:00Z,235.28,235.28,235.23,235.25,127179
2026-06-25T17:21:00Z,235.25,235.30,235.25,235.28,96410
2026-06-25T17:22:00Z,235.28,235.28,235.20,235.20,79999
2026-06-25T17:23:00Z,235.20,235.22,235.20,235.22,112820
2026-06-25T17:24:00Z,235.22,235.26,235.22,235.26,141538
2026-06-25T17:25:00Z,235.26,235.28,235.23,235.23,113846
2026-06-25T17:26:00Z,235.23,235.27,235.21,235.25,108717
2026-06-25T17:27:00Z,235.25,235.25,235.15,235.17,132307
2026-06-25T17:28:00Z,235.17,235.19,235.10,235.12,146666
2026-06-25T17:29:00Z,235.12,235.12,235.08,235.08,58461
2026-06-25T17:30:00Z,235.08,235.08,235.03,235.05,131281
2026-06-25T17:31:00Z,235.05,235.08,235.05,235.06,103589
2026-06-25T17:32:00Z,235.06,235.06,235.00,235.02,117948
2026-06-25T17:33:00Z,235.02,235.02,234.97,234.97,78974
2026-06-25T17:34:00Z,234.97,234.98,234.95,234.98,133333
2026-06-25T17:35:00Z,234.98,235.01,234.96,234.99,152820
2026-06-25T17:36:00Z,234.99,235.01,234.99,235.01,103589
2026-06-25T17:37:00Z,235.01,235.04,235.01,235.04,94358
2026-06-25T17:38:00Z,235.04,235.04,235.00,235.00,128205
2026-06-25T17:39:00Z,235.00,235.02,234.98,235.02,99487
2026-06-25T17:40:00Z,235.02,235.07,235.02,235.05,84102
2026-06-25T17:41:00Z,235.05,235.06,235.05,235.06,83076
2026-06-25T17:42:00Z,235.06,235.08,235.03,235.03,81025
2026-06-25T17:43:00Z,235.03,235.05,235.01,235.01,153846
2026-06-25T17:44:00Z,235.01,235.04,235.01,235.04,81025
2026-06-25T17:45:00Z,235.04,235.08,235.02,235.06,60512
2026-06-25T17:46:00Z,235.06,235.11,235.06,235.09,87179
2026-06-25T17:47:00Z,235.09,235.09,235.02,235.02,92307
2026-06-25T17:48:00Z,235.02,235.02,234.97,234.99,111794
2026-06-25T17:49:00Z,234.99,235.00,234.97,235.00,130256
2026-06-25T17:50:00Z,235.00,235.03,234.98,235.01,82051
2026-06-25T17:51:00Z,235.01,235.03,234.99,235.01,90256
2026-06-25T17:52:00Z,235.01,235.03,234.97,234.99,55384
2026-06-25T17:53:00Z,234.99,235.02,234.99,235.02,107692
2026-06-25T17:54:00Z,235.02,235.02,235.02,235.02,140512
2026-06-25T17:55:00Z,235.02,235.07,235.02,235.05,74871
2026-06-25T17:56:00Z,235.05,235.07,235.01,235.01,117948
2026-06-25T17:57:00Z,235.01,235.03,234.99,235.01,76923
2026-06-25T17:58:00Z,235.01,235.04,234.99,235.04,70769
2026-06-25T17:59:00Z,235.04,235.06,234.95,234.97,57435
2026-06-25T18:00:00Z,234.97,235.01,234.95,234.99,76923
2026-06-25T18:01:00Z,234.99,234.99,234.97,234.97,143589
2026-06-25T18:02:00Z,234.97,235.00,234.97,235.00,145640
2026-06-25T18:03:00Z,235.00,235.02,234.98,235.00,104615
2026-06-25T18:04:00Z,235.00,235.07,234.98,235.05,101538
2026-06-25T18:05:00Z,235.05,235.07,235.01,235.01,95384
2026-06-25T18:06:00Z,235.01,235.03,234.96,234.98,101538
2026-06-25T18:07:00Z,234.98,235.03,234.96,235.03,66666
2026-06-25T18:08:00Z,235.03,235.03,235.01,235.01,81025
2026-06-25T18:09:00Z,235.01,235.03,234.98,234.98,95384
2026-06-25T18:10:00Z,234.98,234.99,234.96,234.99,110769
2026-06-25T18:11:00Z,234.99,234.99,234.93,234.95,105640
2026-06-25T18:12:00Z,234.95,234.95,234.93,234.95,56410
2026-06-25T18:13:00Z,234.95,234.95,234.91,234.91,130256
2026-06-25T18:14:00Z,234.91,234.93,234.87,234.89,86153
2026-06-25T18:15:00Z,234.89,234.91,234.84,234.86,139487
2026-06-25T18:16:00Z,234.86,234.88,234.84,234.84,88205
2026-06-25T18:17:00Z,234.84,234.91,234.82,234.89,121025
2026-06-25T18:18:00Z,234.89,234.93,234.89,234.91,101538
2026-06-25T18:19:00Z,234.91,234.93,234.87,234.89,94358
2026-06-25T18:20:00Z,234.89,234.91,234.85,234.87,143589
2026-06-25T18:21:00Z,234.87,234.89,234.82,234.84,96410
2026-06-25T18:22:00Z,234.84,234.84,234.80,234.82,81025
2026-06-25T18:23:00Z,234.82,234.87,234.82,234.85,58461
2026-06-25T18:24:00Z,234.85,234.87,234.83,234.85,94358
2026-06-25T18:25:00Z,234.85,234.85,234.79,234.81,56410
2026-06-25T18:26:00Z,234.81,234.83,234.77,234.79,77948
2026-06-25T18:27:00Z,234.79,234.79,234.74,234.76,87179
2026-06-25T18:28:00Z,234.76,234.78,234.72,234.74,101538
2026-06-25T18:29:00Z,234.74,234.77,234.74,234.75,126153
2026-06-25T18:30:00Z,234.75,234.79,234.75,234.77,106666
2026-06-25T18:31:00Z,234.77,234.77,234.73,234.75,116922
2026-06-25T18:32:00Z,234.75,234.78,234.75,234.76,144615
2026-06-25T18:33:00Z,234.76,234.77,234.74,234.77,101538
2026-06-25T18:34:00Z,234.77,234.79,234.73,234.75,71794
2026-06-25T18:35:00Z,234.75,234.78,234.73,234.76,71794
2026-06-25T18:36:00Z,234.76,234.78,234.70,234.72,127179
2026-06-25T18:37:00Z,234.72,234.74,234.70,234.70,82051
2026-06-25T18:38:00Z,234.70,234.72,234.68,234.68,106666
2026-06-25T18:39:00Z,234.68,234.73,234.66,234.71,78974
2026-06-25T18:40:00Z,234.71,234.74,234.69,234.72,128205
2026-06-25T18:41:00Z,234.72,234.73,234.70,234.73,139487
2026-06-25T18:42:00Z,234.73,234.76,234.71,234.74,125128
2026-06-25T18:43:00Z,234.74,234.77,234.72,234.75,77948
2026-06-25T18:44:00Z,234.75,234.76,234.73,234.76,124102
2026-06-25T18:45:00Z,234.76,234.78,234.68,234.68,121025
2026-06-25T18:46:00Z,234.68,234.71,234.68,234.69,54358
2026-06-25T18:47:00Z,234.69,234.71,234.63,234.65,68717
2026-06-25T18:48:00Z,234.65,234.67,234.58,234.58,111794
2026-06-25T18:49:00Z,234.58,234.58,234.54,234.56,109743
2026-06-25T18:50:00Z,234.56,234.59,234.56,234.59,65640
2026-06-25T18:51:00Z,234.59,234.59,234.55,234.57,131281
2026-06-25T18:52:00Z,234.57,234.65,234.57,234.65,132307
2026-06-25T18:53:00Z,234.65,234.68,234.63,234.66,119999
2026-06-25T18:54:00Z,234.66,234.67,234.64,234.67,130256
2026-06-25T18:55:00Z,234.67,234.70,234.67,234.68,92307
2026-06-25T18:56:00Z,234.68,234.70,234.64,234.64,138461
2026-06-25T18:57:00Z,234.64,234.66,234.60,234.62,118974
2026-06-25T18:58:00Z,234.62,234.67,234.62,234.65,59487
2026-06-25T18:59:00Z,234.65,234.66,234.65,234.66,108717
2026-06-25T19:00:00Z,234.66,234.68,234.66,234.66,67692
2026-06-25T19:01:00Z,234.66,234.68,234.62,234.64,84102
2026-06-25T19:02:00Z,234.64,234.66,234.62,234.62,66666
2026-06-25T19:03:00Z,234.62,234.62,234.60,234.60,54358
2026-06-25T19:04:00Z,234.60,234.61,234.60,234.61,100512
2026-06-25T19:05:00Z,234.61,234.63,234.57,234.59,119999
2026-06-25T19:06:00Z,234.59,234.62,234.59,234.62,62564
2026-06-25T19:07:00Z,234.62,234.65,234.62,234.63,57435
2026-06-25T19:08:00Z,234.63,234.63,234.61,234.61,62564
2026-06-25T19:09:00Z,234.61,234.63,234.59,234.59,61538
2026-06-25T19:10:00Z,234.59,234.61,234.55,234.55,113846
2026-06-25T19:11:00Z,234.55,234.57,234.51,234.53,123076
2026-06-25T19:12:00Z,234.53,234.58,234.53,234.56,139487
2026-06-25T19:13:00Z,234.56,234.56,234.54,234.54,66666
2026-06-25T19:14:00Z,234.54,234.55,234.52,234.55,145640
2026-06-25T19:15:00Z,234.55,234.55,234.52,234.52,99487
2026-06-25T19:16:00Z,234.52,234.57,234.50,234.57,69743
2026-06-25T19:17:00Z,234.57,234.59,234.55,234.55,56410
2026-06-25T19:18:00Z,234.55,234.57,234.49,234.51,92307
2026-06-25T19:19:00Z,234.51,234.54,234.51,234.52,61538
2026-06-25T19:20:00Z,234.52,234.54,234.48,234.50,92307
2026-06-25T19:21:00Z,234.50,234.53,234.50,234.51,82051
2026-06-25T19:22:00Z,234.51,234.56,234.51,234.54,61538
2026-06-25T19:23:00Z,234.54,234.54,234.52,234.52,102564
2026-06-25T19:24:00Z,234.52,234.53,234.52,234.53,117948
2026-06-25T19:25:00Z,234.53,234.55,234.49,234.51,123076
2026-06-25T19:26:00Z,234.51,234.53,234.45,234.47,66666
2026-06-25T19:27:00Z,234.47,234.50,234.47,234.48,51282
2026-06-25T19:28:00Z,234.48,234.50,234.44,234.46,62564
2026-06-25T19:29:00Z,234.46,234.47,234.44,234.47,62564
2026-06-25T19:30:00Z,234.47,234.47,234.43,234.43,57435
2026-06-25T19:31:00Z,234.43,234.45,234.37,234.39,93333
2026-06-25T19:32:00Z,234.39,234.41,234.36,234.38,149743
2026-06-25T19:33:00Z,234.38,234.40,234.36,234.40,74871
2026-06-25T19:34:00Z,234.40,234.41,234.40,234.41,102564
2026-06-25T19:35:00Z,234.41,234.41,234.40,234.40,84102
2026-06-25T19:36:00Z,234.40,234.43,234.38,234.43,131281
2026-06-25T19:37:00Z,234.43,234.43,234.38,234.40,113846
2026-06-25T19:38:00Z,234.40,234.42,234.34,234.34,125128
2026-06-25T19:39:00Z,234.34,234.36,234.28,234.30,97435
2026-06-25T19:40:00Z,234.30,234.32,234.26,234.26,112820
2026-06-25T19:41:00Z,234.26,234.26,234.26,234.26,117948
2026-06-25T19:42:00Z,234.26,234.29,234.24,234.27,123076
2026-06-25T19:43:00Z,234.27,234.30,234.25,234.30,147692
2026-06-25T19:44:00Z,234.30,234.34,234.28,234.32,102564
2026-06-25T19:45:00Z,234.32,234.34,234.29,234.31,55384
2026-06-25T19:46:00Z,234.31,234.34,234.29,234.32,76923
2026-06-25T19:47:00Z,234.32,234.34,234.26,234.26,67692
2026-06-25T19:48:00Z,234.26,234.26,234.24,234.26,110769
2026-06-25T19:49:00Z,234.26,234.29,234.26,234.27,150769
2026-06-25T19:50:00Z,234.27,234.29,234.26,234.26,151794
2026-06-25T19:51:00Z,234.26,234.28,234.23,234.25,130256
2026-06-25T19:52:00Z,234.25,234.29,234.23,234.27,144615
2026-06-25T19:53:00Z,234.27,234.29,234.18,234.18,79999
2026-06-25T19:54:00Z,234.18,234.20,234.17,234.17,116922
2026-06-25T19:55:00Z,234.17,234.19,234.16,234.16,148717
2026-06-25T19:56:00Z,234.16,234.20,234.16,234.18,130256
2026-06-25T19:57:00Z,234.18,234.18,234.12,234.14,54358
2026-06-25T19:58:00Z,234.14,234.14,234.06,234.08,139487
2026-06-25T19:59:00Z,234.08,234.08,234.03,234.05,117948
2026-06-26T13:30:00Z,234.05,234.06,234.05,234.06,102564
2026-06-26T13:31:00Z,234.06,234.10,234.06,234.08,150769
2026-06-26T13:32:00Z,234.08,234.11,234.08,234.09,138461
2026-06-26T13:33:00Z,234.09,234.09,234.08,234.08,153846
2026-06-26T13:34:00Z,234.08,234.09,234.08,234.09,52307
2026-06-26T13:35:00Z,234.09,234.11,234.04,234.06,93333
2026-06-26T13:36:00Z,234.06,234.08,234.00,234.02,94358
2026-06-26T13:37:00Z,234.02,234.04,233.96,233.96,112820
2026-06-26T13:38:00Z,233.96,234.00,233.94,234.00,72820
2026-06-26T13:39:00Z,234.00,234.01,234.00,234.01,105640
2026-06-26T13:40:00Z,234.01,234.03,234.01,234.03,124102
2026-06-26T13:41:00Z,234.03,234.05,233.97,233.99,62564
2026-06-26T13:42:00Z,233.99,233.99,233.96,233.96,94358
2026-06-26T13:43:00Z,233.96,233.99,233.94,233.99,75897
2026-06-26T13:44:00Z,233.99,234.01,233.91,233.93,151794
2026-06-26T13:45:00Z,233.93,233.97,233.91,233.97,101538
2026-06-26T13:46:00Z,233.97,233.99,233.93,233.95,95384
2026-06-26T13:47:00Z,233.95,233.95,233.92,233.94,126153
2026-06-26T13:48:00Z,233.94,233.99,233.92,233.97,108717
2026-06-26T13:49:00Z,233.97,233.99,233.94,233.96,93333
2026-06-26T13:50:00Z,233.96,233.97,233.96,233.97,83076
2026-06-26T13:51:00Z,233.97,233.99,233.97,233.99,94358
2026-06-26T13:52:00Z,233.99,234.03,233.97,234.03,153846
2026-06-26T13:53:00Z,234.03,234.06,234.03,234.04,76923
2026-06-26T13:54:00Z,234.04,234.06,234.04,234.06,141538
2026-06-26T13:55:00Z,234.06,234.06,234.02,234.02,72820
2026-06-26T13:56:00Z,234.02,234.04,233.99,233.99,143589
2026-06-26T13:57:00Z,233.99,234.00,233.97,234.00,57435
2026-06-26T13:58:00Z,234.00,234.06,233.98,234.04,54358
2026-06-26T13:59:00Z,234.04,234.06,234.01,234.03,69743
2026-06-26T14:00:00Z,234.03,234.05,233.97,233.99,51282
2026-06-26T14:01:00Z,233.99,234.01,233.98,233.98,74871
2026-06-26T14:02:00Z,233.98,234.03,233.96,234.03,103589
2026-06-26T14:03:00Z,234.03,234.05,234.03,234.05,114871
2026-06-26T14:04:00Z,234.05,234.07,234.03,234.03,92307
2026-06-26T14:05:00Z,234.03,234.05,234.02,234.02,94358
2026-06-26T14:06:00Z,234.02,234.05,234.00,234.05,102564
2026-06-26T14:07:00Z,234.05,234.09,234.05,234.07,130256
2026-06-26T14:08:00Z,234.07,234.07,234.06,234.06,76923
2026-06-26T14:09:00Z,234.06,234.08,234.02,234.04,57435
2026-06-26T14:10:00Z,234.04,234.04,234.01,234.03,119999
2026-06-26T14:11:00Z,234.03,234.05,233.97,233.99,88205
2026-06-26T14:12:00Z,233.99,234.05,233.99,234.03,58461
2026-06-26T14:13:00Z,234.03,234.08,234.01,234.06,153846
2026-06-26T14:14:00Z,234.06,234.08,234.03,234.05,53333
2026-06-26T14:15:00Z,234.05,234.13,234.03,234.11,149743
2026-06-26T14:16:00Z,234.11,234.16,234.09,234.14,129230
2026-06-26T14:17:00Z,234.14,234.18,234.12,234.16,115897
2026-06-26T14:18:00Z,234.16,234.16,234.12,234.14,132307
2026-06-26T14:19:00Z,234.14,234.18,234.12,234.18,54358
2026-06-26T14:20:00Z,234.18,234.18,234.12,234.14,97435
2026-06-26T14:21:00Z,234.14,234.20,234.14,234.18,54358
2026-06-26T14:22:00Z,234.18,234.20,234.16,234.20,129230
2026-06-26T14:23:00Z,234.20,234.22,234.13,234.13,112820
2026-06-26T14:24:00Z,234.13,234.21,234.13,234.21,146666
2026-06-26T14:25:00Z,234.21,234.24,234.21,234.22,65640
2026-06-26T14:26:00Z,234.22,234.24,234.17,234.19,117948
2026-06-26T14:27:00Z,234.19,234.22,234.19,234.20,103589
2026-06-26T14:28:00Z,234.20,234.24,234.18,234.22,92307
2026-06-26T14:29:00Z,234.22,234.28,234.20,234.28,125128
2026-06-26T14:30:00Z,234.28,234.30,234.25,234.25,108717
2026-06-26T14:31:00Z,234.25,234.27,234.23,234.23,64615
2026-06-26T14:32:00Z,234.23,234.23,234.19,234.21,134358
2026-06-26T14:33:00Z,234.21,234.23,234.21,234.21,64615
2026-06-26T14:34:00Z,234.21,234.24,234.19,234.22,121025
2026-06-26T14:35:00Z,234.22,234.25,234.22,234.25,131281
2026-06-26T14:36:00Z,234.25,234.25,234.21,234.23,102564
2026-06-26T14:37:00Z,234.23,234.25,234.16,234.18,71794
2026-06-26T14:38:00Z,234.18,234.23,234.16,234.21,92307
2026-06-26T14:39:00Z,234.21,234.22,234.21,234.22,136410
2026-06-26T14:40:00Z,234.22,234.27,234.20,234.25,85128
2026-06-26T14:41:00Z,234.25,234.27,234.25,234.27,79999
2026-06-26T14:42:00Z,234.27,234.28,234.27,234.28,53333
2026-06-26T14:43:00Z,234.28,234.31,234.26,234.31,54358
2026-06-26T14:44:00Z,234.31,234.31,234.25,234.27,86153
2026-06-26T14:45:00Z,234.27,234.27,234.20,234.22,131281
2026-06-26T14:46:00Z,234.22,234.27,234.20,234.25,140512
2026-06-26T14:47:00Z,234.25,234.26,234.23,234.26,75897
2026-06-26T14:48:00Z,234.26,234.32,234.24,234.30,59487
2026-06-26T14:49:00Z,234.30,234.30,234.26,234.28,132307
2026-06-26T14:50:00Z,234.28,234.28,234.26,234.26,102564
2026-06-26T14:51:00Z,234.26,234.26,234.17,234.19,129230
2026-06-26T14:52:00Z,234.19,234.21,234.19,234.21,130256
2026-06-26T14:53:00Z,234.21,234.24,234.21,234.24,99487
2026-06-26T14:54:00Z,234.24,234.26,234.22,234.22,67692
2026-06-26T14:55:00Z,234.22,234.25,234.20,234.25,90256
2026-06-26T14:56:00Z,234.25,234.27,234.25,234.25,127179
2026-06-26T14:57:00Z,234.25,234.28,234.25,234.26,113846
2026-06-26T14:58:00Z,234.26,234.29,234.24,234.27,62564
2026-06-26T14:59:00Z,234.27,234.29,234.25,234.25,134358
2026-06-26T15:00:00Z,234.25,234.25,234.22,234.22,90256
2026-06-26T15:01:00Z,234.22,234.22,234.20,234.20,99487
2026-06-26T15:02:00Z,234.20,234.20,234.18,234.18,95384
2026-06-26T15:03:00Z,234.18,234.20,234.18,234.18,73846
2026-06-26T15:04:00Z,234.18,234.18,234.16,234.16,60512
2026-06-26T15:05:00Z,234.16,234.16,234.14,234.14,60512
2026-06-26T15:06:00Z,234.14,234.14,234.10,234.12,148717
2026-06-26T15:07:00Z,234.12,234.16,234.10,234.16,117948
2026-06-26T15:08:00Z,234.16,234.17,234.14,234.17,57435
2026-06-26T15:09:00Z,234.17,234.19,234.11,234.13,136410
2026-06-26T15:10:00Z,234.13,234.15,234.09,234.11,57435
2026-06-26T15:11:00Z,234.11,234.11,234.04,234.06,96410
2026-06-26T15:12:00Z,234.06,234.07,234.06,234.07,73846
2026-06-26T15:13:00Z,234.07,234.08,234.05,234.08,78974
2026-06-26T15:14:00Z,234.08,234.11,234.06,234.11,99487
2026-06-26T15:15:00Z,234.11,234.15,234.09,234.13,103589
2026-06-26T15:16:00Z,234.13,234.16,234.11,234.16,104615
2026-06-26T15:17:00Z,234.16,234.18,234.10,234.12,145640
2026-06-26T15:18:00Z,234.12,234.16,234.10,234.14,109743
2026-06-26T15:19:00Z,234.14,234.19,234.12,234.17,112820
2026-06-26T15:20:00Z,234.17,234.19,234.15,234.15,59487
2026-06-26T15:21:00Z,234.15,234.16,234.15,234.16,131281
2026-06-26T15:22:00Z,234.16,234.20,234.16,234.18,135384
2026-06-26T15:23:00Z,234.18,234.19,234.18,234.19,71794
2026-06-26T15:24:00Z,234.19,234.22,234.17,234.20,84102
2026-06-26T15:25:00Z,234.20,234.20,234.18,234.18,129230
2026-06-26T15:26:00Z,234.18,234.20,234.16,234.20,91281
2026-06-26T15:27:00Z,234.20,234.23,234.20,234.21,140512
2026-06-26T15:28:00Z,234.21,234.23,234.15,234.17,131281
2026-06-26T15:29:00Z,234.17,234.18,234.15,234.18,151794
2026-06-26T15:30:00Z,234.18,234.18,234.18,234.18,69743
2026-06-26T15:31:00Z,234.18,234.20,234.16,234.16,123076
2026-06-26T15:32:00Z,234.16,234.18,234.14,234.14,129230
2026-06-26T15:33:00Z,234.14,234.16,234.10,234.12,127179
2026-06-26T15:34:00Z,234.12,234.19,234.10,234.17,147692
2026-06-26T15:35:00Z,234.17,234.20,234.17,234.20,140512
2026-06-26T15:36:00Z,234.20,234.22,234.16,234.18,123076
2026-06-26T15:37:00Z,234.18,234.18,234.16,234.16,107692
2026-06-26T15:38:00Z,234.16,234.21,234.14,234.19,61538
2026-06-26T15:39:00Z,234.19,234.20,234.17,234.20,59487
2026-06-26T15:40:00Z,234.20,234.20,234.16,234.18,67692
2026-06-26T15:41:00Z,234.18,234.21,234.16,234.21,62564
2026-06-26T15:42:00Z,234.21,234.22,234.19,234.22,125128
2026-06-26T15:43:00Z,234.22,234.24,234.18,234.20,126153
2026-06-26T15:44:00Z,234.20,234.20,234.13,234.13,140512
2026-06-26T15:45:00Z,234.13,234.14,234.13,234.14,106666
2026-06-26T15:46:00Z,234.14,234.17,234.14,234.17,115897
2026-06-26T15:47:00Z,234.17,234.22,234.15,234.20,139487
2026-06-26T15:48:00Z,234.20,234.21,234.18,234.21,85128
2026-06-26T15:49:00Z,234.21,234.28,234.21,234.26,110769
2026-06-26T15:50:00Z,234.26,234.27,234.24,234.27,83076
2026-06-26T15:51:00Z,234.27,234.29,234.23,234.25,60512
2026-06-26T15:52:00Z,234.25,234.27,234.21,234.23,102564
2026-06-26T15:53:00Z,234.23,234.23,234.19,234.19,113846
2026-06-26T15:54:00Z,234.19,234.21,234.15,234.17,146666
2026-06-26T15:55:00Z,234.17,234.18,234.17,234.18,129230
2026-06-26T15:56:00Z,234.18,234.23,234.16,234.21,51282
2026-06-26T15:57:00Z,234.21,234.21,234.12,234.14,88205
2026-06-26T15:58:00Z,234.14,234.16,234.10,234.12,84102
2026-06-26T15:59:00Z,234.12,234.13,234.10,234.13,103589
2026-06-26T16:00:00Z,234.13,234.15,234.11,234.13,71794
2026-06-26T16:01:00Z,234.13,234.15,234.09,234.09,62564
2026-06-26T16:02:00Z,234.09,234.12,234.09,234.12,112820
2026-06-26T16:03:00Z,234.12,234.17,234.10,234.15,143589
2026-06-26T16:04:00Z,234.15,234.23,234.15,234.23,104615
2026-06-26T16:05:00Z,234.23,234.26,234.23,234.26,52307
2026-06-26T16:06:00Z,234.26,234.26,234.22,234.24,92307
2026-06-26T16:07:00Z,234.24,234.26,234.15,234.17,116922
2026-06-26T16:08:00Z,234.17,234.18,234.15,234.18,145640
2026-06-26T16:09:00Z,234.18,234.23,234.18,234.21,151794
2026-06-26T16:10:00Z,234.21,234.26,234.21,234.24,126153
2026-06-26T16:11:00Z,234.24,234.26,234.20,234.20,139487
2026-06-26T16:12:00Z,234.20,234.20,234.18,234.18,146666
2026-06-26T16:13:00Z,234.18,234.21,234.18,234.21,143589
2026-06-26T16:14:00Z,234.21,234.26,234.21,234.24,153846
2026-06-26T16:15:00Z,234.24,234.26,234.22,234.22,126153
2026-06-26T16:16:00Z,234.22,234.24,234.18,234.20,110769
2026-06-26T16:17:00Z,234.20,234.25,234.18,234.25,147692
2026-06-26T16:18:00Z,234.25,234.26,234.25,234.26,136410
2026-06-26T16:19:00Z,234.26,234.29,234.24,234.29,83076
2026-06-26T16:20:00Z,234.29,234.32,234.29,234.30,116922
2026-06-26T16:21:00Z,234.30,234.33,234.28,234.33,149743
2026-06-26T16:22:00Z,234.33,234.38,234.33,234.36,68717
2026-06-26T16:23:00Z,234.36,234.38,234.32,234.34,83076
2026-06-26T16:24:00Z,234.34,234.35,234.32,234.35,136410
2026-06-26T16:25:00Z,234.35,234.36,234.33,234.36,60512
2026-06-26T16:26:00Z,234.36,234.39,234.34,234.37,81025
2026-06-26T16:27:00Z,234.37,234.39,234.30,234.30,98461
2026-06-26T16:28:00Z,234.30,234.32,234.26,234.28,52307
2026-06-26T16:29:00Z,234.28,234.30,234.24,234.26,108717
2026-06-26T16:30:00Z,234.26,234.33,234.26,234.31,85128
2026-06-26T16:31:00Z,234.31,234.36,234.31,234.34,142563
2026-06-26T16:32:00Z,234.34,234.36,234.32,234.32,65640
2026-06-26T16:33:00Z,234.32,234.35,234.30,234.33,76923
2026-06-26T16:34:00Z,234.33,234.34,234.31,234.34,108717
2026-06-26T16:35:00Z,234.34,234.35,234.32,234.35,123076
2026-06-26T16:36:00Z,234.35,234.36,234.35,234.36,82051
2026-06-26T16:37:00Z,234.36,234.38,234.32,234.32,101538
2026-06-26T16:38:00Z,234.32,234.33,234.30,234.33,146666
2026-06-26T16:39:00Z,234.33,234.33,234.31,234.31,78974
2026-06-26T16:40:00Z,234.31,234.33,234.27,234.29,63589
2026-06-26T16:41:00Z,234.29,234.29,234.23,234.23,133333
2026-06-26T16:42:00Z,234.23,234.28,234.21,234.26,67692
2026-06-26T16:43:00Z,234.26,234.26,234.24,234.24,153846
2026-06-26T16:44:00Z,234.24,234.26,234.22,234.22,129230
2026-06-26T16:45:00Z,234.22,234.25,234.22,234.25,113846
2026-06-26T16:46:00Z,234.25,234.27,234.21,234.21,62564
2026-06-26T16:47:00Z,234.21,234.22,234.21,234.22,133333
2026-06-26T16:48:00Z,234.22,234.29,234.20,234.27,121025
2026-06-26T16:49:00Z,234.27,234.29,234.25,234.25,51282
2026-06-26T16:50:00Z,234.25,234.28,234.23,234.26,68717
2026-06-26T16:51:00Z,234.26,234.29,234.26,234.29,104615
2026-06-26T16:52:00Z,234.29,234.29,234.25,234.25,153846
2026-06-26T16:53:00Z,234.25,234.25,234.22,234.22,82051
2026-06-26T16:54:00Z,234.22,234.22,234.18,234.20,113846
2026-06-26T16:55:00Z,234.20,234.22,234.13,234.13,115897
2026-06-26T16:56:00Z,234.13,234.16,234.11,234.14,91281
2026-06-26T16:57:00Z,234.14,234.21,234.14,234.19,133333
2026-06-26T16:58:00Z,234.19,234.21,234.15,234.15,53333
2026-06-26T16:59:00Z,234.15,234.15,234.09,234.11,89230
2026-06-26T17:00:00Z,234.11,234.14,234.11,234.12,51282
2026-06-26T17:01:00Z,234.12,234.12,234.08,234.10,117948
2026-06-26T17:02:00Z,234.10,234.10,234.08,234.08,100512
2026-06-26T17:03:00Z,234.08,234.10,234.04,234.06,61538
2026-06-26T17:04:00Z,234.06,234.09,234.04,234.07,96410
2026-06-26T17:05:00Z,234.07,234.11,234.05,234.09,147692
2026-06-26T17:06:00Z,234.09,234.11,234.05,234.05,153846
2026-06-26T17:07:00Z,234.05,234.08,234.03,234.06,107692
2026-06-26T17:08:00Z,234.06,234.08,234.02,234.04,143589
2026-06-26T17:09:00Z,234.04,234.05,234.02,234.05,58461
2026-06-26T17:10:00Z,234.05,234.08,234.05,234.06,64615
2026-06-26T17:11:00Z,234.06,234.09,234.06,234.07,72820
2026-06-26T17:12:00Z,234.07,234.10,234.05,234.08,58461
2026-06-26T17:13:00Z,234.08,234.11,234.06,234.11,72820
2026-06-26T17:14:00Z,234.11,234.16,234.11,234.14,139487
2026-06-26T17:15:00Z,234.14,234.15,234.12,234.15,147692
2026-06-26T17:16:00Z,234.15,234.20,234.15,234.20,61538
2026-06-26T17:17:00Z,234.20,234.24,234.20,234.22,102564
2026-06-26T17:18:00Z,234.22,234.25,234.22,234.23,147692
2026-06-26T17:19:00Z,234.23,234.26,234.21,234.26,61538
2026-06-26T17:20:00Z,234.26,234.28,234.22,234.24,150769
2026-06-26T17:21:00Z,234.24,234.24,234.22,234.22,136410
2026-06-26T17:22:00Z,234.22,234.25,234.20,234.23,58461
2026-06-26T17:23:00Z,234.23,234.26,234.23,234.24,147692
2026-06-26T17:24:00Z,234.24,234.24,234.20,234.20,112820
2026-06-26T17:25:00Z,234.20,234.20,234.11,234.13,63589
2026-06-26T17:26:00Z,234.13,234.18,234.11,234.18,60512
2026-06-26T17:27:00Z,234.18,234.21,234.18,234.21,73846
2026-06-26T17:28:00Z,234.21,234.24,234.19,234.22,94358
2026-06-26T17:29:00Z,234.22,234.30,234.22,234.28,87179
2026-06-26T17:30:00Z,234.28,234.28,234.24,234.24,113846
2026-06-26T17:31:00Z,234.24,234.31,234.22,234.29,57435
2026-06-26T17:32:00Z,234.29,234.30,234.29,234.30,98461
2026-06-26T17:33:00Z,234.30,234.30,234.28,234.28,66666
2026-06-26T17:34:00Z,234.28,234.31,234.26,234.29,130256
2026-06-26T17:35:00Z,234.29,234.31,234.27,234.27,68717
2026-06-26T17:36:00Z,234.27,234.28,234.27,234.28,138461
2026-06-26T17:37:00Z,234.28,234.31,234.28,234.31,94358
2026-06-26T17:38:00Z,234.31,234.31,234.25,234.27,111794
2026-06-26T17:39:00Z,234.27,234.27,234.23,234.25,57435
2026-06-26T17:40:00Z,234.25,234.30,234.25,234.30,123076
2026-06-26T17:41:00Z,234.30,234.31,234.28,234.31,56410
2026-06-26T17:42:00Z,234.31,234.31,234.27,234.29,142563
2026-06-26T17:43:00Z,234.29,234.29,234.27,234.27,125128
2026-06-26T17:44:00Z,234.27,234.31,234.25,234.29,152820
2026-06-26T17:45:00Z,234.29,234.32,234.27,234.30,107692
2026-06-26T17:46:00Z,234.30,234.33,234.30,234.33,141538
2026-06-26T17:47:00Z,234.33,234.38,234.31,234.36,91281
2026-06-26T17:48:00Z,234.36,234.39,234.36,234.37,115897
2026-06-26T17:49:00Z,234.37,234.38,234.35,234.38,119999
2026-06-26T17:50:00Z,234.38,234.43,234.36,234.41,111794
2026-06-26T17:51:00Z,234.41,234.44,234.41,234.42,118974
2026-06-26T17:52:00Z,234.42,234.45,234.40,234.45,147692
2026-06-26T17:53:00Z,234.45,234.47,234.39,234.41,142563
2026-06-26T17:54:00Z,234.41,234.43,234.32,234.34,118974
2026-06-26T17:55:00Z,234.34,234.36,234.32,234.32,67692
2026-06-26T17:56:00Z,234.32,234.33,234.30,234.33,130256
2026-06-26T17:57:00Z,234.33,234.33,234.31,234.31,99487
2026-06-26T17:58:00Z,234.31,234.31,234.29,234.29,67692
2026-06-26T17:59:00Z,234.29,234.33,234.29,234.33,84102
2026-06-26T18:00:00Z,234.33,234.34,234.33,234.34,112820
2026-06-26T18:01:00Z,234.34,234.39,234.32,234.39,147692
2026-06-26T18:02:00Z,234.39,234.41,234.35,234.35,145640
2026-06-26T18:03:00Z,234.35,234.40,234.33,234.40,141538
2026-06-26T18:04:00Z,234.40,234.41,234.38,234.41,77948
2026-06-26T18:05:00Z,234.41,234.44,234.41,234.42,81025
2026-06-26T18:06:00Z,234.42,234.44,234.40,234.40,97435
2026-06-26T18:07:00Z,234.40,234.43,234.38,234.43,118974
2026-06-26T18:08:00Z,234.43,234.44,234.41,234.44,103589
2026-06-26T18:09:00Z,234.44,234.44,234.40,234.42,76923
2026-06-26T18:10:00Z,234.42,234.44,234.36,234.38,93333
2026-06-26T18:11:00Z,234.38,234.39,234.38,234.39,110769
2026-06-26T18:12:00Z,234.39,234.40,234.39,234.40,125128
2026-06-26T18:13:00Z,234.40,234.42,234.31,234.33,87179
2026-06-26T18:14:00Z,234.33,234.37,234.31,234.35,126153
2026-06-26T18:15:00Z,234.35,234.40,234.33,234.38,94358
2026-06-26T18:16:00Z,234.38,234.39,234.38,234.39,110769
2026-06-26T18:17:00Z,234.39,234.42,234.39,234.40,115897
2026-06-26T18:18:00Z,234.40,234.42,234.38,234.38,51282
2026-06-26T18:19:00Z,234.38,234.38,234.32,234.34,66666
2026-06-26T18:20:00Z,234.34,234.36,234.32,234.32,60512
2026-06-26T18:21:00Z,234.32,234.32,234.28,234.28,114871
2026-06-26T18:22:00Z,234.28,234.31,234.28,234.29,70769
2026-06-26T18:23:00Z,234.29,234.34,234.27,234.32,61538
2026-06-26T18:24:00Z,234.32,234.32,234.28,234.30,129230
2026-06-26T18:25:00Z,234.30,234.35,234.28,234.35,110769
2026-06-26T18:26:00Z,234.35,234.37,234.31,234.31,145640
2026-06-26T18:27:00Z,234.31,234.33,234.27,234.29,133333
2026-06-26T18:28:00Z,234.29,234.32,234.29,234.30,108717
2026-06-26T18:29:00Z,234.30,234.36,234.30,234.34,121025
2026-06-26T18:30:00Z,234.34,234.34,234.30,234.32,139487
2026-06-26T18:31:00Z,234.32,234.34,234.28,234.30,153846
2026-06-26T18:32:00Z,234.30,234.32,234.28,234.28,117948
2026-06-26T18:33:00Z,234.28,234.31,234.28,234.29,94358
2026-06-26T18:34:00Z,234.29,234.34,234.29,234.34,97435
2026-06-26T18:35:00Z,234.34,234.36,234.30,234.32,55384
2026-06-26T18:36:00Z,234.32,234.37,234.30,234.37,78974
2026-06-26T18:37:00Z,234.37,234.38,234.35,234.38,152820
2026-06-26T18:38:00Z,234.38,234.40,234.36,234.36,121025
2026-06-26T18:39:00Z,234.36,234.39,234.34,234.37,132307
2026-06-26T18:40:00Z,234.37,234.39,234.33,234.33,119999
2026-06-26T18:41:00Z,234.33,234.33,234.29,234.31,123076
2026-06-26T18:42:00Z,234.31,234.36,234.29,234.34,90256
2026-06-26T18:43:00Z,234.34,234.39,234.34,234.37,59487
2026-06-26T18:44:00Z,234.37,234.41,234.37,234.41,71794
2026-06-26T18:45:00Z,234.41,234.41,234.37,234.39,94358
2026-06-26T18:46:00Z,234.39,234.44,234.39,234.42,59487
2026-06-26T18:47:00Z,234.42,234.45,234.40,234.45,87179
2026-06-26T18:48:00Z,234.45,234.45,234.43,234.43,90256
2026-06-26T18:49:00Z,234.43,234.43,234.39,234.39,129230
2026-06-26T18:50:00Z,234.39,234.46,234.39,234.44,119999
2026-06-26T18:51:00Z,234.44,234.45,234.42,234.45,145640
2026-06-26T18:52:00Z,234.45,234.50,234.45,234.48,115897
2026-06-26T18:53:00Z,234.48,234.55,234.48,234.53,91281
2026-06-26T18:54:00Z,234.53,234.58,234.51,234.58,85128
2026-06-26T18:55:00Z,234.58,234.61,234.58,234.61,83076
2026-06-26T18:56:00Z,234.61,234.66,234.59,234.64,72820
2026-06-26T18:57:00Z,234.64,234.67,234.64,234.65,119999
2026-06-26T18:58:00Z,234.65,234.70,234.65,234.68,54358
2026-06-26T18:59:00Z,234.68,234.70,234.65,234.65,134358
2026-06-26T19:00:00Z,234.65,234.66,234.63,234.66,94358
2026-06-26T19:01:00Z,234.66,234.67,234.64,234.67,137435
2026-06-26T19:02:00Z,234.67,234.68,234.67,234.68,149743
2026-06-26T19:03:00Z,234.68,234.70,234.64,234.64,126153
2026-06-26T19:04:00Z,234.64,234.69,234.62,234.67,152820
2026-06-26T19:05:00Z,234.67,234.69,234.61,234.63,79999
2026-06-26T19:06:00Z,234.63,234.66,234.61,234.64,90256
2026-06-26T19:07:00Z,234.64,234.67,234.64,234.65,151794
2026-06-26T19:08:00Z,234.65,234.67,234.63,234.63,102564
2026-06-26T19:09:00Z,234.63,234.63,234.59,234.61,108717
2026-06-26T19:10:00Z,234.61,234.63,234.57,234.57,130256
2026-06-26T19:11:00Z,234.57,234.59,234.53,234.55,94358
2026-06-26T19:12:00Z,234.55,234.57,234.53,234.53,62564
2026-06-26T19:13:00Z,234.53,234.55,234.51,234.51,51282
2026-06-26T19:14:00Z,234.51,234.53,234.50,234.50,135384
2026-06-26T19:15:00Z,234.50,234.57,234.50,234.55,135384
2026-06-26T19:16:00Z,234.55,234.57,234.51,234.53,88205
2026-06-26T19:17:00Z,234.53,234.58,234.51,234.56,105640
2026-06-26T19:18:00Z,234.56,234.61,234.54,234.59,152820
2026-06-26T19:19:00Z,234.59,234.62,234.59,234.60,78974
2026-06-26T19:20:00Z,234.60,234.62,234.56,234.56,116922
2026-06-26T19:21:00Z,234.56,234.61,234.56,234.61,90256
2026-06-26T19:22:00Z,234.61,234.61,234.57,234.57,129230
2026-06-26T19:23:00Z,234.57,234.59,234.53,234.55,92307
2026-06-26T19:24:00Z,234.55,234.55,234.53,234.53,77948
2026-06-26T19:25:00Z,234.53,234.55,234.51,234.51,137435
2026-06-26T19:26:00Z,234.51,234.54,234.49,234.52,133333
2026-06-26T19:27:00Z,234.52,234.54,234.48,234.50,126153
2026-06-26T19:28:00Z,234.50,234.51,234.50,234.51,102564
2026-06-26T19:29:00Z,234.51,234.51,234.48,234.48,77948
2026-06-26T19:30:00Z,234.48,234.52,234.48,234.52,54358
2026-06-26T19:31:00Z,234.52,234.57,234.52,234.55,140512
2026-06-26T19:32:00Z,234.55,234.57,234.52,234.52,133333
2026-06-26T19:33:00Z,234.52,234.55,234.52,234.55,59487
2026-06-26T19:34:00Z,234.55,234.55,234.51,234.53,102564
2026-06-26T19:35:00Z,234.53,234.53,234.48,234.48,145640
2026-06-26T19:36:00Z,234.48,234.51,234.46,234.49,110769
2026-06-26T19:37:00Z,234.49,234.51,234.47,234.51,68717
2026-06-26T19:38:00Z,234.51,234.51,234.47,234.47,64615
2026-06-26T19:39:00Z,234.47,234.49,234.41,234.43,127179
2026-06-26T19:40:00Z,234.43,234.45,234.35,234.35,85128
2026-06-26T19:41:00Z,234.35,234.40,234.33,234.38,91281
2026-06-26T19:42:00Z,234.38,234.40,234.38,234.38,92307
2026-06-26T19:43:00Z,234.38,234.41,234.38,234.41,151794
2026-06-26T19:44:00Z,234.41,234.41,234.39,234.39,106666
2026-06-26T19:45:00Z,234.39,234.39,234.39,234.39,92307
2026-06-26T19:46:00Z,234.39,234.41,234.37,234.37,56410
2026-06-26T19:47:00Z,234.37,234.37,234.32,234.34,140512
2026-06-26T19:48:00Z,234.34,234.34,234.28,234.30,87179
2026-06-26T19:49:00Z,234.30,234.32,234.26,234.26,112820
2026-06-26T19:50:00Z,234.26,234.28,234.21,234.21,58461
2026-06-26T19:51:00Z,234.21,234.26,234.21,234.24,148717
2026-06-26T19:52:00Z,234.24,234.28,234.24,234.28,142563
2026-06-26T19:53:00Z,234.28,234.29,234.28,234.29,126153
2026-06-26T19:54:00Z,234.29,234.29,234.27,234.27,122051
2026-06-26T19:55:00Z,234.27,234.29,234.20,234.22,131281
2026-06-26T19:56:00Z,234.22,234.29,234.22,234.27,65640
2026-06-26T19:57:00Z,234.27,234.31,234.27,234.29,60512
2026-06-26T19:58:00Z,234.29,234.29,234.27,234.27,101538
2026-06-26T19:59:00Z,234.27,234.30,234.27,234.28,71794
