open_time_utc,open,high,low,close,volume
2026-06-22T00:00:00Z,13.81,13.81,13.81,13.81,2360
2026-06-22T00:01:00Z,13.81,13.81,13.80,13.80,1458
2026-06-22T00:02:00Z,13.80,13.80,13.79,13.79,902
2026-06-22T00:03:00Z,13.79,13.80,13.79,13.80,2013
2026-06-22T00:04:00Z,13.80,13.80,13.79,13.79,1371
2026-06-22T00:05:00Z,13.79,13.79,13.79,13.79,1701
2026-06-22T00:06:00Z,13.79,13.79,13.79,13.79,2170
2026-06-22T00:07:00Z,13.79,13.79,13.79,13.79,1111
2026-06-22T00:08:00Z,13.79,13.79,13.76,13.76,1736
2026-06-22T00:09:00Z,13.76,13.77,13.76,13.77,2187
2026-06-22T00:10:00Z,13.77,13.77,13.77,13.77,902
2026-06-22T00:11:00Z,13.77,13.77,13.77,13.77,2447
2026-06-22T00:12:00Z,13.77,13.78,13.77,13.78,2170
2026-06-22T00:13:00Z,13.78,13.78,13.77,13.77,1371
2026-06-22T00:14:00Z,13.77,13.79,13.77,13.79,1492
2026-06-22T00:15:00Z,13.79,13.79,13.78,13.78,2065
2026-06-22T00:16:00Z,13.78,13.78,13.77,13.77,1579
2026-06-22T00:17:00Z,13.77,13.77,13.77,13.77,1822
2026-06-22T00:18:00Z,13.77,13.77,13.77,13.77,2152
2026-06-22T00:19:00Z,13.77,13.77,13.77,13.77,868
2026-06-22T00:20:00Z,13.77,13.77,13.76,13.76,1006
2026-06-22T00:21:00Z,13.76,13.77,13.76,13.77,1423
2026-06-22T00:22:00Z,13.77,13.77,13.77,13.77,1111
2026-06-22T00:23:00Z,13.77,13.77,13.77,13.77,1805
2026-06-22T00:24:00Z,13.77,13.77,13.77,13.77,2083
2026-06-22T00:25:00Z,13.77,13.77,13.77,13.77,1388
2026-06-22T00:26:00Z,13.77,13.77,13.77,13.77,1579
2026-06-22T00:27:00Z,13.77,13.78,13.77,13.78,1527
2026-06-22T00:28:00Z,13.78,13.78,13.76,13.76,1979
2026-06-22T00:29:00Z,13.76,13.77,13.76,13.77,2360
2026-06-22T00:30:00Z,13.77,13.78,13.77,13.78,1163
2026-06-22T00:31:00Z,13.78,13.78,13.78,13.78,2569
2026-06-22T00:32:00Z,13.78,13.79,13.78,13.79,1666
2026-06-22T00:33:00Z,13.79,13.79,13.78,13.78,1371
2026-06-22T00:34:00Z,13.78,13.78,13.77,13.77,1076
2026-06-22T00:35:00Z,13.77,13.77,13.77,13.77,1041
2026-06-22T00:36:00Z,13.77,13.77,13.76,13.76,937
2026-06-22T00:37:00Z,13.76,13.76,13.76,13.76,2117
2026-06-22T00:38:00Z,13.76,13.77,13.76,13.77,1631
2026-06-22T00:39:00Z,13.77,13.77,13.76,13.76,1753
2026-06-22T00:40:00Z,13.76,13.76,13.75,13.75,1718
2026-06-22T00:41:00Z,13.75,13.76,13.75,13.76,2274
2026-06-22T00:42:00Z,13.76,13.76,13.76,13.76,2378
2026-06-22T00:43:00Z,13.76,13.76,13.76,13.76,2482
2026-06-22T00:44:00Z,13.76,13.76,13.76,13.76,2083
2026-06-22T00:45:00Z,13.76,13.77,13.76,13.77,1597
2026-06-22T00:46:00Z,13.77,13.77,13.75,13.75,2187
2026-06-22T00:47:00Z,13.75,13.75,13.74,13.74,1215
2026-06-22T00:48:00Z,13.74,13.74,13.74,13.74,2499
2026-06-22T00:49:00Z,13.74,13.75,13.74,13.75,1406
2026-06-22T00:50:00Z,13.75,13.75,13.75,13.75,885
2026-06-22T00:51:00Z,13.75,13.75,13.74,13.74,2604
2026-06-22T00:52:00Z,13.74,13.77,13.74,13.77,1892
2026-06-22T00:53:00Z,13.77,13.77,13.76,13.76,2187
2026-06-22T00:54:00Z,13.76,13.76,13.76,13.76,2135
2026-06-22T00:55:00Z,13.76,13.76,13.76,13.76,1562
2026-06-22T00:56:00Z,13.76,13.77,13.76,13.77,1371
2026-06-22T00:57:00Z,13.77,13.77,13.77,13.77,2117
2026-06-22T00:58:00Z,13.77,13.77,13.77,13.77,2170
2026-06-22T00:59:00Z,13.77,13.78,13.77,13.78,954
2026-06-22T01:00:00Z,13.78,13.78,13.78,13.78,989
2026-06-22T01:01:00Z,13.78,13.78,13.78,13.78,1597
2026-06-22T01:02:00Z,13.78,13.78,13.77,13.77,2100
2026-06-22T01:03:00Z,13.77,13.77,13.77,13.77,1666
2026-06-22T01:04:00Z,13.77,13.78,13.77,13.78,937
2026-06-22T01:05:00Z,13.78,13.78,13.78,13.78,2499
2026-06-22T01:06:00Z,13.78,13.80,13.78,13.80,1475
2026-06-22T01:07:00Z,13.80,13.81,13.80,13.81,2430
2026-06-22T01:08:00Z,13.81,13.81,13.80,13.80,1597
2026-06-22T01:09:00Z,13.80,13.80,13.79,13.79,1874
2026-06-22T01:10:00Z,13.79,13.79,13.78,13.78,2604
2026-06-22T01:11:00Z,13.78,13.79,13.78,13.79,2413
2026-06-22T01:12:00Z,13.79,13.80,13.79,13.80,1996
2026-06-22T01:13:00Z,13.80,13.80,13.80,13.80,2117
2026-06-22T01:14:00Z,13.80,13.81,13.80,13.81,2048
2026-06-22T01:15:00Z,13.81,13.81,13.81,13.81,1319
2026-06-22T01:16:00Z,13.81,13.81,13.81,13.81,1492
2026-06-22T01:17:00Z,13.81,13.82,13.81,13.82,2274
2026-06-22T01:18:00Z,13.82,13.82,13.82,13.82,2465
2026-06-22T01:19:00Z,13.82,13.82,13.81,13.81,1406
2026-06-22T01:20:00Z,13.81,13.81,13.81,13.81,1458
2026-06-22T01:21:00Z,13.81,13.82,13.81,13.82,2395
2026-06-22T01:22:00Z,13.82,13.82,13.81,13.81,1788
2026-06-22T01:23:00Z,13.81,13.82,13.81,13.82,1232
2026-06-22T01:24:00Z,13.82,13.83,13.82,13.83,2117
2026-06-22T01:25:00Z,13.83,13.84,13.83,13.84,1371
2026-06-22T01:26:00Z,13.84,13.84,13.83,13.83,1111
2026-06-22T01:27:00Z,13.83,13.83,13.83,13.83,920
2026-06-22T01:28:00Z,13.83,13.83,13.83,13.83,2256
2026-06-22T01:29:00Z,13.83,13.84,13.83,13.84,2031
2026-06-22T01:30:00Z,13.84,13.84,13.84,13.84,1076
2026-06-22T01:31:00Z,13.84,13.84,13.83,13.83,1093
2026-06-22T01:32:00Z,13.83,13.84,13.83,13.84,1302
2026-06-22T01:33:00Z,13.84,13.85,13.84,13.85,1701
2026-06-22T01:34:00Z,13.85,13.87,13.85,13.87,1492
2026-06-22T01:35:00Z,13.87,13.88,13.87,13.88,2048
2026-06-22T01:36:00Z,13.88,13.88,13.87,13.87,868
2026-06-22T01:37:00Z,13.87,13.87,13.87,13.87,1926
2026-06-22T01:38:00Z,13.87,13.87,13.86,13.86,2430
2026-06-22T01:39:00Z,13.86,13.86,13.84,13.84,989
2026-06-22T01:40:00Z,13.84,13.84,13.84,13.84,1753
2026-06-22T01:41:00Z,13.84,13.84,13.83,13.83,1388
2026-06-22T01:42:00Z,13.83,13.84,13.83,13.84,1041
2026-06-22T01:43:00Z,13.84,13.84,13.84,13.84,2360
2026-06-22T01:44:00Z,13.84,13.84,13.83,13.83,1302
2026-06-22T01:45:00Z,13.83,13.84,13.83,13.84,1683
2026-06-22T01:46:00Z,13.84,13.84,13.83,13.83,1649
2026-06-22T01:47:00Z,13.83,13.84,13.83,13.84,2239
2026-06-22T01:48:00Z,13.84,13.85,13.84,13.85,1006
2026-06-22T01:49:00Z,13.85,13.85,13.84,13.84,1701
2026-06-22T01:50:00Z,13.84,13.85,13.84,13.85,1371
2026-06-22T01:51:00Z,13.85,13.85,13.85,13.85,1701
2026-06-22T01:52:00Z,13.85,13.85,13.84,13.84,1805
2026-06-22T01:53:00Z,13.84,13.84,13.84,13.84,1996
2026-06-22T01:54:00Z,13.84,13.84,13.84,13.84,1736
2026-06-22T01:55:00Z,13.84,13.85,13.84,13.85,1874
2026-06-22T01:56:00Z,13.85,13.86,13.85,13.86,1249
2026-06-22T01:57:00Z,13.86,13.86,13.85,13.85,1319
2026-06-22T01:58:00Z,13.85,13.87,13.85,13.87,1267
2026-06-22T01:59:00Z,13.87,13.88,13.87,13.88,1458
2026-06-22T02:00:00Z,13.88,13.88,13.87,13.87,2395
2026-06-22T02:01:00Z,13.87,13.87,13.86,13.86,1163
2026-06-22T02:02:00Z,13.86,13.87,13.86,13.87,868
2026-06-22T02:03:00Z,13.87,13.89,13.87,13.89,1857
2026-06-22T02:04:00Z,13.89,13.89,13.88,13.88,1232
2026-06-22T02:05:00Z,13.88,13.89,13.88,13.89,1249
2026-06-22T02:06:00Z,13.89,13.89,13.89,13.89,2048
2026-06-22T02:07:00Z,13.89,13.89,13.89,13.89,2395
2026-06-22T02:08:00Z,13.89,13.90,13.89,13.90,1822
2026-06-22T02:09:00Z,13.90,13.91,13.90,13.91,1857
2026-06-22T02:10:00Z,13.91,13.91,13.90,13.90,1267
2026-06-22T02:11:00Z,13.90,13.91,13.90,13.91,1597
2026-06-22T02:12:00Z,13.91,13.91,13.91,13.91,1458
2026-06-22T02:13:00Z,13.91,13.91,13.91,13.91,2222
2026-06-22T02:14:00Z,13.91,13.91,13.91,13.91,2569
2026-06-22T02:15:00Z,13.91,13.92,13.91,13.92,902
2026-06-22T02:16:00Z,13.92,13.92,13.92,13.92,1458
2026-06-22T02:17:00Z,13.92,13.92,13.92,13.92,2013
2026-06-22T02:18:00Z,13.92,13.92,13.90,13.90,885
2026-06-22T02:19:00Z,13.90,13.90,13.89,13.89,2048
2026-06-22T02:20:00Z,13.89,13.90,13.89,13.90,1944
2026-06-22T02:21:00Z,13.90,13.91,13.90,13.91,1215
2026-06-22T02:22:00Z,13.91,13.91,13.91,13.91,1215
2026-06-22T02:23:00Z,13.91,13.91,13.91,13.91,1614
2026-06-22T02:24:00Z,13.91,13.91,13.89,13.89,2395
2026-06-22T02:25:00Z,13.89,13.89,13.89,13.89,1631
2026-06-22T02:26:00Z,13.89,13.89,13.89,13.89,1197
2026-06-22T02:27:00Z,13.89,13.90,13.89,13.90,1840
2026-06-22T02:28:00Z,13.90,13.90,13.89,13.89,2326
2026-06-22T02:29:00Z,13.89,13.89,13.89,13.89,902
2026-06-22T02:30:00Z,13.89,13.90,13.89,13.90,2256
2026-06-22T02:31:00Z,13.90,13.91,13.90,13.91,2222
2026-06-22T02:32:00Z,13.91,13.91,13.90,13.90,2586
2026-06-22T02:33:00Z,13.90,13.91,13.90,13.91,868
2026-06-22T02:34:00Z,13.91,13.91,13.91,13.91,1944
2026-06-22T02:35:00Z,13.91,13.91,13.90,13.90,2343
2026-06-22T02:36:00Z,13.90,13.90,13.89,13.89,2083
2026-06-22T02:37:00Z,13.89,13.90,13.89,13.90,2256
2026-06-22T02:38:00Z,13.90,13.91,13.90,13.91,1649
2026-06-22T02:39:00Z,13.91,13.91,13.91,13.91,1492
2026-06-22T02:40:00Z,13.91,13.91,13.91,13.91,1840
2026-06-22T02:41:00Z,13.91,13.92,13.91,13.92,1840
2026-06-22T02:42:00Z,13.92,13.92,13.91,13.91,1423
2026-06-22T02:43:00Z,13.91,13.91,13.91,13.91,2187
2026-06-22T02:44:00Z,13.91,13.91,13.91,13.91,1562
2026-06-22T02:45:00Z,13.91,13.91,13.90,13.90,2447
2026-06-22T02:46:00Z,13.90,13.90,13.90,13.90,1718
2026-06-22T02:47:00Z,13.90,13.90,13.90,13.90,2274
2026-06-22T02:48:00Z,13.90,13.90,13.89,13.89,2274
2026-06-22T02:49:00Z,13.89,13.90,13.89,13.90,2413
2026-06-22T02:50:00Z,13.90,13.90,13.89,13.89,2482
2026-06-22T02:51:00Z,13.89,13.89,13.89,13.89,1562
2026-06-22T02:52:00Z,13.89,13.89,13.87,13.87,1579
2026-06-22T02:53:00Z,13.87,13.89,13.87,13.89,1111
2026-06-22T02:54:00Z,13.89,13.89,13.89,13.89,1267
2026-06-22T02:55:00Z,13.89,13.91,13.89,13.91,1267
2026-06-22T02:56:00Z,13.91,13.91,13.90,13.90,1805
2026-06-22T02:57:00Z,13.90,13.91,13.90,13.91,1492
2026-06-22T02:58:00Z,13.91,13.91,13.90,13.90,1996
2026-06-22T02:59:00Z,13.90,13.91,13.90,13.91,1006
2026-06-22T03:00:00Z,13.91,13.91,13.91,13.91,1892
2026-06-22T03:01:00Z,13.91,13.92,13.91,13.92,2360
2026-06-22T03:02:00Z,13.92,13.92,13.91,13.91,1736
2026-06-22T03:03:00Z,13.91,13.92,13.91,13.92,1805
2026-06-22T03:04:00Z,13.92,13.92,13.89,13.89,1683
2026-06-22T03:05:00Z,13.89,13.90,13.89,13.90,2031
2026-06-22T03:06:00Z,13.90,13.90,13.90,13.90,2482
2026-06-22T03:07:00Z,13.90,13.92,13.90,13.92,1961
2026-06-22T03:08:00Z,13.92,13.92,13.90,13.90,1388
2026-06-22T03:09:00Z,13.90,13.90,13.89,13.89,1145
2026-06-22T03:10:00Z,13.89,13.89,13.89,13.89,1111
2026-06-22T03:11:00Z,13.89,13.89,13.88,13.88,1284
2026-06-22T03:12:00Z,13.88,13.88,13.87,13.87,2256
2026-06-22T03:13:00Z,13.87,13.87,13.87,13.87,2482
2026-06-22T03:14:00Z,13.87,13.88,13.87,13.88,1527
2026-06-22T03:15:00Z,13.88,13.88,13.88,13.88,1527
2026-06-22T03:16:00Z,13.88,13.88,13.88,13.88,2256
2026-06-22T03:17:00Z,13.88,13.89,13.88,13.89,1215
2026-06-22T03:18:00Z,13.89,13.89,13.89,13.89,1058
2026-06-22T03:19:00Z,13.89,13.90,13.89,13.90,1336
2026-06-22T03:20:00Z,13.90,13.90,13.90,13.90,1058
2026-06-22T03:21:00Z,13.90,13.91,13.90,13.91,1614
2026-06-22T03:22:00Z,13.91,13.91,13.91,13.91,1527
2026-06-22T03:23:00Z,13.91,13.92,13.91,13.92,2517
2026-06-22T03:24:00Z,13.92,13.92,13.90,13.90,1840
2026-06-22T03:25:00Z,13.90,13.91,13.90,13.91,2551
2026-06-22T03:26:00Z,13.91,13.91,13.89,13.89,2534
2026-06-22T03:27:00Z,13.89,13.91,13.89,13.91,1597
2026-06-22T03:28:00Z,13.91,13.91,13.90,13.90,1093
2026-06-22T03:29:00Z,13.90,13.91,13.90,13.91,1961
2026-06-22T03:30:00Z,13.91,13.91,13.90,13.90,1996
2026-06-22T03:31:00Z,13.90,13.90,13.90,13.90,2604
2026-06-22T03:32:00Z,13.90,13.90,13.90,13.90,1423
2026-06-22T03:33:00Z,13.90,13.90,13.90,13.90,1440
2026-06-22T03:34:00Z,13.90,13.90,13.89,13.89,1961
2026-06-22T03:35:00Z,13.89,13.90,13.89,13.90,1579
2026-06-22T03:36:00Z,13.90,13.90,13.89,13.89,2360
2026-06-22T03:37:00Z,13.89,13.89,13.88,13.88,2170
2026-06-22T03:38:00Z,13.88,13.88,13.88,13.88,1597
2026-06-22T03:39:00Z,13.88,13.89,13.88,13.89,1319
2026-06-22T03:40:00Z,13.89,13.89,13.89,13.89,2308
2026-06-22T03:41:00Z,13.89,13.90,13.89,13.90,2534
2026-06-22T03:42:00Z,13.90,13.90,13.90,13.90,1371
2026-06-22T03:43:00Z,13.90,13.90,13.89,13.89,1788
2026-06-22T03:44:00Z,13.89,13.90,13.89,13.90,2100
2026-06-22T03:45:00Z,13.90,13.91,13.90,13.91,1302
2026-06-22T03:46:00Z,13.91,13.91,13.91,13.91,1163
2026-06-22T03:47:00Z,13.91,13.92,13.91,13.92,1024
2026-06-22T03:48:00Z,13.92,13.92,13.91,13.91,2604
2026-06-22T03:49:00Z,13.91,13.91,13.91,13.91,1180
2026-06-22T03:50:00Z,13.91,13.91,13.90,13.90,1527
2026-06-22T03:51:00Z,13.90,13.90,13.90,13.90,1805
2026-06-22T03:52:00Z,13.90,13.90,13.89,13.89,2291
2026-06-22T03:53:00Z,13.89,13.89,13.88,13.88,1249
2026-06-22T03:54:00Z,13.88,13.88,13.87,13.87,1614
2026-06-22T03:55:00Z,13.87,13.88,13.87,13.88,2274
2026-06-22T03:56:00Z,13.88,13.89,13.88,13.89,2326
2026-06-22T03:57:00Z,13.89,13.90,13.89,13.90,2274
2026-06-22T03:58:00Z,13.90,13.91,13.90,13.91,1163
2026-06-22T03:59:00Z,13.91,13.91,13.91,13.91,1006
2026-06-22T04:00:00Z,13.91,13.91,13.90,13.90,1458
2026-06-22T04:01:00Z,13.90,13.90,13.90,13.90,885
2026-06-22T04:02:00Z,13.90,13.90,13.89,13.89,1249
2026-06-22T04:03:00Z,13.89,13.89,13.89,13.89,1597
2026-06-22T04:04:00Z,13.89,13.89,13.89,13.89,2360
2026-06-22T04:05:00Z,13.89,13.91,13.89,13.91,1996
2026-06-22T04:06:00Z,13.91,13.91,13.90,13.90,1753
2026-06-22T04:07:00Z,13.90,13.90,13.90,13.90,1770
2026-06-22T04:08:00Z,13.90,13.90,13.90,13.90,989
2026-06-22T04:09:00Z,13.90,13.90,13.89,13.89,2308
2026-06-22T04:10:00Z,13.89,13.89,13.89,13.89,1996
2026-06-22T04:11:00Z,13.89,13.89,13.89,13.89,1024
2026-06-22T04:12:00Z,13.89,13.89,13.89,13.89,1076
2026-06-22T04:13:00Z,13.89,13.89,13.87,13.87,2117
2026-06-22T04:14:00Z,13.87,13.88,13.87,13.88,1284
2026-06-22T04:15:00Z,13.88,13.88,13.86,13.86,1579
2026-06-22T04:16:00Z,13.86,13.86,13.86,13.86,2204
2026-06-22T04:17:00Z,13.86,13.86,13.85,13.85,2239
2026-06-22T04:18:00Z,13.85,13.85,13.85,13.85,2135
2026-06-22T04:19:00Z,13.85,13.85,13.85,13.85,2291
2026-06-22T04:20:00Z,13.85,13.85,13.84,13.84,2187
2026-06-22T04:21:00Z,13.84,13.86,13.84,13.86,920
2026-06-22T04:22:00Z,13.86,13.86,13.86,13.86,2048
2026-06-22T04:23:00Z,13.86,13.86,13.86,13.86,1440
2026-06-22T04:24:00Z,13.86,13.86,13.84,13.84,1979
2026-06-22T04:25:00Z,13.84,13.86,13.84,13.86,2482
2026-06-22T04:26:00Z,13.86,13.87,13.86,13.87,1631
2026-06-22T04:27:00Z,13.87,13.88,13.87,13.88,1492
2026-06-22T04:28:00Z,13.88,13.88,13.88,13.88,1128
2026-06-22T04:29:00Z,13.88,13.88,13.88,13.88,1649
2026-06-22T04:30:00Z,13.88,13.88,13.87,13.87,2013
2026-06-22T04:31:00Z,13.87,13.87,13.87,13.87,1024
2026-06-22T04:32:00Z,13.87,13.87,13.87,13.87,2447
2026-06-22T04:33:00Z,13.87,13.87,13.87,13.87,2395
2026-06-22T04:34:00Z,13.87,13.88,13.87,13.88,989
2026-06-22T04:35:00Z,13.88,13.88,13.88,13.88,2170
2026-06-22T04:36:00Z,13.88,13.89,13.88,13.89,1840
2026-06-22T04:37:00Z,13.89,13.89,13.89,13.89,2499
2026-06-22T04:38:00Z,13.89,13.90,13.89,13.90,1631
2026-06-22T04:39:00Z,13.90,13.91,13.90,13.91,1562
2026-06-22T04:40:00Z,13.91,13.91,13.91,13.91,1284
2026-06-22T04:41:00Z,13.91,13.92,13.91,13.92,1284
2026-06-22T04:42:00Z,13.92,13.92,13.92,13.92,1128
2026-06-22T04:43:00Z,13.92,13.94,13.92,13.94,2499
2026-06-22T04:44:00Z,13.94,13.94,13.92,13.92,1701
2026-06-22T04:45:00Z,13.92,13.93,13.92,13.93,1788
2026-06-22T04:46:00Z,13.93,13.93,13.92,13.92,1215
2026-06-22T04:47:00Z,13.92,13.93,13.92,13.93,1458
2026-06-22T04:48:00Z,13.93,13.93,13.91,13.91,1423
2026-06-22T04:49:00Z,13.91,13.91,13.91,13.91,2170
2026-06-22T04:50:00Z,13.91,13.93,13.91,13.93,2152
2026-06-22T04:51:00Z,13.93,13.93,13.93,13.93,1736
2026-06-22T04:52:00Z,13.93,13.93,13.92,13.92,1232
2026-06-22T04:53:00Z,13.92,13.92,13.91,13.91,1944
2026-06-22T04:54:00Z,13.91,13.91,13.91,13.91,1388
2026-06-22T04:55:00Z,13.91,13.91,13.91,13.91,1631
2026-06-22T04:56:00Z,13.91,13.92,13.91,13.92,2551
2026-06-22T04:57:00Z,13.92,13.92,13.91,13.91,1406
2026-06-22T04:58:00Z,13.91,13.92,13.91,13.92,2517
2026-06-22T04:59:00Z,13.92,13.92,13.92,13.92,1388
2026-06-22T05:00:00Z,13.92,13.92,13.92,13.92,1076
2026-06-22T05:01:00Z,13.92,13.92,13.91,13.91,2308
2026-06-22T05:02:00Z,13.91,13.92,13.91,13.92,1284
2026-06-22T05:03:00Z,13.92,13.92,13.91,13.91,1319
2026-06-22T05:04:00Z,13.91,13.91,13.91,13.91,1909
2026-06-22T05:05:00Z,13.91,13.91,13.91,13.91,2430
2026-06-22T05:06:00Z,13.91,13.92,13.91,13.92,2274
2026-06-22T05:07:00Z,13.92,13.94,13.92,13.94,1979
2026-06-22T05:08:00Z,13.94,13.95,13.94,13.95,1388
2026-06-22T05:09:00Z,13.95,13.95,13.94,13.94,1267
2026-06-22T05:10:00Z,13.94,13.94,13.93,13.93,2291
2026-06-22T05:11:00Z,13.93,13.93,13.93,13.93,1249
2026-06-22T05:12:00Z,13.93,13.93,13.91,13.91,2100
2026-06-22T05:13:00Z,13.91,13.91,13.91,13.91,1319
2026-06-22T05:14:00Z,13.91,13.91,13.91,13.91,2013
2026-06-22T05:15:00Z,13.91,13.91,13.91,13.91,1805
2026-06-22T05:16:00Z,13.91,13.91,13.91,13.91,2204
2026-06-22T05:17:00Z,13.91,13.91,13.89,13.89,1770
2026-06-22T05:18:00Z,13.89,13.89,13.89,13.89,2152
2026-06-22T05:19:00Z,13.89,13.90,13.89,13.90,1683
2026-06-22T05:20:00Z,13.90,13.91,13.90,13.91,1354
2026-06-22T05:21:00Z,13.91,13.91,13.89,13.89,2222
2026-06-22T05:22:00Z,13.89,13.89,13.89,13.89,1111
2026-06-22T05:23:00Z,13.89,13.89,13.89,13.89,2360
2026-06-22T05:24:00Z,13.89,13.89,13.87,13.87,1926
2026-06-22T05:25:00Z,13.87,13.88,13.87,13.88,902
2026-06-22T05:26:00Z,13.88,13.88,13.87,13.87,2604
2026-06-22T05:27:00Z,13.87,13.87,13.87,13.87,2465
2026-06-22T05:28:00Z,13.87,13.87,13.87,13.87,2187
2026-06-22T05:29:00Z,13.87,13.87,13.86,13.86,1406
2026-06-22T05:30:00Z,13.86,13.86,13.86,13.86,2222
2026-06-22T05:31:00Z,13.86,13.86,13.86,13.86,1336
2026-06-22T05:32:00Z,13.86,13.86,13.86,13.86,920
2026-06-22T05:33:00Z,13.86,13.86,13.85,13.85,2013
2026-06-22T05:34:00Z,13.85,13.85,13.84,13.84,1336
2026-06-22T05:35:00Z,13.84,13.84,13.83,13.83,1041
2026-06-22T05:36:00Z,13.83,13.83,13.83,13.83,972
2026-06-22T05:37:00Z,13.83,13.83,13.83,13.83,2534
2026-06-22T05:38:00Z,13.83,13.83,13.82,13.82,1302
2026-06-22T05:39:00Z,13.82,13.83,13.82,13.83,1249
2026-06-22T05:40:00Z,13.83,13.83,13.83,13.83,1458
2026-06-22T05:41:00Z,13.83,13.83,13.81,13.81,1770
2026-06-22T05:42:00Z,13.81,13.81,13.81,13.81,2031
2026-06-22T05:43:00Z,13.81,13.81,13.81,13.81,972
2026-06-22T05:44:00Z,13.81,13.81,13.81,13.81,1770
2026-06-22T05:45:00Z,13.81,13.81,13.81,13.81,2517
2026-06-22T05:46:00Z,13.81,13.81,13.81,13.81,2482
2026-06-22T05:47:00Z,13.81,13.82,13.81,13.82,1475
2026-06-22T05:48:00Z,13.82,13.82,13.82,13.82,1718
2026-06-22T05:49:00Z,13.82,13.82,13.82,13.82,2170
2026-06-22T05:50:00Z,13.82,13.82,13.80,13.80,1649
2026-06-22T05:51:00Z,13.80,13.81,13.80,13.81,2291
2026-06-22T05:52:00Z,13.81,13.82,13.81,13.82,2135
2026-06-22T05:53:00Z,13.82,13.82,13.82,13.82,1197
2026-06-22T05:54:00Z,13.82,13.82,13.81,13.81,868
2026-06-22T05:55:00Z,13.81,13.82,13.81,13.82,1492
2026-06-22T05:56:00Z,13.82,13.82,13.80,13.80,2152
2026-06-22T05:57:00Z,13.80,13.80,13.79,13.79,2048
2026-06-22T05:58:00Z,13.79,13.79,13.78,13.78,1683
2026-06-22T05:59:00Z,13.78,13.79,13.78,13.79,2256
2026-06-22T06:00:00Z,13.79,13.79,13.79,13.79,1579
2026-06-22T06:01:00Z,13.79,13.79,13.79,13.79,2378
2026-06-22T06:02:00Z,13.79,13.80,13.79,13.80,937
2026-06-22T06:03:00Z,13.80,13.80,13.80,13.80,1805
2026-06-22T06:04:00Z,13.80,13.80,13.79,13.79,1128
2026-06-22T06:05:00Z,13.79,13.80,13.79,13.80,1701
2026-06-22T06:06:00Z,13.80,13.80,13.79,13.79,2308
2026-06-22T06:07:00Z,13.79,13.79,13.78,13.78,920
2026-06-22T06:08:00Z,13.78,13.79,13.78,13.79,1041
2026-06-22T06:09:00Z,13.79,13.79,13.78,13.78,1701
2026-06-22T06:10:00Z,13.78,13.79,13.78,13.79,2170
2026-06-22T06:11:00Z,13.79,13.79,13.79,13.79,1267
2026-06-22T06:12:00Z,13.79,13.79,13.78,13.78,1492
2026-06-22T06:13:00Z,13.78,13.78,13.78,13.78,1145
2026-06-22T06:14:00Z,13.78,13.78,13.78,13.78,1892
2026-06-22T06:15:00Z,13.78,13.78,13.78,13.78,972
2026-06-22T06:16:00Z,13.78,13.79,13.78,13.79,1631
2026-06-22T06:17:00Z,13.79,13.79,13.78,13.78,1597
2026-06-22T06:18:00Z,13.78,13.78,13.77,13.77,902
2026-06-22T06:19:00Z,13.77,13.77,13.77,13.77,1631
2026-06-22T06:20:00Z,13.77,13.77,13.77,13.77,2152
2026-06-22T06:21:00Z,13.77,13.77,13.77,13.77,1284
2026-06-22T06:22:00Z,13.77,13.77,13.76,13.76,2430
2026-06-22T06:23:00Z,13.76,13.76,13.76,13.76,1458
2026-06-22T06:24:00Z,13.76,13.76,13.75,13.75,2274
2026-06-22T06:25:00Z,13.75,13.75,13.75,13.75,2378
2026-06-22T06:26:00Z,13.75,13.75,13.74,13.74,2308
2026-06-22T06:27:00Z,13.74,13.75,13.74,13.75,1076
2026-06-22T06:28:00Z,13.75,13.75,13.74,13.74,1979
2026-06-22T06:29:00Z,13.74,13.74,13.74,13.74,1267
2026-06-22T06:30:00Z,13.74,13.74,13.74,13.74,868
2026-06-22T06:31:00Z,13.74,13.74,13.74,13.74,1926
2026-06-22T06:32:00Z,13.74,13.75,13.74,13.75,1527
2026-06-22T06:33:00Z,13.75,13.75,13.75,13.75,1284
2026-06-22T06:34:00Z,13.75,13.75,13.74,13.74,1267
2026-06-22T06:35:00Z,13.74,13.75,13.74,13.75,2430
2026-06-22T06:36:00Z,13.75,13.76,13.75,13.76,2065
2026-06-22T06:37:00Z,13.76,13.76,13.75,13.75,1024
2026-06-22T06:38:00Z,13.75,13.76,13.75,13.76,1683
2026-06-22T06:39:00Z,13.76,13.76,13.76,13.76,1857
2026-06-22T06:40:00Z,13.76,13.77,13.76,13.77,1284
2026-06-22T06:41:00Z,13.77,13.77,13.76,13.76,1753
2026-06-22T06:42:00Z,13.76,13.76,13.76,13.76,1180
2026-06-22T06:43:00Z,13.76,13.76,13.76,13.76,1926
2026-06-22T06:44:00Z,13.76,13.76,13.76,13.76,1840
2026-06-22T06:45:00Z,13.76,13.76,13.75,13.75,1510
2026-06-22T06:46:00Z,13.75,13.75,13.74,13.74,1874
2026-06-22T06:47:00Z,13.74,13.74,13.74,13.74,1892
2026-06-22T06:48:00Z,13.74,13.74,13.73,13.73,920
2026-06-22T06:49:00Z,13.73,13.74,13.73,13.74,2517
2026-06-22T06:50:00Z,13.74,13.75,13.74,13.75,2395
2026-06-22T06:51:00Z,13.75,13.77,13.75,13.77,902
2026-06-22T06:52:00Z,13.77,13.77,13.77,13.77,1076
2026-06-22T06:53:00Z,13.77,13.77,13.76,13.76,1770
2026-06-22T06:54:00Z,13.76,13.77,13.76,13.77,2413
2026-06-22T06:55:00Z,13.77,13.78,13.77,13.78,1163
2026-06-22T06:56:00Z,13.78,13.78,13.78,13.78,937
2026-06-22T06:57:00Z,13.78,13.78,13.78,13.78,2586
2026-06-22T06:58:00Z,13.78,13.78,13.77,13.77,2291
2026-06-22T06:59:00Z,13.77,13.78,13.77,13.78,1979
2026-06-22T07:00:00Z,13.78,13.78,13.78,13.78,1562
2026-06-22T07:01:00Z,13.78,13.78,13.78,13.78,2135
2026-06-22T07:02:00Z,13.78,13.79,13.78,13.79,1180
2026-06-22T07:03:00Z,13.79,13.79,13.79,13.79,2447
2026-06-22T07:04:00Z,13.79,13.79,13.78,13.78,1492
2026-06-22T07:05:00Z,13.78,13.78,13.78,13.78,2204
2026-06-22T07:06:00Z,13.78,13.79,13.78,13.79,1579
2026-06-22T07:07:00Z,13.79,13.79,13.77,13.77,2083
2026-06-22T07:08:00Z,13.77,13.77,13.77,13.77,1597
2026-06-22T07:09:00Z,13.77,13.77,13.77,13.77,1041
2026-06-22T07:10:00Z,13.77,13.77,13.75,13.75,2360
2026-06-22T07:11:00Z,13.75,13.77,13.75,13.77,1805
2026-06-22T07:12:00Z,13.77,13.77,13.76,13.76,2308
2026-06-22T07:13:00Z,13.76,13.76,13.75,13.75,2135
2026-06-22T07:14:00Z,13.75,13.77,13.75,13.77,2013
2026-06-22T07:15:00Z,13.77,13.77,13.77,13.77,937
2026-06-22T07:16:00Z,13.77,13.77,13.77,13.77,2187
2026-06-22T07:17:00Z,13.77,13.78,13.77,13.78,2499
2026-06-22T07:18:00Z,13.78,13.79,13.78,13.79,2100
2026-06-22T07:19:00Z,13.79,13.80,13.79,13.80,1944
2026-06-22T07:20:00Z,13.80,13.80,13.79,13.79,1249
2026-06-22T07:21:00Z,13.79,13.79,13.78,13.78,2534
2026-06-22T07:22:00Z,13.78,13.78,13.78,13.78,2395
2026-06-22T07:23:00Z,13.78,13.78,13.78,13.78,1267
2026-06-22T07:24:00Z,13.78,13.78,13.77,13.77,954
2026-06-22T07:25:00Z,13.77,13.77,13.77,13.77,2031
2026-06-22T07:26:00Z,13.77,13.77,13.76,13.76,2482
2026-06-22T07:27:00Z,13.76,13.76,13.75,13.75,2135
2026-06-22T07:28:00Z,13.75,13.76,13.75,13.76,1076
2026-06-22T07:29:00Z,13.76,13.76,13.76,13.76,2065
2026-06-22T07:30:00Z,13.76,13.77,13.76,13.77,2395
2026-06-22T07:31:00Z,13.77,13.77,13.77,13.77,1736
2026-06-22T07:32:00Z,13.77,13.77,13.76,13.76,1371
2026-06-22T07:33:00Z,13.76,13.76,13.75,13.75,1926
2026-06-22T07:34:00Z,13.75,13.76,13.75,13.76,2569
2026-06-22T07:35:00Z,13.76,13.76,13.76,13.76,1058
2026-06-22T07:36:00Z,13.76,13.76,13.76,13.76,989
2026-06-22T07:37:00Z,13.76,13.76,13.75,13.75,1979
2026-06-22T07:38:00Z,13.75,13.75,13.75,13.75,1996
2026-06-22T07:39:00Z,13.75,13.75,13.75,13.75,1006
2026-06-22T07:40:00Z,13.75,13.75,13.74,13.74,2170
2026-06-22T07:41:00Z,13.74,13.74,13.74,13.74,937
2026-06-22T07:42:00Z,13.74,13.74,13.74,13.74,1770
2026-06-22T07:43:00Z,13.74,13.75,13.74,13.75,1527
2026-06-22T07:44:00Z,13.75,13.75,13.74,13.74,1805
2026-06-22T07:45:00Z,13.74,13.75,13.74,13.75,2013
2026-06-22T07:46:00Z,13.75,13.76,13.75,13.76,2430
2026-06-22T07:47:00Z,13.76,13.76,13.75,13.75,1024
2026-06-22T07:48:00Z,13.75,13.75,13.75,13.75,1440
2026-06-22T07:49:00Z,13.75,13.75,13.75,13.75,1510
2026-06-22T07:50:00Z,13.75,13.75,13.75,13.75,1562
2026-06-22T07:51:00Z,13.75,13.76,13.75,13.76,2013
2026-06-22T07:52:00Z,13.76,13.76,13.76,13.76,1163
2026-06-22T07:53:00Z,13.76,13.77,13.76,13.77,1701
2026-06-22T07:54:00Z,13.77,13.78,13.77,13.78,2291
2026-06-22T07:55:00Z,13.78,13.78,13.78,13.78,1232
2026-06-22T07:56:00Z,13.78,13.80,13.78,13.80,1614
2026-06-22T07:57:00Z,13.80,13.81,13.80,13.81,885
2026-06-22T07:58:00Z,13.81,13.81,13.81,13.81,1996
2026-06-22T07:59:00Z,13.81,13.81,13.81,13.81,1197
2026-06-22T08:00:00Z,13.81,13.81,13.79,13.79,1944
2026-06-22T08:01:00Z,13.79,13.79,13.78,13.78,1076
2026-06-22T08:02:00Z,13.78,13.79,13.78,13.79,2447
2026-06-22T08:03:00Z,13.79,13.79,13.79,13.79,1527
2026-06-22T08:04:00Z,13.79,13.79,13.77,13.77,902
2026-06-22T08:05:00Z,13.77,13.77,13.77,13.77,1458
2026-06-22T08:06:00Z,13.77,13.77,13.77,13.77,2291
2026-06-22T08:07:00Z,13.77,13.79,13.77,13.79,1701
2026-06-22T08:08:00Z,13.79,13.79,13.79,13.79,1753
2026-06-22T08:09:00Z,13.79,13.79,13.79,13.79,1545
2026-06-22T08:10:00Z,13.79,13.80,13.79,13.80,1024
2026-06-22T08:11:00Z,13.80,13.80,13.79,13.79,937
2026-06-22T08:12:00Z,13.79,13.79,13.79,13.79,2204
2026-06-22T08:13:00Z,13.79,13.79,13.79,13.79,972
2026-06-22T08:14:00Z,13.79,13.79,13.78,13.78,2256
2026-06-22T08:15:00Z,13.78,13.78,13.78,13.78,1649
2026-06-22T08:16:00Z,13.78,13.78,13.76,13.76,2604
2026-06-22T08:17:00Z,13.76,13.76,13.75,13.75,2447
2026-06-22T08:18:00Z,13.75,13.75,13.75,13.75,1440
2026-06-22T08:19:00Z,13.75,13.75,13.74,13.74,2117
2026-06-22T08:20:00Z,13.74,13.75,13.74,13.75,1302
2026-06-22T08:21:00Z,13.75,13.75,13.75,13.75,2048
2026-06-22T08:22:00Z,13.75,13.75,13.74,13.74,1093
2026-06-22T08:23:00Z,13.74,13.75,13.74,13.75,1770
2026-06-22T08:24:00Z,13.75,13.76,13.75,13.76,885
2026-06-22T08:25:00Z,13.76,13.76,13.75,13.75,1718
2026-06-22T08:26:00Z,13.75,13.75,13.75,13.75,2187
2026-06-22T08:27:00Z,13.75,13.76,13.75,13.76,2430
2026-06-22T08:28:00Z,13.76,13.78,13.76,13.78,2569
2026-06-22T08:29:00Z,13.78,13.78,13.78,13.78,1475
2026-06-22T08:30:00Z,13.78,13.78,13.76,13.76,2569
2026-06-22T08:31:00Z,13.76,13.76,13.76,13.76,2222
2026-06-22T08:32:00Z,13.76,13.76,13.74,13.74,1406
2026-06-22T08:33:00Z,13.74,13.75,13.74,13.75,1371
2026-06-22T08:34:00Z,13.75,13.75,13.75,13.75,2308
2026-06-22T08:35:00Z,13.75,13.75,13.75,13.75,2551
2026-06-22T08:36:00Z,13.75,13.75,13.74,13.74,1128
2026-06-22T08:37:00Z,13.74,13.74,13.74,13.74,1388
2026-06-22T08:38:00Z,13.74,13.74,13.73,13.73,1892
2026-06-22T08:39:00Z,13.73,13.73,13.73,13.73,1805
2026-06-22T08:40:00Z,13.73,13.74,13.73,13.74,2604
2026-06-22T08:41:00Z,13.74,13.75,13.74,13.75,954
2026-06-22T08:42:00Z,13.75,13.75,13.73,13.73,2031
2026-06-22T08:43:00Z,13.73,13.73,13.72,13.72,1874
2026-06-22T08:44:00Z,13.72,13.73,13.72,13.73,2604
2026-06-22T08:45:00Z,13.73,13.73,13.72,13.72,1440
2026-06-22T08:46:00Z,13.72,13.72,13.72,13.72,2343
2026-06-22T08:47:00Z,13.72,13.72,13.71,13.71,1302
2026-06-22T08:48:00Z,13.71,13.71,13.70,13.70,2604
2026-06-22T08:49:00Z,13.70,13.71,13.70,13.71,1996
2026-06-22T08:50:00Z,13.71,13.71,13.69,13.69,1857
2026-06-22T08:51:00Z,13.69,13.69,13.69,13.69,1388
2026-06-22T08:52:00Z,13.69,13.69,13.69,13.69,1024
2026-06-22T08:53:00Z,13.69,13.70,13.69,13.70,1805
2026-06-22T08:54:00Z,13.70,13.70,13.70,13.70,1319
2026-06-22T08:55:00Z,13.70,13.70,13.70,13.70,2569
2026-06-22T08:56:00Z,13.70,13.70,13.69,13.69,1440
2026-06-22T08:57:00Z,13.69,13.69,13.67,13.67,2326
2026-06-22T08:58:00Z,13.67,13.67,13.66,13.66,954
2026-06-22T08:59:00Z,13.66,13.66,13.66,13.66,1406
2026-06-22T09:00:00Z,13.66,13.66,13.65,13.65,920
2026-06-22T09:01:00Z,13.65,13.65,13.65,13.65,2569
2026-06-22T09:02:00Z,13.65,13.66,13.65,13.66,2360
2026-06-22T09:03:00Z,13.66,13.66,13.66,13.66,1284
2026-06-22T09:04:00Z,13.66,13.66,13.65,13.65,2117
2026-06-22T09:05:00Z,13.65,13.65,13.65,13.65,920
2026-06-22T09:06:00Z,13.65,13.66,13.65,13.66,1388
2026-06-22T09:07:00Z,13.66,13.66,13.66,13.66,1892
2026-06-22T09:08:00Z,13.66,13.66,13.66,13.66,868
2026-06-22T09:09:00Z,13.66,13.66,13.66,13.66,1788
2026-06-22T09:10:00Z,13.66,13.67,13.66,13.67,2239
2026-06-22T09:11:00Z,13.67,13.67,13.65,13.65,1701
2026-06-22T09:12:00Z,13.65,13.67,13.65,13.67,2499
2026-06-22T09:13:00Z,13.67,13.67,13.67,13.67,1510
2026-06-22T09:14:00Z,13.67,13.68,13.67,13.68,2482
2026-06-22T09:15:00Z,13.68,13.68,13.67,13.67,2187
2026-06-22T09:16:00Z,13.67,13.67,13.66,13.66,954
2026-06-22T09:17:00Z,13.66,13.66,13.66,13.66,1822
2026-06-22T09:18:00Z,13.66,13.67,13.66,13.67,1562
2026-06-22T09:19:00Z,13.67,13.67,13.67,13.67,1371
2026-06-22T09:20:00Z,13.67,13.68,13.67,13.68,1666
2026-06-22T09:21:00Z,13.68,13.70,13.68,13.70,2152
2026-06-22T09:22:00Z,13.70,13.70,13.70,13.70,2447
2026-06-22T09:23:00Z,13.70,13.72,13.70,13.72,2395
2026-06-22T09:24:00Z,13.72,13.72,13.71,13.71,1631
2026-06-22T09:25:00Z,13.71,13.71,13.71,13.71,1718
2026-06-22T09:26:00Z,13.71,13.71,13.70,13.70,2343
2026-06-22T09:27:00Z,13.70,13.70,13.70,13.70,1597
2026-06-22T09:28:00Z,13.70,13.70,13.68,13.68,2048
2026-06-22T09:29:00Z,13.68,13.69,13.68,13.69,1232
2026-06-22T09:30:00Z,13.69,13.69,13.68,13.68,2031
2026-06-22T09:31:00Z,13.68,13.69,13.68,13.69,1753
2026-06-22T09:32:00Z,13.69,13.70,13.69,13.70,2534
2026-06-22T09:33:00Z,13.70,13.70,13.70,13.70,1736
2026-06-22T09:34:00Z,13.70,13.70,13.70,13.70,1423
2026-06-22T09:35:00Z,13.70,13.70,13.68,13.68,1753
2026-06-22T09:36:00Z,13.68,13.68,13.68,13.68,1649
2026-06-22T09:37:00Z,13.68,13.68,13.68,13.68,1267
2026-06-22T09:38:00Z,13.68,13.68,13.68,13.68,2343
2026-06-22T09:39:00Z,13.68,13.68,13.68,13.68,1683
2026-06-22T09:40:00Z,13.68,13.69,13.68,13.69,2430
2026-06-22T09:41:00Z,13.69,13.69,13.68,13.68,902
2026-06-22T09:42:00Z,13.68,13.68,13.68,13.68,1631
2026-06-22T09:43:00Z,13.68,13.68,13.67,13.67,1545
2026-06-22T09:44:00Z,13.67,13.67,13.67,13.67,1718
2026-06-22T09:45:00Z,13.67,13.67,13.65,13.65,2378
2026-06-22T09:46:00Z,13.65,13.65,13.64,13.64,868
2026-06-22T09:47:00Z,13.64,13.64,13.64,13.64,1163
2026-06-22T09:48:00Z,13.64,13.64,13.64,13.64,1788
2026-06-22T09:49:00Z,13.64,13.64,13.64,13.64,1926
2026-06-22T09:50:00Z,13.64,13.64,13.63,13.63,1840
2026-06-22T09:51:00Z,13.63,13.63,13.63,13.63,2170
2026-06-22T09:52:00Z,13.63,13.63,13.63,13.63,2343
2026-06-22T09:53:00Z,13.63,13.64,13.63,13.64,1041
2026-06-22T09:54:00Z,13.64,13.64,13.63,13.63,1319
2026-06-22T09:55:00Z,13.63,13.64,13.63,13.64,2326
2026-06-22T09:56:00Z,13.64,13.64,13.63,13.63,1302
2026-06-22T09:57:00Z,13.63,13.63,13.63,13.63,2048
2026-06-22T09:58:00Z,13.63,13.63,13.62,13.62,1909
2026-06-22T09:59:00Z,13.62,13.62,13.62,13.62,2222
2026-06-22T10:00:00Z,13.62,13.62,13.61,13.61,1562
2026-06-22T10:01:00Z,13.61,13.61,13.61,13.61,1354
2026-06-22T10:02:00Z,13.61,13.61,13.61,13.61,1944
2026-06-22T10:03:00Z,13.61,13.61,13.61,13.61,2482
2026-06-22T10:04:00Z,13.61,13.61,13.60,13.60,1302
2026-06-22T10:05:00Z,13.60,13.61,13.60,13.61,1093
2026-06-22T10:06:00Z,13.61,13.61,13.60,13.60,920
2026-06-22T10:07:00Z,13.60,13.61,13.60,13.61,1093
2026-06-22T10:08:00Z,13.61,13.61,13.60,13.60,1683
2026-06-22T10:09:00Z,13.60,13.60,13.60,13.60,1371
2026-06-22T10:10:00Z,13.60,13.60,13.60,13.60,1961
2026-06-22T10:11:00Z,13.60,13.60,13.60,13.60,1354
2026-06-22T10:12:00Z,13.60,13.60,13.59,13.59,2378
2026-06-22T10:13:00Z,13.59,13.59,13.58,13.58,1336
2026-06-22T10:14:00Z,13.58,13.58,13.58,13.58,1996
2026-06-22T10:15:00Z,13.58,13.58,13.58,13.58,2308
2026-06-22T10:16:00Z,13.58,13.58,13.58,13.58,1354
2026-06-22T10:17:00Z,13.58,13.60,13.58,13.60,1753
2026-06-22T10:18:00Z,13.60,13.60,13.59,13.59,1423
2026-06-22T10:19:00Z,13.59,13.59,13.59,13.59,1770
2026-06-22T10:20:00Z,13.59,13.59,13.59,13.59,1180
2026-06-22T10:21:00Z,13.59,13.60,13.59,13.60,2465
2026-06-22T10:22:00Z,13.60,13.60,13.59,13.59,937
2026-06-22T10:23:00Z,13.59,13.59,13.59,13.59,1145
2026-06-22T10:24:00Z,13.59,13.59,13.57,13.57,1475
2026-06-22T10:25:00Z,13.57,13.57,13.57,13.57,2430
2026-06-22T10:26:00Z,13.57,13.57,13.57,13.57,1736
2026-06-22T10:27:00Z,13.57,13.57,13.57,13.57,2551
2026-06-22T10:28:00Z,13.57,13.57,13.57,13.57,2447
2026-06-22T10:29:00Z,13.57,13.57,13.55,13.55,2395
2026-06-22T10:30:00Z,13.55,13.56,13.55,13.56,1545
2026-06-22T10:31:00Z,13.56,13.56,13.54,13.54,2013
2026-06-22T10:32:00Z,13.54,13.55,13.54,13.55,2204
2026-06-22T10:33:00Z,13.55,13.55,13.54,13.54,2274
2026-06-22T10:34:00Z,13.54,13.55,13.54,13.55,2447
2026-06-22T10:35:00Z,13.55,13.55,13.53,13.53,1597
2026-06-22T10:36:00Z,13.53,13.54,13.53,13.54,1701
2026-06-22T10:37:00Z,13.54,13.55,13.54,13.55,1041
2026-06-22T10:38:00Z,13.55,13.56,13.55,13.56,2204
2026-06-22T10:39:00Z,13.56,13.56,13.55,13.55,2239
2026-06-22T10:40:00Z,13.55,13.56,13.55,13.56,1215
2026-06-22T10:41:00Z,13.56,13.56,13.55,13.55,1267
2026-06-22T10:42:00Z,13.55,13.56,13.55,13.56,2360
2026-06-22T10:43:00Z,13.56,13.56,13.55,13.55,885
2026-06-22T10:44:00Z,13.55,13.56,13.55,13.56,2291
2026-06-22T10:45:00Z,13.56,13.56,13.55,13.55,1736
2026-06-22T10:46:00Z,13.55,13.55,13.55,13.55,2239
2026-06-22T10:47:00Z,13.55,13.55,13.55,13.55,2326
2026-06-22T10:48:00Z,13.55,13.56,13.55,13.56,2152
2026-06-22T10:49:00Z,13.56,13.56,13.56,13.56,2083
2026-06-22T10:50:00Z,13.56,13.56,13.56,13.56,1996
2026-06-22T10:51:00Z,13.56,13.56,13.55,13.55,1284
2026-06-22T10:52:00Z,13.55,13.56,13.55,13.56,1614
2026-06-22T10:53:00Z,13.56,13.56,13.55,13.55,1423
2026-06-22T10:54:00Z,13.55,13.57,13.55,13.57,1822
2026-06-22T10:55:00Z,13.57,13.57,13.56,13.56,2239
2026-06-22T10:56:00Z,13.56,13.57,13.56,13.57,1354
2026-06-22T10:57:00Z,13.57,13.57,13.57,13.57,972
2026-06-22T10:58:00Z,13.57,13.58,13.57,13.58,1579
2026-06-22T10:59:00Z,13.58,13.58,13.58,13.58,902
2026-06-22T11:00:00Z,13.58,13.59,13.58,13.59,1666
2026-06-22T11:01:00Z,13.59,13.59,13.58,13.58,1406
2026-06-22T11:02:00Z,13.58,13.58,13.58,13.58,2517
2026-06-22T11:03:00Z,13.58,13.58,13.57,13.57,1944
2026-06-22T11:04:00Z,13.57,13.59,13.57,13.59,2308
2026-06-22T11:05:00Z,13.59,13.59,13.59,13.59,1475
2026-06-22T11:06:00Z,13.59,13.59,13.59,13.59,1024
2026-06-22T11:07:00Z,13.59,13.59,13.59,13.59,2569
2026-06-22T11:08:00Z,13.59,13.59,13.59,13.59,1597
2026-06-22T11:09:00Z,13.59,13.60,13.59,13.60,2222
2026-06-22T11:10:00Z,13.60,13.60,13.59,13.59,1788
2026-06-22T11:11:00Z,13.59,13.59,13.59,13.59,1926
2026-06-22T11:12:00Z,13.59,13.59,13.58,13.58,2256
2026-06-22T11:13:00Z,13.58,13.59,13.58,13.59,2187
2026-06-22T11:14:00Z,13.59,13.59,13.58,13.58,1371
2026-06-22T11:15:00Z,13.58,13.58,13.57,13.57,2291
2026-06-22T11:16:00Z,13.57,13.57,13.56,13.56,1215
2026-06-22T11:17:00Z,13.56,13.56,13.56,13.56,2395
2026-06-22T11:18:00Z,13.56,13.57,13.56,13.57,1770
2026-06-22T11:19:00Z,13.57,13.57,13.57,13.57,2447
2026-06-22T11:20:00Z,13.57,13.57,13.56,13.56,1058
2026-06-22T11:21:00Z,13.56,13.56,13.55,13.55,972
2026-06-22T11:22:00Z,13.55,13.55,13.54,13.54,1562
2026-06-22T11:23:00Z,13.54,13.54,13.54,13.54,2343
2026-06-22T11:24:00Z,13.54,13.54,13.53,13.53,989
2026-06-22T11:25:00Z,13.53,13.53,13.52,13.52,868
2026-06-22T11:26:00Z,13.52,13.52,13.52,13.52,1475
2026-06-22T11:27:00Z,13.52,13.53,13.52,13.53,1163
2026-06-22T11:28:00Z,13.53,13.53,13.52,13.52,2117
2026-06-22T11:29:00Z,13.52,13.52,13.52,13.52,1197
2026-06-22T11:30:00Z,13.52,13.52,13.51,13.51,1579
2026-06-22T11:31:00Z,13.51,13.51,13.51,13.51,1406
2026-06-22T11:32:00Z,13.51,13.51,13.51,13.51,1249
2026-06-22T11:33:00Z,13.51,13.51,13.51,13.51,2360
2026-06-22T11:34:00Z,13.51,13.51,13.51,13.51,885
2026-06-22T11:35:00Z,13.51,13.51,13.50,13.50,1319
2026-06-22T11:36:00Z,13.50,13.51,13.50,13.51,1788
2026-06-22T11:37:00Z,13.51,13.51,13.50,13.50,1753
2026-06-22T11:38:00Z,13.50,13.50,13.50,13.50,1545
2026-06-22T11:39:00Z,13.50,13.50,13.49,13.49,1284
2026-06-22T11:40:00Z,13.49,13.49,13.48,13.48,1128
2026-06-22T11:41:00Z,13.48,13.48,13.47,13.47,1388
2026-06-22T11:42:00Z,13.47,13.47,13.46,13.46,1336
2026-06-22T11:43:00Z,13.46,13.46,13.45,13.45,1475
2026-06-22T11:44:00Z,13.45,13.45,13.44,13.44,2083
2026-06-22T11:45:00Z,13.44,13.44,13.43,13.43,1319
2026-06-22T11:46:00Z,13.43,13.44,13.43,13.44,868
2026-06-22T11:47:00Z,13.44,13.45,13.44,13.45,1944
2026-06-22T11:48:00Z,13.45,13.45,13.44,13.44,2604
2026-06-22T11:49:00Z,13.44,13.44,13.44,13.44,2031
2026-06-22T11:50:00Z,13.44,13.45,13.44,13.45,1909
2026-06-22T11:51:00Z,13.45,13.45,13.44,13.44,2360
2026-06-22T11:52:00Z,13.44,13.44,13.42,13.42,1944
2026-06-22T11:53:00Z,13.42,13.43,13.42,13.43,1736
2026-06-22T11:54:00Z,13.43,13.43,13.41,13.41,1857
2026-06-22T11:55:00Z,13.41,13.42,13.41,13.42,1857
2026-06-22T11:56:00Z,13.42,13.42,13.42,13.42,1736
2026-06-22T11:57:00Z,13.42,13.42,13.41,13.41,1006
2026-06-22T11:58:00Z,13.41,13.41,13.40,13.40,1371
2026-06-22T11:59:00Z,13.40,13.41,13.40,13.41,2222
2026-06-22T12:00:00Z,13.41,13.41,13.41,13.41,1354
2026-06-22T12:01:00Z,13.41,13.41,13.41,13.41,2395
2026-06-22T12:02:00Z,13.41,13.41,13.41,13.41,2274
2026-06-22T12:03:00Z,13.41,13.42,13.41,13.42,1041
2026-06-22T12:04:00Z,13.42,13.42,13.42,13.42,1406
2026-06-22T12:05:00Z,13.42,13.42,13.41,13.41,2117
2026-06-22T12:06:00Z,13.41,13.41,13.41,13.41,1406
2026-06-22T12:07:00Z,13.41,13.41,13.41,13.41,1788
2026-06-22T12:08:00Z,13.41,13.41,13.41,13.41,1024
2026-06-22T12:09:00Z,13.41,13.42,13.41,13.42,2135
2026-06-22T12:10:00Z,13.42,13.42,13.42,13.42,2465
2026-06-22T12:11:00Z,13.42,13.43,13.42,13.43,1701
2026-06-22T12:12:00Z,13.43,13.43,13.42,13.42,1683
2026-06-22T12:13:00Z,13.42,13.42,13.41,13.41,1683
2026-06-22T12:14:00Z,13.41,13.41,13.41,13.41,1944
2026-06-22T12:15:00Z,13.41,13.42,13.41,13.42,2274
2026-06-22T12:16:00Z,13.42,13.42,13.42,13.42,1111
2026-06-22T12:17:00Z,13.42,13.43,13.42,13.43,902
2026-06-22T12:18:00Z,13.43,13.43,13.43,13.43,2152
2026-06-22T12:19:00Z,13.43,13.43,13.43,13.43,1336
2026-06-22T12:20:00Z,13.43,13.43,13.42,13.42,1840
2026-06-22T12:21:00Z,13.42,13.42,13.42,13.42,1631
2026-06-22T12:22:00Z,13.42,13.42,13.42,13.42,1788
2026-06-22T12:23:00Z,13.42,13.42,13.42,13.42,1302
2026-06-22T12:24:00Z,13.42,13.42,13.40,13.40,1666
2026-06-22T12:25:00Z,13.40,13.41,13.40,13.41,2482
2026-06-22T12:26:00Z,13.41,13.42,13.41,13.42,2343
2026-06-22T12:27:00Z,13.42,13.42,13.41,13.41,1614
2026-06-22T12:28:00Z,13.41,13.43,13.41,13.43,1371
2026-06-22T12:29:00Z,13.43,13.43,13.42,13.42,1267
2026-06-22T12:30:00Z,13.42,13.42,13.41,13.41,2152
2026-06-22T12:31:00Z,13.41,13.41,13.40,13.40,1388
2026-06-22T12:32:00Z,13.40,13.40,13.40,13.40,1024
2026-06-22T12:33:00Z,13.40,13.40,13.39,13.39,1753
2026-06-22T12:34:00Z,13.39,13.41,13.39,13.41,2100
2026-06-22T12:35:00Z,13.41,13.41,13.41,13.41,1336
2026-06-22T12:36:00Z,13.41,13.41,13.41,13.41,937
2026-06-22T12:37:00Z,13.41,13.42,13.41,13.42,2031
2026-06-22T12:38:00Z,13.42,13.42,13.40,13.40,1492
2026-06-22T12:39:00Z,13.40,13.40,13.40,13.40,1961
2026-06-22T12:40:00Z,13.40,13.40,13.39,13.39,2378
2026-06-22T12:41:00Z,13.39,13.40,13.39,13.40,1440
2026-06-22T12:42:00Z,13.40,13.40,13.40,13.40,2343
2026-06-22T12:43:00Z,13.40,13.40,13.40,13.40,2100
2026-06-22T12:44:00Z,13.40,13.40,13.40,13.40,2031
2026-06-22T12:45:00Z,13.40,13.40,13.39,13.39,1371
2026-06-22T12:46:00Z,13.39,13.39,13.37,13.37,1857
2026-06-22T12:47:00Z,13.37,13.39,13.37,13.39,1024
2026-06-22T12:48:00Z,13.39,13.39,13.38,13.38,2343
2026-06-22T12:49:00Z,13.38,13.38,13.37,13.37,2499
2026-06-22T12:50:00Z,13.37,13.37,13.36,13.36,2100
2026-06-22T12:51:00Z,13.36,13.36,13.36,13.36,1319
2026-06-22T12:52:00Z,13.36,13.36,13.34,13.34,954
2026-06-22T12:53:00Z,13.34,13.34,13.34,13.34,1545
2026-06-22T12:54:00Z,13.34,13.34,13.34,13.34,2222
2026-06-22T12:55:00Z,13.34,13.35,13.34,13.35,1492
2026-06-22T12:56:00Z,13.35,13.36,13.35,13.36,1631
2026-06-22T12:57:00Z,13.36,13.36,13.36,13.36,1753
2026-06-22T12:58:00Z,13.36,13.36,13.36,13.36,1788
2026-06-22T12:59:00Z,13.36,13.37,13.36,13.37,1319
2026-06-22T13:00:00Z,13.37,13.37,13.37,13.37,2083
2026-06-22T13:01:00Z,13.37,13.37,13.37,13.37,2187
2026-06-22T13:02:00Z,13.37,13.37,13.36,13.36,1232
2026-06-22T13:03:00Z,13.36,13.37,13.36,13.37,1562
2026-06-22T13:04:00Z,13.37,13.38,13.37,13.38,2291
2026-06-22T13:05:00Z,13.38,13.38,13.38,13.38,1961
2026-06-22T13:06:00Z,13.38,13.38,13.37,13.37,1423
2026-06-22T13:07:00Z,13.37,13.37,13.36,13.36,2031
2026-06-22T13:08:00Z,13.36,13.38,13.36,13.38,2465
2026-06-22T13:09:00Z,13.38,13.38,13.38,13.38,1545
2026-06-22T13:10:00Z,13.38,13.38,13.37,13.37,2291
2026-06-22T13:11:00Z,13.37,13.37,13.37,13.37,1163
2026-06-22T13:12:00Z,13.37,13.37,13.35,13.35,1076
2026-06-22T13:13:00Z,13.35,13.36,13.35,13.36,1631
2026-06-22T13:14:00Z,13.36,13.36,13.35,13.35,1215
2026-06-22T13:15:00Z,13.35,13.35,13.35,13.35,1458
2026-06-22T13:16:00Z,13.35,13.36,13.35,13.36,1093
2026-06-22T13:17:00Z,13.36,13.36,13.35,13.35,2274
2026-06-22T13:18:00Z,13.35,13.36,13.35,13.36,1805
2026-06-22T13:19:00Z,13.36,13.36,13.35,13.35,1388
2026-06-22T13:20:00Z,13.35,13.35,13.34,13.34,1492
2026-06-22T13:21:00Z,13.34,13.34,13.33,13.33,1631
2026-06-22T13:22:00Z,13.33,13.33,13.32,13.32,885
2026-06-22T13:23:00Z,13.32,13.34,13.32,13.34,1614
2026-06-22T13:24:00Z,13.34,13.34,13.34,13.34,2152
2026-06-22T13:25:00Z,13.34,13.35,13.34,13.35,1926
2026-06-22T13:26:00Z,13.35,13.36,13.35,13.36,1996
2026-06-22T13:27:00Z,13.36,13.36,13.36,13.36,1249
2026-06-22T13:28:00Z,13.36,13.36,13.36,13.36,2569
2026-06-22T13:29:00Z,13.36,13.36,13.36,13.36,1892
2026-06-22T13:30:00Z,13.36,13.36,13.36,13.36,868
2026-06-22T13:31:00Z,13.36,13.36,13.36,13.36,937
2026-06-22T13:32:00Z,13.36,13.36,13.35,13.35,2170
2026-06-22T13:33:00Z,13.35,13.35,13.35,13.35,1076
2026-06-22T13:34:00Z,13.35,13.35,13.35,13.35,2569
2026-06-22T13:35:00Z,13.35,13.35,13.34,13.34,1041
2026-06-22T13:36:00Z,13.34,13.35,13.34,13.35,1909
2026-06-22T13:37:00Z,13.35,13.35,13.34,13.34,2395
2026-06-22T13:38:00Z,13.34,13.35,13.34,13.35,1041
2026-06-22T13:39:00Z,13.35,13.37,13.35,13.37,1111
2026-06-22T13:40:00Z,13.37,13.37,13.37,13.37,2065
2026-06-22T13:41:00Z,13.37,13.37,13.37,13.37,1857
2026-06-22T13:42:00Z,13.37,13.37,13.36,13.36,1683
2026-06-22T13:43:00Z,13.36,13.37,13.36,13.37,2239
2026-06-22T13:44:00Z,13.37,13.37,13.37,13.37,2447
2026-06-22T13:45:00Z,13.37,13.37,13.36,13.36,1857
2026-06-22T13:46:00Z,13.36,13.36,13.35,13.35,1510
2026-06-22T13:47:00Z,13.35,13.35,13.35,13.35,1770
2026-06-22T13:48:00Z,13.35,13.35,13.35,13.35,902
2026-06-22T13:49:00Z,13.35,13.35,13.35,13.35,1579
2026-06-22T13:50:00Z,13.35,13.35,13.33,13.33,2239
2026-06-22T13:51:00Z,13.33,13.35,13.33,13.35,1284
2026-06-22T13:52:00Z,13.35,13.36,13.35,13.36,2100
2026-06-22T13:53:00Z,13.36,13.36,13.36,13.36,2204
2026-06-22T13:54:00Z,13.36,13.36,13.36,13.36,1093
2026-06-22T13:55:00Z,13.36,13.36,13.36,13.36,1388
2026-06-22T13:56:00Z,13.36,13.37,13.36,13.37,1770
2026-06-22T13:57:00Z,13.37,13.37,13.35,13.35,868
2026-06-22T13:58:00Z,13.35,13.35,13.35,13.35,2534
2026-06-22T13:59:00Z,13.35,13.35,13.35,13.35,2586
2026-06-22T14:00:00Z,13.35,13.35,13.33,13.33,2274
2026-06-22T14:01:00Z,13.33,13.33,13.33,13.33,1440
2026-06-22T14:02:00Z,13.33,13.33,13.33,13.33,1805
2026-06-22T14:03:00Z,13.33,13.33,13.32,13.32,1458
2026-06-22T14:04:00Z,13.32,13.32,13.32,13.32,1788
2026-06-22T14:05:00Z,13.32,13.32,13.32,13.32,1510
2026-06-22T14:06:00Z,13.32,13.32,13.32,13.32,1458
2026-06-22T14:07:00Z,13.32,13.32,13.31,13.31,1406
2026-06-22T14:08:00Z,13.31,13.31,13.30,13.30,1683
2026-06-22T14:09:00Z,13.30,13.30,13.30,13.30,2430
2026-06-22T14:10:00Z,13.30,13.31,13.30,13.31,2604
2026-06-22T14:11:00Z,13.31,13.31,13.31,13.31,1822
2026-06-22T14:12:00Z,13.31,13.32,13.31,13.32,1701
2026-06-22T14:13:00Z,13.32,13.32,13.31,13.31,1041
2026-06-22T14:14:00Z,13.31,13.31,13.31,13.31,2170
2026-06-22T14:15:00Z,13.31,13.31,13.30,13.30,1840
2026-06-22T14:16:00Z,13.30,13.30,13.29,13.29,1527
2026-06-22T14:17:00Z,13.29,13.29,13.28,13.28,1597
2026-06-22T14:18:00Z,13.28,13.28,13.28,13.28,2586
2026-06-22T14:19:00Z,13.28,13.28,13.28,13.28,1840
2026-06-22T14:20:00Z,13.28,13.28,13.27,13.27,972
2026-06-22T14:21:00Z,13.27,13.27,13.26,13.26,2187
2026-06-22T14:22:00Z,13.26,13.26,13.25,13.25,1354
2026-06-22T14:23:00Z,13.25,13.25,13.25,13.25,2083
2026-06-22T14:24:00Z,13.25,13.25,13.23,13.23,1857
2026-06-22T14:25:00Z,13.23,13.24,13.23,13.24,1614
2026-06-22T14:26:00Z,13.24,13.24,13.23,13.23,2360
2026-06-22T14:27:00Z,13.23,13.23,13.22,13.22,2152
2026-06-22T14:28:00Z,13.22,13.22,13.21,13.21,1579
2026-06-22T14:29:00Z,13.21,13.21,13.20,13.20,2343
2026-06-22T14:30:00Z,13.20,13.20,13.20,13.20,1892
2026-06-22T14:31:00Z,13.20,13.20,13.20,13.20,1249
2026-06-22T14:32:00Z,13.20,13.21,13.20,13.21,1371
2026-06-22T14:33:00Z,13.21,13.21,13.20,13.20,2604
2026-06-22T14:34:00Z,13.20,13.22,13.20,13.22,1753
2026-06-22T14:35:00Z,13.22,13.23,13.22,13.23,1961
2026-06-22T14:36:00Z,13.23,13.24,13.23,13.24,2360
2026-06-22T14:37:00Z,13.24,13.24,13.24,13.24,1562
2026-06-22T14:38:00Z,13.24,13.24,13.24,13.24,1440
2026-06-22T14:39:00Z,13.24,13.24,13.23,13.23,2013
2026-06-22T14:40:00Z,13.23,13.24,13.23,13.24,1076
2026-06-22T14:41:00Z,13.24,13.24,13.24,13.24,2031
2026-06-22T14:42:00Z,13.24,13.25,13.24,13.25,1406
2026-06-22T14:43:00Z,13.25,13.25,13.25,13.25,2395
2026-06-22T14:44:00Z,13.25,13.26,13.25,13.26,2170
2026-06-22T14:45:00Z,13.26,13.26,13.26,13.26,1249
2026-06-22T14:46:00Z,13.26,13.26,13.26,13.26,2222
2026-06-22T14:47:00Z,13.26,13.26,13.26,13.26,2326
2026-06-22T14:48:00Z,13.26,13.26,13.26,13.26,1406
2026-06-22T14:49:00Z,13.26,13.26,13.25,13.25,2274
2026-06-22T14:50:00Z,13.25,13.25,13.24,13.24,1371
2026-06-22T14:51:00Z,13.24,13.25,13.24,13.25,2065
2026-06-22T14:52:00Z,13.25,13.25,13.25,13.25,1892
2026-06-22T14:53:00Z,13.25,13.25,13.24,13.24,1840
2026-06-22T14:54:00Z,13.24,13.24,13.23,13.23,2031
2026-06-22T14:55:00Z,13.23,13.23,13.23,13.23,1909
2026-06-22T14:56:00Z,13.23,13.23,13.23,13.23,1163
2026-06-22T14:57:00Z,13.23,13.24,13.23,13.24,2100
2026-06-22T14:58:00Z,13.24,13.24,13.24,13.24,868
2026-06-22T14:59:00Z,13.24,13.24,13.23,13.23,2135
2026-06-22T15:00:00Z,13.23,13.23,13.22,13.22,902
2026-06-22T15:01:00Z,13.22,13.22,13.22,13.22,1805
2026-06-22T15:02:00Z,13.22,13.22,13.22,13.22,1492
2026-06-22T15:03:00Z,13.22,13.22,13.21,13.21,2604
2026-06-22T15:04:00Z,13.21,13.21,13.21,13.21,1145
2026-06-22T15:05:00Z,13.21,13.22,13.21,13.22,1128
2026-06-22T15:06:00Z,13.22,13.22,13.21,13.21,1024
2026-06-22T15:07:00Z,13.21,13.21,13.19,13.19,1926
2026-06-22T15:08:00Z,13.19,13.19,13.19,13.19,1249
2026-06-22T15:09:00Z,13.19,13.19,13.19,13.19,2378
2026-06-22T15:10:00Z,13.19,13.19,13.18,13.18,1128
2026-06-22T15:11:00Z,13.18,13.18,13.18,13.18,2326
2026-06-22T15:12:00Z,13.18,13.19,13.18,13.19,1562
2026-06-22T15:13:00Z,13.19,13.20,13.19,13.20,1701
2026-06-22T15:14:00Z,13.20,13.21,13.20,13.21,2586
2026-06-22T15:15:00Z,13.21,13.21,13.21,13.21,1996
2026-06-22T15:16:00Z,13.21,13.21,13.21,13.21,1163
2026-06-22T15:17:00Z,13.21,13.21,13.21,13.21,868
2026-06-22T15:18:00Z,13.21,13.21,13.21,13.21,1874
2026-06-22T15:19:00Z,13.21,13.22,13.21,13.22,2447
2026-06-22T15:20:00Z,13.22,13.22,13.21,13.21,1909
2026-06-22T15:21:00Z,13.21,13.22,13.21,13.22,1180
2026-06-22T15:22:00Z,13.22,13.22,13.21,13.21,2343
2026-06-22T15:23:00Z,13.21,13.21,13.21,13.21,2204
2026-06-22T15:24:00Z,13.21,13.21,13.20,13.20,1926
2026-06-22T15:25:00Z,13.20,13.22,13.20,13.22,1111
2026-06-22T15:26:00Z,13.22,13.22,13.22,13.22,972
2026-06-22T15:27:00Z,13.22,13.22,13.22,13.22,1805
2026-06-22T15:28:00Z,13.22,13.22,13.22,13.22,2586
2026-06-22T15:29:00Z,13.22,13.22,13.21,13.21,2135
2026-06-22T15:30:00Z,13.21,13.21,13.20,13.20,1649
2026-06-22T15:31:00Z,13.20,13.20,13.18,13.18,1892
2026-06-22T15:32:00Z,13.18,13.18,13.18,13.18,1232
2026-06-22T15:33:00Z,13.18,13.18,13.18,13.18,1041
2026-06-22T15:34:00Z,13.18,13.18,13.18,13.18,2465
2026-06-22T15:35:00Z,13.18,13.18,13.17,13.17,1492
2026-06-22T15:36:00Z,13.17,13.17,13.17,13.17,2013
2026-06-22T15:37:00Z,13.17,13.17,13.17,13.17,1354
2026-06-22T15:38:00Z,13.17,13.18,13.17,13.18,1562
2026-06-22T15:39:00Z,13.18,13.19,13.18,13.19,2256
2026-06-22T15:40:00Z,13.19,13.21,13.19,13.21,1492
2026-06-22T15:41:00Z,13.21,13.21,13.20,13.20,1805
2026-06-22T15:42:00Z,13.20,13.20,13.20,13.20,1145
2026-06-22T15:43:00Z,13.20,13.21,13.20,13.21,1111
2026-06-22T15:44:00Z,13.21,13.21,13.21,13.21,2013
2026-06-22T15:45:00Z,13.21,13.22,13.21,13.22,1718
2026-06-22T15:46:00Z,13.22,13.22,13.22,13.22,2586
2026-06-22T15:47:00Z,13.22,13.22,13.22,13.22,1440
2026-06-22T15:48:00Z,13.22,13.22,13.21,13.21,1545
2026-06-22T15:49:00Z,13.21,13.22,13.21,13.22,1579
2026-06-22T15:50:00Z,13.22,13.22,13.21,13.21,1492
2026-06-22T15:51:00Z,13.21,13.23,13.21,13.23,1145
2026-06-22T15:52:00Z,13.23,13.23,13.22,13.22,1492
2026-06-22T15:53:00Z,13.22,13.24,13.22,13.24,2222
2026-06-22T15:54:00Z,13.24,13.24,13.24,13.24,1111
2026-06-22T15:55:00Z,13.24,13.25,13.24,13.25,902
2026-06-22T15:56:00Z,13.25,13.25,13.24,13.24,1336
2026-06-22T15:57:00Z,13.24,13.25,13.24,13.25,1545
2026-06-22T15:58:00Z,13.25,13.25,13.24,13.24,2517
2026-06-22T15:59:00Z,13.24,13.24,13.24,13.24,2135
2026-06-22T16:00:00Z,13.24,13.24,13.24,13.24,2256
2026-06-22T16:01:00Z,13.24,13.25,13.24,13.25,1545
2026-06-22T16:02:00Z,13.25,13.26,13.25,13.26,1718
2026-06-22T16:03:00Z,13.26,13.26,13.26,13.26,989
2026-06-22T16:04:00Z,13.26,13.27,13.26,13.27,1128
2026-06-22T16:05:00Z,13.27,13.27,13.26,13.26,1284
2026-06-22T16:06:00Z,13.26,13.26,13.25,13.25,2100
2026-06-22T16:07:00Z,13.25,13.26,13.25,13.26,1041
2026-06-22T16:08:00Z,13.26,13.27,13.26,13.27,2135
2026-06-22T16:09:00Z,13.27,13.27,13.27,13.27,2152
2026-06-22T16:10:00Z,13.27,13.27,13.25,13.25,1145
2026-06-22T16:11:00Z,13.25,13.25,13.25,13.25,920
2026-06-22T16:12:00Z,13.25,13.27,13.25,13.27,1492
2026-06-22T16:13:00Z,13.27,13.27,13.25,13.25,1302
2026-06-22T16:14:00Z,13.25,13.26,13.25,13.26,1076
2026-06-22T16:15:00Z,13.26,13.26,13.26,13.26,1163
2026-06-22T16:16:00Z,13.26,13.26,13.26,13.26,1718
2026-06-22T16:17:00Z,13.26,13.26,13.26,13.26,972
2026-06-22T16:18:00Z,13.26,13.26,13.25,13.25,1249
2026-06-22T16:19:00Z,13.25,13.25,13.25,13.25,2222
2026-06-22T16:20:00Z,13.25,13.25,13.25,13.25,2204
2026-06-22T16:21:00Z,13.25,13.25,13.25,13.25,1267
2026-06-22T16:22:00Z,13.25,13.25,13.25,13.25,2291
2026-06-22T16:23:00Z,13.25,13.25,13.25,13.25,1649
2026-06-22T16:24:00Z,13.25,13.25,13.25,13.25,1805
2026-06-22T16:25:00Z,13.25,13.27,13.25,13.27,1649
2026-06-22T16:26:00Z,13.27,13.27,13.27,13.27,1649
2026-06-22T16:27:00Z,13.27,13.27,13.27,13.27,1510
2026-06-22T16:28:00Z,13.27,13.27,13.26,13.26,1944
2026-06-22T16:29:00Z,13.26,13.27,13.26,13.27,2117
2026-06-22T16:30:00Z,13.27,13.27,13.27,13.27,2274
2026-06-22T16:31:00Z,13.27,13.27,13.26,13.26,1736
2026-06-22T16:32:00Z,13.26,13.27,13.26,13.27,2117
2026-06-22T16:33:00Z,13.27,13.27,13.26,13.26,1388
2026-06-22T16:34:00Z,13.26,13.26,13.26,13.26,2135
2026-06-22T16:35:00Z,13.26,13.27,13.26,13.27,1232
2026-06-22T16:36:00Z,13.27,13.27,13.25,13.25,885
2026-06-22T16:37:00Z,13.25,13.26,13.25,13.26,1822
2026-06-22T16:38:00Z,13.26,13.27,13.26,13.27,1857
2026-06-22T16:39:00Z,13.27,13.27,13.27,13.27,2100
2026-06-22T16:40:00Z,13.27,13.27,13.25,13.25,2222
2026-06-22T16:41:00Z,13.25,13.26,13.25,13.26,1197
2026-06-22T16:42:00Z,13.26,13.26,13.26,13.26,1180
2026-06-22T16:43:00Z,13.26,13.27,13.26,13.27,1406
2026-06-22T16:44:00Z,13.27,13.28,13.27,13.28,1336
2026-06-22T16:45:00Z,13.28,13.29,13.28,13.29,2413
2026-06-22T16:46:00Z,13.29,13.29,13.28,13.28,1701
2026-06-22T16:47:00Z,13.28,13.29,13.28,13.29,1909
2026-06-22T16:48:00Z,13.29,13.30,13.29,13.30,1822
2026-06-22T16:49:00Z,13.30,13.31,13.30,13.31,1163
2026-06-22T16:50:00Z,13.31,13.31,13.30,13.30,2326
2026-06-22T16:51:00Z,13.30,13.30,13.29,13.29,2604
2026-06-22T16:52:00Z,13.29,13.30,13.29,13.30,2117
2026-06-22T16:53:00Z,13.30,13.30,13.30,13.30,1093
2026-06-22T16:54:00Z,13.30,13.30,13.30,13.30,2395
2026-06-22T16:55:00Z,13.30,13.30,13.30,13.30,2031
2026-06-22T16:56:00Z,13.30,13.30,13.29,13.29,1805
2026-06-22T16:57:00Z,13.29,13.29,13.29,13.29,1475
2026-06-22T16:58:00Z,13.29,13.30,13.29,13.30,1111
2026-06-22T16:59:00Z,13.30,13.31,13.30,13.31,2239
2026-06-22T17:00:00Z,13.31,13.31,13.30,13.30,1631
2026-06-22T17:01:00Z,13.30,13.30,13.29,13.29,2308
2026-06-22T17:02:00Z,13.29,13.29,13.28,13.28,2447
2026-06-22T17:03:00Z,13.28,13.29,13.28,13.29,1788
2026-06-22T17:04:00Z,13.29,13.29,13.28,13.28,1180
2026-06-22T17:05:00Z,13.28,13.29,13.28,13.29,972
2026-06-22T17:06:00Z,13.29,13.29,13.29,13.29,2170
2026-06-22T17:07:00Z,13.29,13.29,13.28,13.28,1163
2026-06-22T17:08:00Z,13.28,13.28,13.27,13.27,902
2026-06-22T17:09:00Z,13.27,13.28,13.27,13.28,1145
2026-06-22T17:10:00Z,13.28,13.28,13.27,13.27,1979
2026-06-22T17:11:00Z,13.27,13.27,13.27,13.27,1666
2026-06-22T17:12:00Z,13.27,13.27,13.26,13.26,2604
2026-06-22T17:13:00Z,13.26,13.26,13.26,13.26,1666
2026-06-22T17:14:00Z,13.26,13.26,13.25,13.25,920
2026-06-22T17:15:00Z,13.25,13.26,13.25,13.26,2360
2026-06-22T17:16:00Z,13.26,13.26,13.26,13.26,1041
2026-06-22T17:17:00Z,13.26,13.26,13.25,13.25,2152
2026-06-22T17:18:00Z,13.25,13.25,13.25,13.25,2170
2026-06-22T17:19:00Z,13.25,13.26,13.25,13.26,1701
2026-06-22T17:20:00Z,13.26,13.27,13.26,13.27,1163
2026-06-22T17:21:00Z,13.27,13.27,13.27,13.27,2430
2026-06-22T17:22:00Z,13.27,13.27,13.26,13.26,2239
2026-06-22T17:23:00Z,13.26,13.27,13.26,13.27,2343
2026-06-22T17:24:00Z,13.27,13.27,13.26,13.26,1249
2026-06-22T17:25:00Z,13.26,13.26,13.26,13.26,2465
2026-06-22T17:26:00Z,13.26,13.26,13.25,13.25,1996
2026-06-22T17:27:00Z,13.25,13.26,13.25,13.26,1979
2026-06-22T17:28:00Z,13.26,13.26,13.26,13.26,2482
2026-06-22T17:29:00Z,13.26,13.26,13.26,13.26,1128
2026-06-22T17:30:00Z,13.26,13.26,13.25,13.25,1354
2026-06-22T17:31:00Z,13.25,13.25,13.24,13.24,1736
2026-06-22T17:32:00Z,13.24,13.24,13.24,13.24,1492
2026-06-22T17:33:00Z,13.24,13.24,13.23,13.23,1996
2026-06-22T17:34:00Z,13.23,13.24,13.23,13.24,1701
2026-06-22T17:35:00Z,13.24,13.24,13.24,13.24,1510
2026-06-22T17:36:00Z,13.24,13.24,13.24,13.24,1579
2026-06-22T17:37:00Z,13.24,13.24,13.24,13.24,2135
2026-06-22T17:38:00Z,13.24,13.25,13.24,13.25,1111
2026-06-22T17:39:00Z,13.25,13.25,13.23,13.23,1597
2026-06-22T17:40:00Z,13.23,13.23,13.23,13.23,1666
2026-06-22T17:41:00Z,13.23,13.23,13.22,13.22,2534
2026-06-22T17:42:00Z,13.22,13.24,13.22,13.24,2100
2026-06-22T17:43:00Z,13.24,13.24,13.24,13.24,1111
2026-06-22T17:44:00Z,13.24,13.24,13.24,13.24,1041
2026-06-22T17:45:00Z,13.24,13.24,13.24,13.24,1006
2026-06-22T17:46:00Z,13.24,13.24,13.23,13.23,954
2026-06-22T17:47:00Z,13.23,13.23,13.23,13.23,1180
2026-06-22T17:48:00Z,13.23,13.25,13.23,13.25,1631
2026-06-22T17:49:00Z,13.25,13.25,13.24,13.24,1458
2026-06-22T17:50:00Z,13.24,13.24,13.23,13.23,2048
2026-06-22T17:51:00Z,13.23,13.23,13.22,13.22,1857
2026-06-22T17:52:00Z,13.22,13.23,13.22,13.23,1631
2026-06-22T17:53:00Z,13.23,13.23,13.22,13.22,1857
2026-06-22T17:54:00Z,13.22,13.23,13.22,13.23,1961
2026-06-22T17:55:00Z,13.23,13.23,13.23,13.23,1197
2026-06-22T17:56:00Z,13.23,13.24,13.23,13.24,2135
2026-06-22T17:57:00Z,13.24,13.24,13.24,13.24,1527
2026-06-22T17:58:00Z,13.24,13.24,13.24,13.24,2239
2026-06-22T17:59:00Z,13.24,13.24,13.24,13.24,2447
2026-06-22T18:00:00Z,13.24,13.24,13.24,13.24,1527
2026-06-22T18:01:00Z,13.24,13.25,13.24,13.25,1822
2026-06-22T18:02:00Z,13.25,13.25,13.25,13.25,1909
2026-06-22T18:03:00Z,13.25,13.25,13.25,13.25,2517
2026-06-22T18:04:00Z,13.25,13.25,13.25,13.25,1857
2026-06-22T18:05:00Z,13.25,13.25,13.25,13.25,1979
2026-06-22T18:06:00Z,13.25,13.25,13.25,13.25,2135
2026-06-22T18:07:00Z,13.25,13.26,13.25,13.26,2499
2026-06-22T18:08:00Z,13.26,13.26,13.26,13.26,2395
2026-06-22T18:09:00Z,13.26,13.26,13.26,13.26,920
2026-06-22T18:10:00Z,13.26,13.28,13.26,13.28,2499
2026-06-22T18:11:00Z,13.28,13.28,13.28,13.28,1840
2026-06-22T18:12:00Z,13.28,13.29,13.28,13.29,1979
2026-06-22T18:13:00Z,13.29,13.29,13.27,13.27,1892
2026-06-22T18:14:00Z,13.27,13.27,13.27,13.27,989
2026-06-22T18:15:00Z,13.27,13.27,13.26,13.26,1128
2026-06-22T18:16:00Z,13.26,13.26,13.26,13.26,2048
2026-06-22T18:17:00Z,13.26,13.26,13.25,13.25,1128
2026-06-22T18:18:00Z,13.25,13.26,13.25,13.26,1024
2026-06-22T18:19:00Z,13.26,13.27,13.26,13.27,2604
2026-06-22T18:20:00Z,13.27,13.27,13.26,13.26,1822
2026-06-22T18:21:00Z,13.26,13.26,13.26,13.26,1197
2026-06-22T18:22:00Z,13.26,13.26,13.25,13.25,937
2026-06-22T18:23:00Z,13.25,13.25,13.24,13.24,1770
2026-06-22T18:24:00Z,13.24,13.24,13.23,13.23,2291
2026-06-22T18:25:00Z,13.23,13.23,13.22,13.22,1597
2026-06-22T18:26:00Z,13.22,13.22,13.21,13.21,1562
2026-06-22T18:27:00Z,13.21,13.21,13.21,13.21,1736
2026-06-22T18:28:00Z,13.21,13.21,13.21,13.21,1979
2026-06-22T18:29:00Z,13.21,13.21,13.21,13.21,1579
2026-06-22T18:30:00Z,13.21,13.21,13.21,13.21,1232
2026-06-22T18:31:00Z,13.21,13.21,13.21,13.21,2430
2026-06-22T18:32:00Z,13.21,13.22,13.21,13.22,2413
2026-06-22T18:33:00Z,13.22,13.22,13.20,13.20,1857
2026-06-22T18:34:00Z,13.20,13.20,13.20,13.20,1215
2026-06-22T18:35:00Z,13.20,13.20,13.20,13.20,2204
2026-06-22T18:36:00Z,13.20,13.21,13.20,13.21,1979
2026-06-22T18:37:00Z,13.21,13.21,13.21,13.21,1440
2026-06-22T18:38:00Z,13.21,13.22,13.21,13.22,1909
2026-06-22T18:39:00Z,13.22,13.22,13.21,13.21,2465
2026-06-22T18:40:00Z,13.21,13.21,13.20,13.20,2482
2026-06-22T18:41:00Z,13.20,13.21,13.20,13.21,2551
2026-06-22T18:42:00Z,13.21,13.21,13.21,13.21,1319
2026-06-22T18:43:00Z,13.21,13.21,13.21,13.21,1909
2026-06-22T18:44:00Z,13.21,13.21,13.21,13.21,1649
2026-06-22T18:45:00Z,13.21,13.21,13.20,13.20,1822
2026-06-22T18:46:00Z,13.20,13.20,13.19,13.19,1180
2026-06-22T18:47:00Z,13.19,13.19,13.19,13.19,1736
2026-06-22T18:48:00Z,13.19,13.19,13.18,13.18,1475
2026-06-22T18:49:00Z,13.18,13.18,13.18,13.18,2031
2026-06-22T18:50:00Z,13.18,13.20,13.18,13.20,2222
2026-06-22T18:51:00Z,13.20,13.20,13.18,13.18,1232
2026-06-22T18:52:00Z,13.18,13.18,13.18,13.18,1319
2026-06-22T18:53:00Z,13.18,13.18,13.17,13.17,1041
2026-06-22T18:54:00Z,13.17,13.18,13.17,13.18,1128
2026-06-22T18:55:00Z,13.18,13.18,13.18,13.18,1631
2026-06-22T18:56:00Z,13.18,13.18,13.18,13.18,989
2026-06-22T18:57:00Z,13.18,13.18,13.18,13.18,2291
2026-06-22T18:58:00Z,13.18,13.18,13.18,13.18,1215
2026-06-22T18:59:00Z,13.18,13.18,13.18,13.18,1145
2026-06-22T19:00:00Z,13.18,13.18,13.18,13.18,1093
2026-06-22T19:01:00Z,13.18,13.18,13.17,13.17,1076
2026-06-22T19:02:00Z,13.17,13.17,13.17,13.17,1510
2026-06-22T19:03:00Z,13.17,13.18,13.17,13.18,2291
2026-06-22T19:04:00Z,13.18,13.18,13.18,13.18,1180
2026-06-22T19:05:00Z,13.18,13.19,13.18,13.19,1041
2026-06-22T19:06:00Z,13.19,13.20,13.19,13.20,1944
2026-06-22T19:07:00Z,13.20,13.21,13.20,13.21,2170
2026-06-22T19:08:00Z,13.21,13.21,13.20,13.20,937
2026-06-22T19:09:00Z,13.20,13.20,13.19,13.19,1093
2026-06-22T19:10:00Z,13.19,13.19,13.19,13.19,2187
2026-06-22T19:11:00Z,13.19,13.19,13.19,13.19,1666
2026-06-22T19:12:00Z,13.19,13.19,13.19,13.19,1006
2026-06-22T19:13:00Z,13.19,13.19,13.18,13.18,1527
2026-06-22T19:14:00Z,13.18,13.19,13.18,13.19,2222
2026-06-22T19:15:00Z,13.19,13.20,13.19,13.20,1232
2026-06-22T19:16:00Z,13.20,13.20,13.20,13.20,1111
2026-06-22T19:17:00Z,13.20,13.20,13.20,13.20,2170
2026-06-22T19:18:00Z,13.20,13.20,13.20,13.20,2569
2026-06-22T19:19:00Z,13.20,13.20,13.20,13.20,2031
2026-06-22T19:20:00Z,13.20,13.21,13.20,13.21,2534
2026-06-22T19:21:00Z,13.21,13.22,13.21,13.22,1440
2026-06-22T19:22:00Z,13.22,13.23,13.22,13.23,2569
2026-06-22T19:23:00Z,13.23,13.23,13.21,13.21,2291
2026-06-22T19:24:00Z,13.21,13.22,13.21,13.22,1215
2026-06-22T19:25:00Z,13.22,13.23,13.22,13.23,1788
2026-06-22T19:26:00Z,13.23,13.24,13.23,13.24,1336
2026-06-22T19:27:00Z,13.24,13.24,13.23,13.23,1683
2026-06-22T19:28:00Z,13.23,13.23,13.23,13.23,1388
2026-06-22T19:29:00Z,13.23,13.23,13.23,13.23,2551
2026-06-22T19:30:00Z,13.23,13.23,13.23,13.23,972
2026-06-22T19:31:00Z,13.23,13.24,13.23,13.24,2187
2026-06-22T19:32:00Z,13.24,13.24,13.24,13.24,2135
2026-06-22T19:33:00Z,13.24,13.24,13.23,13.23,1093
2026-06-22T19:34:00Z,13.23,13.24,13.23,13.24,1753
2026-06-22T19:35:00Z,13.24,13.24,13.24,13.24,920
2026-06-22T19:36:00Z,13.24,13.24,13.24,13.24,2447
2026-06-22T19:37:00Z,13.24,13.24,13.24,13.24,2256
2026-06-22T19:38:00Z,13.24,13.24,13.24,13.24,1683
2026-06-22T19:39:00Z,13.24,13.24,13.24,13.24,1545
2026-06-22T19:40:00Z,13.24,13.25,13.24,13.25,1267
2026-06-22T19:41:00Z,13.25,13.26,13.25,13.26,1857
2026-06-22T19:42:00Z,13.26,13.26,13.26,13.26,1736
2026-06-22T19:43:00Z,13.26,13.26,13.25,13.25,2239
2026-06-22T19:44:00Z,13.25,13.25,13.25,13.25,1857
2026-06-22T19:45:00Z,13.25,13.26,13.25,13.26,2430
2026-06-22T19:46:00Z,13.26,13.26,13.25,13.25,2048
2026-06-22T19:47:00Z,13.25,13.26,13.25,13.26,2326
2026-06-22T19:48:00Z,13.26,13.26,13.26,13.26,1822
2026-06-22T19:49:00Z,13.26,13.26,13.26,13.26,1058
2026-06-22T19:50:00Z,13.26,13.26,13.26,13.26,989
2026-06-22T19:51:00Z,13.26,13.26,13.25,13.25,1840
2026-06-22T19:52:00Z,13.25,13.25,13.25,13.25,1701
2026-06-22T19:53:00Z,13.25,13.25,13.25,13.25,2395
2026-06-22T19:54:00Z,13.25,13.25,13.25,13.25,1944
2026-06-22T19:55:00Z,13.25,13.25,13.25,13.25,1874
2026-06-22T19:56:00Z,13.25,13.25,13.25,13.25,1683
2026-06-22T19:57:00Z,13.25,13.26,13.25,13.26,1683
2026-06-22T19:58:00Z,13.26,13.26,13.26,13.26,2395
2026-06-22T19:59:00Z,13.26,13.26,13.26,13.26,1058
2026-06-22T20:00:00Z,13.26,13.26,13.26,13.26,1961
2026-06-22T20:01:00Z,13.26,13.26,13.25,13.25,1649
2026-06-22T20:02:00Z,13.25,13.26,13.25,13.26,2465
2026-06-22T20:03:00Z,13.26,13.26,13.26,13.26,2152
2026-06-22T20:04:00Z,13.26,13.28,13.26,13.28,1163
2026-06-22T20:05:00Z,13.28,13.28,13.27,13.27,885
2026-06-22T20:06:00Z,13.27,13.27,13.27,13.27,1666
2026-06-22T20:07:00Z,13.27,13.27,13.26,13.26,1666
2026-06-22T20:08:00Z,13.26,13.26,13.26,13.26,1944
2026-06-22T20:09:00Z,13.26,13.27,13.26,13.27,1492
2026-06-22T20:10:00Z,13.27,13.28,13.27,13.28,2430
2026-06-22T20:11:00Z,13.28,13.28,13.28,13.28,1701
2026-06-22T20:12:00Z,13.28,13.29,13.28,13.29,2291
2026-06-22T20:13:00Z,13.29,13.30,13.29,13.30,2256
2026-06-22T20:14:00Z,13.30,13.30,13.30,13.30,2031
2026-06-22T20:15:00Z,13.30,13.30,13.29,13.29,1128
2026-06-22T20:16:00Z,13.29,13.30,13.29,13.30,885
2026-06-22T20:17:00Z,13.30,13.30,13.29,13.29,2465
2026-06-22T20:18:00Z,13.29,13.30,13.29,13.30,1284
2026-06-22T20:19:00Z,13.30,13.30,13.29,13.29,1909
2026-06-22T20:20:00Z,13.29,13.30,13.29,13.30,1614
2026-06-22T20:21:00Z,13.30,13.30,13.29,13.29,1093
2026-06-22T20:22:00Z,13.29,13.29,13.29,13.29,1111
2026-06-22T20:23:00Z,13.29,13.29,13.29,13.29,1249
2026-06-22T20:24:00Z,13.29,13.29,13.28,13.28,1145
2026-06-22T20:25:00Z,13.28,13.29,13.28,13.29,1510
2026-06-22T20:26:00Z,13.29,13.29,13.29,13.29,1232
2026-06-22T20:27:00Z,13.29,13.30,13.29,13.30,1180
2026-06-22T20:28:00Z,13.30,13.31,13.30,13.31,1857
2026-06-22T20:29:00Z,13.31,13.31,13.30,13.30,1909
2026-06-22T20:30:00Z,13.30,13.30,13.29,13.29,2117
2026-06-22T20:31:00Z,13.29,13.29,13.27,13.27,1371
2026-06-22T20:32:00Z,13.27,13.28,13.27,13.28,989
2026-06-22T20:33:00Z,13.28,13.28,13.27,13.27,2152
2026-06-22T20:34:00Z,13.27,13.27,13.27,13.27,1336
2026-06-22T20:35:00Z,13.27,13.27,13.27,13.27,1284
2026-06-22T20:36:00Z,13.27,13.28,13.27,13.28,2413
2026-06-22T20:37:00Z,13.28,13.28,13.27,13.27,2048
2026-06-22T20:38:00Z,13.27,13.27,13.27,13.27,2048
2026-06-22T20:39:00Z,13.27,13.28,13.27,13.28,1979
2026-06-22T20:40:00Z,13.28,13.28,13.27,13.27,2152
2026-06-22T20:41:00Z,13.27,13.28,13.27,13.28,1892
2026-06-22T20:42:00Z,13.28,13.28,13.26,13.26,1354
2026-06-22T20:43:00Z,13.26,13.26,13.26,13.26,1753
2026-06-22T20:44:00Z,13.26,13.26,13.26,13.26,1545
2026-06-22T20:45:00Z,13.26,13.26,13.25,13.25,1788
2026-06-22T20:46:00Z,13.25,13.26,13.25,13.26,1458
2026-06-22T20:47:00Z,13.26,13.27,13.26,13.27,1666
2026-06-22T20:48:00Z,13.27,13.27,13.27,13.27,1562
2026-06-22T20:49:00Z,13.27,13.27,13.26,13.26,1406
2026-06-22T20:50:00Z,13.26,13.27,13.26,13.27,937
2026-06-22T20:51:00Z,13.27,13.27,13.26,13.26,2447
2026-06-22T20:52:00Z,13.26,13.26,13.25,13.25,1527
2026-06-22T20:53:00Z,13.25,13.25,13.25,13.25,1284
2026-06-22T20:54:00Z,13.25,13.25,13.25,13.25,2065
2026-06-22T20:55:00Z,13.25,13.25,13.24,13.24,1319
2026-06-22T20:56:00Z,13.24,13.24,13.24,13.24,2048
2026-06-22T20:57:00Z,13.24,13.25,13.24,13.25,1284
2026-06-22T20:58:00Z,13.25,13.25,13.25,13.25,1579
2026-06-22T20:59:00Z,13.25,13.25,13.25,13.25,2239
2026-06-22T21:00:00Z,13.25,13.25,13.24,13.24,2117
2026-06-22T21:01:00Z,13.24,13.25,13.24,13.25,1736
2026-06-22T21:02:00Z,13.25,13.26,13.25,13.26,1510
2026-06-22T21:03:00Z,13.26,13.26,13.25,13.25,1666
2026-06-22T21:04:00Z,13.25,13.25,13.24,13.24,1770
2026-06-22T21:05:00Z,13.24,13.24,13.24,13.24,1597
2026-06-22T21:06:00Z,13.24,13.24,13.23,13.23,1006
2026-06-22T21:07:00Z,13.23,13.24,13.23,13.24,1302
2026-06-22T21:08:00Z,13.24,13.24,13.23,13.23,1319
2026-06-22T21:09:00Z,13.23,13.23,13.23,13.23,1249
2026-06-22T21:10:00Z,13.23,13.23,13.23,13.23,1979
2026-06-22T21:11:00Z,13.23,13.23,13.23,13.23,2499
2026-06-22T21:12:00Z,13.23,13.23,13.21,13.21,2152
2026-06-22T21:13:00Z,13.21,13.21,13.21,13.21,1961
2026-06-22T21:14:00Z,13.21,13.22,13.21,13.22,1388
2026-06-22T21:15:00Z,13.22,13.23,13.22,13.23,1249
2026-06-22T21:16:00Z,13.23,13.23,13.23,13.23,1180
2026-06-22T21:17:00Z,13.23,13.24,13.23,13.24,1788
2026-06-22T21:18:00Z,13.24,13.24,13.24,13.24,2274
2026-06-22T21:19:00Z,13.24,13.25,13.24,13.25,2586
2026-06-22T21:20:00Z,13.25,13.25,13.23,13.23,1874
2026-06-22T21:21:00Z,13.23,13.24,13.23,13.24,1545
2026-06-22T21:22:00Z,13.24,13.24,13.22,13.22,1979
2026-06-22T21:23:00Z,13.22,13.22,13.22,13.22,2604
2026-06-22T21:24:00Z,13.22,13.22,13.22,13.22,2274
2026-06-22T21:25:00Z,13.22,13.23,13.22,13.23,2083
2026-06-22T21:26:00Z,13.23,13.23,13.23,13.23,1614
2026-06-22T21:27:00Z,13.23,13.24,13.23,13.24,2604
2026-06-22T21:28:00Z,13.24,13.24,13.23,13.23,2170
2026-06-22T21:29:00Z,13.23,13.23,13.22,13.22,989
2026-06-22T21:30:00Z,13.22,13.22,13.22,13.22,868
2026-06-22T21:31:00Z,13.22,13.23,13.22,13.23,1076
2026-06-22T21:32:00Z,13.23,13.23,13.23,13.23,1406
2026-06-22T21:33:00Z,13.23,13.23,13.23,13.23,1892
2026-06-22T21:34:00Z,13.23,13.24,13.23,13.24,1805
2026-06-22T21:35:00Z,13.24,13.25,13.24,13.25,1926
2026-06-22T21:36:00Z,13.25,13.25,13.24,13.24,1458
2026-06-22T21:37:00Z,13.24,13.24,13.24,13.24,2291
2026-06-22T21:38:00Z,13.24,13.24,13.24,13.24,1857
2026-06-22T21:39:00Z,13.24,13.24,13.24,13.24,1006
2026-06-22T21:40:00Z,13.24,13.24,13.22,13.22,1145
2026-06-22T21:41:00Z,13.22,13.22,13.21,13.21,1979
2026-06-22T21:42:00Z,13.21,13.21,13.20,13.20,2378
2026-06-22T21:43:00Z,13.20,13.21,13.20,13.21,885
2026-06-22T21:44:00Z,13.21,13.21,13.20,13.20,1458
2026-06-22T21:45:00Z,13.20,13.20,13.20,13.20,2534
2026-06-22T21:46:00Z,13.20,13.20,13.20,13.20,2031
2026-06-22T21:47:00Z,13.20,13.20,13.20,13.20,2360
2026-06-22T21:48:00Z,13.20,13.20,13.20,13.20,2291
2026-06-22T21:49:00Z,13.20,13.20,13.19,13.19,1527
2026-06-22T21:50:00Z,13.19,13.20,13.19,13.20,1371
2026-06-22T21:51:00Z,13.20,13.20,13.20,13.20,902
2026-06-22T21:52:00Z,13.20,13.20,13.19,13.19,1822
2026-06-22T21:53:00Z,13.19,13.19,13.19,13.19,2569
2026-06-22T21:54:00Z,13.19,13.19,13.19,13.19,2326
2026-06-22T21:55:00Z,13.19,13.21,13.19,13.21,1111
2026-06-22T21:56:00Z,13.21,13.21,13.20,13.20,1197
2026-06-22T21:57:00Z,13.20,13.21,13.20,13.21,2534
2026-06-22T21:58:00Z,13.21,13.21,13.21,13.21,1058
2026-06-22T21:59:00Z,13.21,13.22,13.21,13.22,1701
2026-06-22T22:00:00Z,13.22,13.23,13.22,13.23,1354
2026-06-22T22:01:00Z,13.23,13.23,13.23,13.23,2447
2026-06-22T22:02:00Z,13.23,13.24,13.23,13.24,1579
2026-06-22T22:03:00Z,13.24,13.25,13.24,13.25,1284
2026-06-22T22:04:00Z,13.25,13.25,13.24,13.24,2465
2026-06-22T22:05:00Z,13.24,13.25,13.24,13.25,1058
2026-06-22T22:06:00Z,13.25,13.25,13.24,13.24,2326
2026-06-22T22:07:00Z,13.24,13.25,13.24,13.25,1666
2026-06-22T22:08:00Z,13.25,13.25,13.24,13.24,1371
2026-06-22T22:09:00Z,13.24,13.24,13.24,13.24,2152
2026-06-22T22:10:00Z,13.24,13.25,13.24,13.25,1666
2026-06-22T22:11:00Z,13.25,13.26,13.25,13.26,1423
2026-06-22T22:12:00Z,13.26,13.26,13.25,13.25,1215
2026-06-22T22:13:00Z,13.25,13.25,13.24,13.24,2465
2026-06-22T22:14:00Z,13.24,13.24,13.23,13.23,2413
2026-06-22T22:15:00Z,13.23,13.23,13.23,13.23,2586
2026-06-22T22:16:00Z,13.23,13.23,13.22,13.22,1041
2026-06-22T22:17:00Z,13.22,13.22,13.21,13.21,1163
2026-06-22T22:18:00Z,13.21,13.21,13.20,13.20,1302
2026-06-22T22:19:00Z,13.20,13.20,13.19,13.19,2065
2026-06-22T22:20:00Z,13.19,13.20,13.19,13.20,1041
2026-06-22T22:21:00Z,13.20,13.20,13.19,13.19,1163
2026-06-22T22:22:00Z,13.19,13.19,13.18,13.18,954
2026-06-22T22:23:00Z,13.18,13.20,13.18,13.20,1718
2026-06-22T22:24:00Z,13.20,13.20,13.20,13.20,2534
2026-06-22T22:25:00Z,13.20,13.20,13.19,13.19,2256
2026-06-22T22:26:00Z,13.19,13.19,13.19,13.19,1475
2026-06-22T22:27:00Z,13.19,13.20,13.19,13.20,1371
2026-06-22T22:28:00Z,13.20,13.20,13.20,13.20,1492
2026-06-22T22:29:00Z,13.20,13.21,13.20,13.21,1111
2026-06-22T22:30:00Z,13.21,13.21,13.21,13.21,1666
2026-06-22T22:31:00Z,13.21,13.22,13.21,13.22,2430
2026-06-22T22:32:00Z,13.22,13.23,13.22,13.23,2378
2026-06-22T22:33:00Z,13.23,13.24,13.23,13.24,2378
2026-06-22T22:34:00Z,13.24,13.24,13.23,13.23,2569
2026-06-22T22:35:00Z,13.23,13.23,13.22,13.22,1284
2026-06-22T22:36:00Z,13.22,13.23,13.22,13.23,1302
2026-06-22T22:37:00Z,13.23,13.23,13.22,13.22,2499
2026-06-22T22:38:00Z,13.22,13.22,13.22,13.22,1718
2026-06-22T22:39:00Z,13.22,13.23,13.22,13.23,2117
2026-06-22T22:40:00Z,13.23,13.23,13.23,13.23,2360
2026-06-22T22:41:00Z,13.23,13.23,13.23,13.23,1961
2026-06-22T22:42:00Z,13.23,13.23,13.23,13.23,1579
2026-06-22T22:43:00Z,13.23,13.23,13.22,13.22,2326
2026-06-22T22:44:00Z,13.22,13.23,13.22,13.23,1631
2026-06-22T22:45:00Z,13.23,13.23,13.22,13.22,1961
2026-06-22T22:46:00Z,13.22,13.23,13.22,13.23,1371
2026-06-22T22:47:00Z,13.23,13.23,13.23,13.23,937
2026-06-22T22:48:00Z,13.23,13.23,13.21,13.21,1249
2026-06-22T22:49:00Z,13.21,13.22,13.21,13.22,1909
2026-06-22T22:50:00Z,13.22,13.22,13.22,13.22,1527
2026-06-22T22:51:00Z,13.22,13.22,13.22,13.22,1597
2026-06-22T22:52:00Z,13.22,13.22,13.22,13.22,2430
2026-06-22T22:53:00Z,13.22,13.22,13.20,13.20,1840
2026-06-22T22:54:00Z,13.20,13.21,13.20,13.21,1822
2026-06-22T22:55:00Z,13.21,13.21,13.21,13.21,2239
2026-06-22T22:56:00Z,13.21,13.21,13.21,13.21,868
2026-06-22T22:57:00Z,13.21,13.22,13.21,13.22,1701
2026-06-22T22:58:00Z,13.22,13.22,13.21,13.21,2274
2026-06-22T22:59:00Z,13.21,13.22,13.21,13.22,2204
2026-06-22T23:00:00Z,13.22,13.22,13.22,13.22,1996
2026-06-22T23:01:00Z,13.22,13.23,13.22,13.23,1840
2026-06-22T23:02:00Z,13.23,13.23,13.22,13.22,2239
2026-06-22T23:03:00Z,13.22,13.22,13.20,13.20,2117
2026-06-22T23:04:00Z,13.20,13.20,13.19,13.19,1024
2026-06-22T23:05:00Z,13.19,13.19,13.19,13.19,868
2026-06-22T23:06:00Z,13.19,13.19,13.19,13.19,1631
2026-06-22T23:07:00Z,13.19,13.19,13.19,13.19,1666
2026-06-22T23:08:00Z,13.19,13.20,13.19,13.20,1302
2026-06-22T23:09:00Z,13.20,13.20,13.19,13.19,2569
2026-06-22T23:10:00Z,13.19,13.20,13.19,13.20,1770
2026-06-22T23:11:00Z,13.20,13.20,13.20,13.20,2117
2026-06-22T23:12:00Z,13.20,13.20,13.20,13.20,954
2026-06-22T23:13:00Z,13.20,13.20,13.20,13.20,1718
2026-06-22T23:14:00Z,13.20,13.20,13.18,13.18,2204
2026-06-22T23:15:00Z,13.18,13.18,13.18,13.18,2534
2026-06-22T23:16:00Z,13.18,13.18,13.18,13.18,1232
2026-06-22T23:17:00Z,13.18,13.18,13.18,13.18,1666
2026-06-22T23:18:00Z,13.18,13.18,13.18,13.18,1145
2026-06-22T23:19:00Z,13.18,13.19,13.18,13.19,1874
2026-06-22T23:20:00Z,13.19,13.19,13.19,13.19,2031
2026-06-22T23:21:00Z,13.19,13.20,13.19,13.20,2482
2026-06-22T23:22:00Z,13.20,13.20,13.19,13.19,2447
2026-06-22T23:23:00Z,13.19,13.19,13.19,13.19,2465
2026-06-22T23:24:00Z,13.19,13.21,13.19,13.21,1926
2026-06-22T23:25:00Z,13.21,13.21,13.20,13.20,1718
2026-06-22T23:26:00Z,13.20,13.20,13.18,13.18,1961
2026-06-22T23:27:00Z,13.18,13.19,13.18,13.19,2430
2026-06-22T23:28:00Z,13.19,13.19,13.18,13.18,1701
2026-06-22T23:29:00Z,13.18,13.19,13.18,13.19,2586
2026-06-22T23:30:00Z,13.19,13.19,13.19,13.19,1840
2026-06-22T23:31:00Z,13.19,13.19,13.19,13.19,1371
2026-06-22T23:32:00Z,13.19,13.19,13.19,13.19,1996
2026-06-22T23:33:00Z,13.19,13.19,13.17,13.17,1909
2026-06-22T23:34:00Z,13.17,13.17,13.17,13.17,2135
2026-06-22T23:35:00Z,13.17,13.19,13.17,13.19,1510
2026-06-22T23:36:00Z,13.19,13.19,13.19,13.19,2065
2026-06-22T23:37:00Z,13.19,13.19,13.18,13.18,1579
2026-06-22T23:38:00Z,13.18,13.18,13.17,13.17,2048
2026-06-22T23:39:00Z,13.17,13.17,13.17,13.17,2083
2026-06-22T23:40:00Z,13.17,13.18,13.17,13.18,2465
2026-06-22T23:41:00Z,13.18,13.18,13.18,13.18,2291
2026-06-22T23:42:00Z,13.18,13.19,13.18,13.19,2326
2026-06-22T23:43:00Z,13.19,13.19,13.18,13.18,1215
2026-06-22T23:44:00Z,13.18,13.18,13.18,13.18,1215
2026-06-22T23:45:00Z,13.18,13.18,13.17,13.17,1145
2026-06-22T23:46:00Z,13.17,13.19,13.17,13.19,1753
2026-06-22T23:47:00Z,13.19,13.20,13.19,13.20,885
2026-06-22T23:48:00Z,13.20,13.20,13.20,13.20,2256
2026-06-22T23:49:00Z,13.20,13.20,13.20,13.20,1076
2026-06-22T23:50:00Z,13.20,13.20,13.20,13.20,1770
2026-06-22T23:51:00Z,13.20,13.20,13.19,13.19,2499
2026-06-22T23:52:00Z,13.19,13.19,13.18,13.18,1666
2026-06-22T23:53:00Z,13.18,13.18,13.18,13.18,1874
2026-06-22T23:54:00Z,13.18,13.18,13.18,13.18,1788
2026-06-22T23:55:00Z,13.18,13.18,13.18,13.18,937
2026-06-22T23:56:00Z,13.18,13.18,13.18,13.18,1788
2026-06-22T23:57:00Z,13.18,13.18,13.18,13.18,1475
2026-06-22T23:58:00Z,13.18,13.18,13.18,13.18,1909
2026-06-22T23:59:00Z,13.18,13.19,13.18,13.19,2360
2026-06-23T00:00:00Z,13.19,13.19,13.18,13.18,1822
2026-06-23T00:01:00Z,13.18,13.18,13.18,13.18,2291
2026-06-23T00:02:00Z,13.18,13.18,13.18,13.18,1492
2026-06-23T00:03:00Z,13.18,13.19,13.18,13.19,2465
2026-06-23T00:04:00Z,13.19,13.19,13.17,13.17,1979
2026-06-23T00:05:00Z,13.17,13.17,13.17,13.17,1892
2026-06-23T00:06:00Z,13.17,13.17,13.16,13.16,2413
2026-06-23T00:07:00Z,13.16,13.16,13.16,13.16,1944
2026-06-23T00:08:00Z,13.16,13.16,13.16,13.16,1545
2026-06-23T00:09:00Z,13.16,13.16,13.15,13.15,1406
2026-06-23T00:10:00Z,13.15,13.15,13.15,13.15,2482
2026-06-23T00:11:00Z,13.15,13.15,13.14,13.14,2378
2026-06-23T00:12:00Z,13.14,13.14,13.13,13.13,1076
2026-06-23T00:13:00Z,13.13,13.14,13.13,13.14,2447
2026-06-23T00:14:00Z,13.14,13.14,13.14,13.14,2256
2026-06-23T00:15:00Z,13.14,13.15,13.14,13.15,1163
2026-06-23T00:16:00Z,13.15,13.15,13.14,13.14,1701
2026-06-23T00:17:00Z,13.14,13.15,13.14,13.15,1406
2026-06-23T00:18:00Z,13.15,13.15,13.15,13.15,989
2026-06-23T00:19:00Z,13.15,13.15,13.15,13.15,1909
2026-06-23T00:20:00Z,13.15,13.15,13.15,13.15,2343
2026-06-23T00:21:00Z,13.15,13.16,13.15,13.16,2239
2026-06-23T00:22:00Z,13.16,13.16,13.15,13.15,2013
2026-06-23T00:23:00Z,13.15,13.16,13.15,13.16,2413
2026-06-23T00:24:00Z,13.16,13.16,13.14,13.14,2569
2026-06-23T00:25:00Z,13.14,13.14,13.13,13.13,2360
2026-06-23T00:26:00Z,13.13,13.13,13.13,13.13,2152
2026-06-23T00:27:00Z,13.13,13.14,13.13,13.14,1354
2026-06-23T00:28:00Z,13.14,13.14,13.14,13.14,1562
2026-06-23T00:29:00Z,13.14,13.15,13.14,13.15,1979
2026-06-23T00:30:00Z,13.15,13.16,13.15,13.16,2360
2026-06-23T00:31:00Z,13.16,13.16,13.15,13.15,1579
2026-06-23T00:32:00Z,13.15,13.16,13.15,13.16,1388
2026-06-23T00:33:00Z,13.16,13.16,13.15,13.15,902
2026-06-23T00:34:00Z,13.15,13.16,13.15,13.16,2482
2026-06-23T00:35:00Z,13.16,13.16,13.15,13.15,1892
2026-06-23T00:36:00Z,13.15,13.16,13.15,13.16,868
2026-06-23T00:37:00Z,13.16,13.16,13.15,13.15,2013
2026-06-23T00:38:00Z,13.15,13.16,13.15,13.16,2222
2026-06-23T00:39:00Z,13.16,13.16,13.16,13.16,2256
2026-06-23T00:40:00Z,13.16,13.16,13.15,13.15,1753
2026-06-23T00:41:00Z,13.15,13.15,13.15,13.15,2499
2026-06-23T00:42:00Z,13.15,13.16,13.15,13.16,2586
2026-06-23T00:43:00Z,13.16,13.16,13.16,13.16,2065
2026-06-23T00:44:00Z,13.16,13.17,13.16,13.17,1492
2026-06-23T00:45:00Z,13.17,13.17,13.17,13.17,2308
2026-06-23T00:46:00Z,13.17,13.18,13.17,13.18,1614
2026-06-23T00:47:00Z,13.18,13.18,13.18,13.18,1492
2026-06-23T00:48:00Z,13.18,13.18,13.17,13.17,2100
2026-06-23T00:49:00Z,13.17,13.17,13.16,13.16,972
2026-06-23T00:50:00Z,13.16,13.16,13.15,13.15,1770
2026-06-23T00:51:00Z,13.15,13.16,13.15,13.16,1701
2026-06-23T00:52:00Z,13.16,13.16,13.15,13.15,1458
2026-06-23T00:53:00Z,13.15,13.16,13.15,13.16,2048
2026-06-23T00:54:00Z,13.16,13.16,13.16,13.16,937
2026-06-23T00:55:00Z,13.16,13.16,13.14,13.14,1058
2026-06-23T00:56:00Z,13.14,13.14,13.13,13.13,2326
2026-06-23T00:57:00Z,13.13,13.13,13.13,13.13,1683
2026-06-23T00:58:00Z,13.13,13.13,13.13,13.13,1736
2026-06-23T00:59:00Z,13.13,13.14,13.13,13.14,1788
2026-06-23T01:00:00Z,13.14,13.14,13.13,13.13,2551
2026-06-23T01:01:00Z,13.13,13.13,13.12,13.12,1701
2026-06-23T01:02:00Z,13.12,13.12,13.12,13.12,1492
2026-06-23T01:03:00Z,13.12,13.12,13.12,13.12,1163
2026-06-23T01:04:00Z,13.12,13.12,13.12,13.12,902
2026-06-23T01:05:00Z,13.12,13.13,13.12,13.13,2222
2026-06-23T01:06:00Z,13.13,13.13,13.13,13.13,1475
2026-06-23T01:07:00Z,13.13,13.13,13.13,13.13,2239
2026-06-23T01:08:00Z,13.13,13.13,13.12,13.12,2222
2026-06-23T01:09:00Z,13.12,13.12,13.11,13.11,868
2026-06-23T01:10:00Z,13.11,13.11,13.11,13.11,1041
2026-06-23T01:11:00Z,13.11,13.12,13.11,13.12,2204
2026-06-23T01:12:00Z,13.12,13.12,13.11,13.11,1718
2026-06-23T01:13:00Z,13.11,13.11,13.10,13.10,2031
2026-06-23T01:14:00Z,13.10,13.10,13.10,13.10,1788
2026-06-23T01:15:00Z,13.10,13.10,13.09,13.09,2569
2026-06-23T01:16:00Z,13.09,13.09,13.09,13.09,2065
2026-06-23T01:17:00Z,13.09,13.10,13.09,13.10,1440
2026-06-23T01:18:00Z,13.10,13.10,13.09,13.09,2239
2026-06-23T01:19:00Z,13.09,13.09,13.09,13.09,868
2026-06-23T01:20:00Z,13.09,13.09,13.08,13.08,2482
2026-06-23T01:21:00Z,13.08,13.08,13.08,13.08,1128
2026-06-23T01:22:00Z,13.08,13.08,13.08,13.08,1388
2026-06-23T01:23:00Z,13.08,13.09,13.08,13.09,2430
2026-06-23T01:24:00Z,13.09,13.09,13.09,13.09,1128
2026-06-23T01:25:00Z,13.09,13.09,13.09,13.09,2100
2026-06-23T01:26:00Z,13.09,13.09,13.09,13.09,2170
2026-06-23T01:27:00Z,13.09,13.09,13.09,13.09,1354
2026-06-23T01:28:00Z,13.09,13.09,13.07,13.07,2187
2026-06-23T01:29:00Z,13.07,13.09,13.07,13.09,2187
2026-06-23T01:30:00Z,13.09,13.09,13.09,13.09,1458
2026-06-23T01:31:00Z,13.09,13.09,13.09,13.09,1683
2026-06-23T01:32:00Z,13.09,13.10,13.09,13.10,989
2026-06-23T01:33:00Z,13.10,13.10,13.10,13.10,1926
2026-06-23T01:34:00Z,13.10,13.12,13.10,13.12,1979
2026-06-23T01:35:00Z,13.12,13.13,13.12,13.13,2170
2026-06-23T01:36:00Z,13.13,13.13,13.13,13.13,1683
2026-06-23T01:37:00Z,13.13,13.13,13.13,13.13,1215
2026-06-23T01:38:00Z,13.13,13.13,13.13,13.13,1076
2026-06-23T01:39:00Z,13.13,13.14,13.13,13.14,1423
2026-06-23T01:40:00Z,13.14,13.14,13.12,13.12,2239
2026-06-23T01:41:00Z,13.12,13.13,13.12,13.13,1111
2026-06-23T01:42:00Z,13.13,13.15,13.13,13.15,1840
2026-06-23T01:43:00Z,13.15,13.15,13.14,13.14,1249
2026-06-23T01:44:00Z,13.14,13.14,13.13,13.13,2013
2026-06-23T01:45:00Z,13.13,13.13,13.12,13.12,1041
2026-06-23T01:46:00Z,13.12,13.14,13.12,13.14,2604
2026-06-23T01:47:00Z,13.14,13.14,13.13,13.13,2083
2026-06-23T01:48:00Z,13.13,13.13,13.13,13.13,2395
2026-06-23T01:49:00Z,13.13,13.14,13.13,13.14,1666
2026-06-23T01:50:00Z,13.14,13.14,13.13,13.13,885
2026-06-23T01:51:00Z,13.13,13.14,13.13,13.14,2326
2026-06-23T01:52:00Z,13.14,13.14,13.13,13.13,920
2026-06-23T01:53:00Z,13.13,13.14,13.13,13.14,1406
2026-06-23T01:54:00Z,13.14,13.14,13.14,13.14,2239
2026-06-23T01:55:00Z,13.14,13.14,13.13,13.13,2135
2026-06-23T01:56:00Z,13.13,13.13,13.13,13.13,2360
2026-06-23T01:57:00Z,13.13,13.13,13.13,13.13,1284
2026-06-23T01:58:00Z,13.13,13.13,13.13,13.13,2048
2026-06-23T01:59:00Z,13.13,13.14,13.13,13.14,2604
2026-06-23T02:00:00Z,13.14,13.15,13.14,13.15,1128
2026-06-23T02:01:00Z,13.15,13.16,13.15,13.16,2117
2026-06-23T02:02:00Z,13.16,13.16,13.16,13.16,2465
2026-06-23T02:03:00Z,13.16,13.16,13.16,13.16,1666
2026-06-23T02:04:00Z,13.16,13.16,13.16,13.16,1423
2026-06-23T02:05:00Z,13.16,13.16,13.15,13.15,1145
2026-06-23T02:06:00Z,13.15,13.16,13.15,13.16,2360
2026-06-23T02:07:00Z,13.16,13.17,13.16,13.17,1093
2026-06-23T02:08:00Z,13.17,13.17,13.16,13.16,2482
2026-06-23T02:09:00Z,13.16,13.17,13.16,13.17,2256
2026-06-23T02:10:00Z,13.17,13.17,13.16,13.16,1006
2026-06-23T02:11:00Z,13.16,13.17,13.16,13.17,1736
2026-06-23T02:12:00Z,13.17,13.18,13.17,13.18,1475
2026-06-23T02:13:00Z,13.18,13.20,13.18,13.20,989
2026-06-23T02:14:00Z,13.20,13.20,13.20,13.20,2343
2026-06-23T02:15:00Z,13.20,13.20,13.20,13.20,1145
2026-06-23T02:16:00Z,13.20,13.21,13.20,13.21,1926
2026-06-23T02:17:00Z,13.21,13.21,13.19,13.19,2447
2026-06-23T02:18:00Z,13.19,13.19,13.19,13.19,1492
2026-06-23T02:19:00Z,13.19,13.19,13.17,13.17,2222
2026-06-23T02:20:00Z,13.17,13.18,13.17,13.18,2395
2026-06-23T02:21:00Z,13.18,13.19,13.18,13.19,1145
2026-06-23T02:22:00Z,13.19,13.19,13.18,13.18,2291
2026-06-23T02:23:00Z,13.18,13.18,13.18,13.18,1770
2026-06-23T02:24:00Z,13.18,13.18,13.17,13.17,1562
2026-06-23T02:25:00Z,13.17,13.18,13.17,13.18,1406
2026-06-23T02:26:00Z,13.18,13.18,13.18,13.18,885
2026-06-23T02:27:00Z,13.18,13.19,13.18,13.19,885
2026-06-23T02:28:00Z,13.19,13.20,13.19,13.20,1440
2026-06-23T02:29:00Z,13.20,13.20,13.20,13.20,1058
2026-06-23T02:30:00Z,13.20,13.20,13.19,13.19,1909
2026-06-23T02:31:00Z,13.19,13.19,13.17,13.17,1388
2026-06-23T02:32:00Z,13.17,13.17,13.17,13.17,1076
2026-06-23T02:33:00Z,13.17,13.18,13.17,13.18,1840
2026-06-23T02:34:00Z,13.18,13.20,13.18,13.20,1736
2026-06-23T02:35:00Z,13.20,13.20,13.18,13.18,2274
2026-06-23T02:36:00Z,13.18,13.19,13.18,13.19,1111
2026-06-23T02:37:00Z,13.19,13.19,13.18,13.18,1145
2026-06-23T02:38:00Z,13.18,13.18,13.17,13.17,1458
2026-06-23T02:39:00Z,13.17,13.18,13.17,13.18,1510
2026-06-23T02:40:00Z,13.18,13.18,13.18,13.18,972
2026-06-23T02:41:00Z,13.18,13.18,13.18,13.18,1944
2026-06-23T02:42:00Z,13.18,13.18,13.17,13.17,1093
2026-06-23T02:43:00Z,13.17,13.18,13.17,13.18,1197
2026-06-23T02:44:00Z,13.18,13.18,13.17,13.17,2447
2026-06-23T02:45:00Z,13.17,13.17,13.16,13.16,2413
2026-06-23T02:46:00Z,13.16,13.17,13.16,13.17,972
2026-06-23T02:47:00Z,13.17,13.17,13.17,13.17,1944
2026-06-23T02:48:00Z,13.17,13.18,13.17,13.18,1545
2026-06-23T02:49:00Z,13.18,13.18,13.18,13.18,1006
2026-06-23T02:50:00Z,13.18,13.19,13.18,13.19,2586
2026-06-23T02:51:00Z,13.19,13.19,13.19,13.19,1058
2026-06-23T02:52:00Z,13.19,13.19,13.19,13.19,1979
2026-06-23T02:53:00Z,13.19,13.20,13.19,13.20,2256
2026-06-23T02:54:00Z,13.20,13.20,13.19,13.19,2413
2026-06-23T02:55:00Z,13.19,13.19,13.19,13.19,2482
2026-06-23T02:56:00Z,13.19,13.19,13.18,13.18,2447
2026-06-23T02:57:00Z,13.18,13.19,13.18,13.19,2343
2026-06-23T02:58:00Z,13.19,13.19,13.18,13.18,1475
2026-06-23T02:59:00Z,13.18,13.19,13.18,13.19,1840
2026-06-23T03:00:00Z,13.19,13.20,13.19,13.20,1336
2026-06-23T03:01:00Z,13.20,13.20,13.20,13.20,1597
2026-06-23T03:02:00Z,13.20,13.21,13.20,13.21,1753
2026-06-23T03:03:00Z,13.21,13.23,13.21,13.23,2534
2026-06-23T03:04:00Z,13.23,13.23,13.23,13.23,1788
2026-06-23T03:05:00Z,13.23,13.23,13.23,13.23,1249
2026-06-23T03:06:00Z,13.23,13.23,13.22,13.22,1961
2026-06-23T03:07:00Z,13.22,13.22,13.21,13.21,1770
2026-06-23T03:08:00Z,13.21,13.21,13.21,13.21,1284
2026-06-23T03:09:00Z,13.21,13.21,13.21,13.21,2135
2026-06-23T03:10:00Z,13.21,13.21,13.21,13.21,1423
2026-06-23T03:11:00Z,13.21,13.23,13.21,13.23,1909
2026-06-23T03:12:00Z,13.23,13.25,13.23,13.25,1267
2026-06-23T03:13:00Z,13.25,13.25,13.23,13.23,2222
2026-06-23T03:14:00Z,13.23,13.23,13.23,13.23,2083
2026-06-23T03:15:00Z,13.23,13.24,13.23,13.24,2534
2026-06-23T03:16:00Z,13.24,13.24,13.22,13.22,1475
2026-06-23T03:17:00Z,13.22,13.23,13.22,13.23,2308
2026-06-23T03:18:00Z,13.23,13.25,13.23,13.25,1267
2026-06-23T03:19:00Z,13.25,13.25,13.25,13.25,2274
2026-06-23T03:20:00Z,13.25,13.25,13.25,13.25,1562
2026-06-23T03:21:00Z,13.25,13.25,13.25,13.25,2569
2026-06-23T03:22:00Z,13.25,13.25,13.25,13.25,2482
2026-06-23T03:23:00Z,13.25,13.26,13.25,13.26,2343
2026-06-23T03:24:00Z,13.26,13.26,13.25,13.25,2291
2026-06-23T03:25:00Z,13.25,13.25,13.25,13.25,2569
2026-06-23T03:26:00Z,13.25,13.25,13.25,13.25,1058
2026-06-23T03:27:00Z,13.25,13.25,13.25,13.25,1354
2026-06-23T03:28:00Z,13.25,13.25,13.24,13.24,1770
2026-06-23T03:29:00Z,13.24,13.24,13.24,13.24,2117
2026-06-23T03:30:00Z,13.24,13.24,13.24,13.24,1423
2026-06-23T03:31:00Z,13.24,13.24,13.24,13.24,1736
2026-06-23T03:32:00Z,13.24,13.24,13.22,13.22,2326
2026-06-23T03:33:00Z,13.22,13.22,13.22,13.22,954
2026-06-23T03:34:00Z,13.22,13.23,13.22,13.23,1718
2026-06-23T03:35:00Z,13.23,13.23,13.23,13.23,1909
2026-06-23T03:36:00Z,13.23,13.23,13.23,13.23,1909
2026-06-23T03:37:00Z,13.23,13.24,13.23,13.24,972
2026-06-23T03:38:00Z,13.24,13.24,13.23,13.23,1944
2026-06-23T03:39:00Z,13.23,13.24,13.23,13.24,1284
2026-06-23T03:40:00Z,13.24,13.24,13.22,13.22,1961
2026-06-23T03:41:00Z,13.22,13.24,13.22,13.24,1683
2026-06-23T03:42:00Z,13.24,13.25,13.24,13.25,1874
2026-06-23T03:43:00Z,13.25,13.25,13.25,13.25,2499
2026-06-23T03:44:00Z,13.25,13.25,13.24,13.24,1788
2026-06-23T03:45:00Z,13.24,13.24,13.24,13.24,1163
2026-06-23T03:46:00Z,13.24,13.24,13.23,13.23,1874
2026-06-23T03:47:00Z,13.23,13.23,13.23,13.23,1284
2026-06-23T03:48:00Z,13.23,13.23,13.22,13.22,1336
2026-06-23T03:49:00Z,13.22,13.22,13.21,13.21,2274
2026-06-23T03:50:00Z,13.21,13.21,13.20,13.20,1284
2026-06-23T03:51:00Z,13.20,13.20,13.19,13.19,1180
2026-06-23T03:52:00Z,13.19,13.21,13.19,13.21,972
2026-06-23T03:53:00Z,13.21,13.21,13.21,13.21,1892
2026-06-23T03:54:00Z,13.21,13.22,13.21,13.22,2343
2026-06-23T03:55:00Z,13.22,13.22,13.22,13.22,1996
2026-06-23T03:56:00Z,13.22,13.23,13.22,13.23,1145
2026-06-23T03:57:00Z,13.23,13.23,13.23,13.23,2239
2026-06-23T03:58:00Z,13.23,13.24,13.23,13.24,1527
2026-06-23T03:59:00Z,13.24,13.26,13.24,13.26,1440
2026-06-23T04:00:00Z,13.26,13.26,13.24,13.24,1215
2026-06-23T04:01:00Z,13.24,13.24,13.23,13.23,2447
2026-06-23T04:02:00Z,13.23,13.24,13.23,13.24,2100
2026-06-23T04:03:00Z,13.24,13.24,13.24,13.24,1510
2026-06-23T04:04:00Z,13.24,13.25,13.24,13.25,1979
2026-06-23T04:05:00Z,13.25,13.25,13.23,13.23,1683
2026-06-23T04:06:00Z,13.23,13.23,13.22,13.22,2187
2026-06-23T04:07:00Z,13.22,13.22,13.21,13.21,1180
2026-06-23T04:08:00Z,13.21,13.23,13.21,13.23,2274
2026-06-23T04:09:00Z,13.23,13.23,13.22,13.22,1006
2026-06-23T04:10:00Z,13.22,13.22,13.21,13.21,2274
2026-06-23T04:11:00Z,13.21,13.21,13.20,13.20,1961
2026-06-23T04:12:00Z,13.20,13.21,13.20,13.21,2135
2026-06-23T04:13:00Z,13.21,13.21,13.21,13.21,1753
2026-06-23T04:14:00Z,13.21,13.21,13.21,13.21,1961
2026-06-23T04:15:00Z,13.21,13.22,13.21,13.22,1944
2026-06-23T04:16:00Z,13.22,13.23,13.22,13.23,1197
2026-06-23T04:17:00Z,13.23,13.23,13.23,13.23,2031
2026-06-23T04:18:00Z,13.23,13.25,13.23,13.25,1649
2026-06-23T04:19:00Z,13.25,13.26,13.25,13.26,1614
2026-06-23T04:20:00Z,13.26,13.26,13.26,13.26,937
2026-06-23T04:21:00Z,13.26,13.26,13.25,13.25,1197
2026-06-23T04:22:00Z,13.25,13.25,13.25,13.25,1076
2026-06-23T04:23:00Z,13.25,13.25,13.25,13.25,1788
2026-06-23T04:24:00Z,13.25,13.26,13.25,13.26,1406
2026-06-23T04:25:00Z,13.26,13.26,13.25,13.25,1770
2026-06-23T04:26:00Z,13.25,13.25,13.25,13.25,1423
2026-06-23T04:27:00Z,13.25,13.25,13.25,13.25,2343
2026-06-23T04:28:00Z,13.25,13.25,13.25,13.25,1579
2026-06-23T04:29:00Z,13.25,13.25,13.24,13.24,1024
2026-06-23T04:30:00Z,13.24,13.24,13.23,13.23,1701
2026-06-23T04:31:00Z,13.23,13.24,13.23,13.24,2152
2026-06-23T04:32:00Z,13.24,13.24,13.22,13.22,1857
2026-06-23T04:33:00Z,13.22,13.22,13.21,13.21,868
2026-06-23T04:34:00Z,13.21,13.21,13.20,13.20,2256
2026-06-23T04:35:00Z,13.20,13.21,13.20,13.21,1388
2026-06-23T04:36:00Z,13.21,13.22,13.21,13.22,2083
2026-06-23T04:37:00Z,13.22,13.22,13.22,13.22,1666
2026-06-23T04:38:00Z,13.22,13.22,13.22,13.22,902
2026-06-23T04:39:00Z,13.22,13.22,13.22,13.22,1354
2026-06-23T04:40:00Z,13.22,13.22,13.21,13.21,1614
2026-06-23T04:41:00Z,13.21,13.21,13.21,13.21,1423
2026-06-23T04:42:00Z,13.21,13.21,13.20,13.20,2117
2026-06-23T04:43:00Z,13.20,13.21,13.20,13.21,1597
2026-06-23T04:44:00Z,13.21,13.21,13.21,13.21,1701
2026-06-23T04:45:00Z,13.21,13.22,13.21,13.22,937
2026-06-23T04:46:00Z,13.22,13.22,13.22,13.22,1388
2026-06-23T04:47:00Z,13.22,13.22,13.22,13.22,1562
2026-06-23T04:48:00Z,13.22,13.22,13.20,13.20,1736
2026-06-23T04:49:00Z,13.20,13.20,13.20,13.20,2465
2026-06-23T04:50:00Z,13.20,13.20,13.20,13.20,1145
2026-06-23T04:51:00Z,13.20,13.20,13.20,13.20,1041
2026-06-23T04:52:00Z,13.20,13.20,13.20,13.20,2117
2026-06-23T04:53:00Z,13.20,13.21,13.20,13.21,1562
2026-06-23T04:54:00Z,13.21,13.22,13.21,13.22,1683
2026-06-23T04:55:00Z,13.22,13.22,13.22,13.22,1961
2026-06-23T04:56:00Z,13.22,13.22,13.22,13.22,1111
2026-06-23T04:57:00Z,13.22,13.22,13.22,13.22,2048
2026-06-23T04:58:00Z,13.22,13.22,13.21,13.21,2048
2026-06-23T04:59:00Z,13.21,13.22,13.21,13.22,937
2026-06-23T05:00:00Z,13.22,13.22,13.22,13.22,1961
2026-06-23T05:01:00Z,13.22,13.22,13.22,13.22,2170
2026-06-23T05:02:00Z,13.22,13.24,13.22,13.24,1718
2026-06-23T05:03:00Z,13.24,13.25,13.24,13.25,1197
2026-06-23T05:04:00Z,13.25,13.26,13.25,13.26,1718
2026-06-23T05:05:00Z,13.26,13.26,13.24,13.24,1683
2026-06-23T05:06:00Z,13.24,13.24,13.24,13.24,1388
2026-06-23T05:07:00Z,13.24,13.24,13.24,13.24,1562
2026-06-23T05:08:00Z,13.24,13.24,13.23,13.23,902
2026-06-23T05:09:00Z,13.23,13.23,13.23,13.23,1406
2026-06-23T05:10:00Z,13.23,13.23,13.23,13.23,2343
2026-06-23T05:11:00Z,13.23,13.23,13.23,13.23,1874
2026-06-23T05:12:00Z,13.23,13.23,13.21,13.21,1909
2026-06-23T05:13:00Z,13.21,13.21,13.21,13.21,1388
2026-06-23T05:14:00Z,13.21,13.22,13.21,13.22,1822
2026-06-23T05:15:00Z,13.22,13.22,13.22,13.22,1232
2026-06-23T05:16:00Z,13.22,13.22,13.22,13.22,1492
2026-06-23T05:17:00Z,13.22,13.22,13.22,13.22,1336
2026-06-23T05:18:00Z,13.22,13.22,13.22,13.22,1527
2026-06-23T05:19:00Z,13.22,13.22,13.21,13.21,1631
2026-06-23T05:20:00Z,13.21,13.21,13.21,13.21,2447
2026-06-23T05:21:00Z,13.21,13.22,13.21,13.22,2291
2026-06-23T05:22:00Z,13.22,13.22,13.22,13.22,937
2026-06-23T05:23:00Z,13.22,13.22,13.22,13.22,2343
2026-06-23T05:24:00Z,13.22,13.22,13.22,13.22,1492
2026-06-23T05:25:00Z,13.22,13.22,13.22,13.22,1128
2026-06-23T05:26:00Z,13.22,13.22,13.22,13.22,1944
2026-06-23T05:27:00Z,13.22,13.22,13.22,13.22,1822
2026-06-23T05:28:00Z,13.22,13.23,13.22,13.23,2100
2026-06-23T05:29:00Z,13.23,13.23,13.22,13.22,1093
2026-06-23T05:30:00Z,13.22,13.22,13.21,13.21,1145
2026-06-23T05:31:00Z,13.21,13.22,13.21,13.22,1492
2026-06-23T05:32:00Z,13.22,13.23,13.22,13.23,1024
2026-06-23T05:33:00Z,13.23,13.24,13.23,13.24,1440
2026-06-23T05:34:00Z,13.24,13.24,13.22,13.22,1545
2026-06-23T05:35:00Z,13.22,13.23,13.22,13.23,937
2026-06-23T05:36:00Z,13.23,13.23,13.23,13.23,1180
2026-06-23T05:37:00Z,13.23,13.23,13.23,13.23,1649
2026-06-23T05:38:00Z,13.23,13.24,13.23,13.24,1822
2026-06-23T05:39:00Z,13.24,13.24,13.24,13.24,1076
2026-06-23T05:40:00Z,13.24,13.24,13.23,13.23,2551
2026-06-23T05:41:00Z,13.23,13.23,13.23,13.23,2065
2026-06-23T05:42:00Z,13.23,13.23,13.22,13.22,1440
2026-06-23T05:43:00Z,13.22,13.22,13.21,13.21,2308
2026-06-23T05:44:00Z,13.21,13.22,13.21,13.22,2517
2026-06-23T05:45:00Z,13.22,13.23,13.22,13.23,1874
2026-06-23T05:46:00Z,13.23,13.23,13.21,13.21,1822
2026-06-23T05:47:00Z,13.21,13.22,13.21,13.22,1006
2026-06-23T05:48:00Z,13.22,13.22,13.22,13.22,2569
2026-06-23T05:49:00Z,13.22,13.23,13.22,13.23,1527
2026-06-23T05:50:00Z,13.23,13.23,13.22,13.22,1076
2026-06-23T05:51:00Z,13.22,13.22,13.21,13.21,2013
2026-06-23T05:52:00Z,13.21,13.21,13.20,13.20,2360
2026-06-23T05:53:00Z,13.20,13.20,13.19,13.19,2482
2026-06-23T05:54:00Z,13.19,13.19,13.18,13.18,2465
2026-06-23T05:55:00Z,13.18,13.19,13.18,13.19,1041
2026-06-23T05:56:00Z,13.19,13.19,13.18,13.18,920
2026-06-23T05:57:00Z,13.18,13.20,13.18,13.20,1215
2026-06-23T05:58:00Z,13.20,13.20,13.19,13.19,2604
2026-06-23T05:59:00Z,13.19,13.19,13.19,13.19,1024
2026-06-23T06:00:00Z,13.19,13.19,13.19,13.19,1961
2026-06-23T06:01:00Z,13.19,13.19,13.19,13.19,2135
2026-06-23T06:02:00Z,13.19,13.19,13.18,13.18,1562
2026-06-23T06:03:00Z,13.18,13.18,13.17,13.17,1909
2026-06-23T06:04:00Z,13.17,13.17,13.17,13.17,2413
2026-06-23T06:05:00Z,13.17,13.19,13.17,13.19,1354
2026-06-23T06:06:00Z,13.19,13.20,13.19,13.20,2586
2026-06-23T06:07:00Z,13.20,13.20,13.20,13.20,2569
2026-06-23T06:08:00Z,13.20,13.20,13.19,13.19,2291
2026-06-23T06:09:00Z,13.19,13.19,13.19,13.19,2395
2026-06-23T06:10:00Z,13.19,13.19,13.18,13.18,2499
2026-06-23T06:11:00Z,13.18,13.19,13.18,13.19,2430
2026-06-23T06:12:00Z,13.19,13.19,13.18,13.18,1354
2026-06-23T06:13:00Z,13.18,13.19,13.18,13.19,2187
2026-06-23T06:14:00Z,13.19,13.20,13.19,13.20,1458
2026-06-23T06:15:00Z,13.20,13.20,13.20,13.20,1354
2026-06-23T06:16:00Z,13.20,13.22,13.20,13.22,1614
2026-06-23T06:17:00Z,13.22,13.22,13.21,13.21,885
2026-06-23T06:18:00Z,13.21,13.22,13.21,13.22,2343
2026-06-23T06:19:00Z,13.22,13.22,13.21,13.21,1093
2026-06-23T06:20:00Z,13.21,13.21,13.20,13.20,2343
2026-06-23T06:21:00Z,13.20,13.20,13.18,13.18,2256
2026-06-23T06:22:00Z,13.18,13.19,13.18,13.19,2083
2026-06-23T06:23:00Z,13.19,13.19,13.18,13.18,2170
2026-06-23T06:24:00Z,13.18,13.18,13.17,13.17,1840
2026-06-23T06:25:00Z,13.17,13.17,13.15,13.15,1180
2026-06-23T06:26:00Z,13.15,13.16,13.15,13.16,1423
2026-06-23T06:27:00Z,13.16,13.16,13.15,13.15,1423
2026-06-23T06:28:00Z,13.15,13.15,13.15,13.15,1753
2026-06-23T06:29:00Z,13.15,13.15,13.15,13.15,1475
2026-06-23T06:30:00Z,13.15,13.15,13.15,13.15,2065
2026-06-23T06:31:00Z,13.15,13.15,13.14,13.14,1545
2026-06-23T06:32:00Z,13.14,13.14,13.14,13.14,2378
2026-06-23T06:33:00Z,13.14,13.15,13.14,13.15,2204
2026-06-23T06:34:00Z,13.15,13.15,13.14,13.14,2291
2026-06-23T06:35:00Z,13.14,13.14,13.14,13.14,1076
2026-06-23T06:36:00Z,13.14,13.14,13.12,13.12,1701
2026-06-23T06:37:00Z,13.12,13.12,13.12,13.12,2274
2026-06-23T06:38:00Z,13.12,13.12,13.10,13.10,2482
2026-06-23T06:39:00Z,13.10,13.12,13.10,13.12,937
2026-06-23T06:40:00Z,13.12,13.12,13.12,13.12,1319
2026-06-23T06:41:00Z,13.12,13.13,13.12,13.13,1423
2026-06-23T06:42:00Z,13.13,13.13,13.13,13.13,1996
2026-06-23T06:43:00Z,13.13,13.13,13.13,13.13,1701
2026-06-23T06:44:00Z,13.13,13.14,13.13,13.14,1458
2026-06-23T06:45:00Z,13.14,13.14,13.14,13.14,1302
2026-06-23T06:46:00Z,13.14,13.14,13.14,13.14,2100
2026-06-23T06:47:00Z,13.14,13.15,13.14,13.15,2256
2026-06-23T06:48:00Z,13.15,13.16,13.15,13.16,2031
2026-06-23T06:49:00Z,13.16,13.16,13.16,13.16,1388
2026-06-23T06:50:00Z,13.16,13.16,13.16,13.16,1388
2026-06-23T06:51:00Z,13.16,13.17,13.16,13.17,1753
2026-06-23T06:52:00Z,13.17,13.17,13.17,13.17,1926
2026-06-23T06:53:00Z,13.17,13.17,13.15,13.15,2239
2026-06-23T06:54:00Z,13.15,13.15,13.15,13.15,2222
2026-06-23T06:55:00Z,13.15,13.15,13.14,13.14,2395
2026-06-23T06:56:00Z,13.14,13.14,13.14,13.14,2604
2026-06-23T06:57:00Z,13.14,13.14,13.13,13.13,1979
2026-06-23T06:58:00Z,13.13,13.14,13.13,13.14,1215
2026-06-23T06:59:00Z,13.14,13.14,13.14,13.14,902
2026-06-23T07:00:00Z,13.14,13.14,13.13,13.13,1163
2026-06-23T07:01:00Z,13.13,13.13,13.13,13.13,1371
2026-06-23T07:02:00Z,13.13,13.14,13.13,13.14,2343
2026-06-23T07:03:00Z,13.14,13.14,13.13,13.13,2291
2026-06-23T07:04:00Z,13.13,13.13,13.12,13.12,1197
2026-06-23T07:05:00Z,13.12,13.13,13.12,13.13,1701
2026-06-23T07:06:00Z,13.13,13.13,13.11,13.11,1319
2026-06-23T07:07:00Z,13.11,13.13,13.11,13.13,1874
2026-06-23T07:08:00Z,13.13,13.14,13.13,13.14,2256
2026-06-23T07:09:00Z,13.14,13.14,13.13,13.13,2551
2026-06-23T07:10:00Z,13.13,13.13,13.13,13.13,972
2026-06-23T07:11:00Z,13.13,13.13,13.12,13.12,2308
2026-06-23T07:12:00Z,13.12,13.12,13.12,13.12,2395
2026-06-23T07:13:00Z,13.12,13.12,13.11,13.11,1336
2026-06-23T07:14:00Z,13.11,13.11,13.11,13.11,2413
2026-06-23T07:15:00Z,13.11,13.11,13.10,13.10,1562
2026-06-23T07:16:00Z,13.10,13.10,13.10,13.10,1302
2026-06-23T07:17:00Z,13.10,13.11,13.10,13.11,2031
2026-06-23T07:18:00Z,13.11,13.11,13.11,13.11,2551
2026-06-23T07:19:00Z,13.11,13.12,13.11,13.12,1926
2026-06-23T07:20:00Z,13.12,13.12,13.11,13.11,2013
2026-06-23T07:21:00Z,13.11,13.12,13.11,13.12,2031
2026-06-23T07:22:00Z,13.12,13.12,13.12,13.12,2100
2026-06-23T07:23:00Z,13.12,13.12,13.11,13.11,2100
2026-06-23T07:24:00Z,13.11,13.11,13.11,13.11,2083
2026-06-23T07:25:00Z,13.11,13.12,13.11,13.12,2499
2026-06-23T07:26:00Z,13.12,13.13,13.12,13.13,1788
2026-06-23T07:27:00Z,13.13,13.15,13.13,13.15,1302
2026-06-23T07:28:00Z,13.15,13.15,13.15,13.15,1718
2026-06-23T07:29:00Z,13.15,13.15,13.14,13.14,2413
2026-06-23T07:30:00Z,13.14,13.14,13.13,13.13,1319
2026-06-23T07:31:00Z,13.13,13.13,13.13,13.13,1857
2026-06-23T07:32:00Z,13.13,13.13,13.13,13.13,1215
2026-06-23T07:33:00Z,13.13,13.13,13.12,13.12,2586
2026-06-23T07:34:00Z,13.12,13.12,13.11,13.11,1510
2026-06-23T07:35:00Z,13.11,13.11,13.10,13.10,2065
2026-06-23T07:36:00Z,13.10,13.10,13.10,13.10,2187
2026-06-23T07:37:00Z,13.10,13.10,13.10,13.10,1423
2026-06-23T07:38:00Z,13.10,13.11,13.10,13.11,1683
2026-06-23T07:39:00Z,13.11,13.11,13.11,13.11,1458
2026-06-23T07:40:00Z,13.11,13.12,13.11,13.12,1805
2026-06-23T07:41:00Z,13.12,13.12,13.12,13.12,2430
2026-06-23T07:42:00Z,13.12,13.13,13.12,13.13,1319
2026-06-23T07:43:00Z,13.13,13.13,13.12,13.12,2013
2026-06-23T07:44:00Z,13.12,13.12,13.11,13.11,1926
2026-06-23T07:45:00Z,13.11,13.12,13.11,13.12,1614
2026-06-23T07:46:00Z,13.12,13.13,13.12,13.13,1579
2026-06-23T07:47:00Z,13.13,13.13,13.11,13.11,1545
2026-06-23T07:48:00Z,13.11,13.12,13.11,13.12,1736
2026-06-23T07:49:00Z,13.12,13.13,13.12,13.13,2031
2026-06-23T07:50:00Z,13.13,13.13,13.12,13.12,1076
2026-06-23T07:51:00Z,13.12,13.12,13.12,13.12,1649
2026-06-23T07:52:00Z,13.12,13.13,13.12,13.13,2551
2026-06-23T07:53:00Z,13.13,13.13,13.12,13.12,2413
2026-06-23T07:54:00Z,13.12,13.12,13.12,13.12,1614
2026-06-23T07:55:00Z,13.12,13.13,13.12,13.13,1163
2026-06-23T07:56:00Z,13.13,13.13,13.12,13.12,2187
2026-06-23T07:57:00Z,13.12,13.12,13.11,13.11,2065
2026-06-23T07:58:00Z,13.11,13.11,13.11,13.11,2031
2026-06-23T07:59:00Z,13.11,13.11,13.11,13.11,2308
2026-06-23T08:00:00Z,13.11,13.11,13.11,13.11,1857
2026-06-23T08:01:00Z,13.11,13.12,13.11,13.12,1892
2026-06-23T08:02:00Z,13.12,13.12,13.12,13.12,1597
2026-06-23T08:03:00Z,13.12,13.13,13.12,13.13,1944
2026-06-23T08:04:00Z,13.13,13.13,13.12,13.12,2413
2026-06-23T08:05:00Z,13.12,13.12,13.12,13.12,1006
2026-06-23T08:06:00Z,13.12,13.12,13.11,13.11,2604
2026-06-23T08:07:00Z,13.11,13.11,13.11,13.11,2326
2026-06-23T08:08:00Z,13.11,13.11,13.11,13.11,1249
2026-06-23T08:09:00Z,13.11,13.11,13.11,13.11,1944
2026-06-23T08:10:00Z,13.11,13.11,13.11,13.11,2065
2026-06-23T08:11:00Z,13.11,13.11,13.11,13.11,1336
2026-06-23T08:12:00Z,13.11,13.11,13.10,13.10,2083
2026-06-23T08:13:00Z,13.10,13.11,13.10,13.11,2117
2026-06-23T08:14:00Z,13.11,13.11,13.11,13.11,2308
2026-06-23T08:15:00Z,13.11,13.11,13.11,13.11,2048
2026-06-23T08:16:00Z,13.11,13.12,13.11,13.12,1996
2026-06-23T08:17:00Z,13.12,13.12,13.12,13.12,989
2026-06-23T08:18:00Z,13.12,13.13,13.12,13.13,937
2026-06-23T08:19:00Z,13.13,13.13,13.13,13.13,1492
2026-06-23T08:20:00Z,13.13,13.13,13.12,13.12,1319
2026-06-23T08:21:00Z,13.12,13.14,13.12,13.14,1284
2026-06-23T08:22:00Z,13.14,13.14,13.14,13.14,1302
2026-06-23T08:23:00Z,13.14,13.15,13.14,13.15,1926
2026-06-23T08:24:00Z,13.15,13.15,13.15,13.15,1892
2026-06-23T08:25:00Z,13.15,13.15,13.15,13.15,2413
2026-06-23T08:26:00Z,13.15,13.15,13.15,13.15,2065
2026-06-23T08:27:00Z,13.15,13.15,13.15,13.15,1197
2026-06-23T08:28:00Z,13.15,13.15,13.15,13.15,2499
2026-06-23T08:29:00Z,13.15,13.16,13.15,13.16,1979
2026-06-23T08:30:00Z,13.16,13.17,13.16,13.17,1024
2026-06-23T08:31:00Z,13.17,13.18,13.17,13.18,972
2026-06-23T08:32:00Z,13.18,13.18,13.18,13.18,1666
2026-06-23T08:33:00Z,13.18,13.18,13.18,13.18,1440
2026-06-23T08:34:00Z,13.18,13.18,13.18,13.18,989
2026-06-23T08:35:00Z,13.18,13.19,13.18,13.19,1006
2026-06-23T08:36:00Z,13.19,13.19,13.19,13.19,1545
2026-06-23T08:37:00Z,13.19,13.19,13.18,13.18,1058
2026-06-23T08:38:00Z,13.18,13.19,13.18,13.19,902
2026-06-23T08:39:00Z,13.19,13.19,13.19,13.19,2326
2026-06-23T08:40:00Z,13.19,13.19,13.17,13.17,2499
2026-06-23T08:41:00Z,13.17,13.17,13.17,13.17,1388
2026-06-23T08:42:00Z,13.17,13.18,13.17,13.18,2465
2026-06-23T08:43:00Z,13.18,13.19,13.18,13.19,989
2026-06-23T08:44:00Z,13.19,13.19,13.18,13.18,1857
2026-06-23T08:45:00Z,13.18,13.19,13.18,13.19,937
2026-06-23T08:46:00Z,13.19,13.19,13.19,13.19,1267
2026-06-23T08:47:00Z,13.19,13.19,13.19,13.19,1093
2026-06-23T08:48:00Z,13.19,13.19,13.19,13.19,1006
2026-06-23T08:49:00Z,13.19,13.20,13.19,13.20,2065
2026-06-23T08:50:00Z,13.20,13.20,13.19,13.19,1319
2026-06-23T08:51:00Z,13.19,13.20,13.19,13.20,1284
2026-06-23T08:52:00Z,13.20,13.20,13.18,13.18,2239
2026-06-23T08:53:00Z,13.18,13.18,13.18,13.18,1822
2026-06-23T08:54:00Z,13.18,13.19,13.18,13.19,1093
2026-06-23T08:55:00Z,13.19,13.20,13.19,13.20,1284
2026-06-23T08:56:00Z,13.20,13.20,13.20,13.20,868
2026-06-23T08:57:00Z,13.20,13.21,13.20,13.21,1736
2026-06-23T08:58:00Z,13.21,13.21,13.20,13.20,1545
2026-06-23T08:59:00Z,13.20,13.21,13.20,13.21,2083
2026-06-23T09:00:00Z,13.21,13.21,13.20,13.20,2152
2026-06-23T09:01:00Z,13.20,13.21,13.20,13.21,1527
2026-06-23T09:02:00Z,13.21,13.22,13.21,13.22,1926
2026-06-23T09:03:00Z,13.22,13.23,13.22,13.23,2065
2026-06-23T09:04:00Z,13.23,13.23,13.22,13.22,1926
2026-06-23T09:05:00Z,13.22,13.23,13.22,13.23,2551
2026-06-23T09:06:00Z,13.23,13.23,13.23,13.23,2534
2026-06-23T09:07:00Z,13.23,13.23,13.23,13.23,2482
2026-06-23T09:08:00Z,13.23,13.23,13.22,13.22,1197
2026-06-23T09:09:00Z,13.22,13.23,13.22,13.23,2048
2026-06-23T09:10:00Z,13.23,13.25,13.23,13.25,2465
2026-06-23T09:11:00Z,13.25,13.25,13.24,13.24,2048
2026-06-23T09:12:00Z,13.24,13.25,13.24,13.25,1458
2026-06-23T09:13:00Z,13.25,13.25,13.24,13.24,1215
2026-06-23T09:14:00Z,13.24,13.25,13.24,13.25,2083
2026-06-23T09:15:00Z,13.25,13.26,13.25,13.26,2274
2026-06-23T09:16:00Z,13.26,13.26,13.25,13.25,1232
2026-06-23T09:17:00Z,13.25,13.26,13.25,13.26,2256
2026-06-23T09:18:00Z,13.26,13.27,13.26,13.27,1163
2026-06-23T09:19:00Z,13.27,13.28,13.27,13.28,2083
2026-06-23T09:20:00Z,13.28,13.28,13.27,13.27,1128
2026-06-23T09:21:00Z,13.27,13.29,13.27,13.29,1944
2026-06-23T09:22:00Z,13.29,13.30,13.29,13.30,2604
2026-06-23T09:23:00Z,13.30,13.31,13.30,13.31,1770
2026-06-23T09:24:00Z,13.31,13.31,13.30,13.30,1527
2026-06-23T09:25:00Z,13.30,13.30,13.30,13.30,1388
2026-06-23T09:26:00Z,13.30,13.30,13.30,13.30,2291
2026-06-23T09:27:00Z,13.30,13.30,13.30,13.30,2447
2026-06-23T09:28:00Z,13.30,13.30,13.30,13.30,2482
2026-06-23T09:29:00Z,13.30,13.30,13.29,13.29,2343
2026-06-23T09:30:00Z,13.29,13.30,13.29,13.30,2204
2026-06-23T09:31:00Z,13.30,13.30,13.30,13.30,1840
2026-06-23T09:32:00Z,13.30,13.30,13.29,13.29,1197
2026-06-23T09:33:00Z,13.29,13.29,13.29,13.29,1840
2026-06-23T09:34:00Z,13.29,13.29,13.29,13.29,2256
2026-06-23T09:35:00Z,13.29,13.29,13.29,13.29,1180
2026-06-23T09:36:00Z,13.29,13.29,13.28,13.28,2013
2026-06-23T09:37:00Z,13.28,13.28,13.28,13.28,1527
2026-06-23T09:38:00Z,13.28,13.28,13.28,13.28,954
2026-06-23T09:39:00Z,13.28,13.28,13.28,13.28,1232
2026-06-23T09:40:00Z,13.28,13.28,13.27,13.27,2482
2026-06-23T09:41:00Z,13.27,13.27,13.27,13.27,1111
2026-06-23T09:42:00Z,13.27,13.28,13.27,13.28,1718
2026-06-23T09:43:00Z,13.28,13.28,13.28,13.28,2395
2026-06-23T09:44:00Z,13.28,13.28,13.28,13.28,1961
2026-06-23T09:45:00Z,13.28,13.28,13.27,13.27,2465
2026-06-23T09:46:00Z,13.27,13.27,13.27,13.27,1267
2026-06-23T09:47:00Z,13.27,13.28,13.27,13.28,1788
2026-06-23T09:48:00Z,13.28,13.28,13.28,13.28,1475
2026-06-23T09:49:00Z,13.28,13.28,13.28,13.28,2152
2026-06-23T09:50:00Z,13.28,13.28,13.27,13.27,1840
2026-06-23T09:51:00Z,13.27,13.28,13.27,13.28,1579
2026-06-23T09:52:00Z,13.28,13.28,13.28,13.28,1128
2026-06-23T09:53:00Z,13.28,13.28,13.28,13.28,1683
2026-06-23T09:54:00Z,13.28,13.28,13.27,13.27,2256
2026-06-23T09:55:00Z,13.27,13.27,13.26,13.26,1753
2026-06-23T09:56:00Z,13.26,13.27,13.26,13.27,2013
2026-06-23T09:57:00Z,13.27,13.28,13.27,13.28,1006
2026-06-23T09:58:00Z,13.28,13.29,13.28,13.29,1024
2026-06-23T09:59:00Z,13.29,13.29,13.29,13.29,2551
2026-06-23T10:00:00Z,13.29,13.29,13.29,13.29,902
2026-06-23T10:01:00Z,13.29,13.30,13.29,13.30,937
2026-06-23T10:02:00Z,13.30,13.30,13.30,13.30,1979
2026-06-23T10:03:00Z,13.30,13.30,13.30,13.30,1215
2026-06-23T10:04:00Z,13.30,13.30,13.29,13.29,2274
2026-06-23T10:05:00Z,13.29,13.29,13.29,13.29,1683
2026-06-23T10:06:00Z,13.29,13.29,13.29,13.29,2274
2026-06-23T10:07:00Z,13.29,13.29,13.29,13.29,1128
2026-06-23T10:08:00Z,13.29,13.29,13.29,13.29,1649
2026-06-23T10:09:00Z,13.29,13.30,13.29,13.30,2152
2026-06-23T10:10:00Z,13.30,13.31,13.30,13.31,1892
2026-06-23T10:11:00Z,13.31,13.31,13.31,13.31,1302
2026-06-23T10:12:00Z,13.31,13.32,13.31,13.32,2499
2026-06-23T10:13:00Z,13.32,13.32,13.32,13.32,1649
2026-06-23T10:14:00Z,13.32,13.32,13.31,13.31,1822
2026-06-23T10:15:00Z,13.31,13.32,13.31,13.32,1024
2026-06-23T10:16:00Z,13.32,13.33,13.32,13.33,885
2026-06-23T10:17:00Z,13.33,13.33,13.32,13.32,2378
2026-06-23T10:18:00Z,13.32,13.32,13.32,13.32,1232
2026-06-23T10:19:00Z,13.32,13.33,13.32,13.33,1458
2026-06-23T10:20:00Z,13.33,13.33,13.32,13.32,1909
2026-06-23T10:21:00Z,13.32,13.34,13.32,13.34,1406
2026-06-23T10:22:00Z,13.34,13.35,13.34,13.35,2517
2026-06-23T10:23:00Z,13.35,13.35,13.35,13.35,2048
2026-06-23T10:24:00Z,13.35,13.36,13.35,13.36,868
2026-06-23T10:25:00Z,13.36,13.36,13.36,13.36,2378
2026-06-23T10:26:00Z,13.36,13.36,13.35,13.35,2360
2026-06-23T10:27:00Z,13.35,13.35,13.35,13.35,1058
2026-06-23T10:28:00Z,13.35,13.35,13.34,13.34,1111
2026-06-23T10:29:00Z,13.34,13.34,13.34,13.34,902
2026-06-23T10:30:00Z,13.34,13.35,13.34,13.35,2152
2026-06-23T10:31:00Z,13.35,13.35,13.34,13.34,2586
2026-06-23T10:32:00Z,13.34,13.34,13.34,13.34,1423
2026-06-23T10:33:00Z,13.34,13.34,13.34,13.34,954
2026-06-23T10:34:00Z,13.34,13.35,13.34,13.35,1926
2026-06-23T10:35:00Z,13.35,13.35,13.34,13.34,2117
2026-06-23T10:36:00Z,13.34,13.35,13.34,13.35,1440
2026-06-23T10:37:00Z,13.35,13.35,13.35,13.35,2360
2026-06-23T10:38:00Z,13.35,13.36,13.35,13.36,1545
2026-06-23T10:39:00Z,13.36,13.37,13.36,13.37,1024
2026-06-23T10:40:00Z,13.37,13.37,13.35,13.35,972
2026-06-23T10:41:00Z,13.35,13.35,13.34,13.34,1406
2026-06-23T10:42:00Z,13.34,13.34,13.33,13.33,1267
2026-06-23T10:43:00Z,13.33,13.33,13.32,13.32,1840
2026-06-23T10:44:00Z,13.32,13.32,13.32,13.32,2031
2026-06-23T10:45:00Z,13.32,13.33,13.32,13.33,1475
2026-06-23T10:46:00Z,13.33,13.33,13.33,13.33,2551
2026-06-23T10:47:00Z,13.33,13.33,13.33,13.33,1666
2026-06-23T10:48:00Z,13.33,13.33,13.33,13.33,1579
2026-06-23T10:49:00Z,13.33,13.35,13.33,13.35,1093
2026-06-23T10:50:00Z,13.35,13.35,13.34,13.34,954
2026-06-23T10:51:00Z,13.34,13.34,13.32,13.32,2360
2026-06-23T10:52:00Z,13.32,13.32,13.32,13.32,1145
2026-06-23T10:53:00Z,13.32,13.32,13.32,13.32,1510
2026-06-23T10:54:00Z,13.32,13.33,13.32,13.33,1736
2026-06-23T10:55:00Z,13.33,13.33,13.32,13.32,1770
2026-06-23T10:56:00Z,13.32,13.33,13.32,13.33,1319
2026-06-23T10:57:00Z,13.33,13.33,13.33,13.33,1996
2026-06-23T10:58:00Z,13.33,13.33,13.32,13.32,1510
2026-06-23T10:59:00Z,13.32,13.33,13.32,13.33,1510
2026-06-23T11:00:00Z,13.33,13.33,13.33,13.33,1180
2026-06-23T11:01:00Z,13.33,13.33,13.33,13.33,1979
2026-06-23T11:02:00Z,13.33,13.34,13.33,13.34,1041
2026-06-23T11:03:00Z,13.34,13.34,13.34,13.34,1805
2026-06-23T11:04:00Z,13.34,13.34,13.34,13.34,2308
2026-06-23T11:05:00Z,13.34,13.35,13.34,13.35,1458
2026-06-23T11:06:00Z,13.35,13.35,13.35,13.35,2482
2026-06-23T11:07:00Z,13.35,13.35,13.35,13.35,1024
2026-06-23T11:08:00Z,13.35,13.35,13.35,13.35,902
2026-06-23T11:09:00Z,13.35,13.35,13.33,13.33,868
2026-06-23T11:10:00Z,13.33,13.34,13.33,13.34,2187
2026-06-23T11:11:00Z,13.34,13.34,13.34,13.34,1388
2026-06-23T11:12:00Z,13.34,13.36,13.34,13.36,1319
2026-06-23T11:13:00Z,13.36,13.37,13.36,13.37,1909
2026-06-23T11:14:00Z,13.37,13.38,13.37,13.38,1093
2026-06-23T11:15:00Z,13.38,13.38,13.37,13.37,1475
2026-06-23T11:16:00Z,13.37,13.37,13.36,13.36,2604
2026-06-23T11:17:00Z,13.36,13.36,13.36,13.36,2378
2026-06-23T11:18:00Z,13.36,13.36,13.35,13.35,1215
2026-06-23T11:19:00Z,13.35,13.36,13.35,13.36,1614
2026-06-23T11:20:00Z,13.36,13.37,13.36,13.37,1128
2026-06-23T11:21:00Z,13.37,13.37,13.37,13.37,2482
2026-06-23T11:22:00Z,13.37,13.37,13.37,13.37,1753
2026-06-23T11:23:00Z,13.37,13.38,13.37,13.38,2534
2026-06-23T11:24:00Z,13.38,13.38,13.38,13.38,1805
2026-06-23T11:25:00Z,13.38,13.38,13.38,13.38,1631
2026-06-23T11:26:00Z,13.38,13.38,13.38,13.38,1718
2026-06-23T11:27:00Z,13.38,13.39,13.38,13.39,1857
2026-06-23T11:28:00Z,13.39,13.39,13.39,13.39,2065
2026-06-23T11:29:00Z,13.39,13.40,13.39,13.40,2308
2026-06-23T11:30:00Z,13.40,13.40,13.40,13.40,1753
2026-06-23T11:31:00Z,13.40,13.40,13.40,13.40,1440
2026-06-23T11:32:00Z,13.40,13.40,13.40,13.40,1492
2026-06-23T11:33:00Z,13.40,13.40,13.39,13.39,2586
2026-06-23T11:34:00Z,13.39,13.40,13.39,13.40,1961
2026-06-23T11:35:00Z,13.40,13.41,13.40,13.41,2499
2026-06-23T11:36:00Z,13.41,13.41,13.41,13.41,1666
2026-06-23T11:37:00Z,13.41,13.41,13.40,13.40,1597
2026-06-23T11:38:00Z,13.40,13.40,13.40,13.40,1058
2026-06-23T11:39:00Z,13.40,13.41,13.40,13.41,2326
2026-06-23T11:40:00Z,13.41,13.41,13.41,13.41,1562
2026-06-23T11:41:00Z,13.41,13.41,13.40,13.40,1406
2026-06-23T11:42:00Z,13.40,13.41,13.40,13.41,1770
2026-06-23T11:43:00Z,13.41,13.41,13.41,13.41,1041
2026-06-23T11:44:00Z,13.41,13.42,13.41,13.42,902
2026-06-23T11:45:00Z,13.42,13.42,13.41,13.41,1926
2026-06-23T11:46:00Z,13.41,13.41,13.41,13.41,989
2026-06-23T11:47:00Z,13.41,13.41,13.41,13.41,1753
2026-06-23T11:48:00Z,13.41,13.41,13.40,13.40,1492
2026-06-23T11:49:00Z,13.40,13.41,13.40,13.41,1614
2026-06-23T11:50:00Z,13.41,13.41,13.39,13.39,1909
2026-06-23T11:51:00Z,13.39,13.40,13.39,13.40,1128
2026-06-23T11:52:00Z,13.40,13.40,13.40,13.40,1319
2026-06-23T11:53:00Z,13.40,13.40,13.40,13.40,2117
2026-06-23T11:54:00Z,13.40,13.40,13.40,13.40,2447
2026-06-23T11:55:00Z,13.40,13.40,13.40,13.40,2308
2026-06-23T11:56:00Z,13.40,13.40,13.38,13.38,1562
2026-06-23T11:57:00Z,13.38,13.39,13.38,13.39,2222
2026-06-23T11:58:00Z,13.39,13.40,13.39,13.40,902
2026-06-23T11:59:00Z,13.40,13.41,13.40,13.41,1996
2026-06-23T12:00:00Z,13.41,13.41,13.41,13.41,1197
2026-06-23T12:01:00Z,13.41,13.41,13.40,13.40,2065
2026-06-23T12:02:00Z,13.40,13.40,13.40,13.40,972
2026-06-23T12:03:00Z,13.40,13.40,13.39,13.39,2117
2026-06-23T12:04:00Z,13.39,13.41,13.39,13.41,2569
2026-06-23T12:05:00Z,13.41,13.41,13.41,13.41,1041
2026-06-23T12:06:00Z,13.41,13.42,13.41,13.42,2135
2026-06-23T12:07:00Z,13.42,13.42,13.41,13.41,2343
2026-06-23T12:08:00Z,13.41,13.41,13.41,13.41,1510
2026-06-23T12:09:00Z,13.41,13.41,13.40,13.40,2135
2026-06-23T12:10:00Z,13.40,13.40,13.39,13.39,1180
2026-06-23T12:11:00Z,13.39,13.39,13.39,13.39,1180
2026-06-23T12:12:00Z,13.39,13.40,13.39,13.40,1215
2026-06-23T12:13:00Z,13.40,13.40,13.40,13.40,1354
2026-06-23T12:14:00Z,13.40,13.40,13.40,13.40,1336
2026-06-23T12:15:00Z,13.40,13.40,13.40,13.40,2430
2026-06-23T12:16:00Z,13.40,13.40,13.40,13.40,1926
2026-06-23T12:17:00Z,13.40,13.40,13.39,13.39,2430
2026-06-23T12:18:00Z,13.39,13.39,13.38,13.38,1197
2026-06-23T12:19:00Z,13.38,13.39,13.38,13.39,868
2026-06-23T12:20:00Z,13.39,13.39,13.38,13.38,1701
2026-06-23T12:21:00Z,13.38,13.38,13.38,13.38,1857
2026-06-23T12:22:00Z,13.38,13.38,13.38,13.38,1979
2026-06-23T12:23:00Z,13.38,13.38,13.38,13.38,2534
2026-06-23T12:24:00Z,13.38,13.38,13.38,13.38,954
2026-06-23T12:25:00Z,13.38,13.38,13.38,13.38,1770
2026-06-23T12:26:00Z,13.38,13.38,13.38,13.38,1666
2026-06-23T12:27:00Z,13.38,13.39,13.38,13.39,2551
2026-06-23T12:28:00Z,13.39,13.39,13.38,13.38,1371
2026-06-23T12:29:00Z,13.38,13.39,13.38,13.39,989
2026-06-23T12:30:00Z,13.39,13.39,13.38,13.38,1840
2026-06-23T12:31:00Z,13.38,13.38,13.37,13.37,2170
2026-06-23T12:32:00Z,13.37,13.39,13.37,13.39,1215
2026-06-23T12:33:00Z,13.39,13.39,13.37,13.37,1284
2026-06-23T12:34:00Z,13.37,13.37,13.37,13.37,885
2026-06-23T12:35:00Z,13.37,13.37,13.36,13.36,1736
2026-06-23T12:36:00Z,13.36,13.37,13.36,13.37,1006
2026-06-23T12:37:00Z,13.37,13.37,13.35,13.35,868
2026-06-23T12:38:00Z,13.35,13.35,13.34,13.34,1701
2026-06-23T12:39:00Z,13.34,13.34,13.34,13.34,1562
2026-06-23T12:40:00Z,13.34,13.34,13.33,13.33,1058
2026-06-23T12:41:00Z,13.33,13.33,13.33,13.33,2534
2026-06-23T12:42:00Z,13.33,13.34,13.33,13.34,1284
2026-06-23T12:43:00Z,13.34,13.34,13.34,13.34,1492
2026-06-23T12:44:00Z,13.34,13.35,13.34,13.35,1302
2026-06-23T12:45:00Z,13.35,13.35,13.33,13.33,868
2026-06-23T12:46:00Z,13.33,13.33,13.32,13.32,1822
2026-06-23T12:47:00Z,13.32,13.33,13.32,13.33,1579
2026-06-23T12:48:00Z,13.33,13.34,13.33,13.34,2395
2026-06-23T12:49:00Z,13.34,13.34,13.34,13.34,1805
2026-06-23T12:50:00Z,13.34,13.34,13.33,13.33,2048
2026-06-23T12:51:00Z,13.33,13.34,13.33,13.34,1510
2026-06-23T12:52:00Z,13.34,13.34,13.34,13.34,1822
2026-06-23T12:53:00Z,13.34,13.35,13.34,13.35,2482
2026-06-23T12:54:00Z,13.35,13.35,13.33,13.33,2517
2026-06-23T12:55:00Z,13.33,13.35,13.33,13.35,1961
2026-06-23T12:56:00Z,13.35,13.35,13.35,13.35,1770
2026-06-23T12:57:00Z,13.35,13.36,13.35,13.36,1388
2026-06-23T12:58:00Z,13.36,13.36,13.34,13.34,1874
2026-06-23T12:59:00Z,13.34,13.34,13.34,13.34,1649
2026-06-23T13:00:00Z,13.34,13.34,13.33,13.33,2360
2026-06-23T13:01:00Z,13.33,13.33,13.33,13.33,1058
2026-06-23T13:02:00Z,13.33,13.34,13.33,13.34,1024
2026-06-23T13:03:00Z,13.34,13.34,13.34,13.34,1597
2026-06-23T13:04:00Z,13.34,13.34,13.34,13.34,1006
2026-06-23T13:05:00Z,13.34,13.34,13.34,13.34,1458
2026-06-23T13:06:00Z,13.34,13.34,13.33,13.33,868
2026-06-23T13:07:00Z,13.33,13.33,13.33,13.33,1249
2026-06-23T13:08:00Z,13.33,13.33,13.33,13.33,1736
2026-06-23T13:09:00Z,13.33,13.33,13.33,13.33,1979
2026-06-23T13:10:00Z,13.33,13.33,13.32,13.32,2065
2026-06-23T13:11:00Z,13.32,13.32,13.32,13.32,1249
2026-06-23T13:12:00Z,13.32,13.32,13.32,13.32,972
2026-06-23T13:13:00Z,13.32,13.32,13.31,13.31,1996
2026-06-23T13:14:00Z,13.31,13.32,13.31,13.32,954
2026-06-23T13:15:00Z,13.32,13.32,13.32,13.32,1180
2026-06-23T13:16:00Z,13.32,13.32,13.32,13.32,1597
2026-06-23T13:17:00Z,13.32,13.32,13.32,13.32,1822
2026-06-23T13:18:00Z,13.32,13.32,13.32,13.32,2499
2026-06-23T13:19:00Z,13.32,13.34,13.32,13.34,1163
2026-06-23T13:20:00Z,13.34,13.34,13.34,13.34,2170
2026-06-23T13:21:00Z,13.34,13.35,13.34,13.35,2222
2026-06-23T13:22:00Z,13.35,13.35,13.35,13.35,1649
2026-06-23T13:23:00Z,13.35,13.35,13.35,13.35,1909
2026-06-23T13:24:00Z,13.35,13.36,13.35,13.36,937
2026-06-23T13:25:00Z,13.36,13.37,13.36,13.37,1892
2026-06-23T13:26:00Z,13.37,13.37,13.37,13.37,2569
2026-06-23T13:27:00Z,13.37,13.37,13.35,13.35,2031
2026-06-23T13:28:00Z,13.35,13.37,13.35,13.37,2551
2026-06-23T13:29:00Z,13.37,13.37,13.35,13.35,1527
2026-06-23T13:30:00Z,13.35,13.35,13.34,13.34,1909
2026-06-23T13:31:00Z,13.34,13.34,13.34,13.34,2534
2026-06-23T13:32:00Z,13.34,13.34,13.34,13.34,2083
2026-06-23T13:33:00Z,13.34,13.34,13.34,13.34,1197
2026-06-23T13:34:00Z,13.34,13.34,13.32,13.32,2360
2026-06-23T13:35:00Z,13.32,13.32,13.31,13.31,1753
2026-06-23T13:36:00Z,13.31,13.31,13.31,13.31,1770
2026-06-23T13:37:00Z,13.31,13.31,13.31,13.31,2291
2026-06-23T13:38:00Z,13.31,13.33,13.31,13.33,1892
2026-06-23T13:39:00Z,13.33,13.33,13.32,13.32,1770
2026-06-23T13:40:00Z,13.32,13.33,13.32,13.33,2100
2026-06-23T13:41:00Z,13.33,13.33,13.32,13.32,2413
2026-06-23T13:42:00Z,13.32,13.32,13.31,13.31,1180
2026-06-23T13:43:00Z,13.31,13.33,13.31,13.33,2048
2026-06-23T13:44:00Z,13.33,13.33,13.32,13.32,2413
2026-06-23T13:45:00Z,13.32,13.32,13.32,13.32,2395
2026-06-23T13:46:00Z,13.32,13.32,13.30,13.30,2256
2026-06-23T13:47:00Z,13.30,13.31,13.30,13.31,902
2026-06-23T13:48:00Z,13.31,13.31,13.31,13.31,2187
2026-06-23T13:49:00Z,13.31,13.31,13.31,13.31,885
2026-06-23T13:50:00Z,13.31,13.33,13.31,13.33,1215
2026-06-23T13:51:00Z,13.33,13.33,13.32,13.32,1666
2026-06-23T13:52:00Z,13.32,13.33,13.32,13.33,1770
2026-06-23T13:53:00Z,13.33,13.33,13.33,13.33,1041
2026-06-23T13:54:00Z,13.33,13.33,13.32,13.32,1909
2026-06-23T13:55:00Z,13.32,13.33,13.32,13.33,1892
2026-06-23T13:56:00Z,13.33,13.33,13.33,13.33,2083
2026-06-23T13:57:00Z,13.33,13.34,13.33,13.34,1041
2026-06-23T13:58:00Z,13.34,13.34,13.34,13.34,2465
2026-06-23T13:59:00Z,13.34,13.35,13.34,13.35,989
2026-06-23T14:00:00Z,13.35,13.35,13.35,13.35,1058
2026-06-23T14:01:00Z,13.35,13.36,13.35,13.36,2048
2026-06-23T14:02:00Z,13.36,13.37,13.36,13.37,1336
2026-06-23T14:03:00Z,13.37,13.37,13.36,13.36,1788
2026-06-23T14:04:00Z,13.36,13.37,13.36,13.37,1961
2026-06-23T14:05:00Z,13.37,13.37,13.37,13.37,2204
2026-06-23T14:06:00Z,13.37,13.38,13.37,13.38,1267
2026-06-23T14:07:00Z,13.38,13.40,13.38,13.40,885
2026-06-23T14:08:00Z,13.40,13.41,13.40,13.41,885
2026-06-23T14:09:00Z,13.41,13.41,13.39,13.39,954
2026-06-23T14:10:00Z,13.39,13.40,13.39,13.40,2343
2026-06-23T14:11:00Z,13.40,13.40,13.39,13.39,2256
2026-06-23T14:12:00Z,13.39,13.39,13.39,13.39,1840
2026-06-23T14:13:00Z,13.39,13.39,13.39,13.39,2013
2026-06-23T14:14:00Z,13.39,13.40,13.39,13.40,1909
2026-06-23T14:15:00Z,13.40,13.40,13.40,13.40,1492
2026-06-23T14:16:00Z,13.40,13.41,13.40,13.41,1701
2026-06-23T14:17:00Z,13.41,13.42,13.41,13.42,2222
2026-06-23T14:18:00Z,13.42,13.42,13.41,13.41,1666
2026-06-23T14:19:00Z,13.41,13.41,13.41,13.41,1336
2026-06-23T14:20:00Z,13.41,13.41,13.41,13.41,2256
2026-06-23T14:21:00Z,13.41,13.41,13.41,13.41,1926
2026-06-23T14:22:00Z,13.41,13.41,13.41,13.41,954
2026-06-23T14:23:00Z,13.41,13.41,13.40,13.40,2117
2026-06-23T14:24:00Z,13.40,13.40,13.40,13.40,2482
2026-06-23T14:25:00Z,13.40,13.40,13.39,13.39,1492
2026-06-23T14:26:00Z,13.39,13.39,13.38,13.38,1267
2026-06-23T14:27:00Z,13.38,13.39,13.38,13.39,1909
2026-06-23T14:28:00Z,13.39,13.39,13.38,13.38,2551
2026-06-23T14:29:00Z,13.38,13.38,13.38,13.38,1770
2026-06-23T14:30:00Z,13.38,13.38,13.38,13.38,868
2026-06-23T14:31:00Z,13.38,13.38,13.37,13.37,1249
2026-06-23T14:32:00Z,13.37,13.37,13.37,13.37,868
2026-06-23T14:33:00Z,13.37,13.38,13.37,13.38,2447
2026-06-23T14:34:00Z,13.38,13.38,13.38,13.38,1753
2026-06-23T14:35:00Z,13.38,13.39,13.38,13.39,2152
2026-06-23T14:36:00Z,13.39,13.41,13.39,13.41,1683
2026-06-23T14:37:00Z,13.41,13.41,13.41,13.41,1753
2026-06-23T14:38:00Z,13.41,13.41,13.41,13.41,2586
2026-06-23T14:39:00Z,13.41,13.41,13.40,13.40,1857
2026-06-23T14:40:00Z,13.40,13.40,13.40,13.40,1284
2026-06-23T14:41:00Z,13.40,13.40,13.40,13.40,920
2026-06-23T14:42:00Z,13.40,13.40,13.39,13.39,1666
2026-06-23T14:43:00Z,13.39,13.39,13.39,13.39,1336
2026-06-23T14:44:00Z,13.39,13.39,13.38,13.38,1718
2026-06-23T14:45:00Z,13.38,13.38,13.37,13.37,1892
2026-06-23T14:46:00Z,13.37,13.38,13.37,13.38,1336
2026-06-23T14:47:00Z,13.38,13.38,13.37,13.37,1041
2026-06-23T14:48:00Z,13.37,13.37,13.37,13.37,2204
2026-06-23T14:49:00Z,13.37,13.37,13.37,13.37,1961
2026-06-23T14:50:00Z,13.37,13.37,13.35,13.35,1614
2026-06-23T14:51:00Z,13.35,13.35,13.35,13.35,1371
2026-06-23T14:52:00Z,13.35,13.35,13.35,13.35,2482
2026-06-23T14:53:00Z,13.35,13.35,13.34,13.34,1128
2026-06-23T14:54:00Z,13.34,13.35,13.34,13.35,937
2026-06-23T14:55:00Z,13.35,13.37,13.35,13.37,1996
2026-06-23T14:56:00Z,13.37,13.37,13.37,13.37,1267
2026-06-23T14:57:00Z,13.37,13.39,13.37,13.39,1041
2026-06-23T14:58:00Z,13.39,13.39,13.39,13.39,2239
2026-06-23T14:59:00Z,13.39,13.40,13.39,13.40,885
2026-06-23T15:00:00Z,13.40,13.40,13.39,13.39,2274
2026-06-23T15:01:00Z,13.39,13.40,13.39,13.40,2378
2026-06-23T15:02:00Z,13.40,13.40,13.40,13.40,2465
2026-06-23T15:03:00Z,13.40,13.40,13.40,13.40,2326
2026-06-23T15:04:00Z,13.40,13.40,13.39,13.39,2465
2026-06-23T15:05:00Z,13.39,13.39,13.39,13.39,2291
2026-06-23T15:06:00Z,13.39,13.40,13.39,13.40,1926
2026-06-23T15:07:00Z,13.40,13.40,13.40,13.40,1753
2026-06-23T15:08:00Z,13.40,13.40,13.40,13.40,1718
2026-06-23T15:09:00Z,13.40,13.41,13.40,13.41,2204
2026-06-23T15:10:00Z,13.41,13.41,13.41,13.41,2413
2026-06-23T15:11:00Z,13.41,13.41,13.41,13.41,2031
2026-06-23T15:12:00Z,13.41,13.42,13.41,13.42,1996
2026-06-23T15:13:00Z,13.42,13.42,13.40,13.40,2413
2026-06-23T15:14:00Z,13.40,13.41,13.40,13.41,2204
2026-06-23T15:15:00Z,13.41,13.41,13.41,13.41,2499
2026-06-23T15:16:00Z,13.41,13.42,13.41,13.42,1006
2026-06-23T15:17:00Z,13.42,13.42,13.41,13.41,1093
2026-06-23T15:18:00Z,13.41,13.41,13.41,13.41,1006
2026-06-23T15:19:00Z,13.41,13.42,13.41,13.42,1406
2026-06-23T15:20:00Z,13.42,13.42,13.41,13.41,1805
2026-06-23T15:21:00Z,13.41,13.43,13.41,13.43,2222
2026-06-23T15:22:00Z,13.43,13.43,13.43,13.43,2465
2026-06-23T15:23:00Z,13.43,13.43,13.43,13.43,2343
2026-06-23T15:24:00Z,13.43,13.43,13.42,13.42,2395
2026-06-23T15:25:00Z,13.42,13.42,13.42,13.42,1058
2026-06-23T15:26:00Z,13.42,13.42,13.42,13.42,1666
2026-06-23T15:27:00Z,13.42,13.42,13.42,13.42,2048
2026-06-23T15:28:00Z,13.42,13.42,13.40,13.40,2170
2026-06-23T15:29:00Z,13.40,13.40,13.40,13.40,1701
2026-06-23T15:30:00Z,13.40,13.41,13.40,13.41,1944
2026-06-23T15:31:00Z,13.41,13.41,13.41,13.41,2256
2026-06-23T15:32:00Z,13.41,13.42,13.41,13.42,1666
2026-06-23T15:33:00Z,13.42,13.42,13.41,13.41,1232
2026-06-23T15:34:00Z,13.41,13.41,13.41,13.41,2135
2026-06-23T15:35:00Z,13.41,13.41,13.39,13.39,1822
2026-06-23T15:36:00Z,13.39,13.41,13.39,13.41,1302
2026-06-23T15:37:00Z,13.41,13.41,13.41,13.41,1736
2026-06-23T15:38:00Z,13.41,13.41,13.41,13.41,2343
2026-06-23T15:39:00Z,13.41,13.41,13.41,13.41,1944
2026-06-23T15:40:00Z,13.41,13.41,13.41,13.41,1631
2026-06-23T15:41:00Z,13.41,13.42,13.41,13.42,1718
2026-06-23T15:42:00Z,13.42,13.42,13.42,13.42,2117
2026-06-23T15:43:00Z,13.42,13.42,13.42,13.42,1736
2026-06-23T15:44:00Z,13.42,13.42,13.40,13.40,1736
2026-06-23T15:45:00Z,13.40,13.40,13.40,13.40,2465
2026-06-23T15:46:00Z,13.40,13.41,13.40,13.41,1093
2026-06-23T15:47:00Z,13.41,13.41,13.40,13.40,1006
2026-06-23T15:48:00Z,13.40,13.40,13.39,13.39,1458
2026-06-23T15:49:00Z,13.39,13.40,13.39,13.40,2187
2026-06-23T15:50:00Z,13.40,13.40,13.40,13.40,1788
2026-06-23T15:51:00Z,13.40,13.40,13.40,13.40,1944
2026-06-23T15:52:00Z,13.40,13.41,13.40,13.41,989
2026-06-23T15:53:00Z,13.41,13.41,13.39,13.39,1058
2026-06-23T15:54:00Z,13.39,13.40,13.39,13.40,2395
2026-06-23T15:55:00Z,13.40,13.40,13.38,13.38,1857
2026-06-23T15:56:00Z,13.38,13.38,13.38,13.38,1631
2026-06-23T15:57:00Z,13.38,13.38,13.37,13.37,1319
2026-06-23T15:58:00Z,13.37,13.38,13.37,13.38,2534
2026-06-23T15:59:00Z,13.38,13.39,13.38,13.39,2378
2026-06-23T16:00:00Z,13.39,13.39,13.39,13.39,1718
2026-06-23T16:01:00Z,13.39,13.39,13.39,13.39,1666
2026-06-23T16:02:00Z,13.39,13.39,13.37,13.37,2343
2026-06-23T16:03:00Z,13.37,13.38,13.37,13.38,1354
2026-06-23T16:04:00Z,13.38,13.39,13.38,13.39,1649
2026-06-23T16:05:00Z,13.39,13.40,13.39,13.40,1892
2026-06-23T16:06:00Z,13.40,13.40,13.39,13.39,1614
2026-06-23T16:07:00Z,13.39,13.39,13.38,13.38,1319
2026-06-23T16:08:00Z,13.38,13.38,13.36,13.36,1979
2026-06-23T16:09:00Z,13.36,13.37,13.36,13.37,1510
2026-06-23T16:10:00Z,13.37,13.37,13.36,13.36,2482
2026-06-23T16:11:00Z,13.36,13.38,13.36,13.38,2447
2026-06-23T16:12:00Z,13.38,13.38,13.37,13.37,1215
2026-06-23T16:13:00Z,13.37,13.38,13.37,13.38,2430
2026-06-23T16:14:00Z,13.38,13.38,13.37,13.37,2274
2026-06-23T16:15:00Z,13.37,13.37,13.37,13.37,1215
2026-06-23T16:16:00Z,13.37,13.38,13.37,13.38,1128
2026-06-23T16:17:00Z,13.38,13.38,13.38,13.38,1874
2026-06-23T16:18:00Z,13.38,13.38,13.38,13.38,1718
2026-06-23T16:19:00Z,13.38,13.38,13.38,13.38,2569
2026-06-23T16:20:00Z,13.38,13.38,13.37,13.37,1423
2026-06-23T16:21:00Z,13.37,13.38,13.37,13.38,2378
2026-06-23T16:22:00Z,13.38,13.38,13.38,13.38,954
2026-06-23T16:23:00Z,13.38,13.39,13.38,13.39,2187
2026-06-23T16:24:00Z,13.39,13.39,13.37,13.37,1892
2026-06-23T16:25:00Z,13.37,13.38,13.37,13.38,2326
2026-06-23T16:26:00Z,13.38,13.38,13.36,13.36,972
2026-06-23T16:27:00Z,13.36,13.37,13.36,13.37,1683
2026-06-23T16:28:00Z,13.37,13.37,13.36,13.36,989
2026-06-23T16:29:00Z,13.36,13.37,13.36,13.37,937
2026-06-23T16:30:00Z,13.37,13.37,13.36,13.36,1197
2026-06-23T16:31:00Z,13.36,13.36,13.36,13.36,2413
2026-06-23T16:32:00Z,13.36,13.36,13.35,13.35,1093
2026-06-23T16:33:00Z,13.35,13.35,13.34,13.34,1041
2026-06-23T16:34:00Z,13.34,13.34,13.34,13.34,1354
2026-06-23T16:35:00Z,13.34,13.35,13.34,13.35,920
2026-06-23T16:36:00Z,13.35,13.35,13.35,13.35,920
2026-06-23T16:37:00Z,13.35,13.35,13.35,13.35,937
2026-06-23T16:38:00Z,13.35,13.35,13.35,13.35,1961
2026-06-23T16:39:00Z,13.35,13.35,13.35,13.35,1961
2026-06-23T16:40:00Z,13.35,13.35,13.34,13.34,920
2026-06-23T16:41:00Z,13.34,13.36,13.34,13.36,1805
2026-06-23T16:42:00Z,13.36,13.36,13.36,13.36,1215
2026-06-23T16:43:00Z,13.36,13.38,13.36,13.38,1996
2026-06-23T16:44:00Z,13.38,13.38,13.36,13.36,1406
2026-06-23T16:45:00Z,13.36,13.37,13.36,13.37,1579
2026-06-23T16:46:00Z,13.37,13.37,13.36,13.36,2048
2026-06-23T16:47:00Z,13.36,13.38,13.36,13.38,2378
2026-06-23T16:48:00Z,13.38,13.38,13.38,13.38,1423
2026-06-23T16:49:00Z,13.38,13.38,13.38,13.38,2465
2026-06-23T16:50:00Z,13.38,13.39,13.38,13.39,1562
2026-06-23T16:51:00Z,13.39,13.40,13.39,13.40,1545
2026-06-23T16:52:00Z,13.40,13.40,13.38,13.38,2170
2026-06-23T16:53:00Z,13.38,13.38,13.37,13.37,1249
2026-06-23T16:54:00Z,13.37,13.37,13.35,13.35,1302
2026-06-23T16:55:00Z,13.35,13.36,13.35,13.36,1944
2026-06-23T16:56:00Z,13.36,13.36,13.36,13.36,989
2026-06-23T16:57:00Z,13.36,13.36,13.35,13.35,2551
2026-06-23T16:58:00Z,13.35,13.35,13.34,13.34,1597
2026-06-23T16:59:00Z,13.34,13.35,13.34,13.35,1302
2026-06-23T17:00:00Z,13.35,13.35,13.34,13.34,1579
2026-06-23T17:01:00Z,13.34,13.34,13.34,13.34,1909
2026-06-23T17:02:00Z,13.34,13.34,13.33,13.33,2013
2026-06-23T17:03:00Z,13.33,13.34,13.33,13.34,2308
2026-06-23T17:04:00Z,13.34,13.34,13.34,13.34,1180
2026-06-23T17:05:00Z,13.34,13.34,13.34,13.34,1545
2026-06-23T17:06:00Z,13.34,13.34,13.33,13.33,2170
2026-06-23T17:07:00Z,13.33,13.34,13.33,13.34,1892
2026-06-23T17:08:00Z,13.34,13.34,13.32,13.32,2360
2026-06-23T17:09:00Z,13.32,13.33,13.32,13.33,1302
2026-06-23T17:10:00Z,13.33,13.33,13.33,13.33,885
2026-06-23T17:11:00Z,13.33,13.33,13.32,13.32,2065
2026-06-23T17:12:00Z,13.32,13.32,13.31,13.31,2135
2026-06-23T17:13:00Z,13.31,13.31,13.30,13.30,1770
2026-06-23T17:14:00Z,13.30,13.30,13.30,13.30,1388
2026-06-23T17:15:00Z,13.30,13.30,13.30,13.30,2135
2026-06-23T17:16:00Z,13.30,13.30,13.29,13.29,1631
2026-06-23T17:17:00Z,13.29,13.29,13.29,13.29,1822
2026-06-23T17:18:00Z,13.29,13.30,13.29,13.30,1683
2026-06-23T17:19:00Z,13.30,13.31,13.30,13.31,972
2026-06-23T17:20:00Z,13.31,13.31,13.30,13.30,1163
2026-06-23T17:21:00Z,13.30,13.31,13.30,13.31,1701
2026-06-23T17:22:00Z,13.31,13.31,13.30,13.30,2048
2026-06-23T17:23:00Z,13.30,13.31,13.30,13.31,2048
2026-06-23T17:24:00Z,13.31,13.32,13.31,13.32,1753
2026-06-23T17:25:00Z,13.32,13.33,13.32,13.33,2482
2026-06-23T17:26:00Z,13.33,13.33,13.33,13.33,2413
2026-06-23T17:27:00Z,13.33,13.33,13.33,13.33,1822
2026-06-23T17:28:00Z,13.33,13.33,13.31,13.31,1336
2026-06-23T17:29:00Z,13.31,13.31,13.31,13.31,1058
2026-06-23T17:30:00Z,13.31,13.32,13.31,13.32,2413
2026-06-23T17:31:00Z,13.32,13.32,13.32,13.32,1770
2026-06-23T17:32:00Z,13.32,13.32,13.32,13.32,1649
2026-06-23T17:33:00Z,13.32,13.32,13.32,13.32,1492
2026-06-23T17:34:00Z,13.32,13.32,13.32,13.32,1093
2026-06-23T17:35:00Z,13.32,13.32,13.30,13.30,2135
2026-06-23T17:36:00Z,13.30,13.30,13.29,13.29,1788
2026-06-23T17:37:00Z,13.29,13.29,13.28,13.28,2517
2026-06-23T17:38:00Z,13.28,13.28,13.28,13.28,1302
2026-06-23T17:39:00Z,13.28,13.29,13.28,13.29,1006
2026-06-23T17:40:00Z,13.29,13.29,13.28,13.28,1041
2026-06-23T17:41:00Z,13.28,13.29,13.28,13.29,1475
2026-06-23T17:42:00Z,13.29,13.30,13.29,13.30,1388
2026-06-23T17:43:00Z,13.30,13.30,13.29,13.29,2551
2026-06-23T17:44:00Z,13.29,13.29,13.29,13.29,1770
2026-06-23T17:45:00Z,13.29,13.30,13.29,13.30,1979
2026-06-23T17:46:00Z,13.30,13.30,13.30,13.30,1319
2026-06-23T17:47:00Z,13.30,13.31,13.30,13.31,2395
2026-06-23T17:48:00Z,13.31,13.31,13.31,13.31,1996
2026-06-23T17:49:00Z,13.31,13.31,13.31,13.31,1701
2026-06-23T17:50:00Z,13.31,13.32,13.31,13.32,2204
2026-06-23T17:51:00Z,13.32,13.32,13.32,13.32,2465
2026-06-23T17:52:00Z,13.32,13.32,13.32,13.32,1406
2026-06-23T17:53:00Z,13.32,13.32,13.32,13.32,1614
2026-06-23T17:54:00Z,13.32,13.32,13.32,13.32,2360
2026-06-23T17:55:00Z,13.32,13.32,13.30,13.30,1406
2026-06-23T17:56:00Z,13.30,13.30,13.30,13.30,937
2026-06-23T17:57:00Z,13.30,13.30,13.29,13.29,2256
2026-06-23T17:58:00Z,13.29,13.30,13.29,13.30,1093
2026-06-23T17:59:00Z,13.30,13.30,13.30,13.30,1128
2026-06-23T18:00:00Z,13.30,13.30,13.29,13.29,2135
2026-06-23T18:01:00Z,13.29,13.30,13.29,13.30,1336
2026-06-23T18:02:00Z,13.30,13.30,13.28,13.28,1128
2026-06-23T18:03:00Z,13.28,13.29,13.28,13.29,2100
2026-06-23T18:04:00Z,13.29,13.29,13.29,13.29,1475
2026-06-23T18:05:00Z,13.29,13.29,13.29,13.29,1232
2026-06-23T18:06:00Z,13.29,13.29,13.29,13.29,1076
2026-06-23T18:07:00Z,13.29,13.29,13.29,13.29,2360
2026-06-23T18:08:00Z,13.29,13.29,13.28,13.28,2222
2026-06-23T18:09:00Z,13.28,13.29,13.28,13.29,2308
2026-06-23T18:10:00Z,13.29,13.29,13.28,13.28,1354
2026-06-23T18:11:00Z,13.28,13.29,13.28,13.29,1874
2026-06-23T18:12:00Z,13.29,13.29,13.29,13.29,2204
2026-06-23T18:13:00Z,13.29,13.29,13.28,13.28,2256
2026-06-23T18:14:00Z,13.28,13.29,13.28,13.29,2083
2026-06-23T18:15:00Z,13.29,13.29,13.28,13.28,1302
2026-06-23T18:16:00Z,13.28,13.29,13.28,13.29,2152
2026-06-23T18:17:00Z,13.29,13.29,13.28,13.28,1631
2026-06-23T18:18:00Z,13.28,13.28,13.28,13.28,2360
2026-06-23T18:19:00Z,13.28,13.29,13.28,13.29,2239
2026-06-23T18:20:00Z,13.29,13.29,13.29,13.29,1440
2026-06-23T18:21:00Z,13.29,13.29,13.28,13.28,2447
2026-06-23T18:22:00Z,13.28,13.28,13.28,13.28,1614
2026-06-23T18:23:00Z,13.28,13.29,13.28,13.29,1371
2026-06-23T18:24:00Z,13.29,13.29,13.28,13.28,885
2026-06-23T18:25:00Z,13.28,13.29,13.28,13.29,1163
2026-06-23T18:26:00Z,13.29,13.30,13.29,13.30,1076
2026-06-23T18:27:00Z,13.30,13.30,13.29,13.29,1822
2026-06-23T18:28:00Z,13.29,13.29,13.29,13.29,2256
2026-06-23T18:29:00Z,13.29,13.30,13.29,13.30,1562
2026-06-23T18:30:00Z,13.30,13.30,13.30,13.30,1371
2026-06-23T18:31:00Z,13.30,13.30,13.29,13.29,1788
2026-06-23T18:32:00Z,13.29,13.31,13.29,13.31,2100
2026-06-23T18:33:00Z,13.31,13.31,13.30,13.30,1701
2026-06-23T18:34:00Z,13.30,13.31,13.30,13.31,2378
2026-06-23T18:35:00Z,13.31,13.32,13.31,13.32,1128
2026-06-23T18:36:00Z,13.32,13.32,13.32,13.32,1562
2026-06-23T18:37:00Z,13.32,13.32,13.31,13.31,1874
2026-06-23T18:38:00Z,13.31,13.31,13.31,13.31,2256
2026-06-23T18:39:00Z,13.31,13.31,13.31,13.31,1597
2026-06-23T18:40:00Z,13.31,13.31,13.30,13.30,1701
2026-06-23T18:41:00Z,13.30,13.30,13.29,13.29,1631
2026-06-23T18:42:00Z,13.29,13.29,13.28,13.28,1406
2026-06-23T18:43:00Z,13.28,13.28,13.28,13.28,1718
2026-06-23T18:44:00Z,13.28,13.28,13.28,13.28,868
2026-06-23T18:45:00Z,13.28,13.29,13.28,13.29,1354
2026-06-23T18:46:00Z,13.29,13.29,13.28,13.28,1666
2026-06-23T18:47:00Z,13.28,13.28,13.28,13.28,1579
2026-06-23T18:48:00Z,13.28,13.28,13.28,13.28,1649
2026-06-23T18:49:00Z,13.28,13.28,13.28,13.28,2360
2026-06-23T18:50:00Z,13.28,13.28,13.28,13.28,2499
2026-06-23T18:51:00Z,13.28,13.28,13.28,13.28,2430
2026-06-23T18:52:00Z,13.28,13.29,13.28,13.29,2135
2026-06-23T18:53:00Z,13.29,13.29,13.29,13.29,920
2026-06-23T18:54:00Z,13.29,13.31,13.29,13.31,2482
2026-06-23T18:55:00Z,13.31,13.31,13.31,13.31,1788
2026-06-23T18:56:00Z,13.31,13.33,13.31,13.33,1232
2026-06-23T18:57:00Z,13.33,13.33,13.31,13.31,1076
2026-06-23T18:58:00Z,13.31,13.32,13.31,13.32,2256
2026-06-23T18:59:00Z,13.32,13.34,13.32,13.34,1458
2026-06-23T19:00:00Z,13.34,13.34,13.34,13.34,2083
2026-06-23T19:01:00Z,13.34,13.34,13.34,13.34,2499
2026-06-23T19:02:00Z,13.34,13.34,13.33,13.33,1770
2026-06-23T19:03:00Z,13.33,13.33,13.33,13.33,868
2026-06-23T19:04:00Z,13.33,13.33,13.32,13.32,902
2026-06-23T19:05:00Z,13.32,13.33,13.32,13.33,1979
2026-06-23T19:06:00Z,13.33,13.33,13.33,13.33,1145
2026-06-23T19:07:00Z,13.33,13.34,13.33,13.34,2604
2026-06-23T19:08:00Z,13.34,13.34,13.33,13.33,1926
2026-06-23T19:09:00Z,13.33,13.33,13.33,13.33,1614
2026-06-23T19:10:00Z,13.33,13.33,13.33,13.33,2447
2026-06-23T19:11:00Z,13.33,13.33,13.33,13.33,2083
2026-06-23T19:12:00Z,13.33,13.33,13.33,13.33,2222
2026-06-23T19:13:00Z,13.33,13.33,13.32,13.32,1822
2026-06-23T19:14:00Z,13.32,13.34,13.32,13.34,1926
2026-06-23T19:15:00Z,13.34,13.35,13.34,13.35,937
2026-06-23T19:16:00Z,13.35,13.35,13.35,13.35,1302
2026-06-23T19:17:00Z,13.35,13.35,13.34,13.34,1388
2026-06-23T19:18:00Z,13.34,13.35,13.34,13.35,2152
2026-06-23T19:19:00Z,13.35,13.35,13.35,13.35,1753
2026-06-23T19:20:00Z,13.35,13.35,13.35,13.35,2065
2026-06-23T19:21:00Z,13.35,13.37,13.35,13.37,1041
2026-06-23T19:22:00Z,13.37,13.37,13.37,13.37,920
2026-06-23T19:23:00Z,13.37,13.37,13.36,13.36,1736
2026-06-23T19:24:00Z,13.36,13.38,13.36,13.38,1492
2026-06-23T19:25:00Z,13.38,13.38,13.38,13.38,1232
2026-06-23T19:26:00Z,13.38,13.38,13.38,13.38,2256
2026-06-23T19:27:00Z,13.38,13.38,13.38,13.38,1961
2026-06-23T19:28:00Z,13.38,13.39,13.38,13.39,2187
2026-06-23T19:29:00Z,13.39,13.41,13.39,13.41,1180
2026-06-23T19:30:00Z,13.41,13.41,13.41,13.41,1371
2026-06-23T19:31:00Z,13.41,13.42,13.41,13.42,1510
2026-06-23T19:32:00Z,13.42,13.42,13.42,13.42,1909
2026-06-23T19:33:00Z,13.42,13.43,13.42,13.43,2326
2026-06-23T19:34:00Z,13.43,13.43,13.42,13.42,2013
2026-06-23T19:35:00Z,13.42,13.43,13.42,13.43,1145
2026-06-23T19:36:00Z,13.43,13.43,13.41,13.41,1614
2026-06-23T19:37:00Z,13.41,13.41,13.40,13.40,2065
2026-06-23T19:38:00Z,13.40,13.41,13.40,13.41,1545
2026-06-23T19:39:00Z,13.41,13.41,13.39,13.39,2222
2026-06-23T19:40:00Z,13.39,13.39,13.39,13.39,2013
2026-06-23T19:41:00Z,13.39,13.40,13.39,13.40,2031
2026-06-23T19:42:00Z,13.40,13.41,13.40,13.41,2170
2026-06-23T19:43:00Z,13.41,13.41,13.40,13.40,1267
2026-06-23T19:44:00Z,13.40,13.41,13.40,13.41,1857
2026-06-23T19:45:00Z,13.41,13.41,13.41,13.41,1527
2026-06-23T19:46:00Z,13.41,13.41,13.41,13.41,1631
2026-06-23T19:47:00Z,13.41,13.41,13.40,13.40,2152
2026-06-23T19:48:00Z,13.40,13.40,13.39,13.39,1666
2026-06-23T19:49:00Z,13.39,13.40,13.39,13.40,1683
2026-06-23T19:50:00Z,13.40,13.40,13.40,13.40,2360
2026-06-23T19:51:00Z,13.40,13.40,13.39,13.39,2586
2026-06-23T19:52:00Z,13.39,13.40,13.39,13.40,1788
2026-06-23T19:53:00Z,13.40,13.40,13.39,13.39,2048
2026-06-23T19:54:00Z,13.39,13.39,13.39,13.39,1649
2026-06-23T19:55:00Z,13.39,13.39,13.39,13.39,1284
2026-06-23T19:56:00Z,13.39,13.40,13.39,13.40,2256
2026-06-23T19:57:00Z,13.40,13.40,13.39,13.39,1579
2026-06-23T19:58:00Z,13.39,13.40,13.39,13.40,1076
2026-06-23T19:59:00Z,13.40,13.40,13.40,13.40,1128
2026-06-23T20:00:00Z,13.40,13.40,13.39,13.39,2291
2026-06-23T20:01:00Z,13.39,13.40,13.39,13.40,1388
2026-06-23T20:02:00Z,13.40,13.40,13.39,13.39,2586
2026-06-23T20:03:00Z,13.39,13.41,13.39,13.41,1492
2026-06-23T20:04:00Z,13.41,13.41,13.41,13.41,1111
2026-06-23T20:05:00Z,13.41,13.41,13.40,13.40,1475
2026-06-23T20:06:00Z,13.40,13.40,13.40,13.40,1614
2026-06-23T20:07:00Z,13.40,13.40,13.39,13.39,1423
2026-06-23T20:08:00Z,13.39,13.39,13.38,13.38,2482
2026-06-23T20:09:00Z,13.38,13.39,13.38,13.39,2604
2026-06-23T20:10:00Z,13.39,13.39,13.39,13.39,2517
2026-06-23T20:11:00Z,13.39,13.39,13.39,13.39,2031
2026-06-23T20:12:00Z,13.39,13.40,13.39,13.40,1440
2026-06-23T20:13:00Z,13.40,13.40,13.40,13.40,2447
2026-06-23T20:14:00Z,13.40,13.40,13.39,13.39,2031
2026-06-23T20:15:00Z,13.39,13.39,13.39,13.39,2274
2026-06-23T20:16:00Z,13.39,13.39,13.39,13.39,2586
2026-06-23T20:17:00Z,13.39,13.39,13.39,13.39,1371
2026-06-23T20:18:00Z,13.39,13.40,13.39,13.40,2604
2026-06-23T20:19:00Z,13.40,13.40,13.39,13.39,1076
2026-06-23T20:20:00Z,13.39,13.39,13.39,13.39,1041
2026-06-23T20:21:00Z,13.39,13.39,13.39,13.39,1944
2026-06-23T20:22:00Z,13.39,13.40,13.39,13.40,2274
2026-06-23T20:23:00Z,13.40,13.40,13.40,13.40,2551
2026-06-23T20:24:00Z,13.40,13.40,13.40,13.40,2239
2026-06-23T20:25:00Z,13.40,13.40,13.39,13.39,1770
2026-06-23T20:26:00Z,13.39,13.39,13.39,13.39,1909
2026-06-23T20:27:00Z,13.39,13.39,13.37,13.37,1024
2026-06-23T20:28:00Z,13.37,13.38,13.37,13.38,1666
2026-06-23T20:29:00Z,13.38,13.38,13.37,13.37,1058
2026-06-23T20:30:00Z,13.37,13.37,13.36,13.36,2152
2026-06-23T20:31:00Z,13.36,13.37,13.36,13.37,1111
2026-06-23T20:32:00Z,13.37,13.37,13.37,13.37,1736
2026-06-23T20:33:00Z,13.37,13.37,13.36,13.36,1249
2026-06-23T20:34:00Z,13.36,13.36,13.35,13.35,2413
2026-06-23T20:35:00Z,13.35,13.37,13.35,13.37,1302
2026-06-23T20:36:00Z,13.37,13.37,13.35,13.35,2447
2026-06-23T20:37:00Z,13.35,13.35,13.35,13.35,1840
2026-06-23T20:38:00Z,13.35,13.35,13.33,13.33,1458
2026-06-23T20:39:00Z,13.33,13.33,13.33,13.33,2447
2026-06-23T20:40:00Z,13.33,13.33,13.32,13.32,972
2026-06-23T20:41:00Z,13.32,13.32,13.31,13.31,1631
2026-06-23T20:42:00Z,13.31,13.31,13.30,13.30,2360
2026-06-23T20:43:00Z,13.30,13.31,13.30,13.31,1145
2026-06-23T20:44:00Z,13.31,13.33,13.31,13.33,2308
2026-06-23T20:45:00Z,13.33,13.33,13.33,13.33,2586
2026-06-23T20:46:00Z,13.33,13.35,13.33,13.35,1163
2026-06-23T20:47:00Z,13.35,13.36,13.35,13.36,2343
2026-06-23T20:48:00Z,13.36,13.37,13.36,13.37,2499
2026-06-23T20:49:00Z,13.37,13.37,13.37,13.37,2604
2026-06-23T20:50:00Z,13.37,13.37,13.37,13.37,2413
2026-06-23T20:51:00Z,13.37,13.37,13.37,13.37,2065
2026-06-23T20:52:00Z,13.37,13.38,13.37,13.38,1093
2026-06-23T20:53:00Z,13.38,13.38,13.37,13.37,1510
2026-06-23T20:54:00Z,13.37,13.37,13.37,13.37,1545
2026-06-23T20:55:00Z,13.37,13.37,13.35,13.35,1805
2026-06-23T20:56:00Z,13.35,13.36,13.35,13.36,1163
2026-06-23T20:57:00Z,13.36,13.36,13.36,13.36,2413
2026-06-23T20:58:00Z,13.36,13.37,13.36,13.37,1475
2026-06-23T20:59:00Z,13.37,13.38,13.37,13.38,1909
2026-06-23T21:00:00Z,13.38,13.38,13.38,13.38,2586
2026-06-23T21:01:00Z,13.38,13.39,13.38,13.39,2274
2026-06-23T21:02:00Z,13.39,13.39,13.38,13.38,1892
2026-06-23T21:03:00Z,13.38,13.39,13.38,13.39,1631
2026-06-23T21:04:00Z,13.39,13.39,13.38,13.38,1232
2026-06-23T21:05:00Z,13.38,13.39,13.38,13.39,1874
2026-06-23T21:06:00Z,13.39,13.39,13.38,13.38,2551
2026-06-23T21:07:00Z,13.38,13.38,13.38,13.38,2447
2026-06-23T21:08:00Z,13.38,13.39,13.38,13.39,1649
2026-06-23T21:09:00Z,13.39,13.39,13.39,13.39,1006
2026-06-23T21:10:00Z,13.39,13.40,13.39,13.40,1215
2026-06-23T21:11:00Z,13.40,13.40,13.39,13.39,1215
2026-06-23T21:12:00Z,13.39,13.40,13.39,13.40,2239
2026-06-23T21:13:00Z,13.40,13.41,13.40,13.41,2152
2026-06-23T21:14:00Z,13.41,13.42,13.41,13.42,1423
2026-06-23T21:15:00Z,13.42,13.43,13.42,13.43,1249
2026-06-23T21:16:00Z,13.43,13.43,13.43,13.43,1215
2026-06-23T21:17:00Z,13.43,13.44,13.43,13.44,1961
2026-06-23T21:18:00Z,13.44,13.44,13.43,13.43,2239
2026-06-23T21:19:00Z,13.43,13.43,13.43,13.43,1996
2026-06-23T21:20:00Z,13.43,13.43,13.42,13.42,1423
2026-06-23T21:21:00Z,13.42,13.42,13.42,13.42,1892
2026-06-23T21:22:00Z,13.42,13.43,13.42,13.43,2170
2026-06-23T21:23:00Z,13.43,13.43,13.41,13.41,2534
2026-06-23T21:24:00Z,13.41,13.42,13.41,13.42,1909
2026-06-23T21:25:00Z,13.42,13.42,13.40,13.40,2517
2026-06-23T21:26:00Z,13.40,13.42,13.40,13.42,1180
2026-06-23T21:27:00Z,13.42,13.42,13.41,13.41,1267
2026-06-23T21:28:00Z,13.41,13.41,13.41,13.41,1232
2026-06-23T21:29:00Z,13.41,13.41,13.41,13.41,2291
2026-06-23T21:30:00Z,13.41,13.41,13.40,13.40,2360
2026-06-23T21:31:00Z,13.40,13.42,13.40,13.42,1822
2026-06-23T21:32:00Z,13.42,13.42,13.41,13.41,1006
2026-06-23T21:33:00Z,13.41,13.41,13.40,13.40,1857
2026-06-23T21:34:00Z,13.40,13.40,13.38,13.38,1527
2026-06-23T21:35:00Z,13.38,13.38,13.38,13.38,2551
2026-06-23T21:36:00Z,13.38,13.38,13.38,13.38,1249
2026-06-23T21:37:00Z,13.38,13.40,13.38,13.40,2204
2026-06-23T21:38:00Z,13.40,13.41,13.40,13.41,2187
2026-06-23T21:39:00Z,13.41,13.41,13.39,13.39,2551
2026-06-23T21:40:00Z,13.39,13.39,13.38,13.38,1336
2026-06-23T21:41:00Z,13.38,13.38,13.38,13.38,1649
2026-06-23T21:42:00Z,13.38,13.39,13.38,13.39,1006
2026-06-23T21:43:00Z,13.39,13.39,13.39,13.39,1926
2026-06-23T21:44:00Z,13.39,13.40,13.39,13.40,1805
2026-06-23T21:45:00Z,13.40,13.40,13.40,13.40,1111
2026-06-23T21:46:00Z,13.40,13.40,13.39,13.39,1423
2026-06-23T21:47:00Z,13.39,13.39,13.38,13.38,2343
2026-06-23T21:48:00Z,13.38,13.38,13.38,13.38,1996
2026-06-23T21:49:00Z,13.38,13.38,13.38,13.38,1215
2026-06-23T21:50:00Z,13.38,13.38,13.38,13.38,1458
2026-06-23T21:51:00Z,13.38,13.39,13.38,13.39,1319
2026-06-23T21:52:00Z,13.39,13.39,13.39,13.39,1215
2026-06-23T21:53:00Z,13.39,13.39,13.37,13.37,2065
2026-06-23T21:54:00Z,13.37,13.38,13.37,13.38,2499
2026-06-23T21:55:00Z,13.38,13.38,13.36,13.36,2360
2026-06-23T21:56:00Z,13.36,13.36,13.36,13.36,2465
2026-06-23T21:57:00Z,13.36,13.36,13.36,13.36,1163
2026-06-23T21:58:00Z,13.36,13.37,13.36,13.37,2360
2026-06-23T21:59:00Z,13.37,13.39,13.37,13.39,1979
2026-06-23T22:00:00Z,13.39,13.39,13.38,13.38,1163
2026-06-23T22:01:00Z,13.38,13.38,13.38,13.38,1597
2026-06-23T22:02:00Z,13.38,13.38,13.38,13.38,1631
2026-06-23T22:03:00Z,13.38,13.40,13.38,13.40,2447
2026-06-23T22:04:00Z,13.40,13.40,13.39,13.39,1909
2026-06-23T22:05:00Z,13.39,13.39,13.38,13.38,2569
2026-06-23T22:06:00Z,13.38,13.38,13.38,13.38,1857
2026-06-23T22:07:00Z,13.38,13.38,13.38,13.38,2117
2026-06-23T22:08:00Z,13.38,13.38,13.38,13.38,1753
2026-06-23T22:09:00Z,13.38,13.38,13.38,13.38,1631
2026-06-23T22:10:00Z,13.38,13.39,13.38,13.39,2256
2026-06-23T22:11:00Z,13.39,13.39,13.38,13.38,2291
2026-06-23T22:12:00Z,13.38,13.38,13.38,13.38,1805
2026-06-23T22:13:00Z,13.38,13.38,13.38,13.38,1319
2026-06-23T22:14:00Z,13.38,13.39,13.38,13.39,1857
2026-06-23T22:15:00Z,13.39,13.39,13.39,13.39,1058
2026-06-23T22:16:00Z,13.39,13.39,13.37,13.37,1562
2026-06-23T22:17:00Z,13.37,13.37,13.37,13.37,1145
2026-06-23T22:18:00Z,13.37,13.37,13.37,13.37,1267
2026-06-23T22:19:00Z,13.37,13.37,13.36,13.36,1944
2026-06-23T22:20:00Z,13.36,13.36,13.35,13.35,2274
2026-06-23T22:21:00Z,13.35,13.35,13.34,13.34,1874
2026-06-23T22:22:00Z,13.34,13.34,13.33,13.33,1406
2026-06-23T22:23:00Z,13.33,13.34,13.33,13.34,2447
2026-06-23T22:24:00Z,13.34,13.35,13.34,13.35,2586
2026-06-23T22:25:00Z,13.35,13.35,13.33,13.33,868
2026-06-23T22:26:00Z,13.33,13.33,13.33,13.33,989
2026-06-23T22:27:00Z,13.33,13.33,13.33,13.33,2430
2026-06-23T22:28:00Z,13.33,13.33,13.33,13.33,2378
2026-06-23T22:29:00Z,13.33,13.33,13.32,13.32,2413
2026-06-23T22:30:00Z,13.32,13.32,13.31,13.31,1840
2026-06-23T22:31:00Z,13.31,13.31,13.31,13.31,2517
2026-06-23T22:32:00Z,13.31,13.31,13.31,13.31,1336
2026-06-23T22:33:00Z,13.31,13.31,13.31,13.31,1822
2026-06-23T22:34:00Z,13.31,13.31,13.31,13.31,1753
2026-06-23T22:35:00Z,13.31,13.32,13.31,13.32,2378
2026-06-23T22:36:00Z,13.32,13.32,13.32,13.32,2430
2026-06-23T22:37:00Z,13.32,13.32,13.32,13.32,1926
2026-06-23T22:38:00Z,13.32,13.33,13.32,13.33,1319
2026-06-23T22:39:00Z,13.33,13.33,13.32,13.32,1302
2026-06-23T22:40:00Z,13.32,13.32,13.31,13.31,1284
2026-06-23T22:41:00Z,13.31,13.31,13.31,13.31,1058
2026-06-23T22:42:00Z,13.31,13.31,13.31,13.31,1458
2026-06-23T22:43:00Z,13.31,13.31,13.31,13.31,885
2026-06-23T22:44:00Z,13.31,13.31,13.31,13.31,1197
2026-06-23T22:45:00Z,13.31,13.31,13.31,13.31,1822
2026-06-23T22:46:00Z,13.31,13.31,13.31,13.31,937
2026-06-23T22:47:00Z,13.31,13.31,13.31,13.31,1753
2026-06-23T22:48:00Z,13.31,13.31,13.31,13.31,1145
2026-06-23T22:49:00Z,13.31,13.33,13.31,13.33,2586
2026-06-23T22:50:00Z,13.33,13.33,13.32,13.32,2586
2026-06-23T22:51:00Z,13.32,13.32,13.31,13.31,1249
2026-06-23T22:52:00Z,13.31,13.31,13.31,13.31,1249
2026-06-23T22:53:00Z,13.31,13.32,13.31,13.32,1597
2026-06-23T22:54:00Z,13.32,13.32,13.32,13.32,1267
2026-06-23T22:55:00Z,13.32,13.32,13.31,13.31,885
2026-06-23T22:56:00Z,13.31,13.32,13.31,13.32,1215
2026-06-23T22:57:00Z,13.32,13.32,13.31,13.31,868
2026-06-23T22:58:00Z,13.31,13.31,13.31,13.31,2083
2026-06-23T22:59:00Z,13.31,13.32,13.31,13.32,1631
2026-06-23T23:00:00Z,13.32,13.32,13.32,13.32,1475
2026-06-23T23:01:00Z,13.32,13.32,13.31,13.31,2031
2026-06-23T23:02:00Z,13.31,13.31,13.29,13.29,1944
2026-06-23T23:03:00Z,13.29,13.30,13.29,13.30,1805
2026-06-23T23:04:00Z,13.30,13.30,13.30,13.30,2482
2026-06-23T23:05:00Z,13.30,13.30,13.30,13.30,1041
2026-06-23T23:06:00Z,13.30,13.31,13.30,13.31,1475
2026-06-23T23:07:00Z,13.31,13.33,13.31,13.33,1788
2026-06-23T23:08:00Z,13.33,13.34,13.33,13.34,1336
2026-06-23T23:09:00Z,13.34,13.34,13.34,13.34,2100
2026-06-23T23:10:00Z,13.34,13.35,13.34,13.35,1163
2026-06-23T23:11:00Z,13.35,13.35,13.34,13.34,1579
2026-06-23T23:12:00Z,13.34,13.35,13.34,13.35,1510
2026-06-23T23:13:00Z,13.35,13.35,13.35,13.35,1145
2026-06-23T23:14:00Z,13.35,13.37,13.35,13.37,2170
2026-06-23T23:15:00Z,13.37,13.37,13.37,13.37,1336
2026-06-23T23:16:00Z,13.37,13.37,13.35,13.35,1874
2026-06-23T23:17:00Z,13.35,13.36,13.35,13.36,920
2026-06-23T23:18:00Z,13.36,13.36,13.36,13.36,868
2026-06-23T23:19:00Z,13.36,13.37,13.36,13.37,1527
2026-06-23T23:20:00Z,13.37,13.37,13.37,13.37,1336
2026-06-23T23:21:00Z,13.37,13.38,13.37,13.38,1319
2026-06-23T23:22:00Z,13.38,13.40,13.38,13.40,2065
2026-06-23T23:23:00Z,13.40,13.40,13.40,13.40,2100
2026-06-23T23:24:00Z,13.40,13.40,13.40,13.40,1249
2026-06-23T23:25:00Z,13.40,13.40,13.38,13.38,1336
2026-06-23T23:26:00Z,13.38,13.38,13.38,13.38,2117
2026-06-23T23:27:00Z,13.38,13.38,13.38,13.38,2083
2026-06-23T23:28:00Z,13.38,13.40,13.38,13.40,1458
2026-06-23T23:29:00Z,13.40,13.41,13.40,13.41,1979
2026-06-23T23:30:00Z,13.41,13.41,13.40,13.40,1128
2026-06-23T23:31:00Z,13.40,13.40,13.40,13.40,1631
2026-06-23T23:32:00Z,13.40,13.40,13.40,13.40,2343
2026-06-23T23:33:00Z,13.40,13.41,13.40,13.41,2343
2026-06-23T23:34:00Z,13.41,13.41,13.40,13.40,1996
2026-06-23T23:35:00Z,13.40,13.40,13.40,13.40,1371
2026-06-23T23:36:00Z,13.40,13.40,13.39,13.39,1649
2026-06-23T23:37:00Z,13.39,13.39,13.39,13.39,954
2026-06-23T23:38:00Z,13.39,13.40,13.39,13.40,2152
2026-06-23T23:39:00Z,13.40,13.40,13.39,13.39,1805
2026-06-23T23:40:00Z,13.39,13.39,13.39,13.39,2343
2026-06-23T23:41:00Z,13.39,13.39,13.39,13.39,1926
2026-06-23T23:42:00Z,13.39,13.41,13.39,13.41,1197
2026-06-23T23:43:00Z,13.41,13.41,13.40,13.40,2378
2026-06-23T23:44:00Z,13.40,13.41,13.40,13.41,1163
2026-06-23T23:45:00Z,13.41,13.42,13.41,13.42,1666
2026-06-23T23:46:00Z,13.42,13.42,13.40,13.40,1145
2026-06-23T23:47:00Z,13.40,13.41,13.40,13.41,1996
2026-06-23T23:48:00Z,13.41,13.41,13.39,13.39,1788
2026-06-23T23:49:00Z,13.39,13.39,13.38,13.38,1093
2026-06-23T23:50:00Z,13.38,13.38,13.38,13.38,2360
2026-06-23T23:51:00Z,13.38,13.39,13.38,13.39,2031
2026-06-23T23:52:00Z,13.39,13.39,13.38,13.38,2534
2026-06-23T23:53:00Z,13.38,13.38,13.38,13.38,2291
2026-06-23T23:54:00Z,13.38,13.39,13.38,13.39,2430
2026-06-23T23:55:00Z,13.39,13.39,13.39,13.39,1545
2026-06-23T23:56:00Z,13.39,13.39,13.39,13.39,1701
2026-06-23T23:57:00Z,13.39,13.39,13.37,13.37,1666
2026-06-23T23:58:00Z,13.37,13.38,13.37,13.38,1666
2026-06-23T23:59:00Z,13.38,13.39,13.38,13.39,1996
2026-06-24T00:00:00Z,13.39,13.39,13.39,13.39,1736
2026-06-24T00:01:00Z,13.39,13.40,13.39,13.40,1128
2026-06-24T00:02:00Z,13.40,13.41,13.40,13.41,2083
2026-06-24T00:03:00Z,13.41,13.41,13.41,13.41,1336
2026-06-24T00:04:00Z,13.41,13.41,13.41,13.41,937
2026-06-24T00:05:00Z,13.41,13.41,13.40,13.40,1579
2026-06-24T00:06:00Z,13.40,13.40,13.40,13.40,2152
2026-06-24T00:07:00Z,13.40,13.40,13.38,13.38,2465
2026-06-24T00:08:00Z,13.38,13.38,13.38,13.38,1649
2026-06-24T00:09:00Z,13.38,13.38,13.37,13.37,2083
2026-06-24T00:10:00Z,13.37,13.37,13.37,13.37,2551
2026-06-24T00:11:00Z,13.37,13.37,13.35,13.35,1649
2026-06-24T00:12:00Z,13.35,13.35,13.35,13.35,1249
2026-06-24T00:13:00Z,13.35,13.35,13.35,13.35,2222
2026-06-24T00:14:00Z,13.35,13.35,13.35,13.35,1284
2026-06-24T00:15:00Z,13.35,13.35,13.35,13.35,1302
2026-06-24T00:16:00Z,13.35,13.35,13.35,13.35,1909
2026-06-24T00:17:00Z,13.35,13.37,13.35,13.37,1284
2026-06-24T00:18:00Z,13.37,13.37,13.36,13.36,989
2026-06-24T00:19:00Z,13.36,13.37,13.36,13.37,1736
2026-06-24T00:20:00Z,13.37,13.37,13.36,13.36,1788
2026-06-24T00:21:00Z,13.36,13.36,13.35,13.35,1631
2026-06-24T00:22:00Z,13.35,13.35,13.35,13.35,902
2026-06-24T00:23:00Z,13.35,13.36,13.35,13.36,1458
2026-06-24T00:24:00Z,13.36,13.37,13.36,13.37,1961
2026-06-24T00:25:00Z,13.37,13.37,13.36,13.36,2083
2026-06-24T00:26:00Z,13.36,13.36,13.36,13.36,2013
2026-06-24T00:27:00Z,13.36,13.36,13.36,13.36,2482
2026-06-24T00:28:00Z,13.36,13.36,13.36,13.36,2048
2026-06-24T00:29:00Z,13.36,13.36,13.36,13.36,2604
2026-06-24T00:30:00Z,13.36,13.36,13.36,13.36,1163
2026-06-24T00:31:00Z,13.36,13.37,13.36,13.37,1926
2026-06-24T00:32:00Z,13.37,13.37,13.37,13.37,1145
2026-06-24T00:33:00Z,13.37,13.37,13.36,13.36,1336
2026-06-24T00:34:00Z,13.36,13.36,13.35,13.35,1145
2026-06-24T00:35:00Z,13.35,13.35,13.35,13.35,920
2026-06-24T00:36:00Z,13.35,13.35,13.34,13.34,1302
2026-06-24T00:37:00Z,13.34,13.35,13.34,13.35,1128
2026-06-24T00:38:00Z,13.35,13.35,13.34,13.34,1770
2026-06-24T00:39:00Z,13.34,13.36,13.34,13.36,2170
2026-06-24T00:40:00Z,13.36,13.36,13.35,13.35,1753
2026-06-24T00:41:00Z,13.35,13.35,13.35,13.35,2135
2026-06-24T00:42:00Z,13.35,13.35,13.35,13.35,2135
2026-06-24T00:43:00Z,13.35,13.35,13.35,13.35,1944
2026-06-24T00:44:00Z,13.35,13.35,13.35,13.35,1892
2026-06-24T00:45:00Z,13.35,13.36,13.35,13.36,1336
2026-06-24T00:46:00Z,13.36,13.36,13.36,13.36,937
2026-06-24T00:47:00Z,13.36,13.36,13.35,13.35,2551
2026-06-24T00:48:00Z,13.35,13.36,13.35,13.36,1701
2026-06-24T00:49:00Z,13.36,13.36,13.36,13.36,1562
2026-06-24T00:50:00Z,13.36,13.36,13.35,13.35,1492
2026-06-24T00:51:00Z,13.35,13.35,13.34,13.34,989
2026-06-24T00:52:00Z,13.34,13.34,13.34,13.34,1267
2026-06-24T00:53:00Z,13.34,13.34,13.34,13.34,885
2026-06-24T00:54:00Z,13.34,13.34,13.34,13.34,1909
2026-06-24T00:55:00Z,13.34,13.34,13.34,13.34,1979
2026-06-24T00:56:00Z,13.34,13.35,13.34,13.35,1527
2026-06-24T00:57:00Z,13.35,13.36,13.35,13.36,1440
2026-06-24T00:58:00Z,13.36,13.36,13.36,13.36,1822
2026-06-24T00:59:00Z,13.36,13.36,13.36,13.36,2031
2026-06-24T01:00:00Z,13.36,13.36,13.36,13.36,2013
2026-06-24T01:01:00Z,13.36,13.36,13.36,13.36,1753
2026-06-24T01:02:00Z,13.36,13.37,13.36,13.37,1614
2026-06-24T01:03:00Z,13.37,13.38,13.37,13.38,1614
2026-06-24T01:04:00Z,13.38,13.38,13.38,13.38,1249
2026-06-24T01:05:00Z,13.38,13.38,13.37,13.37,2604
2026-06-24T01:06:00Z,13.37,13.37,13.36,13.36,2170
2026-06-24T01:07:00Z,13.36,13.36,13.36,13.36,2569
2026-06-24T01:08:00Z,13.36,13.36,13.36,13.36,1909
2026-06-24T01:09:00Z,13.36,13.36,13.36,13.36,1006
2026-06-24T01:10:00Z,13.36,13.36,13.35,13.35,1892
2026-06-24T01:11:00Z,13.35,13.35,13.35,13.35,1197
2026-06-24T01:12:00Z,13.35,13.36,13.35,13.36,1683
2026-06-24T01:13:00Z,13.36,13.36,13.36,13.36,1545
2026-06-24T01:14:00Z,13.36,13.36,13.36,13.36,1024
2026-06-24T01:15:00Z,13.36,13.37,13.36,13.37,1857
2026-06-24T01:16:00Z,13.37,13.37,13.36,13.36,1406
2026-06-24T01:17:00Z,13.36,13.36,13.36,13.36,972
2026-06-24T01:18:00Z,13.36,13.37,13.36,13.37,1492
2026-06-24T01:19:00Z,13.37,13.39,13.37,13.39,1423
2026-06-24T01:20:00Z,13.39,13.40,13.39,13.40,1093
2026-06-24T01:21:00Z,13.40,13.40,13.40,13.40,1909
2026-06-24T01:22:00Z,13.40,13.41,13.40,13.41,1770
2026-06-24T01:23:00Z,13.41,13.42,13.41,13.42,1718
2026-06-24T01:24:00Z,13.42,13.42,13.42,13.42,2586
2026-06-24T01:25:00Z,13.42,13.42,13.41,13.41,902
2026-06-24T01:26:00Z,13.41,13.42,13.41,13.42,1475
2026-06-24T01:27:00Z,13.42,13.43,13.42,13.43,2586
2026-06-24T01:28:00Z,13.43,13.43,13.43,13.43,1649
2026-06-24T01:29:00Z,13.43,13.43,13.43,13.43,1406
2026-06-24T01:30:00Z,13.43,13.43,13.43,13.43,2534
2026-06-24T01:31:00Z,13.43,13.43,13.43,13.43,1579
2026-06-24T01:32:00Z,13.43,13.43,13.43,13.43,1701
2026-06-24T01:33:00Z,13.43,13.44,13.43,13.44,920
2026-06-24T01:34:00Z,13.44,13.44,13.42,13.42,1180
2026-06-24T01:35:00Z,13.42,13.44,13.42,13.44,2204
2026-06-24T01:36:00Z,13.44,13.44,13.43,13.43,2117
2026-06-24T01:37:00Z,13.43,13.44,13.43,13.44,2586
2026-06-24T01:38:00Z,13.44,13.44,13.43,13.43,885
2026-06-24T01:39:00Z,13.43,13.44,13.43,13.44,1892
2026-06-24T01:40:00Z,13.44,13.44,13.44,13.44,1371
2026-06-24T01:41:00Z,13.44,13.44,13.44,13.44,885
2026-06-24T01:42:00Z,13.44,13.45,13.44,13.45,2222
2026-06-24T01:43:00Z,13.45,13.46,13.45,13.46,1805
2026-06-24T01:44:00Z,13.46,13.47,13.46,13.47,2100
2026-06-24T01:45:00Z,13.47,13.47,13.45,13.45,972
2026-06-24T01:46:00Z,13.45,13.46,13.45,13.46,1545
2026-06-24T01:47:00Z,13.46,13.46,13.45,13.45,2482
2026-06-24T01:48:00Z,13.45,13.45,13.45,13.45,2534
2026-06-24T01:49:00Z,13.45,13.45,13.44,13.44,1267
2026-06-24T01:50:00Z,13.44,13.44,13.44,13.44,2343
2026-06-24T01:51:00Z,13.44,13.44,13.44,13.44,1545
2026-06-24T01:52:00Z,13.44,13.44,13.44,13.44,2517
2026-06-24T01:53:00Z,13.44,13.44,13.44,13.44,2152
2026-06-24T01:54:00Z,13.44,13.44,13.43,13.43,2065
2026-06-24T01:55:00Z,13.43,13.43,13.43,13.43,1683
2026-06-24T01:56:00Z,13.43,13.43,13.41,13.41,1458
2026-06-24T01:57:00Z,13.41,13.41,13.40,13.40,2048
2026-06-24T01:58:00Z,13.40,13.40,13.38,13.38,2517
2026-06-24T01:59:00Z,13.38,13.39,13.38,13.39,2378
2026-06-24T02:00:00Z,13.39,13.39,13.38,13.38,1892
2026-06-24T02:01:00Z,13.38,13.38,13.38,13.38,1058
2026-06-24T02:02:00Z,13.38,13.38,13.38,13.38,1753
2026-06-24T02:03:00Z,13.38,13.39,13.38,13.39,1354
2026-06-24T02:04:00Z,13.39,13.39,13.38,13.38,902
2026-06-24T02:05:00Z,13.38,13.38,13.38,13.38,1979
2026-06-24T02:06:00Z,13.38,13.39,13.38,13.39,1371
2026-06-24T02:07:00Z,13.39,13.39,13.39,13.39,2170
2026-06-24T02:08:00Z,13.39,13.39,13.38,13.38,2482
2026-06-24T02:09:00Z,13.38,13.39,13.38,13.39,954
2026-06-24T02:10:00Z,13.39,13.39,13.39,13.39,1319
2026-06-24T02:11:00Z,13.39,13.40,13.39,13.40,2152
2026-06-24T02:12:00Z,13.40,13.40,13.39,13.39,1128
2026-06-24T02:13:00Z,13.39,13.39,13.39,13.39,1926
2026-06-24T02:14:00Z,13.39,13.39,13.39,13.39,1944
2026-06-24T02:15:00Z,13.39,13.39,13.39,13.39,2499
2026-06-24T02:16:00Z,13.39,13.39,13.38,13.38,2343
2026-06-24T02:17:00Z,13.38,13.38,13.37,13.37,1197
2026-06-24T02:18:00Z,13.37,13.37,13.36,13.36,1840
2026-06-24T02:19:00Z,13.36,13.38,13.36,13.38,1631
2026-06-24T02:20:00Z,13.38,13.38,13.38,13.38,2083
2026-06-24T02:21:00Z,13.38,13.39,13.38,13.39,937
2026-06-24T02:22:00Z,13.39,13.39,13.37,13.37,2291
2026-06-24T02:23:00Z,13.37,13.39,13.37,13.39,1024
2026-06-24T02:24:00Z,13.39,13.39,13.38,13.38,2465
2026-06-24T02:25:00Z,13.38,13.38,13.37,13.37,902
2026-06-24T02:26:00Z,13.37,13.37,13.37,13.37,1215
2026-06-24T02:27:00Z,13.37,13.37,13.37,13.37,2274
2026-06-24T02:28:00Z,13.37,13.37,13.37,13.37,2239
2026-06-24T02:29:00Z,13.37,13.38,13.37,13.38,1371
2026-06-24T02:30:00Z,13.38,13.38,13.38,13.38,1805
2026-06-24T02:31:00Z,13.38,13.38,13.38,13.38,1926
2026-06-24T02:32:00Z,13.38,13.38,13.38,13.38,2274
2026-06-24T02:33:00Z,13.38,13.39,13.38,13.39,2569
2026-06-24T02:34:00Z,13.39,13.39,13.39,13.39,1805
2026-06-24T02:35:00Z,13.39,13.39,13.39,13.39,2586
2026-06-24T02:36:00Z,13.39,13.39,13.37,13.37,2343
2026-06-24T02:37:00Z,13.37,13.37,13.37,13.37,1163
2026-06-24T02:38:00Z,13.37,13.37,13.37,13.37,1336
2026-06-24T02:39:00Z,13.37,13.38,13.37,13.38,954
2026-06-24T02:40:00Z,13.38,13.38,13.38,13.38,1788
2026-06-24T02:41:00Z,13.38,13.38,13.38,13.38,1527
2026-06-24T02:42:00Z,13.38,13.38,13.38,13.38,2395
2026-06-24T02:43:00Z,13.38,13.39,13.38,13.39,1128
2026-06-24T02:44:00Z,13.39,13.39,13.38,13.38,1267
2026-06-24T02:45:00Z,13.38,13.39,13.38,13.39,1302
2026-06-24T02:46:00Z,13.39,13.39,13.38,13.38,1753
2026-06-24T02:47:00Z,13.38,13.38,13.37,13.37,2499
2026-06-24T02:48:00Z,13.37,13.37,13.36,13.36,2100
2026-06-24T02:49:00Z,13.36,13.37,13.36,13.37,1197
2026-06-24T02:50:00Z,13.37,13.37,13.36,13.36,1492
2026-06-24T02:51:00Z,13.36,13.37,13.36,13.37,1579
2026-06-24T02:52:00Z,13.37,13.37,13.37,13.37,1267
2026-06-24T02:53:00Z,13.37,13.39,13.37,13.39,2308
2026-06-24T02:54:00Z,13.39,13.39,13.39,13.39,1736
2026-06-24T02:55:00Z,13.39,13.39,13.39,13.39,2378
2026-06-24T02:56:00Z,13.39,13.39,13.39,13.39,1267
2026-06-24T02:57:00Z,13.39,13.40,13.39,13.40,2170
2026-06-24T02:58:00Z,13.40,13.40,13.40,13.40,1683
2026-06-24T02:59:00Z,13.40,13.41,13.40,13.41,1805
2026-06-24T03:00:00Z,13.41,13.41,13.41,13.41,989
2026-06-24T03:01:00Z,13.41,13.42,13.41,13.42,2013
2026-06-24T03:02:00Z,13.42,13.42,13.42,13.42,2447
2026-06-24T03:03:00Z,13.42,13.43,13.42,13.43,2031
2026-06-24T03:04:00Z,13.43,13.43,13.43,13.43,2308
2026-06-24T03:05:00Z,13.43,13.43,13.43,13.43,2586
2026-06-24T03:06:00Z,13.43,13.43,13.42,13.42,2308
2026-06-24T03:07:00Z,13.42,13.42,13.42,13.42,2048
2026-06-24T03:08:00Z,13.42,13.42,13.42,13.42,1545
2026-06-24T03:09:00Z,13.42,13.42,13.42,13.42,1388
2026-06-24T03:10:00Z,13.42,13.42,13.42,13.42,1284
2026-06-24T03:11:00Z,13.42,13.43,13.42,13.43,2152
2026-06-24T03:12:00Z,13.43,13.43,13.43,13.43,1996
2026-06-24T03:13:00Z,13.43,13.44,13.43,13.44,2395
2026-06-24T03:14:00Z,13.44,13.44,13.43,13.43,1562
2026-06-24T03:15:00Z,13.43,13.43,13.43,13.43,1232
2026-06-24T03:16:00Z,13.43,13.43,13.43,13.43,1145
2026-06-24T03:17:00Z,13.43,13.43,13.43,13.43,1180
2026-06-24T03:18:00Z,13.43,13.43,13.43,13.43,1128
2026-06-24T03:19:00Z,13.43,13.44,13.43,13.44,937
2026-06-24T03:20:00Z,13.44,13.44,13.44,13.44,2430
2026-06-24T03:21:00Z,13.44,13.45,13.44,13.45,1944
2026-06-24T03:22:00Z,13.45,13.45,13.43,13.43,1961
2026-06-24T03:23:00Z,13.43,13.43,13.43,13.43,2343
2026-06-24T03:24:00Z,13.43,13.43,13.43,13.43,1961
2026-06-24T03:25:00Z,13.43,13.43,13.43,13.43,2360
2026-06-24T03:26:00Z,13.43,13.43,13.43,13.43,989
2026-06-24T03:27:00Z,13.43,13.45,13.43,13.45,1492
2026-06-24T03:28:00Z,13.45,13.45,13.45,13.45,1354
2026-06-24T03:29:00Z,13.45,13.45,13.45,13.45,1093
2026-06-24T03:30:00Z,13.45,13.46,13.45,13.46,902
2026-06-24T03:31:00Z,13.46,13.46,13.45,13.45,1631
2026-06-24T03:32:00Z,13.45,13.45,13.45,13.45,1284
2026-06-24T03:33:00Z,13.45,13.45,13.44,13.44,902
2026-06-24T03:34:00Z,13.44,13.44,13.44,13.44,1527
2026-06-24T03:35:00Z,13.44,13.44,13.44,13.44,2170
2026-06-24T03:36:00Z,13.44,13.44,13.44,13.44,1058
2026-06-24T03:37:00Z,13.44,13.44,13.43,13.43,2517
2026-06-24T03:38:00Z,13.43,13.45,13.43,13.45,1249
2026-06-24T03:39:00Z,13.45,13.45,13.45,13.45,868
2026-06-24T03:40:00Z,13.45,13.47,13.45,13.47,2326
2026-06-24T03:41:00Z,13.47,13.47,13.46,13.46,2222
2026-06-24T03:42:00Z,13.46,13.46,13.46,13.46,2343
2026-06-24T03:43:00Z,13.46,13.46,13.46,13.46,1267
2026-06-24T03:44:00Z,13.46,13.47,13.46,13.47,1492
2026-06-24T03:45:00Z,13.47,13.47,13.46,13.46,1423
2026-06-24T03:46:00Z,13.46,13.47,13.46,13.47,1527
2026-06-24T03:47:00Z,13.47,13.47,13.46,13.46,1354
2026-06-24T03:48:00Z,13.46,13.46,13.45,13.45,2013
2026-06-24T03:49:00Z,13.45,13.45,13.44,13.44,2551
2026-06-24T03:50:00Z,13.44,13.45,13.44,13.45,1926
2026-06-24T03:51:00Z,13.45,13.45,13.43,13.43,1406
2026-06-24T03:52:00Z,13.43,13.43,13.42,13.42,1545
2026-06-24T03:53:00Z,13.42,13.42,13.41,13.41,2291
2026-06-24T03:54:00Z,13.41,13.41,13.40,13.40,2326
2026-06-24T03:55:00Z,13.40,13.40,13.40,13.40,1944
2026-06-24T03:56:00Z,13.40,13.40,13.39,13.39,1510
2026-06-24T03:57:00Z,13.39,13.39,13.37,13.37,2326
2026-06-24T03:58:00Z,13.37,13.37,13.36,13.36,1892
2026-06-24T03:59:00Z,13.36,13.36,13.36,13.36,1093
2026-06-24T04:00:00Z,13.36,13.36,13.36,13.36,2604
2026-06-24T04:01:00Z,13.36,13.36,13.36,13.36,2152
2026-06-24T04:02:00Z,13.36,13.36,13.36,13.36,2031
2026-06-24T04:03:00Z,13.36,13.37,13.36,13.37,1510
2026-06-24T04:04:00Z,13.37,13.37,13.37,13.37,1354
2026-06-24T04:05:00Z,13.37,13.37,13.37,13.37,2517
2026-06-24T04:06:00Z,13.37,13.38,13.37,13.38,2360
2026-06-24T04:07:00Z,13.38,13.38,13.38,13.38,1197
2026-06-24T04:08:00Z,13.38,13.38,13.38,13.38,2378
2026-06-24T04:09:00Z,13.38,13.38,13.38,13.38,2604
2026-06-24T04:10:00Z,13.38,13.38,13.38,13.38,2360
2026-06-24T04:11:00Z,13.38,13.39,13.38,13.39,2465
2026-06-24T04:12:00Z,13.39,13.39,13.36,13.36,1458
2026-06-24T04:13:00Z,13.36,13.36,13.36,13.36,1527
2026-06-24T04:14:00Z,13.36,13.36,13.35,13.35,2291
2026-06-24T04:15:00Z,13.35,13.35,13.35,13.35,2534
2026-06-24T04:16:00Z,13.35,13.36,13.35,13.36,1423
2026-06-24T04:17:00Z,13.36,13.37,13.36,13.37,2222
2026-06-24T04:18:00Z,13.37,13.37,13.36,13.36,2360
2026-06-24T04:19:00Z,13.36,13.37,13.36,13.37,2031
2026-06-24T04:20:00Z,13.37,13.37,13.37,13.37,2065
2026-06-24T04:21:00Z,13.37,13.38,13.37,13.38,1996
2026-06-24T04:22:00Z,13.38,13.39,13.38,13.39,1701
2026-06-24T04:23:00Z,13.39,13.39,13.39,13.39,1961
2026-06-24T04:24:00Z,13.39,13.39,13.39,13.39,2447
2026-06-24T04:25:00Z,13.39,13.39,13.39,13.39,1718
2026-06-24T04:26:00Z,13.39,13.39,13.39,13.39,2360
2026-06-24T04:27:00Z,13.39,13.39,13.37,13.37,1232
2026-06-24T04:28:00Z,13.37,13.39,13.37,13.39,1874
2026-06-24T04:29:00Z,13.39,13.39,13.39,13.39,1197
2026-06-24T04:30:00Z,13.39,13.39,13.39,13.39,937
2026-06-24T04:31:00Z,13.39,13.40,13.39,13.40,2482
2026-06-24T04:32:00Z,13.40,13.40,13.40,13.40,1718
2026-06-24T04:33:00Z,13.40,13.41,13.40,13.41,2135
2026-06-24T04:34:00Z,13.41,13.41,13.41,13.41,1145
2026-06-24T04:35:00Z,13.41,13.41,13.39,13.39,989
2026-06-24T04:36:00Z,13.39,13.39,13.38,13.38,2447
2026-06-24T04:37:00Z,13.38,13.39,13.38,13.39,2430
2026-06-24T04:38:00Z,13.39,13.39,13.39,13.39,2239
2026-06-24T04:39:00Z,13.39,13.41,13.39,13.41,2569
2026-06-24T04:40:00Z,13.41,13.41,13.40,13.40,1388
2026-06-24T04:41:00Z,13.40,13.40,13.39,13.39,1093
2026-06-24T04:42:00Z,13.39,13.39,13.39,13.39,1058
2026-06-24T04:43:00Z,13.39,13.39,13.38,13.38,2395
2026-06-24T04:44:00Z,13.38,13.38,13.38,13.38,1840
2026-06-24T04:45:00Z,13.38,13.38,13.37,13.37,1718
2026-06-24T04:46:00Z,13.37,13.38,13.37,13.38,1562
2026-06-24T04:47:00Z,13.38,13.38,13.38,13.38,2534
2026-06-24T04:48:00Z,13.38,13.39,13.38,13.39,1302
2026-06-24T04:49:00Z,13.39,13.39,13.39,13.39,2569
2026-06-24T04:50:00Z,13.39,13.39,13.38,13.38,1145
2026-06-24T04:51:00Z,13.38,13.38,13.37,13.37,1683
2026-06-24T04:52:00Z,13.37,13.37,13.37,13.37,1232
2026-06-24T04:53:00Z,13.37,13.37,13.37,13.37,1527
2026-06-24T04:54:00Z,13.37,13.37,13.37,13.37,2048
2026-06-24T04:55:00Z,13.37,13.37,13.37,13.37,1215
2026-06-24T04:56:00Z,13.37,13.37,13.36,13.36,1510
2026-06-24T04:57:00Z,13.36,13.36,13.36,13.36,2031
2026-06-24T04:58:00Z,13.36,13.37,13.36,13.37,1041
2026-06-24T04:59:00Z,13.37,13.37,13.37,13.37,989
2026-06-24T05:00:00Z,13.37,13.37,13.36,13.36,1093
2026-06-24T05:01:00Z,13.36,13.38,13.36,13.38,1527
2026-06-24T05:02:00Z,13.38,13.38,13.38,13.38,1631
2026-06-24T05:03:00Z,13.38,13.39,13.38,13.39,1822
2026-06-24T05:04:00Z,13.39,13.39,13.39,13.39,1458
2026-06-24T05:05:00Z,13.39,13.40,13.39,13.40,1961
2026-06-24T05:06:00Z,13.40,13.41,13.40,13.41,1006
2026-06-24T05:07:00Z,13.41,13.41,13.41,13.41,1058
2026-06-24T05:08:00Z,13.41,13.42,13.41,13.42,2551
2026-06-24T05:09:00Z,13.42,13.42,13.41,13.41,1111
2026-06-24T05:10:00Z,13.41,13.41,13.41,13.41,1302
2026-06-24T05:11:00Z,13.41,13.41,13.40,13.40,1597
2026-06-24T05:12:00Z,13.40,13.40,13.39,13.39,1753
2026-06-24T05:13:00Z,13.39,13.40,13.39,13.40,989
2026-06-24T05:14:00Z,13.40,13.40,13.39,13.39,1736
2026-06-24T05:15:00Z,13.39,13.40,13.39,13.40,1111
2026-06-24T05:16:00Z,13.40,13.40,13.40,13.40,1458
2026-06-24T05:17:00Z,13.40,13.40,13.40,13.40,1249
2026-06-24T05:18:00Z,13.40,13.40,13.40,13.40,989
2026-06-24T05:19:00Z,13.40,13.40,13.38,13.38,1944
2026-06-24T05:20:00Z,13.38,13.38,13.38,13.38,1041
2026-06-24T05:21:00Z,13.38,13.38,13.36,13.36,1718
2026-06-24T05:22:00Z,13.36,13.38,13.36,13.38,1336
2026-06-24T05:23:00Z,13.38,13.39,13.38,13.39,1649
2026-06-24T05:24:00Z,13.39,13.39,13.38,13.38,2274
2026-06-24T05:25:00Z,13.38,13.38,13.38,13.38,1423
2026-06-24T05:26:00Z,13.38,13.38,13.37,13.37,1249
2026-06-24T05:27:00Z,13.37,13.37,13.36,13.36,1076
2026-06-24T05:28:00Z,13.36,13.36,13.35,13.35,1371
2026-06-24T05:29:00Z,13.35,13.37,13.35,13.37,920
2026-06-24T05:30:00Z,13.37,13.38,13.37,13.38,2204
2026-06-24T05:31:00Z,13.38,13.38,13.38,13.38,1909
2026-06-24T05:32:00Z,13.38,13.39,13.38,13.39,1197
2026-06-24T05:33:00Z,13.39,13.39,13.39,13.39,1683
2026-06-24T05:34:00Z,13.39,13.39,13.38,13.38,1649
2026-06-24T05:35:00Z,13.38,13.39,13.38,13.39,2100
2026-06-24T05:36:00Z,13.39,13.39,13.39,13.39,1631
2026-06-24T05:37:00Z,13.39,13.40,13.39,13.40,1475
2026-06-24T05:38:00Z,13.40,13.40,13.40,13.40,1736
2026-06-24T05:39:00Z,13.40,13.40,13.40,13.40,1874
2026-06-24T05:40:00Z,13.40,13.40,13.40,13.40,1388
2026-06-24T05:41:00Z,13.40,13.42,13.40,13.42,1076
2026-06-24T05:42:00Z,13.42,13.42,13.42,13.42,1319
2026-06-24T05:43:00Z,13.42,13.42,13.41,13.41,2187
2026-06-24T05:44:00Z,13.41,13.41,13.41,13.41,1909
2026-06-24T05:45:00Z,13.41,13.41,13.40,13.40,1180
2026-06-24T05:46:00Z,13.40,13.41,13.40,13.41,1128
2026-06-24T05:47:00Z,13.41,13.41,13.41,13.41,2482
2026-06-24T05:48:00Z,13.41,13.41,13.41,13.41,902
2026-06-24T05:49:00Z,13.41,13.41,13.41,13.41,1579
2026-06-24T05:50:00Z,13.41,13.42,13.41,13.42,2308
2026-06-24T05:51:00Z,13.42,13.43,13.42,13.43,2534
2026-06-24T05:52:00Z,13.43,13.44,13.43,13.44,1857
2026-06-24T05:53:00Z,13.44,13.45,13.44,13.45,1111
2026-06-24T05:54:00Z,13.45,13.46,13.45,13.46,920
2026-06-24T05:55:00Z,13.46,13.46,13.46,13.46,885
2026-06-24T05:56:00Z,13.46,13.46,13.46,13.46,868
2026-06-24T05:57:00Z,13.46,13.46,13.46,13.46,1857
2026-06-24T05:58:00Z,13.46,13.46,13.46,13.46,1440
2026-06-24T05:59:00Z,13.46,13.46,13.45,13.45,1215
2026-06-24T06:00:00Z,13.45,13.45,13.44,13.44,1093
2026-06-24T06:01:00Z,13.44,13.44,13.44,13.44,2343
2026-06-24T06:02:00Z,13.44,13.44,13.44,13.44,1111
2026-06-24T06:03:00Z,13.44,13.45,13.44,13.45,920
2026-06-24T06:04:00Z,13.45,13.46,13.45,13.46,2413
2026-06-24T06:05:00Z,13.46,13.46,13.46,13.46,1163
2026-06-24T06:06:00Z,13.46,13.47,13.46,13.47,1718
2026-06-24T06:07:00Z,13.47,13.48,13.47,13.48,2430
2026-06-24T06:08:00Z,13.48,13.48,13.47,13.47,2048
2026-06-24T06:09:00Z,13.47,13.48,13.47,13.48,1666
2026-06-24T06:10:00Z,13.48,13.49,13.48,13.49,1770
2026-06-24T06:11:00Z,13.49,13.49,13.49,13.49,2152
2026-06-24T06:12:00Z,13.49,13.50,13.49,13.50,1163
2026-06-24T06:13:00Z,13.50,13.50,13.49,13.49,1458
2026-06-24T06:14:00Z,13.49,13.49,13.49,13.49,1354
2026-06-24T06:15:00Z,13.49,13.49,13.49,13.49,2499
2026-06-24T06:16:00Z,13.49,13.50,13.49,13.50,2551
2026-06-24T06:17:00Z,13.50,13.50,13.49,13.49,2517
2026-06-24T06:18:00Z,13.49,13.50,13.49,13.50,954
2026-06-24T06:19:00Z,13.50,13.51,13.50,13.51,1371
2026-06-24T06:20:00Z,13.51,13.51,13.51,13.51,2031
2026-06-24T06:21:00Z,13.51,13.52,13.51,13.52,1805
2026-06-24T06:22:00Z,13.52,13.52,13.50,13.50,2100
2026-06-24T06:23:00Z,13.50,13.51,13.50,13.51,1423
2026-06-24T06:24:00Z,13.51,13.52,13.51,13.52,1614
2026-06-24T06:25:00Z,13.52,13.52,13.50,13.50,2083
2026-06-24T06:26:00Z,13.50,13.51,13.50,13.51,1840
2026-06-24T06:27:00Z,13.51,13.51,13.51,13.51,1649
2026-06-24T06:28:00Z,13.51,13.51,13.49,13.49,1736
2026-06-24T06:29:00Z,13.49,13.49,13.49,13.49,2083
2026-06-24T06:30:00Z,13.49,13.50,13.49,13.50,1510
2026-06-24T06:31:00Z,13.50,13.50,13.50,13.50,1979
2026-06-24T06:32:00Z,13.50,13.51,13.50,13.51,2326
2026-06-24T06:33:00Z,13.51,13.53,13.51,13.53,2204
2026-06-24T06:34:00Z,13.53,13.53,13.52,13.52,1111
2026-06-24T06:35:00Z,13.52,13.53,13.52,13.53,1215
2026-06-24T06:36:00Z,13.53,13.53,13.53,13.53,1388
2026-06-24T06:37:00Z,13.53,13.53,13.51,13.51,1753
2026-06-24T06:38:00Z,13.51,13.51,13.51,13.51,2551
2026-06-24T06:39:00Z,13.51,13.52,13.51,13.52,1770
2026-06-24T06:40:00Z,13.52,13.52,13.51,13.51,1354
2026-06-24T06:41:00Z,13.51,13.52,13.51,13.52,2534
2026-06-24T06:42:00Z,13.52,13.52,13.52,13.52,1909
2026-06-24T06:43:00Z,13.52,13.52,13.52,13.52,2569
2026-06-24T06:44:00Z,13.52,13.52,13.52,13.52,2187
2026-06-24T06:45:00Z,13.52,13.53,13.52,13.53,885
2026-06-24T06:46:00Z,13.53,13.53,13.52,13.52,1249
2026-06-24T06:47:00Z,13.52,13.52,13.52,13.52,1840
2026-06-24T06:48:00Z,13.52,13.52,13.52,13.52,868
2026-06-24T06:49:00Z,13.52,13.53,13.52,13.53,1302
2026-06-24T06:50:00Z,13.53,13.54,13.53,13.54,2430
2026-06-24T06:51:00Z,13.54,13.54,13.53,13.53,2517
2026-06-24T06:52:00Z,13.53,13.53,13.53,13.53,2031
2026-06-24T06:53:00Z,13.53,13.53,13.53,13.53,2152
2026-06-24T06:54:00Z,13.53,13.53,13.52,13.52,1770
2026-06-24T06:55:00Z,13.52,13.52,13.52,13.52,1232
2026-06-24T06:56:00Z,13.52,13.53,13.52,13.53,2170
2026-06-24T06:57:00Z,13.53,13.53,13.53,13.53,1458
2026-06-24T06:58:00Z,13.53,13.54,13.53,13.54,1926
2026-06-24T06:59:00Z,13.54,13.54,13.53,13.53,2482
2026-06-24T07:00:00Z,13.53,13.53,13.53,13.53,2100
2026-06-24T07:01:00Z,13.53,13.53,13.53,13.53,1267
2026-06-24T07:02:00Z,13.53,13.53,13.53,13.53,1562
2026-06-24T07:03:00Z,13.53,13.53,13.52,13.52,2308
2026-06-24T07:04:00Z,13.52,13.52,13.52,13.52,2447
2026-06-24T07:05:00Z,13.52,13.53,13.52,13.53,1058
2026-06-24T07:06:00Z,13.53,13.53,13.53,13.53,1354
2026-06-24T07:07:00Z,13.53,13.53,13.53,13.53,2413
2026-06-24T07:08:00Z,13.53,13.55,13.53,13.55,1874
2026-06-24T07:09:00Z,13.55,13.55,13.55,13.55,1249
2026-06-24T07:10:00Z,13.55,13.55,13.53,13.53,920
2026-06-24T07:11:00Z,13.53,13.54,13.53,13.54,1180
2026-06-24T07:12:00Z,13.54,13.55,13.54,13.55,1979
2026-06-24T07:13:00Z,13.55,13.55,13.55,13.55,1579
2026-06-24T07:14:00Z,13.55,13.56,13.55,13.56,1406
2026-06-24T07:15:00Z,13.56,13.56,13.56,13.56,1249
2026-06-24T07:16:00Z,13.56,13.56,13.55,13.55,1944
2026-06-24T07:17:00Z,13.55,13.55,13.55,13.55,2430
2026-06-24T07:18:00Z,13.55,13.56,13.55,13.56,1788
2026-06-24T07:19:00Z,13.56,13.56,13.56,13.56,1979
2026-06-24T07:20:00Z,13.56,13.56,13.56,13.56,2308
2026-06-24T07:21:00Z,13.56,13.57,13.56,13.57,2586
2026-06-24T07:22:00Z,13.57,13.58,13.57,13.58,1788
2026-06-24T07:23:00Z,13.58,13.59,13.58,13.59,1926
2026-06-24T07:24:00Z,13.59,13.59,13.58,13.58,2031
2026-06-24T07:25:00Z,13.58,13.58,13.58,13.58,972
2026-06-24T07:26:00Z,13.58,13.58,13.57,13.57,1545
2026-06-24T07:27:00Z,13.57,13.57,13.56,13.56,1892
2026-06-24T07:28:00Z,13.56,13.56,13.56,13.56,1545
2026-06-24T07:29:00Z,13.56,13.56,13.56,13.56,868
2026-06-24T07:30:00Z,13.56,13.56,13.55,13.55,1058
2026-06-24T07:31:00Z,13.55,13.55,13.55,13.55,2274
2026-06-24T07:32:00Z,13.55,13.56,13.55,13.56,2499
2026-06-24T07:33:00Z,13.56,13.56,13.56,13.56,2482
2026-06-24T07:34:00Z,13.56,13.56,13.56,13.56,1197
2026-06-24T07:35:00Z,13.56,13.56,13.55,13.55,2360
2026-06-24T07:36:00Z,13.55,13.55,13.55,13.55,1215
2026-06-24T07:37:00Z,13.55,13.55,13.55,13.55,1475
2026-06-24T07:38:00Z,13.55,13.55,13.55,13.55,2031
2026-06-24T07:39:00Z,13.55,13.55,13.55,13.55,1701
2026-06-24T07:40:00Z,13.55,13.55,13.55,13.55,1284
2026-06-24T07:41:00Z,13.55,13.56,13.55,13.56,1753
2026-06-24T07:42:00Z,13.56,13.56,13.56,13.56,1614
2026-06-24T07:43:00Z,13.56,13.57,13.56,13.57,1926
2026-06-24T07:44:00Z,13.57,13.57,13.56,13.56,2048
2026-06-24T07:45:00Z,13.56,13.58,13.56,13.58,2083
2026-06-24T07:46:00Z,13.58,13.58,13.58,13.58,1371
2026-06-24T07:47:00Z,13.58,13.59,13.58,13.59,1406
2026-06-24T07:48:00Z,13.59,13.60,13.59,13.60,2378
2026-06-24T07:49:00Z,13.60,13.61,13.60,13.61,1909
2026-06-24T07:50:00Z,13.61,13.61,13.61,13.61,2517
2026-06-24T07:51:00Z,13.61,13.62,13.61,13.62,2187
2026-06-24T07:52:00Z,13.62,13.62,13.61,13.61,1041
2026-06-24T07:53:00Z,13.61,13.61,13.61,13.61,2343
2026-06-24T07:54:00Z,13.61,13.62,13.61,13.62,1180
2026-06-24T07:55:00Z,13.62,13.62,13.62,13.62,2430
2026-06-24T07:56:00Z,13.62,13.62,13.62,13.62,2499
2026-06-24T07:57:00Z,13.62,13.62,13.62,13.62,1788
2026-06-24T07:58:00Z,13.62,13.62,13.62,13.62,1267
2026-06-24T07:59:00Z,13.62,13.63,13.62,13.63,2222
2026-06-24T08:00:00Z,13.63,13.63,13.63,13.63,2326
2026-06-24T08:01:00Z,13.63,13.63,13.61,13.61,2048
2026-06-24T08:02:00Z,13.61,13.61,13.59,13.59,1666
2026-06-24T08:03:00Z,13.59,13.59,13.57,13.57,1579
2026-06-24T08:04:00Z,13.57,13.58,13.57,13.58,1874
2026-06-24T08:05:00Z,13.58,13.58,13.57,13.57,1197
2026-06-24T08:06:00Z,13.57,13.58,13.57,13.58,2308
2026-06-24T08:07:00Z,13.58,13.58,13.57,13.57,1423
2026-06-24T08:08:00Z,13.57,13.57,13.57,13.57,1267
2026-06-24T08:09:00Z,13.57,13.57,13.57,13.57,1736
2026-06-24T08:10:00Z,13.57,13.57,13.57,13.57,2117
2026-06-24T08:11:00Z,13.57,13.57,13.57,13.57,2117
2026-06-24T08:12:00Z,13.57,13.58,13.57,13.58,1302
2026-06-24T08:13:00Z,13.58,13.58,13.58,13.58,1788
2026-06-24T08:14:00Z,13.58,13.59,13.58,13.59,885
2026-06-24T08:15:00Z,13.59,13.60,13.59,13.60,2430
2026-06-24T08:16:00Z,13.60,13.60,13.60,13.60,2222
2026-06-24T08:17:00Z,13.60,13.60,13.60,13.60,2360
2026-06-24T08:18:00Z,13.60,13.61,13.60,13.61,1545
2026-06-24T08:19:00Z,13.61,13.61,13.61,13.61,2239
2026-06-24T08:20:00Z,13.61,13.62,13.61,13.62,1006
2026-06-24T08:21:00Z,13.62,13.63,13.62,13.63,2465
2026-06-24T08:22:00Z,13.63,13.64,13.63,13.64,2465
2026-06-24T08:23:00Z,13.64,13.64,13.63,13.63,972
2026-06-24T08:24:00Z,13.63,13.65,13.63,13.65,1058
2026-06-24T08:25:00Z,13.65,13.65,13.65,13.65,1926
2026-06-24T08:26:00Z,13.65,13.65,13.65,13.65,1371
2026-06-24T08:27:00Z,13.65,13.66,13.65,13.66,2013
2026-06-24T08:28:00Z,13.66,13.66,13.65,13.65,1302
2026-06-24T08:29:00Z,13.65,13.65,13.63,13.63,1024
2026-06-24T08:30:00Z,13.63,13.64,13.63,13.64,1683
2026-06-24T08:31:00Z,13.64,13.64,13.64,13.64,1770
2026-06-24T08:32:00Z,13.64,13.64,13.63,13.63,2517
2026-06-24T08:33:00Z,13.63,13.63,13.63,13.63,1840
2026-06-24T08:34:00Z,13.63,13.63,13.62,13.62,972
2026-06-24T08:35:00Z,13.62,13.63,13.62,13.63,2430
2026-06-24T08:36:00Z,13.63,13.63,13.62,13.62,1822
2026-06-24T08:37:00Z,13.62,13.63,13.62,13.63,1649
2026-06-24T08:38:00Z,13.63,13.63,13.63,13.63,1093
2026-06-24T08:39:00Z,13.63,13.65,13.63,13.65,1336
2026-06-24T08:40:00Z,13.65,13.65,13.65,13.65,885
2026-06-24T08:41:00Z,13.65,13.65,13.65,13.65,1249
2026-06-24T08:42:00Z,13.65,13.65,13.65,13.65,2204
2026-06-24T08:43:00Z,13.65,13.65,13.65,13.65,2551
2026-06-24T08:44:00Z,13.65,13.65,13.64,13.64,1666
2026-06-24T08:45:00Z,13.64,13.65,13.64,13.65,2517
2026-06-24T08:46:00Z,13.65,13.65,13.65,13.65,2569
2026-06-24T08:47:00Z,13.65,13.65,13.65,13.65,2413
2026-06-24T08:48:00Z,13.65,13.65,13.65,13.65,1319
2026-06-24T08:49:00Z,13.65,13.66,13.65,13.66,1006
2026-06-24T08:50:00Z,13.66,13.66,13.65,13.65,2551
2026-06-24T08:51:00Z,13.65,13.65,13.64,13.64,1857
2026-06-24T08:52:00Z,13.64,13.64,13.63,13.63,1319
2026-06-24T08:53:00Z,13.63,13.64,13.63,13.64,2100
2026-06-24T08:54:00Z,13.64,13.64,13.62,13.62,2291
2026-06-24T08:55:00Z,13.62,13.63,13.62,13.63,2083
2026-06-24T08:56:00Z,13.63,13.63,13.63,13.63,2239
2026-06-24T08:57:00Z,13.63,13.64,13.63,13.64,1683
2026-06-24T08:58:00Z,13.64,13.64,13.63,13.63,1302
2026-06-24T08:59:00Z,13.63,13.64,13.63,13.64,1996
2026-06-24T09:00:00Z,13.64,13.64,13.62,13.62,1041
2026-06-24T09:01:00Z,13.62,13.62,13.62,13.62,1406
2026-06-24T09:02:00Z,13.62,13.62,13.61,13.61,1111
2026-06-24T09:03:00Z,13.61,13.61,13.60,13.60,2499
2026-06-24T09:04:00Z,13.60,13.60,13.59,13.59,2360
2026-06-24T09:05:00Z,13.59,13.60,13.59,13.60,1319
2026-06-24T09:06:00Z,13.60,13.60,13.60,13.60,1892
2026-06-24T09:07:00Z,13.60,13.60,13.59,13.59,1111
2026-06-24T09:08:00Z,13.59,13.60,13.59,13.60,1701
2026-06-24T09:09:00Z,13.60,13.60,13.59,13.59,1093
2026-06-24T09:10:00Z,13.59,13.59,13.58,13.58,1336
2026-06-24T09:11:00Z,13.58,13.58,13.56,13.56,1354
2026-06-24T09:12:00Z,13.56,13.56,13.56,13.56,1215
2026-06-24T09:13:00Z,13.56,13.56,13.56,13.56,1354
2026-06-24T09:14:00Z,13.56,13.56,13.56,13.56,1979
2026-06-24T09:15:00Z,13.56,13.57,13.56,13.57,2256
2026-06-24T09:16:00Z,13.57,13.57,13.57,13.57,1371
2026-06-24T09:17:00Z,13.57,13.57,13.57,13.57,2447
2026-06-24T09:18:00Z,13.57,13.57,13.55,13.55,2031
2026-06-24T09:19:00Z,13.55,13.55,13.55,13.55,2308
2026-06-24T09:20:00Z,13.55,13.55,13.54,13.54,1631
2026-06-24T09:21:00Z,13.54,13.55,13.54,13.55,2013
2026-06-24T09:22:00Z,13.55,13.55,13.55,13.55,1197
2026-06-24T09:23:00Z,13.55,13.55,13.54,13.54,1093
2026-06-24T09:24:00Z,13.54,13.54,13.54,13.54,1354
2026-06-24T09:25:00Z,13.54,13.54,13.53,13.53,1649
2026-06-24T09:26:00Z,13.53,13.53,13.52,13.52,2378
2026-06-24T09:27:00Z,13.52,13.52,13.52,13.52,920
2026-06-24T09:28:00Z,13.52,13.52,13.52,13.52,2604
2026-06-24T09:29:00Z,13.52,13.53,13.52,13.53,1631
2026-06-24T09:30:00Z,13.53,13.53,13.53,13.53,1944
2026-06-24T09:31:00Z,13.53,13.53,13.53,13.53,1597
2026-06-24T09:32:00Z,13.53,13.54,13.53,13.54,2308
2026-06-24T09:33:00Z,13.54,13.54,13.52,13.52,1406
2026-06-24T09:34:00Z,13.52,13.52,13.51,13.51,1545
2026-06-24T09:35:00Z,13.51,13.51,13.51,13.51,1562
2026-06-24T09:36:00Z,13.51,13.51,13.50,13.50,1545
2026-06-24T09:37:00Z,13.50,13.50,13.50,13.50,1163
2026-06-24T09:38:00Z,13.50,13.51,13.50,13.51,937
2026-06-24T09:39:00Z,13.51,13.51,13.50,13.50,1909
2026-06-24T09:40:00Z,13.50,13.51,13.50,13.51,2256
2026-06-24T09:41:00Z,13.51,13.51,13.50,13.50,2378
2026-06-24T09:42:00Z,13.50,13.50,13.49,13.49,1180
2026-06-24T09:43:00Z,13.49,13.50,13.49,13.50,2065
2026-06-24T09:44:00Z,13.50,13.50,13.50,13.50,2569
2026-06-24T09:45:00Z,13.50,13.50,13.49,13.49,1614
2026-06-24T09:46:00Z,13.49,13.49,13.49,13.49,1458
2026-06-24T09:47:00Z,13.49,13.49,13.49,13.49,937
2026-06-24T09:48:00Z,13.49,13.49,13.49,13.49,1996
2026-06-24T09:49:00Z,13.49,13.49,13.49,13.49,2204
2026-06-24T09:50:00Z,13.49,13.50,13.49,13.50,2343
2026-06-24T09:51:00Z,13.50,13.51,13.50,13.51,2048
2026-06-24T09:52:00Z,13.51,13.51,13.51,13.51,1562
2026-06-24T09:53:00Z,13.51,13.52,13.51,13.52,2343
2026-06-24T09:54:00Z,13.52,13.52,13.52,13.52,2152
2026-06-24T09:55:00Z,13.52,13.52,13.51,13.51,1736
2026-06-24T09:56:00Z,13.51,13.52,13.51,13.52,1388
2026-06-24T09:57:00Z,13.52,13.54,13.52,13.54,989
2026-06-24T09:58:00Z,13.54,13.54,13.53,13.53,868
2026-06-24T09:59:00Z,13.53,13.54,13.53,13.54,2326
2026-06-24T10:00:00Z,13.54,13.54,13.52,13.52,1961
2026-06-24T10:01:00Z,13.52,13.52,13.52,13.52,1961
2026-06-24T10:02:00Z,13.52,13.52,13.50,13.50,2343
2026-06-24T10:03:00Z,13.50,13.50,13.50,13.50,1163
2026-06-24T10:04:00Z,13.50,13.50,13.50,13.50,1111
2026-06-24T10:05:00Z,13.50,13.51,13.50,13.51,868
2026-06-24T10:06:00Z,13.51,13.52,13.51,13.52,1736
2026-06-24T10:07:00Z,13.52,13.52,13.52,13.52,1614
2026-06-24T10:08:00Z,13.52,13.52,13.51,13.51,1788
2026-06-24T10:09:00Z,13.51,13.51,13.51,13.51,1093
2026-06-24T10:10:00Z,13.51,13.51,13.50,13.50,1388
2026-06-24T10:11:00Z,13.50,13.51,13.50,13.51,1267
2026-06-24T10:12:00Z,13.51,13.51,13.51,13.51,1215
2026-06-24T10:13:00Z,13.51,13.52,13.51,13.52,1093
2026-06-24T10:14:00Z,13.52,13.52,13.50,13.50,1076
2026-06-24T10:15:00Z,13.50,13.50,13.50,13.50,1111
2026-06-24T10:16:00Z,13.50,13.50,13.49,13.49,2187
2026-06-24T10:17:00Z,13.49,13.50,13.49,13.50,2100
2026-06-24T10:18:00Z,13.50,13.50,13.50,13.50,2586
2026-06-24T10:19:00Z,13.50,13.50,13.50,13.50,2395
2026-06-24T10:20:00Z,13.50,13.50,13.50,13.50,920
2026-06-24T10:21:00Z,13.50,13.50,13.50,13.50,1579
2026-06-24T10:22:00Z,13.50,13.50,13.50,13.50,1736
2026-06-24T10:23:00Z,13.50,13.52,13.50,13.52,2604
2026-06-24T10:24:00Z,13.52,13.52,13.51,13.51,1874
2026-06-24T10:25:00Z,13.51,13.52,13.51,13.52,1926
2026-06-24T10:26:00Z,13.52,13.52,13.52,13.52,1770
2026-06-24T10:27:00Z,13.52,13.52,13.51,13.51,1215
2026-06-24T10:28:00Z,13.51,13.51,13.51,13.51,1631
2026-06-24T10:29:00Z,13.51,13.52,13.51,13.52,1388
2026-06-24T10:30:00Z,13.52,13.52,13.51,13.51,2135
2026-06-24T10:31:00Z,13.51,13.52,13.51,13.52,885
2026-06-24T10:32:00Z,13.52,13.52,13.52,13.52,1440
2026-06-24T10:33:00Z,13.52,13.53,13.52,13.53,1458
2026-06-24T10:34:00Z,13.53,13.53,13.52,13.52,1770
2026-06-24T10:35:00Z,13.52,13.52,13.51,13.51,1232
2026-06-24T10:36:00Z,13.51,13.51,13.49,13.49,2222
2026-06-24T10:37:00Z,13.49,13.49,13.49,13.49,1336
2026-06-24T10:38:00Z,13.49,13.50,13.49,13.50,1979
2026-06-24T10:39:00Z,13.50,13.50,13.49,13.49,1666
2026-06-24T10:40:00Z,13.49,13.49,13.49,13.49,1996
2026-06-24T10:41:00Z,13.49,13.49,13.48,13.48,2013
2026-06-24T10:42:00Z,13.48,13.48,13.48,13.48,1197
2026-06-24T10:43:00Z,13.48,13.48,13.48,13.48,2447
2026-06-24T10:44:00Z,13.48,13.48,13.48,13.48,2117
2026-06-24T10:45:00Z,13.48,13.50,13.48,13.50,1406
2026-06-24T10:46:00Z,13.50,13.50,13.50,13.50,1371
2026-06-24T10:47:00Z,13.50,13.51,13.50,13.51,1944
2026-06-24T10:48:00Z,13.51,13.51,13.50,13.50,2499
2026-06-24T10:49:00Z,13.50,13.50,13.50,13.50,1006
2026-06-24T10:50:00Z,13.50,13.50,13.49,13.49,1423
2026-06-24T10:51:00Z,13.49,13.49,13.49,13.49,1249
2026-06-24T10:52:00Z,13.49,13.49,13.48,13.48,1770
2026-06-24T10:53:00Z,13.48,13.49,13.48,13.49,1180
2026-06-24T10:54:00Z,13.49,13.49,13.48,13.48,885
2026-06-24T10:55:00Z,13.48,13.49,13.48,13.49,2378
2026-06-24T10:56:00Z,13.49,13.49,13.49,13.49,2204
2026-06-24T10:57:00Z,13.49,13.50,13.49,13.50,1093
2026-06-24T10:58:00Z,13.50,13.50,13.50,13.50,1024
2026-06-24T10:59:00Z,13.50,13.50,13.50,13.50,1111
2026-06-24T11:00:00Z,13.50,13.50,13.48,13.48,2274
2026-06-24T11:01:00Z,13.48,13.48,13.47,13.47,1770
2026-06-24T11:02:00Z,13.47,13.48,13.47,13.48,1579
2026-06-24T11:03:00Z,13.48,13.48,13.47,13.47,2222
2026-06-24T11:04:00Z,13.47,13.48,13.47,13.48,1597
2026-06-24T11:05:00Z,13.48,13.48,13.47,13.47,1180
2026-06-24T11:06:00Z,13.47,13.47,13.47,13.47,1614
2026-06-24T11:07:00Z,13.47,13.47,13.47,13.47,2326
2026-06-24T11:08:00Z,13.47,13.47,13.47,13.47,1683
2026-06-24T11:09:00Z,13.47,13.47,13.47,13.47,1683
2026-06-24T11:10:00Z,13.47,13.47,13.44,13.44,1510
2026-06-24T11:11:00Z,13.44,13.45,13.44,13.45,1857
2026-06-24T11:12:00Z,13.45,13.45,13.44,13.44,1406
2026-06-24T11:13:00Z,13.44,13.46,13.44,13.46,2031
2026-06-24T11:14:00Z,13.46,13.46,13.45,13.45,1562
2026-06-24T11:15:00Z,13.45,13.45,13.45,13.45,2551
2026-06-24T11:16:00Z,13.45,13.46,13.45,13.46,1319
2026-06-24T11:17:00Z,13.46,13.46,13.46,13.46,2308
2026-06-24T11:18:00Z,13.46,13.46,13.45,13.45,1788
2026-06-24T11:19:00Z,13.45,13.45,13.45,13.45,2256
2026-06-24T11:20:00Z,13.45,13.45,13.45,13.45,1805
2026-06-24T11:21:00Z,13.45,13.45,13.44,13.44,1041
2026-06-24T11:22:00Z,13.44,13.44,13.42,13.42,1701
2026-06-24T11:23:00Z,13.42,13.42,13.42,13.42,2170
2026-06-24T11:24:00Z,13.42,13.42,13.41,13.41,1666
2026-06-24T11:25:00Z,13.41,13.41,13.41,13.41,1249
2026-06-24T11:26:00Z,13.41,13.41,13.41,13.41,1996
2026-06-24T11:27:00Z,13.41,13.42,13.41,13.42,1909
2026-06-24T11:28:00Z,13.42,13.42,13.42,13.42,1926
2026-06-24T11:29:00Z,13.42,13.43,13.42,13.43,2222
2026-06-24T11:30:00Z,13.43,13.43,13.43,13.43,920
2026-06-24T11:31:00Z,13.43,13.43,13.41,13.41,1024
2026-06-24T11:32:00Z,13.41,13.43,13.41,13.43,1840
2026-06-24T11:33:00Z,13.43,13.43,13.43,13.43,1215
2026-06-24T11:34:00Z,13.43,13.44,13.43,13.44,2343
2026-06-24T11:35:00Z,13.44,13.44,13.44,13.44,1579
2026-06-24T11:36:00Z,13.44,13.44,13.43,13.43,1284
2026-06-24T11:37:00Z,13.43,13.43,13.42,13.42,1406
2026-06-24T11:38:00Z,13.42,13.43,13.42,13.43,2256
2026-06-24T11:39:00Z,13.43,13.45,13.43,13.45,868
2026-06-24T11:40:00Z,13.45,13.45,13.45,13.45,1510
2026-06-24T11:41:00Z,13.45,13.46,13.45,13.46,1666
2026-06-24T11:42:00Z,13.46,13.47,13.46,13.47,2534
2026-06-24T11:43:00Z,13.47,13.49,13.47,13.49,1510
2026-06-24T11:44:00Z,13.49,13.49,13.48,13.48,1683
2026-06-24T11:45:00Z,13.48,13.48,13.47,13.47,1024
2026-06-24T11:46:00Z,13.47,13.47,13.47,13.47,1249
2026-06-24T11:47:00Z,13.47,13.47,13.47,13.47,1736
2026-06-24T11:48:00Z,13.47,13.49,13.47,13.49,1371
2026-06-24T11:49:00Z,13.49,13.49,13.48,13.48,2343
2026-06-24T11:50:00Z,13.48,13.48,13.48,13.48,2065
2026-06-24T11:51:00Z,13.48,13.49,13.48,13.49,954
2026-06-24T11:52:00Z,13.49,13.50,13.49,13.50,1909
2026-06-24T11:53:00Z,13.50,13.50,13.50,13.50,2204
2026-06-24T11:54:00Z,13.50,13.51,13.50,13.51,1458
2026-06-24T11:55:00Z,13.51,13.52,13.51,13.52,1926
2026-06-24T11:56:00Z,13.52,13.52,13.51,13.51,2065
2026-06-24T11:57:00Z,13.51,13.51,13.51,13.51,2083
2026-06-24T11:58:00Z,13.51,13.51,13.50,13.50,1805
2026-06-24T11:59:00Z,13.50,13.50,13.49,13.49,2256
2026-06-24T12:00:00Z,13.49,13.49,13.49,13.49,2100
2026-06-24T12:01:00Z,13.49,13.50,13.49,13.50,2239
2026-06-24T12:02:00Z,13.50,13.50,13.49,13.49,1180
2026-06-24T12:03:00Z,13.49,13.50,13.49,13.50,1874
2026-06-24T12:04:00Z,13.50,13.50,13.50,13.50,1597
2026-06-24T12:05:00Z,13.50,13.50,13.50,13.50,1041
2026-06-24T12:06:00Z,13.50,13.50,13.50,13.50,1197
2026-06-24T12:07:00Z,13.50,13.50,13.49,13.49,1354
2026-06-24T12:08:00Z,13.49,13.49,13.48,13.48,885
2026-06-24T12:09:00Z,13.48,13.48,13.48,13.48,1579
2026-06-24T12:10:00Z,13.48,13.49,13.48,13.49,1024
2026-06-24T12:11:00Z,13.49,13.49,13.49,13.49,2430
2026-06-24T12:12:00Z,13.49,13.49,13.49,13.49,1371
2026-06-24T12:13:00Z,13.49,13.49,13.49,13.49,2256
2026-06-24T12:14:00Z,13.49,13.49,13.46,13.46,2065
2026-06-24T12:15:00Z,13.46,13.46,13.46,13.46,1614
2026-06-24T12:16:00Z,13.46,13.46,13.46,13.46,2048
2026-06-24T12:17:00Z,13.46,13.46,13.45,13.45,1354
2026-06-24T12:18:00Z,13.45,13.45,13.45,13.45,2326
2026-06-24T12:19:00Z,13.45,13.45,13.44,13.44,1545
2026-06-24T12:20:00Z,13.44,13.45,13.44,13.45,1926
2026-06-24T12:21:00Z,13.45,13.46,13.45,13.46,1788
2026-06-24T12:22:00Z,13.46,13.46,13.45,13.45,1093
2026-06-24T12:23:00Z,13.45,13.47,13.45,13.47,1006
2026-06-24T12:24:00Z,13.47,13.47,13.47,13.47,2100
2026-06-24T12:25:00Z,13.47,13.47,13.45,13.45,1631
2026-06-24T12:26:00Z,13.45,13.46,13.45,13.46,1961
2026-06-24T12:27:00Z,13.46,13.46,13.46,13.46,954
2026-06-24T12:28:00Z,13.46,13.46,13.44,13.44,1006
2026-06-24T12:29:00Z,13.44,13.45,13.44,13.45,1058
2026-06-24T12:30:00Z,13.45,13.45,13.44,13.44,1753
2026-06-24T12:31:00Z,13.44,13.44,13.44,13.44,2100
2026-06-24T12:32:00Z,13.44,13.44,13.44,13.44,1996
2026-06-24T12:33:00Z,13.44,13.44,13.44,13.44,2569
2026-06-24T12:34:00Z,13.44,13.44,13.44,13.44,1197
2026-06-24T12:35:00Z,13.44,13.44,13.44,13.44,2135
2026-06-24T12:36:00Z,13.44,13.44,13.44,13.44,1093
2026-06-24T12:37:00Z,13.44,13.44,13.42,13.42,2100
2026-06-24T12:38:00Z,13.42,13.43,13.42,13.43,1163
2026-06-24T12:39:00Z,13.43,13.44,13.43,13.44,1631
2026-06-24T12:40:00Z,13.44,13.44,13.44,13.44,1354
2026-06-24T12:41:00Z,13.44,13.44,13.44,13.44,1406
2026-06-24T12:42:00Z,13.44,13.44,13.43,13.43,972
2026-06-24T12:43:00Z,13.43,13.44,13.43,13.44,2360
2026-06-24T12:44:00Z,13.44,13.45,13.44,13.45,1406
2026-06-24T12:45:00Z,13.45,13.46,13.45,13.46,1458
2026-06-24T12:46:00Z,13.46,13.46,13.46,13.46,1041
2026-06-24T12:47:00Z,13.46,13.47,13.46,13.47,1492
2026-06-24T12:48:00Z,13.47,13.47,13.46,13.46,1041
2026-06-24T12:49:00Z,13.46,13.47,13.46,13.47,1822
2026-06-24T12:50:00Z,13.47,13.49,13.47,13.49,2569
2026-06-24T12:51:00Z,13.49,13.49,13.48,13.48,902
2026-06-24T12:52:00Z,13.48,13.49,13.48,13.49,1874
2026-06-24T12:53:00Z,13.49,13.49,13.48,13.48,2239
2026-06-24T12:54:00Z,13.48,13.48,13.48,13.48,1562
2026-06-24T12:55:00Z,13.48,13.49,13.48,13.49,1579
2026-06-24T12:56:00Z,13.49,13.49,13.49,13.49,1579
2026-06-24T12:57:00Z,13.49,13.49,13.47,13.47,1197
2026-06-24T12:58:00Z,13.47,13.48,13.47,13.48,2222
2026-06-24T12:59:00Z,13.48,13.49,13.48,13.49,1840
2026-06-24T13:00:00Z,13.49,13.50,13.49,13.50,2326
2026-06-24T13:01:00Z,13.50,13.50,13.48,13.48,1145
2026-06-24T13:02:00Z,13.48,13.49,13.48,13.49,2204
2026-06-24T13:03:00Z,13.49,13.49,13.48,13.48,1892
2026-06-24T13:04:00Z,13.48,13.50,13.48,13.50,1111
2026-06-24T13:05:00Z,13.50,13.50,13.49,13.49,1319
2026-06-24T13:06:00Z,13.49,13.49,13.49,13.49,1215
2026-06-24T13:07:00Z,13.49,13.50,13.49,13.50,2551
2026-06-24T13:08:00Z,13.50,13.50,13.50,13.50,1926
2026-06-24T13:09:00Z,13.50,13.51,13.50,13.51,1892
2026-06-24T13:10:00Z,13.51,13.51,13.51,13.51,972
2026-06-24T13:11:00Z,13.51,13.51,13.51,13.51,937
2026-06-24T13:12:00Z,13.51,13.53,13.51,13.53,1631
2026-06-24T13:13:00Z,13.53,13.53,13.52,13.52,2204
2026-06-24T13:14:00Z,13.52,13.52,13.52,13.52,1840
2026-06-24T13:15:00Z,13.52,13.53,13.52,13.53,1614
2026-06-24T13:16:00Z,13.53,13.53,13.53,13.53,1510
2026-06-24T13:17:00Z,13.53,13.54,13.53,13.54,2447
2026-06-24T13:18:00Z,13.54,13.54,13.53,13.53,1857
2026-06-24T13:19:00Z,13.53,13.53,13.53,13.53,2343
2026-06-24T13:20:00Z,13.53,13.53,13.52,13.52,1840
2026-06-24T13:21:00Z,13.52,13.52,13.52,13.52,1319
2026-06-24T13:22:00Z,13.52,13.54,13.52,13.54,1111
2026-06-24T13:23:00Z,13.54,13.54,13.54,13.54,868
2026-06-24T13:24:00Z,13.54,13.54,13.54,13.54,2291
2026-06-24T13:25:00Z,13.54,13.54,13.53,13.53,1909
2026-06-24T13:26:00Z,13.53,13.53,13.53,13.53,1718
2026-06-24T13:27:00Z,13.53,13.53,13.52,13.52,2430
2026-06-24T13:28:00Z,13.52,13.52,13.51,13.51,1128
2026-06-24T13:29:00Z,13.51,13.52,13.51,13.52,1319
2026-06-24T13:30:00Z,13.52,13.52,13.52,13.52,2170
2026-06-24T13:31:00Z,13.52,13.52,13.52,13.52,1423
2026-06-24T13:32:00Z,13.52,13.52,13.52,13.52,1857
2026-06-24T13:33:00Z,13.52,13.53,13.52,13.53,1944
2026-06-24T13:34:00Z,13.53,13.54,13.53,13.54,1302
2026-06-24T13:35:00Z,13.54,13.54,13.52,13.52,1961
2026-06-24T13:36:00Z,13.52,13.52,13.52,13.52,1249
2026-06-24T13:37:00Z,13.52,13.53,13.52,13.53,2239
2026-06-24T13:38:00Z,13.53,13.53,13.53,13.53,1545
2026-06-24T13:39:00Z,13.53,13.54,13.53,13.54,2222
2026-06-24T13:40:00Z,13.54,13.54,13.53,13.53,2430
2026-06-24T13:41:00Z,13.53,13.53,13.52,13.52,989
2026-06-24T13:42:00Z,13.52,13.53,13.52,13.53,2569
2026-06-24T13:43:00Z,13.53,13.53,13.53,13.53,1388
2026-06-24T13:44:00Z,13.53,13.54,13.53,13.54,972
2026-06-24T13:45:00Z,13.54,13.55,13.54,13.55,1979
2026-06-24T13:46:00Z,13.55,13.56,13.55,13.56,1232
2026-06-24T13:47:00Z,13.56,13.57,13.56,13.57,1545
2026-06-24T13:48:00Z,13.57,13.57,13.57,13.57,2100
2026-06-24T13:49:00Z,13.57,13.58,13.57,13.58,1475
2026-06-24T13:50:00Z,13.58,13.58,13.58,13.58,1163
2026-06-24T13:51:00Z,13.58,13.59,13.58,13.59,1388
2026-06-24T13:52:00Z,13.59,13.61,13.59,13.61,920
2026-06-24T13:53:00Z,13.61,13.61,13.61,13.61,1510
2026-06-24T13:54:00Z,13.61,13.61,13.61,13.61,1371
2026-06-24T13:55:00Z,13.61,13.61,13.61,13.61,2013
2026-06-24T13:56:00Z,13.61,13.61,13.59,13.59,1770
2026-06-24T13:57:00Z,13.59,13.59,13.59,13.59,1145
2026-06-24T13:58:00Z,13.59,13.59,13.59,13.59,1961
2026-06-24T13:59:00Z,13.59,13.60,13.59,13.60,989
2026-06-24T14:00:00Z,13.60,13.60,13.60,13.60,2586
2026-06-24T14:01:00Z,13.60,13.60,13.60,13.60,1649
2026-06-24T14:02:00Z,13.60,13.60,13.60,13.60,1024
2026-06-24T14:03:00Z,13.60,13.60,13.60,13.60,2534
2026-06-24T14:04:00Z,13.60,13.60,13.60,13.60,2152
2026-06-24T14:05:00Z,13.60,13.60,13.60,13.60,1996
2026-06-24T14:06:00Z,13.60,13.60,13.59,13.59,1388
2026-06-24T14:07:00Z,13.59,13.60,13.59,13.60,1006
2026-06-24T14:08:00Z,13.60,13.61,13.60,13.61,1145
2026-06-24T14:09:00Z,13.61,13.63,13.61,13.63,1788
2026-06-24T14:10:00Z,13.63,13.63,13.62,13.62,2291
2026-06-24T14:11:00Z,13.62,13.62,13.61,13.61,2360
2026-06-24T14:12:00Z,13.61,13.61,13.61,13.61,2326
2026-06-24T14:13:00Z,13.61,13.61,13.61,13.61,1492
2026-06-24T14:14:00Z,13.61,13.61,13.60,13.60,1492
2026-06-24T14:15:00Z,13.60,13.60,13.60,13.60,1979
2026-06-24T14:16:00Z,13.60,13.60,13.60,13.60,1319
2026-06-24T14:17:00Z,13.60,13.60,13.59,13.59,1371
2026-06-24T14:18:00Z,13.59,13.59,13.58,13.58,1979
2026-06-24T14:19:00Z,13.58,13.60,13.58,13.60,1475
2026-06-24T14:20:00Z,13.60,13.60,13.59,13.59,2465
2026-06-24T14:21:00Z,13.59,13.59,13.59,13.59,2239
2026-06-24T14:22:00Z,13.59,13.59,13.58,13.58,1388
2026-06-24T14:23:00Z,13.58,13.58,13.56,13.56,2048
2026-06-24T14:24:00Z,13.56,13.56,13.56,13.56,1180
2026-06-24T14:25:00Z,13.56,13.56,13.55,13.55,1527
2026-06-24T14:26:00Z,13.55,13.55,13.55,13.55,1215
2026-06-24T14:27:00Z,13.55,13.55,13.55,13.55,2152
2026-06-24T14:28:00Z,13.55,13.55,13.54,13.54,2135
2026-06-24T14:29:00Z,13.54,13.56,13.54,13.56,1197
2026-06-24T14:30:00Z,13.56,13.56,13.56,13.56,1805
2026-06-24T14:31:00Z,13.56,13.56,13.54,13.54,1701
2026-06-24T14:32:00Z,13.54,13.54,13.53,13.53,1874
2026-06-24T14:33:00Z,13.53,13.54,13.53,13.54,1215
2026-06-24T14:34:00Z,13.54,13.54,13.53,13.53,1267
2026-06-24T14:35:00Z,13.53,13.53,13.53,13.53,1926
2026-06-24T14:36:00Z,13.53,13.53,13.52,13.52,1180
2026-06-24T14:37:00Z,13.52,13.52,13.51,13.51,2031
2026-06-24T14:38:00Z,13.51,13.51,13.50,13.50,1267
2026-06-24T14:39:00Z,13.50,13.52,13.50,13.52,954
2026-06-24T14:40:00Z,13.52,13.52,13.52,13.52,1562
2026-06-24T14:41:00Z,13.52,13.53,13.52,13.53,1267
2026-06-24T14:42:00Z,13.53,13.53,13.53,13.53,2326
2026-06-24T14:43:00Z,13.53,13.53,13.53,13.53,1406
2026-06-24T14:44:00Z,13.53,13.54,13.53,13.54,1718
2026-06-24T14:45:00Z,13.54,13.54,13.53,13.53,2465
2026-06-24T14:46:00Z,13.53,13.53,13.53,13.53,2586
2026-06-24T14:47:00Z,13.53,13.53,13.53,13.53,1336
2026-06-24T14:48:00Z,13.53,13.54,13.53,13.54,2517
2026-06-24T14:49:00Z,13.54,13.55,13.54,13.55,1666
2026-06-24T14:50:00Z,13.55,13.56,13.55,13.56,2013
2026-06-24T14:51:00Z,13.56,13.56,13.56,13.56,1961
2026-06-24T14:52:00Z,13.56,13.56,13.56,13.56,2569
2026-06-24T14:53:00Z,13.56,13.56,13.55,13.55,1736
2026-06-24T14:54:00Z,13.55,13.55,13.53,13.53,954
2026-06-24T14:55:00Z,13.53,13.53,13.53,13.53,2256
2026-06-24T14:56:00Z,13.53,13.53,13.51,13.51,1527
2026-06-24T14:57:00Z,13.51,13.51,13.50,13.50,2256
2026-06-24T14:58:00Z,13.50,13.50,13.50,13.50,1302
2026-06-24T14:59:00Z,13.50,13.52,13.50,13.52,1492
2026-06-24T15:00:00Z,13.52,13.52,13.51,13.51,2308
2026-06-24T15:01:00Z,13.51,13.52,13.51,13.52,1058
2026-06-24T15:02:00Z,13.52,13.52,13.51,13.51,1979
2026-06-24T15:03:00Z,13.51,13.53,13.51,13.53,1718
2026-06-24T15:04:00Z,13.53,13.53,13.53,13.53,1076
2026-06-24T15:05:00Z,13.53,13.53,13.52,13.52,1579
2026-06-24T15:06:00Z,13.52,13.53,13.52,13.53,2135
2026-06-24T15:07:00Z,13.53,13.53,13.52,13.52,1510
2026-06-24T15:08:00Z,13.52,13.52,13.51,13.51,2482
2026-06-24T15:09:00Z,13.51,13.52,13.51,13.52,2447
2026-06-24T15:10:00Z,13.52,13.53,13.52,13.53,2187
2026-06-24T15:11:00Z,13.53,13.54,13.53,13.54,1388
2026-06-24T15:12:00Z,13.54,13.55,13.54,13.55,885
2026-06-24T15:13:00Z,13.55,13.55,13.55,13.55,1197
2026-06-24T15:14:00Z,13.55,13.55,13.54,13.54,2308
2026-06-24T15:15:00Z,13.54,13.54,13.54,13.54,1163
2026-06-24T15:16:00Z,13.54,13.54,13.53,13.53,1944
2026-06-24T15:17:00Z,13.53,13.54,13.53,13.54,2604
2026-06-24T15:18:00Z,13.54,13.54,13.54,13.54,1197
2026-06-24T15:19:00Z,13.54,13.54,13.52,13.52,2256
2026-06-24T15:20:00Z,13.52,13.52,13.52,13.52,1302
2026-06-24T15:21:00Z,13.52,13.53,13.52,13.53,1406
2026-06-24T15:22:00Z,13.53,13.54,13.53,13.54,1440
2026-06-24T15:23:00Z,13.54,13.55,13.54,13.55,2117
2026-06-24T15:24:00Z,13.55,13.56,13.55,13.56,1440
2026-06-24T15:25:00Z,13.56,13.57,13.56,13.57,2499
2026-06-24T15:26:00Z,13.57,13.57,13.56,13.56,2204
2026-06-24T15:27:00Z,13.56,13.56,13.56,13.56,1597
2026-06-24T15:28:00Z,13.56,13.57,13.56,13.57,2031
2026-06-24T15:29:00Z,13.57,13.57,13.57,13.57,1909
2026-06-24T15:30:00Z,13.57,13.57,13.57,13.57,1336
2026-06-24T15:31:00Z,13.57,13.57,13.56,13.56,2378
2026-06-24T15:32:00Z,13.56,13.56,13.55,13.55,2291
2026-06-24T15:33:00Z,13.55,13.57,13.55,13.57,1093
2026-06-24T15:34:00Z,13.57,13.58,13.57,13.58,1336
2026-06-24T15:35:00Z,13.58,13.58,13.57,13.57,1597
2026-06-24T15:36:00Z,13.57,13.57,13.56,13.56,2274
2026-06-24T15:37:00Z,13.56,13.56,13.55,13.55,1371
2026-06-24T15:38:00Z,13.55,13.55,13.55,13.55,2586
2026-06-24T15:39:00Z,13.55,13.55,13.55,13.55,1371
2026-06-24T15:40:00Z,13.55,13.55,13.54,13.54,2048
2026-06-24T15:41:00Z,13.54,13.55,13.54,13.55,954
2026-06-24T15:42:00Z,13.55,13.55,13.54,13.54,1979
2026-06-24T15:43:00Z,13.54,13.54,13.52,13.52,1892
2026-06-24T15:44:00Z,13.52,13.54,13.52,13.54,2604
2026-06-24T15:45:00Z,13.54,13.55,13.54,13.55,1197
2026-06-24T15:46:00Z,13.55,13.55,13.55,13.55,2569
2026-06-24T15:47:00Z,13.55,13.56,13.55,13.56,1284
2026-06-24T15:48:00Z,13.56,13.56,13.55,13.55,1440
2026-06-24T15:49:00Z,13.55,13.55,13.54,13.54,2569
2026-06-24T15:50:00Z,13.54,13.54,13.54,13.54,2031
2026-06-24T15:51:00Z,13.54,13.54,13.54,13.54,1996
2026-06-24T15:52:00Z,13.54,13.55,13.54,13.55,2378
2026-06-24T15:53:00Z,13.55,13.55,13.55,13.55,1892
2026-06-24T15:54:00Z,13.55,13.55,13.55,13.55,2204
2026-06-24T15:55:00Z,13.55,13.55,13.55,13.55,1770
2026-06-24T15:56:00Z,13.55,13.57,13.55,13.57,1510
2026-06-24T15:57:00Z,13.57,13.57,13.57,13.57,1718
2026-06-24T15:58:00Z,13.57,13.58,13.57,13.58,2256
2026-06-24T15:59:00Z,13.58,13.59,13.58,13.59,1145
2026-06-24T16:00:00Z,13.59,13.59,13.57,13.57,1041
2026-06-24T16:01:00Z,13.57,13.57,13.56,13.56,1996
2026-06-24T16:02:00Z,13.56,13.57,13.56,13.57,2604
2026-06-24T16:03:00Z,13.57,13.57,13.55,13.55,1145
2026-06-24T16:04:00Z,13.55,13.56,13.55,13.56,2586
2026-06-24T16:05:00Z,13.56,13.56,13.55,13.55,1284
2026-06-24T16:06:00Z,13.55,13.56,13.55,13.56,2083
2026-06-24T16:07:00Z,13.56,13.56,13.56,13.56,2117
2026-06-24T16:08:00Z,13.56,13.57,13.56,13.57,1354
2026-06-24T16:09:00Z,13.57,13.57,13.57,13.57,2482
2026-06-24T16:10:00Z,13.57,13.58,13.57,13.58,1197
2026-06-24T16:11:00Z,13.58,13.59,13.58,13.59,1388
2026-06-24T16:12:00Z,13.59,13.59,13.59,13.59,1492
2026-06-24T16:13:00Z,13.59,13.59,13.59,13.59,1683
2026-06-24T16:14:00Z,13.59,13.60,13.59,13.60,885
2026-06-24T16:15:00Z,13.60,13.60,13.59,13.59,2083
2026-06-24T16:16:00Z,13.59,13.59,13.59,13.59,2135
2026-06-24T16:17:00Z,13.59,13.59,13.59,13.59,1666
2026-06-24T16:18:00Z,13.59,13.59,13.59,13.59,1406
2026-06-24T16:19:00Z,13.59,13.59,13.58,13.58,2465
2026-06-24T16:20:00Z,13.58,13.59,13.58,13.59,1249
2026-06-24T16:21:00Z,13.59,13.60,13.59,13.60,1249
2026-06-24T16:22:00Z,13.60,13.60,13.60,13.60,1215
2026-06-24T16:23:00Z,13.60,13.60,13.60,13.60,1145
2026-06-24T16:24:00Z,13.60,13.60,13.60,13.60,1614
2026-06-24T16:25:00Z,13.60,13.60,13.59,13.59,2239
2026-06-24T16:26:00Z,13.59,13.60,13.59,13.60,2517
2026-06-24T16:27:00Z,13.60,13.60,13.59,13.59,2551
2026-06-24T16:28:00Z,13.59,13.59,13.59,13.59,868
2026-06-24T16:29:00Z,13.59,13.59,13.59,13.59,1058
2026-06-24T16:30:00Z,13.59,13.59,13.57,13.57,2100
2026-06-24T16:31:00Z,13.57,13.58,13.57,13.58,1076
2026-06-24T16:32:00Z,13.58,13.58,13.56,13.56,2360
2026-06-24T16:33:00Z,13.56,13.57,13.56,13.57,1631
2026-06-24T16:34:00Z,13.57,13.57,13.56,13.56,2360
2026-06-24T16:35:00Z,13.56,13.56,13.56,13.56,1527
2026-06-24T16:36:00Z,13.56,13.56,13.55,13.55,1076
2026-06-24T16:37:00Z,13.55,13.56,13.55,13.56,1753
2026-06-24T16:38:00Z,13.56,13.56,13.56,13.56,1614
2026-06-24T16:39:00Z,13.56,13.57,13.56,13.57,1736
2026-06-24T16:40:00Z,13.57,13.57,13.57,13.57,2430
2026-06-24T16:41:00Z,13.57,13.57,13.57,13.57,1909
2026-06-24T16:42:00Z,13.57,13.57,13.56,13.56,1979
2026-06-24T16:43:00Z,13.56,13.56,13.55,13.55,1510
2026-06-24T16:44:00Z,13.55,13.55,13.54,13.54,2100
2026-06-24T16:45:00Z,13.54,13.55,13.54,13.55,2534
2026-06-24T16:46:00Z,13.55,13.56,13.55,13.56,920
2026-06-24T16:47:00Z,13.56,13.57,13.56,13.57,1076
2026-06-24T16:48:00Z,13.57,13.57,13.57,13.57,1284
2026-06-24T16:49:00Z,13.57,13.57,13.56,13.56,954
2026-06-24T16:50:00Z,13.56,13.56,13.56,13.56,1701
2026-06-24T16:51:00Z,13.56,13.57,13.56,13.57,2187
2026-06-24T16:52:00Z,13.57,13.57,13.56,13.56,1805
2026-06-24T16:53:00Z,13.56,13.56,13.56,13.56,2326
2026-06-24T16:54:00Z,13.56,13.56,13.55,13.55,1753
2026-06-24T16:55:00Z,13.55,13.56,13.55,13.56,1371
2026-06-24T16:56:00Z,13.56,13.56,13.56,13.56,989
2026-06-24T16:57:00Z,13.56,13.56,13.56,13.56,2187
2026-06-24T16:58:00Z,13.56,13.56,13.56,13.56,1631
2026-06-24T16:59:00Z,13.56,13.58,13.56,13.58,2360
2026-06-24T17:00:00Z,13.58,13.58,13.58,13.58,1631
2026-06-24T17:01:00Z,13.58,13.58,13.57,13.57,2551
2026-06-24T17:02:00Z,13.57,13.57,13.57,13.57,2256
2026-06-24T17:03:00Z,13.57,13.57,13.56,13.56,920
2026-06-24T17:04:00Z,13.56,13.57,13.56,13.57,1753
2026-06-24T17:05:00Z,13.57,13.57,13.56,13.56,1805
2026-06-24T17:06:00Z,13.56,13.59,13.56,13.59,1336
2026-06-24T17:07:00Z,13.59,13.59,13.59,13.59,989
2026-06-24T17:08:00Z,13.59,13.61,13.59,13.61,1006
2026-06-24T17:09:00Z,13.61,13.62,13.61,13.62,1979
2026-06-24T17:10:00Z,13.62,13.62,13.62,13.62,1111
2026-06-24T17:11:00Z,13.62,13.62,13.62,13.62,1388
2026-06-24T17:12:00Z,13.62,13.62,13.62,13.62,1492
2026-06-24T17:13:00Z,13.62,13.62,13.61,13.61,2413
2026-06-24T17:14:00Z,13.61,13.61,13.61,13.61,1649
2026-06-24T17:15:00Z,13.61,13.62,13.61,13.62,1944
2026-06-24T17:16:00Z,13.62,13.62,13.61,13.61,2534
2026-06-24T17:17:00Z,13.61,13.61,13.61,13.61,2048
2026-06-24T17:18:00Z,13.61,13.61,13.61,13.61,2395
2026-06-24T17:19:00Z,13.61,13.62,13.61,13.62,2413
2026-06-24T17:20:00Z,13.62,13.63,13.62,13.63,1492
2026-06-24T17:21:00Z,13.63,13.63,13.63,13.63,1492
2026-06-24T17:22:00Z,13.63,13.63,13.63,13.63,1406
2026-06-24T17:23:00Z,13.63,13.63,13.63,13.63,1249
2026-06-24T17:24:00Z,13.63,13.63,13.63,13.63,1944
2026-06-24T17:25:00Z,13.63,13.64,13.63,13.64,2395
2026-06-24T17:26:00Z,13.64,13.64,13.62,13.62,2013
2026-06-24T17:27:00Z,13.62,13.62,13.62,13.62,1302
2026-06-24T17:28:00Z,13.62,13.62,13.62,13.62,2586
2026-06-24T17:29:00Z,13.62,13.63,13.62,13.63,1996
2026-06-24T17:30:00Z,13.63,13.63,13.62,13.62,1388
2026-06-24T17:31:00Z,13.62,13.62,13.62,13.62,1024
2026-06-24T17:32:00Z,13.62,13.62,13.62,13.62,1718
2026-06-24T17:33:00Z,13.62,13.63,13.62,13.63,1319
2026-06-24T17:34:00Z,13.63,13.65,13.63,13.65,2343
2026-06-24T17:35:00Z,13.65,13.65,13.65,13.65,1302
2026-06-24T17:36:00Z,13.65,13.65,13.65,13.65,2274
2026-06-24T17:37:00Z,13.65,13.65,13.63,13.63,1319
2026-06-24T17:38:00Z,13.63,13.63,13.63,13.63,1874
2026-06-24T17:39:00Z,13.63,13.63,13.61,13.61,1788
2026-06-24T17:40:00Z,13.61,13.62,13.61,13.62,1683
2026-06-24T17:41:00Z,13.62,13.63,13.62,13.63,1354
2026-06-24T17:42:00Z,13.63,13.65,13.63,13.65,2343
2026-06-24T17:43:00Z,13.65,13.65,13.65,13.65,2447
2026-06-24T17:44:00Z,13.65,13.65,13.64,13.64,1232
2026-06-24T17:45:00Z,13.64,13.64,13.64,13.64,2013
2026-06-24T17:46:00Z,13.64,13.64,13.63,13.63,2274
2026-06-24T17:47:00Z,13.63,13.63,13.63,13.63,1440
2026-06-24T17:48:00Z,13.63,13.63,13.63,13.63,1961
2026-06-24T17:49:00Z,13.63,13.63,13.63,13.63,1041
2026-06-24T17:50:00Z,13.63,13.64,13.63,13.64,2517
2026-06-24T17:51:00Z,13.64,13.64,13.63,13.63,1215
2026-06-24T17:52:00Z,13.63,13.63,13.63,13.63,2308
2026-06-24T17:53:00Z,13.63,13.63,13.63,13.63,972
2026-06-24T17:54:00Z,13.63,13.63,13.61,13.61,2013
2026-06-24T17:55:00Z,13.61,13.63,13.61,13.63,1163
2026-06-24T17:56:00Z,13.63,13.63,13.61,13.61,2465
2026-06-24T17:57:00Z,13.61,13.61,13.61,13.61,902
2026-06-24T17:58:00Z,13.61,13.61,13.61,13.61,1649
2026-06-24T17:59:00Z,13.61,13.62,13.61,13.62,1926
2026-06-24T18:00:00Z,13.62,13.62,13.62,13.62,2187
2026-06-24T18:01:00Z,13.62,13.62,13.60,13.60,2326
2026-06-24T18:02:00Z,13.60,13.60,13.60,13.60,1545
2026-06-24T18:03:00Z,13.60,13.60,13.59,13.59,1111
2026-06-24T18:04:00Z,13.59,13.60,13.59,13.60,1041
2026-06-24T18:05:00Z,13.60,13.60,13.60,13.60,1284
2026-06-24T18:06:00Z,13.60,13.62,13.60,13.62,1545
2026-06-24T18:07:00Z,13.62,13.62,13.60,13.60,1909
2026-06-24T18:08:00Z,13.60,13.60,13.60,13.60,1926
2026-06-24T18:09:00Z,13.60,13.61,13.60,13.61,1076
2026-06-24T18:10:00Z,13.61,13.61,13.61,13.61,1232
2026-06-24T18:11:00Z,13.61,13.61,13.60,13.60,2326
2026-06-24T18:12:00Z,13.60,13.60,13.60,13.60,1093
2026-06-24T18:13:00Z,13.60,13.60,13.60,13.60,2343
2026-06-24T18:14:00Z,13.60,13.61,13.60,13.61,1128
2026-06-24T18:15:00Z,13.61,13.61,13.60,13.60,1545
2026-06-24T18:16:00Z,13.60,13.60,13.59,13.59,1788
2026-06-24T18:17:00Z,13.59,13.59,13.58,13.58,2378
2026-06-24T18:18:00Z,13.58,13.59,13.58,13.59,2360
2026-06-24T18:19:00Z,13.59,13.59,13.59,13.59,1423
2026-06-24T18:20:00Z,13.59,13.60,13.59,13.60,2586
2026-06-24T18:21:00Z,13.60,13.60,13.60,13.60,2343
2026-06-24T18:22:00Z,13.60,13.60,13.59,13.59,1579
2026-06-24T18:23:00Z,13.59,13.59,13.58,13.58,1788
2026-06-24T18:24:00Z,13.58,13.58,13.58,13.58,2170
2026-06-24T18:25:00Z,13.58,13.58,13.57,13.57,2378
2026-06-24T18:26:00Z,13.57,13.57,13.57,13.57,1857
2026-06-24T18:27:00Z,13.57,13.57,13.56,13.56,1024
2026-06-24T18:28:00Z,13.56,13.56,13.56,13.56,868
2026-06-24T18:29:00Z,13.56,13.56,13.55,13.55,1753
2026-06-24T18:30:00Z,13.55,13.55,13.55,13.55,2517
2026-06-24T18:31:00Z,13.55,13.57,13.55,13.57,2499
2026-06-24T18:32:00Z,13.57,13.57,13.56,13.56,2135
2026-06-24T18:33:00Z,13.56,13.57,13.56,13.57,1180
2026-06-24T18:34:00Z,13.57,13.57,13.57,13.57,1336
2026-06-24T18:35:00Z,13.57,13.58,13.57,13.58,1614
2026-06-24T18:36:00Z,13.58,13.58,13.57,13.57,2395
2026-06-24T18:37:00Z,13.57,13.57,13.57,13.57,2430
2026-06-24T18:38:00Z,13.57,13.57,13.56,13.56,1892
2026-06-24T18:39:00Z,13.56,13.56,13.56,13.56,2551
2026-06-24T18:40:00Z,13.56,13.56,13.56,13.56,1545
2026-06-24T18:41:00Z,13.56,13.56,13.56,13.56,2517
2026-06-24T18:42:00Z,13.56,13.56,13.55,13.55,1302
2026-06-24T18:43:00Z,13.55,13.55,13.55,13.55,1788
2026-06-24T18:44:00Z,13.55,13.55,13.54,13.54,2308
2026-06-24T18:45:00Z,13.54,13.55,13.54,13.55,2586
2026-06-24T18:46:00Z,13.55,13.55,13.54,13.54,1770
2026-06-24T18:47:00Z,13.54,13.54,13.54,13.54,1909
2026-06-24T18:48:00Z,13.54,13.55,13.54,13.55,1319
2026-06-24T18:49:00Z,13.55,13.56,13.55,13.56,1284
2026-06-24T18:50:00Z,13.56,13.56,13.56,13.56,885
2026-06-24T18:51:00Z,13.56,13.57,13.56,13.57,1284
2026-06-24T18:52:00Z,13.57,13.57,13.57,13.57,2256
2026-06-24T18:53:00Z,13.57,13.58,13.57,13.58,1440
2026-06-24T18:54:00Z,13.58,13.58,13.58,13.58,1111
2026-06-24T18:55:00Z,13.58,13.58,13.58,13.58,1701
2026-06-24T18:56:00Z,13.58,13.58,13.58,13.58,1909
2026-06-24T18:57:00Z,13.58,13.59,13.58,13.59,1510
2026-06-24T18:58:00Z,13.59,13.59,13.58,13.58,2274
2026-06-24T18:59:00Z,13.58,13.58,13.57,13.57,972
2026-06-24T19:00:00Z,13.57,13.58,13.57,13.58,1458
2026-06-24T19:01:00Z,13.58,13.59,13.58,13.59,2569
2026-06-24T19:02:00Z,13.59,13.59,13.59,13.59,2048
2026-06-24T19:03:00Z,13.59,13.59,13.59,13.59,972
2026-06-24T19:04:00Z,13.59,13.59,13.59,13.59,2065
2026-06-24T19:05:00Z,13.59,13.60,13.59,13.60,2360
2026-06-24T19:06:00Z,13.60,13.60,13.60,13.60,1128
2026-06-24T19:07:00Z,13.60,13.60,13.59,13.59,2135
2026-06-24T19:08:00Z,13.59,13.59,13.59,13.59,920
2026-06-24T19:09:00Z,13.59,13.60,13.59,13.60,1840
2026-06-24T19:10:00Z,13.60,13.60,13.60,13.60,2117
2026-06-24T19:11:00Z,13.60,13.60,13.60,13.60,1388
2026-06-24T19:12:00Z,13.60,13.60,13.60,13.60,989
2026-06-24T19:13:00Z,13.60,13.60,13.60,13.60,2274
2026-06-24T19:14:00Z,13.60,13.60,13.60,13.60,2378
2026-06-24T19:15:00Z,13.60,13.60,13.60,13.60,1249
2026-06-24T19:16:00Z,13.60,13.60,13.60,13.60,2291
2026-06-24T19:17:00Z,13.60,13.60,13.60,13.60,1388
2026-06-24T19:18:00Z,13.60,13.60,13.60,13.60,1492
2026-06-24T19:19:00Z,13.60,13.60,13.60,13.60,2100
2026-06-24T19:20:00Z,13.60,13.61,13.60,13.61,2013
2026-06-24T19:21:00Z,13.61,13.61,13.60,13.60,1822
2026-06-24T19:22:00Z,13.60,13.60,13.59,13.59,2569
2026-06-24T19:23:00Z,13.59,13.59,13.59,13.59,2586
2026-06-24T19:24:00Z,13.59,13.60,13.59,13.60,2395
2026-06-24T19:25:00Z,13.60,13.62,13.60,13.62,2569
2026-06-24T19:26:00Z,13.62,13.62,13.61,13.61,2083
2026-06-24T19:27:00Z,13.61,13.61,13.61,13.61,2065
2026-06-24T19:28:00Z,13.61,13.61,13.60,13.60,2569
2026-06-24T19:29:00Z,13.60,13.61,13.60,13.61,2430
2026-06-24T19:30:00Z,13.61,13.62,13.61,13.62,1979
2026-06-24T19:31:00Z,13.62,13.63,13.62,13.63,2100
2026-06-24T19:32:00Z,13.63,13.64,13.63,13.64,1614
2026-06-24T19:33:00Z,13.64,13.64,13.63,13.63,1249
2026-06-24T19:34:00Z,13.63,13.64,13.63,13.64,2170
2026-06-24T19:35:00Z,13.64,13.64,13.63,13.63,1058
2026-06-24T19:36:00Z,13.63,13.63,13.62,13.62,1510
2026-06-24T19:37:00Z,13.62,13.62,13.62,13.62,1302
2026-06-24T19:38:00Z,13.62,13.63,13.62,13.63,2517
2026-06-24T19:39:00Z,13.63,13.63,13.63,13.63,1944
2026-06-24T19:40:00Z,13.63,13.63,13.62,13.62,1076
2026-06-24T19:41:00Z,13.62,13.62,13.62,13.62,1857
2026-06-24T19:42:00Z,13.62,13.62,13.62,13.62,2308
2026-06-24T19:43:00Z,13.62,13.62,13.62,13.62,1406
2026-06-24T19:44:00Z,13.62,13.62,13.61,13.61,2170
2026-06-24T19:45:00Z,13.61,13.61,13.60,13.60,902
2026-06-24T19:46:00Z,13.60,13.60,13.59,13.59,1388
2026-06-24T19:47:00Z,13.59,13.60,13.59,13.60,1718
2026-06-24T19:48:00Z,13.60,13.60,13.58,13.58,2569
2026-06-24T19:49:00Z,13.58,13.60,13.58,13.60,1145
2026-06-24T19:50:00Z,13.60,13.62,13.60,13.62,1354
2026-06-24T19:51:00Z,13.62,13.62,13.60,13.60,1909
2026-06-24T19:52:00Z,13.60,13.61,13.60,13.61,1527
2026-06-24T19:53:00Z,13.61,13.61,13.61,13.61,2152
2026-06-24T19:54:00Z,13.61,13.62,13.61,13.62,2291
2026-06-24T19:55:00Z,13.62,13.62,13.62,13.62,1874
2026-06-24T19:56:00Z,13.62,13.63,13.62,13.63,1683
2026-06-24T19:57:00Z,13.63,13.63,13.63,13.63,2170
2026-06-24T19:58:00Z,13.63,13.63,13.63,13.63,1302
2026-06-24T19:59:00Z,13.63,13.63,13.63,13.63,1718
2026-06-24T20:00:00Z,13.63,13.63,13.62,13.62,2100
2026-06-24T20:01:00Z,13.62,13.63,13.62,13.63,1510
2026-06-24T20:02:00Z,13.63,13.63,13.63,13.63,1805
2026-06-24T20:03:00Z,13.63,13.63,13.62,13.62,2274
2026-06-24T20:04:00Z,13.62,13.62,13.62,13.62,1093
2026-06-24T20:05:00Z,13.62,13.63,13.62,13.63,1753
2026-06-24T20:06:00Z,13.63,13.65,13.63,13.65,1406
2026-06-24T20:07:00Z,13.65,13.67,13.65,13.67,885
2026-06-24T20:08:00Z,13.67,13.68,13.67,13.68,885
2026-06-24T20:09:00Z,13.68,13.70,13.68,13.70,1354
2026-06-24T20:10:00Z,13.70,13.70,13.70,13.70,1006
2026-06-24T20:11:00Z,13.70,13.70,13.68,13.68,1232
2026-06-24T20:12:00Z,13.68,13.68,13.68,13.68,2239
2026-06-24T20:13:00Z,13.68,13.68,13.68,13.68,2482
2026-06-24T20:14:00Z,13.68,13.68,13.68,13.68,1562
2026-06-24T20:15:00Z,13.68,13.68,13.68,13.68,2551
2026-06-24T20:16:00Z,13.68,13.68,13.67,13.67,2604
2026-06-24T20:17:00Z,13.67,13.67,13.66,13.66,2239
2026-06-24T20:18:00Z,13.66,13.66,13.66,13.66,1805
2026-06-24T20:19:00Z,13.66,13.66,13.66,13.66,2395
2026-06-24T20:20:00Z,13.66,13.66,13.66,13.66,1753
2026-06-24T20:21:00Z,13.66,13.67,13.66,13.67,1458
2026-06-24T20:22:00Z,13.67,13.67,13.66,13.66,2586
2026-06-24T20:23:00Z,13.66,13.66,13.65,13.65,1111
2026-06-24T20:24:00Z,13.65,13.66,13.65,13.66,1354
2026-06-24T20:25:00Z,13.66,13.66,13.66,13.66,1996
2026-06-24T20:26:00Z,13.66,13.66,13.66,13.66,1545
2026-06-24T20:27:00Z,13.66,13.66,13.66,13.66,1666
2026-06-24T20:28:00Z,13.66,13.66,13.66,13.66,2413
2026-06-24T20:29:00Z,13.66,13.67,13.66,13.67,1180
2026-06-24T20:30:00Z,13.67,13.67,13.66,13.66,2447
2026-06-24T20:31:00Z,13.66,13.66,13.66,13.66,2048
2026-06-24T20:32:00Z,13.66,13.67,13.66,13.67,1041
2026-06-24T20:33:00Z,13.67,13.67,13.67,13.67,1128
2026-06-24T20:34:00Z,13.67,13.68,13.67,13.68,2430
2026-06-24T20:35:00Z,13.68,13.68,13.68,13.68,2569
2026-06-24T20:36:00Z,13.68,13.70,13.68,13.70,2222
2026-06-24T20:37:00Z,13.70,13.70,13.69,13.69,2048
2026-06-24T20:38:00Z,13.69,13.69,13.69,13.69,1197
2026-06-24T20:39:00Z,13.69,13.71,13.69,13.71,2187
2026-06-24T20:40:00Z,13.71,13.71,13.70,13.70,1354
2026-06-24T20:41:00Z,13.70,13.71,13.70,13.71,2274
2026-06-24T20:42:00Z,13.71,13.71,13.71,13.71,1041
2026-06-24T20:43:00Z,13.71,13.72,13.71,13.72,2222
2026-06-24T20:44:00Z,13.72,13.72,13.72,13.72,1440
2026-06-24T20:45:00Z,13.72,13.72,13.70,13.70,2152
2026-06-24T20:46:00Z,13.70,13.70,13.70,13.70,2239
2026-06-24T20:47:00Z,13.70,13.70,13.70,13.70,1336
2026-06-24T20:48:00Z,13.70,13.70,13.69,13.69,2291
2026-06-24T20:49:00Z,13.69,13.70,13.69,13.70,920
2026-06-24T20:50:00Z,13.70,13.71,13.70,13.71,1840
2026-06-24T20:51:00Z,13.71,13.71,13.71,13.71,1197
2026-06-24T20:52:00Z,13.71,13.72,13.71,13.72,1423
2026-06-24T20:53:00Z,13.72,13.72,13.71,13.71,1770
2026-06-24T20:54:00Z,13.71,13.71,13.71,13.71,2413
2026-06-24T20:55:00Z,13.71,13.71,13.71,13.71,1423
2026-06-24T20:56:00Z,13.71,13.71,13.71,13.71,2326
2026-06-24T20:57:00Z,13.71,13.71,13.71,13.71,1614
2026-06-24T20:58:00Z,13.71,13.71,13.71,13.71,2048
2026-06-24T20:59:00Z,13.71,13.71,13.70,13.70,2204
2026-06-24T21:00:00Z,13.70,13.70,13.70,13.70,2170
2026-06-24T21:01:00Z,13.70,13.70,13.70,13.70,1753
2026-06-24T21:02:00Z,13.70,13.70,13.70,13.70,1423
2026-06-24T21:03:00Z,13.70,13.71,13.70,13.71,1163
2026-06-24T21:04:00Z,13.71,13.72,13.71,13.72,1458
2026-06-24T21:05:00Z,13.72,13.72,13.72,13.72,1423
2026-06-24T21:06:00Z,13.72,13.74,13.72,13.74,2569
2026-06-24T21:07:00Z,13.74,13.74,13.73,13.73,1597
2026-06-24T21:08:00Z,13.73,13.73,13.72,13.72,1753
2026-06-24T21:09:00Z,13.72,13.72,13.71,13.71,1284
2026-06-24T21:10:00Z,13.71,13.71,13.71,13.71,1163
2026-06-24T21:11:00Z,13.71,13.72,13.71,13.72,2170
2026-06-24T21:12:00Z,13.72,13.72,13.72,13.72,1892
2026-06-24T21:13:00Z,13.72,13.72,13.71,13.71,2083
2026-06-24T21:14:00Z,13.71,13.71,13.71,13.71,1527
2026-06-24T21:15:00Z,13.71,13.72,13.71,13.72,2187
2026-06-24T21:16:00Z,13.72,13.72,13.70,13.70,2534
2026-06-24T21:17:00Z,13.70,13.71,13.70,13.71,1909
2026-06-24T21:18:00Z,13.71,13.71,13.70,13.70,1163
2026-06-24T21:19:00Z,13.70,13.70,13.70,13.70,2291
2026-06-24T21:20:00Z,13.70,13.70,13.70,13.70,2013
2026-06-24T21:21:00Z,13.70,13.70,13.68,13.68,2204
2026-06-24T21:22:00Z,13.68,13.69,13.68,13.69,1058
2026-06-24T21:23:00Z,13.69,13.69,13.68,13.68,1163
2026-06-24T21:24:00Z,13.68,13.68,13.68,13.68,2222
2026-06-24T21:25:00Z,13.68,13.68,13.67,13.67,920
2026-06-24T21:26:00Z,13.67,13.67,13.67,13.67,1874
2026-06-24T21:27:00Z,13.67,13.67,13.66,13.66,868
2026-06-24T21:28:00Z,13.66,13.67,13.66,13.67,2083
2026-06-24T21:29:00Z,13.67,13.67,13.65,13.65,1996
2026-06-24T21:30:00Z,13.65,13.65,13.65,13.65,1736
2026-06-24T21:31:00Z,13.65,13.66,13.65,13.66,1024
2026-06-24T21:32:00Z,13.66,13.66,13.64,13.64,1961
2026-06-24T21:33:00Z,13.64,13.64,13.64,13.64,2586
2026-06-24T21:34:00Z,13.64,13.64,13.64,13.64,1076
2026-06-24T21:35:00Z,13.64,13.64,13.64,13.64,2187
2026-06-24T21:36:00Z,13.64,13.64,13.63,13.63,1388
2026-06-24T21:37:00Z,13.63,13.64,13.63,13.64,1249
2026-06-24T21:38:00Z,13.64,13.64,13.62,13.62,1128
2026-06-24T21:39:00Z,13.62,13.62,13.62,13.62,2083
2026-06-24T21:40:00Z,13.62,13.62,13.62,13.62,2187
2026-06-24T21:41:00Z,13.62,13.62,13.62,13.62,1267
2026-06-24T21:42:00Z,13.62,13.62,13.61,13.61,2239
2026-06-24T21:43:00Z,13.61,13.61,13.61,13.61,1545
2026-06-24T21:44:00Z,13.61,13.62,13.61,13.62,1805
2026-06-24T21:45:00Z,13.62,13.62,13.61,13.61,1805
2026-06-24T21:46:00Z,13.61,13.61,13.61,13.61,1597
2026-06-24T21:47:00Z,13.61,13.61,13.60,13.60,1440
2026-06-24T21:48:00Z,13.60,13.60,13.59,13.59,2100
2026-06-24T21:49:00Z,13.59,13.59,13.59,13.59,1197
2026-06-24T21:50:00Z,13.59,13.60,13.59,13.60,1058
2026-06-24T21:51:00Z,13.60,13.61,13.60,13.61,1163
2026-06-24T21:52:00Z,13.61,13.61,13.60,13.60,1197
2026-06-24T21:53:00Z,13.60,13.62,13.60,13.62,1579
2026-06-24T21:54:00Z,13.62,13.62,13.62,13.62,1197
2026-06-24T21:55:00Z,13.62,13.63,13.62,13.63,2204
2026-06-24T21:56:00Z,13.63,13.63,13.61,13.61,920
2026-06-24T21:57:00Z,13.61,13.62,13.61,13.62,1562
2026-06-24T21:58:00Z,13.62,13.62,13.62,13.62,1788
2026-06-24T21:59:00Z,13.62,13.62,13.62,13.62,2308
2026-06-24T22:00:00Z,13.62,13.62,13.61,13.61,1492
2026-06-24T22:01:00Z,13.61,13.61,13.59,13.59,972
2026-06-24T22:02:00Z,13.59,13.60,13.59,13.60,1909
2026-06-24T22:03:00Z,13.60,13.60,13.60,13.60,1510
2026-06-24T22:04:00Z,13.60,13.61,13.60,13.61,1805
2026-06-24T22:05:00Z,13.61,13.61,13.60,13.60,1058
2026-06-24T22:06:00Z,13.60,13.60,13.60,13.60,1475
2026-06-24T22:07:00Z,13.60,13.60,13.60,13.60,1284
2026-06-24T22:08:00Z,13.60,13.60,13.60,13.60,2482
2026-06-24T22:09:00Z,13.60,13.60,13.59,13.59,2204
2026-06-24T22:10:00Z,13.59,13.59,13.58,13.58,2170
2026-06-24T22:11:00Z,13.58,13.59,13.58,13.59,1857
2026-06-24T22:12:00Z,13.59,13.60,13.59,13.60,1041
2026-06-24T22:13:00Z,13.60,13.60,13.60,13.60,1371
2026-06-24T22:14:00Z,13.60,13.60,13.58,13.58,1232
2026-06-24T22:15:00Z,13.58,13.59,13.58,13.59,1770
2026-06-24T22:16:00Z,13.59,13.59,13.59,13.59,2170
2026-06-24T22:17:00Z,13.59,13.60,13.59,13.60,2239
2026-06-24T22:18:00Z,13.60,13.60,13.58,13.58,1979
2026-06-24T22:19:00Z,13.58,13.59,13.58,13.59,2170
2026-06-24T22:20:00Z,13.59,13.59,13.57,13.57,1180
2026-06-24T22:21:00Z,13.57,13.57,13.57,13.57,972
2026-06-24T22:22:00Z,13.57,13.57,13.57,13.57,1163
2026-06-24T22:23:00Z,13.57,13.57,13.57,13.57,2343
2026-06-24T22:24:00Z,13.57,13.58,13.57,13.58,1284
2026-06-24T22:25:00Z,13.58,13.58,13.57,13.57,1041
2026-06-24T22:26:00Z,13.57,13.57,13.57,13.57,1423
2026-06-24T22:27:00Z,13.57,13.57,13.56,13.56,2135
2026-06-24T22:28:00Z,13.56,13.57,13.56,13.57,2343
2026-06-24T22:29:00Z,13.57,13.57,13.56,13.56,2465
2026-06-24T22:30:00Z,13.56,13.56,13.55,13.55,1475
2026-06-24T22:31:00Z,13.55,13.55,13.55,13.55,2378
2026-06-24T22:32:00Z,13.55,13.55,13.54,13.54,1701
2026-06-24T22:33:00Z,13.54,13.55,13.54,13.55,1006
2026-06-24T22:34:00Z,13.55,13.55,13.54,13.54,1145
2026-06-24T22:35:00Z,13.54,13.54,13.54,13.54,1024
2026-06-24T22:36:00Z,13.54,13.54,13.52,13.52,1336
2026-06-24T22:37:00Z,13.52,13.52,13.52,13.52,1770
2026-06-24T22:38:00Z,13.52,13.52,13.52,13.52,868
2026-06-24T22:39:00Z,13.52,13.52,13.52,13.52,1736
2026-06-24T22:40:00Z,13.52,13.52,13.52,13.52,1058
2026-06-24T22:41:00Z,13.52,13.52,13.51,13.51,2482
2026-06-24T22:42:00Z,13.51,13.52,13.51,13.52,902
2026-06-24T22:43:00Z,13.52,13.52,13.51,13.51,1857
2026-06-24T22:44:00Z,13.51,13.51,13.50,13.50,1302
2026-06-24T22:45:00Z,13.50,13.50,13.49,13.49,1822
2026-06-24T22:46:00Z,13.49,13.49,13.49,13.49,2395
2026-06-24T22:47:00Z,13.49,13.49,13.49,13.49,1458
2026-06-24T22:48:00Z,13.49,13.50,13.49,13.50,1944
2026-06-24T22:49:00Z,13.50,13.50,13.50,13.50,1006
2026-06-24T22:50:00Z,13.50,13.50,13.50,13.50,1909
2026-06-24T22:51:00Z,13.50,13.50,13.49,13.49,2048
2026-06-24T22:52:00Z,13.49,13.49,13.49,13.49,2586
2026-06-24T22:53:00Z,13.49,13.49,13.49,13.49,1979
2026-06-24T22:54:00Z,13.49,13.49,13.48,13.48,1545
2026-06-24T22:55:00Z,13.48,13.48,13.48,13.48,1336
2026-06-24T22:56:00Z,13.48,13.48,13.47,13.47,1666
2026-06-24T22:57:00Z,13.47,13.47,13.46,13.46,1163
2026-06-24T22:58:00Z,13.46,13.46,13.46,13.46,868
2026-06-24T22:59:00Z,13.46,13.47,13.46,13.47,1788
2026-06-24T23:00:00Z,13.47,13.47,13.47,13.47,1840
2026-06-24T23:01:00Z,13.47,13.47,13.46,13.46,2308
2026-06-24T23:02:00Z,13.46,13.46,13.46,13.46,2031
2026-06-24T23:03:00Z,13.46,13.46,13.46,13.46,1076
2026-06-24T23:04:00Z,13.46,13.46,13.46,13.46,1458
2026-06-24T23:05:00Z,13.46,13.46,13.45,13.45,972
2026-06-24T23:06:00Z,13.45,13.45,13.45,13.45,2256
2026-06-24T23:07:00Z,13.45,13.45,13.44,13.44,2048
2026-06-24T23:08:00Z,13.44,13.44,13.43,13.43,2586
2026-06-24T23:09:00Z,13.43,13.44,13.43,13.44,1631
2026-06-24T23:10:00Z,13.44,13.44,13.43,13.43,2152
2026-06-24T23:11:00Z,13.43,13.43,13.43,13.43,1579
2026-06-24T23:12:00Z,13.43,13.45,13.43,13.45,885
2026-06-24T23:13:00Z,13.45,13.45,13.44,13.44,1388
2026-06-24T23:14:00Z,13.44,13.44,13.43,13.43,2117
2026-06-24T23:15:00Z,13.43,13.44,13.43,13.44,1128
2026-06-24T23:16:00Z,13.44,13.44,13.44,13.44,1041
2026-06-24T23:17:00Z,13.44,13.44,13.44,13.44,2256
2026-06-24T23:18:00Z,13.44,13.45,13.44,13.45,1770
2026-06-24T23:19:00Z,13.45,13.45,13.44,13.44,1406
2026-06-24T23:20:00Z,13.44,13.44,13.42,13.42,1006
2026-06-24T23:21:00Z,13.42,13.42,13.42,13.42,1666
2026-06-24T23:22:00Z,13.42,13.43,13.42,13.43,1267
2026-06-24T23:23:00Z,13.43,13.43,13.42,13.42,2413
2026-06-24T23:24:00Z,13.42,13.42,13.40,13.40,1805
2026-06-24T23:25:00Z,13.40,13.41,13.40,13.41,1076
2026-06-24T23:26:00Z,13.41,13.41,13.39,13.39,1041
2026-06-24T23:27:00Z,13.39,13.39,13.38,13.38,1614
2026-06-24T23:28:00Z,13.38,13.38,13.38,13.38,1215
2026-06-24T23:29:00Z,13.38,13.39,13.38,13.39,1874
2026-06-24T23:30:00Z,13.39,13.39,13.39,13.39,1423
2026-06-24T23:31:00Z,13.39,13.41,13.39,13.41,1475
2026-06-24T23:32:00Z,13.41,13.41,13.40,13.40,1979
2026-06-24T23:33:00Z,13.40,13.40,13.40,13.40,1180
2026-06-24T23:34:00Z,13.40,13.40,13.40,13.40,1249
2026-06-24T23:35:00Z,13.40,13.40,13.40,13.40,1267
2026-06-24T23:36:00Z,13.40,13.40,13.40,13.40,2430
2026-06-24T23:37:00Z,13.40,13.40,13.40,13.40,2360
2026-06-24T23:38:00Z,13.40,13.40,13.38,13.38,2499
2026-06-24T23:39:00Z,13.38,13.38,13.38,13.38,1197
2026-06-24T23:40:00Z,13.38,13.38,13.38,13.38,1822
2026-06-24T23:41:00Z,13.38,13.38,13.37,13.37,2291
2026-06-24T23:42:00Z,13.37,13.37,13.36,13.36,1006
2026-06-24T23:43:00Z,13.36,13.36,13.36,13.36,1909
2026-06-24T23:44:00Z,13.36,13.37,13.36,13.37,1579
2026-06-24T23:45:00Z,13.37,13.37,13.36,13.36,2187
2026-06-24T23:46:00Z,13.36,13.36,13.35,13.35,2100
2026-06-24T23:47:00Z,13.35,13.36,13.35,13.36,2256
2026-06-24T23:48:00Z,13.36,13.37,13.36,13.37,2274
2026-06-24T23:49:00Z,13.37,13.37,13.36,13.36,2378
2026-06-24T23:50:00Z,13.36,13.36,13.35,13.35,1458
2026-06-24T23:51:00Z,13.35,13.35,13.33,13.33,1354
2026-06-24T23:52:00Z,13.33,13.33,13.33,13.33,1822
2026-06-24T23:53:00Z,13.33,13.35,13.33,13.35,2256
2026-06-24T23:54:00Z,13.35,13.36,13.35,13.36,2569
2026-06-24T23:55:00Z,13.36,13.37,13.36,13.37,1128
2026-06-24T23:56:00Z,13.37,13.37,13.37,13.37,1926
2026-06-24T23:57:00Z,13.37,13.37,13.35,13.35,2031
2026-06-24T23:58:00Z,13.35,13.35,13.34,13.34,2413
2026-06-24T23:59:00Z,13.34,13.35,13.34,13.35,1354
2026-06-25T00:00:00Z,13.35,13.35,13.35,13.35,2395
2026-06-25T00:01:00Z,13.35,13.35,13.35,13.35,2586
2026-06-25T00:02:00Z,13.35,13.35,13.35,13.35,1996
2026-06-25T00:03:00Z,13.35,13.35,13.35,13.35,1527
2026-06-25T00:04:00Z,13.35,13.35,13.35,13.35,954
2026-06-25T00:05:00Z,13.35,13.36,13.35,13.36,1770
2026-06-25T00:06:00Z,13.36,13.38,13.36,13.38,1631
2026-06-25T00:07:00Z,13.38,13.39,13.38,13.39,1857
2026-06-25T00:08:00Z,13.39,13.39,13.39,13.39,2065
2026-06-25T00:09:00Z,13.39,13.41,13.39,13.41,1076
2026-06-25T00:10:00Z,13.41,13.41,13.41,13.41,1666
2026-06-25T00:11:00Z,13.41,13.41,13.40,13.40,937
2026-06-25T00:12:00Z,13.40,13.40,13.39,13.39,1805
2026-06-25T00:13:00Z,13.39,13.39,13.39,13.39,2343
2026-06-25T00:14:00Z,13.39,13.39,13.39,13.39,1249
2026-06-25T00:15:00Z,13.39,13.39,13.39,13.39,972
2026-06-25T00:16:00Z,13.39,13.39,13.39,13.39,2499
2026-06-25T00:17:00Z,13.39,13.39,13.38,13.38,1111
2026-06-25T00:18:00Z,13.38,13.38,13.38,13.38,2413
2026-06-25T00:19:00Z,13.38,13.39,13.38,13.39,1545
2026-06-25T00:20:00Z,13.39,13.39,13.38,13.38,937
2026-06-25T00:21:00Z,13.38,13.38,13.38,13.38,2534
2026-06-25T00:22:00Z,13.38,13.38,13.38,13.38,2239
2026-06-25T00:23:00Z,13.38,13.39,13.38,13.39,1041
2026-06-25T00:24:00Z,13.39,13.40,13.39,13.40,885
2026-06-25T00:25:00Z,13.40,13.40,13.40,13.40,1336
2026-06-25T00:26:00Z,13.40,13.40,13.39,13.39,1666
2026-06-25T00:27:00Z,13.39,13.40,13.39,13.40,1614
2026-06-25T00:28:00Z,13.40,13.40,13.40,13.40,868
2026-06-25T00:29:00Z,13.40,13.42,13.40,13.42,1058
2026-06-25T00:30:00Z,13.42,13.42,13.42,13.42,1371
2026-06-25T00:31:00Z,13.42,13.42,13.42,13.42,2170
2026-06-25T00:32:00Z,13.42,13.42,13.41,13.41,1197
2026-06-25T00:33:00Z,13.41,13.42,13.41,13.42,2326
2026-06-25T00:34:00Z,13.42,13.42,13.40,13.40,2378
2026-06-25T00:35:00Z,13.40,13.41,13.40,13.41,1926
2026-06-25T00:36:00Z,13.41,13.41,13.41,13.41,1874
2026-06-25T00:37:00Z,13.41,13.41,13.41,13.41,2065
2026-06-25T00:38:00Z,13.41,13.42,13.41,13.42,920
2026-06-25T00:39:00Z,13.42,13.43,13.42,13.43,1423
2026-06-25T00:40:00Z,13.43,13.43,13.43,13.43,1024
2026-06-25T00:41:00Z,13.43,13.43,13.43,13.43,2499
2026-06-25T00:42:00Z,13.43,13.43,13.42,13.42,1874
2026-06-25T00:43:00Z,13.42,13.42,13.41,13.41,1076
2026-06-25T00:44:00Z,13.41,13.42,13.41,13.42,1649
2026-06-25T00:45:00Z,13.42,13.42,13.41,13.41,1666
2026-06-25T00:46:00Z,13.41,13.43,13.41,13.43,2239
2026-06-25T00:47:00Z,13.43,13.43,13.42,13.42,2117
2026-06-25T00:48:00Z,13.42,13.42,13.41,13.41,1041
2026-06-25T00:49:00Z,13.41,13.42,13.41,13.42,2586
2026-06-25T00:50:00Z,13.42,13.43,13.42,13.43,902
2026-06-25T00:51:00Z,13.43,13.43,13.42,13.42,1041
2026-06-25T00:52:00Z,13.42,13.43,13.42,13.43,1423
2026-06-25T00:53:00Z,13.43,13.43,13.43,13.43,1840
2026-06-25T00:54:00Z,13.43,13.43,13.43,13.43,1874
2026-06-25T00:55:00Z,13.43,13.43,13.43,13.43,2013
2026-06-25T00:56:00Z,13.43,13.45,13.43,13.45,1718
2026-06-25T00:57:00Z,13.45,13.45,13.43,13.43,954
2026-06-25T00:58:00Z,13.43,13.44,13.43,13.44,1197
2026-06-25T00:59:00Z,13.44,13.45,13.44,13.45,1649
2026-06-25T01:00:00Z,13.45,13.45,13.45,13.45,1302
2026-06-25T01:01:00Z,13.45,13.45,13.45,13.45,2482
2026-06-25T01:02:00Z,13.45,13.45,13.44,13.44,868
2026-06-25T01:03:00Z,13.44,13.44,13.44,13.44,1093
2026-06-25T01:04:00Z,13.44,13.46,13.44,13.46,2499
2026-06-25T01:05:00Z,13.46,13.47,13.46,13.47,989
2026-06-25T01:06:00Z,13.47,13.47,13.46,13.46,2534
2026-06-25T01:07:00Z,13.46,13.47,13.46,13.47,2447
2026-06-25T01:08:00Z,13.47,13.48,13.47,13.48,1979
2026-06-25T01:09:00Z,13.48,13.48,13.47,13.47,1683
2026-06-25T01:10:00Z,13.47,13.47,13.45,13.45,1492
2026-06-25T01:11:00Z,13.45,13.45,13.45,13.45,1024
2026-06-25T01:12:00Z,13.45,13.46,13.45,13.46,902
2026-06-25T01:13:00Z,13.46,13.46,13.46,13.46,1024
2026-06-25T01:14:00Z,13.46,13.47,13.46,13.47,1961
2026-06-25T01:15:00Z,13.47,13.47,13.46,13.46,2256
2026-06-25T01:16:00Z,13.46,13.46,13.46,13.46,2413
2026-06-25T01:17:00Z,13.46,13.47,13.46,13.47,1979
2026-06-25T01:18:00Z,13.47,13.47,13.45,13.45,1302
2026-06-25T01:19:00Z,13.45,13.45,13.44,13.44,2413
2026-06-25T01:20:00Z,13.44,13.44,13.44,13.44,1371
2026-06-25T01:21:00Z,13.44,13.44,13.44,13.44,2152
2026-06-25T01:22:00Z,13.44,13.45,13.44,13.45,1024
2026-06-25T01:23:00Z,13.45,13.45,13.45,13.45,1718
2026-06-25T01:24:00Z,13.45,13.45,13.43,13.43,2187
2026-06-25T01:25:00Z,13.43,13.43,13.43,13.43,1649
2026-06-25T01:26:00Z,13.43,13.43,13.43,13.43,2239
2026-06-25T01:27:00Z,13.43,13.43,13.41,13.41,2308
2026-06-25T01:28:00Z,13.41,13.41,13.39,13.39,1770
2026-06-25T01:29:00Z,13.39,13.40,13.39,13.40,1926
2026-06-25T01:30:00Z,13.40,13.40,13.39,13.39,1874
2026-06-25T01:31:00Z,13.39,13.39,13.39,13.39,2291
2026-06-25T01:32:00Z,13.39,13.39,13.38,13.38,1406
2026-06-25T01:33:00Z,13.38,13.38,13.38,13.38,1458
2026-06-25T01:34:00Z,13.38,13.38,13.38,13.38,1093
2026-06-25T01:35:00Z,13.38,13.38,13.37,13.37,1388
2026-06-25T01:36:00Z,13.37,13.37,13.36,13.36,2378
2026-06-25T01:37:00Z,13.36,13.36,13.36,13.36,1683
2026-06-25T01:38:00Z,13.36,13.37,13.36,13.37,1406
2026-06-25T01:39:00Z,13.37,13.37,13.36,13.36,2222
2026-06-25T01:40:00Z,13.36,13.36,13.36,13.36,1111
2026-06-25T01:41:00Z,13.36,13.36,13.36,13.36,1683
2026-06-25T01:42:00Z,13.36,13.36,13.36,13.36,2274
2026-06-25T01:43:00Z,13.36,13.36,13.35,13.35,2256
2026-06-25T01:44:00Z,13.35,13.35,13.35,13.35,2413
2026-06-25T01:45:00Z,13.35,13.35,13.35,13.35,2239
2026-06-25T01:46:00Z,13.35,13.35,13.35,13.35,2256
2026-06-25T01:47:00Z,13.35,13.35,13.35,13.35,1093
2026-06-25T01:48:00Z,13.35,13.35,13.35,13.35,1874
2026-06-25T01:49:00Z,13.35,13.35,13.35,13.35,1284
2026-06-25T01:50:00Z,13.35,13.35,13.35,13.35,2534
2026-06-25T01:51:00Z,13.35,13.36,13.35,13.36,1492
2026-06-25T01:52:00Z,13.36,13.37,13.36,13.37,1527
2026-06-25T01:53:00Z,13.37,13.37,13.37,13.37,1180
2026-06-25T01:54:00Z,13.37,13.37,13.37,13.37,1093
2026-06-25T01:55:00Z,13.37,13.38,13.37,13.38,1631
2026-06-25T01:56:00Z,13.38,13.39,13.38,13.39,2395
2026-06-25T01:57:00Z,13.39,13.39,13.39,13.39,2031
2026-06-25T01:58:00Z,13.39,13.39,13.38,13.38,2499
2026-06-25T01:59:00Z,13.38,13.38,13.38,13.38,1545
2026-06-25T02:00:00Z,13.38,13.38,13.36,13.36,2586
2026-06-25T02:01:00Z,13.36,13.37,13.36,13.37,2187
2026-06-25T02:02:00Z,13.37,13.37,13.37,13.37,2291
2026-06-25T02:03:00Z,13.37,13.38,13.37,13.38,1996
2026-06-25T02:04:00Z,13.38,13.38,13.38,13.38,1874
2026-06-25T02:05:00Z,13.38,13.39,13.38,13.39,1215
2026-06-25T02:06:00Z,13.39,13.39,13.39,13.39,1232
2026-06-25T02:07:00Z,13.39,13.39,13.39,13.39,1180
2026-06-25T02:08:00Z,13.39,13.41,13.39,13.41,1874
2026-06-25T02:09:00Z,13.41,13.41,13.40,13.40,937
2026-06-25T02:10:00Z,13.40,13.40,13.40,13.40,920
2026-06-25T02:11:00Z,13.40,13.40,13.40,13.40,1336
2026-06-25T02:12:00Z,13.40,13.40,13.40,13.40,1736
2026-06-25T02:13:00Z,13.40,13.40,13.40,13.40,1284
2026-06-25T02:14:00Z,13.40,13.40,13.39,13.39,1788
2026-06-25T02:15:00Z,13.39,13.40,13.39,13.40,2604
2026-06-25T02:16:00Z,13.40,13.40,13.38,13.38,1909
2026-06-25T02:17:00Z,13.38,13.39,13.38,13.39,1093
2026-06-25T02:18:00Z,13.39,13.39,13.38,13.38,1024
2026-06-25T02:19:00Z,13.38,13.39,13.38,13.39,1614
2026-06-25T02:20:00Z,13.39,13.39,13.39,13.39,2031
2026-06-25T02:21:00Z,13.39,13.40,13.39,13.40,1996
2026-06-25T02:22:00Z,13.40,13.41,13.40,13.41,1180
2026-06-25T02:23:00Z,13.41,13.41,13.40,13.40,1545
2026-06-25T02:24:00Z,13.40,13.42,13.40,13.42,1302
2026-06-25T02:25:00Z,13.42,13.42,13.41,13.41,1111
2026-06-25T02:26:00Z,13.41,13.42,13.41,13.42,2517
2026-06-25T02:27:00Z,13.42,13.42,13.41,13.41,1440
2026-06-25T02:28:00Z,13.41,13.42,13.41,13.42,1510
2026-06-25T02:29:00Z,13.42,13.42,13.42,13.42,1649
2026-06-25T02:30:00Z,13.42,13.42,13.41,13.41,2360
2026-06-25T02:31:00Z,13.41,13.41,13.41,13.41,2551
2026-06-25T02:32:00Z,13.41,13.41,13.41,13.41,2274
2026-06-25T02:33:00Z,13.41,13.42,13.41,13.42,1527
2026-06-25T02:34:00Z,13.42,13.42,13.41,13.41,1076
2026-06-25T02:35:00Z,13.41,13.42,13.41,13.42,1649
2026-06-25T02:36:00Z,13.42,13.42,13.41,13.41,1788
2026-06-25T02:37:00Z,13.41,13.41,13.41,13.41,2395
2026-06-25T02:38:00Z,13.41,13.41,13.41,13.41,2360
2026-06-25T02:39:00Z,13.41,13.41,13.41,13.41,2065
2026-06-25T02:40:00Z,13.41,13.41,13.41,13.41,2326
2026-06-25T02:41:00Z,13.41,13.41,13.39,13.39,2170
2026-06-25T02:42:00Z,13.39,13.40,13.39,13.40,1111
2026-06-25T02:43:00Z,13.40,13.40,13.38,13.38,1545
2026-06-25T02:44:00Z,13.38,13.38,13.37,13.37,1770
2026-06-25T02:45:00Z,13.37,13.37,13.37,13.37,2499
2026-06-25T02:46:00Z,13.37,13.37,13.37,13.37,1319
2026-06-25T02:47:00Z,13.37,13.38,13.37,13.38,1423
2026-06-25T02:48:00Z,13.38,13.38,13.37,13.37,1302
2026-06-25T02:49:00Z,13.37,13.37,13.37,13.37,954
2026-06-25T02:50:00Z,13.37,13.37,13.36,13.36,2135
2026-06-25T02:51:00Z,13.36,13.37,13.36,13.37,2604
2026-06-25T02:52:00Z,13.37,13.37,13.37,13.37,868
2026-06-25T02:53:00Z,13.37,13.37,13.36,13.36,2308
2026-06-25T02:54:00Z,13.36,13.36,13.36,13.36,2308
2026-06-25T02:55:00Z,13.36,13.36,13.35,13.35,1614
2026-06-25T02:56:00Z,13.35,13.36,13.35,13.36,2551
2026-06-25T02:57:00Z,13.36,13.36,13.36,13.36,1163
2026-06-25T02:58:00Z,13.36,13.37,13.36,13.37,1649
2026-06-25T02:59:00Z,13.37,13.37,13.37,13.37,1232
2026-06-25T03:00:00Z,13.37,13.37,13.37,13.37,1545
2026-06-25T03:01:00Z,13.37,13.37,13.37,13.37,2551
2026-06-25T03:02:00Z,13.37,13.37,13.36,13.36,1093
2026-06-25T03:03:00Z,13.36,13.36,13.36,13.36,1666
2026-06-25T03:04:00Z,13.36,13.36,13.35,13.35,1631
2026-06-25T03:05:00Z,13.35,13.35,13.35,13.35,1649
2026-06-25T03:06:00Z,13.35,13.35,13.35,13.35,1319
2026-06-25T03:07:00Z,13.35,13.35,13.35,13.35,2465
2026-06-25T03:08:00Z,13.35,13.36,13.35,13.36,2534
2026-06-25T03:09:00Z,13.36,13.36,13.35,13.35,1336
2026-06-25T03:10:00Z,13.35,13.35,13.34,13.34,1840
2026-06-25T03:11:00Z,13.34,13.36,13.34,13.36,1423
2026-06-25T03:12:00Z,13.36,13.37,13.36,13.37,2517
2026-06-25T03:13:00Z,13.37,13.38,13.37,13.38,1423
2026-06-25T03:14:00Z,13.38,13.38,13.36,13.36,1788
2026-06-25T03:15:00Z,13.36,13.38,13.36,13.38,2204
2026-06-25T03:16:00Z,13.38,13.38,13.36,13.36,1770
2026-06-25T03:17:00Z,13.36,13.37,13.36,13.37,2465
2026-06-25T03:18:00Z,13.37,13.38,13.37,13.38,2360
2026-06-25T03:19:00Z,13.38,13.39,13.38,13.39,2499
2026-06-25T03:20:00Z,13.39,13.40,13.39,13.40,1111
2026-06-25T03:21:00Z,13.40,13.40,13.40,13.40,1909
2026-06-25T03:22:00Z,13.40,13.40,13.40,13.40,1944
2026-06-25T03:23:00Z,13.40,13.40,13.40,13.40,2308
2026-06-25T03:24:00Z,13.40,13.40,13.38,13.38,1423
2026-06-25T03:25:00Z,13.38,13.40,13.38,13.40,2152
2026-06-25T03:26:00Z,13.40,13.40,13.39,13.39,1597
2026-06-25T03:27:00Z,13.39,13.40,13.39,13.40,1180
2026-06-25T03:28:00Z,13.40,13.40,13.40,13.40,2274
2026-06-25T03:29:00Z,13.40,13.41,13.40,13.41,885
2026-06-25T03:30:00Z,13.41,13.41,13.40,13.40,2430
2026-06-25T03:31:00Z,13.40,13.40,13.40,13.40,989
2026-06-25T03:32:00Z,13.40,13.41,13.40,13.41,1701
2026-06-25T03:33:00Z,13.41,13.41,13.40,13.40,2360
2026-06-25T03:34:00Z,13.40,13.40,13.40,13.40,1076
2026-06-25T03:35:00Z,13.40,13.41,13.40,13.41,1388
2026-06-25T03:36:00Z,13.41,13.41,13.41,13.41,1614
2026-06-25T03:37:00Z,13.41,13.41,13.40,13.40,2465
2026-06-25T03:38:00Z,13.40,13.40,13.40,13.40,868
2026-06-25T03:39:00Z,13.40,13.41,13.40,13.41,2048
2026-06-25T03:40:00Z,13.41,13.41,13.41,13.41,868
2026-06-25T03:41:00Z,13.41,13.43,13.41,13.43,1475
2026-06-25T03:42:00Z,13.43,13.43,13.43,13.43,2447
2026-06-25T03:43:00Z,13.43,13.43,13.43,13.43,2378
2026-06-25T03:44:00Z,13.43,13.43,13.43,13.43,1302
2026-06-25T03:45:00Z,13.43,13.43,13.42,13.42,1024
2026-06-25T03:46:00Z,13.42,13.42,13.42,13.42,1649
2026-06-25T03:47:00Z,13.42,13.42,13.42,13.42,1197
2026-06-25T03:48:00Z,13.42,13.43,13.42,13.43,2187
2026-06-25T03:49:00Z,13.43,13.44,13.43,13.44,1996
2026-06-25T03:50:00Z,13.44,13.44,13.44,13.44,937
2026-06-25T03:51:00Z,13.44,13.45,13.44,13.45,1406
2026-06-25T03:52:00Z,13.45,13.45,13.45,13.45,2117
2026-06-25T03:53:00Z,13.45,13.45,13.44,13.44,1267
2026-06-25T03:54:00Z,13.44,13.46,13.44,13.46,2117
2026-06-25T03:55:00Z,13.46,13.46,13.46,13.46,1041
2026-06-25T03:56:00Z,13.46,13.47,13.46,13.47,1683
2026-06-25T03:57:00Z,13.47,13.47,13.46,13.46,2135
2026-06-25T03:58:00Z,13.46,13.46,13.46,13.46,2274
2026-06-25T03:59:00Z,13.46,13.47,13.46,13.47,1909
2026-06-25T04:00:00Z,13.47,13.47,13.46,13.46,1527
2026-06-25T04:01:00Z,13.46,13.47,13.46,13.47,2343
2026-06-25T04:02:00Z,13.47,13.47,13.46,13.46,972
2026-06-25T04:03:00Z,13.46,13.47,13.46,13.47,1128
2026-06-25T04:04:00Z,13.47,13.47,13.46,13.46,1336
2026-06-25T04:05:00Z,13.46,13.47,13.46,13.47,2569
2026-06-25T04:06:00Z,13.47,13.47,13.47,13.47,2430
2026-06-25T04:07:00Z,13.47,13.48,13.47,13.48,1805
2026-06-25T04:08:00Z,13.48,13.48,13.48,13.48,920
2026-06-25T04:09:00Z,13.48,13.48,13.48,13.48,1736
2026-06-25T04:10:00Z,13.48,13.50,13.48,13.50,2013
2026-06-25T04:11:00Z,13.50,13.50,13.49,13.49,1388
2026-06-25T04:12:00Z,13.49,13.49,13.49,13.49,2013
2026-06-25T04:13:00Z,13.49,13.49,13.49,13.49,2291
2026-06-25T04:14:00Z,13.49,13.50,13.49,13.50,1197
2026-06-25T04:15:00Z,13.50,13.50,13.48,13.48,1527
2026-06-25T04:16:00Z,13.48,13.48,13.48,13.48,1440
2026-06-25T04:17:00Z,13.48,13.48,13.48,13.48,1492
2026-06-25T04:18:00Z,13.48,13.49,13.48,13.49,1631
2026-06-25T04:19:00Z,13.49,13.50,13.49,13.50,2187
2026-06-25T04:20:00Z,13.50,13.50,13.50,13.50,2517
2026-06-25T04:21:00Z,13.50,13.50,13.50,13.50,2569
2026-06-25T04:22:00Z,13.50,13.50,13.48,13.48,1545
2026-06-25T04:23:00Z,13.48,13.49,13.48,13.49,2013
2026-06-25T04:24:00Z,13.49,13.49,13.48,13.48,2378
2026-06-25T04:25:00Z,13.48,13.49,13.48,13.49,1649
2026-06-25T04:26:00Z,13.49,13.49,13.48,13.48,1475
2026-06-25T04:27:00Z,13.48,13.48,13.47,13.47,1736
2026-06-25T04:28:00Z,13.47,13.47,13.47,13.47,2465
2026-06-25T04:29:00Z,13.47,13.47,13.47,13.47,2465
2026-06-25T04:30:00Z,13.47,13.47,13.47,13.47,1996
2026-06-25T04:31:00Z,13.47,13.47,13.47,13.47,1319
2026-06-25T04:32:00Z,13.47,13.48,13.47,13.48,1649
2026-06-25T04:33:00Z,13.48,13.48,13.48,13.48,954
2026-06-25T04:34:00Z,13.48,13.48,13.47,13.47,2517
2026-06-25T04:35:00Z,13.47,13.47,13.46,13.46,1145
2026-06-25T04:36:00Z,13.46,13.46,13.46,13.46,1440
2026-06-25T04:37:00Z,13.46,13.46,13.46,13.46,1909
2026-06-25T04:38:00Z,13.46,13.47,13.46,13.47,2308
2026-06-25T04:39:00Z,13.47,13.49,13.47,13.49,2065
2026-06-25T04:40:00Z,13.49,13.49,13.48,13.48,2569
2026-06-25T04:41:00Z,13.48,13.49,13.48,13.49,1284
2026-06-25T04:42:00Z,13.49,13.49,13.48,13.48,2291
2026-06-25T04:43:00Z,13.48,13.48,13.47,13.47,2031
2026-06-25T04:44:00Z,13.47,13.47,13.46,13.46,1822
2026-06-25T04:45:00Z,13.46,13.48,13.46,13.48,1128
2026-06-25T04:46:00Z,13.48,13.48,13.47,13.47,1631
2026-06-25T04:47:00Z,13.47,13.49,13.47,13.49,1058
2026-06-25T04:48:00Z,13.49,13.49,13.49,13.49,2274
2026-06-25T04:49:00Z,13.49,13.50,13.49,13.50,1475
2026-06-25T04:50:00Z,13.50,13.50,13.49,13.49,1961
2026-06-25T04:51:00Z,13.49,13.49,13.48,13.48,2187
2026-06-25T04:52:00Z,13.48,13.48,13.48,13.48,2465
2026-06-25T04:53:00Z,13.48,13.48,13.47,13.47,1111
2026-06-25T04:54:00Z,13.47,13.48,13.47,13.48,1302
2026-06-25T04:55:00Z,13.48,13.48,13.48,13.48,2378
2026-06-25T04:56:00Z,13.48,13.49,13.48,13.49,1354
2026-06-25T04:57:00Z,13.49,13.49,13.49,13.49,1701
2026-06-25T04:58:00Z,13.49,13.50,13.49,13.50,1718
2026-06-25T04:59:00Z,13.50,13.51,13.50,13.51,2360
2026-06-25T05:00:00Z,13.51,13.51,13.51,13.51,885
2026-06-25T05:01:00Z,13.51,13.52,13.51,13.52,2170
2026-06-25T05:02:00Z,13.52,13.52,13.52,13.52,1579
2026-06-25T05:03:00Z,13.52,13.52,13.51,13.51,2239
2026-06-25T05:04:00Z,13.51,13.51,13.51,13.51,2239
2026-06-25T05:05:00Z,13.51,13.51,13.51,13.51,1614
2026-06-25T05:06:00Z,13.51,13.53,13.51,13.53,1961
2026-06-25T05:07:00Z,13.53,13.53,13.52,13.52,1284
2026-06-25T05:08:00Z,13.52,13.53,13.52,13.53,1267
2026-06-25T05:09:00Z,13.53,13.53,13.53,13.53,2482
2026-06-25T05:10:00Z,13.53,13.53,13.52,13.52,1249
2026-06-25T05:11:00Z,13.52,13.52,13.52,13.52,2308
2026-06-25T05:12:00Z,13.52,13.52,13.51,13.51,1076
2026-06-25T05:13:00Z,13.51,13.52,13.51,13.52,2586
2026-06-25T05:14:00Z,13.52,13.52,13.52,13.52,1041
2026-06-25T05:15:00Z,13.52,13.52,13.52,13.52,1440
2026-06-25T05:16:00Z,13.52,13.52,13.51,13.51,1805
2026-06-25T05:17:00Z,13.51,13.51,13.51,13.51,1701
2026-06-25T05:18:00Z,13.51,13.51,13.50,13.50,1163
2026-06-25T05:19:00Z,13.50,13.51,13.50,13.51,1770
2026-06-25T05:20:00Z,13.51,13.51,13.51,13.51,1805
2026-06-25T05:21:00Z,13.51,13.51,13.51,13.51,2291
2026-06-25T05:22:00Z,13.51,13.51,13.50,13.50,1163
2026-06-25T05:23:00Z,13.50,13.50,13.50,13.50,920
2026-06-25T05:24:00Z,13.50,13.50,13.50,13.50,2187
2026-06-25T05:25:00Z,13.50,13.50,13.50,13.50,1475
2026-06-25T05:26:00Z,13.50,13.50,13.50,13.50,2517
2026-06-25T05:27:00Z,13.50,13.50,13.49,13.49,2551
2026-06-25T05:28:00Z,13.49,13.50,13.49,13.50,1701
2026-06-25T05:29:00Z,13.50,13.50,13.49,13.49,1163
2026-06-25T05:30:00Z,13.49,13.49,13.49,13.49,1249
2026-06-25T05:31:00Z,13.49,13.49,13.48,13.48,1579
2026-06-25T05:32:00Z,13.48,13.48,13.47,13.47,2430
2026-06-25T05:33:00Z,13.47,13.48,13.47,13.48,2534
2026-06-25T05:34:00Z,13.48,13.48,13.48,13.48,2100
2026-06-25T05:35:00Z,13.48,13.49,13.48,13.49,2465
2026-06-25T05:36:00Z,13.49,13.49,13.49,13.49,1631
2026-06-25T05:37:00Z,13.49,13.49,13.49,13.49,1683
2026-06-25T05:38:00Z,13.49,13.49,13.49,13.49,1562
2026-06-25T05:39:00Z,13.49,13.50,13.49,13.50,2378
2026-06-25T05:40:00Z,13.50,13.50,13.48,13.48,1284
2026-06-25T05:41:00Z,13.48,13.48,13.48,13.48,2465
2026-06-25T05:42:00Z,13.48,13.48,13.48,13.48,2187
2026-06-25T05:43:00Z,13.48,13.48,13.47,13.47,1649
2026-06-25T05:44:00Z,13.47,13.47,13.47,13.47,2308
2026-06-25T05:45:00Z,13.47,13.47,13.46,13.46,1267
2026-06-25T05:46:00Z,13.46,13.48,13.46,13.48,1406
2026-06-25T05:47:00Z,13.48,13.48,13.48,13.48,1336
2026-06-25T05:48:00Z,13.48,13.49,13.48,13.49,1492
2026-06-25T05:49:00Z,13.49,13.49,13.49,13.49,1267
2026-06-25T05:50:00Z,13.49,13.49,13.48,13.48,1510
2026-06-25T05:51:00Z,13.48,13.48,13.47,13.47,1718
2026-06-25T05:52:00Z,13.47,13.47,13.46,13.46,1926
2026-06-25T05:53:00Z,13.46,13.46,13.46,13.46,1579
2026-06-25T05:54:00Z,13.46,13.46,13.45,13.45,1406
2026-06-25T05:55:00Z,13.45,13.45,13.45,13.45,2343
2026-06-25T05:56:00Z,13.45,13.45,13.44,13.44,2413
2026-06-25T05:57:00Z,13.44,13.45,13.44,13.45,1892
2026-06-25T05:58:00Z,13.45,13.45,13.45,13.45,2013
2026-06-25T05:59:00Z,13.45,13.46,13.45,13.46,1197
2026-06-25T06:00:00Z,13.46,13.46,13.44,13.44,1822
2026-06-25T06:01:00Z,13.44,13.44,13.44,13.44,1753
2026-06-25T06:02:00Z,13.44,13.45,13.44,13.45,2204
2026-06-25T06:03:00Z,13.45,13.45,13.44,13.44,2465
2026-06-25T06:04:00Z,13.44,13.45,13.44,13.45,1944
2026-06-25T06:05:00Z,13.45,13.46,13.45,13.46,2170
2026-06-25T06:06:00Z,13.46,13.46,13.46,13.46,2013
2026-06-25T06:07:00Z,13.46,13.46,13.44,13.44,2308
2026-06-25T06:08:00Z,13.44,13.44,13.44,13.44,1770
2026-06-25T06:09:00Z,13.44,13.44,13.43,13.43,972
2026-06-25T06:10:00Z,13.43,13.43,13.43,13.43,2413
2026-06-25T06:11:00Z,13.43,13.43,13.41,13.41,1597
2026-06-25T06:12:00Z,13.41,13.41,13.41,13.41,2482
2026-06-25T06:13:00Z,13.41,13.41,13.41,13.41,1666
2026-06-25T06:14:00Z,13.41,13.41,13.41,13.41,2187
2026-06-25T06:15:00Z,13.41,13.42,13.41,13.42,1076
2026-06-25T06:16:00Z,13.42,13.42,13.41,13.41,1163
2026-06-25T06:17:00Z,13.41,13.42,13.41,13.42,2517
2026-06-25T06:18:00Z,13.42,13.43,13.42,13.43,1857
2026-06-25T06:19:00Z,13.43,13.43,13.43,13.43,1058
2026-06-25T06:20:00Z,13.43,13.43,13.42,13.42,1909
2026-06-25T06:21:00Z,13.42,13.42,13.42,13.42,2430
2026-06-25T06:22:00Z,13.42,13.42,13.42,13.42,1770
2026-06-25T06:23:00Z,13.42,13.43,13.42,13.43,1510
2026-06-25T06:24:00Z,13.43,13.43,13.43,13.43,2343
2026-06-25T06:25:00Z,13.43,13.43,13.43,13.43,1614
2026-06-25T06:26:00Z,13.43,13.43,13.42,13.42,1666
2026-06-25T06:27:00Z,13.42,13.44,13.42,13.44,902
2026-06-25T06:28:00Z,13.44,13.44,13.44,13.44,1701
2026-06-25T06:29:00Z,13.44,13.44,13.44,13.44,1336
2026-06-25T06:30:00Z,13.44,13.44,13.44,13.44,2170
2026-06-25T06:31:00Z,13.44,13.44,13.43,13.43,2586
2026-06-25T06:32:00Z,13.43,13.44,13.43,13.44,1215
2026-06-25T06:33:00Z,13.44,13.44,13.44,13.44,1909
2026-06-25T06:34:00Z,13.44,13.44,13.44,13.44,1631
2026-06-25T06:35:00Z,13.44,13.44,13.43,13.43,885
2026-06-25T06:36:00Z,13.43,13.43,13.43,13.43,1388
2026-06-25T06:37:00Z,13.43,13.43,13.41,13.41,1822
2026-06-25T06:38:00Z,13.41,13.41,13.41,13.41,2117
2026-06-25T06:39:00Z,13.41,13.41,13.41,13.41,1458
2026-06-25T06:40:00Z,13.41,13.41,13.40,13.40,1058
2026-06-25T06:41:00Z,13.40,13.40,13.40,13.40,2135
2026-06-25T06:42:00Z,13.40,13.40,13.40,13.40,2447
2026-06-25T06:43:00Z,13.40,13.40,13.38,13.38,1718
2026-06-25T06:44:00Z,13.38,13.39,13.38,13.39,2204
2026-06-25T06:45:00Z,13.39,13.39,13.39,13.39,1492
2026-06-25T06:46:00Z,13.39,13.39,13.39,13.39,1527
2026-06-25T06:47:00Z,13.39,13.39,13.39,13.39,1701
2026-06-25T06:48:00Z,13.39,13.39,13.39,13.39,1718
2026-06-25T06:49:00Z,13.39,13.39,13.39,13.39,1180
2026-06-25T06:50:00Z,13.39,13.39,13.37,13.37,1111
2026-06-25T06:51:00Z,13.37,13.37,13.37,13.37,2204
2026-06-25T06:52:00Z,13.37,13.37,13.37,13.37,1892
2026-06-25T06:53:00Z,13.37,13.38,13.37,13.38,1440
2026-06-25T06:54:00Z,13.38,13.38,13.37,13.37,1979
2026-06-25T06:55:00Z,13.37,13.38,13.37,13.38,1562
2026-06-25T06:56:00Z,13.38,13.38,13.38,13.38,2170
2026-06-25T06:57:00Z,13.38,13.39,13.38,13.39,1579
2026-06-25T06:58:00Z,13.39,13.39,13.39,13.39,937
2026-06-25T06:59:00Z,13.39,13.40,13.39,13.40,1440
2026-06-25T07:00:00Z,13.40,13.40,13.39,13.39,1058
2026-06-25T07:01:00Z,13.39,13.39,13.39,13.39,1215
2026-06-25T07:02:00Z,13.39,13.40,13.39,13.40,2048
2026-06-25T07:03:00Z,13.40,13.41,13.40,13.41,1145
2026-06-25T07:04:00Z,13.41,13.41,13.40,13.40,937
2026-06-25T07:05:00Z,13.40,13.41,13.40,13.41,2222
2026-06-25T07:06:00Z,13.41,13.41,13.40,13.40,1562
2026-06-25T07:07:00Z,13.40,13.40,13.39,13.39,1215
2026-06-25T07:08:00Z,13.39,13.40,13.39,13.40,1371
2026-06-25T07:09:00Z,13.40,13.40,13.40,13.40,2413
2026-06-25T07:10:00Z,13.40,13.40,13.39,13.39,2170
2026-06-25T07:11:00Z,13.39,13.39,13.39,13.39,1909
2026-06-25T07:12:00Z,13.39,13.39,13.39,13.39,1302
2026-06-25T07:13:00Z,13.39,13.40,13.39,13.40,1874
2026-06-25T07:14:00Z,13.40,13.40,13.40,13.40,2222
2026-06-25T07:15:00Z,13.40,13.40,13.40,13.40,1475
2026-06-25T07:16:00Z,13.40,13.41,13.40,13.41,954
2026-06-25T07:17:00Z,13.41,13.41,13.39,13.39,2135
2026-06-25T07:18:00Z,13.39,13.39,13.38,13.38,1371
2026-06-25T07:19:00Z,13.38,13.38,13.37,13.37,1249
2026-06-25T07:20:00Z,13.37,13.37,13.36,13.36,1475
2026-06-25T07:21:00Z,13.36,13.37,13.36,13.37,1666
2026-06-25T07:22:00Z,13.37,13.37,13.37,13.37,1805
2026-06-25T07:23:00Z,13.37,13.37,13.36,13.36,2065
2026-06-25T07:24:00Z,13.36,13.36,13.36,13.36,920
2026-06-25T07:25:00Z,13.36,13.36,13.36,13.36,989
2026-06-25T07:26:00Z,13.36,13.36,13.36,13.36,2326
2026-06-25T07:27:00Z,13.36,13.36,13.36,13.36,1388
2026-06-25T07:28:00Z,13.36,13.36,13.35,13.35,868
2026-06-25T07:29:00Z,13.35,13.37,13.35,13.37,2395
2026-06-25T07:30:00Z,13.37,13.37,13.36,13.36,1093
2026-06-25T07:31:00Z,13.36,13.36,13.33,13.33,1492
2026-06-25T07:32:00Z,13.33,13.34,13.33,13.34,1302
2026-06-25T07:33:00Z,13.34,13.34,13.34,13.34,1510
2026-06-25T07:34:00Z,13.34,13.34,13.32,13.32,989
2026-06-25T07:35:00Z,13.32,13.33,13.32,13.33,1371
2026-06-25T07:36:00Z,13.33,13.34,13.33,13.34,2031
2026-06-25T07:37:00Z,13.34,13.34,13.32,13.32,1857
2026-06-25T07:38:00Z,13.32,13.33,13.32,13.33,2447
2026-06-25T07:39:00Z,13.33,13.33,13.33,13.33,2117
2026-06-25T07:40:00Z,13.33,13.35,13.33,13.35,1371
2026-06-25T07:41:00Z,13.35,13.35,13.35,13.35,1562
2026-06-25T07:42:00Z,13.35,13.35,13.35,13.35,1249
2026-06-25T07:43:00Z,13.35,13.36,13.35,13.36,1024
2026-06-25T07:44:00Z,13.36,13.36,13.35,13.35,2152
2026-06-25T07:45:00Z,13.35,13.35,13.35,13.35,2291
2026-06-25T07:46:00Z,13.35,13.35,13.34,13.34,1336
2026-06-25T07:47:00Z,13.34,13.34,13.34,13.34,885
2026-06-25T07:48:00Z,13.34,13.34,13.34,13.34,1388
2026-06-25T07:49:00Z,13.34,13.35,13.34,13.35,1527
2026-06-25T07:50:00Z,13.35,13.35,13.34,13.34,2343
2026-06-25T07:51:00Z,13.34,13.34,13.34,13.34,1926
2026-06-25T07:52:00Z,13.34,13.34,13.33,13.33,2343
2026-06-25T07:53:00Z,13.33,13.33,13.33,13.33,2031
2026-06-25T07:54:00Z,13.33,13.35,13.33,13.35,1076
2026-06-25T07:55:00Z,13.35,13.35,13.34,13.34,1510
2026-06-25T07:56:00Z,13.34,13.34,13.34,13.34,1996
2026-06-25T07:57:00Z,13.34,13.35,13.34,13.35,2048
2026-06-25T07:58:00Z,13.35,13.36,13.35,13.36,1111
2026-06-25T07:59:00Z,13.36,13.37,13.36,13.37,1232
2026-06-25T08:00:00Z,13.37,13.37,13.36,13.36,1788
2026-06-25T08:01:00Z,13.36,13.36,13.36,13.36,1857
2026-06-25T08:02:00Z,13.36,13.36,13.35,13.35,2065
2026-06-25T08:03:00Z,13.35,13.36,13.35,13.36,2517
2026-06-25T08:04:00Z,13.36,13.36,13.35,13.35,2291
2026-06-25T08:05:00Z,13.35,13.35,13.34,13.34,1058
2026-06-25T08:06:00Z,13.34,13.35,13.34,13.35,1076
2026-06-25T08:07:00Z,13.35,13.36,13.35,13.36,1024
2026-06-25T08:08:00Z,13.36,13.36,13.35,13.35,1354
2026-06-25T08:09:00Z,13.35,13.36,13.35,13.36,1822
2026-06-25T08:10:00Z,13.36,13.36,13.36,13.36,1458
2026-06-25T08:11:00Z,13.36,13.37,13.36,13.37,902
2026-06-25T08:12:00Z,13.37,13.37,13.36,13.36,2465
2026-06-25T08:13:00Z,13.36,13.36,13.35,13.35,2291
2026-06-25T08:14:00Z,13.35,13.35,13.35,13.35,1440
2026-06-25T08:15:00Z,13.35,13.36,13.35,13.36,1996
2026-06-25T08:16:00Z,13.36,13.37,13.36,13.37,1840
2026-06-25T08:17:00Z,13.37,13.37,13.37,13.37,2083
2026-06-25T08:18:00Z,13.37,13.39,13.37,13.39,2170
2026-06-25T08:19:00Z,13.39,13.39,13.39,13.39,2326
2026-06-25T08:20:00Z,13.39,13.39,13.39,13.39,2256
2026-06-25T08:21:00Z,13.39,13.39,13.38,13.38,2117
2026-06-25T08:22:00Z,13.38,13.38,13.38,13.38,1996
2026-06-25T08:23:00Z,13.38,13.39,13.38,13.39,1406
2026-06-25T08:24:00Z,13.39,13.39,13.38,13.38,1926
2026-06-25T08:25:00Z,13.38,13.38,13.37,13.37,2048
2026-06-25T08:26:00Z,13.37,13.39,13.37,13.39,1961
2026-06-25T08:27:00Z,13.39,13.39,13.39,13.39,1736
2026-06-25T08:28:00Z,13.39,13.39,13.38,13.38,1197
2026-06-25T08:29:00Z,13.38,13.38,13.38,13.38,1979
2026-06-25T08:30:00Z,13.38,13.38,13.37,13.37,1822
2026-06-25T08:31:00Z,13.37,13.37,13.37,13.37,1145
2026-06-25T08:32:00Z,13.37,13.37,13.36,13.36,1232
2026-06-25T08:33:00Z,13.36,13.37,13.36,13.37,2586
2026-06-25T08:34:00Z,13.37,13.37,13.37,13.37,2013
2026-06-25T08:35:00Z,13.37,13.37,13.35,13.35,1076
2026-06-25T08:36:00Z,13.35,13.35,13.35,13.35,1128
2026-06-25T08:37:00Z,13.35,13.36,13.35,13.36,2239
2026-06-25T08:38:00Z,13.36,13.36,13.36,13.36,2274
2026-06-25T08:39:00Z,13.36,13.38,13.36,13.38,1718
2026-06-25T08:40:00Z,13.38,13.38,13.37,13.37,2413
2026-06-25T08:41:00Z,13.37,13.39,13.37,13.39,1475
2026-06-25T08:42:00Z,13.39,13.39,13.39,13.39,2013
2026-06-25T08:43:00Z,13.39,13.39,13.38,13.38,1440
2026-06-25T08:44:00Z,13.38,13.38,13.37,13.37,1423
2026-06-25T08:45:00Z,13.37,13.37,13.37,13.37,1892
2026-06-25T08:46:00Z,13.37,13.37,13.35,13.35,2048
2026-06-25T08:47:00Z,13.35,13.36,13.35,13.36,1371
2026-06-25T08:48:00Z,13.36,13.37,13.36,13.37,2551
2026-06-25T08:49:00Z,13.37,13.38,13.37,13.38,1163
2026-06-25T08:50:00Z,13.38,13.38,13.38,13.38,1041
2026-06-25T08:51:00Z,13.38,13.38,13.38,13.38,1440
2026-06-25T08:52:00Z,13.38,13.38,13.38,13.38,2239
2026-06-25T08:53:00Z,13.38,13.38,13.38,13.38,1874
2026-06-25T08:54:00Z,13.38,13.38,13.38,13.38,1961
2026-06-25T08:55:00Z,13.38,13.39,13.38,13.39,1215
2026-06-25T08:56:00Z,13.39,13.41,13.39,13.41,2152
2026-06-25T08:57:00Z,13.41,13.41,13.40,13.40,1302
2026-06-25T08:58:00Z,13.40,13.42,13.40,13.42,1753
2026-06-25T08:59:00Z,13.42,13.43,13.42,13.43,2569
2026-06-25T09:00:00Z,13.43,13.43,13.43,13.43,1458
2026-06-25T09:01:00Z,13.43,13.43,13.42,13.42,1163
2026-06-25T09:02:00Z,13.42,13.42,13.41,13.41,1510
2026-06-25T09:03:00Z,13.41,13.41,13.40,13.40,868
2026-06-25T09:04:00Z,13.40,13.40,13.40,13.40,1111
2026-06-25T09:05:00Z,13.40,13.40,13.39,13.39,902
2026-06-25T09:06:00Z,13.39,13.39,13.39,13.39,2065
2026-06-25T09:07:00Z,13.39,13.39,13.39,13.39,937
2026-06-25T09:08:00Z,13.39,13.39,13.38,13.38,1770
2026-06-25T09:09:00Z,13.38,13.38,13.38,13.38,2308
2026-06-25T09:10:00Z,13.38,13.38,13.38,13.38,1041
2026-06-25T09:11:00Z,13.38,13.39,13.38,13.39,1163
2026-06-25T09:12:00Z,13.39,13.39,13.39,13.39,1944
2026-06-25T09:13:00Z,13.39,13.41,13.39,13.41,2100
2026-06-25T09:14:00Z,13.41,13.41,13.41,13.41,1093
2026-06-25T09:15:00Z,13.41,13.42,13.41,13.42,2222
2026-06-25T09:16:00Z,13.42,13.42,13.42,13.42,1597
2026-06-25T09:17:00Z,13.42,13.44,13.42,13.44,1631
2026-06-25T09:18:00Z,13.44,13.44,13.43,13.43,1892
2026-06-25T09:19:00Z,13.43,13.44,13.43,13.44,1249
2026-06-25T09:20:00Z,13.44,13.44,13.44,13.44,2395
2026-06-25T09:21:00Z,13.44,13.44,13.44,13.44,1371
2026-06-25T09:22:00Z,13.44,13.44,13.43,13.43,2204
2026-06-25T09:23:00Z,13.43,13.43,13.42,13.42,2447
2026-06-25T09:24:00Z,13.42,13.42,13.41,13.41,1527
2026-06-25T09:25:00Z,13.41,13.42,13.41,13.42,989
2026-06-25T09:26:00Z,13.42,13.42,13.42,13.42,1180
2026-06-25T09:27:00Z,13.42,13.43,13.42,13.43,2604
2026-06-25T09:28:00Z,13.43,13.43,13.43,13.43,1215
2026-06-25T09:29:00Z,13.43,13.44,13.43,13.44,2048
2026-06-25T09:30:00Z,13.44,13.45,13.44,13.45,2534
2026-06-25T09:31:00Z,13.45,13.45,13.44,13.44,1145
2026-06-25T09:32:00Z,13.44,13.44,13.44,13.44,1874
2026-06-25T09:33:00Z,13.44,13.45,13.44,13.45,2204
2026-06-25T09:34:00Z,13.45,13.46,13.45,13.46,1180
2026-06-25T09:35:00Z,13.46,13.46,13.45,13.45,1336
2026-06-25T09:36:00Z,13.45,13.45,13.45,13.45,1770
2026-06-25T09:37:00Z,13.45,13.45,13.44,13.44,2586
2026-06-25T09:38:00Z,13.44,13.44,13.43,13.43,2326
2026-06-25T09:39:00Z,13.43,13.43,13.43,13.43,1302
2026-06-25T09:40:00Z,13.43,13.44,13.43,13.44,1128
2026-06-25T09:41:00Z,13.44,13.44,13.44,13.44,1423
2026-06-25T09:42:00Z,13.44,13.44,13.44,13.44,1996
2026-06-25T09:43:00Z,13.44,13.45,13.44,13.45,1267
2026-06-25T09:44:00Z,13.45,13.47,13.45,13.47,2604
2026-06-25T09:45:00Z,13.47,13.47,13.46,13.46,1874
2026-06-25T09:46:00Z,13.46,13.46,13.46,13.46,1822
2026-06-25T09:47:00Z,13.46,13.46,13.46,13.46,1944
2026-06-25T09:48:00Z,13.46,13.47,13.46,13.47,1579
2026-06-25T09:49:00Z,13.47,13.47,13.46,13.46,1492
2026-06-25T09:50:00Z,13.46,13.46,13.46,13.46,2308
2026-06-25T09:51:00Z,13.46,13.46,13.45,13.45,1562
2026-06-25T09:52:00Z,13.45,13.46,13.45,13.46,937
2026-06-25T09:53:00Z,13.46,13.46,13.45,13.45,1371
2026-06-25T09:54:00Z,13.45,13.45,13.45,13.45,1510
2026-06-25T09:55:00Z,13.45,13.45,13.45,13.45,2378
2026-06-25T09:56:00Z,13.45,13.47,13.45,13.47,1267
2026-06-25T09:57:00Z,13.47,13.47,13.45,13.45,2239
2026-06-25T09:58:00Z,13.45,13.46,13.45,13.46,989
2026-06-25T09:59:00Z,13.46,13.46,13.46,13.46,1076
2026-06-25T10:00:00Z,13.46,13.46,13.46,13.46,1406
2026-06-25T10:01:00Z,13.46,13.47,13.46,13.47,1527
2026-06-25T10:02:00Z,13.47,13.48,13.47,13.48,1979
2026-06-25T10:03:00Z,13.48,13.48,13.48,13.48,1249
2026-06-25T10:04:00Z,13.48,13.50,13.48,13.50,1979
2026-06-25T10:05:00Z,13.50,13.50,13.49,13.49,1840
2026-06-25T10:06:00Z,13.49,13.49,13.49,13.49,1770
2026-06-25T10:07:00Z,13.49,13.50,13.49,13.50,1249
2026-06-25T10:08:00Z,13.50,13.50,13.48,13.48,885
2026-06-25T10:09:00Z,13.48,13.49,13.48,13.49,1145
2026-06-25T10:10:00Z,13.49,13.49,13.48,13.48,1579
2026-06-25T10:11:00Z,13.48,13.49,13.48,13.49,2586
2026-06-25T10:12:00Z,13.49,13.49,13.48,13.48,2378
2026-06-25T10:13:00Z,13.48,13.48,13.47,13.47,1805
2026-06-25T10:14:00Z,13.47,13.48,13.47,13.48,1718
2026-06-25T10:15:00Z,13.48,13.48,13.46,13.46,1683
2026-06-25T10:16:00Z,13.46,13.47,13.46,13.47,2569
2026-06-25T10:17:00Z,13.47,13.47,13.46,13.46,1562
2026-06-25T10:18:00Z,13.46,13.46,13.46,13.46,2308
2026-06-25T10:19:00Z,13.46,13.46,13.46,13.46,2117
2026-06-25T10:20:00Z,13.46,13.46,13.46,13.46,1111
2026-06-25T10:21:00Z,13.46,13.47,13.46,13.47,1926
2026-06-25T10:22:00Z,13.47,13.47,13.47,13.47,2152
2026-06-25T10:23:00Z,13.47,13.48,13.47,13.48,2256
2026-06-25T10:24:00Z,13.48,13.48,13.46,13.46,1822
2026-06-25T10:25:00Z,13.46,13.46,13.46,13.46,1371
2026-06-25T10:26:00Z,13.46,13.46,13.46,13.46,1961
2026-06-25T10:27:00Z,13.46,13.46,13.45,13.45,2083
2026-06-25T10:28:00Z,13.45,13.45,13.45,13.45,1406
2026-06-25T10:29:00Z,13.45,13.45,13.44,13.44,1631
2026-06-25T10:30:00Z,13.44,13.44,13.43,13.43,2482
2026-06-25T10:31:00Z,13.43,13.43,13.43,13.43,1215
2026-06-25T10:32:00Z,13.43,13.43,13.43,13.43,2204
2026-06-25T10:33:00Z,13.43,13.44,13.43,13.44,2326
2026-06-25T10:34:00Z,13.44,13.44,13.42,13.42,1076
2026-06-25T10:35:00Z,13.42,13.43,13.42,13.43,885
2026-06-25T10:36:00Z,13.43,13.43,13.43,13.43,2604
2026-06-25T10:37:00Z,13.43,13.43,13.42,13.42,2187
2026-06-25T10:38:00Z,13.42,13.42,13.42,13.42,1440
2026-06-25T10:39:00Z,13.42,13.42,13.42,13.42,954
2026-06-25T10:40:00Z,13.42,13.44,13.42,13.44,2152
2026-06-25T10:41:00Z,13.44,13.44,13.43,13.43,2604
2026-06-25T10:42:00Z,13.43,13.43,13.43,13.43,1805
2026-06-25T10:43:00Z,13.43,13.44,13.43,13.44,2013
2026-06-25T10:44:00Z,13.44,13.44,13.44,13.44,1892
2026-06-25T10:45:00Z,13.44,13.44,13.44,13.44,1371
2026-06-25T10:46:00Z,13.44,13.44,13.44,13.44,1666
2026-06-25T10:47:00Z,13.44,13.46,13.44,13.46,2291
2026-06-25T10:48:00Z,13.46,13.46,13.45,13.45,1492
2026-06-25T10:49:00Z,13.45,13.45,13.43,13.43,937
2026-06-25T10:50:00Z,13.43,13.43,13.43,13.43,1614
2026-06-25T10:51:00Z,13.43,13.43,13.43,13.43,2517
2026-06-25T10:52:00Z,13.43,13.44,13.43,13.44,1041
2026-06-25T10:53:00Z,13.44,13.45,13.44,13.45,1770
2026-06-25T10:54:00Z,13.45,13.45,13.44,13.44,1822
2026-06-25T10:55:00Z,13.44,13.44,13.44,13.44,1128
2026-06-25T10:56:00Z,13.44,13.44,13.44,13.44,2239
2026-06-25T10:57:00Z,13.44,13.44,13.43,13.43,2222
2026-06-25T10:58:00Z,13.43,13.43,13.43,13.43,1614
2026-06-25T10:59:00Z,13.43,13.45,13.43,13.45,1006
2026-06-25T11:00:00Z,13.45,13.45,13.44,13.44,2465
2026-06-25T11:01:00Z,13.44,13.44,13.43,13.43,1197
2026-06-25T11:02:00Z,13.43,13.43,13.43,13.43,1093
2026-06-25T11:03:00Z,13.43,13.44,13.43,13.44,1371
2026-06-25T11:04:00Z,13.44,13.44,13.44,13.44,2100
2026-06-25T11:05:00Z,13.44,13.44,13.42,13.42,1614
2026-06-25T11:06:00Z,13.42,13.42,13.42,13.42,2378
2026-06-25T11:07:00Z,13.42,13.43,13.42,13.43,1683
2026-06-25T11:08:00Z,13.43,13.43,13.43,13.43,1458
2026-06-25T11:09:00Z,13.43,13.43,13.43,13.43,1284
2026-06-25T11:10:00Z,13.43,13.43,13.42,13.42,2065
2026-06-25T11:11:00Z,13.42,13.42,13.42,13.42,1527
2026-06-25T11:12:00Z,13.42,13.43,13.42,13.43,1423
2026-06-25T11:13:00Z,13.43,13.43,13.43,13.43,1909
2026-06-25T11:14:00Z,13.43,13.43,13.43,13.43,2291
2026-06-25T11:15:00Z,13.43,13.45,13.43,13.45,2551
2026-06-25T11:16:00Z,13.45,13.45,13.43,13.43,2378
2026-06-25T11:17:00Z,13.43,13.45,13.43,13.45,2274
2026-06-25T11:18:00Z,13.45,13.46,13.45,13.46,1788
2026-06-25T11:19:00Z,13.46,13.46,13.45,13.45,1406
2026-06-25T11:20:00Z,13.45,13.46,13.45,13.46,1527
2026-06-25T11:21:00Z,13.46,13.46,13.45,13.45,2430
2026-06-25T11:22:00Z,13.45,13.45,13.45,13.45,2117
2026-06-25T11:23:00Z,13.45,13.45,13.45,13.45,2308
2026-06-25T11:24:00Z,13.45,13.45,13.45,13.45,2013
2026-06-25T11:25:00Z,13.45,13.47,13.45,13.47,1163
2026-06-25T11:26:00Z,13.47,13.47,13.47,13.47,1822
2026-06-25T11:27:00Z,13.47,13.47,13.46,13.46,1597
2026-06-25T11:28:00Z,13.46,13.47,13.46,13.47,1979
2026-06-25T11:29:00Z,13.47,13.48,13.47,13.48,1319
2026-06-25T11:30:00Z,13.48,13.49,13.48,13.49,1961
2026-06-25T11:31:00Z,13.49,13.50,13.49,13.50,1215
2026-06-25T11:32:00Z,13.50,13.50,13.50,13.50,2256
2026-06-25T11:33:00Z,13.50,13.50,13.50,13.50,2551
2026-06-25T11:34:00Z,13.50,13.50,13.50,13.50,2360
2026-06-25T11:35:00Z,13.50,13.50,13.50,13.50,1614
2026-06-25T11:36:00Z,13.50,13.50,13.49,13.49,2222
2026-06-25T11:37:00Z,13.49,13.50,13.49,13.50,1736
2026-06-25T11:38:00Z,13.50,13.50,13.49,13.49,1111
2026-06-25T11:39:00Z,13.49,13.49,13.49,13.49,2170
2026-06-25T11:40:00Z,13.49,13.49,13.49,13.49,1892
2026-06-25T11:41:00Z,13.49,13.50,13.49,13.50,1336
2026-06-25T11:42:00Z,13.50,13.51,13.50,13.51,1788
2026-06-25T11:43:00Z,13.51,13.51,13.51,13.51,989
2026-06-25T11:44:00Z,13.51,13.52,13.51,13.52,1527
2026-06-25T11:45:00Z,13.52,13.52,13.52,13.52,972
2026-06-25T11:46:00Z,13.52,13.52,13.52,13.52,1024
2026-06-25T11:47:00Z,13.52,13.52,13.52,13.52,1718
2026-06-25T11:48:00Z,13.52,13.52,13.52,13.52,2308
2026-06-25T11:49:00Z,13.52,13.53,13.52,13.53,989
2026-06-25T11:50:00Z,13.53,13.53,13.53,13.53,2413
2026-06-25T11:51:00Z,13.53,13.53,13.53,13.53,2100
2026-06-25T11:52:00Z,13.53,13.54,13.53,13.54,2430
2026-06-25T11:53:00Z,13.54,13.55,13.54,13.55,1111
2026-06-25T11:54:00Z,13.55,13.55,13.55,13.55,1440
2026-06-25T11:55:00Z,13.55,13.55,13.54,13.54,1111
2026-06-25T11:56:00Z,13.54,13.55,13.54,13.55,1388
2026-06-25T11:57:00Z,13.55,13.55,13.54,13.54,2170
2026-06-25T11:58:00Z,13.54,13.55,13.54,13.55,1579
2026-06-25T11:59:00Z,13.55,13.56,13.55,13.56,1249
2026-06-25T12:00:00Z,13.56,13.56,13.55,13.55,868
2026-06-25T12:01:00Z,13.55,13.55,13.54,13.54,1840
2026-06-25T12:02:00Z,13.54,13.55,13.54,13.55,2517
2026-06-25T12:03:00Z,13.55,13.56,13.55,13.56,2534
2026-06-25T12:04:00Z,13.56,13.56,13.54,13.54,1788
2026-06-25T12:05:00Z,13.54,13.54,13.54,13.54,1909
2026-06-25T12:06:00Z,13.54,13.54,13.53,13.53,2430
2026-06-25T12:07:00Z,13.53,13.53,13.53,13.53,2274
2026-06-25T12:08:00Z,13.53,13.53,13.51,13.51,1874
2026-06-25T12:09:00Z,13.51,13.51,13.50,13.50,2534
2026-06-25T12:10:00Z,13.50,13.50,13.50,13.50,1319
2026-06-25T12:11:00Z,13.50,13.50,13.50,13.50,1284
2026-06-25T12:12:00Z,13.50,13.50,13.50,13.50,885
2026-06-25T12:13:00Z,13.50,13.51,13.50,13.51,2378
2026-06-25T12:14:00Z,13.51,13.51,13.51,13.51,1562
2026-06-25T12:15:00Z,13.51,13.52,13.51,13.52,1857
2026-06-25T12:16:00Z,13.52,13.53,13.52,13.53,2170
2026-06-25T12:17:00Z,13.53,13.53,13.53,13.53,2482
2026-06-25T12:18:00Z,13.53,13.53,13.52,13.52,868
2026-06-25T12:19:00Z,13.52,13.52,13.52,13.52,2430
2026-06-25T12:20:00Z,13.52,13.52,13.51,13.51,1371
2026-06-25T12:21:00Z,13.51,13.52,13.51,13.52,1631
2026-06-25T12:22:00Z,13.52,13.52,13.51,13.51,1006
2026-06-25T12:23:00Z,13.51,13.51,13.50,13.50,1440
2026-06-25T12:24:00Z,13.50,13.50,13.50,13.50,937
2026-06-25T12:25:00Z,13.50,13.50,13.50,13.50,2447
2026-06-25T12:26:00Z,13.50,13.50,13.50,13.50,1510
2026-06-25T12:27:00Z,13.50,13.50,13.50,13.50,1979
2026-06-25T12:28:00Z,13.50,13.50,13.49,13.49,2378
2026-06-25T12:29:00Z,13.49,13.50,13.49,13.50,2291
2026-06-25T12:30:00Z,13.50,13.50,13.50,13.50,902
2026-06-25T12:31:00Z,13.50,13.50,13.49,13.49,1302
2026-06-25T12:32:00Z,13.49,13.51,13.49,13.51,1197
2026-06-25T12:33:00Z,13.51,13.51,13.51,13.51,2430
2026-06-25T12:34:00Z,13.51,13.51,13.51,13.51,1683
2026-06-25T12:35:00Z,13.51,13.51,13.50,13.50,2482
2026-06-25T12:36:00Z,13.50,13.51,13.50,13.51,2395
2026-06-25T12:37:00Z,13.51,13.51,13.51,13.51,1510
2026-06-25T12:38:00Z,13.51,13.52,13.51,13.52,2360
2026-06-25T12:39:00Z,13.52,13.52,13.50,13.50,1440
2026-06-25T12:40:00Z,13.50,13.51,13.50,13.51,2604
2026-06-25T12:41:00Z,13.51,13.51,13.50,13.50,1979
2026-06-25T12:42:00Z,13.50,13.50,13.49,13.49,2048
2026-06-25T12:43:00Z,13.49,13.49,13.49,13.49,954
2026-06-25T12:44:00Z,13.49,13.50,13.49,13.50,2274
2026-06-25T12:45:00Z,13.50,13.50,13.50,13.50,2100
2026-06-25T12:46:00Z,13.50,13.50,13.50,13.50,1892
2026-06-25T12:47:00Z,13.50,13.50,13.50,13.50,1874
2026-06-25T12:48:00Z,13.50,13.50,13.50,13.50,1545
2026-06-25T12:49:00Z,13.50,13.50,13.50,13.50,1197
2026-06-25T12:50:00Z,13.50,13.51,13.50,13.51,1284
2026-06-25T12:51:00Z,13.51,13.51,13.50,13.50,1406
2026-06-25T12:52:00Z,13.50,13.50,13.50,13.50,1388
2026-06-25T12:53:00Z,13.50,13.50,13.50,13.50,2430
2026-06-25T12:54:00Z,13.50,13.50,13.50,13.50,1840
2026-06-25T12:55:00Z,13.50,13.51,13.50,13.51,1718
2026-06-25T12:56:00Z,13.51,13.51,13.50,13.50,1926
2026-06-25T12:57:00Z,13.50,13.51,13.50,13.51,2083
2026-06-25T12:58:00Z,13.51,13.53,13.51,13.53,2013
2026-06-25T12:59:00Z,13.53,13.54,13.53,13.54,1232
2026-06-25T13:00:00Z,13.54,13.54,13.54,13.54,1510
2026-06-25T13:01:00Z,13.54,13.54,13.52,13.52,1788
2026-06-25T13:02:00Z,13.52,13.53,13.52,13.53,920
2026-06-25T13:03:00Z,13.53,13.53,13.52,13.52,1926
2026-06-25T13:04:00Z,13.52,13.53,13.52,13.53,972
2026-06-25T13:05:00Z,13.53,13.53,13.53,13.53,1979
2026-06-25T13:06:00Z,13.53,13.53,13.53,13.53,2100
2026-06-25T13:07:00Z,13.53,13.54,13.53,13.54,1492
2026-06-25T13:08:00Z,13.54,13.54,13.54,13.54,2204
2026-06-25T13:09:00Z,13.54,13.54,13.52,13.52,2308
2026-06-25T13:10:00Z,13.52,13.52,13.52,13.52,2239
2026-06-25T13:11:00Z,13.52,13.52,13.52,13.52,1683
2026-06-25T13:12:00Z,13.52,13.52,13.51,13.51,2170
2026-06-25T13:13:00Z,13.51,13.51,13.51,13.51,1701
2026-06-25T13:14:00Z,13.51,13.51,13.51,13.51,1926
2026-06-25T13:15:00Z,13.51,13.51,13.50,13.50,2569
2026-06-25T13:16:00Z,13.50,13.50,13.50,13.50,1840
2026-06-25T13:17:00Z,13.50,13.50,13.49,13.49,1232
2026-06-25T13:18:00Z,13.49,13.49,13.48,13.48,1892
2026-06-25T13:19:00Z,13.48,13.48,13.48,13.48,1111
2026-06-25T13:20:00Z,13.48,13.50,13.48,13.50,1163
2026-06-25T13:21:00Z,13.50,13.50,13.50,13.50,2517
2026-06-25T13:22:00Z,13.50,13.50,13.50,13.50,1527
2026-06-25T13:23:00Z,13.50,13.50,13.50,13.50,1822
2026-06-25T13:24:00Z,13.50,13.50,13.49,13.49,1197
2026-06-25T13:25:00Z,13.49,13.49,13.49,13.49,1076
2026-06-25T13:26:00Z,13.49,13.50,13.49,13.50,1111
2026-06-25T13:27:00Z,13.50,13.51,13.50,13.51,1909
2026-06-25T13:28:00Z,13.51,13.51,13.51,13.51,2065
2026-06-25T13:29:00Z,13.51,13.51,13.51,13.51,2256
2026-06-25T13:30:00Z,13.51,13.51,13.49,13.49,902
2026-06-25T13:31:00Z,13.49,13.49,13.49,13.49,1215
2026-06-25T13:32:00Z,13.49,13.51,13.49,13.51,2360
2026-06-25T13:33:00Z,13.51,13.51,13.51,13.51,2413
2026-06-25T13:34:00Z,13.51,13.51,13.51,13.51,1458
2026-06-25T13:35:00Z,13.51,13.51,13.51,13.51,1510
2026-06-25T13:36:00Z,13.51,13.51,13.51,13.51,1128
2026-06-25T13:37:00Z,13.51,13.51,13.50,13.50,1371
2026-06-25T13:38:00Z,13.50,13.52,13.50,13.52,2447
2026-06-25T13:39:00Z,13.52,13.52,13.52,13.52,2343
2026-06-25T13:40:00Z,13.52,13.52,13.50,13.50,2222
2026-06-25T13:41:00Z,13.50,13.51,13.50,13.51,902
2026-06-25T13:42:00Z,13.51,13.51,13.51,13.51,1163
2026-06-25T13:43:00Z,13.51,13.52,13.51,13.52,1961
2026-06-25T13:44:00Z,13.52,13.53,13.52,13.53,1302
2026-06-25T13:45:00Z,13.53,13.53,13.53,13.53,2395
2026-06-25T13:46:00Z,13.53,13.54,13.53,13.54,1197
2026-06-25T13:47:00Z,13.54,13.55,13.54,13.55,954
2026-06-25T13:48:00Z,13.55,13.55,13.55,13.55,1892
2026-06-25T13:49:00Z,13.55,13.55,13.54,13.54,1215
2026-06-25T13:50:00Z,13.54,13.54,13.54,13.54,1510
2026-06-25T13:51:00Z,13.54,13.54,13.53,13.53,1979
2026-06-25T13:52:00Z,13.53,13.53,13.52,13.52,1961
2026-06-25T13:53:00Z,13.52,13.53,13.52,13.53,1597
2026-06-25T13:54:00Z,13.53,13.53,13.53,13.53,1111
2026-06-25T13:55:00Z,13.53,13.53,13.52,13.52,1423
2026-06-25T13:56:00Z,13.52,13.52,13.51,13.51,1163
2026-06-25T13:57:00Z,13.51,13.51,13.51,13.51,1180
2026-06-25T13:58:00Z,13.51,13.51,13.51,13.51,1909
2026-06-25T13:59:00Z,13.51,13.53,13.51,13.53,1371
2026-06-25T14:00:00Z,13.53,13.53,13.52,13.52,1093
2026-06-25T14:01:00Z,13.52,13.53,13.52,13.53,1597
2026-06-25T14:02:00Z,13.53,13.53,13.52,13.52,2586
2026-06-25T14:03:00Z,13.52,13.53,13.52,13.53,1197
2026-06-25T14:04:00Z,13.53,13.53,13.53,13.53,1128
2026-06-25T14:05:00Z,13.53,13.53,13.53,13.53,1753
2026-06-25T14:06:00Z,13.53,13.53,13.53,13.53,2447
2026-06-25T14:07:00Z,13.53,13.53,13.53,13.53,1093
2026-06-25T14:08:00Z,13.53,13.55,13.53,13.55,1996
2026-06-25T14:09:00Z,13.55,13.55,13.54,13.54,2343
2026-06-25T14:10:00Z,13.54,13.55,13.54,13.55,2586
2026-06-25T14:11:00Z,13.55,13.55,13.55,13.55,1215
2026-06-25T14:12:00Z,13.55,13.56,13.55,13.56,1076
2026-06-25T14:13:00Z,13.56,13.56,13.55,13.55,2048
2026-06-25T14:14:00Z,13.55,13.55,13.54,13.54,885
2026-06-25T14:15:00Z,13.54,13.54,13.54,13.54,2517
2026-06-25T14:16:00Z,13.54,13.54,13.54,13.54,1319
2026-06-25T14:17:00Z,13.54,13.55,13.54,13.55,1128
2026-06-25T14:18:00Z,13.55,13.55,13.55,13.55,2117
2026-06-25T14:19:00Z,13.55,13.56,13.55,13.56,2326
2026-06-25T14:20:00Z,13.56,13.56,13.56,13.56,1753
2026-06-25T14:21:00Z,13.56,13.57,13.56,13.57,1215
2026-06-25T14:22:00Z,13.57,13.57,13.57,13.57,1701
2026-06-25T14:23:00Z,13.57,13.57,13.56,13.56,1562
2026-06-25T14:24:00Z,13.56,13.58,13.56,13.58,2274
2026-06-25T14:25:00Z,13.58,13.58,13.58,13.58,2360
2026-06-25T14:26:00Z,13.58,13.58,13.58,13.58,1770
2026-06-25T14:27:00Z,13.58,13.58,13.58,13.58,1111
2026-06-25T14:28:00Z,13.58,13.58,13.58,13.58,2517
2026-06-25T14:29:00Z,13.58,13.59,13.58,13.59,972
2026-06-25T14:30:00Z,13.59,13.60,13.59,13.60,1093
2026-06-25T14:31:00Z,13.60,13.60,13.60,13.60,1232
2026-06-25T14:32:00Z,13.60,13.60,13.59,13.59,2569
2026-06-25T14:33:00Z,13.59,13.59,13.59,13.59,1302
2026-06-25T14:34:00Z,13.59,13.59,13.58,13.58,1475
2026-06-25T14:35:00Z,13.58,13.59,13.58,13.59,1683
2026-06-25T14:36:00Z,13.59,13.59,13.58,13.58,2360
2026-06-25T14:37:00Z,13.58,13.58,13.58,13.58,2413
2026-06-25T14:38:00Z,13.58,13.58,13.58,13.58,2343
2026-06-25T14:39:00Z,13.58,13.58,13.58,13.58,1076
2026-06-25T14:40:00Z,13.58,13.59,13.58,13.59,2135
2026-06-25T14:41:00Z,13.59,13.59,13.58,13.58,1597
2026-06-25T14:42:00Z,13.58,13.59,13.58,13.59,1093
2026-06-25T14:43:00Z,13.59,13.59,13.59,13.59,1423
2026-06-25T14:44:00Z,13.59,13.60,13.59,13.60,1197
2026-06-25T14:45:00Z,13.60,13.60,13.59,13.59,2551
2026-06-25T14:46:00Z,13.59,13.59,13.59,13.59,1492
2026-06-25T14:47:00Z,13.59,13.60,13.59,13.60,1336
2026-06-25T14:48:00Z,13.60,13.60,13.59,13.59,1805
2026-06-25T14:49:00Z,13.59,13.59,13.59,13.59,1249
2026-06-25T14:50:00Z,13.59,13.59,13.57,13.57,2065
2026-06-25T14:51:00Z,13.57,13.58,13.57,13.58,1892
2026-06-25T14:52:00Z,13.58,13.58,13.58,13.58,1423
2026-06-25T14:53:00Z,13.58,13.59,13.58,13.59,1944
2026-06-25T14:54:00Z,13.59,13.60,13.59,13.60,1857
2026-06-25T14:55:00Z,13.60,13.60,13.58,13.58,902
2026-06-25T14:56:00Z,13.58,13.60,13.58,13.60,1805
2026-06-25T14:57:00Z,13.60,13.60,13.59,13.59,1267
2026-06-25T14:58:00Z,13.59,13.60,13.59,13.60,1215
2026-06-25T14:59:00Z,13.60,13.60,13.60,13.60,2326
2026-06-25T15:00:00Z,13.60,13.60,13.59,13.59,1683
2026-06-25T15:01:00Z,13.59,13.59,13.57,13.57,2604
2026-06-25T15:02:00Z,13.57,13.57,13.57,13.57,1319
2026-06-25T15:03:00Z,13.57,13.57,13.57,13.57,1562
2026-06-25T15:04:00Z,13.57,13.57,13.56,13.56,1614
2026-06-25T15:05:00Z,13.56,13.56,13.56,13.56,1215
2026-06-25T15:06:00Z,13.56,13.56,13.55,13.55,2031
2026-06-25T15:07:00Z,13.55,13.55,13.55,13.55,2187
2026-06-25T15:08:00Z,13.55,13.55,13.54,13.54,2100
2026-06-25T15:09:00Z,13.54,13.54,13.54,13.54,2013
2026-06-25T15:10:00Z,13.54,13.55,13.54,13.55,1371
2026-06-25T15:11:00Z,13.55,13.55,13.53,13.53,1128
2026-06-25T15:12:00Z,13.53,13.53,13.51,13.51,1979
2026-06-25T15:13:00Z,13.51,13.52,13.51,13.52,1614
2026-06-25T15:14:00Z,13.52,13.52,13.51,13.51,972
2026-06-25T15:15:00Z,13.51,13.51,13.50,13.50,1180
2026-06-25T15:16:00Z,13.50,13.51,13.50,13.51,1249
2026-06-25T15:17:00Z,13.51,13.51,13.49,13.49,2031
2026-06-25T15:18:00Z,13.49,13.49,13.49,13.49,1440
2026-06-25T15:19:00Z,13.49,13.49,13.49,13.49,1579
2026-06-25T15:20:00Z,13.49,13.49,13.47,13.47,1892
2026-06-25T15:21:00Z,13.47,13.47,13.47,13.47,954
2026-06-25T15:22:00Z,13.47,13.48,13.47,13.48,1510
2026-06-25T15:23:00Z,13.48,13.48,13.48,13.48,1423
2026-06-25T15:24:00Z,13.48,13.49,13.48,13.49,920
2026-06-25T15:25:00Z,13.49,13.49,13.48,13.48,1527
2026-06-25T15:26:00Z,13.48,13.49,13.48,13.49,2048
2026-06-25T15:27:00Z,13.49,13.49,13.49,13.49,885
2026-06-25T15:28:00Z,13.49,13.49,13.49,13.49,1336
2026-06-25T15:29:00Z,13.49,13.50,13.49,13.50,1128
2026-06-25T15:30:00Z,13.50,13.50,13.49,13.49,1145
2026-06-25T15:31:00Z,13.49,13.49,13.48,13.48,1388
2026-06-25T15:32:00Z,13.48,13.50,13.48,13.50,1892
2026-06-25T15:33:00Z,13.50,13.50,13.50,13.50,2604
2026-06-25T15:34:00Z,13.50,13.50,13.48,13.48,1701
2026-06-25T15:35:00Z,13.48,13.49,13.48,13.49,2117
2026-06-25T15:36:00Z,13.49,13.49,13.48,13.48,1093
2026-06-25T15:37:00Z,13.48,13.48,13.48,13.48,2430
2026-06-25T15:38:00Z,13.48,13.49,13.48,13.49,2013
2026-06-25T15:39:00Z,13.49,13.50,13.49,13.50,1354
2026-06-25T15:40:00Z,13.50,13.51,13.50,13.51,885
2026-06-25T15:41:00Z,13.51,13.52,13.51,13.52,1145
2026-06-25T15:42:00Z,13.52,13.53,13.52,13.53,1926
2026-06-25T15:43:00Z,13.53,13.54,13.53,13.54,954
2026-06-25T15:44:00Z,13.54,13.54,13.54,13.54,2065
2026-06-25T15:45:00Z,13.54,13.54,13.52,13.52,1302
2026-06-25T15:46:00Z,13.52,13.53,13.52,13.53,2100
2026-06-25T15:47:00Z,13.53,13.53,13.53,13.53,1232
2026-06-25T15:48:00Z,13.53,13.53,13.53,13.53,2170
2026-06-25T15:49:00Z,13.53,13.54,13.53,13.54,1215
2026-06-25T15:50:00Z,13.54,13.54,13.54,13.54,1371
2026-06-25T15:51:00Z,13.54,13.55,13.54,13.55,1666
2026-06-25T15:52:00Z,13.55,13.55,13.55,13.55,1683
2026-06-25T15:53:00Z,13.55,13.56,13.55,13.56,1631
2026-06-25T15:54:00Z,13.56,13.57,13.56,13.57,2326
2026-06-25T15:55:00Z,13.57,13.57,13.56,13.56,1979
2026-06-25T15:56:00Z,13.56,13.56,13.55,13.55,2170
2026-06-25T15:57:00Z,13.55,13.56,13.55,13.56,1076
2026-06-25T15:58:00Z,13.56,13.56,13.56,13.56,1892
2026-06-25T15:59:00Z,13.56,13.56,13.56,13.56,1874
2026-06-25T16:00:00Z,13.56,13.56,13.54,13.54,920
2026-06-25T16:01:00Z,13.54,13.54,13.53,13.53,1562
2026-06-25T16:02:00Z,13.53,13.53,13.53,13.53,2170
2026-06-25T16:03:00Z,13.53,13.54,13.53,13.54,1163
2026-06-25T16:04:00Z,13.54,13.54,13.53,13.53,2187
2026-06-25T16:05:00Z,13.53,13.54,13.53,13.54,954
2026-06-25T16:06:00Z,13.54,13.54,13.53,13.53,2378
2026-06-25T16:07:00Z,13.53,13.53,13.53,13.53,2413
2026-06-25T16:08:00Z,13.53,13.53,13.53,13.53,1545
2026-06-25T16:09:00Z,13.53,13.55,13.53,13.55,1058
2026-06-25T16:10:00Z,13.55,13.55,13.55,13.55,1545
2026-06-25T16:11:00Z,13.55,13.56,13.55,13.56,1232
2026-06-25T16:12:00Z,13.56,13.56,13.56,13.56,1527
2026-06-25T16:13:00Z,13.56,13.56,13.56,13.56,2135
2026-06-25T16:14:00Z,13.56,13.56,13.55,13.55,1631
2026-06-25T16:15:00Z,13.55,13.56,13.55,13.56,2326
2026-06-25T16:16:00Z,13.56,13.56,13.55,13.55,2256
2026-06-25T16:17:00Z,13.55,13.55,13.55,13.55,2360
2026-06-25T16:18:00Z,13.55,13.56,13.55,13.56,1354
2026-06-25T16:19:00Z,13.56,13.56,13.55,13.55,2048
2026-06-25T16:20:00Z,13.55,13.55,13.55,13.55,2152
2026-06-25T16:21:00Z,13.55,13.55,13.55,13.55,1111
2026-06-25T16:22:00Z,13.55,13.55,13.55,13.55,1475
2026-06-25T16:23:00Z,13.55,13.55,13.55,13.55,1579
2026-06-25T16:24:00Z,13.55,13.55,13.55,13.55,2482
2026-06-25T16:25:00Z,13.55,13.55,13.55,13.55,1284
2026-06-25T16:26:00Z,13.55,13.55,13.55,13.55,1423
2026-06-25T16:27:00Z,13.55,13.56,13.55,13.56,1562
2026-06-25T16:28:00Z,13.56,13.56,13.56,13.56,1701
2026-06-25T16:29:00Z,13.56,13.57,13.56,13.57,1284
2026-06-25T16:30:00Z,13.57,13.57,13.56,13.56,1406
2026-06-25T16:31:00Z,13.56,13.56,13.56,13.56,937
2026-06-25T16:32:00Z,13.56,13.56,13.56,13.56,2117
2026-06-25T16:33:00Z,13.56,13.56,13.56,13.56,1753
2026-06-25T16:34:00Z,13.56,13.56,13.55,13.55,1753
2026-06-25T16:35:00Z,13.55,13.56,13.55,13.56,1128
2026-06-25T16:36:00Z,13.56,13.56,13.55,13.55,1076
2026-06-25T16:37:00Z,13.55,13.56,13.55,13.56,2604
2026-06-25T16:38:00Z,13.56,13.56,13.55,13.55,2447
2026-06-25T16:39:00Z,13.55,13.55,13.54,13.54,2031
2026-06-25T16:40:00Z,13.54,13.54,13.53,13.53,1614
2026-06-25T16:41:00Z,13.53,13.53,13.53,13.53,2031
2026-06-25T16:42:00Z,13.53,13.53,13.52,13.52,1979
2026-06-25T16:43:00Z,13.52,13.53,13.52,13.53,1961
2026-06-25T16:44:00Z,13.53,13.53,13.53,13.53,2343
2026-06-25T16:45:00Z,13.53,13.54,13.53,13.54,1631
2026-06-25T16:46:00Z,13.54,13.55,13.54,13.55,2117
2026-06-25T16:47:00Z,13.55,13.55,13.55,13.55,902
2026-06-25T16:48:00Z,13.55,13.55,13.53,13.53,2360
2026-06-25T16:49:00Z,13.53,13.53,13.53,13.53,1180
2026-06-25T16:50:00Z,13.53,13.54,13.53,13.54,1840
2026-06-25T16:51:00Z,13.54,13.54,13.54,13.54,2604
2026-06-25T16:52:00Z,13.54,13.54,13.54,13.54,1753
2026-06-25T16:53:00Z,13.54,13.55,13.54,13.55,1128
2026-06-25T16:54:00Z,13.55,13.55,13.54,13.54,1545
2026-06-25T16:55:00Z,13.54,13.55,13.54,13.55,1579
2026-06-25T16:56:00Z,13.55,13.55,13.54,13.54,2360
2026-06-25T16:57:00Z,13.54,13.55,13.54,13.55,1076
2026-06-25T16:58:00Z,13.55,13.55,13.55,13.55,2239
2026-06-25T16:59:00Z,13.55,13.56,13.55,13.56,2551
2026-06-25T17:00:00Z,13.56,13.57,13.56,13.57,2360
2026-06-25T17:01:00Z,13.57,13.58,13.57,13.58,1822
2026-06-25T17:02:00Z,13.58,13.59,13.58,13.59,920
2026-06-25T17:03:00Z,13.59,13.59,13.57,13.57,2326
2026-06-25T17:04:00Z,13.57,13.57,13.57,13.57,1284
2026-06-25T17:05:00Z,13.57,13.57,13.57,13.57,2291
2026-06-25T17:06:00Z,13.57,13.57,13.57,13.57,2239
2026-06-25T17:07:00Z,13.57,13.57,13.57,13.57,1770
2026-06-25T17:08:00Z,13.57,13.57,13.56,13.56,2031
2026-06-25T17:09:00Z,13.56,13.56,13.56,13.56,920
2026-06-25T17:10:00Z,13.56,13.56,13.56,13.56,1440
2026-06-25T17:11:00Z,13.56,13.56,13.55,13.55,1666
2026-06-25T17:12:00Z,13.55,13.55,13.54,13.54,1753
2026-06-25T17:13:00Z,13.54,13.55,13.54,13.55,1909
2026-06-25T17:14:00Z,13.55,13.57,13.55,13.57,2308
2026-06-25T17:15:00Z,13.57,13.57,13.56,13.56,1996
2026-06-25T17:16:00Z,13.56,13.56,13.56,13.56,1475
2026-06-25T17:17:00Z,13.56,13.56,13.56,13.56,2239
2026-06-25T17:18:00Z,13.56,13.56,13.54,13.54,2360
2026-06-25T17:19:00Z,13.54,13.55,13.54,13.55,1440
2026-06-25T17:20:00Z,13.55,13.55,13.55,13.55,1840
2026-06-25T17:21:00Z,13.55,13.56,13.55,13.56,2308
2026-06-25T17:22:00Z,13.56,13.56,13.55,13.55,1145
2026-06-25T17:23:00Z,13.55,13.55,13.55,13.55,1944
2026-06-25T17:24:00Z,13.55,13.55,13.54,13.54,2604
2026-06-25T17:25:00Z,13.54,13.54,13.54,13.54,1736
2026-06-25T17:26:00Z,13.54,13.54,13.53,13.53,2499
2026-06-25T17:27:00Z,13.53,13.53,13.53,13.53,1892
2026-06-25T17:28:00Z,13.53,13.53,13.53,13.53,1475
2026-06-25T17:29:00Z,13.53,13.53,13.52,13.52,1926
2026-06-25T17:30:00Z,13.52,13.53,13.52,13.53,2117
2026-06-25T17:31:00Z,13.53,13.53,13.52,13.52,1458
2026-06-25T17:32:00Z,13.52,13.53,13.52,13.53,1926
2026-06-25T17:33:00Z,13.53,13.53,13.53,13.53,2013
2026-06-25T17:34:00Z,13.53,13.54,13.53,13.54,1215
2026-06-25T17:35:00Z,13.54,13.55,13.54,13.55,1423
2026-06-25T17:36:00Z,13.55,13.55,13.55,13.55,2482
2026-06-25T17:37:00Z,13.55,13.55,13.55,13.55,1683
2026-06-25T17:38:00Z,13.55,13.55,13.55,13.55,1718
2026-06-25T17:39:00Z,13.55,13.55,13.54,13.54,1996
2026-06-25T17:40:00Z,13.54,13.55,13.54,13.55,2569
2026-06-25T17:41:00Z,13.55,13.55,13.55,13.55,1944
2026-06-25T17:42:00Z,13.55,13.56,13.55,13.56,1597
2026-06-25T17:43:00Z,13.56,13.56,13.56,13.56,2465
2026-06-25T17:44:00Z,13.56,13.56,13.55,13.55,1249
2026-06-25T17:45:00Z,13.55,13.55,13.55,13.55,2482
2026-06-25T17:46:00Z,13.55,13.56,13.55,13.56,2395
2026-06-25T17:47:00Z,13.56,13.56,13.54,13.54,1371
2026-06-25T17:48:00Z,13.54,13.54,13.53,13.53,1093
2026-06-25T17:49:00Z,13.53,13.54,13.53,13.54,1597
2026-06-25T17:50:00Z,13.54,13.54,13.54,13.54,1545
2026-06-25T17:51:00Z,13.54,13.55,13.54,13.55,2031
2026-06-25T17:52:00Z,13.55,13.56,13.55,13.56,1058
2026-06-25T17:53:00Z,13.56,13.56,13.55,13.55,2360
2026-06-25T17:54:00Z,13.55,13.56,13.55,13.56,1180
2026-06-25T17:55:00Z,13.56,13.56,13.55,13.55,1267
2026-06-25T17:56:00Z,13.55,13.55,13.55,13.55,2343
2026-06-25T17:57:00Z,13.55,13.56,13.55,13.56,972
2026-06-25T17:58:00Z,13.56,13.56,13.56,13.56,2117
2026-06-25T17:59:00Z,13.56,13.56,13.56,13.56,2551
2026-06-25T18:00:00Z,13.56,13.56,13.56,13.56,2291
2026-06-25T18:01:00Z,13.56,13.56,13.56,13.56,2031
2026-06-25T18:02:00Z,13.56,13.57,13.56,13.57,1892
2026-06-25T18:03:00Z,13.57,13.57,13.57,13.57,1666
2026-06-25T18:04:00Z,13.57,13.57,13.57,13.57,2308
2026-06-25T18:05:00Z,13.57,13.57,13.56,13.56,2222
2026-06-25T18:06:00Z,13.56,13.56,13.56,13.56,1354
2026-06-25T18:07:00Z,13.56,13.56,13.56,13.56,2117
2026-06-25T18:08:00Z,13.56,13.56,13.56,13.56,1423
2026-06-25T18:09:00Z,13.56,13.56,13.56,13.56,1180
2026-06-25T18:10:00Z,13.56,13.56,13.56,13.56,2170
2026-06-25T18:11:00Z,13.56,13.57,13.56,13.57,920
2026-06-25T18:12:00Z,13.57,13.57,13.57,13.57,1232
2026-06-25T18:13:00Z,13.57,13.57,13.57,13.57,1267
2026-06-25T18:14:00Z,13.57,13.57,13.57,13.57,2360
2026-06-25T18:15:00Z,13.57,13.57,13.57,13.57,1527
2026-06-25T18:16:00Z,13.57,13.58,13.57,13.58,1458
2026-06-25T18:17:00Z,13.58,13.58,13.58,13.58,1267
2026-06-25T18:18:00Z,13.58,13.58,13.58,13.58,1909
2026-06-25T18:19:00Z,13.58,13.58,13.58,13.58,2135
2026-06-25T18:20:00Z,13.58,13.58,13.58,13.58,1788
2026-06-25T18:21:00Z,13.58,13.59,13.58,13.59,1736
2026-06-25T18:22:00Z,13.59,13.59,13.59,13.59,1145
2026-06-25T18:23:00Z,13.59,13.59,13.59,13.59,2586
2026-06-25T18:24:00Z,13.59,13.59,13.59,13.59,1145
2026-06-25T18:25:00Z,13.59,13.59,13.59,13.59,2482
2026-06-25T18:26:00Z,13.59,13.59,13.59,13.59,2152
2026-06-25T18:27:00Z,13.59,13.59,13.58,13.58,2343
2026-06-25T18:28:00Z,13.58,13.59,13.58,13.59,2274
2026-06-25T18:29:00Z,13.59,13.60,13.59,13.60,2360
2026-06-25T18:30:00Z,13.60,13.61,13.60,13.61,2013
2026-06-25T18:31:00Z,13.61,13.61,13.60,13.60,1458
2026-06-25T18:32:00Z,13.60,13.61,13.60,13.61,2447
2026-06-25T18:33:00Z,13.61,13.62,13.61,13.62,1527
2026-06-25T18:34:00Z,13.62,13.62,13.62,13.62,2308
2026-06-25T18:35:00Z,13.62,13.63,13.62,13.63,1371
2026-06-25T18:36:00Z,13.63,13.63,13.63,13.63,2326
2026-06-25T18:37:00Z,13.63,13.64,13.63,13.64,1388
2026-06-25T18:38:00Z,13.64,13.64,13.64,13.64,2482
2026-06-25T18:39:00Z,13.64,13.64,13.63,13.63,1996
2026-06-25T18:40:00Z,13.63,13.63,13.62,13.62,2499
2026-06-25T18:41:00Z,13.62,13.62,13.62,13.62,1354
2026-06-25T18:42:00Z,13.62,13.62,13.62,13.62,1267
2026-06-25T18:43:00Z,13.62,13.62,13.62,13.62,2343
2026-06-25T18:44:00Z,13.62,13.62,13.61,13.61,2187
2026-06-25T18:45:00Z,13.61,13.62,13.61,13.62,1197
2026-06-25T18:46:00Z,13.62,13.62,13.62,13.62,1006
2026-06-25T18:47:00Z,13.62,13.62,13.61,13.61,2326
2026-06-25T18:48:00Z,13.61,13.62,13.61,13.62,1232
2026-06-25T18:49:00Z,13.62,13.62,13.62,13.62,1058
2026-06-25T18:50:00Z,13.62,13.62,13.61,13.61,2031
2026-06-25T18:51:00Z,13.61,13.61,13.61,13.61,2170
2026-06-25T18:52:00Z,13.61,13.62,13.61,13.62,2031
2026-06-25T18:53:00Z,13.62,13.63,13.62,13.63,1076
2026-06-25T18:54:00Z,13.63,13.63,13.63,13.63,1666
2026-06-25T18:55:00Z,13.63,13.63,13.63,13.63,1371
2026-06-25T18:56:00Z,13.63,13.63,13.63,13.63,1215
2026-06-25T18:57:00Z,13.63,13.63,13.63,13.63,2343
2026-06-25T18:58:00Z,13.63,13.63,13.63,13.63,1024
2026-06-25T18:59:00Z,13.63,13.64,13.63,13.64,1180
2026-06-25T19:00:00Z,13.64,13.64,13.64,13.64,1232
2026-06-25T19:01:00Z,13.64,13.64,13.64,13.64,1874
2026-06-25T19:02:00Z,13.64,13.64,13.63,13.63,1492
2026-06-25T19:03:00Z,13.63,13.64,13.63,13.64,1388
2026-06-25T19:04:00Z,13.64,13.64,13.64,13.64,2031
2026-06-25T19:05:00Z,13.64,13.64,13.63,13.63,1996
2026-06-25T19:06:00Z,13.63,13.63,13.63,13.63,2170
2026-06-25T19:07:00Z,13.63,13.63,13.63,13.63,2534
2026-06-25T19:08:00Z,13.63,13.63,13.63,13.63,2152
2026-06-25T19:09:00Z,13.63,13.63,13.62,13.62,1979
2026-06-25T19:10:00Z,13.62,13.62,13.61,13.61,937
2026-06-25T19:11:00Z,13.61,13.61,13.61,13.61,2239
2026-06-25T19:12:00Z,13.61,13.61,13.61,13.61,972
2026-06-25T19:13:00Z,13.61,13.62,13.61,13.62,1076
2026-06-25T19:14:00Z,13.62,13.63,13.62,13.63,902
2026-06-25T19:15:00Z,13.63,13.63,13.63,13.63,2517
2026-06-25T19:16:00Z,13.63,13.64,13.63,13.64,1857
2026-06-25T19:17:00Z,13.64,13.64,13.64,13.64,2204
2026-06-25T19:18:00Z,13.64,13.65,13.64,13.65,1597
2026-06-25T19:19:00Z,13.65,13.66,13.65,13.66,1527
2026-06-25T19:20:00Z,13.66,13.66,13.65,13.65,2170
2026-06-25T19:21:00Z,13.65,13.66,13.65,13.66,1163
2026-06-25T19:22:00Z,13.66,13.67,13.66,13.67,937
2026-06-25T19:23:00Z,13.67,13.67,13.67,13.67,2204
2026-06-25T19:24:00Z,13.67,13.67,13.67,13.67,1961
2026-06-25T19:25:00Z,13.67,13.68,13.67,13.68,2551
2026-06-25T19:26:00Z,13.68,13.68,13.68,13.68,1666
2026-06-25T19:27:00Z,13.68,13.68,13.68,13.68,1319
2026-06-25T19:28:00Z,13.68,13.68,13.68,13.68,1649
2026-06-25T19:29:00Z,13.68,13.68,13.68,13.68,2482
2026-06-25T19:30:00Z,13.68,13.68,13.68,13.68,1145
2026-06-25T19:31:00Z,13.68,13.70,13.68,13.70,2447
2026-06-25T19:32:00Z,13.70,13.70,13.70,13.70,2378
2026-06-25T19:33:00Z,13.70,13.70,13.69,13.69,2395
2026-06-25T19:34:00Z,13.69,13.71,13.69,13.71,2170
2026-06-25T19:35:00Z,13.71,13.71,13.70,13.70,1076
2026-06-25T19:36:00Z,13.70,13.70,13.70,13.70,1319
2026-06-25T19:37:00Z,13.70,13.71,13.70,13.71,1197
2026-06-25T19:38:00Z,13.71,13.71,13.70,13.70,1492
2026-06-25T19:39:00Z,13.70,13.70,13.70,13.70,2517
2026-06-25T19:40:00Z,13.70,13.70,13.69,13.69,1232
2026-06-25T19:41:00Z,13.69,13.69,13.69,13.69,2152
2026-06-25T19:42:00Z,13.69,13.70,13.69,13.70,1197
2026-06-25T19:43:00Z,13.70,13.71,13.70,13.71,885
2026-06-25T19:44:00Z,13.71,13.72,13.71,13.72,2586
2026-06-25T19:45:00Z,13.72,13.72,13.72,13.72,1979
2026-06-25T19:46:00Z,13.72,13.72,13.71,13.71,1770
2026-06-25T19:47:00Z,13.71,13.72,13.71,13.72,1354
2026-06-25T19:48:00Z,13.72,13.73,13.72,13.73,2135
2026-06-25T19:49:00Z,13.73,13.74,13.73,13.74,1406
2026-06-25T19:50:00Z,13.74,13.74,13.73,13.73,2430
2026-06-25T19:51:00Z,13.73,13.73,13.72,13.72,1701
2026-06-25T19:52:00Z,13.72,13.72,13.72,13.72,2048
2026-06-25T19:53:00Z,13.72,13.73,13.72,13.73,1805
2026-06-25T19:54:00Z,13.73,13.74,13.73,13.74,1562
2026-06-25T19:55:00Z,13.74,13.74,13.74,13.74,1909
2026-06-25T19:56:00Z,13.74,13.74,13.74,13.74,1683
2026-06-25T19:57:00Z,13.74,13.76,13.74,13.76,1076
2026-06-25T19:58:00Z,13.76,13.76,13.75,13.75,1302
2026-06-25T19:59:00Z,13.75,13.75,13.75,13.75,2100
2026-06-25T20:00:00Z,13.75,13.75,13.75,13.75,972
2026-06-25T20:01:00Z,13.75,13.76,13.75,13.76,1406
2026-06-25T20:02:00Z,13.76,13.76,13.75,13.75,1093
2026-06-25T20:03:00Z,13.75,13.76,13.75,13.76,1145
2026-06-25T20:04:00Z,13.76,13.77,13.76,13.77,2204
2026-06-25T20:05:00Z,13.77,13.77,13.77,13.77,2343
2026-06-25T20:06:00Z,13.77,13.77,13.77,13.77,1944
2026-06-25T20:07:00Z,13.77,13.77,13.77,13.77,1475
2026-06-25T20:08:00Z,13.77,13.77,13.77,13.77,1909
2026-06-25T20:09:00Z,13.77,13.78,13.77,13.78,1058
2026-06-25T20:10:00Z,13.78,13.78,13.77,13.77,1892
2026-06-25T20:11:00Z,13.77,13.79,13.77,13.79,1215
2026-06-25T20:12:00Z,13.79,13.79,13.79,13.79,1961
2026-06-25T20:13:00Z,13.79,13.79,13.79,13.79,1562
2026-06-25T20:14:00Z,13.79,13.80,13.79,13.80,2031
2026-06-25T20:15:00Z,13.80,13.81,13.80,13.81,1805
2026-06-25T20:16:00Z,13.81,13.81,13.81,13.81,2239
2026-06-25T20:17:00Z,13.81,13.81,13.80,13.80,1892
2026-06-25T20:18:00Z,13.80,13.81,13.80,13.81,1197
2026-06-25T20:19:00Z,13.81,13.81,13.81,13.81,920
2026-06-25T20:20:00Z,13.81,13.81,13.81,13.81,1492
2026-06-25T20:21:00Z,13.81,13.82,13.81,13.82,1979
2026-06-25T20:22:00Z,13.82,13.82,13.81,13.81,1302
2026-06-25T20:23:00Z,13.81,13.82,13.81,13.82,2031
2026-06-25T20:24:00Z,13.82,13.84,13.82,13.84,1197
2026-06-25T20:25:00Z,13.84,13.84,13.84,13.84,1249
2026-06-25T20:26:00Z,13.84,13.86,13.84,13.86,2604
2026-06-25T20:27:00Z,13.86,13.86,13.85,13.85,2135
2026-06-25T20:28:00Z,13.85,13.86,13.85,13.86,1302
2026-06-25T20:29:00Z,13.86,13.86,13.86,13.86,1701
2026-06-25T20:30:00Z,13.86,13.86,13.85,13.85,1666
2026-06-25T20:31:00Z,13.85,13.85,13.85,13.85,972
2026-06-25T20:32:00Z,13.85,13.85,13.85,13.85,2239
2026-06-25T20:33:00Z,13.85,13.85,13.84,13.84,2152
2026-06-25T20:34:00Z,13.84,13.85,13.84,13.85,1458
2026-06-25T20:35:00Z,13.85,13.86,13.85,13.86,2048
2026-06-25T20:36:00Z,13.86,13.86,13.86,13.86,1406
2026-06-25T20:37:00Z,13.86,13.86,13.86,13.86,1857
2026-06-25T20:38:00Z,13.86,13.87,13.86,13.87,2395
2026-06-25T20:39:00Z,13.87,13.88,13.87,13.88,1579
2026-06-25T20:40:00Z,13.88,13.88,13.87,13.87,1128
2026-06-25T20:41:00Z,13.87,13.88,13.87,13.88,902
2026-06-25T20:42:00Z,13.88,13.88,13.86,13.86,868
2026-06-25T20:43:00Z,13.86,13.86,13.86,13.86,1180
2026-06-25T20:44:00Z,13.86,13.86,13.85,13.85,2326
2026-06-25T20:45:00Z,13.85,13.85,13.85,13.85,2360
2026-06-25T20:46:00Z,13.85,13.85,13.85,13.85,1874
2026-06-25T20:47:00Z,13.85,13.85,13.85,13.85,2326
2026-06-25T20:48:00Z,13.85,13.86,13.85,13.86,2482
2026-06-25T20:49:00Z,13.86,13.87,13.86,13.87,1753
2026-06-25T20:50:00Z,13.87,13.87,13.85,13.85,2204
2026-06-25T20:51:00Z,13.85,13.85,13.84,13.84,885
2026-06-25T20:52:00Z,13.84,13.84,13.84,13.84,2013
2026-06-25T20:53:00Z,13.84,13.85,13.84,13.85,1683
2026-06-25T20:54:00Z,13.85,13.85,13.85,13.85,1180
2026-06-25T20:55:00Z,13.85,13.85,13.85,13.85,1683
2026-06-25T20:56:00Z,13.85,13.86,13.85,13.86,1492
2026-06-25T20:57:00Z,13.86,13.86,13.84,13.84,885
2026-06-25T20:58:00Z,13.84,13.84,13.83,13.83,1579
2026-06-25T20:59:00Z,13.83,13.83,13.83,13.83,1874
2026-06-25T21:00:00Z,13.83,13.83,13.83,13.83,1562
2026-06-25T21:01:00Z,13.83,13.84,13.83,13.84,1440
2026-06-25T21:02:00Z,13.84,13.86,13.84,13.86,1649
2026-06-25T21:03:00Z,13.86,13.86,13.86,13.86,2360
2026-06-25T21:04:00Z,13.86,13.87,13.86,13.87,1926
2026-06-25T21:05:00Z,13.87,13.87,13.87,13.87,1944
2026-06-25T21:06:00Z,13.87,13.87,13.87,13.87,2326
2026-06-25T21:07:00Z,13.87,13.87,13.87,13.87,2274
2026-06-25T21:08:00Z,13.87,13.88,13.87,13.88,2586
2026-06-25T21:09:00Z,13.88,13.88,13.88,13.88,1111
2026-06-25T21:10:00Z,13.88,13.88,13.88,13.88,1284
2026-06-25T21:11:00Z,13.88,13.88,13.87,13.87,989
2026-06-25T21:12:00Z,13.87,13.87,13.87,13.87,954
2026-06-25T21:13:00Z,13.87,13.88,13.87,13.88,2517
2026-06-25T21:14:00Z,13.88,13.88,13.88,13.88,1180
2026-06-25T21:15:00Z,13.88,13.89,13.88,13.89,2100
2026-06-25T21:16:00Z,13.89,13.89,13.89,13.89,2499
2026-06-25T21:17:00Z,13.89,13.89,13.89,13.89,2551
2026-06-25T21:18:00Z,13.89,13.89,13.87,13.87,1857
2026-06-25T21:19:00Z,13.87,13.89,13.87,13.89,1944
2026-06-25T21:20:00Z,13.89,13.89,13.88,13.88,1597
2026-06-25T21:21:00Z,13.88,13.88,13.87,13.87,2326
2026-06-25T21:22:00Z,13.87,13.89,13.87,13.89,1371
2026-06-25T21:23:00Z,13.89,13.89,13.89,13.89,2413
2026-06-25T21:24:00Z,13.89,13.90,13.89,13.90,1979
2026-06-25T21:25:00Z,13.90,13.91,13.90,13.91,1874
2026-06-25T21:26:00Z,13.91,13.92,13.91,13.92,2465
2026-06-25T21:27:00Z,13.92,13.92,13.91,13.91,1718
2026-06-25T21:28:00Z,13.91,13.91,13.91,13.91,1736
2026-06-25T21:29:00Z,13.91,13.91,13.89,13.89,937
2026-06-25T21:30:00Z,13.89,13.89,13.89,13.89,1788
2026-06-25T21:31:00Z,13.89,13.89,13.89,13.89,2517
2026-06-25T21:32:00Z,13.89,13.89,13.88,13.88,2482
2026-06-25T21:33:00Z,13.88,13.88,13.88,13.88,1683
2026-06-25T21:34:00Z,13.88,13.88,13.87,13.87,1423
2026-06-25T21:35:00Z,13.87,13.87,13.87,13.87,1926
2026-06-25T21:36:00Z,13.87,13.87,13.87,13.87,989
2026-06-25T21:37:00Z,13.87,13.87,13.87,13.87,1058
2026-06-25T21:38:00Z,13.87,13.87,13.87,13.87,1423
2026-06-25T21:39:00Z,13.87,13.88,13.87,13.88,2326
2026-06-25T21:40:00Z,13.88,13.88,13.87,13.87,2031
2026-06-25T21:41:00Z,13.87,13.87,13.87,13.87,2569
2026-06-25T21:42:00Z,13.87,13.87,13.87,13.87,2447
2026-06-25T21:43:00Z,13.87,13.88,13.87,13.88,1822
2026-06-25T21:44:00Z,13.88,13.89,13.88,13.89,2170
2026-06-25T21:45:00Z,13.89,13.89,13.88,13.88,1510
2026-06-25T21:46:00Z,13.88,13.89,13.88,13.89,2499
2026-06-25T21:47:00Z,13.89,13.89,13.88,13.88,1197
2026-06-25T21:48:00Z,13.88,13.88,13.88,13.88,972
2026-06-25T21:49:00Z,13.88,13.88,13.87,13.87,2534
2026-06-25T21:50:00Z,13.87,13.87,13.86,13.86,1840
2026-06-25T21:51:00Z,13.86,13.87,13.86,13.87,2083
2026-06-25T21:52:00Z,13.87,13.87,13.86,13.86,1111
2026-06-25T21:53:00Z,13.86,13.88,13.86,13.88,1006
2026-06-25T21:54:00Z,13.88,13.88,13.86,13.86,2604
2026-06-25T21:55:00Z,13.86,13.87,13.86,13.87,1006
2026-06-25T21:56:00Z,13.87,13.87,13.86,13.86,868
2026-06-25T21:57:00Z,13.86,13.86,13.86,13.86,2013
2026-06-25T21:58:00Z,13.86,13.86,13.86,13.86,2360
2026-06-25T21:59:00Z,13.86,13.86,13.86,13.86,2569
2026-06-25T22:00:00Z,13.86,13.86,13.85,13.85,1892
2026-06-25T22:01:00Z,13.85,13.85,13.84,13.84,2447
2026-06-25T22:02:00Z,13.84,13.84,13.84,13.84,2395
2026-06-25T22:03:00Z,13.84,13.84,13.84,13.84,2465
2026-06-25T22:04:00Z,13.84,13.85,13.84,13.85,1163
2026-06-25T22:05:00Z,13.85,13.86,13.85,13.86,1788
2026-06-25T22:06:00Z,13.86,13.86,13.85,13.85,1961
2026-06-25T22:07:00Z,13.85,13.87,13.85,13.87,1423
2026-06-25T22:08:00Z,13.87,13.87,13.87,13.87,1024
2026-06-25T22:09:00Z,13.87,13.89,13.87,13.89,2343
2026-06-25T22:10:00Z,13.89,13.89,13.89,13.89,1388
2026-06-25T22:11:00Z,13.89,13.89,13.88,13.88,2430
2026-06-25T22:12:00Z,13.88,13.89,13.88,13.89,1926
2026-06-25T22:13:00Z,13.89,13.89,13.88,13.88,989
2026-06-25T22:14:00Z,13.88,13.90,13.88,13.90,1180
2026-06-25T22:15:00Z,13.90,13.90,13.90,13.90,1163
2026-06-25T22:16:00Z,13.90,13.90,13.89,13.89,2604
2026-06-25T22:17:00Z,13.89,13.91,13.89,13.91,1319
2026-06-25T22:18:00Z,13.91,13.91,13.89,13.89,1527
2026-06-25T22:19:00Z,13.89,13.90,13.89,13.90,1614
2026-06-25T22:20:00Z,13.90,13.90,13.89,13.89,1718
2026-06-25T22:21:00Z,13.89,13.89,13.88,13.88,1736
2026-06-25T22:22:00Z,13.88,13.89,13.88,13.89,1284
2026-06-25T22:23:00Z,13.89,13.89,13.89,13.89,1926
2026-06-25T22:24:00Z,13.89,13.89,13.89,13.89,1024
2026-06-25T22:25:00Z,13.89,13.89,13.89,13.89,2517
2026-06-25T22:26:00Z,13.89,13.89,13.89,13.89,2100
2026-06-25T22:27:00Z,13.89,13.89,13.88,13.88,1666
2026-06-25T22:28:00Z,13.88,13.88,13.87,13.87,1840
2026-06-25T22:29:00Z,13.87,13.88,13.87,13.88,868
2026-06-25T22:30:00Z,13.88,13.88,13.88,13.88,1163
2026-06-25T22:31:00Z,13.88,13.89,13.88,13.89,2551
2026-06-25T22:32:00Z,13.89,13.89,13.89,13.89,1718
2026-06-25T22:33:00Z,13.89,13.89,13.88,13.88,2013
2026-06-25T22:34:00Z,13.88,13.88,13.87,13.87,2083
2026-06-25T22:35:00Z,13.87,13.87,13.87,13.87,2551
2026-06-25T22:36:00Z,13.87,13.87,13.86,13.86,1579
2026-06-25T22:37:00Z,13.86,13.86,13.84,13.84,2378
2026-06-25T22:38:00Z,13.84,13.85,13.84,13.85,1944
2026-06-25T22:39:00Z,13.85,13.86,13.85,13.86,2413
2026-06-25T22:40:00Z,13.86,13.86,13.86,13.86,1249
2026-06-25T22:41:00Z,13.86,13.86,13.85,13.85,2326
2026-06-25T22:42:00Z,13.85,13.85,13.85,13.85,885
2026-06-25T22:43:00Z,13.85,13.85,13.85,13.85,885
2026-06-25T22:44:00Z,13.85,13.86,13.85,13.86,2413
2026-06-25T22:45:00Z,13.86,13.87,13.86,13.87,2170
2026-06-25T22:46:00Z,13.87,13.87,13.86,13.86,2499
2026-06-25T22:47:00Z,13.86,13.86,13.86,13.86,1249
2026-06-25T22:48:00Z,13.86,13.86,13.86,13.86,902
2026-06-25T22:49:00Z,13.86,13.86,13.86,13.86,2534
2026-06-25T22:50:00Z,13.86,13.86,13.85,13.85,1232
2026-06-25T22:51:00Z,13.85,13.85,13.85,13.85,2274
2026-06-25T22:52:00Z,13.85,13.86,13.85,13.86,1944
2026-06-25T22:53:00Z,13.86,13.86,13.85,13.85,2048
2026-06-25T22:54:00Z,13.85,13.86,13.85,13.86,1041
2026-06-25T22:55:00Z,13.86,13.86,13.84,13.84,1354
2026-06-25T22:56:00Z,13.84,13.84,13.84,13.84,1944
2026-06-25T22:57:00Z,13.84,13.85,13.84,13.85,2360
2026-06-25T22:58:00Z,13.85,13.85,13.85,13.85,1145
2026-06-25T22:59:00Z,13.85,13.86,13.85,13.86,1510
2026-06-25T23:00:00Z,13.86,13.86,13.85,13.85,2274
2026-06-25T23:01:00Z,13.85,13.85,13.85,13.85,1597
2026-06-25T23:02:00Z,13.85,13.85,13.85,13.85,1545
2026-06-25T23:03:00Z,13.85,13.85,13.85,13.85,1215
2026-06-25T23:04:00Z,13.85,13.87,13.85,13.87,1926
2026-06-25T23:05:00Z,13.87,13.87,13.86,13.86,2482
2026-06-25T23:06:00Z,13.86,13.86,13.86,13.86,1406
2026-06-25T23:07:00Z,13.86,13.87,13.86,13.87,1249
2026-06-25T23:08:00Z,13.87,13.87,13.87,13.87,1076
2026-06-25T23:09:00Z,13.87,13.87,13.85,13.85,2378
2026-06-25T23:10:00Z,13.85,13.85,13.85,13.85,2517
2026-06-25T23:11:00Z,13.85,13.85,13.85,13.85,1579
2026-06-25T23:12:00Z,13.85,13.85,13.84,13.84,1093
2026-06-25T23:13:00Z,13.84,13.84,13.84,13.84,1979
2026-06-25T23:14:00Z,13.84,13.85,13.84,13.85,885
2026-06-25T23:15:00Z,13.85,13.85,13.84,13.84,1979
2026-06-25T23:16:00Z,13.84,13.84,13.83,13.83,1354
2026-06-25T23:17:00Z,13.83,13.84,13.83,13.84,2117
2026-06-25T23:18:00Z,13.84,13.84,13.83,13.83,2308
2026-06-25T23:19:00Z,13.83,13.83,13.83,13.83,1180
2026-06-25T23:20:00Z,13.83,13.85,13.83,13.85,920
2026-06-25T23:21:00Z,13.85,13.85,13.85,13.85,1388
2026-06-25T23:22:00Z,13.85,13.87,13.85,13.87,2239
2026-06-25T23:23:00Z,13.87,13.88,13.87,13.88,1058
2026-06-25T23:24:00Z,13.88,13.88,13.87,13.87,2065
2026-06-25T23:25:00Z,13.87,13.87,13.87,13.87,1562
2026-06-25T23:26:00Z,13.87,13.88,13.87,13.88,1284
2026-06-25T23:27:00Z,13.88,13.88,13.86,13.86,2204
2026-06-25T23:28:00Z,13.86,13.87,13.86,13.87,1718
2026-06-25T23:29:00Z,13.87,13.88,13.87,13.88,1440
2026-06-25T23:30:00Z,13.88,13.88,13.88,13.88,2274
2026-06-25T23:31:00Z,13.88,13.88,13.88,13.88,1475
2026-06-25T23:32:00Z,13.88,13.88,13.88,13.88,1996
2026-06-25T23:33:00Z,13.88,13.88,13.87,13.87,1736
2026-06-25T23:34:00Z,13.87,13.87,13.87,13.87,1232
2026-06-25T23:35:00Z,13.87,13.87,13.86,13.86,1683
2026-06-25T23:36:00Z,13.86,13.86,13.84,13.84,902
2026-06-25T23:37:00Z,13.84,13.85,13.84,13.85,2482
2026-06-25T23:38:00Z,13.85,13.85,13.85,13.85,2482
2026-06-25T23:39:00Z,13.85,13.85,13.83,13.83,1024
2026-06-25T23:40:00Z,13.83,13.83,13.83,13.83,1753
2026-06-25T23:41:00Z,13.83,13.84,13.83,13.84,2291
2026-06-25T23:42:00Z,13.84,13.84,13.84,13.84,2378
2026-06-25T23:43:00Z,13.84,13.84,13.84,13.84,2135
2026-06-25T23:44:00Z,13.84,13.85,13.84,13.85,1197
2026-06-25T23:45:00Z,13.85,13.85,13.83,13.83,1423
2026-06-25T23:46:00Z,13.83,13.84,13.83,13.84,2083
2026-06-25T23:47:00Z,13.84,13.84,13.84,13.84,2065
2026-06-25T23:48:00Z,13.84,13.85,13.84,13.85,1180
2026-06-25T23:49:00Z,13.85,13.86,13.85,13.86,1545
2026-06-25T23:50:00Z,13.86,13.87,13.86,13.87,2187
2026-06-25T23:51:00Z,13.87,13.88,13.87,13.88,1892
2026-06-25T23:52:00Z,13.88,13.89,13.88,13.89,1058
2026-06-25T23:53:00Z,13.89,13.89,13.89,13.89,1076
2026-06-25T23:54:00Z,13.89,13.89,13.88,13.88,1475
2026-06-25T23:55:00Z,13.88,13.89,13.88,13.89,2569
2026-06-25T23:56:00Z,13.89,13.89,13.89,13.89,1388
2026-06-25T23:57:00Z,13.89,13.89,13.89,13.89,2152
2026-06-25T23:58:00Z,13.89,13.90,13.89,13.90,2482
2026-06-25T23:59:00Z,13.90,13.92,13.90,13.92,2604
2026-06-26T00:00:00Z,13.92,13.93,13.92,13.93,2378
2026-06-26T00:01:00Z,13.93,13.93,13.91,13.91,1371
2026-06-26T00:02:00Z,13.91,13.91,13.90,13.90,1024
2026-06-26T00:03:00Z,13.90,13.90,13.89,13.89,1111
2026-06-26T00:04:00Z,13.89,13.89,13.89,13.89,2534
2026-06-26T00:05:00Z,13.89,13.89,13.88,13.88,2204
2026-06-26T00:06:00Z,13.88,13.88,13.88,13.88,1232
2026-06-26T00:07:00Z,13.88,13.88,13.88,13.88,1909
2026-06-26T00:08:00Z,13.88,13.88,13.88,13.88,1111
2026-06-26T00:09:00Z,13.88,13.88,13.87,13.87,1232
2026-06-26T00:10:00Z,13.87,13.89,13.87,13.89,1475
2026-06-26T00:11:00Z,13.89,13.89,13.89,13.89,2170
2026-06-26T00:12:00Z,13.89,13.90,13.89,13.90,1475
2026-06-26T00:13:00Z,13.90,13.91,13.90,13.91,989
2026-06-26T00:14:00Z,13.91,13.91,13.91,13.91,2447
2026-06-26T00:15:00Z,13.91,13.91,13.91,13.91,1579
2026-06-26T00:16:00Z,13.91,13.93,13.91,13.93,1944
2026-06-26T00:17:00Z,13.93,13.93,13.93,13.93,2013
2026-06-26T00:18:00Z,13.93,13.93,13.93,13.93,1284
2026-06-26T00:19:00Z,13.93,13.93,13.92,13.92,1683
2026-06-26T00:20:00Z,13.92,13.93,13.92,13.93,2395
2026-06-26T00:21:00Z,13.93,13.93,13.93,13.93,1232
2026-06-26T00:22:00Z,13.93,13.93,13.93,13.93,1267
2026-06-26T00:23:00Z,13.93,13.93,13.92,13.92,2083
2026-06-26T00:24:00Z,13.92,13.93,13.92,13.93,1058
2026-06-26T00:25:00Z,13.93,13.93,13.93,13.93,1909
2026-06-26T00:26:00Z,13.93,13.94,13.93,13.94,885
2026-06-26T00:27:00Z,13.94,13.94,13.94,13.94,2482
2026-06-26T00:28:00Z,13.94,13.95,13.94,13.95,1215
2026-06-26T00:29:00Z,13.95,13.95,13.95,13.95,1145
2026-06-26T00:30:00Z,13.95,13.95,13.93,13.93,2274
2026-06-26T00:31:00Z,13.93,13.94,13.93,13.94,1475
2026-06-26T00:32:00Z,13.94,13.94,13.94,13.94,1631
2026-06-26T00:33:00Z,13.94,13.95,13.94,13.95,1475
2026-06-26T00:34:00Z,13.95,13.95,13.95,13.95,1423
2026-06-26T00:35:00Z,13.95,13.95,13.95,13.95,1128
2026-06-26T00:36:00Z,13.95,13.95,13.95,13.95,1562
2026-06-26T00:37:00Z,13.95,13.97,13.95,13.97,1805
2026-06-26T00:38:00Z,13.97,13.97,13.96,13.96,1979
2026-06-26T00:39:00Z,13.96,13.97,13.96,13.97,1302
2026-06-26T00:40:00Z,13.97,13.97,13.97,13.97,1579
2026-06-26T00:41:00Z,13.97,13.97,13.97,13.97,1597
2026-06-26T00:42:00Z,13.97,13.97,13.97,13.97,2465
2026-06-26T00:43:00Z,13.97,13.97,13.97,13.97,1354
2026-06-26T00:44:00Z,13.97,13.97,13.96,13.96,2413
2026-06-26T00:45:00Z,13.96,13.96,13.96,13.96,2534
2026-06-26T00:46:00Z,13.96,13.96,13.95,13.95,1736
2026-06-26T00:47:00Z,13.95,13.96,13.95,13.96,1944
2026-06-26T00:48:00Z,13.96,13.96,13.95,13.95,2604
2026-06-26T00:49:00Z,13.95,13.95,13.94,13.94,1041
2026-06-26T00:50:00Z,13.94,13.94,13.94,13.94,1024
2026-06-26T00:51:00Z,13.94,13.95,13.94,13.95,2187
2026-06-26T00:52:00Z,13.95,13.95,13.93,13.93,2187
2026-06-26T00:53:00Z,13.93,13.93,13.92,13.92,2534
2026-06-26T00:54:00Z,13.92,13.92,13.91,13.91,2499
2026-06-26T00:55:00Z,13.91,13.92,13.91,13.92,1996
2026-06-26T00:56:00Z,13.92,13.92,13.92,13.92,1788
2026-06-26T00:57:00Z,13.92,13.93,13.92,13.93,1527
2026-06-26T00:58:00Z,13.93,13.93,13.92,13.92,1683
2026-06-26T00:59:00Z,13.92,13.93,13.92,13.93,1284
2026-06-26T01:00:00Z,13.93,13.93,13.93,13.93,1006
2026-06-26T01:01:00Z,13.93,13.94,13.93,13.94,1475
2026-06-26T01:02:00Z,13.94,13.94,13.94,13.94,1892
2026-06-26T01:03:00Z,13.94,13.95,13.94,13.95,2482
2026-06-26T01:04:00Z,13.95,13.95,13.94,13.94,1944
2026-06-26T01:05:00Z,13.94,13.94,13.93,13.93,1440
2026-06-26T01:06:00Z,13.93,13.94,13.93,13.94,1336
2026-06-26T01:07:00Z,13.94,13.94,13.94,13.94,2083
2026-06-26T01:08:00Z,13.94,13.94,13.93,13.93,1371
2026-06-26T01:09:00Z,13.93,13.94,13.93,13.94,2465
2026-06-26T01:10:00Z,13.94,13.94,13.94,13.94,1788
2026-06-26T01:11:00Z,13.94,13.94,13.94,13.94,1788
2026-06-26T01:12:00Z,13.94,13.94,13.94,13.94,1770
2026-06-26T01:13:00Z,13.94,13.94,13.93,13.93,2204
2026-06-26T01:14:00Z,13.93,13.94,13.93,13.94,972
2026-06-26T01:15:00Z,13.94,13.94,13.94,13.94,937
2026-06-26T01:16:00Z,13.94,13.94,13.94,13.94,1979
2026-06-26T01:17:00Z,13.94,13.95,13.94,13.95,2343
2026-06-26T01:18:00Z,13.95,13.96,13.95,13.96,2482
2026-06-26T01:19:00Z,13.96,13.96,13.95,13.95,1128
2026-06-26T01:20:00Z,13.95,13.96,13.95,13.96,1111
2026-06-26T01:21:00Z,13.96,13.96,13.96,13.96,1423
2026-06-26T01:22:00Z,13.96,13.96,13.96,13.96,1770
2026-06-26T01:23:00Z,13.96,13.97,13.96,13.97,2100
2026-06-26T01:24:00Z,13.97,13.97,13.96,13.96,2013
2026-06-26T01:25:00Z,13.96,13.96,13.94,13.94,2291
2026-06-26T01:26:00Z,13.94,13.95,13.94,13.95,972
2026-06-26T01:27:00Z,13.95,13.95,13.93,13.93,2170
2026-06-26T01:28:00Z,13.93,13.94,13.93,13.94,2569
2026-06-26T01:29:00Z,13.94,13.95,13.94,13.95,1093
2026-06-26T01:30:00Z,13.95,13.95,13.94,13.94,2569
2026-06-26T01:31:00Z,13.94,13.94,13.94,13.94,1423
2026-06-26T01:32:00Z,13.94,13.94,13.93,13.93,1909
2026-06-26T01:33:00Z,13.93,13.93,13.93,13.93,1163
2026-06-26T01:34:00Z,13.93,13.93,13.92,13.92,2100
2026-06-26T01:35:00Z,13.92,13.92,13.91,13.91,1354
2026-06-26T01:36:00Z,13.91,13.91,13.90,13.90,1423
2026-06-26T01:37:00Z,13.90,13.91,13.90,13.91,1388
2026-06-26T01:38:00Z,13.91,13.91,13.91,13.91,2413
2026-06-26T01:39:00Z,13.91,13.93,13.91,13.93,2291
2026-06-26T01:40:00Z,13.93,13.93,13.92,13.92,1423
2026-06-26T01:41:00Z,13.92,13.93,13.92,13.93,1180
2026-06-26T01:42:00Z,13.93,13.93,13.93,13.93,2395
2026-06-26T01:43:00Z,13.93,13.93,13.92,13.92,1926
2026-06-26T01:44:00Z,13.92,13.92,13.91,13.91,1857
2026-06-26T01:45:00Z,13.91,13.91,13.90,13.90,1788
2026-06-26T01:46:00Z,13.90,13.90,13.90,13.90,2100
2026-06-26T01:47:00Z,13.90,13.91,13.90,13.91,2013
2026-06-26T01:48:00Z,13.91,13.92,13.91,13.92,2013
2026-06-26T01:49:00Z,13.92,13.92,13.90,13.90,1302
2026-06-26T01:50:00Z,13.90,13.90,13.90,13.90,1701
2026-06-26T01:51:00Z,13.90,13.90,13.90,13.90,1979
2026-06-26T01:52:00Z,13.90,13.90,13.90,13.90,1961
2026-06-26T01:53:00Z,13.90,13.91,13.90,13.91,2239
2026-06-26T01:54:00Z,13.91,13.91,13.89,13.89,2343
2026-06-26T01:55:00Z,13.89,13.89,13.89,13.89,2048
2026-06-26T01:56:00Z,13.89,13.91,13.89,13.91,1666
2026-06-26T01:57:00Z,13.91,13.91,13.89,13.89,1527
2026-06-26T01:58:00Z,13.89,13.89,13.88,13.88,1579
2026-06-26T01:59:00Z,13.88,13.89,13.88,13.89,1354
2026-06-26T02:00:00Z,13.89,13.89,13.89,13.89,2187
2026-06-26T02:01:00Z,13.89,13.90,13.89,13.90,1093
2026-06-26T02:02:00Z,13.90,13.91,13.90,13.91,2031
2026-06-26T02:03:00Z,13.91,13.91,13.91,13.91,2135
2026-06-26T02:04:00Z,13.91,13.91,13.91,13.91,1041
2026-06-26T02:05:00Z,13.91,13.91,13.91,13.91,1874
2026-06-26T02:06:00Z,13.91,13.91,13.90,13.90,1961
2026-06-26T02:07:00Z,13.90,13.90,13.90,13.90,1006
2026-06-26T02:08:00Z,13.90,13.91,13.90,13.91,2551
2026-06-26T02:09:00Z,13.91,13.91,13.89,13.89,1475
2026-06-26T02:10:00Z,13.89,13.89,13.88,13.88,2170
2026-06-26T02:11:00Z,13.88,13.89,13.88,13.89,1058
2026-06-26T02:12:00Z,13.89,13.89,13.88,13.88,1249
2026-06-26T02:13:00Z,13.88,13.88,13.88,13.88,2465
2026-06-26T02:14:00Z,13.88,13.88,13.88,13.88,920
2026-06-26T02:15:00Z,13.88,13.89,13.88,13.89,1979
2026-06-26T02:16:00Z,13.89,13.89,13.89,13.89,2048
2026-06-26T02:17:00Z,13.89,13.89,13.89,13.89,2517
2026-06-26T02:18:00Z,13.89,13.89,13.89,13.89,2378
2026-06-26T02:19:00Z,13.89,13.90,13.89,13.90,1545
2026-06-26T02:20:00Z,13.90,13.90,13.89,13.89,1770
2026-06-26T02:21:00Z,13.89,13.89,13.89,13.89,2100
2026-06-26T02:22:00Z,13.89,13.89,13.89,13.89,1736
2026-06-26T02:23:00Z,13.89,13.89,13.89,13.89,2048
2026-06-26T02:24:00Z,13.89,13.89,13.89,13.89,2152
2026-06-26T02:25:00Z,13.89,13.89,13.89,13.89,1753
2026-06-26T02:26:00Z,13.89,13.89,13.88,13.88,1840
2026-06-26T02:27:00Z,13.88,13.88,13.87,13.87,1319
2026-06-26T02:28:00Z,13.87,13.87,13.87,13.87,1267
2026-06-26T02:29:00Z,13.87,13.87,13.87,13.87,2065
2026-06-26T02:30:00Z,13.87,13.87,13.86,13.86,1788
2026-06-26T02:31:00Z,13.86,13.87,13.86,13.87,1631
2026-06-26T02:32:00Z,13.87,13.88,13.87,13.88,1701
2026-06-26T02:33:00Z,13.88,13.88,13.88,13.88,2517
2026-06-26T02:34:00Z,13.88,13.89,13.88,13.89,1267
2026-06-26T02:35:00Z,13.89,13.89,13.88,13.88,1926
2026-06-26T02:36:00Z,13.88,13.88,13.88,13.88,1527
2026-06-26T02:37:00Z,13.88,13.90,13.88,13.90,1336
2026-06-26T02:38:00Z,13.90,13.90,13.90,13.90,1284
2026-06-26T02:39:00Z,13.90,13.90,13.89,13.89,1718
2026-06-26T02:40:00Z,13.89,13.89,13.89,13.89,1267
2026-06-26T02:41:00Z,13.89,13.89,13.89,13.89,2256
2026-06-26T02:42:00Z,13.89,13.90,13.89,13.90,2152
2026-06-26T02:43:00Z,13.90,13.90,13.89,13.89,2308
2026-06-26T02:44:00Z,13.89,13.89,13.88,13.88,2569
2026-06-26T02:45:00Z,13.88,13.88,13.88,13.88,868
2026-06-26T02:46:00Z,13.88,13.88,13.88,13.88,1041
2026-06-26T02:47:00Z,13.88,13.88,13.88,13.88,920
2026-06-26T02:48:00Z,13.88,13.89,13.88,13.89,2152
2026-06-26T02:49:00Z,13.89,13.89,13.89,13.89,2378
2026-06-26T02:50:00Z,13.89,13.90,13.89,13.90,2187
2026-06-26T02:51:00Z,13.90,13.92,13.90,13.92,1388
2026-06-26T02:52:00Z,13.92,13.93,13.92,13.93,1562
2026-06-26T02:53:00Z,13.93,13.93,13.93,13.93,2065
2026-06-26T02:54:00Z,13.93,13.94,13.93,13.94,2517
2026-06-26T02:55:00Z,13.94,13.94,13.93,13.93,2187
2026-06-26T02:56:00Z,13.93,13.93,13.92,13.92,902
2026-06-26T02:57:00Z,13.92,13.92,13.92,13.92,1302
2026-06-26T02:58:00Z,13.92,13.92,13.92,13.92,920
2026-06-26T02:59:00Z,13.92,13.93,13.92,13.93,1736
2026-06-26T03:00:00Z,13.93,13.93,13.92,13.92,1770
2026-06-26T03:01:00Z,13.92,13.92,13.92,13.92,2534
2026-06-26T03:02:00Z,13.92,13.92,13.91,13.91,1058
2026-06-26T03:03:00Z,13.91,13.92,13.91,13.92,2413
2026-06-26T03:04:00Z,13.92,13.92,13.91,13.91,2326
2026-06-26T03:05:00Z,13.91,13.91,13.91,13.91,1180
2026-06-26T03:06:00Z,13.91,13.91,13.90,13.90,1180
2026-06-26T03:07:00Z,13.90,13.92,13.90,13.92,1822
2026-06-26T03:08:00Z,13.92,13.92,13.92,13.92,1614
2026-06-26T03:09:00Z,13.92,13.93,13.92,13.93,1736
2026-06-26T03:10:00Z,13.93,13.93,13.92,13.92,972
2026-06-26T03:11:00Z,13.92,13.92,13.92,13.92,2256
2026-06-26T03:12:00Z,13.92,13.92,13.91,13.91,1718
2026-06-26T03:13:00Z,13.91,13.92,13.91,13.92,989
2026-06-26T03:14:00Z,13.92,13.92,13.91,13.91,2100
2026-06-26T03:15:00Z,13.91,13.91,13.90,13.90,954
2026-06-26T03:16:00Z,13.90,13.92,13.90,13.92,1093
2026-06-26T03:17:00Z,13.92,13.92,13.92,13.92,2534
2026-06-26T03:18:00Z,13.92,13.92,13.92,13.92,1232
2026-06-26T03:19:00Z,13.92,13.92,13.91,13.91,1788
2026-06-26T03:20:00Z,13.91,13.92,13.91,13.92,1458
2026-06-26T03:21:00Z,13.92,13.92,13.91,13.91,1701
2026-06-26T03:22:00Z,13.91,13.91,13.91,13.91,1909
2026-06-26T03:23:00Z,13.91,13.91,13.91,13.91,2135
2026-06-26T03:24:00Z,13.91,13.91,13.91,13.91,1701
2026-06-26T03:25:00Z,13.91,13.91,13.91,13.91,1423
2026-06-26T03:26:00Z,13.91,13.92,13.91,13.92,1302
2026-06-26T03:27:00Z,13.92,13.93,13.92,13.93,2048
2026-06-26T03:28:00Z,13.93,13.94,13.93,13.94,1822
2026-06-26T03:29:00Z,13.94,13.94,13.94,13.94,2117
2026-06-26T03:30:00Z,13.94,13.94,13.92,13.92,2031
2026-06-26T03:31:00Z,13.92,13.92,13.91,13.91,1475
2026-06-26T03:32:00Z,13.91,13.91,13.89,13.89,1753
2026-06-26T03:33:00Z,13.89,13.90,13.89,13.90,2430
2026-06-26T03:34:00Z,13.90,13.90,13.88,13.88,1701
2026-06-26T03:35:00Z,13.88,13.88,13.88,13.88,2586
2026-06-26T03:36:00Z,13.88,13.88,13.87,13.87,2465
2026-06-26T03:37:00Z,13.87,13.88,13.87,13.88,1597
2026-06-26T03:38:00Z,13.88,13.88,13.87,13.87,2239
2026-06-26T03:39:00Z,13.87,13.88,13.87,13.88,2378
2026-06-26T03:40:00Z,13.88,13.88,13.87,13.87,1701
2026-06-26T03:41:00Z,13.87,13.88,13.87,13.88,2291
2026-06-26T03:42:00Z,13.88,13.88,13.86,13.86,2031
2026-06-26T03:43:00Z,13.86,13.86,13.86,13.86,1857
2026-06-26T03:44:00Z,13.86,13.87,13.86,13.87,989
2026-06-26T03:45:00Z,13.87,13.87,13.86,13.86,1979
2026-06-26T03:46:00Z,13.86,13.87,13.86,13.87,2308
2026-06-26T03:47:00Z,13.87,13.87,13.86,13.86,2291
2026-06-26T03:48:00Z,13.86,13.86,13.86,13.86,1996
2026-06-26T03:49:00Z,13.86,13.87,13.86,13.87,2256
2026-06-26T03:50:00Z,13.87,13.89,13.87,13.89,902
2026-06-26T03:51:00Z,13.89,13.89,13.88,13.88,2013
2026-06-26T03:52:00Z,13.88,13.88,13.87,13.87,1145
2026-06-26T03:53:00Z,13.87,13.87,13.86,13.86,1145
2026-06-26T03:54:00Z,13.86,13.86,13.86,13.86,1545
2026-06-26T03:55:00Z,13.86,13.87,13.86,13.87,1111
2026-06-26T03:56:00Z,13.87,13.89,13.87,13.89,2465
2026-06-26T03:57:00Z,13.89,13.89,13.89,13.89,2135
2026-06-26T03:58:00Z,13.89,13.91,13.89,13.91,1961
2026-06-26T03:59:00Z,13.91,13.91,13.91,13.91,1822
2026-06-26T04:00:00Z,13.91,13.91,13.90,13.90,1232
2026-06-26T04:01:00Z,13.90,13.90,13.88,13.88,1718
2026-06-26T04:02:00Z,13.88,13.88,13.87,13.87,1354
2026-06-26T04:03:00Z,13.87,13.87,13.87,13.87,1579
2026-06-26T04:04:00Z,13.87,13.87,13.87,13.87,1614
2026-06-26T04:05:00Z,13.87,13.88,13.87,13.88,1180
2026-06-26T04:06:00Z,13.88,13.88,13.87,13.87,1909
2026-06-26T04:07:00Z,13.87,13.87,13.85,13.85,2256
2026-06-26T04:08:00Z,13.85,13.87,13.85,13.87,1666
2026-06-26T04:09:00Z,13.87,13.87,13.87,13.87,2360
2026-06-26T04:10:00Z,13.87,13.87,13.87,13.87,1440
2026-06-26T04:11:00Z,13.87,13.88,13.87,13.88,2170
2026-06-26T04:12:00Z,13.88,13.89,13.88,13.89,1388
2026-06-26T04:13:00Z,13.89,13.89,13.89,13.89,1805
2026-06-26T04:14:00Z,13.89,13.90,13.89,13.90,1979
2026-06-26T04:15:00Z,13.90,13.90,13.90,13.90,1649
2026-06-26T04:16:00Z,13.90,13.90,13.90,13.90,1492
2026-06-26T04:17:00Z,13.90,13.91,13.90,13.91,1718
2026-06-26T04:18:00Z,13.91,13.91,13.91,13.91,2482
2026-06-26T04:19:00Z,13.91,13.91,13.91,13.91,2291
2026-06-26T04:20:00Z,13.91,13.91,13.90,13.90,1857
2026-06-26T04:21:00Z,13.90,13.92,13.90,13.92,2308
2026-06-26T04:22:00Z,13.92,13.93,13.92,13.93,2117
2026-06-26T04:23:00Z,13.93,13.93,13.92,13.92,1319
2026-06-26T04:24:00Z,13.92,13.92,13.92,13.92,2256
2026-06-26T04:25:00Z,13.92,13.93,13.92,13.93,1371
2026-06-26T04:26:00Z,13.93,13.94,13.93,13.94,1822
2026-06-26T04:27:00Z,13.94,13.94,13.93,13.93,1926
2026-06-26T04:28:00Z,13.93,13.93,13.92,13.92,1857
2026-06-26T04:29:00Z,13.92,13.92,13.92,13.92,2135
2026-06-26T04:30:00Z,13.92,13.92,13.92,13.92,2291
2026-06-26T04:31:00Z,13.92,13.92,13.91,13.91,1961
2026-06-26T04:32:00Z,13.91,13.91,13.90,13.90,2395
2026-06-26T04:33:00Z,13.90,13.90,13.89,13.89,1006
2026-06-26T04:34:00Z,13.89,13.89,13.89,13.89,1961
2026-06-26T04:35:00Z,13.89,13.89,13.89,13.89,1406
2026-06-26T04:36:00Z,13.89,13.89,13.89,13.89,1805
2026-06-26T04:37:00Z,13.89,13.89,13.88,13.88,1006
2026-06-26T04:38:00Z,13.88,13.88,13.87,13.87,2551
2026-06-26T04:39:00Z,13.87,13.87,13.87,13.87,2031
2026-06-26T04:40:00Z,13.87,13.87,13.87,13.87,885
2026-06-26T04:41:00Z,13.87,13.87,13.87,13.87,1579
2026-06-26T04:42:00Z,13.87,13.88,13.87,13.88,1840
2026-06-26T04:43:00Z,13.88,13.89,13.88,13.89,2395
2026-06-26T04:44:00Z,13.89,13.89,13.89,13.89,885
2026-06-26T04:45:00Z,13.89,13.89,13.89,13.89,2013
2026-06-26T04:46:00Z,13.89,13.89,13.89,13.89,2065
2026-06-26T04:47:00Z,13.89,13.89,13.89,13.89,1041
2026-06-26T04:48:00Z,13.89,13.89,13.89,13.89,2291
2026-06-26T04:49:00Z,13.89,13.89,13.89,13.89,1926
2026-06-26T04:50:00Z,13.89,13.89,13.89,13.89,1996
2026-06-26T04:51:00Z,13.89,13.90,13.89,13.90,1458
2026-06-26T04:52:00Z,13.90,13.90,13.90,13.90,2430
2026-06-26T04:53:00Z,13.90,13.90,13.89,13.89,2256
2026-06-26T04:54:00Z,13.89,13.89,13.88,13.88,1805
2026-06-26T04:55:00Z,13.88,13.90,13.88,13.90,2482
2026-06-26T04:56:00Z,13.90,13.90,13.90,13.90,937
2026-06-26T04:57:00Z,13.90,13.90,13.89,13.89,2326
2026-06-26T04:58:00Z,13.89,13.89,13.89,13.89,1527
2026-06-26T04:59:00Z,13.89,13.89,13.89,13.89,2517
2026-06-26T05:00:00Z,13.89,13.89,13.89,13.89,1006
2026-06-26T05:01:00Z,13.89,13.89,13.88,13.88,1440
2026-06-26T05:02:00Z,13.88,13.89,13.88,13.89,1076
2026-06-26T05:03:00Z,13.89,13.89,13.88,13.88,2482
2026-06-26T05:04:00Z,13.88,13.88,13.88,13.88,2430
2026-06-26T05:05:00Z,13.88,13.88,13.88,13.88,1718
2026-06-26T05:06:00Z,13.88,13.88,13.88,13.88,2447
2026-06-26T05:07:00Z,13.88,13.88,13.87,13.87,2534
2026-06-26T05:08:00Z,13.87,13.88,13.87,13.88,1996
2026-06-26T05:09:00Z,13.88,13.88,13.88,13.88,1354
2026-06-26T05:10:00Z,13.88,13.89,13.88,13.89,1388
2026-06-26T05:11:00Z,13.89,13.89,13.88,13.88,2135
2026-06-26T05:12:00Z,13.88,13.88,13.88,13.88,1423
2026-06-26T05:13:00Z,13.88,13.89,13.88,13.89,1145
2026-06-26T05:14:00Z,13.89,13.89,13.89,13.89,868
2026-06-26T05:15:00Z,13.89,13.90,13.89,13.90,2430
2026-06-26T05:16:00Z,13.90,13.90,13.90,13.90,2395
2026-06-26T05:17:00Z,13.90,13.90,13.88,13.88,1197
2026-06-26T05:18:00Z,13.88,13.88,13.88,13.88,1683
2026-06-26T05:19:00Z,13.88,13.88,13.87,13.87,2083
2026-06-26T05:20:00Z,13.87,13.87,13.87,13.87,1354
2026-06-26T05:21:00Z,13.87,13.87,13.86,13.86,2378
2026-06-26T05:22:00Z,13.86,13.86,13.85,13.85,2239
2026-06-26T05:23:00Z,13.85,13.85,13.84,13.84,2135
2026-06-26T05:24:00Z,13.84,13.84,13.84,13.84,2031
2026-06-26T05:25:00Z,13.84,13.85,13.84,13.85,1249
2026-06-26T05:26:00Z,13.85,13.85,13.85,13.85,1666
2026-06-26T05:27:00Z,13.85,13.85,13.85,13.85,868
2026-06-26T05:28:00Z,13.85,13.85,13.84,13.84,1788
2026-06-26T05:29:00Z,13.84,13.84,13.83,13.83,2308
2026-06-26T05:30:00Z,13.83,13.84,13.83,13.84,1666
2026-06-26T05:31:00Z,13.84,13.84,13.84,13.84,2204
2026-06-26T05:32:00Z,13.84,13.84,13.83,13.83,2135
2026-06-26T05:33:00Z,13.83,13.83,13.83,13.83,2569
2026-06-26T05:34:00Z,13.83,13.83,13.83,13.83,1406
2026-06-26T05:35:00Z,13.83,13.83,13.82,13.82,1458
2026-06-26T05:36:00Z,13.82,13.82,13.82,13.82,1805
2026-06-26T05:37:00Z,13.82,13.82,13.82,13.82,2343
2026-06-26T05:38:00Z,13.82,13.83,13.82,13.83,1892
2026-06-26T05:39:00Z,13.83,13.83,13.83,13.83,1909
2026-06-26T05:40:00Z,13.83,13.83,13.83,13.83,1874
2026-06-26T05:41:00Z,13.83,13.83,13.83,13.83,1492
2026-06-26T05:42:00Z,13.83,13.83,13.83,13.83,1423
2026-06-26T05:43:00Z,13.83,13.83,13.83,13.83,1440
2026-06-26T05:44:00Z,13.83,13.84,13.83,13.84,2430
2026-06-26T05:45:00Z,13.84,13.84,13.83,13.83,2135
2026-06-26T05:46:00Z,13.83,13.83,13.83,13.83,1041
2026-06-26T05:47:00Z,13.83,13.83,13.83,13.83,2222
2026-06-26T05:48:00Z,13.83,13.83,13.83,13.83,1874
2026-06-26T05:49:00Z,13.83,13.84,13.83,13.84,2551
2026-06-26T05:50:00Z,13.84,13.84,13.84,13.84,2604
2026-06-26T05:51:00Z,13.84,13.84,13.83,13.83,1058
2026-06-26T05:52:00Z,13.83,13.84,13.83,13.84,1232
2026-06-26T05:53:00Z,13.84,13.84,13.84,13.84,1718
2026-06-26T05:54:00Z,13.84,13.85,13.84,13.85,1041
2026-06-26T05:55:00Z,13.85,13.85,13.85,13.85,1058
2026-06-26T05:56:00Z,13.85,13.85,13.85,13.85,2604
2026-06-26T05:57:00Z,13.85,13.85,13.85,13.85,2117
2026-06-26T05:58:00Z,13.85,13.85,13.85,13.85,1579
2026-06-26T05:59:00Z,13.85,13.85,13.85,13.85,868
2026-06-26T06:00:00Z,13.85,13.85,13.85,13.85,937
2026-06-26T06:01:00Z,13.85,13.86,13.85,13.86,1249
2026-06-26T06:02:00Z,13.86,13.86,13.86,13.86,1145
2026-06-26T06:03:00Z,13.86,13.86,13.86,13.86,1440
2026-06-26T06:04:00Z,13.86,13.87,13.86,13.87,1874
2026-06-26T06:05:00Z,13.87,13.87,13.87,13.87,1683
2026-06-26T06:06:00Z,13.87,13.88,13.87,13.88,1545
2026-06-26T06:07:00Z,13.88,13.88,13.87,13.87,1215
2026-06-26T06:08:00Z,13.87,13.89,13.87,13.89,1215
2026-06-26T06:09:00Z,13.89,13.89,13.88,13.88,2447
2026-06-26T06:10:00Z,13.88,13.88,13.87,13.87,2065
2026-06-26T06:11:00Z,13.87,13.87,13.87,13.87,2117
2026-06-26T06:12:00Z,13.87,13.88,13.87,13.88,1545
2026-06-26T06:13:00Z,13.88,13.90,13.88,13.90,2482
2026-06-26T06:14:00Z,13.90,13.90,13.90,13.90,868
2026-06-26T06:15:00Z,13.90,13.92,13.90,13.92,1076
2026-06-26T06:16:00Z,13.92,13.92,13.92,13.92,1614
2026-06-26T06:17:00Z,13.92,13.92,13.91,13.91,1458
2026-06-26T06:18:00Z,13.91,13.91,13.91,13.91,1336
2026-06-26T06:19:00Z,13.91,13.91,13.91,13.91,1822
2026-06-26T06:20:00Z,13.91,13.91,13.90,13.90,2551
2026-06-26T06:21:00Z,13.90,13.90,13.89,13.89,1701
2026-06-26T06:22:00Z,13.89,13.91,13.89,13.91,2308
2026-06-26T06:23:00Z,13.91,13.92,13.91,13.92,1579
2026-06-26T06:24:00Z,13.92,13.92,13.90,13.90,1822
2026-06-26T06:25:00Z,13.90,13.90,13.90,13.90,1354
2026-06-26T06:26:00Z,13.90,13.91,13.90,13.91,2291
2026-06-26T06:27:00Z,13.91,13.91,13.91,13.91,937
2026-06-26T06:28:00Z,13.91,13.91,13.91,13.91,2204
2026-06-26T06:29:00Z,13.91,13.92,13.91,13.92,2534
2026-06-26T06:30:00Z,13.92,13.92,13.92,13.92,1961
2026-06-26T06:31:00Z,13.92,13.92,13.90,13.90,2256
2026-06-26T06:32:00Z,13.90,13.90,13.90,13.90,1874
2026-06-26T06:33:00Z,13.90,13.90,13.90,13.90,1111
2026-06-26T06:34:00Z,13.90,13.90,13.90,13.90,1215
2026-06-26T06:35:00Z,13.90,13.90,13.90,13.90,1788
2026-06-26T06:36:00Z,13.90,13.90,13.89,13.89,2326
2026-06-26T06:37:00Z,13.89,13.90,13.89,13.90,2499
2026-06-26T06:38:00Z,13.90,13.90,13.89,13.89,885
2026-06-26T06:39:00Z,13.89,13.91,13.89,13.91,1649
2026-06-26T06:40:00Z,13.91,13.91,13.91,13.91,2117
2026-06-26T06:41:00Z,13.91,13.91,13.91,13.91,1545
2026-06-26T06:42:00Z,13.91,13.91,13.90,13.90,954
2026-06-26T06:43:00Z,13.90,13.90,13.90,13.90,1336
2026-06-26T06:44:00Z,13.90,13.92,13.90,13.92,1649
2026-06-26T06:45:00Z,13.92,13.92,13.92,13.92,2187
2026-06-26T06:46:00Z,13.92,13.93,13.92,13.93,2048
2026-06-26T06:47:00Z,13.93,13.93,13.93,13.93,1736
2026-06-26T06:48:00Z,13.93,13.94,13.93,13.94,2170
2026-06-26T06:49:00Z,13.94,13.94,13.92,13.92,1076
2026-06-26T06:50:00Z,13.92,13.93,13.92,13.93,1840
2026-06-26T06:51:00Z,13.93,13.94,13.93,13.94,2395
2026-06-26T06:52:00Z,13.94,13.94,13.93,13.93,885
2026-06-26T06:53:00Z,13.93,13.93,13.93,13.93,1197
2026-06-26T06:54:00Z,13.93,13.94,13.93,13.94,1701
2026-06-26T06:55:00Z,13.94,13.94,13.94,13.94,1197
2026-06-26T06:56:00Z,13.94,13.94,13.93,13.93,2499
2026-06-26T06:57:00Z,13.93,13.94,13.93,13.94,2187
2026-06-26T06:58:00Z,13.94,13.94,13.93,13.93,2135
2026-06-26T06:59:00Z,13.93,13.95,13.93,13.95,1770
2026-06-26T07:00:00Z,13.95,13.95,13.95,13.95,2308
2026-06-26T07:01:00Z,13.95,13.95,13.95,13.95,1996
2026-06-26T07:02:00Z,13.95,13.96,13.95,13.96,1840
2026-06-26T07:03:00Z,13.96,13.96,13.95,13.95,1388
2026-06-26T07:04:00Z,13.95,13.96,13.95,13.96,1996
2026-06-26T07:05:00Z,13.96,13.96,13.96,13.96,1788
2026-06-26T07:06:00Z,13.96,13.97,13.96,13.97,1979
2026-06-26T07:07:00Z,13.97,13.97,13.96,13.96,1423
2026-06-26T07:08:00Z,13.96,13.96,13.96,13.96,1736
2026-06-26T07:09:00Z,13.96,13.96,13.95,13.95,1874
2026-06-26T07:10:00Z,13.95,13.95,13.93,13.93,1440
2026-06-26T07:11:00Z,13.93,13.93,13.93,13.93,937
2026-06-26T07:12:00Z,13.93,13.93,13.92,13.92,1267
2026-06-26T07:13:00Z,13.92,13.92,13.92,13.92,2187
2026-06-26T07:14:00Z,13.92,13.92,13.92,13.92,1284
2026-06-26T07:15:00Z,13.92,13.93,13.92,13.93,1979
2026-06-26T07:16:00Z,13.93,13.93,13.93,13.93,1041
2026-06-26T07:17:00Z,13.93,13.93,13.92,13.92,1926
2026-06-26T07:18:00Z,13.92,13.92,13.92,13.92,1718
2026-06-26T07:19:00Z,13.92,13.92,13.92,13.92,2187
2026-06-26T07:20:00Z,13.92,13.93,13.92,13.93,1041
2026-06-26T07:21:00Z,13.93,13.93,13.93,13.93,2326
2026-06-26T07:22:00Z,13.93,13.94,13.93,13.94,1145
2026-06-26T07:23:00Z,13.94,13.94,13.94,13.94,1666
2026-06-26T07:24:00Z,13.94,13.94,13.94,13.94,2187
2026-06-26T07:25:00Z,13.94,13.94,13.93,13.93,2413
2026-06-26T07:26:00Z,13.93,13.93,13.93,13.93,2326
2026-06-26T07:27:00Z,13.93,13.93,13.93,13.93,1718
2026-06-26T07:28:00Z,13.93,13.93,13.92,13.92,2308
2026-06-26T07:29:00Z,13.92,13.92,13.92,13.92,2551
2026-06-26T07:30:00Z,13.92,13.92,13.92,13.92,1024
2026-06-26T07:31:00Z,13.92,13.92,13.92,13.92,1458
2026-06-26T07:32:00Z,13.92,13.92,13.91,13.91,1874
2026-06-26T07:33:00Z,13.91,13.91,13.91,13.91,1996
2026-06-26T07:34:00Z,13.91,13.91,13.90,13.90,1024
2026-06-26T07:35:00Z,13.90,13.92,13.90,13.92,920
2026-06-26T07:36:00Z,13.92,13.92,13.91,13.91,1979
2026-06-26T07:37:00Z,13.91,13.91,13.91,13.91,2204
2026-06-26T07:38:00Z,13.91,13.91,13.91,13.91,2534
2026-06-26T07:39:00Z,13.91,13.91,13.91,13.91,1128
2026-06-26T07:40:00Z,13.91,13.92,13.91,13.92,1423
2026-06-26T07:41:00Z,13.92,13.93,13.92,13.93,2430
2026-06-26T07:42:00Z,13.93,13.93,13.93,13.93,902
2026-06-26T07:43:00Z,13.93,13.93,13.92,13.92,2170
2026-06-26T07:44:00Z,13.92,13.93,13.92,13.93,1510
2026-06-26T07:45:00Z,13.93,13.93,13.93,13.93,2256
2026-06-26T07:46:00Z,13.93,13.94,13.93,13.94,920
2026-06-26T07:47:00Z,13.94,13.94,13.92,13.92,1510
2026-06-26T07:48:00Z,13.92,13.94,13.92,13.94,1770
2026-06-26T07:49:00Z,13.94,13.94,13.94,13.94,2430
2026-06-26T07:50:00Z,13.94,13.94,13.92,13.92,920
2026-06-26T07:51:00Z,13.92,13.92,13.92,13.92,1666
2026-06-26T07:52:00Z,13.92,13.92,13.92,13.92,2326
2026-06-26T07:53:00Z,13.92,13.93,13.92,13.93,1336
2026-06-26T07:54:00Z,13.93,13.93,13.93,13.93,1736
2026-06-26T07:55:00Z,13.93,13.93,13.93,13.93,1736
2026-06-26T07:56:00Z,13.93,13.94,13.93,13.94,2256
2026-06-26T07:57:00Z,13.94,13.95,13.94,13.95,2482
2026-06-26T07:58:00Z,13.95,13.95,13.94,13.94,868
2026-06-26T07:59:00Z,13.94,13.95,13.94,13.95,1822
2026-06-26T08:00:00Z,13.95,13.95,13.95,13.95,1614
2026-06-26T08:01:00Z,13.95,13.95,13.95,13.95,2065
2026-06-26T08:02:00Z,13.95,13.95,13.95,13.95,1024
2026-06-26T08:03:00Z,13.95,13.96,13.95,13.96,2187
2026-06-26T08:04:00Z,13.96,13.96,13.96,13.96,2048
2026-06-26T08:05:00Z,13.96,13.96,13.96,13.96,2013
2026-06-26T08:06:00Z,13.96,13.96,13.95,13.95,954
2026-06-26T08:07:00Z,13.95,13.96,13.95,13.96,2100
2026-06-26T08:08:00Z,13.96,13.97,13.96,13.97,972
2026-06-26T08:09:00Z,13.97,13.97,13.97,13.97,1284
2026-06-26T08:10:00Z,13.97,13.97,13.96,13.96,2065
2026-06-26T08:11:00Z,13.96,13.96,13.95,13.95,1683
2026-06-26T08:12:00Z,13.95,13.95,13.95,13.95,868
2026-06-26T08:13:00Z,13.95,13.95,13.95,13.95,1284
2026-06-26T08:14:00Z,13.95,13.95,13.95,13.95,1076
2026-06-26T08:15:00Z,13.95,13.95,13.94,13.94,1631
2026-06-26T08:16:00Z,13.94,13.95,13.94,13.95,1302
2026-06-26T08:17:00Z,13.95,13.96,13.95,13.96,1944
2026-06-26T08:18:00Z,13.96,13.96,13.96,13.96,1388
2026-06-26T08:19:00Z,13.96,13.96,13.96,13.96,2308
2026-06-26T08:20:00Z,13.96,13.96,13.96,13.96,1163
2026-06-26T08:21:00Z,13.96,13.96,13.95,13.95,1909
2026-06-26T08:22:00Z,13.95,13.96,13.95,13.96,1996
2026-06-26T08:23:00Z,13.96,13.97,13.96,13.97,2343
2026-06-26T08:24:00Z,13.97,13.97,13.97,13.97,1926
2026-06-26T08:25:00Z,13.97,13.97,13.97,13.97,937
2026-06-26T08:26:00Z,13.97,13.98,13.97,13.98,2378
2026-06-26T08:27:00Z,13.98,13.99,13.98,13.99,1111
2026-06-26T08:28:00Z,13.99,13.99,13.99,13.99,1215
2026-06-26T08:29:00Z,13.99,13.99,13.99,13.99,2517
2026-06-26T08:30:00Z,13.99,13.99,13.99,13.99,1822
2026-06-26T08:31:00Z,13.99,14.00,13.99,14.00,1874
2026-06-26T08:32:00Z,14.00,14.01,14.00,14.01,2586
2026-06-26T08:33:00Z,14.01,14.01,14.01,14.01,1961
2026-06-26T08:34:00Z,14.01,14.01,14.01,14.01,2378
2026-06-26T08:35:00Z,14.01,14.01,14.00,14.00,1319
2026-06-26T08:36:00Z,14.00,14.01,14.00,14.01,1631
2026-06-26T08:37:00Z,14.01,14.01,14.01,14.01,868
2026-06-26T08:38:00Z,14.01,14.01,14.01,14.01,1076
2026-06-26T08:39:00Z,14.01,14.01,14.01,14.01,1163
2026-06-26T08:40:00Z,14.01,14.01,14.01,14.01,2204
2026-06-26T08:41:00Z,14.01,14.02,14.01,14.02,2135
2026-06-26T08:42:00Z,14.02,14.03,14.02,14.03,1354
2026-06-26T08:43:00Z,14.03,14.03,14.03,14.03,1979
2026-06-26T08:44:00Z,14.03,14.03,14.03,14.03,1579
2026-06-26T08:45:00Z,14.03,14.03,14.03,14.03,989
2026-06-26T08:46:00Z,14.03,14.04,14.03,14.04,2569
2026-06-26T08:47:00Z,14.04,14.05,14.04,14.05,1736
2026-06-26T08:48:00Z,14.05,14.06,14.05,14.06,1527
2026-06-26T08:49:00Z,14.06,14.07,14.06,14.07,1058
2026-06-26T08:50:00Z,14.07,14.07,14.06,14.06,1475
2026-06-26T08:51:00Z,14.06,14.06,14.06,14.06,1336
2026-06-26T08:52:00Z,14.06,14.08,14.06,14.08,1093
2026-06-26T08:53:00Z,14.08,14.08,14.08,14.08,1701
2026-06-26T08:54:00Z,14.08,14.08,14.08,14.08,1527
2026-06-26T08:55:00Z,14.08,14.08,14.07,14.07,2413
2026-06-26T08:56:00Z,14.07,14.07,14.07,14.07,1822
2026-06-26T08:57:00Z,14.07,14.07,14.07,14.07,1614
2026-06-26T08:58:00Z,14.07,14.08,14.07,14.08,2152
2026-06-26T08:59:00Z,14.08,14.08,14.08,14.08,2447
2026-06-26T09:00:00Z,14.08,14.08,14.07,14.07,1492
2026-06-26T09:01:00Z,14.07,14.07,14.07,14.07,2204
2026-06-26T09:02:00Z,14.07,14.08,14.07,14.08,2430
2026-06-26T09:03:00Z,14.08,14.08,14.07,14.07,2465
2026-06-26T09:04:00Z,14.07,14.07,14.07,14.07,1683
2026-06-26T09:05:00Z,14.07,14.08,14.07,14.08,1354
2026-06-26T09:06:00Z,14.08,14.08,14.07,14.07,1510
2026-06-26T09:07:00Z,14.07,14.08,14.07,14.08,1805
2026-06-26T09:08:00Z,14.08,14.09,14.08,14.09,1440
2026-06-26T09:09:00Z,14.09,14.10,14.09,14.10,868
2026-06-26T09:10:00Z,14.10,14.10,14.10,14.10,2135
2026-06-26T09:11:00Z,14.10,14.10,14.09,14.09,2291
2026-06-26T09:12:00Z,14.09,14.09,14.09,14.09,1527
2026-06-26T09:13:00Z,14.09,14.09,14.09,14.09,1267
2026-06-26T09:14:00Z,14.09,14.10,14.09,14.10,1857
2026-06-26T09:15:00Z,14.10,14.10,14.10,14.10,1805
2026-06-26T09:16:00Z,14.10,14.10,14.10,14.10,885
2026-06-26T09:17:00Z,14.10,14.11,14.10,14.11,2291
2026-06-26T09:18:00Z,14.11,14.11,14.11,14.11,2031
2026-06-26T09:19:00Z,14.11,14.11,14.10,14.10,1857
2026-06-26T09:20:00Z,14.10,14.10,14.09,14.09,1944
2026-06-26T09:21:00Z,14.09,14.09,14.09,14.09,902
2026-06-26T09:22:00Z,14.09,14.09,14.09,14.09,2222
2026-06-26T09:23:00Z,14.09,14.09,14.09,14.09,2291
2026-06-26T09:24:00Z,14.09,14.10,14.09,14.10,2152
2026-06-26T09:25:00Z,14.10,14.10,14.10,14.10,1041
2026-06-26T09:26:00Z,14.10,14.10,14.10,14.10,1822
2026-06-26T09:27:00Z,14.10,14.10,14.10,14.10,2239
2026-06-26T09:28:00Z,14.10,14.10,14.10,14.10,1753
2026-06-26T09:29:00Z,14.10,14.11,14.10,14.11,2447
2026-06-26T09:30:00Z,14.11,14.11,14.11,14.11,1892
2026-06-26T09:31:00Z,14.11,14.11,14.11,14.11,1926
2026-06-26T09:32:00Z,14.11,14.11,14.11,14.11,1944
2026-06-26T09:33:00Z,14.11,14.11,14.10,14.10,2239
2026-06-26T09:34:00Z,14.10,14.11,14.10,14.11,1736
2026-06-26T09:35:00Z,14.11,14.12,14.11,14.12,1111
2026-06-26T09:36:00Z,14.12,14.13,14.12,14.13,1579
2026-06-26T09:37:00Z,14.13,14.13,14.13,14.13,1822
2026-06-26T09:38:00Z,14.13,14.13,14.12,14.12,885
2026-06-26T09:39:00Z,14.12,14.12,14.12,14.12,937
2026-06-26T09:40:00Z,14.12,14.12,14.12,14.12,1805
2026-06-26T09:41:00Z,14.12,14.12,14.11,14.11,1458
2026-06-26T09:42:00Z,14.11,14.11,14.11,14.11,2343
2026-06-26T09:43:00Z,14.11,14.11,14.10,14.10,1406
2026-06-26T09:44:00Z,14.10,14.10,14.10,14.10,2031
2026-06-26T09:45:00Z,14.10,14.11,14.10,14.11,1319
2026-06-26T09:46:00Z,14.11,14.11,14.11,14.11,2239
2026-06-26T09:47:00Z,14.11,14.11,14.11,14.11,1215
2026-06-26T09:48:00Z,14.11,14.11,14.10,14.10,1093
2026-06-26T09:49:00Z,14.10,14.10,14.10,14.10,1475
2026-06-26T09:50:00Z,14.10,14.10,14.10,14.10,2586
2026-06-26T09:51:00Z,14.10,14.10,14.10,14.10,1649
2026-06-26T09:52:00Z,14.10,14.12,14.10,14.12,2482
2026-06-26T09:53:00Z,14.12,14.12,14.09,14.09,1076
2026-06-26T09:54:00Z,14.09,14.09,14.08,14.08,1058
2026-06-26T09:55:00Z,14.08,14.08,14.08,14.08,2326
2026-06-26T09:56:00Z,14.08,14.08,14.06,14.06,1406
2026-06-26T09:57:00Z,14.06,14.07,14.06,14.07,2604
2026-06-26T09:58:00Z,14.07,14.09,14.07,14.09,1354
2026-06-26T09:59:00Z,14.09,14.09,14.09,14.09,1510
2026-06-26T10:00:00Z,14.09,14.09,14.08,14.08,1475
2026-06-26T10:01:00Z,14.08,14.08,14.08,14.08,2083
2026-06-26T10:02:00Z,14.08,14.08,14.07,14.07,1128
2026-06-26T10:03:00Z,14.07,14.08,14.07,14.08,1145
2026-06-26T10:04:00Z,14.08,14.09,14.08,14.09,1736
2026-06-26T10:05:00Z,14.09,14.09,14.08,14.08,937
2026-06-26T10:06:00Z,14.08,14.08,14.08,14.08,1926
2026-06-26T10:07:00Z,14.08,14.08,14.06,14.06,1909
2026-06-26T10:08:00Z,14.06,14.07,14.06,14.07,1649
2026-06-26T10:09:00Z,14.07,14.08,14.07,14.08,2031
2026-06-26T10:10:00Z,14.08,14.08,14.06,14.06,2499
2026-06-26T10:11:00Z,14.06,14.07,14.06,14.07,1128
2026-06-26T10:12:00Z,14.07,14.07,14.06,14.06,1406
2026-06-26T10:13:00Z,14.06,14.06,14.06,14.06,1736
2026-06-26T10:14:00Z,14.06,14.06,14.06,14.06,2031
2026-06-26T10:15:00Z,14.06,14.07,14.06,14.07,2308
2026-06-26T10:16:00Z,14.07,14.07,14.07,14.07,868
2026-06-26T10:17:00Z,14.07,14.07,14.06,14.06,2239
2026-06-26T10:18:00Z,14.06,14.06,14.06,14.06,1492
2026-06-26T10:19:00Z,14.06,14.06,14.05,14.05,1111
2026-06-26T10:20:00Z,14.05,14.05,14.04,14.04,972
2026-06-26T10:21:00Z,14.04,14.04,14.04,14.04,1006
2026-06-26T10:22:00Z,14.04,14.05,14.04,14.05,1006
2026-06-26T10:23:00Z,14.05,14.05,14.05,14.05,2256
2026-06-26T10:24:00Z,14.05,14.05,14.05,14.05,1267
2026-06-26T10:25:00Z,14.05,14.05,14.05,14.05,1926
2026-06-26T10:26:00Z,14.05,14.05,14.05,14.05,1249
2026-06-26T10:27:00Z,14.05,14.05,14.04,14.04,954
2026-06-26T10:28:00Z,14.04,14.06,14.04,14.06,1597
2026-06-26T10:29:00Z,14.06,14.06,14.06,14.06,920
2026-06-26T10:30:00Z,14.06,14.06,14.05,14.05,2256
2026-06-26T10:31:00Z,14.05,14.05,14.05,14.05,1822
2026-06-26T10:32:00Z,14.05,14.05,14.05,14.05,1736
2026-06-26T10:33:00Z,14.05,14.06,14.05,14.06,1979
2026-06-26T10:34:00Z,14.06,14.07,14.06,14.07,1388
2026-06-26T10:35:00Z,14.07,14.07,14.06,14.06,1649
2026-06-26T10:36:00Z,14.06,14.07,14.06,14.07,1562
2026-06-26T10:37:00Z,14.07,14.07,14.05,14.05,920
2026-06-26T10:38:00Z,14.05,14.05,14.05,14.05,1909
2026-06-26T10:39:00Z,14.05,14.05,14.04,14.04,1388
2026-06-26T10:40:00Z,14.04,14.04,14.04,14.04,1006
2026-06-26T10:41:00Z,14.04,14.04,14.04,14.04,2395
2026-06-26T10:42:00Z,14.04,14.04,14.04,14.04,2135
2026-06-26T10:43:00Z,14.04,14.05,14.04,14.05,1545
2026-06-26T10:44:00Z,14.05,14.06,14.05,14.06,1736
2026-06-26T10:45:00Z,14.06,14.06,14.06,14.06,1597
2026-06-26T10:46:00Z,14.06,14.07,14.06,14.07,1614
2026-06-26T10:47:00Z,14.07,14.07,14.07,14.07,1302
2026-06-26T10:48:00Z,14.07,14.07,14.07,14.07,937
2026-06-26T10:49:00Z,14.07,14.07,14.07,14.07,1874
2026-06-26T10:50:00Z,14.07,14.07,14.05,14.05,1145
2026-06-26T10:51:00Z,14.05,14.06,14.05,14.06,1631
2026-06-26T10:52:00Z,14.06,14.06,14.06,14.06,2048
2026-06-26T10:53:00Z,14.06,14.07,14.06,14.07,2065
2026-06-26T10:54:00Z,14.07,14.07,14.07,14.07,2031
2026-06-26T10:55:00Z,14.07,14.07,14.07,14.07,1319
2026-06-26T10:56:00Z,14.07,14.07,14.07,14.07,1874
2026-06-26T10:57:00Z,14.07,14.07,14.06,14.06,2586
2026-06-26T10:58:00Z,14.06,14.06,14.06,14.06,1944
2026-06-26T10:59:00Z,14.06,14.08,14.06,14.08,1996
2026-06-26T11:00:00Z,14.08,14.08,14.08,14.08,1631
2026-06-26T11:01:00Z,14.08,14.09,14.08,14.09,1701
2026-06-26T11:02:00Z,14.09,14.09,14.08,14.08,2395
2026-06-26T11:03:00Z,14.08,14.09,14.08,14.09,2343
2026-06-26T11:04:00Z,14.09,14.09,14.09,14.09,1996
2026-06-26T11:05:00Z,14.09,14.09,14.09,14.09,2274
2026-06-26T11:06:00Z,14.09,14.09,14.09,14.09,972
2026-06-26T11:07:00Z,14.09,14.09,14.09,14.09,1197
2026-06-26T11:08:00Z,14.09,14.09,14.07,14.07,1579
2026-06-26T11:09:00Z,14.07,14.08,14.07,14.08,1753
2026-06-26T11:10:00Z,14.08,14.09,14.08,14.09,1458
2026-06-26T11:11:00Z,14.09,14.10,14.09,14.10,2569
2026-06-26T11:12:00Z,14.10,14.10,14.09,14.09,2100
2026-06-26T11:13:00Z,14.09,14.09,14.08,14.08,1614
2026-06-26T11:14:00Z,14.08,14.08,14.08,14.08,2152
2026-06-26T11:15:00Z,14.08,14.08,14.06,14.06,989
2026-06-26T11:16:00Z,14.06,14.06,14.06,14.06,1128
2026-06-26T11:17:00Z,14.06,14.06,14.06,14.06,2308
2026-06-26T11:18:00Z,14.06,14.06,14.05,14.05,920
2026-06-26T11:19:00Z,14.05,14.05,14.05,14.05,2430
2026-06-26T11:20:00Z,14.05,14.05,14.05,14.05,1597
2026-06-26T11:21:00Z,14.05,14.05,14.04,14.04,1111
2026-06-26T11:22:00Z,14.04,14.04,14.04,14.04,2204
2026-06-26T11:23:00Z,14.04,14.04,14.03,14.03,1579
2026-06-26T11:24:00Z,14.03,14.03,14.03,14.03,920
2026-06-26T11:25:00Z,14.03,14.03,14.03,14.03,1180
2026-06-26T11:26:00Z,14.03,14.04,14.03,14.04,1006
2026-06-26T11:27:00Z,14.04,14.04,14.03,14.03,2204
2026-06-26T11:28:00Z,14.03,14.03,14.02,14.02,1197
2026-06-26T11:29:00Z,14.02,14.03,14.02,14.03,1267
2026-06-26T11:30:00Z,14.03,14.03,14.03,14.03,954
2026-06-26T11:31:00Z,14.03,14.03,14.03,14.03,2152
2026-06-26T11:32:00Z,14.03,14.03,14.01,14.01,1423
2026-06-26T11:33:00Z,14.01,14.01,14.01,14.01,1579
2026-06-26T11:34:00Z,14.01,14.01,14.00,14.00,2100
2026-06-26T11:35:00Z,14.00,14.00,14.00,14.00,1232
2026-06-26T11:36:00Z,14.00,14.01,14.00,14.01,2447
2026-06-26T11:37:00Z,14.01,14.01,14.01,14.01,2586
2026-06-26T11:38:00Z,14.01,14.01,13.99,13.99,1492
2026-06-26T11:39:00Z,13.99,13.99,13.99,13.99,2413
2026-06-26T11:40:00Z,13.99,13.99,13.98,13.98,2326
2026-06-26T11:41:00Z,13.98,13.99,13.98,13.99,2430
2026-06-26T11:42:00Z,13.99,13.99,13.99,13.99,937
2026-06-26T11:43:00Z,13.99,14.00,13.99,14.00,1631
2026-06-26T11:44:00Z,14.00,14.00,14.00,14.00,2048
2026-06-26T11:45:00Z,14.00,14.00,13.99,13.99,1926
2026-06-26T11:46:00Z,13.99,14.00,13.99,14.00,885
2026-06-26T11:47:00Z,14.00,14.00,13.99,13.99,2343
2026-06-26T11:48:00Z,13.99,14.01,13.99,14.01,2551
2026-06-26T11:49:00Z,14.01,14.01,14.00,14.00,1527
2026-06-26T11:50:00Z,14.00,14.01,14.00,14.01,1545
2026-06-26T11:51:00Z,14.01,14.01,13.99,13.99,2204
2026-06-26T11:52:00Z,13.99,13.99,13.98,13.98,2031
2026-06-26T11:53:00Z,13.98,13.98,13.96,13.96,1718
2026-06-26T11:54:00Z,13.96,13.96,13.95,13.95,972
2026-06-26T11:55:00Z,13.95,13.95,13.94,13.94,2604
2026-06-26T11:56:00Z,13.94,13.94,13.94,13.94,1597
2026-06-26T11:57:00Z,13.94,13.94,13.93,13.93,1666
2026-06-26T11:58:00Z,13.93,13.95,13.93,13.95,2534
2026-06-26T11:59:00Z,13.95,13.95,13.95,13.95,1545
2026-06-26T12:00:00Z,13.95,13.95,13.94,13.94,2013
2026-06-26T12:01:00Z,13.94,13.95,13.94,13.95,2326
2026-06-26T12:02:00Z,13.95,13.95,13.94,13.94,1562
2026-06-26T12:03:00Z,13.94,13.94,13.94,13.94,1284
2026-06-26T12:04:00Z,13.94,13.96,13.94,13.96,1926
2026-06-26T12:05:00Z,13.96,13.96,13.95,13.95,1458
2026-06-26T12:06:00Z,13.95,13.96,13.95,13.96,1440
2026-06-26T12:07:00Z,13.96,13.96,13.96,13.96,2170
2026-06-26T12:08:00Z,13.96,13.96,13.95,13.95,1406
2026-06-26T12:09:00Z,13.95,13.96,13.95,13.96,2100
2026-06-26T12:10:00Z,13.96,13.97,13.96,13.97,1024
2026-06-26T12:11:00Z,13.97,13.97,13.96,13.96,2222
2026-06-26T12:12:00Z,13.96,13.96,13.96,13.96,1024
2026-06-26T12:13:00Z,13.96,13.97,13.96,13.97,1579
2026-06-26T12:14:00Z,13.97,13.97,13.96,13.96,1180
2026-06-26T12:15:00Z,13.96,13.97,13.96,13.97,1788
2026-06-26T12:16:00Z,13.97,13.97,13.97,13.97,989
2026-06-26T12:17:00Z,13.97,13.97,13.96,13.96,2604
2026-06-26T12:18:00Z,13.96,13.97,13.96,13.97,1527
2026-06-26T12:19:00Z,13.97,13.97,13.97,13.97,1440
2026-06-26T12:20:00Z,13.97,13.97,13.97,13.97,2586
2026-06-26T12:21:00Z,13.97,13.98,13.97,13.98,989
2026-06-26T12:22:00Z,13.98,13.98,13.98,13.98,1163
2026-06-26T12:23:00Z,13.98,13.99,13.98,13.99,2482
2026-06-26T12:24:00Z,13.99,14.00,13.99,14.00,2326
2026-06-26T12:25:00Z,14.00,14.00,14.00,14.00,885
2026-06-26T12:26:00Z,14.00,14.00,13.99,13.99,1701
2026-06-26T12:27:00Z,13.99,14.00,13.99,14.00,2256
2026-06-26T12:28:00Z,14.00,14.00,13.98,13.98,1406
2026-06-26T12:29:00Z,13.98,13.99,13.98,13.99,1510
2026-06-26T12:30:00Z,13.99,14.00,13.99,14.00,1076
2026-06-26T12:31:00Z,14.00,14.00,13.99,13.99,937
2026-06-26T12:32:00Z,13.99,13.99,13.99,13.99,1215
2026-06-26T12:33:00Z,13.99,13.99,13.99,13.99,1406
2026-06-26T12:34:00Z,13.99,13.99,13.99,13.99,2343
2026-06-26T12:35:00Z,13.99,14.00,13.99,14.00,1683
2026-06-26T12:36:00Z,14.00,14.00,13.99,13.99,2065
2026-06-26T12:37:00Z,13.99,13.99,13.99,13.99,2222
2026-06-26T12:38:00Z,13.99,14.00,13.99,14.00,1284
2026-06-26T12:39:00Z,14.00,14.00,14.00,14.00,902
2026-06-26T12:40:00Z,14.00,14.00,14.00,14.00,1718
2026-06-26T12:41:00Z,14.00,14.01,14.00,14.01,1996
2026-06-26T12:42:00Z,14.01,14.01,14.01,14.01,1822
2026-06-26T12:43:00Z,14.01,14.02,14.01,14.02,868
2026-06-26T12:44:00Z,14.02,14.02,14.02,14.02,2187
2026-06-26T12:45:00Z,14.02,14.02,14.01,14.01,1770
2026-06-26T12:46:00Z,14.01,14.01,14.00,14.00,989
2026-06-26T12:47:00Z,14.00,14.01,14.00,14.01,2395
2026-06-26T12:48:00Z,14.01,14.01,14.01,14.01,1076
2026-06-26T12:49:00Z,14.01,14.02,14.01,14.02,2274
2026-06-26T12:50:00Z,14.02,14.02,14.01,14.01,2360
2026-06-26T12:51:00Z,14.01,14.01,13.99,13.99,1562
2026-06-26T12:52:00Z,13.99,14.00,13.99,14.00,2187
2026-06-26T12:53:00Z,14.00,14.01,14.00,14.01,1163
2026-06-26T12:54:00Z,14.01,14.01,14.00,14.00,1284
2026-06-26T12:55:00Z,14.00,14.00,13.99,13.99,954
2026-06-26T12:56:00Z,13.99,13.99,13.99,13.99,2378
2026-06-26T12:57:00Z,13.99,13.99,13.98,13.98,1041
2026-06-26T12:58:00Z,13.98,13.98,13.98,13.98,2170
2026-06-26T12:59:00Z,13.98,13.98,13.97,13.97,2465
2026-06-26T13:00:00Z,13.97,13.97,13.97,13.97,2013
2026-06-26T13:01:00Z,13.97,13.97,13.96,13.96,2447
2026-06-26T13:02:00Z,13.96,13.96,13.96,13.96,1336
2026-06-26T13:03:00Z,13.96,13.97,13.96,13.97,1267
2026-06-26T13:04:00Z,13.97,13.98,13.97,13.98,2378
2026-06-26T13:05:00Z,13.98,13.98,13.97,13.97,2048
2026-06-26T13:06:00Z,13.97,13.97,13.96,13.96,1770
2026-06-26T13:07:00Z,13.96,13.96,13.96,13.96,1527
2026-06-26T13:08:00Z,13.96,13.96,13.96,13.96,2447
2026-06-26T13:09:00Z,13.96,13.97,13.96,13.97,1649
2026-06-26T13:10:00Z,13.97,13.97,13.97,13.97,1562
2026-06-26T13:11:00Z,13.97,13.98,13.97,13.98,1545
2026-06-26T13:12:00Z,13.98,13.98,13.97,13.97,2534
2026-06-26T13:13:00Z,13.97,13.97,13.97,13.97,1944
2026-06-26T13:14:00Z,13.97,13.99,13.97,13.99,1180
2026-06-26T13:15:00Z,13.99,13.99,13.98,13.98,1510
2026-06-26T13:16:00Z,13.98,13.98,13.97,13.97,1302
2026-06-26T13:17:00Z,13.97,13.97,13.95,13.95,1267
2026-06-26T13:18:00Z,13.95,13.95,13.95,13.95,1631
2026-06-26T13:19:00Z,13.95,13.95,13.94,13.94,1892
2026-06-26T13:20:00Z,13.94,13.94,13.93,13.93,1527
2026-06-26T13:21:00Z,13.93,13.94,13.93,13.94,1458
2026-06-26T13:22:00Z,13.94,13.94,13.94,13.94,2551
2026-06-26T13:23:00Z,13.94,13.95,13.94,13.95,2239
2026-06-26T13:24:00Z,13.95,13.95,13.94,13.94,1423
2026-06-26T13:25:00Z,13.94,13.94,13.94,13.94,1649
2026-06-26T13:26:00Z,13.94,13.94,13.94,13.94,1163
2026-06-26T13:27:00Z,13.94,13.94,13.93,13.93,2499
2026-06-26T13:28:00Z,13.93,13.93,13.93,13.93,2100
2026-06-26T13:29:00Z,13.93,13.94,13.93,13.94,1718
2026-06-26T13:30:00Z,13.94,13.94,13.93,13.93,1093
2026-06-26T13:31:00Z,13.93,13.93,13.93,13.93,1215
2026-06-26T13:32:00Z,13.93,13.93,13.93,13.93,1892
2026-06-26T13:33:00Z,13.93,13.95,13.93,13.95,1510
2026-06-26T13:34:00Z,13.95,13.95,13.94,13.94,1614
2026-06-26T13:35:00Z,13.94,13.96,13.94,13.96,1093
2026-06-26T13:36:00Z,13.96,13.96,13.95,13.95,2256
2026-06-26T13:37:00Z,13.95,13.95,13.95,13.95,868
2026-06-26T13:38:00Z,13.95,13.95,13.95,13.95,1163
2026-06-26T13:39:00Z,13.95,13.95,13.95,13.95,2343
2026-06-26T13:40:00Z,13.95,13.96,13.95,13.96,1736
2026-06-26T13:41:00Z,13.96,13.97,13.96,13.97,2413
2026-06-26T13:42:00Z,13.97,13.97,13.97,13.97,1822
2026-06-26T13:43:00Z,13.97,13.97,13.96,13.96,1666
2026-06-26T13:44:00Z,13.96,13.96,13.95,13.95,2308
2026-06-26T13:45:00Z,13.95,13.95,13.95,13.95,1736
2026-06-26T13:46:00Z,13.95,13.95,13.95,13.95,920
2026-06-26T13:47:00Z,13.95,13.96,13.95,13.96,2274
2026-06-26T13:48:00Z,13.96,13.96,13.95,13.95,1354
2026-06-26T13:49:00Z,13.95,13.95,13.94,13.94,2083
2026-06-26T13:50:00Z,13.94,13.94,13.94,13.94,1024
2026-06-26T13:51:00Z,13.94,13.94,13.93,13.93,902
2026-06-26T13:52:00Z,13.93,13.93,13.93,13.93,1597
2026-06-26T13:53:00Z,13.93,13.93,13.93,13.93,1996
2026-06-26T13:54:00Z,13.93,13.93,13.93,13.93,2430
2026-06-26T13:55:00Z,13.93,13.94,13.93,13.94,1232
2026-06-26T13:56:00Z,13.94,13.94,13.93,13.93,1197
2026-06-26T13:57:00Z,13.93,13.93,13.93,13.93,1562
2026-06-26T13:58:00Z,13.93,13.93,13.91,13.91,2465
2026-06-26T13:59:00Z,13.91,13.93,13.91,13.93,1909
2026-06-26T14:00:00Z,13.93,13.93,13.93,13.93,2517
2026-06-26T14:01:00Z,13.93,13.93,13.93,13.93,2465
2026-06-26T14:02:00Z,13.93,13.93,13.92,13.92,1128
2026-06-26T14:03:00Z,13.92,13.92,13.91,13.91,2378
2026-06-26T14:04:00Z,13.91,13.91,13.91,13.91,2048
2026-06-26T14:05:00Z,13.91,13.92,13.91,13.92,920
2026-06-26T14:06:00Z,13.92,13.92,13.91,13.91,1857
2026-06-26T14:07:00Z,13.91,13.91,13.91,13.91,920
2026-06-26T14:08:00Z,13.91,13.91,13.91,13.91,1232
2026-06-26T14:09:00Z,13.91,13.92,13.91,13.92,2117
2026-06-26T14:10:00Z,13.92,13.92,13.91,13.91,1458
2026-06-26T14:11:00Z,13.91,13.91,13.91,13.91,2447
2026-06-26T14:12:00Z,13.91,13.91,13.91,13.91,1197
2026-06-26T14:13:00Z,13.91,13.92,13.91,13.92,2586
2026-06-26T14:14:00Z,13.92,13.93,13.92,13.93,2534
2026-06-26T14:15:00Z,13.93,13.93,13.92,13.92,1961
2026-06-26T14:16:00Z,13.92,13.93,13.92,13.93,1545
2026-06-26T14:17:00Z,13.93,13.93,13.91,13.91,2152
2026-06-26T14:18:00Z,13.91,13.91,13.90,13.90,1909
2026-06-26T14:19:00Z,13.90,13.92,13.90,13.92,2152
2026-06-26T14:20:00Z,13.92,13.93,13.92,13.93,1892
2026-06-26T14:21:00Z,13.93,13.93,13.93,13.93,1371
2026-06-26T14:22:00Z,13.93,13.93,13.92,13.92,1597
2026-06-26T14:23:00Z,13.92,13.94,13.92,13.94,2499
2026-06-26T14:24:00Z,13.94,13.94,13.94,13.94,1718
2026-06-26T14:25:00Z,13.94,13.95,13.94,13.95,1840
2026-06-26T14:26:00Z,13.95,13.96,13.95,13.96,2100
2026-06-26T14:27:00Z,13.96,13.96,13.95,13.95,1388
2026-06-26T14:28:00Z,13.95,13.96,13.95,13.96,2291
2026-06-26T14:29:00Z,13.96,13.96,13.96,13.96,2413
2026-06-26T14:30:00Z,13.96,13.96,13.94,13.94,2135
2026-06-26T14:31:00Z,13.94,13.96,13.94,13.96,1736
2026-06-26T14:32:00Z,13.96,13.96,13.96,13.96,1683
2026-06-26T14:33:00Z,13.96,13.97,13.96,13.97,1232
2026-06-26T14:34:00Z,13.97,13.97,13.95,13.95,2274
2026-06-26T14:35:00Z,13.95,13.95,13.95,13.95,2326
2026-06-26T14:36:00Z,13.95,13.96,13.95,13.96,2117
2026-06-26T14:37:00Z,13.96,13.96,13.95,13.95,2083
2026-06-26T14:38:00Z,13.95,13.97,13.95,13.97,1805
2026-06-26T14:39:00Z,13.97,13.98,13.97,13.98,1753
2026-06-26T14:40:00Z,13.98,13.99,13.98,13.99,1336
2026-06-26T14:41:00Z,13.99,13.99,13.99,13.99,1336
2026-06-26T14:42:00Z,13.99,13.99,13.97,13.97,2465
2026-06-26T14:43:00Z,13.97,13.97,13.97,13.97,1527
2026-06-26T14:44:00Z,13.97,13.98,13.97,13.98,2447
2026-06-26T14:45:00Z,13.98,13.98,13.98,13.98,1926
2026-06-26T14:46:00Z,13.98,13.98,13.98,13.98,989
2026-06-26T14:47:00Z,13.98,13.98,13.98,13.98,1961
2026-06-26T14:48:00Z,13.98,13.98,13.98,13.98,1666
2026-06-26T14:49:00Z,13.98,13.98,13.97,13.97,1302
2026-06-26T14:50:00Z,13.97,13.98,13.97,13.98,1058
2026-06-26T14:51:00Z,13.98,13.98,13.98,13.98,954
2026-06-26T14:52:00Z,13.98,13.99,13.98,13.99,1249
2026-06-26T14:53:00Z,13.99,13.99,13.98,13.98,1649
2026-06-26T14:54:00Z,13.98,13.98,13.97,13.97,2465
2026-06-26T14:55:00Z,13.97,13.98,13.97,13.98,2048
2026-06-26T14:56:00Z,13.98,13.98,13.97,13.97,972
2026-06-26T14:57:00Z,13.97,13.98,13.97,13.98,1128
2026-06-26T14:58:00Z,13.98,13.98,13.98,13.98,1649
2026-06-26T14:59:00Z,13.98,13.99,13.98,13.99,2586
2026-06-26T15:00:00Z,13.99,13.99,13.97,13.97,1111
2026-06-26T15:01:00Z,13.97,13.97,13.97,13.97,868
2026-06-26T15:02:00Z,13.97,13.97,13.97,13.97,2569
2026-06-26T15:03:00Z,13.97,13.98,13.97,13.98,1527
2026-06-26T15:04:00Z,13.98,13.98,13.97,13.97,2465
2026-06-26T15:05:00Z,13.97,13.97,13.97,13.97,1145
2026-06-26T15:06:00Z,13.97,13.98,13.97,13.98,2170
2026-06-26T15:07:00Z,13.98,13.98,13.98,13.98,2291
2026-06-26T15:08:00Z,13.98,13.98,13.97,13.97,1527
2026-06-26T15:09:00Z,13.97,13.97,13.97,13.97,920
2026-06-26T15:10:00Z,13.97,13.97,13.97,13.97,2517
2026-06-26T15:11:00Z,13.97,13.99,13.97,13.99,1926
2026-06-26T15:12:00Z,13.99,13.99,13.98,13.98,1492
2026-06-26T15:13:00Z,13.98,13.98,13.98,13.98,1267
2026-06-26T15:14:00Z,13.98,13.98,13.96,13.96,2170
2026-06-26T15:15:00Z,13.96,13.97,13.96,13.97,1840
2026-06-26T15:16:00Z,13.97,13.97,13.96,13.96,2152
2026-06-26T15:17:00Z,13.96,13.98,13.96,13.98,1770
2026-06-26T15:18:00Z,13.98,13.98,13.98,13.98,954
2026-06-26T15:19:00Z,13.98,13.98,13.98,13.98,885
2026-06-26T15:20:00Z,13.98,13.98,13.97,13.97,1024
2026-06-26T15:21:00Z,13.97,13.97,13.97,13.97,1822
2026-06-26T15:22:00Z,13.97,13.98,13.97,13.98,1718
2026-06-26T15:23:00Z,13.98,13.99,13.98,13.99,989
2026-06-26T15:24:00Z,13.99,13.99,13.99,13.99,2152
2026-06-26T15:25:00Z,13.99,13.99,13.99,13.99,2308
2026-06-26T15:26:00Z,13.99,13.99,13.99,13.99,2395
2026-06-26T15:27:00Z,13.99,13.99,13.99,13.99,2239
2026-06-26T15:28:00Z,13.99,13.99,13.98,13.98,1319
2026-06-26T15:29:00Z,13.98,13.98,13.98,13.98,1249
2026-06-26T15:30:00Z,13.98,13.98,13.97,13.97,1215
2026-06-26T15:31:00Z,13.97,13.99,13.97,13.99,1666
2026-06-26T15:32:00Z,13.99,13.99,13.98,13.98,2013
2026-06-26T15:33:00Z,13.98,13.99,13.98,13.99,2013
2026-06-26T15:34:00Z,13.99,13.99,13.99,13.99,1371
2026-06-26T15:35:00Z,13.99,14.00,13.99,14.00,1597
2026-06-26T15:36:00Z,14.00,14.01,14.00,14.01,1319
2026-06-26T15:37:00Z,14.01,14.01,14.01,14.01,1545
2026-06-26T15:38:00Z,14.01,14.01,14.01,14.01,1058
2026-06-26T15:39:00Z,14.01,14.02,14.01,14.02,1666
2026-06-26T15:40:00Z,14.02,14.02,14.02,14.02,1944
2026-06-26T15:41:00Z,14.02,14.02,14.01,14.01,1197
2026-06-26T15:42:00Z,14.01,14.02,14.01,14.02,2413
2026-06-26T15:43:00Z,14.02,14.02,14.01,14.01,2170
2026-06-26T15:44:00Z,14.01,14.01,14.00,14.00,1197
2026-06-26T15:45:00Z,14.00,14.00,14.00,14.00,1354
2026-06-26T15:46:00Z,14.00,14.00,13.99,13.99,1788
2026-06-26T15:47:00Z,13.99,13.99,13.98,13.98,1336
2026-06-26T15:48:00Z,13.98,13.98,13.97,13.97,1336
2026-06-26T15:49:00Z,13.97,13.98,13.97,13.98,2430
2026-06-26T15:50:00Z,13.98,13.98,13.97,13.97,1718
2026-06-26T15:51:00Z,13.97,13.97,13.97,13.97,1302
2026-06-26T15:52:00Z,13.97,13.97,13.95,13.95,2326
2026-06-26T15:53:00Z,13.95,13.95,13.95,13.95,2326
2026-06-26T15:54:00Z,13.95,13.96,13.95,13.96,2152
2026-06-26T15:55:00Z,13.96,13.98,13.96,13.98,1926
2026-06-26T15:56:00Z,13.98,13.98,13.97,13.97,1232
2026-06-26T15:57:00Z,13.97,13.97,13.97,13.97,2430
2026-06-26T15:58:00Z,13.97,13.97,13.96,13.96,1649
2026-06-26T15:59:00Z,13.96,13.97,13.96,13.97,2378
2026-06-26T16:00:00Z,13.97,13.97,13.97,13.97,1545
2026-06-26T16:01:00Z,13.97,13.97,13.94,13.94,1597
2026-06-26T16:02:00Z,13.94,13.94,13.94,13.94,2499
2026-06-26T16:03:00Z,13.94,13.94,13.93,13.93,2430
2026-06-26T16:04:00Z,13.93,13.93,13.93,13.93,2117
2026-06-26T16:05:00Z,13.93,13.93,13.92,13.92,920
2026-06-26T16:06:00Z,13.92,13.92,13.91,13.91,1788
2026-06-26T16:07:00Z,13.91,13.91,13.91,13.91,1111
2026-06-26T16:08:00Z,13.91,13.93,13.91,13.93,1961
2026-06-26T16:09:00Z,13.93,13.94,13.93,13.94,1163
2026-06-26T16:10:00Z,13.94,13.94,13.93,13.93,1336
2026-06-26T16:11:00Z,13.93,13.93,13.93,13.93,1180
2026-06-26T16:12:00Z,13.93,13.93,13.93,13.93,1058
2026-06-26T16:13:00Z,13.93,13.93,13.93,13.93,1579
2026-06-26T16:14:00Z,13.93,13.93,13.93,13.93,1822
2026-06-26T16:15:00Z,13.93,13.93,13.92,13.92,2065
2026-06-26T16:16:00Z,13.92,13.92,13.91,13.91,1961
2026-06-26T16:17:00Z,13.91,13.92,13.91,13.92,989
2026-06-26T16:18:00Z,13.92,13.92,13.92,13.92,2031
2026-06-26T16:19:00Z,13.92,13.92,13.91,13.91,1145
2026-06-26T16:20:00Z,13.91,13.91,13.91,13.91,2430
2026-06-26T16:21:00Z,13.91,13.91,13.90,13.90,1163
2026-06-26T16:22:00Z,13.90,13.90,13.90,13.90,1614
2026-06-26T16:23:00Z,13.90,13.90,13.89,13.89,1284
2026-06-26T16:24:00Z,13.89,13.89,13.89,13.89,2465
2026-06-26T16:25:00Z,13.89,13.89,13.89,13.89,1180
2026-06-26T16:26:00Z,13.89,13.89,13.88,13.88,885
2026-06-26T16:27:00Z,13.88,13.89,13.88,13.89,920
2026-06-26T16:28:00Z,13.89,13.89,13.88,13.88,1579
2026-06-26T16:29:00Z,13.88,13.88,13.88,13.88,1336
2026-06-26T16:30:00Z,13.88,13.88,13.88,13.88,2274
2026-06-26T16:31:00Z,13.88,13.88,13.88,13.88,1423
2026-06-26T16:32:00Z,13.88,13.89,13.88,13.89,1701
2026-06-26T16:33:00Z,13.89,13.89,13.88,13.88,1545
2026-06-26T16:34:00Z,13.88,13.88,13.88,13.88,2222
2026-06-26T16:35:00Z,13.88,13.88,13.88,13.88,1944
2026-06-26T16:36:00Z,13.88,13.88,13.87,13.87,1597
2026-06-26T16:37:00Z,13.87,13.87,13.86,13.86,885
2026-06-26T16:38:00Z,13.86,13.86,13.86,13.86,1666
2026-06-26T16:39:00Z,13.86,13.87,13.86,13.87,2604
2026-06-26T16:40:00Z,13.87,13.87,13.87,13.87,2534
2026-06-26T16:41:00Z,13.87,13.87,13.87,13.87,2031
2026-06-26T16:42:00Z,13.87,13.87,13.87,13.87,1232
2026-06-26T16:43:00Z,13.87,13.87,13.87,13.87,2569
2026-06-26T16:44:00Z,13.87,13.88,13.87,13.88,2239
2026-06-26T16:45:00Z,13.88,13.88,13.87,13.87,1163
2026-06-26T16:46:00Z,13.87,13.87,13.87,13.87,1736
2026-06-26T16:47:00Z,13.87,13.89,13.87,13.89,2343
2026-06-26T16:48:00Z,13.89,13.89,13.88,13.88,2551
2026-06-26T16:49:00Z,13.88,13.88,13.87,13.87,2152
2026-06-26T16:50:00Z,13.87,13.87,13.87,13.87,1267
2026-06-26T16:51:00Z,13.87,13.87,13.87,13.87,937
2026-06-26T16:52:00Z,13.87,13.88,13.87,13.88,1892
2026-06-26T16:53:00Z,13.88,13.88,13.88,13.88,2551
2026-06-26T16:54:00Z,13.88,13.88,13.87,13.87,2360
2026-06-26T16:55:00Z,13.87,13.87,13.87,13.87,2239
2026-06-26T16:56:00Z,13.87,13.89,13.87,13.89,2534
2026-06-26T16:57:00Z,13.89,13.89,13.88,13.88,1527
2026-06-26T16:58:00Z,13.88,13.88,13.88,13.88,1822
2026-06-26T16:59:00Z,13.88,13.89,13.88,13.89,1492
2026-06-26T17:00:00Z,13.89,13.89,13.87,13.87,920
2026-06-26T17:01:00Z,13.87,13.88,13.87,13.88,1545
2026-06-26T17:02:00Z,13.88,13.89,13.88,13.89,1336
2026-06-26T17:03:00Z,13.89,13.90,13.89,13.90,2343
2026-06-26T17:04:00Z,13.90,13.91,13.90,13.91,1753
2026-06-26T17:05:00Z,13.91,13.91,13.90,13.90,2204
2026-06-26T17:06:00Z,13.90,13.90,13.89,13.89,1753
2026-06-26T17:07:00Z,13.89,13.90,13.89,13.90,2013
2026-06-26T17:08:00Z,13.90,13.90,13.90,13.90,1215
2026-06-26T17:09:00Z,13.90,13.90,13.89,13.89,1631
2026-06-26T17:10:00Z,13.89,13.89,13.87,13.87,2343
2026-06-26T17:11:00Z,13.87,13.87,13.86,13.86,1492
2026-06-26T17:12:00Z,13.86,13.86,13.86,13.86,2274
2026-06-26T17:13:00Z,13.86,13.87,13.86,13.87,2551
2026-06-26T17:14:00Z,13.87,13.88,13.87,13.88,1267
2026-06-26T17:15:00Z,13.88,13.88,13.88,13.88,1128
2026-06-26T17:16:00Z,13.88,13.89,13.88,13.89,868
2026-06-26T17:17:00Z,13.89,13.90,13.89,13.90,1284
2026-06-26T17:18:00Z,13.90,13.92,13.90,13.92,2569
2026-06-26T17:19:00Z,13.92,13.94,13.92,13.94,1527
2026-06-26T17:20:00Z,13.94,13.94,13.94,13.94,2499
2026-06-26T17:21:00Z,13.94,13.95,13.94,13.95,2447
2026-06-26T17:22:00Z,13.95,13.96,13.95,13.96,1545
2026-06-26T17:23:00Z,13.96,13.96,13.96,13.96,1597
2026-06-26T17:24:00Z,13.96,13.97,13.96,13.97,1475
2026-06-26T17:25:00Z,13.97,13.97,13.96,13.96,2430
2026-06-26T17:26:00Z,13.96,13.98,13.96,13.98,2274
2026-06-26T17:27:00Z,13.98,13.98,13.97,13.97,1996
2026-06-26T17:28:00Z,13.97,13.97,13.97,13.97,2291
2026-06-26T17:29:00Z,13.97,13.98,13.97,13.98,1232
2026-06-26T17:30:00Z,13.98,13.98,13.96,13.96,1336
2026-06-26T17:31:00Z,13.96,13.97,13.96,13.97,2291
2026-06-26T17:32:00Z,13.97,13.97,13.97,13.97,1822
2026-06-26T17:33:00Z,13.97,13.98,13.97,13.98,1874
2026-06-26T17:34:00Z,13.98,13.99,13.98,13.99,2013
2026-06-26T17:35:00Z,13.99,13.99,13.98,13.98,2256
2026-06-26T17:36:00Z,13.98,13.98,13.98,13.98,1683
2026-06-26T17:37:00Z,13.98,13.99,13.98,13.99,1058
2026-06-26T17:38:00Z,13.99,13.99,13.99,13.99,2170
2026-06-26T17:39:00Z,13.99,14.00,13.99,14.00,2517
2026-06-26T17:40:00Z,14.00,14.00,14.00,14.00,1215
2026-06-26T17:41:00Z,14.00,14.00,14.00,14.00,2065
2026-06-26T17:42:00Z,14.00,14.00,14.00,14.00,2170
2026-06-26T17:43:00Z,14.00,14.00,14.00,14.00,2517
2026-06-26T17:44:00Z,14.00,14.00,14.00,14.00,1232
2026-06-26T17:45:00Z,14.00,14.00,14.00,14.00,2274
2026-06-26T17:46:00Z,14.00,14.01,14.00,14.01,1736
2026-06-26T17:47:00Z,14.01,14.01,14.00,14.00,1458
2026-06-26T17:48:00Z,14.00,14.00,13.99,13.99,1545
2026-06-26T17:49:00Z,13.99,14.01,13.99,14.01,2100
2026-06-26T17:50:00Z,14.01,14.01,14.00,14.00,2395
2026-06-26T17:51:00Z,14.00,14.00,14.00,14.00,2048
2026-06-26T17:52:00Z,14.00,14.02,14.00,14.02,1649
2026-06-26T17:53:00Z,14.02,14.03,14.02,14.03,2482
2026-06-26T17:54:00Z,14.03,14.03,14.03,14.03,1492
2026-06-26T17:55:00Z,14.03,14.03,14.03,14.03,1145
2026-06-26T17:56:00Z,14.03,14.05,14.03,14.05,2447
2026-06-26T17:57:00Z,14.05,14.05,14.04,14.04,1128
2026-06-26T17:58:00Z,14.04,14.04,14.04,14.04,1302
2026-06-26T17:59:00Z,14.04,14.04,14.04,14.04,2274
2026-06-26T18:00:00Z,14.04,14.04,14.03,14.03,1180
2026-06-26T18:01:00Z,14.03,14.03,14.03,14.03,2569
2026-06-26T18:02:00Z,14.03,14.04,14.03,14.04,1770
2026-06-26T18:03:00Z,14.04,14.04,14.02,14.02,954
2026-06-26T18:04:00Z,14.02,14.02,14.02,14.02,885
2026-06-26T18:05:00Z,14.02,14.02,14.02,14.02,2517
2026-06-26T18:06:00Z,14.02,14.03,14.02,14.03,2031
2026-06-26T18:07:00Z,14.03,14.03,14.02,14.02,1006
2026-06-26T18:08:00Z,14.02,14.02,14.01,14.01,885
2026-06-26T18:09:00Z,14.01,14.01,14.01,14.01,1631
2026-06-26T18:10:00Z,14.01,14.01,14.00,14.00,1701
2026-06-26T18:11:00Z,14.00,14.00,14.00,14.00,1788
2026-06-26T18:12:00Z,14.00,14.00,14.00,14.00,1492
2026-06-26T18:13:00Z,14.00,14.01,14.00,14.01,1475
2026-06-26T18:14:00Z,14.01,14.01,14.01,14.01,1406
2026-06-26T18:15:00Z,14.01,14.01,14.01,14.01,989
2026-06-26T18:16:00Z,14.01,14.02,14.01,14.02,1024
2026-06-26T18:17:00Z,14.02,14.02,14.01,14.01,1579
2026-06-26T18:18:00Z,14.01,14.01,14.01,14.01,868
2026-06-26T18:19:00Z,14.01,14.01,14.00,14.00,1545
2026-06-26T18:20:00Z,14.00,14.00,14.00,14.00,1979
2026-06-26T18:21:00Z,14.00,14.00,13.99,13.99,2343
2026-06-26T18:22:00Z,13.99,13.99,13.99,13.99,2534
2026-06-26T18:23:00Z,13.99,13.99,13.99,13.99,937
2026-06-26T18:24:00Z,13.99,13.99,13.98,13.98,2187
2026-06-26T18:25:00Z,13.98,13.98,13.98,13.98,1597
2026-06-26T18:26:00Z,13.98,13.98,13.97,13.97,2291
2026-06-26T18:27:00Z,13.97,13.98,13.97,13.98,2551
2026-06-26T18:28:00Z,13.98,13.98,13.97,13.97,1545
2026-06-26T18:29:00Z,13.97,13.97,13.97,13.97,989
2026-06-26T18:30:00Z,13.97,13.97,13.95,13.95,1614
2026-06-26T18:31:00Z,13.95,13.95,13.94,13.94,2204
2026-06-26T18:32:00Z,13.94,13.95,13.94,13.95,1961
2026-06-26T18:33:00Z,13.95,13.95,13.95,13.95,1232
2026-06-26T18:34:00Z,13.95,13.96,13.95,13.96,1770
2026-06-26T18:35:00Z,13.96,13.96,13.96,13.96,1058
2026-06-26T18:36:00Z,13.96,13.97,13.96,13.97,2256
2026-06-26T18:37:00Z,13.97,13.97,13.97,13.97,1770
2026-06-26T18:38:00Z,13.97,13.97,13.97,13.97,1076
2026-06-26T18:39:00Z,13.97,13.98,13.97,13.98,2465
2026-06-26T18:40:00Z,13.98,13.98,13.97,13.97,2447
2026-06-26T18:41:00Z,13.97,13.98,13.97,13.98,1805
2026-06-26T18:42:00Z,13.98,13.98,13.97,13.97,1197
2026-06-26T18:43:00Z,13.97,13.97,13.96,13.96,1579
2026-06-26T18:44:00Z,13.96,13.96,13.96,13.96,1302
2026-06-26T18:45:00Z,13.96,13.96,13.96,13.96,2308
2026-06-26T18:46:00Z,13.96,13.97,13.96,13.97,2065
2026-06-26T18:47:00Z,13.97,13.97,13.97,13.97,2343
2026-06-26T18:48:00Z,13.97,13.98,13.97,13.98,1909
2026-06-26T18:49:00Z,13.98,13.99,13.98,13.99,2083
2026-06-26T18:50:00Z,13.99,14.00,13.99,14.00,2413
2026-06-26T18:51:00Z,14.00,14.00,13.99,13.99,2100
2026-06-26T18:52:00Z,13.99,13.99,13.98,13.98,2239
2026-06-26T18:53:00Z,13.98,13.98,13.98,13.98,1857
2026-06-26T18:54:00Z,13.98,13.98,13.97,13.97,1458
2026-06-26T18:55:00Z,13.97,13.98,13.97,13.98,989
2026-06-26T18:56:00Z,13.98,13.99,13.98,13.99,1249
2026-06-26T18:57:00Z,13.99,13.99,13.99,13.99,1492
2026-06-26T18:58:00Z,13.99,13.99,13.98,13.98,1267
2026-06-26T18:59:00Z,13.98,13.98,13.98,13.98,2083
2026-06-26T19:00:00Z,13.98,13.99,13.98,13.99,1492
2026-06-26T19:01:00Z,13.99,13.99,13.98,13.98,2326
2026-06-26T19:02:00Z,13.98,13.98,13.97,13.97,2517
2026-06-26T19:03:00Z,13.97,13.98,13.97,13.98,2586
2026-06-26T19:04:00Z,13.98,13.98,13.97,13.97,2256
2026-06-26T19:05:00Z,13.97,13.97,13.96,13.96,1701
2026-06-26T19:06:00Z,13.96,13.96,13.95,13.95,2360
2026-06-26T19:07:00Z,13.95,13.96,13.95,13.96,1562
2026-06-26T19:08:00Z,13.96,13.96,13.96,13.96,1926
2026-06-26T19:09:00Z,13.96,13.96,13.95,13.95,1874
2026-06-26T19:10:00Z,13.95,13.95,13.94,13.94,2187
2026-06-26T19:11:00Z,13.94,13.94,13.94,13.94,1892
2026-06-26T19:12:00Z,13.94,13.94,13.94,13.94,1510
2026-06-26T19:13:00Z,13.94,13.94,13.94,13.94,1857
2026-06-26T19:14:00Z,13.94,13.95,13.94,13.95,2534
2026-06-26T19:15:00Z,13.95,13.95,13.94,13.94,1683
2026-06-26T19:16:00Z,13.94,13.94,13.94,13.94,1041
2026-06-26T19:17:00Z,13.94,13.94,13.94,13.94,1093
2026-06-26T19:18:00Z,13.94,13.95,13.94,13.95,1492
2026-06-26T19:19:00Z,13.95,13.95,13.95,13.95,2430
2026-06-26T19:20:00Z,13.95,13.95,13.95,13.95,1683
2026-06-26T19:21:00Z,13.95,13.95,13.94,13.94,1805
2026-06-26T19:22:00Z,13.94,13.94,13.94,13.94,1180
2026-06-26T19:23:00Z,13.94,13.94,13.94,13.94,1145
2026-06-26T19:24:00Z,13.94,13.94,13.93,13.93,2360
2026-06-26T19:25:00Z,13.93,13.93,13.92,13.92,1319
2026-06-26T19:26:00Z,13.92,13.93,13.92,13.93,1093
2026-06-26T19:27:00Z,13.93,13.93,13.93,13.93,1562
2026-06-26T19:28:00Z,13.93,13.93,13.91,13.91,1163
2026-06-26T19:29:00Z,13.91,13.91,13.91,13.91,1840
2026-06-26T19:30:00Z,13.91,13.91,13.91,13.91,1267
2026-06-26T19:31:00Z,13.91,13.91,13.89,13.89,2308
2026-06-26T19:32:00Z,13.89,13.89,13.89,13.89,1215
2026-06-26T19:33:00Z,13.89,13.90,13.89,13.90,1944
2026-06-26T19:34:00Z,13.90,13.90,13.88,13.88,1197
2026-06-26T19:35:00Z,13.88,13.89,13.88,13.89,2100
2026-06-26T19:36:00Z,13.89,13.89,13.88,13.88,2430
2026-06-26T19:37:00Z,13.88,13.88,13.88,13.88,1822
2026-06-26T19:38:00Z,13.88,13.88,13.88,13.88,2204
2026-06-26T19:39:00Z,13.88,13.88,13.87,13.87,1336
2026-06-26T19:40:00Z,13.87,13.87,13.87,13.87,2291
2026-06-26T19:41:00Z,13.87,13.88,13.87,13.88,2604
2026-06-26T19:42:00Z,13.88,13.88,13.87,13.87,2604
2026-06-26T19:43:00Z,13.87,13.87,13.85,13.85,1302
2026-06-26T19:44:00Z,13.85,13.85,13.85,13.85,1458
2026-06-26T19:45:00Z,13.85,13.85,13.85,13.85,1822
2026-06-26T19:46:00Z,13.85,13.85,13.85,13.85,2517
2026-06-26T19:47:00Z,13.85,13.85,13.85,13.85,2517
2026-06-26T19:48:00Z,13.85,13.85,13.84,13.84,972
2026-06-26T19:49:00Z,13.84,13.84,13.84,13.84,2326
2026-06-26T19:50:00Z,13.84,13.84,13.84,13.84,2447
2026-06-26T19:51:00Z,13.84,13.84,13.84,13.84,902
2026-06-26T19:52:00Z,13.84,13.84,13.84,13.84,2135
2026-06-26T19:53:00Z,13.84,13.85,13.84,13.85,1683
2026-06-26T19:54:00Z,13.85,13.85,13.85,13.85,2117
2026-06-26T19:55:00Z,13.85,13.85,13.84,13.84,1475
2026-06-26T19:56:00Z,13.84,13.84,13.83,13.83,1111
2026-06-26T19:57:00Z,13.83,13.83,13.83,13.83,972
2026-06-26T19:58:00Z,13.83,13.83,13.82,13.82,2551
2026-06-26T19:59:00Z,13.82,13.83,13.82,13.83,1006
2026-06-26T20:00:00Z,13.83,13.83,13.83,13.83,1926
2026-06-26T20:01:00Z,13.83,13.84,13.83,13.84,1041
2026-06-26T20:02:00Z,13.84,13.84,13.83,13.83,2604
2026-06-26T20:03:00Z,13.83,13.83,13.83,13.83,1892
2026-06-26T20:04:00Z,13.83,13.83,13.83,13.83,2465
2026-06-26T20:05:00Z,13.83,13.84,13.83,13.84,2274
2026-06-26T20:06:00Z,13.84,13.84,13.82,13.82,1232
2026-06-26T20:07:00Z,13.82,13.84,13.82,13.84,2551
2026-06-26T20:08:00Z,13.84,13.84,13.84,13.84,1024
2026-06-26T20:09:00Z,13.84,13.84,13.84,13.84,1527
2026-06-26T20:10:00Z,13.84,13.84,13.84,13.84,1284
2026-06-26T20:11:00Z,13.84,13.84,13.82,13.82,989
2026-06-26T20:12:00Z,13.82,13.82,13.82,13.82,2204
2026-06-26T20:13:00Z,13.82,13.82,13.81,13.81,1597
2026-06-26T20:14:00Z,13.81,13.81,13.81,13.81,1649
2026-06-26T20:15:00Z,13.81,13.81,13.81,13.81,2482
2026-06-26T20:16:00Z,13.81,13.81,13.80,13.80,2222
2026-06-26T20:17:00Z,13.80,13.81,13.80,13.81,2274
2026-06-26T20:18:00Z,13.81,13.81,13.80,13.80,1406
2026-06-26T20:19:00Z,13.80,13.81,13.80,13.81,1006
2026-06-26T20:20:00Z,13.81,13.81,13.80,13.80,2152
2026-06-26T20:21:00Z,13.80,13.81,13.80,13.81,1423
2026-06-26T20:22:00Z,13.81,13.81,13.81,13.81,2187
2026-06-26T20:23:00Z,13.81,13.81,13.80,13.80,1354
2026-06-26T20:24:00Z,13.80,13.81,13.80,13.81,1597
2026-06-26T20:25:00Z,13.81,13.81,13.81,13.81,2551
2026-06-26T20:26:00Z,13.81,13.82,13.81,13.82,2170
2026-06-26T20:27:00Z,13.82,13.82,13.81,13.81,1284
2026-06-26T20:28:00Z,13.81,13.83,13.81,13.83,1076
2026-06-26T20:29:00Z,13.83,13.85,13.83,13.85,2204
2026-06-26T20:30:00Z,13.85,13.85,13.84,13.84,1492
2026-06-26T20:31:00Z,13.84,13.84,13.84,13.84,2013
2026-06-26T20:32:00Z,13.84,13.84,13.82,13.82,1701
2026-06-26T20:33:00Z,13.82,13.82,13.82,13.82,2604
2026-06-26T20:34:00Z,13.82,13.82,13.81,13.81,1562
2026-06-26T20:35:00Z,13.81,13.82,13.81,13.82,1926
2026-06-26T20:36:00Z,13.82,13.82,13.81,13.81,1371
2026-06-26T20:37:00Z,13.81,13.83,13.81,13.83,2378
2026-06-26T20:38:00Z,13.83,13.84,13.83,13.84,2360
2026-06-26T20:39:00Z,13.84,13.84,13.84,13.84,1788
2026-06-26T20:40:00Z,13.84,13.85,13.84,13.85,1701
2026-06-26T20:41:00Z,13.85,13.85,13.84,13.84,2100
2026-06-26T20:42:00Z,13.84,13.86,13.84,13.86,1006
2026-06-26T20:43:00Z,13.86,13.86,13.86,13.86,2170
2026-06-26T20:44:00Z,13.86,13.86,13.86,13.86,1753
2026-06-26T20:45:00Z,13.86,13.87,13.86,13.87,1093
2026-06-26T20:46:00Z,13.87,13.87,13.86,13.86,1249
2026-06-26T20:47:00Z,13.86,13.88,13.86,13.88,1302
2026-06-26T20:48:00Z,13.88,13.88,13.88,13.88,1597
2026-06-26T20:49:00Z,13.88,13.91,13.88,13.91,1788
2026-06-26T20:50:00Z,13.91,13.91,13.89,13.89,2083
2026-06-26T20:51:00Z,13.89,13.90,13.89,13.90,2534
2026-06-26T20:52:00Z,13.90,13.90,13.90,13.90,1944
2026-06-26T20:53:00Z,13.90,13.90,13.89,13.89,2360
2026-06-26T20:54:00Z,13.89,13.89,13.88,13.88,1996
2026-06-26T20:55:00Z,13.88,13.88,13.88,13.88,2447
2026-06-26T20:56:00Z,13.88,13.89,13.88,13.89,972
2026-06-26T20:57:00Z,13.89,13.89,13.88,13.88,2013
2026-06-26T20:58:00Z,13.88,13.88,13.88,13.88,2187
2026-06-26T20:59:00Z,13.88,13.88,13.88,13.88,1909
2026-06-26T21:00:00Z,13.88,13.88,13.87,13.87,1197
2026-06-26T21:01:00Z,13.87,13.87,13.86,13.86,1024
2026-06-26T21:02:00Z,13.86,13.86,13.86,13.86,1545
2026-06-26T21:03:00Z,13.86,13.87,13.86,13.87,1267
2026-06-26T21:04:00Z,13.87,13.88,13.87,13.88,1388
2026-06-26T21:05:00Z,13.88,13.88,13.88,13.88,2204
2026-06-26T21:06:00Z,13.88,13.90,13.88,13.90,2413
2026-06-26T21:07:00Z,13.90,13.91,13.90,13.91,1093
2026-06-26T21:08:00Z,13.91,13.91,13.90,13.90,954
2026-06-26T21:09:00Z,13.90,13.91,13.90,13.91,1076
2026-06-26T21:10:00Z,13.91,13.91,13.91,13.91,2013
2026-06-26T21:11:00Z,13.91,13.92,13.91,13.92,1249
2026-06-26T21:12:00Z,13.92,13.93,13.92,13.93,2065
2026-06-26T21:13:00Z,13.93,13.93,13.93,13.93,1979
2026-06-26T21:14:00Z,13.93,13.93,13.92,13.92,2170
2026-06-26T21:15:00Z,13.92,13.92,13.91,13.91,1840
2026-06-26T21:16:00Z,13.91,13.92,13.91,13.92,1302
2026-06-26T21:17:00Z,13.92,13.92,13.92,13.92,1979
2026-06-26T21:18:00Z,13.92,13.92,13.92,13.92,2447
2026-06-26T21:19:00Z,13.92,13.92,13.91,13.91,1249
2026-06-26T21:20:00Z,13.91,13.92,13.91,13.92,1128
2026-06-26T21:21:00Z,13.92,13.92,13.92,13.92,1788
2026-06-26T21:22:00Z,13.92,13.92,13.92,13.92,1527
2026-06-26T21:23:00Z,13.92,13.92,13.92,13.92,989
2026-06-26T21:24:00Z,13.92,13.93,13.92,13.93,1215
2026-06-26T21:25:00Z,13.93,13.93,13.93,13.93,2048
2026-06-26T21:26:00Z,13.93,13.93,13.93,13.93,2378
2026-06-26T21:27:00Z,13.93,13.93,13.93,13.93,1284
2026-06-26T21:28:00Z,13.93,13.93,13.93,13.93,1805
2026-06-26T21:29:00Z,13.93,13.95,13.93,13.95,1996
2026-06-26T21:30:00Z,13.95,13.95,13.94,13.94,2447
2026-06-26T21:31:00Z,13.94,13.94,13.92,13.92,1545
2026-06-26T21:32:00Z,13.92,13.92,13.92,13.92,1006
2026-06-26T21:33:00Z,13.92,13.92,13.92,13.92,1579
2026-06-26T21:34:00Z,13.92,13.94,13.92,13.94,1197
2026-06-26T21:35:00Z,13.94,13.94,13.93,13.93,2360
2026-06-26T21:36:00Z,13.93,13.93,13.93,13.93,1458
2026-06-26T21:37:00Z,13.93,13.93,13.93,13.93,1562
2026-06-26T21:38:00Z,13.93,13.93,13.93,13.93,2326
2026-06-26T21:39:00Z,13.93,13.93,13.93,13.93,1944
2026-06-26T21:40:00Z,13.93,13.94,13.93,13.94,954
2026-06-26T21:41:00Z,13.94,13.94,13.93,13.93,2569
2026-06-26T21:42:00Z,13.93,13.95,13.93,13.95,1683
2026-06-26T21:43:00Z,13.95,13.96,13.95,13.96,2117
2026-06-26T21:44:00Z,13.96,13.96,13.95,13.95,2291
2026-06-26T21:45:00Z,13.95,13.96,13.95,13.96,1788
2026-06-26T21:46:00Z,13.96,13.96,13.96,13.96,1683
2026-06-26T21:47:00Z,13.96,13.96,13.96,13.96,1562
2026-06-26T21:48:00Z,13.96,13.96,13.96,13.96,2170
2026-06-26T21:49:00Z,13.96,13.96,13.95,13.95,2100
2026-06-26T21:50:00Z,13.95,13.96,13.95,13.96,1545
2026-06-26T21:51:00Z,13.96,13.96,13.96,13.96,1180
2026-06-26T21:52:00Z,13.96,13.96,13.96,13.96,1961
2026-06-26T21:53:00Z,13.96,13.97,13.96,13.97,1961
2026-06-26T21:54:00Z,13.97,13.97,13.97,13.97,1492
2026-06-26T21:55:00Z,13.97,13.97,13.97,13.97,2117
2026-06-26T21:56:00Z,13.97,13.98,13.97,13.98,1163
2026-06-26T21:57:00Z,13.98,13.98,13.98,13.98,2465
2026-06-26T21:58:00Z,13.98,13.99,13.98,13.99,920
2026-06-26T21:59:00Z,13.99,13.99,13.99,13.99,1614
2026-06-26T22:00:00Z,13.99,13.99,13.99,13.99,1319
2026-06-26T22:01:00Z,13.99,13.99,13.99,13.99,1840
2026-06-26T22:02:00Z,13.99,13.99,13.98,13.98,1701
2026-06-26T22:03:00Z,13.98,13.99,13.98,13.99,1562
2026-06-26T22:04:00Z,13.99,14.01,13.99,14.01,2534
2026-06-26T22:05:00Z,14.01,14.01,14.00,14.00,2083
2026-06-26T22:06:00Z,14.00,14.00,14.00,14.00,1492
2026-06-26T22:07:00Z,14.00,14.00,14.00,14.00,2465
2026-06-26T22:08:00Z,14.00,14.00,14.00,14.00,2378
2026-06-26T22:09:00Z,14.00,14.01,14.00,14.01,1753
2026-06-26T22:10:00Z,14.01,14.01,14.00,14.00,1440
2026-06-26T22:11:00Z,14.00,14.01,14.00,14.01,1649
2026-06-26T22:12:00Z,14.01,14.04,14.01,14.04,1024
2026-06-26T22:13:00Z,14.04,14.04,14.03,14.03,2534
2026-06-26T22:14:00Z,14.03,14.04,14.03,14.04,2152
2026-06-26T22:15:00Z,14.04,14.05,14.04,14.05,1249
2026-06-26T22:16:00Z,14.05,14.05,14.05,14.05,1058
2026-06-26T22:17:00Z,14.05,14.06,14.05,14.06,1197
2026-06-26T22:18:00Z,14.06,14.06,14.05,14.05,1058
2026-06-26T22:19:00Z,14.05,14.05,14.04,14.04,1180
2026-06-26T22:20:00Z,14.04,14.06,14.04,14.06,2291
2026-06-26T22:21:00Z,14.06,14.06,14.06,14.06,1406
2026-06-26T22:22:00Z,14.06,14.06,14.06,14.06,1562
2026-06-26T22:23:00Z,14.06,14.06,14.05,14.05,2170
2026-06-26T22:24:00Z,14.05,14.05,14.05,14.05,2551
2026-06-26T22:25:00Z,14.05,14.05,14.04,14.04,1527
2026-06-26T22:26:00Z,14.04,14.05,14.04,14.05,2395
2026-06-26T22:27:00Z,14.05,14.05,14.05,14.05,1770
2026-06-26T22:28:00Z,14.05,14.06,14.05,14.06,2170
2026-06-26T22:29:00Z,14.06,14.06,14.05,14.05,1736
2026-06-26T22:30:00Z,14.05,14.05,14.04,14.04,1406
2026-06-26T22:31:00Z,14.04,14.04,14.04,14.04,2465
2026-06-26T22:32:00Z,14.04,14.04,14.03,14.03,1058
2026-06-26T22:33:00Z,14.03,14.04,14.03,14.04,1145
2026-06-26T22:34:00Z,14.04,14.05,14.04,14.05,2100
2026-06-26T22:35:00Z,14.05,14.05,14.05,14.05,2065
2026-06-26T22:36:00Z,14.05,14.06,14.05,14.06,2482
2026-06-26T22:37:00Z,14.06,14.07,14.06,14.07,1562
2026-06-26T22:38:00Z,14.07,14.08,14.07,14.08,2187
2026-06-26T22:39:00Z,14.08,14.09,14.08,14.09,1579
2026-06-26T22:40:00Z,14.09,14.09,14.07,14.07,1111
2026-06-26T22:41:00Z,14.07,14.08,14.07,14.08,1961
2026-06-26T22:42:00Z,14.08,14.08,14.08,14.08,2343
2026-06-26T22:43:00Z,14.08,14.08,14.08,14.08,1736
2026-06-26T22:44:00Z,14.08,14.09,14.08,14.09,1406
2026-06-26T22:45:00Z,14.09,14.10,14.09,14.10,1614
2026-06-26T22:46:00Z,14.10,14.10,14.09,14.09,1753
2026-06-26T22:47:00Z,14.09,14.09,14.08,14.08,1944
2026-06-26T22:48:00Z,14.08,14.10,14.08,14.10,1284
2026-06-26T22:49:00Z,14.10,14.10,14.09,14.09,1267
2026-06-26T22:50:00Z,14.09,14.10,14.09,14.10,1631
2026-06-26T22:51:00Z,14.10,14.10,14.10,14.10,1614
2026-06-26T22:52:00Z,14.10,14.10,14.10,14.10,1024
2026-06-26T22:53:00Z,14.10,14.10,14.10,14.10,1597
2026-06-26T22:54:00Z,14.10,14.10,14.08,14.08,1805
2026-06-26T22:55:00Z,14.08,14.09,14.08,14.09,1961
2026-06-26T22:56:00Z,14.09,14.09,14.09,14.09,2256
2026-06-26T22:57:00Z,14.09,14.09,14.09,14.09,1944
2026-06-26T22:58:00Z,14.09,14.10,14.09,14.10,1614
2026-06-26T22:59:00Z,14.10,14.10,14.10,14.10,1180
2026-06-26T23:00:00Z,14.10,14.10,14.09,14.09,2013
2026-06-26T23:01:00Z,14.09,14.09,14.09,14.09,1718
2026-06-26T23:02:00Z,14.09,14.09,14.08,14.08,1041
2026-06-26T23:03:00Z,14.08,14.08,14.08,14.08,2065
2026-06-26T23:04:00Z,14.08,14.08,14.06,14.06,2291
2026-06-26T23:05:00Z,14.06,14.06,14.06,14.06,1753
2026-06-26T23:06:00Z,14.06,14.06,14.05,14.05,1996
2026-06-26T23:07:00Z,14.05,14.05,14.05,14.05,2083
2026-06-26T23:08:00Z,14.05,14.06,14.05,14.06,2274
2026-06-26T23:09:00Z,14.06,14.06,14.04,14.04,1822
2026-06-26T23:10:00Z,14.04,14.04,14.04,14.04,868
2026-06-26T23:11:00Z,14.04,14.04,14.04,14.04,1579
2026-06-26T23:12:00Z,14.04,14.04,14.03,14.03,1753
2026-06-26T23:13:00Z,14.03,14.03,14.01,14.01,1649
2026-06-26T23:14:00Z,14.01,14.02,14.01,14.02,902
2026-06-26T23:15:00Z,14.02,14.02,14.02,14.02,2187
2026-06-26T23:16:00Z,14.02,14.02,14.02,14.02,1058
2026-06-26T23:17:00Z,14.02,14.02,14.02,14.02,1874
2026-06-26T23:18:00Z,14.02,14.02,14.02,14.02,1840
2026-06-26T23:19:00Z,14.02,14.03,14.02,14.03,2551
2026-06-26T23:20:00Z,14.03,14.04,14.03,14.04,1354
2026-06-26T23:21:00Z,14.04,14.04,14.03,14.03,1788
2026-06-26T23:22:00Z,14.03,14.04,14.03,14.04,2170
2026-06-26T23:23:00Z,14.04,14.04,14.04,14.04,2569
2026-06-26T23:24:00Z,14.04,14.04,14.03,14.03,1475
2026-06-26T23:25:00Z,14.03,14.03,14.03,14.03,2222
2026-06-26T23:26:00Z,14.03,14.03,14.03,14.03,1180
2026-06-26T23:27:00Z,14.03,14.03,14.02,14.02,1701
2026-06-26T23:28:00Z,14.02,14.03,14.02,14.03,1197
2026-06-26T23:29:00Z,14.03,14.03,14.03,14.03,2031
2026-06-26T23:30:00Z,14.03,14.03,14.02,14.02,1475
2026-06-26T23:31:00Z,14.02,14.03,14.02,14.03,1180
2026-06-26T23:32:00Z,14.03,14.03,14.02,14.02,2135
2026-06-26T23:33:00Z,14.02,14.03,14.02,14.03,868
2026-06-26T23:34:00Z,14.03,14.05,14.03,14.05,1510
2026-06-26T23:35:00Z,14.05,14.05,14.04,14.04,1041
2026-06-26T23:36:00Z,14.04,14.04,14.03,14.03,2031
2026-06-26T23:37:00Z,14.03,14.04,14.03,14.04,1892
2026-06-26T23:38:00Z,14.04,14.04,14.02,14.02,2308
2026-06-26T23:39:00Z,14.02,14.02,14.01,14.01,1614
2026-06-26T23:40:00Z,14.01,14.01,14.01,14.01,972
2026-06-26T23:41:00Z,14.01,14.01,14.00,14.00,1788
2026-06-26T23:42:00Z,14.00,14.01,14.00,14.01,2170
2026-06-26T23:43:00Z,14.01,14.01,14.01,14.01,1440
2026-06-26T23:44:00Z,14.01,14.01,14.01,14.01,2360
2026-06-26T23:45:00Z,14.01,14.01,14.01,14.01,2187
2026-06-26T23:46:00Z,14.01,14.01,14.00,14.00,1180
2026-06-26T23:47:00Z,14.00,14.00,14.00,14.00,1180
2026-06-26T23:48:00Z,14.00,14.00,13.99,13.99,2413
2026-06-26T23:49:00Z,13.99,13.99,13.99,13.99,1458
2026-06-26T23:50:00Z,13.99,13.99,13.98,13.98,1701
2026-06-26T23:51:00Z,13.98,14.00,13.98,14.00,1510
2026-06-26T23:52:00Z,14.00,14.00,14.00,14.00,1892
2026-06-26T23:53:00Z,14.00,14.01,14.00,14.01,1996
2026-06-26T23:54:00Z,14.01,14.01,14.00,14.00,937
2026-06-26T23:55:00Z,14.00,14.00,14.00,14.00,1058
2026-06-26T23:56:00Z,14.00,14.00,13.99,13.99,1024
2026-06-26T23:57:00Z,13.99,14.00,13.99,14.00,2170
2026-06-26T23:58:00Z,14.00,14.00,14.00,14.00,2534
2026-06-26T23:59:00Z,14.00,14.01,14.00,14.01,2256
