open_time_utc,open,high,low,close,volume
2026-06-22T13:30:00Z,343.67,343.70,343.64,343.64,229743
2026-06-22T13:31:00Z,343.64,343.66,343.61,343.66,100512
2026-06-22T13:32:00Z,343.66,343.70,343.63,343.67,165128
2026-06-22T13:33:00Z,343.67,343.70,343.62,343.65,163333
2026-06-22T13:34:00Z,343.65,343.69,343.62,343.66,131025
2026-06-22T13:35:00Z,343.66,343.68,343.66,343.68,236922
2026-06-22T13:36:00Z,343.68,343.68,343.63,343.66,269230
2026-06-22T13:37:00Z,343.66,343.70,343.66,343.70,231538
2026-06-22T13:38:00Z,343.70,343.70,343.68,343.68,163333
2026-06-22T13:39:00Z,343.68,343.69,343.68,343.69,141794
2026-06-22T13:40:00Z,343.69,343.80,343.69,343.77,227948
2026-06-22T13:41:00Z,343.77,343.80,343.72,343.75,147179
2026-06-22T13:42:00Z,343.75,343.75,343.62,343.65,174102
2026-06-22T13:43:00Z,343.65,343.65,343.60,343.63,152563
2026-06-22T13:44:00Z,343.63,343.64,343.60,343.64,209999
2026-06-22T13:45:00Z,343.64,343.64,343.59,343.62,113076
2026-06-22T13:46:00Z,343.62,343.65,343.59,343.59,118461
2026-06-22T13:47:00Z,343.59,343.61,343.59,343.61,235127
2026-06-22T13:48:00Z,343.61,343.61,343.59,343.59,193845
2026-06-22T13:49:00Z,343.59,343.62,343.56,343.56,181281
2026-06-22T13:50:00Z,343.56,343.59,343.48,343.51,258461
2026-06-22T13:51:00Z,343.51,343.58,343.48,343.55,242307
2026-06-22T13:52:00Z,343.55,343.58,343.53,343.53,157948
2026-06-22T13:53:00Z,343.53,343.58,343.53,343.58,208204
2026-06-22T13:54:00Z,343.58,343.58,343.49,343.52,163333
2026-06-22T13:55:00Z,343.52,343.60,343.49,343.57,159743
2026-06-22T13:56:00Z,343.57,343.58,343.57,343.58,226153
2026-06-22T13:57:00Z,343.58,343.63,343.58,343.63,229743
2026-06-22T13:58:00Z,343.63,343.66,343.60,343.60,229743
2026-06-22T13:59:00Z,343.60,343.60,343.58,343.58,131025
2026-06-22T14:00:00Z,343.58,343.63,343.55,343.60,102307
2026-06-22T14:01:00Z,343.60,343.61,343.60,343.61,170512
2026-06-22T14:02:00Z,343.61,343.64,343.59,343.59,138204
2026-06-22T14:03:00Z,343.59,343.60,343.59,343.60,183076
2026-06-22T14:04:00Z,343.60,343.60,343.55,343.55,235127
2026-06-22T14:05:00Z,343.55,343.55,343.53,343.53,168717
2026-06-22T14:06:00Z,343.53,343.57,343.50,343.54,120256
2026-06-22T14:07:00Z,343.54,343.57,343.49,343.52,109487
2026-06-22T14:08:00Z,343.52,343.55,343.46,343.49,127435
2026-06-22T14:09:00Z,343.49,343.51,343.46,343.51,269230
2026-06-22T14:10:00Z,343.51,343.52,343.48,343.52,197435
2026-06-22T14:11:00Z,343.52,343.55,343.44,343.47,186666
2026-06-22T14:12:00Z,343.47,343.55,343.47,343.52,233333
2026-06-22T14:13:00Z,343.52,343.55,343.46,343.49,227948
2026-06-22T14:14:00Z,343.49,343.52,343.47,343.47,229743
2026-06-22T14:15:00Z,343.47,343.50,343.41,343.44,107692
2026-06-22T14:16:00Z,343.44,343.49,343.41,343.46,206410
2026-06-22T14:17:00Z,343.46,343.48,343.43,343.48,199230
2026-06-22T14:18:00Z,343.48,343.52,343.48,343.52,138204
2026-06-22T14:19:00Z,343.52,343.57,343.49,343.57,141794
2026-06-22T14:20:00Z,343.57,343.57,343.54,343.54,96922
2026-06-22T14:21:00Z,343.54,343.59,343.51,343.59,262051
2026-06-22T14:22:00Z,343.59,343.62,343.53,343.56,226153
2026-06-22T14:23:00Z,343.56,343.64,343.56,343.64,107692
2026-06-22T14:24:00Z,343.64,343.64,343.62,343.62,229743
2026-06-22T14:25:00Z,343.62,343.66,343.62,343.63,263845
2026-06-22T14:26:00Z,343.63,343.65,343.60,343.65,267435
2026-06-22T14:27:00Z,343.65,343.65,343.59,343.62,163333
2026-06-22T14:28:00Z,343.62,343.65,343.60,343.60,215384
2026-06-22T14:29:00Z,343.60,343.63,343.55,343.58,256666
2026-06-22T14:30:00Z,343.58,343.62,343.55,343.59,235127
2026-06-22T14:31:00Z,343.59,343.63,343.59,343.63,227948
2026-06-22T14:32:00Z,343.63,343.65,343.60,343.65,122051
2026-06-22T14:33:00Z,343.65,343.69,343.65,343.69,154358
2026-06-22T14:34:00Z,343.69,343.69,343.64,343.67,209999
2026-06-22T14:35:00Z,343.67,343.71,343.67,343.68,213589
2026-06-22T14:36:00Z,343.68,343.70,343.65,343.70,150769
2026-06-22T14:37:00Z,343.70,343.73,343.64,343.64,199230
2026-06-22T14:38:00Z,343.64,343.67,343.61,343.61,127435
2026-06-22T14:39:00Z,343.61,343.64,343.56,343.59,233333
2026-06-22T14:40:00Z,343.59,343.66,343.59,343.63,236922
2026-06-22T14:41:00Z,343.63,343.63,343.61,343.61,138204
2026-06-22T14:42:00Z,343.61,343.68,343.61,343.65,113076
2026-06-22T14:43:00Z,343.65,343.68,343.60,343.63,258461
2026-06-22T14:44:00Z,343.63,343.67,343.60,343.67,260256
2026-06-22T14:45:00Z,343.67,343.68,343.64,343.68,247692
2026-06-22T14:46:00Z,343.68,343.68,343.60,343.63,224358
2026-06-22T14:47:00Z,343.63,343.63,343.60,343.60,197435
2026-06-22T14:48:00Z,343.60,343.60,343.52,343.55,148974
2026-06-22T14:49:00Z,343.55,343.56,343.52,343.56,263845
2026-06-22T14:50:00Z,343.56,343.58,343.56,343.58,213589
2026-06-22T14:51:00Z,343.58,343.62,343.58,343.62,96922
2026-06-22T14:52:00Z,343.62,343.63,343.62,343.63,154358
2026-06-22T14:53:00Z,343.63,343.66,343.61,343.61,150769
2026-06-22T14:54:00Z,343.61,343.62,343.58,343.62,129230
2026-06-22T14:55:00Z,343.62,343.65,343.54,343.57,244102
2026-06-22T14:56:00Z,343.57,343.64,343.54,343.61,236922
2026-06-22T14:57:00Z,343.61,343.61,343.59,343.59,253076
2026-06-22T14:58:00Z,343.59,343.59,343.56,343.56,192051
2026-06-22T14:59:00Z,343.56,343.61,343.56,343.61,122051
2026-06-22T15:00:00Z,343.61,343.65,343.61,343.65,256666
2026-06-22T15:01:00Z,343.65,343.68,343.56,343.59,206410
2026-06-22T15:02:00Z,343.59,343.62,343.54,343.54,132820
2026-06-22T15:03:00Z,343.54,343.61,343.54,343.61,235127
2026-06-22T15:04:00Z,343.61,343.64,343.53,343.56,152563
2026-06-22T15:05:00Z,343.56,343.57,343.53,343.57,131025
2026-06-22T15:06:00Z,343.57,343.57,343.52,343.55,157948
2026-06-22T15:07:00Z,343.55,343.58,343.52,343.52,217179
2026-06-22T15:08:00Z,343.52,343.52,343.46,343.49,129230
2026-06-22T15:09:00Z,343.49,343.57,343.49,343.57,186666
2026-06-22T15:10:00Z,343.57,343.58,343.54,343.58,206410
2026-06-22T15:11:00Z,343.58,343.66,343.58,343.66,132820
2026-06-22T15:12:00Z,343.66,343.67,343.63,343.67,188461
2026-06-22T15:13:00Z,343.67,343.69,343.67,343.69,113076
2026-06-22T15:14:00Z,343.69,343.72,343.63,343.63,233333
2026-06-22T15:15:00Z,343.63,343.63,343.57,343.60,95128
2026-06-22T15:16:00Z,343.60,343.65,343.57,343.65,254871
2026-06-22T15:17:00Z,343.65,343.69,343.62,343.66,224358
2026-06-22T15:18:00Z,343.66,343.71,343.66,343.71,138204
2026-06-22T15:19:00Z,343.71,343.74,343.62,343.65,222563
2026-06-22T15:20:00Z,343.65,343.65,343.60,343.60,199230
2026-06-22T15:21:00Z,343.60,343.60,343.51,343.54,251281
2026-06-22T15:22:00Z,343.54,343.61,343.51,343.58,208204
2026-06-22T15:23:00Z,343.58,343.58,343.56,343.56,122051
2026-06-22T15:24:00Z,343.56,343.60,343.53,343.60,233333
2026-06-22T15:25:00Z,343.60,343.68,343.57,343.68,145384
2026-06-22T15:26:00Z,343.68,343.72,343.65,343.72,147179
2026-06-22T15:27:00Z,343.72,343.74,343.69,343.74,260256
2026-06-22T15:28:00Z,343.74,343.84,343.71,343.81,134615
2026-06-22T15:29:00Z,343.81,343.86,343.78,343.83,143589
2026-06-22T15:30:00Z,343.83,343.89,343.83,343.86,166922
2026-06-22T15:31:00Z,343.86,343.86,343.76,343.76,265640
2026-06-22T15:32:00Z,343.76,343.83,343.73,343.80,145384
2026-06-22T15:33:00Z,343.80,343.83,343.71,343.74,154358
2026-06-22T15:34:00Z,343.74,343.77,343.67,343.70,109487
2026-06-22T15:35:00Z,343.70,343.74,343.67,343.71,188461
2026-06-22T15:36:00Z,343.71,343.71,343.65,343.68,98717
2026-06-22T15:37:00Z,343.68,343.71,343.62,343.65,141794
2026-06-22T15:38:00Z,343.65,343.68,343.65,343.65,227948
2026-06-22T15:39:00Z,343.65,343.65,343.62,343.62,258461
2026-06-22T15:40:00Z,343.62,343.65,343.56,343.56,244102
2026-06-22T15:41:00Z,343.56,343.63,343.53,343.60,159743
2026-06-22T15:42:00Z,343.60,343.66,343.60,343.66,215384
2026-06-22T15:43:00Z,343.66,343.67,343.63,343.67,127435
2026-06-22T15:44:00Z,343.67,343.71,343.64,343.68,109487
2026-06-22T15:45:00Z,343.68,343.75,343.68,343.72,197435
2026-06-22T15:46:00Z,343.72,343.82,343.72,343.79,211794
2026-06-22T15:47:00Z,343.79,343.82,343.79,343.79,93333
2026-06-22T15:48:00Z,343.79,343.80,343.76,343.80,154358
2026-06-22T15:49:00Z,343.80,343.80,343.77,343.77,161538
2026-06-22T15:50:00Z,343.77,343.84,343.74,343.81,195640
2026-06-22T15:51:00Z,343.81,343.81,343.77,343.77,89743
2026-06-22T15:52:00Z,343.77,343.81,343.77,343.78,104102
2026-06-22T15:53:00Z,343.78,343.82,343.75,343.79,166922
2026-06-22T15:54:00Z,343.79,343.80,343.79,343.80,138204
2026-06-22T15:55:00Z,343.80,343.80,343.77,343.80,192051
2026-06-22T15:56:00Z,343.80,343.83,343.77,343.77,95128
2026-06-22T15:57:00Z,343.77,343.81,343.77,343.81,269230
2026-06-22T15:58:00Z,343.81,343.84,343.75,343.75,244102
2026-06-22T15:59:00Z,343.75,343.79,343.75,343.76,188461
2026-06-22T16:00:00Z,343.76,343.76,343.72,343.72,181281
2026-06-22T16:01:00Z,343.72,343.75,343.66,343.66,231538
2026-06-22T16:02:00Z,343.66,343.67,343.66,343.67,141794
2026-06-22T16:03:00Z,343.67,343.70,343.58,343.61,192051
2026-06-22T16:04:00Z,343.61,343.64,343.47,343.50,116666
2026-06-22T16:05:00Z,343.50,343.54,343.50,343.54,202820
2026-06-22T16:06:00Z,343.54,343.61,343.54,343.58,236922
2026-06-22T16:07:00Z,343.58,343.65,343.58,343.65,238717
2026-06-22T16:08:00Z,343.65,343.65,343.61,343.61,262051
2026-06-22T16:09:00Z,343.61,343.61,343.55,343.58,193845
2026-06-22T16:10:00Z,343.58,343.61,343.52,343.52,120256
2026-06-22T16:11:00Z,343.52,343.55,343.49,343.49,123846
2026-06-22T16:12:00Z,343.49,343.52,343.45,343.45,105897
2026-06-22T16:13:00Z,343.45,343.46,343.45,343.46,190256
2026-06-22T16:14:00Z,343.46,343.46,343.40,343.43,242307
2026-06-22T16:15:00Z,343.43,343.47,343.43,343.44,156153
2026-06-22T16:16:00Z,343.44,343.48,343.41,343.48,120256
2026-06-22T16:17:00Z,343.48,343.48,343.41,343.44,89743
2026-06-22T16:18:00Z,343.44,343.51,343.44,343.48,195640
2026-06-22T16:19:00Z,343.48,343.52,343.48,343.52,159743
2026-06-22T16:20:00Z,343.52,343.53,343.49,343.53,123846
2026-06-22T16:21:00Z,343.53,343.53,343.50,343.53,125640
2026-06-22T16:22:00Z,343.53,343.60,343.50,343.60,206410
2026-06-22T16:23:00Z,343.60,343.60,343.54,343.57,188461
2026-06-22T16:24:00Z,343.57,343.61,343.54,343.61,136410
2026-06-22T16:25:00Z,343.61,343.67,343.58,343.64,186666
2026-06-22T16:26:00Z,343.64,343.65,343.61,343.65,242307
2026-06-22T16:27:00Z,343.65,343.69,343.62,343.69,174102
2026-06-22T16:28:00Z,343.69,343.73,343.69,343.73,174102
2026-06-22T16:29:00Z,343.73,343.76,343.63,343.63,254871
2026-06-22T16:30:00Z,343.63,343.66,343.63,343.63,186666
2026-06-22T16:31:00Z,343.63,343.66,343.53,343.56,165128
2026-06-22T16:32:00Z,343.56,343.56,343.52,343.52,125640
2026-06-22T16:33:00Z,343.52,343.59,343.49,343.56,104102
2026-06-22T16:34:00Z,343.56,343.59,343.49,343.49,129230
2026-06-22T16:35:00Z,343.49,343.52,343.49,343.52,238717
2026-06-22T16:36:00Z,343.52,343.55,343.49,343.52,184871
2026-06-22T16:37:00Z,343.52,343.56,343.49,343.56,265640
2026-06-22T16:38:00Z,343.56,343.59,343.56,343.56,122051
2026-06-22T16:39:00Z,343.56,343.56,343.49,343.52,116666
2026-06-22T16:40:00Z,343.52,343.53,343.49,343.53,120256
2026-06-22T16:41:00Z,343.53,343.53,343.53,343.53,218974
2026-06-22T16:42:00Z,343.53,343.56,343.50,343.56,199230
2026-06-22T16:43:00Z,343.56,343.56,343.49,343.52,132820
2026-06-22T16:44:00Z,343.52,343.56,343.52,343.56,111281
2026-06-22T16:45:00Z,343.56,343.59,343.56,343.56,206410
2026-06-22T16:46:00Z,343.56,343.62,343.53,343.59,132820
2026-06-22T16:47:00Z,343.59,343.66,343.59,343.63,208204
2026-06-22T16:48:00Z,343.63,343.63,343.56,343.56,166922
2026-06-22T16:49:00Z,343.56,343.59,343.49,343.52,236922
2026-06-22T16:50:00Z,343.52,343.55,343.49,343.52,253076
2026-06-22T16:51:00Z,343.52,343.52,343.46,343.46,213589
2026-06-22T16:52:00Z,343.46,343.49,343.43,343.46,89743
2026-06-22T16:53:00Z,343.46,343.46,343.46,343.46,208204
2026-06-22T16:54:00Z,343.46,343.50,343.43,343.50,150769
2026-06-22T16:55:00Z,343.50,343.50,343.43,343.46,174102
2026-06-22T16:56:00Z,343.46,343.46,343.39,343.42,114871
2026-06-22T16:57:00Z,343.42,343.45,343.39,343.42,163333
2026-06-22T16:58:00Z,343.42,343.43,343.42,343.43,123846
2026-06-22T16:59:00Z,343.43,343.46,343.40,343.43,102307
2026-06-22T17:00:00Z,343.43,343.43,343.40,343.43,166922
2026-06-22T17:01:00Z,343.43,343.43,343.40,343.40,120256
2026-06-22T17:02:00Z,343.40,343.40,343.33,343.36,235127
2026-06-22T17:03:00Z,343.36,343.39,343.36,343.39,240512
2026-06-22T17:04:00Z,343.39,343.42,343.39,343.42,159743
2026-06-22T17:05:00Z,343.42,343.42,343.39,343.39,100512
2026-06-22T17:06:00Z,343.39,343.39,343.32,343.35,202820
2026-06-22T17:07:00Z,343.35,343.35,343.35,343.35,95128
2026-06-22T17:08:00Z,343.35,343.36,343.32,343.36,102307
2026-06-22T17:09:00Z,343.36,343.36,343.26,343.29,208204
2026-06-22T17:10:00Z,343.29,343.29,343.25,343.25,220769
2026-06-22T17:11:00Z,343.25,343.25,343.18,343.18,217179
2026-06-22T17:12:00Z,343.18,343.22,343.15,343.22,179487
2026-06-22T17:13:00Z,343.22,343.25,343.12,343.15,134615
2026-06-22T17:14:00Z,343.15,343.15,343.08,343.08,150769
2026-06-22T17:15:00Z,343.08,343.09,343.08,343.09,154358
2026-06-22T17:16:00Z,343.09,343.09,343.09,343.09,113076
2026-06-22T17:17:00Z,343.09,343.09,343.05,343.05,260256
2026-06-22T17:18:00Z,343.05,343.11,343.02,343.08,183076
2026-06-22T17:19:00Z,343.08,343.11,343.05,343.05,154358
2026-06-22T17:20:00Z,343.05,343.05,343.01,343.01,166922
2026-06-22T17:21:00Z,343.01,343.01,342.98,343.01,179487
2026-06-22T17:22:00Z,343.01,343.02,342.98,343.02,174102
2026-06-22T17:23:00Z,343.02,343.02,342.95,342.98,148974
2026-06-22T17:24:00Z,342.98,342.98,342.98,342.98,227948
2026-06-22T17:25:00Z,342.98,343.01,342.91,342.94,177692
2026-06-22T17:26:00Z,342.94,342.95,342.91,342.95,258461
2026-06-22T17:27:00Z,342.95,343.01,342.92,342.98,138204
2026-06-22T17:28:00Z,342.98,343.01,342.98,343.01,89743
2026-06-22T17:29:00Z,343.01,343.08,342.98,343.05,183076
2026-06-22T17:30:00Z,343.05,343.06,343.05,343.06,122051
2026-06-22T17:31:00Z,343.06,343.06,342.97,342.97,154358
2026-06-22T17:32:00Z,342.97,343.01,342.97,342.98,267435
2026-06-22T17:33:00Z,342.98,343.01,342.93,342.93,269230
2026-06-22T17:34:00Z,342.93,343.03,342.93,343.00,104102
2026-06-22T17:35:00Z,343.00,343.02,342.97,343.02,186666
2026-06-22T17:36:00Z,343.02,343.03,343.02,343.03,163333
2026-06-22T17:37:00Z,343.03,343.14,343.03,343.11,138204
2026-06-22T17:38:00Z,343.11,343.15,343.08,343.12,240512
2026-06-22T17:39:00Z,343.12,343.20,343.09,343.17,267435
2026-06-22T17:40:00Z,343.17,343.18,343.14,343.18,107692
2026-06-22T17:41:00Z,343.18,343.26,343.18,343.23,251281
2026-06-22T17:42:00Z,343.23,343.23,343.20,343.20,184871
2026-06-22T17:43:00Z,343.20,343.20,343.12,343.15,114871
2026-06-22T17:44:00Z,343.15,343.25,343.12,343.22,265640
2026-06-22T17:45:00Z,343.22,343.27,343.19,343.27,109487
2026-06-22T17:46:00Z,343.27,343.31,343.24,343.31,181281
2026-06-22T17:47:00Z,343.31,343.31,343.26,343.26,262051
2026-06-22T17:48:00Z,343.26,343.27,343.23,343.27,190256
2026-06-22T17:49:00Z,343.27,343.27,343.22,343.22,166922
2026-06-22T17:50:00Z,343.22,343.29,343.22,343.29,138204
2026-06-22T17:51:00Z,343.29,343.34,343.26,343.31,168717
2026-06-22T17:52:00Z,343.31,343.31,343.22,343.25,102307
2026-06-22T17:53:00Z,343.25,343.36,343.25,343.33,113076
2026-06-22T17:54:00Z,343.33,343.34,343.30,343.34,215384
2026-06-22T17:55:00Z,343.34,343.34,343.32,343.32,179487
2026-06-22T17:56:00Z,343.32,343.32,343.26,343.29,134615
2026-06-22T17:57:00Z,343.29,343.32,343.24,343.27,229743
2026-06-22T17:58:00Z,343.27,343.28,343.24,343.28,113076
2026-06-22T17:59:00Z,343.28,343.33,343.28,343.30,269230
2026-06-22T18:00:00Z,343.30,343.34,343.27,343.31,138204
2026-06-22T18:01:00Z,343.31,343.34,343.26,343.29,154358
2026-06-22T18:02:00Z,343.29,343.33,343.26,343.33,195640
2026-06-22T18:03:00Z,343.33,343.38,343.33,343.35,96922
2026-06-22T18:04:00Z,343.35,343.35,343.29,343.32,184871
2026-06-22T18:05:00Z,343.32,343.35,343.23,343.23,263845
2026-06-22T18:06:00Z,343.23,343.23,343.17,343.20,165128
2026-06-22T18:07:00Z,343.20,343.23,343.12,343.15,165128
2026-06-22T18:08:00Z,343.15,343.16,343.15,343.16,240512
2026-06-22T18:09:00Z,343.16,343.21,343.16,343.21,154358
2026-06-22T18:10:00Z,343.21,343.21,343.12,343.15,231538
2026-06-22T18:11:00Z,343.15,343.20,343.12,343.17,143589
2026-06-22T18:12:00Z,343.17,343.17,343.11,343.14,95128
2026-06-22T18:13:00Z,343.14,343.14,343.09,343.12,233333
2026-06-22T18:14:00Z,343.12,343.16,343.09,343.13,224358
2026-06-22T18:15:00Z,343.13,343.21,343.13,343.18,244102
2026-06-22T18:16:00Z,343.18,343.18,343.09,343.12,217179
2026-06-22T18:17:00Z,343.12,343.12,343.03,343.03,224358
2026-06-22T18:18:00Z,343.03,343.13,343.03,343.10,226153
2026-06-22T18:19:00Z,343.10,343.21,343.10,343.18,134615
2026-06-22T18:20:00Z,343.18,343.18,343.15,343.15,240512
2026-06-22T18:21:00Z,343.15,343.18,343.13,343.13,147179
2026-06-22T18:22:00Z,343.13,343.16,343.10,343.10,208204
2026-06-22T18:23:00Z,343.10,343.21,343.07,343.18,125640
2026-06-22T18:24:00Z,343.18,343.18,343.05,343.08,188461
2026-06-22T18:25:00Z,343.08,343.16,343.05,343.13,109487
2026-06-22T18:26:00Z,343.13,343.13,343.03,343.03,166922
2026-06-22T18:27:00Z,343.03,343.03,343.01,343.01,170512
2026-06-22T18:28:00Z,343.01,343.01,342.98,342.98,123846
2026-06-22T18:29:00Z,342.98,342.98,342.96,342.96,202820
2026-06-22T18:30:00Z,342.96,343.02,342.93,342.99,236922
2026-06-22T18:31:00Z,342.99,343.05,342.99,343.02,96922
2026-06-22T18:32:00Z,343.02,343.02,342.99,343.02,256666
2026-06-22T18:33:00Z,343.02,343.05,343.02,343.02,211794
2026-06-22T18:34:00Z,343.02,343.09,342.99,343.09,116666
2026-06-22T18:35:00Z,343.09,343.15,343.06,343.12,218974
2026-06-22T18:36:00Z,343.12,343.15,343.05,343.05,98717
2026-06-22T18:37:00Z,343.05,343.05,343.01,343.01,111281
2026-06-22T18:38:00Z,343.01,343.05,343.01,343.02,179487
2026-06-22T18:39:00Z,343.02,343.02,343.02,343.02,93333
2026-06-22T18:40:00Z,343.02,343.05,342.99,343.02,148974
2026-06-22T18:41:00Z,343.02,343.05,343.02,343.05,247692
2026-06-22T18:42:00Z,343.05,343.09,343.02,343.09,154358
2026-06-22T18:43:00Z,343.09,343.12,343.02,343.05,254871
2026-06-22T18:44:00Z,343.05,343.08,343.05,343.05,201025
2026-06-22T18:45:00Z,343.05,343.08,343.02,343.05,104102
2026-06-22T18:46:00Z,343.05,343.11,343.05,343.08,102307
2026-06-22T18:47:00Z,343.08,343.12,343.05,343.12,105897
2026-06-22T18:48:00Z,343.12,343.15,343.09,343.12,174102
2026-06-22T18:49:00Z,343.12,343.15,343.08,343.08,183076
2026-06-22T18:50:00Z,343.08,343.08,343.05,343.08,213589
2026-06-22T18:51:00Z,343.08,343.12,343.05,343.12,199230
2026-06-22T18:52:00Z,343.12,343.15,343.02,343.05,238717
2026-06-22T18:53:00Z,343.05,343.18,343.02,343.15,238717
2026-06-22T18:54:00Z,343.15,343.18,343.08,343.08,183076
2026-06-22T18:55:00Z,343.08,343.11,342.99,343.02,95128
2026-06-22T18:56:00Z,343.02,343.08,342.99,343.05,220769
2026-06-22T18:57:00Z,343.05,343.08,343.02,343.05,125640
2026-06-22T18:58:00Z,343.05,343.05,342.95,342.98,193845
2026-06-22T18:59:00Z,342.98,343.01,342.95,342.95,156153
2026-06-22T19:00:00Z,342.95,342.95,342.88,342.91,150769
2026-06-22T19:01:00Z,342.91,342.94,342.91,342.91,233333
2026-06-22T19:02:00Z,342.91,342.91,342.91,342.91,120256
2026-06-22T19:03:00Z,342.91,342.91,342.84,342.87,240512
2026-06-22T19:04:00Z,342.87,342.94,342.87,342.91,262051
2026-06-22T19:05:00Z,342.91,342.94,342.91,342.91,233333
2026-06-22T19:06:00Z,342.91,342.94,342.84,342.87,118461
2026-06-22T19:07:00Z,342.87,342.87,342.83,342.83,233333
2026-06-22T19:08:00Z,342.83,342.87,342.83,342.87,107692
2026-06-22T19:09:00Z,342.87,342.90,342.77,342.80,163333
2026-06-22T19:10:00Z,342.80,342.89,342.80,342.86,179487
2026-06-22T19:11:00Z,342.86,342.86,342.82,342.82,107692
2026-06-22T19:12:00Z,342.82,342.89,342.82,342.86,238717
2026-06-22T19:13:00Z,342.86,342.92,342.83,342.89,256666
2026-06-22T19:14:00Z,342.89,342.89,342.86,342.89,229743
2026-06-22T19:15:00Z,342.89,342.89,342.82,342.85,152563
2026-06-22T19:16:00Z,342.85,342.85,342.82,342.85,116666
2026-06-22T19:17:00Z,342.85,342.88,342.79,342.82,247692
2026-06-22T19:18:00Z,342.82,342.88,342.82,342.85,186666
2026-06-22T19:19:00Z,342.85,342.91,342.82,342.88,102307
2026-06-22T19:20:00Z,342.88,342.88,342.84,342.84,206410
2026-06-22T19:21:00Z,342.84,342.87,342.75,342.78,136410
2026-06-22T19:22:00Z,342.78,342.78,342.78,342.78,91538
2026-06-22T19:23:00Z,342.78,342.78,342.74,342.74,170512
2026-06-22T19:24:00Z,342.74,342.80,342.74,342.80,168717
2026-06-22T19:25:00Z,342.80,342.87,342.80,342.84,127435
2026-06-22T19:26:00Z,342.84,342.84,342.73,342.73,93333
2026-06-22T19:27:00Z,342.73,342.76,342.70,342.76,215384
2026-06-22T19:28:00Z,342.76,342.79,342.72,342.72,211794
2026-06-22T19:29:00Z,342.72,342.72,342.69,342.69,163333
2026-06-22T19:30:00Z,342.69,342.69,342.65,342.65,120256
2026-06-22T19:31:00Z,342.65,342.68,342.59,342.59,139999
2026-06-22T19:32:00Z,342.59,342.66,342.56,342.63,159743
2026-06-22T19:33:00Z,342.63,342.67,342.63,342.64,175897
2026-06-22T19:34:00Z,342.64,342.64,342.64,342.64,201025
2026-06-22T19:35:00Z,342.64,342.68,342.64,342.65,183076
2026-06-22T19:36:00Z,342.65,342.72,342.65,342.69,186666
2026-06-22T19:37:00Z,342.69,342.73,342.69,342.70,240512
2026-06-22T19:38:00Z,342.70,342.73,342.66,342.66,267435
2026-06-22T19:39:00Z,342.66,342.70,342.66,342.67,177692
2026-06-22T19:40:00Z,342.67,342.71,342.67,342.68,208204
2026-06-22T19:41:00Z,342.68,342.69,342.65,342.69,107692
2026-06-22T19:42:00Z,342.69,342.72,342.62,342.65,105897
2026-06-22T19:43:00Z,342.65,342.66,342.65,342.66,199230
2026-06-22T19:44:00Z,342.66,342.70,342.63,342.70,127435
2026-06-22T19:45:00Z,342.70,342.73,342.57,342.60,141794
2026-06-22T19:46:00Z,342.60,342.63,342.51,342.54,89743
2026-06-22T19:47:00Z,342.54,342.57,342.54,342.57,199230
2026-06-22T19:48:00Z,342.57,342.61,342.54,342.58,174102
2026-06-22T19:49:00Z,342.58,342.58,342.49,342.52,131025
2026-06-22T19:50:00Z,342.52,342.55,342.46,342.46,161538
2026-06-22T19:51:00Z,342.46,342.55,342.43,342.52,91538
2026-06-22T19:52:00Z,342.52,342.56,342.52,342.56,175897
2026-06-22T19:53:00Z,342.56,342.60,342.53,342.57,253076
2026-06-22T19:54:00Z,342.57,342.64,342.57,342.61,183076
2026-06-22T19:55:00Z,342.61,342.67,342.61,342.67,181281
2026-06-22T19:56:00Z,342.67,342.71,342.64,342.68,127435
2026-06-22T19:57:00Z,342.68,342.71,342.62,342.65,233333
2026-06-22T19:58:00Z,342.65,342.65,342.56,342.59,238717
2026-06-22T19:59:00Z,342.59,342.60,342.59,342.60,134615
2026-06-23T13:30:00Z,342.60,342.63,342.57,342.60,190256
2026-06-23T13:31:00Z,342.60,342.63,342.53,342.56,235127
2026-06-23T13:32:00Z,342.56,342.59,342.56,342.56,166922
2026-06-23T13:33:00Z,342.56,342.56,342.56,342.56,161538
2026-06-23T13:34:00Z,342.56,342.59,342.49,342.52,251281
2026-06-23T13:35:00Z,342.52,342.55,342.49,342.49,201025
2026-06-23T13:36:00Z,342.49,342.52,342.42,342.45,247692
2026-06-23T13:37:00Z,342.45,342.51,342.42,342.48,256666
2026-06-23T13:38:00Z,342.48,342.51,342.41,342.44,129230
2026-06-23T13:39:00Z,342.44,342.44,342.44,342.44,206410
2026-06-23T13:40:00Z,342.44,342.48,342.44,342.45,170512
2026-06-23T13:41:00Z,342.45,342.48,342.45,342.45,220769
2026-06-23T13:42:00Z,342.45,342.51,342.45,342.51,195640
2026-06-23T13:43:00Z,342.51,342.54,342.51,342.54,131025
2026-06-23T13:44:00Z,342.54,342.57,342.51,342.57,245897
2026-06-23T13:45:00Z,342.57,342.57,342.54,342.57,89743
2026-06-23T13:46:00Z,342.57,342.57,342.54,342.54,267435
2026-06-23T13:47:00Z,342.54,342.60,342.51,342.57,201025
2026-06-23T13:48:00Z,342.57,342.63,342.54,342.63,91538
2026-06-23T13:49:00Z,342.63,342.66,342.60,342.63,211794
2026-06-23T13:50:00Z,342.63,342.66,342.60,342.63,172307
2026-06-23T13:51:00Z,342.63,342.67,342.63,342.64,174102
2026-06-23T13:52:00Z,342.64,342.70,342.61,342.67,211794
2026-06-23T13:53:00Z,342.67,342.67,342.67,342.67,152563
2026-06-23T13:54:00Z,342.67,342.67,342.63,342.63,208204
2026-06-23T13:55:00Z,342.63,342.63,342.53,342.56,226153
2026-06-23T13:56:00Z,342.56,342.59,342.52,342.52,265640
2026-06-23T13:57:00Z,342.52,342.62,342.49,342.59,134615
2026-06-23T13:58:00Z,342.59,342.62,342.56,342.62,209999
2026-06-23T13:59:00Z,342.62,342.65,342.59,342.62,102307
2026-06-23T14:00:00Z,342.62,342.68,342.59,342.65,236922
2026-06-23T14:01:00Z,342.65,342.68,342.55,342.58,222563
2026-06-23T14:02:00Z,342.58,342.65,342.58,342.65,238717
2026-06-23T14:03:00Z,342.65,342.68,342.62,342.65,181281
2026-06-23T14:04:00Z,342.65,342.65,342.65,342.65,93333
2026-06-23T14:05:00Z,342.65,342.68,342.55,342.58,220769
2026-06-23T14:06:00Z,342.58,342.58,342.55,342.58,111281
2026-06-23T14:07:00Z,342.58,342.67,342.58,342.64,245897
2026-06-23T14:08:00Z,342.64,342.67,342.58,342.61,222563
2026-06-23T14:09:00Z,342.61,342.64,342.54,342.54,188461
2026-06-23T14:10:00Z,342.54,342.60,342.51,342.60,224358
2026-06-23T14:11:00Z,342.60,342.63,342.57,342.63,236922
2026-06-23T14:12:00Z,342.63,342.66,342.59,342.59,199230
2026-06-23T14:13:00Z,342.59,342.59,342.56,342.56,100512
2026-06-23T14:14:00Z,342.56,342.56,342.52,342.52,179487
2026-06-23T14:15:00Z,342.52,342.52,342.45,342.48,222563
2026-06-23T14:16:00Z,342.48,342.51,342.45,342.48,177692
2026-06-23T14:17:00Z,342.48,342.51,342.41,342.41,249486
2026-06-23T14:18:00Z,342.41,342.44,342.41,342.44,125640
2026-06-23T14:19:00Z,342.44,342.47,342.41,342.41,202820
2026-06-23T14:20:00Z,342.41,342.47,342.38,342.44,156153
2026-06-23T14:21:00Z,342.44,342.50,342.44,342.50,247692
2026-06-23T14:22:00Z,342.50,342.53,342.46,342.46,209999
2026-06-23T14:23:00Z,342.46,342.49,342.39,342.42,197435
2026-06-23T14:24:00Z,342.42,342.42,342.33,342.36,116666
2026-06-23T14:25:00Z,342.36,342.39,342.33,342.39,236922
2026-06-23T14:26:00Z,342.39,342.39,342.25,342.28,143589
2026-06-23T14:27:00Z,342.28,342.34,342.28,342.31,111281
2026-06-23T14:28:00Z,342.31,342.31,342.27,342.27,247692
2026-06-23T14:29:00Z,342.27,342.31,342.24,342.28,195640
2026-06-23T14:30:00Z,342.28,342.31,342.19,342.22,190256
2026-06-23T14:31:00Z,342.22,342.25,342.12,342.12,102307
2026-06-23T14:32:00Z,342.12,342.13,342.09,342.13,98717
2026-06-23T14:33:00Z,342.13,342.13,342.07,342.10,152563
2026-06-23T14:34:00Z,342.10,342.20,342.07,342.17,143589
2026-06-23T14:35:00Z,342.17,342.22,342.14,342.22,168717
2026-06-23T14:36:00Z,342.22,342.22,342.16,342.19,190256
2026-06-23T14:37:00Z,342.19,342.19,342.06,342.09,206410
2026-06-23T14:38:00Z,342.09,342.12,342.03,342.06,145384
2026-06-23T14:39:00Z,342.06,342.06,342.03,342.03,152563
2026-06-23T14:40:00Z,342.03,342.06,342.00,342.00,175897
2026-06-23T14:41:00Z,342.00,342.03,341.92,341.95,166922
2026-06-23T14:42:00Z,341.95,341.95,341.89,341.89,96922
2026-06-23T14:43:00Z,341.89,341.92,341.83,341.86,175897
2026-06-23T14:44:00Z,341.86,341.87,341.83,341.87,195640
2026-06-23T14:45:00Z,341.87,341.91,341.84,341.91,166922
2026-06-23T14:46:00Z,341.91,341.91,341.85,341.88,201025
2026-06-23T14:47:00Z,341.88,341.90,341.88,341.90,100512
2026-06-23T14:48:00Z,341.90,341.91,341.87,341.91,240512
2026-06-23T14:49:00Z,341.91,341.95,341.91,341.92,242307
2026-06-23T14:50:00Z,341.92,341.96,341.89,341.96,96922
2026-06-23T14:51:00Z,341.96,341.97,341.93,341.97,150769
2026-06-23T14:52:00Z,341.97,341.98,341.97,341.98,201025
2026-06-23T14:53:00Z,341.98,341.98,341.93,341.96,166922
2026-06-23T14:54:00Z,341.96,341.96,341.90,341.93,120256
2026-06-23T14:55:00Z,341.93,341.93,341.90,341.90,118461
2026-06-23T14:56:00Z,341.90,341.90,341.84,341.87,98717
2026-06-23T14:57:00Z,341.87,341.90,341.81,341.84,113076
2026-06-23T14:58:00Z,341.84,341.91,341.81,341.91,98717
2026-06-23T14:59:00Z,341.91,341.91,341.79,341.82,233333
2026-06-23T15:00:00Z,341.82,341.89,341.82,341.86,100512
2026-06-23T15:01:00Z,341.86,341.89,341.83,341.83,254871
2026-06-23T15:02:00Z,341.83,341.86,341.73,341.73,188461
2026-06-23T15:03:00Z,341.73,341.73,341.70,341.70,188461
2026-06-23T15:04:00Z,341.70,341.74,341.67,341.74,96922
2026-06-23T15:05:00Z,341.74,341.79,341.71,341.79,190256
2026-06-23T15:06:00Z,341.79,341.83,341.79,341.83,211794
2026-06-23T15:07:00Z,341.83,341.84,341.83,341.84,217179
2026-06-23T15:08:00Z,341.84,341.85,341.84,341.85,114871
2026-06-23T15:09:00Z,341.85,341.92,341.85,341.92,251281
2026-06-23T15:10:00Z,341.92,341.96,341.89,341.96,175897
2026-06-23T15:11:00Z,341.96,341.98,341.96,341.98,249486
2026-06-23T15:12:00Z,341.98,342.02,341.95,341.99,109487
2026-06-23T15:13:00Z,341.99,342.06,341.99,342.03,269230
2026-06-23T15:14:00Z,342.03,342.04,342.00,342.04,254871
2026-06-23T15:15:00Z,342.04,342.11,342.04,342.08,249486
2026-06-23T15:16:00Z,342.08,342.12,342.05,342.12,141794
2026-06-23T15:17:00Z,342.12,342.17,342.09,342.17,129230
2026-06-23T15:18:00Z,342.17,342.21,342.17,342.18,104102
2026-06-23T15:19:00Z,342.18,342.19,342.18,342.19,139999
2026-06-23T15:20:00Z,342.19,342.19,342.16,342.16,202820
2026-06-23T15:21:00Z,342.16,342.23,342.13,342.20,204615
2026-06-23T15:22:00Z,342.20,342.24,342.20,342.21,89743
2026-06-23T15:23:00Z,342.21,342.29,342.21,342.29,260256
2026-06-23T15:24:00Z,342.29,342.32,342.23,342.26,262051
2026-06-23T15:25:00Z,342.26,342.26,342.20,342.23,165128
2026-06-23T15:26:00Z,342.23,342.23,342.20,342.20,222563
2026-06-23T15:27:00Z,342.20,342.24,342.17,342.21,177692
2026-06-23T15:28:00Z,342.21,342.22,342.18,342.22,91538
2026-06-23T15:29:00Z,342.22,342.25,342.17,342.17,211794
2026-06-23T15:30:00Z,342.17,342.20,342.10,342.13,129230
2026-06-23T15:31:00Z,342.13,342.19,342.10,342.16,186666
2026-06-23T15:32:00Z,342.16,342.19,342.13,342.16,157948
2026-06-23T15:33:00Z,342.16,342.16,342.13,342.16,147179
2026-06-23T15:34:00Z,342.16,342.19,342.12,342.12,105897
2026-06-23T15:35:00Z,342.12,342.15,342.09,342.15,154358
2026-06-23T15:36:00Z,342.15,342.18,342.15,342.18,95128
2026-06-23T15:37:00Z,342.18,342.21,342.15,342.15,172307
2026-06-23T15:38:00Z,342.15,342.18,342.15,342.15,204615
2026-06-23T15:39:00Z,342.15,342.15,342.12,342.15,116666
2026-06-23T15:40:00Z,342.15,342.18,342.12,342.15,104102
2026-06-23T15:41:00Z,342.15,342.18,342.05,342.08,138204
2026-06-23T15:42:00Z,342.08,342.08,342.04,342.04,113076
2026-06-23T15:43:00Z,342.04,342.07,342.01,342.07,245897
2026-06-23T15:44:00Z,342.07,342.07,342.01,342.04,139999
2026-06-23T15:45:00Z,342.04,342.04,342.04,342.04,206410
2026-06-23T15:46:00Z,342.04,342.04,342.00,342.00,150769
2026-06-23T15:47:00Z,342.00,342.03,341.96,341.96,251281
2026-06-23T15:48:00Z,341.96,341.99,341.96,341.96,254871
2026-06-23T15:49:00Z,341.96,342.02,341.96,341.99,240512
2026-06-23T15:50:00Z,341.99,341.99,341.96,341.99,242307
2026-06-23T15:51:00Z,341.99,342.05,341.99,342.05,113076
2026-06-23T15:52:00Z,342.05,342.05,342.02,342.02,227948
2026-06-23T15:53:00Z,342.02,342.08,341.99,342.05,220769
2026-06-23T15:54:00Z,342.05,342.08,342.05,342.08,226153
2026-06-23T15:55:00Z,342.08,342.08,342.01,342.04,251281
2026-06-23T15:56:00Z,342.04,342.04,342.01,342.04,100512
2026-06-23T15:57:00Z,342.04,342.04,341.94,341.97,183076
2026-06-23T15:58:00Z,341.97,342.00,341.97,341.97,204615
2026-06-23T15:59:00Z,341.97,342.01,341.94,342.01,89743
2026-06-23T16:00:00Z,342.01,342.04,341.98,342.01,116666
2026-06-23T16:01:00Z,342.01,342.04,341.97,341.97,227948
2026-06-23T16:02:00Z,341.97,342.00,341.94,341.97,114871
2026-06-23T16:03:00Z,341.97,342.03,341.97,342.00,183076
2026-06-23T16:04:00Z,342.00,342.03,341.96,341.96,229743
2026-06-23T16:05:00Z,341.96,341.96,341.96,341.96,206410
2026-06-23T16:06:00Z,341.96,341.99,341.93,341.99,111281
2026-06-23T16:07:00Z,341.99,341.99,341.93,341.96,172307
2026-06-23T16:08:00Z,341.96,342.02,341.96,342.02,118461
2026-06-23T16:09:00Z,342.02,342.02,342.02,342.02,139999
2026-06-23T16:10:00Z,342.02,342.08,342.02,342.08,236922
2026-06-23T16:11:00Z,342.08,342.14,342.05,342.11,145384
2026-06-23T16:12:00Z,342.11,342.14,342.04,342.07,204615
2026-06-23T16:13:00Z,342.07,342.17,342.04,342.17,226153
2026-06-23T16:14:00Z,342.17,342.18,342.14,342.18,240512
2026-06-23T16:15:00Z,342.18,342.21,342.11,342.11,224358
2026-06-23T16:16:00Z,342.11,342.14,342.11,342.14,96922
2026-06-23T16:17:00Z,342.14,342.20,342.11,342.17,174102
2026-06-23T16:18:00Z,342.17,342.20,342.17,342.20,131025
2026-06-23T16:19:00Z,342.20,342.20,342.09,342.09,161538
2026-06-23T16:20:00Z,342.09,342.12,342.02,342.02,215384
2026-06-23T16:21:00Z,342.02,342.05,341.98,341.98,258461
2026-06-23T16:22:00Z,341.98,342.01,341.92,341.95,129230
2026-06-23T16:23:00Z,341.95,341.95,341.91,341.91,122051
2026-06-23T16:24:00Z,341.91,341.97,341.88,341.97,208204
2026-06-23T16:25:00Z,341.97,342.00,341.97,342.00,143589
2026-06-23T16:26:00Z,342.00,342.06,342.00,342.03,118461
2026-06-23T16:27:00Z,342.03,342.09,342.03,342.06,141794
2026-06-23T16:28:00Z,342.06,342.06,342.02,342.02,263845
2026-06-23T16:29:00Z,342.02,342.09,341.99,342.06,105897
2026-06-23T16:30:00Z,342.06,342.09,342.06,342.06,129230
2026-06-23T16:31:00Z,342.06,342.10,342.06,342.10,122051
2026-06-23T16:32:00Z,342.10,342.13,342.03,342.03,116666
2026-06-23T16:33:00Z,342.03,342.10,342.03,342.07,256666
2026-06-23T16:34:00Z,342.07,342.07,342.04,342.07,104102
2026-06-23T16:35:00Z,342.07,342.14,342.07,342.11,175897
2026-06-23T16:36:00Z,342.11,342.14,342.08,342.11,172307
2026-06-23T16:37:00Z,342.11,342.14,342.08,342.08,114871
2026-06-23T16:38:00Z,342.08,342.14,342.08,342.11,209999
2026-06-23T16:39:00Z,342.11,342.11,342.08,342.08,242307
2026-06-23T16:40:00Z,342.08,342.11,342.08,342.11,111281
2026-06-23T16:41:00Z,342.11,342.14,342.05,342.08,138204
2026-06-23T16:42:00Z,342.08,342.08,342.04,342.04,113076
2026-06-23T16:43:00Z,342.04,342.11,342.01,342.11,263845
2026-06-23T16:44:00Z,342.11,342.14,342.11,342.11,107692
2026-06-23T16:45:00Z,342.11,342.18,342.11,342.15,150769
2026-06-23T16:46:00Z,342.15,342.18,342.11,342.11,197435
2026-06-23T16:47:00Z,342.11,342.12,342.11,342.12,249486
2026-06-23T16:48:00Z,342.12,342.15,342.09,342.12,109487
2026-06-23T16:49:00Z,342.12,342.19,342.12,342.19,204615
2026-06-23T16:50:00Z,342.19,342.25,342.16,342.25,134615
2026-06-23T16:51:00Z,342.25,342.29,342.22,342.26,251281
2026-06-23T16:52:00Z,342.26,342.29,342.15,342.15,96922
2026-06-23T16:53:00Z,342.15,342.18,342.12,342.12,262051
2026-06-23T16:54:00Z,342.12,342.12,342.08,342.08,197435
2026-06-23T16:55:00Z,342.08,342.12,342.08,342.09,107692
2026-06-23T16:56:00Z,342.09,342.09,341.99,342.02,218974
2026-06-23T16:57:00Z,342.02,342.05,341.99,341.99,260256
2026-06-23T16:58:00Z,341.99,341.99,341.92,341.92,263845
2026-06-23T16:59:00Z,341.92,341.93,341.92,341.93,206410
2026-06-23T17:00:00Z,341.93,341.96,341.93,341.96,260256
2026-06-23T17:01:00Z,341.96,341.96,341.90,341.90,131025
2026-06-23T17:02:00Z,341.90,341.90,341.87,341.90,224358
2026-06-23T17:03:00Z,341.90,341.90,341.84,341.87,204615
2026-06-23T17:04:00Z,341.87,341.96,341.87,341.93,256666
2026-06-23T17:05:00Z,341.93,341.96,341.90,341.90,193845
2026-06-23T17:06:00Z,341.90,341.93,341.90,341.93,209999
2026-06-23T17:07:00Z,341.93,341.96,341.83,341.83,105897
2026-06-23T17:08:00Z,341.83,341.83,341.79,341.79,247692
2026-06-23T17:09:00Z,341.79,341.83,341.76,341.83,95128
2026-06-23T17:10:00Z,341.83,341.89,341.80,341.86,258461
2026-06-23T17:11:00Z,341.86,341.90,341.86,341.87,123846
2026-06-23T17:12:00Z,341.87,341.87,341.84,341.87,254871
2026-06-23T17:13:00Z,341.87,341.94,341.84,341.94,177692
2026-06-23T17:14:00Z,341.94,341.94,341.90,341.90,120256
2026-06-23T17:15:00Z,341.90,341.91,341.87,341.91,238717
2026-06-23T17:16:00Z,341.91,341.94,341.88,341.91,174102
2026-06-23T17:17:00Z,341.91,341.92,341.91,341.92,93333
2026-06-23T17:18:00Z,341.92,342.05,341.89,342.02,249486
2026-06-23T17:19:00Z,342.02,342.02,341.93,341.96,245897
2026-06-23T17:20:00Z,341.96,341.96,341.96,341.96,215384
2026-06-23T17:21:00Z,341.96,342.03,341.93,342.03,181281
2026-06-23T17:22:00Z,342.03,342.03,341.93,341.96,89743
2026-06-23T17:23:00Z,341.96,342.00,341.96,342.00,175897
2026-06-23T17:24:00Z,342.00,342.00,341.96,341.96,253076
2026-06-23T17:25:00Z,341.96,341.97,341.93,341.97,113076
2026-06-23T17:26:00Z,341.97,342.00,341.93,341.93,238717
2026-06-23T17:27:00Z,341.93,341.93,341.90,341.90,244102
2026-06-23T17:28:00Z,341.90,341.90,341.87,341.90,127435
2026-06-23T17:29:00Z,341.90,341.91,341.87,341.91,211794
2026-06-23T17:30:00Z,341.91,341.91,341.90,341.90,91538
2026-06-23T17:31:00Z,341.90,341.93,341.82,341.82,233333
2026-06-23T17:32:00Z,341.82,341.85,341.79,341.82,156153
2026-06-23T17:33:00Z,341.82,341.85,341.71,341.74,249486
2026-06-23T17:34:00Z,341.74,341.77,341.67,341.70,217179
2026-06-23T17:35:00Z,341.70,341.73,341.69,341.69,265640
2026-06-23T17:36:00Z,341.69,341.82,341.66,341.79,229743
2026-06-23T17:37:00Z,341.79,341.82,341.75,341.78,132820
2026-06-23T17:38:00Z,341.78,341.84,341.78,341.84,267435
2026-06-23T17:39:00Z,341.84,341.87,341.72,341.72,150769
2026-06-23T17:40:00Z,341.72,341.75,341.72,341.75,96922
2026-06-23T17:41:00Z,341.75,341.75,341.71,341.74,102307
2026-06-23T17:42:00Z,341.74,341.77,341.71,341.74,172307
2026-06-23T17:43:00Z,341.74,341.74,341.70,341.73,211794
2026-06-23T17:44:00Z,341.73,341.76,341.73,341.73,179487
2026-06-23T17:45:00Z,341.73,341.76,341.65,341.68,116666
2026-06-23T17:46:00Z,341.68,341.74,341.65,341.71,204615
2026-06-23T17:47:00Z,341.71,341.76,341.71,341.73,113076
2026-06-23T17:48:00Z,341.73,341.82,341.73,341.79,235127
2026-06-23T17:49:00Z,341.79,341.82,341.74,341.74,154358
2026-06-23T17:50:00Z,341.74,341.74,341.67,341.67,104102
2026-06-23T17:51:00Z,341.67,341.69,341.67,341.69,197435
2026-06-23T17:52:00Z,341.69,341.72,341.69,341.69,143589
2026-06-23T17:53:00Z,341.69,341.72,341.68,341.68,204615
2026-06-23T17:54:00Z,341.68,341.71,341.61,341.61,154358
2026-06-23T17:55:00Z,341.61,341.66,341.61,341.63,247692
2026-06-23T17:56:00Z,341.63,341.63,341.63,341.63,242307
2026-06-23T17:57:00Z,341.63,341.68,341.63,341.65,202820
2026-06-23T17:58:00Z,341.65,341.68,341.58,341.61,91538
2026-06-23T17:59:00Z,341.61,341.63,341.58,341.63,102307
2026-06-23T18:00:00Z,341.63,341.63,341.62,341.62,156153
2026-06-23T18:01:00Z,341.62,341.65,341.55,341.58,269230
2026-06-23T18:02:00Z,341.58,341.61,341.50,341.53,131025
2026-06-23T18:03:00Z,341.53,341.56,341.53,341.53,224358
2026-06-23T18:04:00Z,341.53,341.58,341.50,341.55,258461
2026-06-23T18:05:00Z,341.55,341.55,341.48,341.48,114871
2026-06-23T18:06:00Z,341.48,341.48,341.40,341.43,157948
2026-06-23T18:07:00Z,341.43,341.43,341.33,341.36,197435
2026-06-23T18:08:00Z,341.36,341.36,341.32,341.35,113076
2026-06-23T18:09:00Z,341.35,341.41,341.32,341.38,260256
2026-06-23T18:10:00Z,341.38,341.41,341.33,341.33,165128
2026-06-23T18:11:00Z,341.33,341.33,341.29,341.29,238717
2026-06-23T18:12:00Z,341.29,341.29,341.25,341.28,134615
2026-06-23T18:13:00Z,341.28,341.31,341.21,341.24,224358
2026-06-23T18:14:00Z,341.24,341.27,341.23,341.23,129230
2026-06-23T18:15:00Z,341.23,341.23,341.20,341.23,95128
2026-06-23T18:16:00Z,341.23,341.28,341.23,341.25,161538
2026-06-23T18:17:00Z,341.25,341.25,341.15,341.18,125640
2026-06-23T18:18:00Z,341.18,341.18,341.07,341.10,122051
2026-06-23T18:19:00Z,341.10,341.16,341.07,341.16,177692
2026-06-23T18:20:00Z,341.16,341.18,341.16,341.18,107692
2026-06-23T18:21:00Z,341.18,341.18,341.15,341.18,231538
2026-06-23T18:22:00Z,341.18,341.23,341.15,341.20,236922
2026-06-23T18:23:00Z,341.20,341.23,341.13,341.13,215384
2026-06-23T18:24:00Z,341.13,341.13,341.12,341.12,208204
2026-06-23T18:25:00Z,341.12,341.21,341.09,341.18,218974
2026-06-23T18:26:00Z,341.18,341.21,341.13,341.13,190256
2026-06-23T18:27:00Z,341.13,341.16,341.03,341.06,222563
2026-06-23T18:28:00Z,341.06,341.08,341.03,341.08,147179
2026-06-23T18:29:00Z,341.08,341.17,341.05,341.14,265640
2026-06-23T18:30:00Z,341.14,341.14,341.07,341.10,260256
2026-06-23T18:31:00Z,341.10,341.11,341.10,341.11,111281
2026-06-23T18:32:00Z,341.11,341.14,341.08,341.08,174102
2026-06-23T18:33:00Z,341.08,341.11,341.05,341.08,251281
2026-06-23T18:34:00Z,341.08,341.11,341.02,341.05,249486
2026-06-23T18:35:00Z,341.05,341.05,340.99,341.02,202820
2026-06-23T18:36:00Z,341.02,341.06,341.02,341.03,197435
2026-06-23T18:37:00Z,341.03,341.09,341.03,341.06,253076
2026-06-23T18:38:00Z,341.06,341.06,341.00,341.00,109487
2026-06-23T18:39:00Z,341.00,341.01,341.00,341.01,235127
2026-06-23T18:40:00Z,341.01,341.07,341.01,341.04,192051
2026-06-23T18:41:00Z,341.04,341.07,341.01,341.01,161538
2026-06-23T18:42:00Z,341.01,341.08,341.01,341.05,122051
2026-06-23T18:43:00Z,341.05,341.05,340.96,340.99,208204
2026-06-23T18:44:00Z,340.99,340.99,340.89,340.92,204615
2026-06-23T18:45:00Z,340.92,340.96,340.92,340.93,145384
2026-06-23T18:46:00Z,340.93,341.00,340.90,340.97,166922
2026-06-23T18:47:00Z,340.97,340.97,340.86,340.86,188461
2026-06-23T18:48:00Z,340.86,340.93,340.86,340.93,211794
2026-06-23T18:49:00Z,340.93,341.03,340.93,341.00,224358
2026-06-23T18:50:00Z,341.00,341.00,340.94,340.97,197435
2026-06-23T18:51:00Z,340.97,341.03,340.97,341.00,111281
2026-06-23T18:52:00Z,341.00,341.01,340.97,341.01,218974
2026-06-23T18:53:00Z,341.01,341.05,341.01,341.02,131025
2026-06-23T18:54:00Z,341.02,341.05,341.02,341.02,107692
2026-06-23T18:55:00Z,341.02,341.06,340.99,341.03,157948
2026-06-23T18:56:00Z,341.03,341.06,340.93,340.93,184871
2026-06-23T18:57:00Z,340.93,340.96,340.87,340.87,98717
2026-06-23T18:58:00Z,340.87,340.90,340.83,340.83,165128
2026-06-23T18:59:00Z,340.83,340.90,340.80,340.90,127435
2026-06-23T19:00:00Z,340.90,340.97,340.87,340.97,184871
2026-06-23T19:01:00Z,340.97,341.00,340.90,340.93,263845
2026-06-23T19:02:00Z,340.93,340.93,340.87,340.90,177692
2026-06-23T19:03:00Z,340.90,340.90,340.87,340.87,172307
2026-06-23T19:04:00Z,340.87,340.94,340.84,340.91,262051
2026-06-23T19:05:00Z,340.91,340.91,340.91,340.91,215384
2026-06-23T19:06:00Z,340.91,340.92,340.91,340.92,114871
2026-06-23T19:07:00Z,340.92,340.95,340.82,340.82,131025
2026-06-23T19:08:00Z,340.82,340.85,340.79,340.82,227948
2026-06-23T19:09:00Z,340.82,340.83,340.79,340.83,123846
2026-06-23T19:10:00Z,340.83,340.93,340.80,340.90,238717
2026-06-23T19:11:00Z,340.90,341.00,340.87,340.97,111281
2026-06-23T19:12:00Z,340.97,341.00,340.86,340.86,233333
2026-06-23T19:13:00Z,340.86,340.93,340.86,340.90,233333
2026-06-23T19:14:00Z,340.90,340.91,340.87,340.91,131025
2026-06-23T19:15:00Z,340.91,340.97,340.91,340.94,113076
2026-06-23T19:16:00Z,340.94,340.95,340.94,340.95,253076
2026-06-23T19:17:00Z,340.95,340.99,340.92,340.96,242307
2026-06-23T19:18:00Z,340.96,341.03,340.93,341.00,172307
2026-06-23T19:19:00Z,341.00,341.00,340.96,340.96,262051
2026-06-23T19:20:00Z,340.96,341.00,340.96,340.97,152563
2026-06-23T19:21:00Z,340.97,341.00,340.91,340.94,262051
2026-06-23T19:22:00Z,340.94,340.94,340.84,340.87,245897
2026-06-23T19:23:00Z,340.87,340.90,340.84,340.84,183076
2026-06-23T19:24:00Z,340.84,340.91,340.81,340.88,213589
2026-06-23T19:25:00Z,340.88,340.88,340.82,340.85,105897
2026-06-23T19:26:00Z,340.85,340.88,340.78,340.81,166922
2026-06-23T19:27:00Z,340.81,340.85,340.78,340.85,123846
2026-06-23T19:28:00Z,340.85,340.89,340.85,340.89,139999
2026-06-23T19:29:00Z,340.89,340.96,340.89,340.96,224358
2026-06-23T19:30:00Z,340.96,341.01,340.96,340.98,244102
2026-06-23T19:31:00Z,340.98,341.04,340.98,341.01,190256
2026-06-23T19:32:00Z,341.01,341.01,340.93,340.93,188461
2026-06-23T19:33:00Z,340.93,340.96,340.91,340.91,195640
2026-06-23T19:34:00Z,340.91,340.97,340.91,340.97,247692
2026-06-23T19:35:00Z,340.97,341.00,340.96,340.96,168717
2026-06-23T19:36:00Z,340.96,340.96,340.91,340.94,267435
2026-06-23T19:37:00Z,340.94,341.00,340.91,341.00,245897
2026-06-23T19:38:00Z,341.00,341.03,340.97,341.03,125640
2026-06-23T19:39:00Z,341.03,341.03,341.01,341.01,195640
2026-06-23T19:40:00Z,341.01,341.04,340.94,340.97,247692
2026-06-23T19:41:00Z,340.97,341.03,340.97,341.00,265640
2026-06-23T19:42:00Z,341.00,341.03,340.88,340.91,145384
2026-06-23T19:43:00Z,340.91,340.94,340.90,340.90,127435
2026-06-23T19:44:00Z,340.90,340.93,340.83,340.86,131025
2026-06-23T19:45:00Z,340.86,340.97,340.83,340.94,204615
2026-06-23T19:46:00Z,340.94,340.94,340.90,340.93,229743
2026-06-23T19:47:00Z,340.93,340.96,340.90,340.96,201025
2026-06-23T19:48:00Z,340.96,341.01,340.96,341.01,125640
2026-06-23T19:49:00Z,341.01,341.04,340.93,340.93,190256
2026-06-23T19:50:00Z,340.93,341.02,340.90,340.99,174102
2026-06-23T19:51:00Z,340.99,341.07,340.96,341.04,134615
2026-06-23T19:52:00Z,341.04,341.10,341.01,341.10,256666
2026-06-23T19:53:00Z,341.10,341.19,341.07,341.19,269230
2026-06-23T19:54:00Z,341.19,341.21,341.19,341.21,141794
2026-06-23T19:55:00Z,341.21,341.24,341.20,341.20,267435
2026-06-23T19:56:00Z,341.20,341.26,341.17,341.26,91538
2026-06-23T19:57:00Z,341.26,341.28,341.26,341.28,163333
2026-06-23T19:58:00Z,341.28,341.28,341.27,341.27,157948
2026-06-23T19:59:00Z,341.27,341.27,341.26,341.26,236922
2026-06-24T13:30:00Z,341.26,341.26,341.22,341.22,107692
2026-06-24T13:31:00Z,341.22,341.26,341.22,341.26,141794
2026-06-24T13:32:00Z,341.26,341.27,341.26,341.27,181281
2026-06-24T13:33:00Z,341.27,341.31,341.27,341.28,202820
2026-06-24T13:34:00Z,341.28,341.32,341.28,341.32,186666
2026-06-24T13:35:00Z,341.32,341.35,341.28,341.28,157948
2026-06-24T13:36:00Z,341.28,341.28,341.22,341.25,217179
2026-06-24T13:37:00Z,341.25,341.25,341.19,341.22,107692
2026-06-24T13:38:00Z,341.22,341.25,341.13,341.16,123846
2026-06-24T13:39:00Z,341.16,341.17,341.16,341.17,183076
2026-06-24T13:40:00Z,341.17,341.17,341.14,341.17,197435
2026-06-24T13:41:00Z,341.17,341.17,341.08,341.11,260256
2026-06-24T13:42:00Z,341.11,341.12,341.11,341.12,145384
2026-06-24T13:43:00Z,341.12,341.22,341.09,341.19,183076
2026-06-24T13:44:00Z,341.19,341.23,341.19,341.23,199230
2026-06-24T13:45:00Z,341.23,341.27,341.20,341.27,134615
2026-06-24T13:46:00Z,341.27,341.30,341.27,341.27,93333
2026-06-24T13:47:00Z,341.27,341.37,341.27,341.34,156153
2026-06-24T13:48:00Z,341.34,341.38,341.34,341.35,245897
2026-06-24T13:49:00Z,341.35,341.42,341.32,341.42,201025
2026-06-24T13:50:00Z,341.42,341.46,341.42,341.43,233333
2026-06-24T13:51:00Z,341.43,341.49,341.40,341.46,229743
2026-06-24T13:52:00Z,341.46,341.47,341.43,341.47,123846
2026-06-24T13:53:00Z,341.47,341.51,341.47,341.48,163333
2026-06-24T13:54:00Z,341.48,341.51,341.45,341.45,201025
2026-06-24T13:55:00Z,341.45,341.49,341.45,341.46,186666
2026-06-24T13:56:00Z,341.46,341.50,341.43,341.50,201025
2026-06-24T13:57:00Z,341.50,341.50,341.43,341.46,123846
2026-06-24T13:58:00Z,341.46,341.53,341.46,341.50,201025
2026-06-24T13:59:00Z,341.50,341.54,341.50,341.54,174102
2026-06-24T14:00:00Z,341.54,341.58,341.54,341.58,145384
2026-06-24T14:01:00Z,341.58,341.62,341.58,341.59,256666
2026-06-24T14:02:00Z,341.59,341.59,341.56,341.59,222563
2026-06-24T14:03:00Z,341.59,341.62,341.53,341.56,188461
2026-06-24T14:04:00Z,341.56,341.60,341.53,341.60,148974
2026-06-24T14:05:00Z,341.60,341.64,341.57,341.64,269230
2026-06-24T14:06:00Z,341.64,341.68,341.61,341.68,163333
2026-06-24T14:07:00Z,341.68,341.69,341.65,341.69,98717
2026-06-24T14:08:00Z,341.69,341.69,341.65,341.65,253076
2026-06-24T14:09:00Z,341.65,341.68,341.62,341.62,256666
2026-06-24T14:10:00Z,341.62,341.65,341.56,341.56,251281
2026-06-24T14:11:00Z,341.56,341.60,341.56,341.57,186666
2026-06-24T14:12:00Z,341.57,341.60,341.48,341.51,197435
2026-06-24T14:13:00Z,341.51,341.60,341.51,341.57,102307
2026-06-24T14:14:00Z,341.57,341.57,341.51,341.51,111281
2026-06-24T14:15:00Z,341.51,341.58,341.48,341.55,120256
2026-06-24T14:16:00Z,341.55,341.58,341.45,341.45,136410
2026-06-24T14:17:00Z,341.45,341.48,341.35,341.35,156153
2026-06-24T14:18:00Z,341.35,341.38,341.25,341.25,249486
2026-06-24T14:19:00Z,341.25,341.28,341.18,341.21,118461
2026-06-24T14:20:00Z,341.21,341.28,341.21,341.25,267435
2026-06-24T14:21:00Z,341.25,341.35,341.22,341.32,254871
2026-06-24T14:22:00Z,341.32,341.33,341.32,341.33,154358
2026-06-24T14:23:00Z,341.33,341.33,341.27,341.27,220769
2026-06-24T14:24:00Z,341.27,341.30,341.20,341.23,218974
2026-06-24T14:25:00Z,341.23,341.30,341.23,341.27,254871
2026-06-24T14:26:00Z,341.27,341.28,341.27,341.28,233333
2026-06-24T14:27:00Z,341.28,341.28,341.22,341.22,249486
2026-06-24T14:28:00Z,341.22,341.25,341.19,341.19,141794
2026-06-24T14:29:00Z,341.19,341.22,341.16,341.16,166922
2026-06-24T14:30:00Z,341.16,341.17,341.13,341.17,202820
2026-06-24T14:31:00Z,341.17,341.19,341.14,341.19,156153
2026-06-24T14:32:00Z,341.19,341.22,341.17,341.17,118461
2026-06-24T14:33:00Z,341.17,341.22,341.17,341.19,104102
2026-06-24T14:34:00Z,341.19,341.24,341.19,341.21,136410
2026-06-24T14:35:00Z,341.21,341.23,341.18,341.23,220769
2026-06-24T14:36:00Z,341.23,341.28,341.20,341.25,184871
2026-06-24T14:37:00Z,341.25,341.25,341.23,341.23,170512
2026-06-24T14:38:00Z,341.23,341.26,341.21,341.21,157948
2026-06-24T14:39:00Z,341.21,341.24,341.16,341.19,208204
2026-06-24T14:40:00Z,341.19,341.22,341.11,341.14,125640
2026-06-24T14:41:00Z,341.14,341.16,341.14,341.16,254871
2026-06-24T14:42:00Z,341.16,341.19,341.14,341.14,220769
2026-06-24T14:43:00Z,341.14,341.17,341.09,341.09,109487
2026-06-24T14:44:00Z,341.09,341.14,341.06,341.14,145384
2026-06-24T14:45:00Z,341.14,341.14,341.06,341.09,226153
2026-06-24T14:46:00Z,341.09,341.12,341.07,341.07,161538
2026-06-24T14:47:00Z,341.07,341.12,341.07,341.09,177692
2026-06-24T14:48:00Z,341.09,341.11,341.06,341.11,213589
2026-06-24T14:49:00Z,341.11,341.16,341.08,341.16,95128
2026-06-24T14:50:00Z,341.16,341.18,341.13,341.18,127435
2026-06-24T14:51:00Z,341.18,341.21,341.10,341.13,184871
2026-06-24T14:52:00Z,341.13,341.18,341.10,341.15,113076
2026-06-24T14:53:00Z,341.15,341.15,341.13,341.13,131025
2026-06-24T14:54:00Z,341.13,341.18,341.10,341.15,201025
2026-06-24T14:55:00Z,341.15,341.18,341.06,341.06,240512
2026-06-24T14:56:00Z,341.06,341.14,341.03,341.11,204615
2026-06-24T14:57:00Z,341.11,341.11,341.03,341.06,254871
2026-06-24T14:58:00Z,341.06,341.11,341.03,341.08,184871
2026-06-24T14:59:00Z,341.08,341.11,340.96,340.99,159743
2026-06-24T15:00:00Z,340.99,341.02,340.89,340.89,202820
2026-06-24T15:01:00Z,340.89,340.92,340.77,340.80,105897
2026-06-24T15:02:00Z,340.80,340.80,340.72,340.75,192051
2026-06-24T15:03:00Z,340.75,340.83,340.72,340.80,222563
2026-06-24T15:04:00Z,340.80,340.91,340.80,340.88,132820
2026-06-24T15:05:00Z,340.88,340.91,340.83,340.86,143589
2026-06-24T15:06:00Z,340.86,340.91,340.83,340.88,209999
2026-06-24T15:07:00Z,340.88,340.88,340.83,340.86,236922
2026-06-24T15:08:00Z,340.86,340.91,340.86,340.88,132820
2026-06-24T15:09:00Z,340.88,340.96,340.88,340.96,208204
2026-06-24T15:10:00Z,340.96,340.99,340.94,340.94,238717
2026-06-24T15:11:00Z,340.94,340.94,340.89,340.92,218974
2026-06-24T15:12:00Z,340.92,340.94,340.89,340.94,120256
2026-06-24T15:13:00Z,340.94,340.97,340.89,340.92,148974
2026-06-24T15:14:00Z,340.92,340.97,340.92,340.97,217179
2026-06-24T15:15:00Z,340.97,340.97,340.92,340.92,143589
2026-06-24T15:16:00Z,340.92,341.00,340.89,340.97,233333
2026-06-24T15:17:00Z,340.97,340.97,340.95,340.95,231538
2026-06-24T15:18:00Z,340.95,340.97,340.95,340.97,159743
2026-06-24T15:19:00Z,340.97,341.12,340.94,341.09,129230
2026-06-24T15:20:00Z,341.09,341.09,341.07,341.07,222563
2026-06-24T15:21:00Z,341.07,341.12,341.07,341.09,138204
2026-06-24T15:22:00Z,341.09,341.14,341.09,341.14,116666
2026-06-24T15:23:00Z,341.14,341.17,341.09,341.12,256666
2026-06-24T15:24:00Z,341.12,341.17,341.09,341.14,116666
2026-06-24T15:25:00Z,341.14,341.14,341.06,341.09,100512
2026-06-24T15:26:00Z,341.09,341.09,341.04,341.07,131025
2026-06-24T15:27:00Z,341.07,341.07,341.02,341.05,235127
2026-06-24T15:28:00Z,341.05,341.08,341.00,341.00,132820
2026-06-24T15:29:00Z,341.00,341.02,340.97,341.02,152563
2026-06-24T15:30:00Z,341.02,341.04,340.99,341.04,186666
2026-06-24T15:31:00Z,341.04,341.04,340.96,340.99,168717
2026-06-24T15:32:00Z,340.99,340.99,340.98,340.98,145384
2026-06-24T15:33:00Z,340.98,341.06,340.95,341.03,218974
2026-06-24T15:34:00Z,341.03,341.11,341.03,341.08,122051
2026-06-24T15:35:00Z,341.08,341.08,341.07,341.07,147179
2026-06-24T15:36:00Z,341.07,341.07,341.05,341.05,156153
2026-06-24T15:37:00Z,341.05,341.13,341.02,341.10,143589
2026-06-24T15:38:00Z,341.10,341.16,341.07,341.16,224358
2026-06-24T15:39:00Z,341.16,341.19,341.14,341.14,116666
2026-06-24T15:40:00Z,341.14,341.22,341.14,341.22,251281
2026-06-24T15:41:00Z,341.22,341.22,341.18,341.21,262051
2026-06-24T15:42:00Z,341.21,341.24,341.19,341.19,156153
2026-06-24T15:43:00Z,341.19,341.24,341.19,341.24,89743
2026-06-24T15:44:00Z,341.24,341.30,341.24,341.30,209999
2026-06-24T15:45:00Z,341.30,341.35,341.27,341.32,120256
2026-06-24T15:46:00Z,341.32,341.35,341.30,341.30,175897
2026-06-24T15:47:00Z,341.30,341.30,341.23,341.26,206410
2026-06-24T15:48:00Z,341.26,341.26,341.17,341.17,139999
2026-06-24T15:49:00Z,341.17,341.20,341.12,341.15,159743
2026-06-24T15:50:00Z,341.15,341.21,341.12,341.18,91538
2026-06-24T15:51:00Z,341.18,341.20,341.15,341.20,127435
2026-06-24T15:52:00Z,341.20,341.23,341.15,341.18,211794
2026-06-24T15:53:00Z,341.18,341.27,341.18,341.27,154358
2026-06-24T15:54:00Z,341.27,341.35,341.24,341.32,226153
2026-06-24T15:55:00Z,341.32,341.37,341.29,341.34,208204
2026-06-24T15:56:00Z,341.34,341.37,341.31,341.37,253076
2026-06-24T15:57:00Z,341.37,341.45,341.34,341.42,134615
2026-06-24T15:58:00Z,341.42,341.47,341.39,341.44,258461
2026-06-24T15:59:00Z,341.44,341.44,341.43,341.43,95128
2026-06-24T16:00:00Z,341.43,341.46,341.38,341.41,138204
2026-06-24T16:01:00Z,341.41,341.46,341.41,341.46,95128
2026-06-24T16:02:00Z,341.46,341.49,341.42,341.42,93333
2026-06-24T16:03:00Z,341.42,341.50,341.42,341.47,240512
2026-06-24T16:04:00Z,341.47,341.49,341.47,341.49,238717
2026-06-24T16:05:00Z,341.49,341.58,341.49,341.55,247692
2026-06-24T16:06:00Z,341.55,341.57,341.55,341.57,107692
2026-06-24T16:07:00Z,341.57,341.60,341.49,341.52,177692
2026-06-24T16:08:00Z,341.52,341.52,341.48,341.51,201025
2026-06-24T16:09:00Z,341.51,341.56,341.48,341.53,256666
2026-06-24T16:10:00Z,341.53,341.61,341.50,341.58,262051
2026-06-24T16:11:00Z,341.58,341.58,341.47,341.50,253076
2026-06-24T16:12:00Z,341.50,341.50,341.45,341.48,104102
2026-06-24T16:13:00Z,341.48,341.48,341.46,341.46,183076
2026-06-24T16:14:00Z,341.46,341.52,341.46,341.52,260256
2026-06-24T16:15:00Z,341.52,341.57,341.49,341.54,165128
2026-06-24T16:16:00Z,341.54,341.54,341.49,341.52,111281
2026-06-24T16:17:00Z,341.52,341.52,341.45,341.48,143589
2026-06-24T16:18:00Z,341.48,341.51,341.46,341.46,132820
2026-06-24T16:19:00Z,341.46,341.51,341.43,341.48,156153
2026-06-24T16:20:00Z,341.48,341.51,341.47,341.47,111281
2026-06-24T16:21:00Z,341.47,341.52,341.44,341.52,263845
2026-06-24T16:22:00Z,341.52,341.55,341.47,341.47,253076
2026-06-24T16:23:00Z,341.47,341.50,341.40,341.43,224358
2026-06-24T16:24:00Z,341.43,341.48,341.43,341.45,192051
2026-06-24T16:25:00Z,341.45,341.48,341.40,341.40,148974
2026-06-24T16:26:00Z,341.40,341.43,341.37,341.43,179487
2026-06-24T16:27:00Z,341.43,341.48,341.43,341.48,114871
2026-06-24T16:28:00Z,341.48,341.51,341.40,341.43,201025
2026-06-24T16:29:00Z,341.43,341.49,341.40,341.46,251281
2026-06-24T16:30:00Z,341.46,341.46,341.43,341.46,165128
2026-06-24T16:31:00Z,341.46,341.53,341.46,341.50,145384
2026-06-24T16:32:00Z,341.50,341.56,341.47,341.53,253076
2026-06-24T16:33:00Z,341.53,341.53,341.47,341.47,104102
2026-06-24T16:34:00Z,341.47,341.53,341.47,341.53,238717
2026-06-24T16:35:00Z,341.53,341.57,341.53,341.54,131025
2026-06-24T16:36:00Z,341.54,341.57,341.54,341.54,265640
2026-06-24T16:37:00Z,341.54,341.57,341.48,341.51,247692
2026-06-24T16:38:00Z,341.51,341.51,341.48,341.51,260256
2026-06-24T16:39:00Z,341.51,341.58,341.48,341.55,240512
2026-06-24T16:40:00Z,341.55,341.55,341.45,341.48,262051
2026-06-24T16:41:00Z,341.48,341.49,341.48,341.49,122051
2026-06-24T16:42:00Z,341.49,341.52,341.46,341.52,161538
2026-06-24T16:43:00Z,341.52,341.52,341.49,341.49,247692
2026-06-24T16:44:00Z,341.49,341.53,341.46,341.50,186666
2026-06-24T16:45:00Z,341.50,341.50,341.43,341.46,93333
2026-06-24T16:46:00Z,341.46,341.47,341.46,341.47,111281
2026-06-24T16:47:00Z,341.47,341.50,341.43,341.43,152563
2026-06-24T16:48:00Z,341.43,341.50,341.43,341.50,139999
2026-06-24T16:49:00Z,341.50,341.53,341.50,341.50,260256
2026-06-24T16:50:00Z,341.50,341.53,341.47,341.47,269230
2026-06-24T16:51:00Z,341.47,341.47,341.37,341.40,192051
2026-06-24T16:52:00Z,341.40,341.44,341.37,341.41,181281
2026-06-24T16:53:00Z,341.41,341.41,341.38,341.41,143589
2026-06-24T16:54:00Z,341.41,341.45,341.41,341.42,148974
2026-06-24T16:55:00Z,341.42,341.42,341.35,341.35,208204
2026-06-24T16:56:00Z,341.35,341.45,341.35,341.42,263845
2026-06-24T16:57:00Z,341.42,341.42,341.38,341.38,181281
2026-06-24T16:58:00Z,341.38,341.38,341.32,341.32,120256
2026-06-24T16:59:00Z,341.32,341.36,341.29,341.33,269230
2026-06-24T17:00:00Z,341.33,341.33,341.29,341.29,242307
2026-06-24T17:01:00Z,341.29,341.36,341.29,341.33,114871
2026-06-24T17:02:00Z,341.33,341.36,341.30,341.33,136410
2026-06-24T17:03:00Z,341.33,341.34,341.30,341.34,141794
2026-06-24T17:04:00Z,341.34,341.37,341.34,341.37,138204
2026-06-24T17:05:00Z,341.37,341.41,341.34,341.41,113076
2026-06-24T17:06:00Z,341.41,341.41,341.38,341.41,93333
2026-06-24T17:07:00Z,341.41,341.48,341.41,341.48,145384
2026-06-24T17:08:00Z,341.48,341.51,341.48,341.48,199230
2026-06-24T17:09:00Z,341.48,341.52,341.48,341.52,152563
2026-06-24T17:10:00Z,341.52,341.52,341.48,341.48,206410
2026-06-24T17:11:00Z,341.48,341.51,341.42,341.42,233333
2026-06-24T17:12:00Z,341.42,341.45,341.42,341.45,224358
2026-06-24T17:13:00Z,341.45,341.55,341.45,341.52,249486
2026-06-24T17:14:00Z,341.52,341.56,341.52,341.53,107692
2026-06-24T17:15:00Z,341.53,341.53,341.46,341.46,186666
2026-06-24T17:16:00Z,341.46,341.50,341.43,341.47,242307
2026-06-24T17:17:00Z,341.47,341.47,341.40,341.43,209999
2026-06-24T17:18:00Z,341.43,341.47,341.43,341.44,104102
2026-06-24T17:19:00Z,341.44,341.47,341.44,341.47,202820
2026-06-24T17:20:00Z,341.47,341.48,341.44,341.48,213589
2026-06-24T17:21:00Z,341.48,341.54,341.48,341.51,111281
2026-06-24T17:22:00Z,341.51,341.55,341.51,341.52,138204
2026-06-24T17:23:00Z,341.52,341.52,341.49,341.52,163333
2026-06-24T17:24:00Z,341.52,341.55,341.39,341.42,263845
2026-06-24T17:25:00Z,341.42,341.42,341.35,341.38,201025
2026-06-24T17:26:00Z,341.38,341.45,341.38,341.45,269230
2026-06-24T17:27:00Z,341.45,341.51,341.42,341.48,262051
2026-06-24T17:28:00Z,341.48,341.52,341.45,341.52,150769
2026-06-24T17:29:00Z,341.52,341.59,341.49,341.56,262051
2026-06-24T17:30:00Z,341.56,341.59,341.56,341.59,202820
2026-06-24T17:31:00Z,341.59,341.65,341.59,341.62,192051
2026-06-24T17:32:00Z,341.62,341.65,341.56,341.59,174102
2026-06-24T17:33:00Z,341.59,341.65,341.59,341.62,231538
2026-06-24T17:34:00Z,341.62,341.72,341.59,341.69,125640
2026-06-24T17:35:00Z,341.69,341.72,341.66,341.69,120256
2026-06-24T17:36:00Z,341.69,341.72,341.62,341.65,224358
2026-06-24T17:37:00Z,341.65,341.69,341.65,341.69,206410
2026-06-24T17:38:00Z,341.69,341.75,341.69,341.72,132820
2026-06-24T17:39:00Z,341.72,341.73,341.72,341.73,247692
2026-06-24T17:40:00Z,341.73,341.73,341.69,341.69,145384
2026-06-24T17:41:00Z,341.69,341.72,341.69,341.69,201025
2026-06-24T17:42:00Z,341.69,341.70,341.66,341.70,141794
2026-06-24T17:43:00Z,341.70,341.70,341.63,341.66,107692
2026-06-24T17:44:00Z,341.66,341.66,341.57,341.60,209999
2026-06-24T17:45:00Z,341.60,341.63,341.57,341.60,111281
2026-06-24T17:46:00Z,341.60,341.63,341.60,341.60,183076
2026-06-24T17:47:00Z,341.60,341.67,341.57,341.67,238717
2026-06-24T17:48:00Z,341.67,341.67,341.67,341.67,150769
2026-06-24T17:49:00Z,341.67,341.71,341.64,341.68,141794
2026-06-24T17:50:00Z,341.68,341.74,341.68,341.71,118461
2026-06-24T17:51:00Z,341.71,341.71,341.64,341.67,132820
2026-06-24T17:52:00Z,341.67,341.77,341.64,341.74,190256
2026-06-24T17:53:00Z,341.74,341.77,341.71,341.74,238717
2026-06-24T17:54:00Z,341.74,341.78,341.74,341.78,95128
2026-06-24T17:55:00Z,341.78,341.78,341.75,341.78,244102
2026-06-24T17:56:00Z,341.78,341.81,341.71,341.71,116666
2026-06-24T17:57:00Z,341.71,341.72,341.68,341.72,238717
2026-06-24T17:58:00Z,341.72,341.75,341.72,341.72,192051
2026-06-24T17:59:00Z,341.72,341.75,341.62,341.62,91538
2026-06-24T18:00:00Z,341.62,341.68,341.62,341.65,183076
2026-06-24T18:01:00Z,341.65,341.68,341.65,341.68,154358
2026-06-24T18:02:00Z,341.68,341.75,341.68,341.72,188461
2026-06-24T18:03:00Z,341.72,341.75,341.65,341.65,186666
2026-06-24T18:04:00Z,341.65,341.65,341.56,341.59,238717
2026-06-24T18:05:00Z,341.59,341.59,341.55,341.55,170512
2026-06-24T18:06:00Z,341.55,341.58,341.48,341.48,253076
2026-06-24T18:07:00Z,341.48,341.51,341.42,341.42,199230
2026-06-24T18:08:00Z,341.42,341.45,341.39,341.45,193845
2026-06-24T18:09:00Z,341.45,341.49,341.45,341.46,166922
2026-06-24T18:10:00Z,341.46,341.55,341.43,341.52,253076
2026-06-24T18:11:00Z,341.52,341.55,341.42,341.45,139999
2026-06-24T18:12:00Z,341.45,341.45,341.42,341.42,95128
2026-06-24T18:13:00Z,341.42,341.45,341.35,341.35,95128
2026-06-24T18:14:00Z,341.35,341.39,341.35,341.39,156153
2026-06-24T18:15:00Z,341.39,341.39,341.32,341.32,222563
2026-06-24T18:16:00Z,341.32,341.32,341.32,341.32,206410
2026-06-24T18:17:00Z,341.32,341.32,341.26,341.29,224358
2026-06-24T18:18:00Z,341.29,341.35,341.26,341.32,102307
2026-06-24T18:19:00Z,341.32,341.35,341.19,341.22,170512
2026-06-24T18:20:00Z,341.22,341.22,341.12,341.15,91538
2026-06-24T18:21:00Z,341.15,341.18,341.12,341.18,217179
2026-06-24T18:22:00Z,341.18,341.21,341.15,341.15,116666
2026-06-24T18:23:00Z,341.15,341.15,341.05,341.08,120256
2026-06-24T18:24:00Z,341.08,341.15,341.08,341.12,244102
2026-06-24T18:25:00Z,341.12,341.15,341.09,341.12,229743
2026-06-24T18:26:00Z,341.12,341.15,341.05,341.08,166922
2026-06-24T18:27:00Z,341.08,341.11,341.02,341.05,125640
2026-06-24T18:28:00Z,341.05,341.05,341.02,341.05,138204
2026-06-24T18:29:00Z,341.05,341.12,341.02,341.12,113076
2026-06-24T18:30:00Z,341.12,341.13,341.09,341.13,131025
2026-06-24T18:31:00Z,341.13,341.21,341.13,341.18,209999
2026-06-24T18:32:00Z,341.18,341.26,341.15,341.26,251281
2026-06-24T18:33:00Z,341.26,341.29,341.20,341.23,139999
2026-06-24T18:34:00Z,341.23,341.23,341.15,341.18,184871
2026-06-24T18:35:00Z,341.18,341.21,341.06,341.09,260256
2026-06-24T18:36:00Z,341.09,341.12,340.96,340.99,105897
2026-06-24T18:37:00Z,340.99,341.04,340.96,341.01,89743
2026-06-24T18:38:00Z,341.01,341.04,340.99,340.99,123846
2026-06-24T18:39:00Z,340.99,341.02,340.87,340.90,161538
2026-06-24T18:40:00Z,340.90,340.90,340.87,340.87,184871
2026-06-24T18:41:00Z,340.87,340.92,340.84,340.89,226153
2026-06-24T18:42:00Z,340.89,340.92,340.84,340.84,170512
2026-06-24T18:43:00Z,340.84,340.85,340.84,340.85,249486
2026-06-24T18:44:00Z,340.85,340.90,340.85,340.87,134615
2026-06-24T18:45:00Z,340.87,340.89,340.84,340.89,258461
2026-06-24T18:46:00Z,340.89,340.93,340.86,340.93,123846
2026-06-24T18:47:00Z,340.93,341.01,340.90,341.01,111281
2026-06-24T18:48:00Z,341.01,341.06,340.98,341.03,143589
2026-06-24T18:49:00Z,341.03,341.11,341.03,341.11,159743
2026-06-24T18:50:00Z,341.11,341.11,341.05,341.08,193845
2026-06-24T18:51:00Z,341.08,341.13,341.05,341.13,132820
2026-06-24T18:52:00Z,341.13,341.16,341.08,341.11,143589
2026-06-24T18:53:00Z,341.11,341.18,341.11,341.15,209999
2026-06-24T18:54:00Z,341.15,341.18,341.13,341.13,220769
2026-06-24T18:55:00Z,341.13,341.21,341.13,341.21,269230
2026-06-24T18:56:00Z,341.21,341.21,341.15,341.18,206410
2026-06-24T18:57:00Z,341.18,341.26,341.18,341.23,215384
2026-06-24T18:58:00Z,341.23,341.23,341.21,341.21,238717
2026-06-24T18:59:00Z,341.21,341.32,341.21,341.29,208204
2026-06-24T19:00:00Z,341.29,341.30,341.29,341.30,211794
2026-06-24T19:01:00Z,341.30,341.38,341.30,341.35,267435
2026-06-24T19:02:00Z,341.35,341.40,341.35,341.40,236922
2026-06-24T19:03:00Z,341.40,341.40,341.37,341.37,188461
2026-06-24T19:04:00Z,341.37,341.42,341.37,341.39,265640
2026-06-24T19:05:00Z,341.39,341.42,341.37,341.37,215384
2026-06-24T19:06:00Z,341.37,341.40,341.31,341.34,122051
2026-06-24T19:07:00Z,341.34,341.39,341.31,341.36,242307
2026-06-24T19:08:00Z,341.36,341.41,341.33,341.38,166922
2026-06-24T19:09:00Z,341.38,341.38,341.33,341.36,156153
2026-06-24T19:10:00Z,341.36,341.43,341.33,341.43,163333
2026-06-24T19:11:00Z,341.43,341.48,341.43,341.45,256666
2026-06-24T19:12:00Z,341.45,341.47,341.42,341.47,179487
2026-06-24T19:13:00Z,341.47,341.50,341.44,341.44,240512
2026-06-24T19:14:00Z,341.44,341.49,341.44,341.46,265640
2026-06-24T19:15:00Z,341.46,341.51,341.46,341.48,177692
2026-06-24T19:16:00Z,341.48,341.52,341.48,341.52,249486
2026-06-24T19:17:00Z,341.52,341.55,341.47,341.50,132820
2026-06-24T19:18:00Z,341.50,341.55,341.50,341.55,184871
2026-06-24T19:19:00Z,341.55,341.63,341.55,341.60,138204
2026-06-24T19:20:00Z,341.60,341.63,341.50,341.50,91538
2026-06-24T19:21:00Z,341.50,341.53,341.48,341.48,218974
2026-06-24T19:22:00Z,341.48,341.53,341.45,341.53,263845
2026-06-24T19:23:00Z,341.53,341.57,341.50,341.57,240512
2026-06-24T19:24:00Z,341.57,341.62,341.57,341.62,199230
2026-06-24T19:25:00Z,341.62,341.62,341.57,341.60,159743
2026-06-24T19:26:00Z,341.60,341.64,341.57,341.61,218974
2026-06-24T19:27:00Z,341.61,341.61,341.56,341.59,202820
2026-06-24T19:28:00Z,341.59,341.61,341.59,341.61,260256
2026-06-24T19:29:00Z,341.61,341.61,341.53,341.56,195640
2026-06-24T19:30:00Z,341.56,341.56,341.50,341.53,258461
2026-06-24T19:31:00Z,341.53,341.57,341.53,341.54,263845
2026-06-24T19:32:00Z,341.54,341.58,341.54,341.55,102307
2026-06-24T19:33:00Z,341.55,341.55,341.52,341.52,183076
2026-06-24T19:34:00Z,341.52,341.52,341.46,341.49,218974
2026-06-24T19:35:00Z,341.49,341.49,341.40,341.43,172307
2026-06-24T19:36:00Z,341.43,341.44,341.43,341.44,211794
2026-06-24T19:37:00Z,341.44,341.52,341.41,341.52,111281
2026-06-24T19:38:00Z,341.52,341.52,341.49,341.49,120256
2026-06-24T19:39:00Z,341.49,341.52,341.40,341.43,251281
2026-06-24T19:40:00Z,341.43,341.47,341.40,341.44,217179
2026-06-24T19:41:00Z,341.44,341.51,341.41,341.51,204615
2026-06-24T19:42:00Z,341.51,341.54,341.45,341.48,172307
2026-06-24T19:43:00Z,341.48,341.52,341.48,341.52,177692
2026-06-24T19:44:00Z,341.52,341.57,341.52,341.57,170512
2026-06-24T19:45:00Z,341.57,341.57,341.51,341.54,150769
2026-06-24T19:46:00Z,341.54,341.57,341.48,341.48,227948
2026-06-24T19:47:00Z,341.48,341.55,341.45,341.55,98717
2026-06-24T19:48:00Z,341.55,341.59,341.55,341.56,235127
2026-06-24T19:49:00Z,341.56,341.57,341.56,341.57,129230
2026-06-24T19:50:00Z,341.57,341.61,341.54,341.58,201025
2026-06-24T19:51:00Z,341.58,341.61,341.52,341.52,143589
2026-06-24T19:52:00Z,341.52,341.54,341.49,341.54,229743
2026-06-24T19:53:00Z,341.54,341.58,341.51,341.55,188461
2026-06-24T19:54:00Z,341.55,341.56,341.55,341.56,195640
2026-06-24T19:55:00Z,341.56,341.63,341.53,341.60,188461
2026-06-24T19:56:00Z,341.60,341.67,341.60,341.64,186666
2026-06-24T19:57:00Z,341.64,341.64,341.58,341.61,242307
2026-06-24T19:58:00Z,341.61,341.65,341.61,341.65,95128
2026-06-24T19:59:00Z,341.65,341.65,341.60,341.63,174102
2026-06-25T13:30:00Z,341.63,341.64,341.63,341.64,145384
2026-06-25T13:31:00Z,341.64,341.64,341.51,341.54,220769
2026-06-25T13:32:00Z,341.54,341.58,341.54,341.58,263845
2026-06-25T13:33:00Z,341.58,341.61,341.49,341.52,201025
2026-06-25T13:34:00Z,341.52,341.55,341.49,341.49,226153
2026-06-25T13:35:00Z,341.49,341.49,341.43,341.46,195640
2026-06-25T13:36:00Z,341.46,341.53,341.43,341.53,211794
2026-06-25T13:37:00Z,341.53,341.53,341.47,341.50,197435
2026-06-25T13:38:00Z,341.50,341.53,341.44,341.47,222563
2026-06-25T13:39:00Z,341.47,341.51,341.47,341.48,184871
2026-06-25T13:40:00Z,341.48,341.51,341.45,341.45,107692
2026-06-25T13:41:00Z,341.45,341.48,341.36,341.39,188461
2026-06-25T13:42:00Z,341.39,341.42,341.33,341.33,143589
2026-06-25T13:43:00Z,341.33,341.40,341.30,341.37,229743
2026-06-25T13:44:00Z,341.37,341.44,341.34,341.41,240512
2026-06-25T13:45:00Z,341.41,341.45,341.38,341.45,195640
2026-06-25T13:46:00Z,341.45,341.52,341.42,341.49,96922
2026-06-25T13:47:00Z,341.49,341.49,341.46,341.46,233333
2026-06-25T13:48:00Z,341.46,341.53,341.43,341.50,147179
2026-06-25T13:49:00Z,341.50,341.53,341.48,341.48,139999
2026-06-25T13:50:00Z,341.48,341.49,341.48,341.49,111281
2026-06-25T13:51:00Z,341.49,341.49,341.43,341.46,220769
2026-06-25T13:52:00Z,341.46,341.49,341.40,341.40,229743
2026-06-25T13:53:00Z,341.40,341.47,341.40,341.47,204615
2026-06-25T13:54:00Z,341.47,341.50,341.37,341.37,269230
2026-06-25T13:55:00Z,341.37,341.41,341.34,341.38,127435
2026-06-25T13:56:00Z,341.38,341.42,341.38,341.39,118461
2026-06-25T13:57:00Z,341.39,341.42,341.30,341.33,127435
2026-06-25T13:58:00Z,341.33,341.37,341.33,341.37,96922
2026-06-25T13:59:00Z,341.37,341.41,341.37,341.38,184871
2026-06-25T14:00:00Z,341.38,341.45,341.35,341.42,253076
2026-06-25T14:01:00Z,341.42,341.46,341.42,341.43,244102
2026-06-25T14:02:00Z,341.43,341.47,341.43,341.47,222563
2026-06-25T14:03:00Z,341.47,341.51,341.47,341.48,113076
2026-06-25T14:04:00Z,341.48,341.51,341.42,341.45,244102
2026-06-25T14:05:00Z,341.45,341.49,341.45,341.46,215384
2026-06-25T14:06:00Z,341.46,341.49,341.40,341.43,122051
2026-06-25T14:07:00Z,341.43,341.44,341.43,341.44,253076
2026-06-25T14:08:00Z,341.44,341.45,341.41,341.45,201025
2026-06-25T14:09:00Z,341.45,341.47,341.45,341.47,166922
2026-06-25T14:10:00Z,341.47,341.48,341.47,341.48,95128
2026-06-25T14:11:00Z,341.48,341.48,341.45,341.45,235127
2026-06-25T14:12:00Z,341.45,341.49,341.45,341.49,96922
2026-06-25T14:13:00Z,341.49,341.53,341.49,341.53,89743
2026-06-25T14:14:00Z,341.53,341.54,341.53,341.54,111281
2026-06-25T14:15:00Z,341.54,341.55,341.51,341.55,177692
2026-06-25T14:16:00Z,341.55,341.56,341.52,341.56,218974
2026-06-25T14:17:00Z,341.56,341.67,341.53,341.67,245897
2026-06-25T14:18:00Z,341.67,341.70,341.61,341.61,165128
2026-06-25T14:19:00Z,341.61,341.64,341.55,341.58,238717
2026-06-25T14:20:00Z,341.58,341.59,341.58,341.59,114871
2026-06-25T14:21:00Z,341.59,341.59,341.49,341.49,168717
2026-06-25T14:22:00Z,341.49,341.49,341.40,341.43,174102
2026-06-25T14:23:00Z,341.43,341.44,341.40,341.44,116666
2026-06-25T14:24:00Z,341.44,341.48,341.44,341.45,96922
2026-06-25T14:25:00Z,341.45,341.49,341.42,341.46,131025
2026-06-25T14:26:00Z,341.46,341.50,341.46,341.47,231538
2026-06-25T14:27:00Z,341.47,341.54,341.44,341.51,231538
2026-06-25T14:28:00Z,341.51,341.55,341.51,341.52,104102
2026-06-25T14:29:00Z,341.52,341.60,341.49,341.57,102307
2026-06-25T14:30:00Z,341.57,341.62,341.57,341.59,253076
2026-06-25T14:31:00Z,341.59,341.59,341.58,341.58,161538
2026-06-25T14:32:00Z,341.58,341.66,341.58,341.63,96922
2026-06-25T14:33:00Z,341.63,341.69,341.60,341.69,201025
2026-06-25T14:34:00Z,341.69,341.71,341.69,341.71,204615
2026-06-25T14:35:00Z,341.71,341.74,341.68,341.74,175897
2026-06-25T14:36:00Z,341.74,341.82,341.71,341.79,244102
2026-06-25T14:37:00Z,341.79,341.85,341.76,341.82,211794
2026-06-25T14:38:00Z,341.82,341.85,341.73,341.73,152563
2026-06-25T14:39:00Z,341.73,341.76,341.70,341.76,168717
2026-06-25T14:40:00Z,341.76,341.76,341.74,341.74,204615
2026-06-25T14:41:00Z,341.74,341.80,341.71,341.77,245897
2026-06-25T14:42:00Z,341.77,341.79,341.74,341.79,184871
2026-06-25T14:43:00Z,341.79,341.85,341.79,341.85,267435
2026-06-25T14:44:00Z,341.85,341.88,341.77,341.80,172307
2026-06-25T14:45:00Z,341.80,341.83,341.77,341.83,269230
2026-06-25T14:46:00Z,341.83,341.83,341.78,341.81,129230
2026-06-25T14:47:00Z,341.81,341.84,341.80,341.80,134615
2026-06-25T14:48:00Z,341.80,341.83,341.75,341.78,263845
2026-06-25T14:49:00Z,341.78,341.87,341.75,341.84,184871
2026-06-25T14:50:00Z,341.84,341.87,341.79,341.79,208204
2026-06-25T14:51:00Z,341.79,341.82,341.79,341.82,254871
2026-06-25T14:52:00Z,341.82,341.87,341.82,341.84,157948
2026-06-25T14:53:00Z,341.84,341.87,341.83,341.83,148974
2026-06-25T14:54:00Z,341.83,341.85,341.83,341.85,145384
2026-06-25T14:55:00Z,341.85,341.85,341.78,341.81,201025
2026-06-25T14:56:00Z,341.81,341.81,341.79,341.79,181281
2026-06-25T14:57:00Z,341.79,341.82,341.79,341.82,134615
2026-06-25T14:58:00Z,341.82,341.82,341.77,341.80,251281
2026-06-25T14:59:00Z,341.80,341.80,341.73,341.76,206410
2026-06-25T15:00:00Z,341.76,341.79,341.73,341.79,247692
2026-06-25T15:01:00Z,341.79,341.82,341.77,341.77,111281
2026-06-25T15:02:00Z,341.77,341.80,341.77,341.80,184871
2026-06-25T15:03:00Z,341.80,341.83,341.68,341.71,175897
2026-06-25T15:04:00Z,341.71,341.77,341.68,341.74,209999
2026-06-25T15:05:00Z,341.74,341.79,341.74,341.76,197435
2026-06-25T15:06:00Z,341.76,341.76,341.69,341.72,256666
2026-06-25T15:07:00Z,341.72,341.77,341.72,341.77,172307
2026-06-25T15:08:00Z,341.77,341.86,341.74,341.83,154358
2026-06-25T15:09:00Z,341.83,341.88,341.80,341.85,138204
2026-06-25T15:10:00Z,341.85,341.91,341.85,341.91,95128
2026-06-25T15:11:00Z,341.91,341.93,341.91,341.93,105897
2026-06-25T15:12:00Z,341.93,341.93,341.89,341.89,109487
2026-06-25T15:13:00Z,341.89,341.94,341.86,341.94,177692
2026-06-25T15:14:00Z,341.94,342.03,341.91,342.03,147179
2026-06-25T15:15:00Z,342.03,342.03,342.01,342.01,161538
2026-06-25T15:16:00Z,342.01,342.04,341.94,341.97,161538
2026-06-25T15:17:00Z,341.97,341.99,341.94,341.99,123846
2026-06-25T15:18:00Z,341.99,342.02,341.95,341.98,233333
2026-06-25T15:19:00Z,341.98,342.03,341.95,342.00,211794
2026-06-25T15:20:00Z,342.00,342.06,341.97,342.03,127435
2026-06-25T15:21:00Z,342.03,342.08,342.00,342.05,208204
2026-06-25T15:22:00Z,342.05,342.14,342.05,342.11,197435
2026-06-25T15:23:00Z,342.11,342.16,342.11,342.13,199230
2026-06-25T15:24:00Z,342.13,342.16,342.09,342.09,102307
2026-06-25T15:25:00Z,342.09,342.14,342.06,342.14,166922
2026-06-25T15:26:00Z,342.14,342.14,342.06,342.06,165128
2026-06-25T15:27:00Z,342.06,342.11,342.03,342.11,242307
2026-06-25T15:28:00Z,342.11,342.14,342.11,342.14,193845
2026-06-25T15:29:00Z,342.14,342.14,342.10,342.13,262051
2026-06-25T15:30:00Z,342.13,342.19,342.10,342.16,222563
2026-06-25T15:31:00Z,342.16,342.19,342.16,342.16,231538
2026-06-25T15:32:00Z,342.16,342.16,342.13,342.16,193845
2026-06-25T15:33:00Z,342.16,342.16,342.09,342.12,139999
2026-06-25T15:34:00Z,342.12,342.16,342.09,342.13,152563
2026-06-25T15:35:00Z,342.13,342.16,342.06,342.06,147179
2026-06-25T15:36:00Z,342.06,342.06,341.99,341.99,105897
2026-06-25T15:37:00Z,341.99,342.02,341.99,342.02,127435
2026-06-25T15:38:00Z,342.02,342.08,341.99,342.05,152563
2026-06-25T15:39:00Z,342.05,342.12,342.02,342.09,118461
2026-06-25T15:40:00Z,342.09,342.09,342.02,342.05,199230
2026-06-25T15:41:00Z,342.05,342.05,342.05,342.05,211794
2026-06-25T15:42:00Z,342.05,342.05,341.98,342.01,199230
2026-06-25T15:43:00Z,342.01,342.04,341.92,341.95,231538
2026-06-25T15:44:00Z,341.95,341.98,341.92,341.95,181281
2026-06-25T15:45:00Z,341.95,342.01,341.95,341.98,161538
2026-06-25T15:46:00Z,341.98,342.01,341.98,342.01,152563
2026-06-25T15:47:00Z,342.01,342.04,341.98,342.01,220769
2026-06-25T15:48:00Z,342.01,342.11,342.01,342.08,165128
2026-06-25T15:49:00Z,342.08,342.08,342.05,342.08,224358
2026-06-25T15:50:00Z,342.08,342.08,342.08,342.08,125640
2026-06-25T15:51:00Z,342.08,342.11,342.01,342.04,181281
2026-06-25T15:52:00Z,342.04,342.13,342.04,342.10,143589
2026-06-25T15:53:00Z,342.10,342.17,342.07,342.14,218974
2026-06-25T15:54:00Z,342.14,342.17,342.07,342.10,166922
2026-06-25T15:55:00Z,342.10,342.13,342.07,342.10,98717
2026-06-25T15:56:00Z,342.10,342.13,342.10,342.10,156153
2026-06-25T15:57:00Z,342.10,342.10,342.04,342.07,188461
2026-06-25T15:58:00Z,342.07,342.10,342.04,342.07,111281
2026-06-25T15:59:00Z,342.07,342.16,342.07,342.13,197435
2026-06-25T16:00:00Z,342.13,342.16,342.10,342.13,227948
2026-06-25T16:01:00Z,342.13,342.13,342.06,342.09,201025
2026-06-25T16:02:00Z,342.09,342.12,342.00,342.03,89743
2026-06-25T16:03:00Z,342.03,342.16,342.00,342.13,104102
2026-06-25T16:04:00Z,342.13,342.16,342.10,342.13,111281
2026-06-25T16:05:00Z,342.13,342.19,342.13,342.16,159743
2026-06-25T16:06:00Z,342.16,342.19,342.10,342.10,181281
2026-06-25T16:07:00Z,342.10,342.16,342.10,342.13,258461
2026-06-25T16:08:00Z,342.13,342.13,342.13,342.13,147179
2026-06-25T16:09:00Z,342.13,342.16,341.99,342.02,136410
2026-06-25T16:10:00Z,342.02,342.02,341.88,341.91,107692
2026-06-25T16:11:00Z,341.91,341.94,341.78,341.81,238717
2026-06-25T16:12:00Z,341.81,341.87,341.81,341.84,98717
2026-06-25T16:13:00Z,341.84,341.87,341.80,341.80,184871
2026-06-25T16:14:00Z,341.80,341.83,341.80,341.83,201025
2026-06-25T16:15:00Z,341.83,341.86,341.76,341.76,217179
2026-06-25T16:16:00Z,341.76,341.79,341.70,341.70,193845
2026-06-25T16:17:00Z,341.70,341.70,341.66,341.66,192051
2026-06-25T16:18:00Z,341.66,341.66,341.63,341.66,229743
2026-06-25T16:19:00Z,341.66,341.66,341.62,341.62,148974
2026-06-25T16:20:00Z,341.62,341.65,341.56,341.59,215384
2026-06-25T16:21:00Z,341.59,341.65,341.56,341.65,136410
2026-06-25T16:22:00Z,341.65,341.68,341.65,341.65,107692
2026-06-25T16:23:00Z,341.65,341.68,341.51,341.54,190256
2026-06-25T16:24:00Z,341.54,341.57,341.50,341.50,105897
2026-06-25T16:25:00Z,341.50,341.60,341.47,341.57,116666
2026-06-25T16:26:00Z,341.57,341.60,341.57,341.60,188461
2026-06-25T16:27:00Z,341.60,341.63,341.53,341.53,269230
2026-06-25T16:28:00Z,341.53,341.56,341.53,341.56,114871
2026-06-25T16:29:00Z,341.56,341.63,341.56,341.60,262051
2026-06-25T16:30:00Z,341.60,341.60,341.54,341.57,256666
2026-06-25T16:31:00Z,341.57,341.60,341.49,341.52,113076
2026-06-25T16:32:00Z,341.52,341.53,341.49,341.53,91538
2026-06-25T16:33:00Z,341.53,341.53,341.51,341.51,209999
2026-06-25T16:34:00Z,341.51,341.51,341.45,341.45,172307
2026-06-25T16:35:00Z,341.45,341.53,341.45,341.53,229743
2026-06-25T16:36:00Z,341.53,341.56,341.47,341.50,220769
2026-06-25T16:37:00Z,341.50,341.50,341.45,341.45,107692
2026-06-25T16:38:00Z,341.45,341.52,341.45,341.49,156153
2026-06-25T16:39:00Z,341.49,341.54,341.49,341.51,208204
2026-06-25T16:40:00Z,341.51,341.51,341.48,341.48,147179
2026-06-25T16:41:00Z,341.48,341.53,341.48,341.50,100512
2026-06-25T16:42:00Z,341.50,341.53,341.44,341.47,152563
2026-06-25T16:43:00Z,341.47,341.55,341.47,341.52,139999
2026-06-25T16:44:00Z,341.52,341.52,341.49,341.49,122051
2026-06-25T16:45:00Z,341.49,341.54,341.46,341.54,233333
2026-06-25T16:46:00Z,341.54,341.61,341.54,341.58,213589
2026-06-25T16:47:00Z,341.58,341.58,341.50,341.53,147179
2026-06-25T16:48:00Z,341.53,341.57,341.53,341.54,254871
2026-06-25T16:49:00Z,341.54,341.54,341.46,341.49,193845
2026-06-25T16:50:00Z,341.49,341.49,341.46,341.46,267435
2026-06-25T16:51:00Z,341.46,341.51,341.46,341.48,159743
2026-06-25T16:52:00Z,341.48,341.52,341.48,341.52,96922
2026-06-25T16:53:00Z,341.52,341.55,341.44,341.47,166922
2026-06-25T16:54:00Z,341.47,341.50,341.38,341.41,199230
2026-06-25T16:55:00Z,341.41,341.43,341.41,341.43,227948
2026-06-25T16:56:00Z,341.43,341.50,341.40,341.47,193845
2026-06-25T16:57:00Z,341.47,341.58,341.44,341.55,242307
2026-06-25T16:58:00Z,341.55,341.58,341.46,341.49,192051
2026-06-25T16:59:00Z,341.49,341.49,341.47,341.47,168717
2026-06-25T17:00:00Z,341.47,341.52,341.47,341.52,222563
2026-06-25T17:01:00Z,341.52,341.52,341.43,341.46,139999
2026-06-25T17:02:00Z,341.46,341.46,341.41,341.44,260256
2026-06-25T17:03:00Z,341.44,341.47,341.35,341.38,238717
2026-06-25T17:04:00Z,341.38,341.40,341.35,341.40,116666
2026-06-25T17:05:00Z,341.40,341.44,341.37,341.41,227948
2026-06-25T17:06:00Z,341.41,341.44,341.36,341.36,267435
2026-06-25T17:07:00Z,341.36,341.36,341.33,341.33,109487
2026-06-25T17:08:00Z,341.33,341.36,341.28,341.28,193845
2026-06-25T17:09:00Z,341.28,341.28,341.22,341.25,201025
2026-06-25T17:10:00Z,341.25,341.27,341.25,341.27,181281
2026-06-25T17:11:00Z,341.27,341.30,341.24,341.24,258461
2026-06-25T17:12:00Z,341.24,341.26,341.24,341.26,98717
2026-06-25T17:13:00Z,341.26,341.33,341.26,341.30,211794
2026-06-25T17:14:00Z,341.30,341.30,341.25,341.25,143589
2026-06-25T17:15:00Z,341.25,341.25,341.15,341.15,134615
2026-06-25T17:16:00Z,341.15,341.15,341.13,341.13,165128
2026-06-25T17:17:00Z,341.13,341.13,341.07,341.10,204615
2026-06-25T17:18:00Z,341.10,341.15,341.07,341.15,235127
2026-06-25T17:19:00Z,341.15,341.19,341.15,341.16,95128
2026-06-25T17:20:00Z,341.16,341.16,341.08,341.11,139999
2026-06-25T17:21:00Z,341.11,341.18,341.08,341.18,192051
2026-06-25T17:22:00Z,341.18,341.23,341.18,341.20,269230
2026-06-25T17:23:00Z,341.20,341.24,341.17,341.24,98717
2026-06-25T17:24:00Z,341.24,341.26,341.24,341.26,186666
2026-06-25T17:25:00Z,341.26,341.33,341.23,341.30,262051
2026-06-25T17:26:00Z,341.30,341.41,341.27,341.38,227948
2026-06-25T17:27:00Z,341.38,341.45,341.35,341.42,224358
2026-06-25T17:28:00Z,341.42,341.45,341.37,341.40,102307
2026-06-25T17:29:00Z,341.40,341.45,341.37,341.42,218974
2026-06-25T17:30:00Z,341.42,341.46,341.39,341.43,91538
2026-06-25T17:31:00Z,341.43,341.47,341.40,341.44,141794
2026-06-25T17:32:00Z,341.44,341.51,341.41,341.48,209999
2026-06-25T17:33:00Z,341.48,341.51,341.40,341.43,93333
2026-06-25T17:34:00Z,341.43,341.53,341.43,341.50,226153
2026-06-25T17:35:00Z,341.50,341.54,341.47,341.51,139999
2026-06-25T17:36:00Z,341.51,341.55,341.51,341.55,190256
2026-06-25T17:37:00Z,341.55,341.60,341.52,341.57,170512
2026-06-25T17:38:00Z,341.57,341.57,341.51,341.54,202820
2026-06-25T17:39:00Z,341.54,341.58,341.51,341.58,122051
2026-06-25T17:40:00Z,341.58,341.61,341.52,341.55,107692
2026-06-25T17:41:00Z,341.55,341.63,341.55,341.60,209999
2026-06-25T17:42:00Z,341.60,341.67,341.57,341.64,253076
2026-06-25T17:43:00Z,341.64,341.68,341.64,341.68,220769
2026-06-25T17:44:00Z,341.68,341.71,341.63,341.66,236922
2026-06-25T17:45:00Z,341.66,341.73,341.63,341.70,238717
2026-06-25T17:46:00Z,341.70,341.73,341.67,341.67,147179
2026-06-25T17:47:00Z,341.67,341.71,341.64,341.68,253076
2026-06-25T17:48:00Z,341.68,341.71,341.56,341.59,269230
2026-06-25T17:49:00Z,341.59,341.62,341.56,341.56,206410
2026-06-25T17:50:00Z,341.56,341.59,341.50,341.50,161538
2026-06-25T17:51:00Z,341.50,341.50,341.47,341.47,175897
2026-06-25T17:52:00Z,341.47,341.52,341.47,341.52,109487
2026-06-25T17:53:00Z,341.52,341.53,341.52,341.53,184871
2026-06-25T17:54:00Z,341.53,341.54,341.50,341.54,116666
2026-06-25T17:55:00Z,341.54,341.54,341.48,341.48,202820
2026-06-25T17:56:00Z,341.48,341.51,341.46,341.46,156153
2026-06-25T17:57:00Z,341.46,341.46,341.37,341.40,231538
2026-06-25T17:58:00Z,341.40,341.43,341.34,341.34,105897
2026-06-25T17:59:00Z,341.34,341.37,341.32,341.32,95128
2026-06-25T18:00:00Z,341.32,341.35,341.29,341.29,150769
2026-06-25T18:01:00Z,341.29,341.29,341.23,341.26,111281
2026-06-25T18:02:00Z,341.26,341.26,341.20,341.23,184871
2026-06-25T18:03:00Z,341.23,341.26,341.21,341.21,125640
2026-06-25T18:04:00Z,341.21,341.25,341.18,341.22,217179
2026-06-25T18:05:00Z,341.22,341.22,341.16,341.19,134615
2026-06-25T18:06:00Z,341.19,341.19,341.13,341.16,269230
2026-06-25T18:07:00Z,341.16,341.18,341.13,341.18,206410
2026-06-25T18:08:00Z,341.18,341.25,341.18,341.25,229743
2026-06-25T18:09:00Z,341.25,341.35,341.25,341.32,245897
2026-06-25T18:10:00Z,341.32,341.32,341.23,341.26,188461
2026-06-25T18:11:00Z,341.26,341.29,341.21,341.21,226153
2026-06-25T18:12:00Z,341.21,341.25,341.18,341.22,161538
2026-06-25T18:13:00Z,341.22,341.23,341.22,341.23,168717
2026-06-25T18:14:00Z,341.23,341.25,341.23,341.25,134615
2026-06-25T18:15:00Z,341.25,341.32,341.25,341.29,249486
2026-06-25T18:16:00Z,341.29,341.33,341.26,341.30,220769
2026-06-25T18:17:00Z,341.30,341.34,341.30,341.34,245897
2026-06-25T18:18:00Z,341.34,341.34,341.29,341.32,177692
2026-06-25T18:19:00Z,341.32,341.33,341.29,341.33,122051
2026-06-25T18:20:00Z,341.33,341.37,341.33,341.34,229743
2026-06-25T18:21:00Z,341.34,341.37,341.28,341.28,98717
2026-06-25T18:22:00Z,341.28,341.36,341.28,341.33,145384
2026-06-25T18:23:00Z,341.33,341.40,341.30,341.37,201025
2026-06-25T18:24:00Z,341.37,341.41,341.34,341.38,192051
2026-06-25T18:25:00Z,341.38,341.41,341.32,341.32,258461
2026-06-25T18:26:00Z,341.32,341.37,341.32,341.37,226153
2026-06-25T18:27:00Z,341.37,341.41,341.34,341.41,211794
2026-06-25T18:28:00Z,341.41,341.41,341.35,341.38,192051
2026-06-25T18:29:00Z,341.38,341.46,341.38,341.43,213589
2026-06-25T18:30:00Z,341.43,341.47,341.43,341.47,100512
2026-06-25T18:31:00Z,341.47,341.50,341.44,341.44,95128
2026-06-25T18:32:00Z,341.44,341.44,341.38,341.41,218974
2026-06-25T18:33:00Z,341.41,341.44,341.38,341.38,170512
2026-06-25T18:34:00Z,341.38,341.42,341.38,341.39,138204
2026-06-25T18:35:00Z,341.39,341.42,341.33,341.36,141794
2026-06-25T18:36:00Z,341.36,341.39,341.30,341.30,154358
2026-06-25T18:37:00Z,341.30,341.30,341.24,341.24,224358
2026-06-25T18:38:00Z,341.24,341.24,341.18,341.21,114871
2026-06-25T18:39:00Z,341.21,341.21,341.15,341.18,258461
2026-06-25T18:40:00Z,341.18,341.25,341.15,341.25,152563
2026-06-25T18:41:00Z,341.25,341.25,341.19,341.22,206410
2026-06-25T18:42:00Z,341.22,341.29,341.19,341.26,91538
2026-06-25T18:43:00Z,341.26,341.26,341.20,341.20,209999
2026-06-25T18:44:00Z,341.20,341.24,341.20,341.24,267435
2026-06-25T18:45:00Z,341.24,341.24,341.21,341.21,227948
2026-06-25T18:46:00Z,341.21,341.25,341.18,341.22,150769
2026-06-25T18:47:00Z,341.22,341.26,341.22,341.26,98717
2026-06-25T18:48:00Z,341.26,341.33,341.23,341.30,166922
2026-06-25T18:49:00Z,341.30,341.34,341.30,341.31,163333
2026-06-25T18:50:00Z,341.31,341.35,341.31,341.32,107692
2026-06-25T18:51:00Z,341.32,341.36,341.29,341.36,168717
2026-06-25T18:52:00Z,341.36,341.39,341.30,341.33,161538
2026-06-25T18:53:00Z,341.33,341.34,341.33,341.34,218974
2026-06-25T18:54:00Z,341.34,341.38,341.31,341.35,211794
2026-06-25T18:55:00Z,341.35,341.42,341.35,341.42,131025
2026-06-25T18:56:00Z,341.42,341.45,341.39,341.39,236922
2026-06-25T18:57:00Z,341.39,341.39,341.30,341.33,107692
2026-06-25T18:58:00Z,341.33,341.36,341.30,341.30,127435
2026-06-25T18:59:00Z,341.30,341.37,341.27,341.34,161538
2026-06-25T19:00:00Z,341.34,341.44,341.34,341.41,116666
2026-06-25T19:01:00Z,341.41,341.45,341.38,341.42,222563
2026-06-25T19:02:00Z,341.42,341.43,341.39,341.43,132820
2026-06-25T19:03:00Z,341.43,341.50,341.40,341.50,262051
2026-06-25T19:04:00Z,341.50,341.50,341.44,341.44,116666
2026-06-25T19:05:00Z,341.44,341.51,341.44,341.48,215384
2026-06-25T19:06:00Z,341.48,341.48,341.45,341.45,152563
2026-06-25T19:07:00Z,341.45,341.45,341.36,341.39,215384
2026-06-25T19:08:00Z,341.39,341.39,341.33,341.33,93333
2026-06-25T19:09:00Z,341.33,341.36,341.30,341.30,105897
2026-06-25T19:10:00Z,341.30,341.33,341.24,341.27,129230
2026-06-25T19:11:00Z,341.27,341.37,341.24,341.34,93333
2026-06-25T19:12:00Z,341.34,341.37,341.28,341.28,213589
2026-06-25T19:13:00Z,341.28,341.29,341.28,341.29,262051
2026-06-25T19:14:00Z,341.29,341.32,341.23,341.23,260256
2026-06-25T19:15:00Z,341.23,341.27,341.23,341.24,190256
2026-06-25T19:16:00Z,341.24,341.28,341.24,341.28,240512
2026-06-25T19:17:00Z,341.28,341.32,341.25,341.29,161538
2026-06-25T19:18:00Z,341.29,341.30,341.29,341.30,98717
2026-06-25T19:19:00Z,341.30,341.37,341.27,341.34,129230
2026-06-25T19:20:00Z,341.34,341.37,341.31,341.31,267435
2026-06-25T19:21:00Z,341.31,341.38,341.31,341.38,251281
2026-06-25T19:22:00Z,341.38,341.45,341.35,341.45,159743
2026-06-25T19:23:00Z,341.45,341.49,341.42,341.46,141794
2026-06-25T19:24:00Z,341.46,341.46,341.37,341.40,269230
2026-06-25T19:25:00Z,341.40,341.43,341.34,341.37,104102
2026-06-25T19:26:00Z,341.37,341.37,341.28,341.31,220769
2026-06-25T19:27:00Z,341.31,341.35,341.28,341.32,192051
2026-06-25T19:28:00Z,341.32,341.33,341.29,341.33,156153
2026-06-25T19:29:00Z,341.33,341.37,341.30,341.37,95128
2026-06-25T19:30:00Z,341.37,341.40,341.32,341.32,120256
2026-06-25T19:31:00Z,341.32,341.35,341.31,341.31,231538
2026-06-25T19:32:00Z,341.31,341.34,341.24,341.27,161538
2026-06-25T19:33:00Z,341.27,341.38,341.27,341.35,96922
2026-06-25T19:34:00Z,341.35,341.38,341.32,341.38,170512
2026-06-25T19:35:00Z,341.38,341.41,341.34,341.37,172307
2026-06-25T19:36:00Z,341.37,341.40,341.33,341.36,213589
2026-06-25T19:37:00Z,341.36,341.39,341.34,341.34,98717
2026-06-25T19:38:00Z,341.34,341.37,341.34,341.37,111281
2026-06-25T19:39:00Z,341.37,341.37,341.36,341.36,253076
2026-06-25T19:40:00Z,341.36,341.39,341.36,341.39,93333
2026-06-25T19:41:00Z,341.39,341.41,341.36,341.41,116666
2026-06-25T19:42:00Z,341.41,341.50,341.38,341.47,254871
2026-06-25T19:43:00Z,341.47,341.50,341.44,341.50,157948
2026-06-25T19:44:00Z,341.50,341.56,341.47,341.53,129230
2026-06-25T19:45:00Z,341.53,341.58,341.50,341.55,213589
2026-06-25T19:46:00Z,341.55,341.61,341.55,341.58,145384
2026-06-25T19:47:00Z,341.58,341.64,341.55,341.64,247692
2026-06-25T19:48:00Z,341.64,341.64,341.59,341.62,267435
2026-06-25T19:49:00Z,341.62,341.65,341.59,341.65,139999
2026-06-25T19:50:00Z,341.65,341.68,341.61,341.64,143589
2026-06-25T19:51:00Z,341.64,341.67,341.61,341.67,170512
2026-06-25T19:52:00Z,341.67,341.75,341.67,341.72,156153
2026-06-25T19:53:00Z,341.72,341.75,341.69,341.75,125640
2026-06-25T19:54:00Z,341.75,341.75,341.68,341.71,145384
2026-06-25T19:55:00Z,341.71,341.74,341.68,341.74,174102
2026-06-25T19:56:00Z,341.74,341.74,341.66,341.69,120256
2026-06-25T19:57:00Z,341.69,341.78,341.69,341.75,175897
2026-06-25T19:58:00Z,341.75,341.75,341.74,341.74,263845
2026-06-25T19:59:00Z,341.74,341.74,341.70,341.73,177692
2026-06-26T13:30:00Z,341.73,341.78,341.73,341.78,105897
2026-06-26T13:31:00Z,341.78,341.78,341.71,341.74,213589
2026-06-26T13:32:00Z,341.74,341.77,341.70,341.73,116666
2026-06-26T13:33:00Z,341.73,341.76,341.64,341.64,206410
2026-06-26T13:34:00Z,341.64,341.73,341.64,341.70,181281
2026-06-26T13:35:00Z,341.70,341.79,341.70,341.76,138204
2026-06-26T13:36:00Z,341.76,341.84,341.73,341.81,159743
2026-06-26T13:37:00Z,341.81,341.87,341.78,341.87,95128
2026-06-26T13:38:00Z,341.87,341.96,341.84,341.93,141794
2026-06-26T13:39:00Z,341.93,342.01,341.90,342.01,111281
2026-06-26T13:40:00Z,342.01,342.04,342.01,342.04,170512
2026-06-26T13:41:00Z,342.04,342.07,342.00,342.03,120256
2026-06-26T13:42:00Z,342.03,342.06,341.98,342.01,263845
2026-06-26T13:43:00Z,342.01,342.04,341.97,341.97,184871
2026-06-26T13:44:00Z,341.97,342.03,341.97,342.03,170512
2026-06-26T13:45:00Z,342.03,342.03,342.01,342.01,247692
2026-06-26T13:46:00Z,342.01,342.04,341.90,341.93,231538
2026-06-26T13:47:00Z,341.93,341.99,341.90,341.96,231538
2026-06-26T13:48:00Z,341.96,342.01,341.96,342.01,190256
2026-06-26T13:49:00Z,342.01,342.04,341.98,342.04,224358
2026-06-26T13:50:00Z,342.04,342.04,341.96,341.96,152563
2026-06-26T13:51:00Z,341.96,342.01,341.93,341.98,226153
2026-06-26T13:52:00Z,341.98,341.98,341.97,341.97,209999
2026-06-26T13:53:00Z,341.97,342.06,341.94,342.03,197435
2026-06-26T13:54:00Z,342.03,342.06,341.98,342.01,217179
2026-06-26T13:55:00Z,342.01,342.04,341.93,341.93,148974
2026-06-26T13:56:00Z,341.93,341.99,341.93,341.99,102307
2026-06-26T13:57:00Z,341.99,342.02,341.94,341.94,139999
2026-06-26T13:58:00Z,341.94,342.00,341.94,341.97,240512
2026-06-26T13:59:00Z,341.97,341.97,341.96,341.96,156153
2026-06-26T14:00:00Z,341.96,341.99,341.91,341.94,154358
2026-06-26T14:01:00Z,341.94,342.00,341.91,341.97,211794
2026-06-26T14:02:00Z,341.97,342.06,341.94,342.03,89743
2026-06-26T14:03:00Z,342.03,342.06,342.01,342.01,181281
2026-06-26T14:04:00Z,342.01,342.10,342.01,342.10,242307
2026-06-26T14:05:00Z,342.10,342.16,342.10,342.16,154358
2026-06-26T14:06:00Z,342.16,342.19,342.11,342.11,253076
2026-06-26T14:07:00Z,342.11,342.17,342.11,342.14,95128
2026-06-26T14:08:00Z,342.14,342.17,342.13,342.13,254871
2026-06-26T14:09:00Z,342.13,342.16,342.08,342.08,229743
2026-06-26T14:10:00Z,342.08,342.11,342.01,342.04,224358
2026-06-26T14:11:00Z,342.04,342.07,342.00,342.00,131025
2026-06-26T14:12:00Z,342.00,342.00,341.95,341.98,91538
2026-06-26T14:13:00Z,341.98,342.10,341.98,342.07,267435
2026-06-26T14:14:00Z,342.07,342.13,342.07,342.13,202820
2026-06-26T14:15:00Z,342.13,342.16,342.08,342.08,183076
2026-06-26T14:16:00Z,342.08,342.14,342.05,342.14,227948
2026-06-26T14:17:00Z,342.14,342.17,342.10,342.13,111281
2026-06-26T14:18:00Z,342.13,342.16,342.08,342.11,141794
2026-06-26T14:19:00Z,342.11,342.17,342.08,342.14,179487
2026-06-26T14:20:00Z,342.14,342.26,342.11,342.23,197435
2026-06-26T14:21:00Z,342.23,342.26,342.14,342.14,159743
2026-06-26T14:22:00Z,342.14,342.17,342.06,342.06,129230
2026-06-26T14:23:00Z,342.06,342.09,342.02,342.05,118461
2026-06-26T14:24:00Z,342.05,342.10,342.02,342.10,186666
2026-06-26T14:25:00Z,342.10,342.13,342.10,342.13,269230
2026-06-26T14:26:00Z,342.13,342.13,342.12,342.12,109487
2026-06-26T14:27:00Z,342.12,342.17,342.12,342.14,260256
2026-06-26T14:28:00Z,342.14,342.23,342.11,342.20,114871
2026-06-26T14:29:00Z,342.20,342.26,342.17,342.23,218974
2026-06-26T14:30:00Z,342.23,342.26,342.20,342.20,157948
2026-06-26T14:31:00Z,342.20,342.28,342.17,342.25,163333
2026-06-26T14:32:00Z,342.25,342.28,342.22,342.22,109487
2026-06-26T14:33:00Z,342.22,342.22,342.13,342.13,244102
2026-06-26T14:34:00Z,342.13,342.21,342.13,342.18,208204
2026-06-26T14:35:00Z,342.18,342.21,342.12,342.15,174102
2026-06-26T14:36:00Z,342.15,342.20,342.15,342.20,141794
2026-06-26T14:37:00Z,342.20,342.25,342.17,342.25,111281
2026-06-26T14:38:00Z,342.25,342.29,342.25,342.29,141794
2026-06-26T14:39:00Z,342.29,342.37,342.29,342.34,120256
2026-06-26T14:40:00Z,342.34,342.42,342.31,342.39,131025
2026-06-26T14:41:00Z,342.39,342.46,342.36,342.43,269230
2026-06-26T14:42:00Z,342.43,342.51,342.40,342.48,152563
2026-06-26T14:43:00Z,342.48,342.51,342.43,342.46,95128
2026-06-26T14:44:00Z,342.46,342.50,342.43,342.50,184871
2026-06-26T14:45:00Z,342.50,342.52,342.50,342.52,262051
2026-06-26T14:46:00Z,342.52,342.55,342.47,342.47,192051
2026-06-26T14:47:00Z,342.47,342.48,342.47,342.48,190256
2026-06-26T14:48:00Z,342.48,342.50,342.48,342.50,107692
2026-06-26T14:49:00Z,342.50,342.53,342.48,342.48,222563
2026-06-26T14:50:00Z,342.48,342.48,342.39,342.42,161538
2026-06-26T14:51:00Z,342.42,342.44,342.42,342.44,188461
2026-06-26T14:52:00Z,342.44,342.45,342.44,342.45,201025
2026-06-26T14:53:00Z,342.45,342.45,342.40,342.43,163333
2026-06-26T14:54:00Z,342.43,342.43,342.35,342.38,93333
2026-06-26T14:55:00Z,342.38,342.39,342.38,342.39,120256
2026-06-26T14:56:00Z,342.39,342.39,342.31,342.34,184871
2026-06-26T14:57:00Z,342.34,342.36,342.31,342.36,170512
2026-06-26T14:58:00Z,342.36,342.37,342.36,342.37,269230
2026-06-26T14:59:00Z,342.37,342.37,342.32,342.32,236922
2026-06-26T15:00:00Z,342.32,342.40,342.32,342.37,188461
2026-06-26T15:01:00Z,342.37,342.37,342.31,342.34,215384
2026-06-26T15:02:00Z,342.34,342.37,342.29,342.32,105897
2026-06-26T15:03:00Z,342.32,342.35,342.24,342.27,98717
2026-06-26T15:04:00Z,342.27,342.30,342.24,342.24,172307
2026-06-26T15:05:00Z,342.24,342.27,342.19,342.19,165128
2026-06-26T15:06:00Z,342.19,342.22,342.17,342.17,260256
2026-06-26T15:07:00Z,342.17,342.21,342.17,342.21,161538
2026-06-26T15:08:00Z,342.21,342.26,342.21,342.23,100512
2026-06-26T15:09:00Z,342.23,342.26,342.21,342.21,217179
2026-06-26T15:10:00Z,342.21,342.25,342.21,342.22,265640
2026-06-26T15:11:00Z,342.22,342.30,342.19,342.30,129230
2026-06-26T15:12:00Z,342.30,342.33,342.24,342.24,204615
2026-06-26T15:13:00Z,342.24,342.32,342.24,342.32,262051
2026-06-26T15:14:00Z,342.32,342.37,342.29,342.37,192051
2026-06-26T15:15:00Z,342.37,342.37,342.31,342.31,109487
2026-06-26T15:16:00Z,342.31,342.36,342.31,342.36,195640
2026-06-26T15:17:00Z,342.36,342.41,342.36,342.41,256666
2026-06-26T15:18:00Z,342.41,342.48,342.38,342.48,170512
2026-06-26T15:19:00Z,342.48,342.56,342.48,342.53,235127
2026-06-26T15:20:00Z,342.53,342.56,342.45,342.48,127435
2026-06-26T15:21:00Z,342.48,342.51,342.42,342.45,197435
2026-06-26T15:22:00Z,342.45,342.47,342.45,342.47,120256
2026-06-26T15:23:00Z,342.47,342.55,342.47,342.55,91538
2026-06-26T15:24:00Z,342.55,342.59,342.55,342.56,148974
2026-06-26T15:25:00Z,342.56,342.67,342.53,342.64,188461
2026-06-26T15:26:00Z,342.64,342.67,342.59,342.59,242307
2026-06-26T15:27:00Z,342.59,342.66,342.56,342.63,229743
2026-06-26T15:28:00Z,342.63,342.65,342.60,342.65,190256
2026-06-26T15:29:00Z,342.65,342.67,342.62,342.67,157948
2026-06-26T15:30:00Z,342.67,342.67,342.61,342.61,93333
2026-06-26T15:31:00Z,342.61,342.64,342.55,342.58,236922
2026-06-26T15:32:00Z,342.58,342.58,342.53,342.56,218974
2026-06-26T15:33:00Z,342.56,342.59,342.50,342.50,197435
2026-06-26T15:34:00Z,342.50,342.50,342.44,342.44,105897
2026-06-26T15:35:00Z,342.44,342.55,342.41,342.52,172307
2026-06-26T15:36:00Z,342.52,342.52,342.46,342.49,114871
2026-06-26T15:37:00Z,342.49,342.57,342.49,342.54,188461
2026-06-26T15:38:00Z,342.54,342.64,342.54,342.61,148974
2026-06-26T15:39:00Z,342.61,342.61,342.55,342.58,148974
2026-06-26T15:40:00Z,342.58,342.58,342.56,342.56,104102
2026-06-26T15:41:00Z,342.56,342.60,342.53,342.57,204615
2026-06-26T15:42:00Z,342.57,342.57,342.54,342.54,156153
2026-06-26T15:43:00Z,342.54,342.62,342.54,342.59,118461
2026-06-26T15:44:00Z,342.59,342.59,342.53,342.56,148974
2026-06-26T15:45:00Z,342.56,342.56,342.51,342.51,233333
2026-06-26T15:46:00Z,342.51,342.55,342.48,342.55,123846
2026-06-26T15:47:00Z,342.55,342.65,342.55,342.62,138204
2026-06-26T15:48:00Z,342.62,342.70,342.62,342.67,141794
2026-06-26T15:49:00Z,342.67,342.70,342.61,342.61,202820
2026-06-26T15:50:00Z,342.61,342.66,342.58,342.66,193845
2026-06-26T15:51:00Z,342.66,342.70,342.66,342.70,231538
2026-06-26T15:52:00Z,342.70,342.73,342.61,342.64,175897
2026-06-26T15:53:00Z,342.64,342.69,342.64,342.66,175897
2026-06-26T15:54:00Z,342.66,342.73,342.66,342.70,240512
2026-06-26T15:55:00Z,342.70,342.73,342.64,342.67,195640
2026-06-26T15:56:00Z,342.67,342.67,342.65,342.65,174102
2026-06-26T15:57:00Z,342.65,342.72,342.65,342.69,244102
2026-06-26T15:58:00Z,342.69,342.77,342.69,342.74,122051
2026-06-26T15:59:00Z,342.74,342.77,342.65,342.68,114871
2026-06-26T16:00:00Z,342.68,342.69,342.68,342.69,156153
2026-06-26T16:01:00Z,342.69,342.69,342.64,342.67,166922
2026-06-26T16:02:00Z,342.67,342.74,342.67,342.71,209999
2026-06-26T16:03:00Z,342.71,342.71,342.66,342.69,138204
2026-06-26T16:04:00Z,342.69,342.76,342.69,342.76,242307
2026-06-26T16:05:00Z,342.76,342.80,342.76,342.77,139999
2026-06-26T16:06:00Z,342.77,342.82,342.77,342.82,267435
2026-06-26T16:07:00Z,342.82,342.86,342.82,342.86,186666
2026-06-26T16:08:00Z,342.86,342.90,342.83,342.90,183076
2026-06-26T16:09:00Z,342.90,342.90,342.78,342.81,231538
2026-06-26T16:10:00Z,342.81,342.88,342.81,342.85,254871
2026-06-26T16:11:00Z,342.85,342.85,342.80,342.83,109487
2026-06-26T16:12:00Z,342.83,342.90,342.80,342.87,129230
2026-06-26T16:13:00Z,342.87,342.94,342.84,342.91,224358
2026-06-26T16:14:00Z,342.91,342.91,342.83,342.86,222563
2026-06-26T16:15:00Z,342.86,342.89,342.77,342.80,267435
2026-06-26T16:16:00Z,342.80,342.82,342.80,342.82,147179
2026-06-26T16:17:00Z,342.82,342.89,342.82,342.86,113076
2026-06-26T16:18:00Z,342.86,342.86,342.80,342.80,113076
2026-06-26T16:19:00Z,342.80,342.83,342.75,342.78,202820
2026-06-26T16:20:00Z,342.78,342.88,342.75,342.85,156153
2026-06-26T16:21:00Z,342.85,342.95,342.85,342.92,226153
2026-06-26T16:22:00Z,342.92,342.97,342.92,342.94,122051
2026-06-26T16:23:00Z,342.94,343.01,342.91,343.01,132820
2026-06-26T16:24:00Z,343.01,343.03,342.98,343.03,209999
2026-06-26T16:25:00Z,343.03,343.06,343.00,343.00,218974
2026-06-26T16:26:00Z,343.00,343.07,342.97,343.04,269230
2026-06-26T16:27:00Z,343.04,343.12,343.01,343.09,165128
2026-06-26T16:28:00Z,343.09,343.16,343.06,343.16,152563
2026-06-26T16:29:00Z,343.16,343.18,343.16,343.18,258461
2026-06-26T16:30:00Z,343.18,343.18,343.13,343.16,136410
2026-06-26T16:31:00Z,343.16,343.16,343.11,343.14,215384
2026-06-26T16:32:00Z,343.14,343.17,343.09,343.09,202820
2026-06-26T16:33:00Z,343.09,343.12,343.06,343.12,138204
2026-06-26T16:34:00Z,343.12,343.14,343.12,343.14,188461
2026-06-26T16:35:00Z,343.14,343.19,343.14,343.16,152563
2026-06-26T16:36:00Z,343.16,343.25,343.13,343.22,165128
2026-06-26T16:37:00Z,343.22,343.24,343.19,343.24,120256
2026-06-26T16:38:00Z,343.24,343.27,343.19,343.19,113076
2026-06-26T16:39:00Z,343.19,343.28,343.16,343.25,186666
2026-06-26T16:40:00Z,343.25,343.30,343.22,343.27,114871
2026-06-26T16:41:00Z,343.27,343.27,343.25,343.25,157948
2026-06-26T16:42:00Z,343.25,343.25,343.20,343.23,258461
2026-06-26T16:43:00Z,343.23,343.29,343.20,343.26,174102
2026-06-26T16:44:00Z,343.26,343.29,343.24,343.24,235127
2026-06-26T16:45:00Z,343.24,343.24,343.22,343.22,168717
2026-06-26T16:46:00Z,343.22,343.28,343.22,343.25,236922
2026-06-26T16:47:00Z,343.25,343.27,343.25,343.27,166922
2026-06-26T16:48:00Z,343.27,343.27,343.19,343.22,217179
2026-06-26T16:49:00Z,343.22,343.31,343.22,343.28,201025
2026-06-26T16:50:00Z,343.28,343.28,343.26,343.26,193845
2026-06-26T16:51:00Z,343.26,343.28,343.23,343.28,206410
2026-06-26T16:52:00Z,343.28,343.36,343.28,343.33,161538
2026-06-26T16:53:00Z,343.33,343.39,343.33,343.39,127435
2026-06-26T16:54:00Z,343.39,343.42,343.37,343.37,244102
2026-06-26T16:55:00Z,343.37,343.39,343.37,343.39,129230
2026-06-26T16:56:00Z,343.39,343.45,343.36,343.45,127435
2026-06-26T16:57:00Z,343.45,343.53,343.42,343.50,174102
2026-06-26T16:58:00Z,343.50,343.52,343.47,343.52,229743
2026-06-26T16:59:00Z,343.52,343.58,343.52,343.58,184871
2026-06-26T17:00:00Z,343.58,343.60,343.58,343.60,100512
2026-06-26T17:01:00Z,343.60,343.62,343.57,343.62,199230
2026-06-26T17:02:00Z,343.62,343.70,343.59,343.67,159743
2026-06-26T17:03:00Z,343.67,343.70,343.64,343.70,161538
2026-06-26T17:04:00Z,343.70,343.73,343.68,343.68,122051
2026-06-26T17:05:00Z,343.68,343.73,343.65,343.70,222563
2026-06-26T17:06:00Z,343.70,343.70,343.62,343.62,154358
2026-06-26T17:07:00Z,343.62,343.70,343.62,343.67,107692
2026-06-26T17:08:00Z,343.67,343.70,343.62,343.65,183076
2026-06-26T17:09:00Z,343.65,343.65,343.64,343.64,177692
2026-06-26T17:10:00Z,343.64,343.67,343.55,343.55,102307
2026-06-26T17:11:00Z,343.55,343.55,343.53,343.53,98717
2026-06-26T17:12:00Z,343.53,343.58,343.53,343.55,168717
2026-06-26T17:13:00Z,343.55,343.55,343.51,343.54,109487
2026-06-26T17:14:00Z,343.54,343.59,343.51,343.59,197435
2026-06-26T17:15:00Z,343.59,343.64,343.59,343.61,157948
2026-06-26T17:16:00Z,343.61,343.67,343.61,343.64,136410
2026-06-26T17:17:00Z,343.64,343.72,343.64,343.69,89743
2026-06-26T17:18:00Z,343.69,343.72,343.67,343.67,179487
2026-06-26T17:19:00Z,343.67,343.76,343.67,343.76,258461
2026-06-26T17:20:00Z,343.76,343.79,343.68,343.71,186666
2026-06-26T17:21:00Z,343.71,343.76,343.68,343.73,242307
2026-06-26T17:22:00Z,343.73,343.76,343.68,343.68,215384
2026-06-26T17:23:00Z,343.68,343.80,343.65,343.77,114871
2026-06-26T17:24:00Z,343.77,343.82,343.77,343.79,199230
2026-06-26T17:25:00Z,343.79,343.84,343.76,343.81,159743
2026-06-26T17:26:00Z,343.81,343.84,343.74,343.77,125640
2026-06-26T17:27:00Z,343.77,343.82,343.74,343.82,249486
2026-06-26T17:28:00Z,343.82,343.87,343.82,343.84,93333
2026-06-26T17:29:00Z,343.84,343.96,343.81,343.93,166922
2026-06-26T17:30:00Z,343.93,343.98,343.93,343.95,159743
2026-06-26T17:31:00Z,343.95,343.95,343.93,343.93,262051
2026-06-26T17:32:00Z,343.93,344.04,343.90,344.01,139999
2026-06-26T17:33:00Z,344.01,344.03,344.01,344.03,181281
2026-06-26T17:34:00Z,344.03,344.08,344.00,344.05,129230
2026-06-26T17:35:00Z,344.05,344.05,344.03,344.03,136410
2026-06-26T17:36:00Z,344.03,344.03,343.98,343.98,95128
2026-06-26T17:37:00Z,343.98,344.03,343.98,344.00,147179
2026-06-26T17:38:00Z,344.00,344.08,343.97,344.05,218974
2026-06-26T17:39:00Z,344.05,344.10,344.05,344.10,105897
2026-06-26T17:40:00Z,344.10,344.12,344.07,344.12,170512
2026-06-26T17:41:00Z,344.12,344.15,344.08,344.08,118461
2026-06-26T17:42:00Z,344.08,344.08,344.06,344.06,217179
2026-06-26T17:43:00Z,344.06,344.08,344.06,344.08,163333
2026-06-26T17:44:00Z,344.08,344.10,344.08,344.10,242307
2026-06-26T17:45:00Z,344.10,344.12,344.10,344.12,269230
2026-06-26T17:46:00Z,344.12,344.12,344.10,344.10,217179
2026-06-26T17:47:00Z,344.10,344.15,344.07,344.12,104102
2026-06-26T17:48:00Z,344.12,344.15,344.07,344.07,240512
2026-06-26T17:49:00Z,344.07,344.12,344.07,344.09,168717
2026-06-26T17:50:00Z,344.09,344.09,344.00,344.00,254871
2026-06-26T17:51:00Z,344.00,344.03,343.95,343.95,122051
2026-06-26T17:52:00Z,343.95,343.95,343.87,343.90,181281
2026-06-26T17:53:00Z,343.90,343.90,343.82,343.82,204615
2026-06-26T17:54:00Z,343.82,343.84,343.79,343.84,197435
2026-06-26T17:55:00Z,343.84,343.86,343.81,343.86,202820
2026-06-26T17:56:00Z,343.86,343.89,343.84,343.84,116666
2026-06-26T17:57:00Z,343.84,343.84,343.79,343.82,116666
2026-06-26T17:58:00Z,343.82,343.85,343.80,343.80,138204
2026-06-26T17:59:00Z,343.80,343.91,343.80,343.88,233333
2026-06-26T18:00:00Z,343.88,343.96,343.85,343.96,156153
2026-06-26T18:01:00Z,343.96,343.98,343.96,343.98,256666
2026-06-26T18:02:00Z,343.98,344.03,343.95,344.00,152563
2026-06-26T18:03:00Z,344.00,344.03,343.98,343.98,238717
2026-06-26T18:04:00Z,343.98,343.98,343.90,343.93,147179
2026-06-26T18:05:00Z,343.93,343.99,343.93,343.99,184871
2026-06-26T18:06:00Z,343.99,344.04,343.99,344.01,240512
2026-06-26T18:07:00Z,344.01,344.03,343.98,344.03,247692
2026-06-26T18:08:00Z,344.03,344.11,344.03,344.11,166922
2026-06-26T18:09:00Z,344.11,344.14,344.09,344.09,204615
2026-06-26T18:10:00Z,344.09,344.11,344.09,344.11,148974
2026-06-26T18:11:00Z,344.11,344.19,344.08,344.16,102307
2026-06-26T18:12:00Z,344.16,344.16,344.07,344.07,263845
2026-06-26T18:13:00Z,344.07,344.15,344.07,344.12,165128
2026-06-26T18:14:00Z,344.12,344.14,344.09,344.14,177692
2026-06-26T18:15:00Z,344.14,344.17,344.12,344.12,260256
2026-06-26T18:16:00Z,344.12,344.15,344.10,344.10,147179
2026-06-26T18:17:00Z,344.10,344.10,344.06,344.06,226153
2026-06-26T18:18:00Z,344.06,344.09,344.04,344.04,157948
2026-06-26T18:19:00Z,344.04,344.09,344.04,344.06,186666
2026-06-26T18:20:00Z,344.06,344.06,344.04,344.04,132820
2026-06-26T18:21:00Z,344.04,344.09,344.04,344.06,204615
2026-06-26T18:22:00Z,344.06,344.14,344.06,344.11,206410
2026-06-26T18:23:00Z,344.11,344.11,344.09,344.09,168717
2026-06-26T18:24:00Z,344.09,344.12,344.07,344.07,249486
2026-06-26T18:25:00Z,344.07,344.15,344.04,344.15,91538
2026-06-26T18:26:00Z,344.15,344.20,344.15,344.17,226153
2026-06-26T18:27:00Z,344.17,344.22,344.14,344.19,244102
2026-06-26T18:28:00Z,344.19,344.19,344.17,344.17,236922
2026-06-26T18:29:00Z,344.17,344.20,344.16,344.16,91538
2026-06-26T18:30:00Z,344.16,344.16,344.07,344.10,134615
2026-06-26T18:31:00Z,344.10,344.13,343.98,344.01,118461
2026-06-26T18:32:00Z,344.01,344.01,343.92,343.95,195640
2026-06-26T18:33:00Z,343.95,344.00,343.92,343.97,148974
2026-06-26T18:34:00Z,343.97,344.04,343.97,344.01,127435
2026-06-26T18:35:00Z,344.01,344.03,344.01,344.03,111281
2026-06-26T18:36:00Z,344.03,344.03,343.97,344.00,100512
2026-06-26T18:37:00Z,344.00,344.02,343.97,344.02,95128
2026-06-26T18:38:00Z,344.02,344.07,344.02,344.07,123846
2026-06-26T18:39:00Z,344.07,344.10,344.04,344.04,175897
2026-06-26T18:40:00Z,344.04,344.06,344.04,344.06,136410
2026-06-26T18:41:00Z,344.06,344.10,344.03,344.10,235127
2026-06-26T18:42:00Z,344.10,344.10,344.05,344.05,249486
2026-06-26T18:43:00Z,344.05,344.12,344.02,344.09,197435
2026-06-26T18:44:00Z,344.09,344.20,344.09,344.17,218974
2026-06-26T18:45:00Z,344.17,344.17,344.09,344.12,183076
2026-06-26T18:46:00Z,344.12,344.12,344.09,344.09,104102
2026-06-26T18:47:00Z,344.09,344.14,344.06,344.11,175897
2026-06-26T18:48:00Z,344.11,344.15,344.11,344.12,242307
2026-06-26T18:49:00Z,344.12,344.15,344.07,344.10,265640
2026-06-26T18:50:00Z,344.10,344.14,344.10,344.14,217179
2026-06-26T18:51:00Z,344.14,344.14,344.12,344.12,91538
2026-06-26T18:52:00Z,344.12,344.17,344.09,344.17,118461
2026-06-26T18:53:00Z,344.17,344.21,344.17,344.18,226153
2026-06-26T18:54:00Z,344.18,344.23,344.18,344.23,235127
2026-06-26T18:55:00Z,344.23,344.24,344.23,344.24,174102
2026-06-26T18:56:00Z,344.24,344.27,344.16,344.19,258461
2026-06-26T18:57:00Z,344.19,344.23,344.16,344.20,202820
2026-06-26T18:58:00Z,344.20,344.23,344.15,344.18,231538
2026-06-26T18:59:00Z,344.18,344.21,344.16,344.16,154358
2026-06-26T19:00:00Z,344.16,344.17,344.16,344.17,217179
2026-06-26T19:01:00Z,344.17,344.20,344.15,344.15,91538
2026-06-26T19:02:00Z,344.15,344.16,344.15,344.16,109487
2026-06-26T19:03:00Z,344.16,344.16,344.11,344.14,183076
2026-06-26T19:04:00Z,344.14,344.14,344.11,344.11,104102
2026-06-26T19:05:00Z,344.11,344.19,344.11,344.16,100512
2026-06-26T19:06:00Z,344.16,344.19,344.07,344.10,188461
2026-06-26T19:07:00Z,344.10,344.10,344.08,344.08,181281
2026-06-26T19:08:00Z,344.08,344.10,344.08,344.10,209999
2026-06-26T19:09:00Z,344.10,344.14,344.07,344.11,136410
2026-06-26T19:10:00Z,344.11,344.14,344.02,344.02,93333
2026-06-26T19:11:00Z,344.02,344.06,343.99,344.03,122051
2026-06-26T19:12:00Z,344.03,344.11,344.00,344.08,222563
2026-06-26T19:13:00Z,344.08,344.11,344.02,344.05,116666
2026-06-26T19:14:00Z,344.05,344.07,344.05,344.07,145384
2026-06-26T19:15:00Z,344.07,344.12,344.07,344.09,206410
2026-06-26T19:16:00Z,344.09,344.10,344.09,344.10,226153
2026-06-26T19:17:00Z,344.10,344.10,344.08,344.08,217179
2026-06-26T19:18:00Z,344.08,344.08,344.05,344.05,102307
2026-06-26T19:19:00Z,344.05,344.10,344.02,344.10,236922
2026-06-26T19:20:00Z,344.10,344.14,344.07,344.11,179487
2026-06-26T19:21:00Z,344.11,344.14,344.03,344.06,181281
2026-06-26T19:22:00Z,344.06,344.06,344.01,344.04,184871
2026-06-26T19:23:00Z,344.04,344.07,343.95,343.98,211794
2026-06-26T19:24:00Z,343.98,343.98,343.96,343.96,120256
2026-06-26T19:25:00Z,343.96,344.00,343.93,343.97,89743
2026-06-26T19:26:00Z,343.97,343.97,343.85,343.88,260256
2026-06-26T19:27:00Z,343.88,343.91,343.78,343.78,177692
2026-06-26T19:28:00Z,343.78,343.83,343.78,343.83,113076
2026-06-26T19:29:00Z,343.83,343.83,343.81,343.81,192051
2026-06-26T19:30:00Z,343.81,343.81,343.76,343.79,102307
2026-06-26T19:31:00Z,343.79,343.82,343.74,343.77,183076
2026-06-26T19:32:00Z,343.77,343.80,343.76,343.76,113076
2026-06-26T19:33:00Z,343.76,343.81,343.73,343.78,165128
2026-06-26T19:34:00Z,343.78,343.78,343.71,343.74,249486
2026-06-26T19:35:00Z,343.74,343.77,343.72,343.72,208204
2026-06-26T19:36:00Z,343.72,343.74,343.69,343.74,150769
2026-06-26T19:37:00Z,343.74,343.80,343.74,343.80,186666
2026-06-26T19:38:00Z,343.80,343.85,343.80,343.85,218974
2026-06-26T19:39:00Z,343.85,343.91,343.82,343.91,202820
2026-06-26T19:40:00Z,343.91,343.94,343.86,343.86,168717
2026-06-26T19:41:00Z,343.86,343.89,343.81,343.84,125640
2026-06-26T19:42:00Z,343.84,343.84,343.80,343.80,222563
2026-06-26T19:43:00Z,343.80,343.88,343.80,343.88,256666
2026-06-26T19:44:00Z,343.88,343.88,343.84,343.84,95128
2026-06-26T19:45:00Z,343.84,343.84,343.76,343.79,215384
2026-06-26T19:46:00Z,343.79,343.79,343.74,343.77,123846
2026-06-26T19:47:00Z,343.77,343.77,343.66,343.69,183076
2026-06-26T19:48:00Z,343.69,343.80,343.66,343.77,123846
2026-06-26T19:49:00Z,343.77,343.86,343.77,343.86,123846
2026-06-26T19:50:00Z,343.86,343.91,343.83,343.91,163333
2026-06-26T19:51:00Z,343.91,343.93,343.91,343.93,227948
2026-06-26T19:52:00Z,343.93,343.99,343.90,343.99,249486
2026-06-26T19:53:00Z,343.99,344.02,343.94,343.97,138204
2026-06-26T19:54:00Z,343.97,344.00,343.93,343.93,105897
2026-06-26T19:55:00Z,343.93,343.98,343.90,343.95,147179
2026-06-26T19:56:00Z,343.95,344.00,343.92,343.97,154358
2026-06-26T19:57:00Z,343.97,344.03,343.94,344.00,195640
2026-06-26T19:58:00Z,344.00,344.05,344.00,344.05,240512
2026-06-26T19:59:00Z,344.05,344.11,344.05,344.08,256666
