open_time_utc,open,high,low,close,volume
2026-01-02T00:00:00Z,36781.76,36889.76,36693.49,36830.84,1165
2026-01-02T01:00:00Z,36830.84,36972.31,36749.82,36972.31,1374
2026-01-02T02:00:00Z,36972.31,37155.49,36931.65,37118.38,697
2026-01-02T03:00:00Z,37118.38,37181.48,36953.06,37045.67,1061
2026-01-02T04:00:00Z,37045.67,37130.87,37002.95,37043.69,728
2026-01-02T05:00:00Z,37043.69,37062.21,36834.16,36963.53,832
2026-01-02T06:00:00Z,36963.53,37004.18,36761.69,36879.70,968
2026-01-02T07:00:00Z,36879.70,36912.89,36681.96,36810.79,1217
2026-01-02T08:00:00Z,36810.79,37045.85,36733.49,36949.79,1540
2026-01-02T09:00:00Z,36949.79,36999.82,36850.03,36966.56,1103
2026-01-02T10:00:00Z,36966.56,37173.40,36840.88,37099.21,968
2026-01-02T11:00:00Z,37099.21,37217.55,36973.08,37206.39,1478
2026-01-02T12:00:00Z,37206.39,37224.99,37021.90,37133.29,832
2026-01-02T13:00:00Z,37133.29,37325.96,37033.04,37199.49,624
2026-01-02T14:00:00Z,37199.49,37329.68,37041.35,37156.53,1353
2026-01-02T15:00:00Z,37156.53,37255.92,37119.38,37185.27,1217
2026-01-02T16:00:00Z,37185.27,37185.27,36969.97,37047.77,1197
2026-01-02T17:00:00Z,37047.77,37073.70,36645.88,36767.21,884
2026-01-02T18:00:00Z,36767.21,36909.76,36763.54,36806.71,999
2026-01-02T19:00:00Z,36806.71,36924.49,36642.53,36767.53,864
2026-01-02T20:00:00Z,36767.53,36837.38,36698.63,36713.31,1374
2026-01-02T21:00:00Z,36713.31,36823.44,36489.59,36614.07,603
2026-01-02T22:00:00Z,36614.07,36687.29,36491.23,36597.36,1270
2026-01-02T23:00:00Z,36597.36,36644.93,36392.78,36516.93,1363
2026-01-03T00:00:00Z,36516.93,36622.82,36448.83,36503.58,1197
2026-01-03T01:00:00Z,36503.58,36716.91,36459.78,36607.09,1478
2026-01-03T02:00:00Z,36607.09,36705.92,36524.23,36575.43,728
2026-01-03T03:00:00Z,36575.43,36685.15,36346.57,36466.91,1270
2026-01-03T04:00:00Z,36466.91,36566.77,36353.87,36533.89,687
2026-01-03T05:00:00Z,36533.89,36692.56,36530.24,36641.27,926
2026-01-03T06:00:00Z,36641.27,36674.24,36459.29,36492.13,864
2026-01-03T07:00:00Z,36492.13,36606.62,36375.36,36511.69,1363
2026-01-03T08:00:00Z,36511.69,36589.81,36442.32,36586.16,926
2026-01-03T09:00:00Z,36586.16,36673.96,36528.83,36536.13,759
2026-01-03T10:00:00Z,36536.13,36574.02,36525.17,36552.09,1259
2026-01-03T11:00:00Z,36552.09,36655.87,36460.71,36579.06,853
2026-01-03T12:00:00Z,36579.06,36707.08,36393.35,36407.91,1467
2026-01-03T13:00:00Z,36407.91,36466.16,36172.48,36281.32,1155
2026-01-03T14:00:00Z,36281.32,36324.85,36202.64,36242.50,957
2026-01-03T15:00:00Z,36242.50,36282.36,36171.19,36221.90,926
2026-01-03T16:00:00Z,36221.90,36375.76,36189.31,36303.16,1145
2026-01-03T17:00:00Z,36303.16,36442.66,36263.23,36344.53,1238
2026-01-03T18:00:00Z,36344.53,36468.10,36193.12,36316.59,957
2026-01-03T19:00:00Z,36316.59,36456.15,36225.80,36354.36,593
2026-01-03T20:00:00Z,36354.36,36408.89,36224.33,36256.96,1217
2026-01-03T21:00:00Z,36256.96,36275.08,36047.62,36148.83,947
2026-01-03T22:00:00Z,36148.83,36168.19,36109.07,36160.96,666
2026-01-03T23:00:00Z,36160.96,36247.74,35933.85,36020.29,811
2026-01-04T00:00:00Z,36020.29,36096.74,35908.63,36078.71,770
2026-01-04T01:00:00Z,36078.71,36223.99,35999.34,36155.30,801
2026-01-04T02:00:00Z,36155.30,36293.58,36140.84,36170.60,593
2026-01-04T03:00:00Z,36170.60,36264.64,36160.58,36160.58,1009
2026-01-04T04:00:00Z,36160.58,36214.82,36052.97,36096.28,1499
2026-01-04T05:00:00Z,36096.28,36241.64,35969.95,36140.45,1540
2026-01-04T06:00:00Z,36140.45,36351.30,36042.88,36238.96,1145
2026-01-04T07:00:00Z,36238.96,36432.25,36231.72,36334.15,1405
2026-01-04T08:00:00Z,36334.15,36359.58,36218.69,36244.06,666
2026-01-04T09:00:00Z,36244.06,36251.30,36179.68,36237.66,1457
2026-01-04T10:00:00Z,36237.66,36409.14,36208.67,36405.50,562
2026-01-04T11:00:00Z,36405.50,36446.49,36380.02,36428.28,624
2026-01-04T12:00:00Z,36428.28,36469.29,36428.28,36447.43,541
2026-01-04T13:00:00Z,36447.43,36513.03,36393.63,36422.76,687
2026-01-04T14:00:00Z,36422.76,36433.68,36208.82,36317.77,1113
2026-01-04T15:00:00Z,36317.77,36433.98,36126.09,36198.48,905
2026-01-04T16:00:00Z,36198.48,36270.87,36119.70,36192.08,1249
2026-01-04T17:00:00Z,36192.08,36249.98,36171.19,36182.04,926
2026-01-04T18:00:00Z,36182.04,36291.61,36178.43,36215.56,1051
2026-01-04T19:00:00Z,36215.56,36401.72,36193.84,36329.07,1051
2026-01-04T20:00:00Z,36329.07,36394.46,36064.46,36136.73,1332
2026-01-04T21:00:00Z,36136.73,36238.85,36024.71,36152.09,1363
2026-01-04T22:00:00Z,36152.09,36188.24,35943.12,36036.81,1311
2026-01-04T23:00:00Z,36036.81,36189.61,35925.10,36182.38,1374
2026-01-05T00:00:00Z,36182.38,36328.68,36077.46,36296.02,1009
2026-01-05T01:00:00Z,36296.02,36460.95,36172.62,36366.40,1405
2026-01-05T02:00:00Z,36366.40,36402.76,36247.95,36320.59,936
2026-01-05T03:00:00Z,36320.59,36367.80,36253.06,36307.52,1290
2026-01-05T04:00:00Z,36307.52,36412.81,36163.98,36247.34,1530
2026-01-05T05:00:00Z,36247.34,36270.52,36185.72,36266.90,687
2026-01-05T06:00:00Z,36266.90,36306.79,36210.42,36243.03,811
2026-01-05T07:00:00Z,36243.03,36366.25,36081.77,36172.20,1155
2026-01-05T08:00:00Z,36172.20,36233.69,35932.11,36043.84,1332
2026-01-05T09:00:00Z,36043.84,36265.08,35964.55,36196.31,1374
2026-01-05T10:00:00Z,36196.31,36458.03,36087.73,36403.43,1457
2026-01-05T11:00:00Z,36403.43,36523.56,36205.44,36241.68,832
2026-01-05T12:00:00Z,36241.68,36362.51,36122.09,36326.19,1488
2026-01-05T13:00:00Z,36326.19,36326.19,36287.80,36309.58,1342
2026-01-05T14:00:00Z,36309.58,36521.15,36302.32,36466.46,957
2026-01-05T15:00:00Z,36466.46,36577.10,36444.59,36522.32,822
2026-01-05T16:00:00Z,36522.32,36525.97,36436.40,36480.17,770
2026-01-05T17:00:00Z,36480.17,36660.24,36476.53,36536.02,1165
2026-01-05T18:00:00Z,36536.02,36821.76,36536.02,36726.28,1176
2026-01-05T19:00:00Z,36726.28,36829.11,36676.39,36709.42,1186
2026-01-05T20:00:00Z,36709.42,36793.85,36495.49,36564.96,739
2026-01-05T21:00:00Z,36564.96,36733.77,36521.09,36700.74,1061
2026-01-05T22:00:00Z,36700.74,36782.28,36682.39,36782.28,1134
2026-01-05T23:00:00Z,36782.28,36848.48,36626.27,36707.02,1238
2026-01-06T00:00:00Z,36707.02,36847.42,36685.00,36759.20,1249
2026-01-06T01:00:00Z,36759.20,36951.26,36711.42,36833.40,791
2026-01-06T02:00:00Z,36833.40,36888.65,36720.25,36768.04,811
2026-01-06T03:00:00Z,36768.04,36967.33,36698.19,36871.47,759
2026-01-06T04:00:00Z,36871.47,36900.96,36744.00,36747.67,1561
2026-01-06T05:00:00Z,36747.67,36965.23,36718.28,36839.98,936
2026-01-06T06:00:00Z,36839.98,37054.26,36825.25,36925.03,895
2026-01-06T07:00:00Z,36925.03,37135.72,36891.80,37032.04,1499
2026-01-06T08:00:00Z,37032.04,37054.25,36933.07,37025.63,635
2026-01-06T09:00:00Z,37025.63,37150.93,36981.20,37150.93,1124
2026-01-06T10:00:00Z,37150.93,37188.08,37000.91,37063.91,1145
2026-01-06T11:00:00Z,37063.91,37344.61,36993.49,37229.20,655
2026-01-06T12:00:00Z,37229.20,37340.88,37171.09,37200.85,1551
2026-01-06T13:00:00Z,37200.85,37334.07,37193.41,37300.50,864
2026-01-06T14:00:00Z,37300.50,37348.99,37189.92,37286.86,1415
2026-01-06T15:00:00Z,37286.86,37305.50,37061.02,37098.11,1446
2026-01-06T16:00:00Z,37098.11,37198.27,37021.79,37092.26,1509
2026-01-06T17:00:00Z,37092.26,37192.40,37020.04,37075.65,1405
2026-01-06T18:00:00Z,37075.65,37121.08,37064.53,37102.53,718
2026-01-06T19:00:00Z,37102.53,37354.29,37039.46,37324.44,1405
2026-01-06T20:00:00Z,37324.44,37498.08,37212.47,37441.92,603
2026-01-06T21:00:00Z,37441.92,37579.45,37415.72,37523.17,655
2026-01-06T22:00:00Z,37523.17,37638.76,37414.36,37589.90,676
2026-01-06T23:00:00Z,37589.90,37676.35,37454.11,37532.92,999
2026-01-07T00:00:00Z,37532.92,37536.67,37303.58,37397.07,957
2026-01-07T01:00:00Z,37397.07,37483.08,37243.12,37328.97,562
2026-01-07T02:00:00Z,37328.97,37507.60,37276.71,37399.15,1249
2026-01-07T03:00:00Z,37399.15,37466.46,37174.22,37278.60,530
2026-01-07T04:00:00Z,37278.60,37319.60,37147.26,37169.56,1145
2026-01-07T05:00:00Z,37169.56,37206.72,36882.50,36934.20,1051
2026-01-07T06:00:00Z,36934.20,37125.84,36875.11,37051.74,1446
2026-01-07T07:00:00Z,37051.74,37199.45,36970.23,37158.58,1249
2026-01-07T08:00:00Z,37158.58,37377.63,37039.68,37276.99,1061
2026-01-07T09:00:00Z,37276.99,37388.17,37258.36,37302.38,1353
2026-01-07T10:00:00Z,37302.38,37432.57,37212.86,37391.44,1426
2026-01-07T11:00:00Z,37391.44,37503.26,37324.14,37488.27,1509
2026-01-07T12:00:00Z,37488.27,37536.33,37450.79,37495.09,635
2026-01-07T13:00:00Z,37495.09,37660.04,37438.85,37626.18,1009
2026-01-07T14:00:00Z,37626.18,37746.58,37505.08,37599.07,1238
2026-01-07T15:00:00Z,37599.07,37874.25,37572.76,37809.98,1436
2026-01-07T16:00:00Z,37809.98,38029.42,37692.77,37896.79,1270
2026-01-07T17:00:00Z,37896.79,38021.84,37740.80,37865.75,530
2026-01-07T18:00:00Z,37865.75,37963.98,37755.94,37914.70,728
2026-01-07T19:00:00Z,37914.70,37971.57,37823.02,37883.63,1009
2026-01-07T20:00:00Z,37883.63,37947.54,37826.81,37890.71,1363
2026-01-07T21:00:00Z,37890.71,38016.03,37849.04,38016.03,1051
2026-01-07T22:00:00Z,38016.03,38137.68,37897.08,37919.83,1415
2026-01-07T23:00:00Z,37919.83,38002.82,37912.25,37930.76,1488
2026-01-08T00:00:00Z,37930.76,37949.72,37761.85,37894.48,1051
2026-01-08T01:00:00Z,37894.48,38027.11,37744.64,37808.91,1113
2026-01-08T02:00:00Z,37808.91,37878.64,37718.17,37859.72,645
2026-01-08T03:00:00Z,37859.72,37859.72,37751.52,37789.30,520
2026-01-08T04:00:00Z,37789.30,37904.45,37789.30,37825.02,562
2026-01-08T05:00:00Z,37825.02,37877.97,37728.32,37803.92,718
2026-01-08T06:00:00Z,37803.92,37983.79,37690.51,37885.29,728
2026-01-08T07:00:00Z,37885.29,37991.36,37659.33,37734.79,999
2026-01-08T08:00:00Z,37734.79,37851.76,37634.24,37664.37,832
2026-01-08T09:00:00Z,37664.37,37786.82,37645.54,37703.88,926
2026-01-08T10:00:00Z,37703.88,37809.45,37557.90,37595.49,1332
2026-01-08T11:00:00Z,37595.49,37892.25,37501.51,37786.45,687
2026-01-08T12:00:00Z,37786.45,37831.79,37731.35,37761.55,1519
2026-01-08T13:00:00Z,37761.55,37840.84,37573.41,37614.78,916
2026-01-08T14:00:00Z,37614.78,37650.62,37569.65,37650.62,1426
2026-01-08T15:00:00Z,37650.62,37665.68,37523.69,37576.29,1072
2026-01-08T16:00:00Z,37576.29,37702.40,37474.84,37612.14,614
2026-01-08T17:00:00Z,37612.14,37676.08,37357.15,37488.35,739
2026-01-08T18:00:00Z,37488.35,37507.09,37316.14,37357.23,1342
2026-01-08T19:00:00Z,37357.23,37372.17,37091.61,37169.66,1311
2026-01-08T20:00:00Z,37169.66,37260.79,37050.72,37201.27,916
2026-01-08T21:00:00Z,37201.27,37201.27,37089.60,37089.60,1384
2026-01-08T22:00:00Z,37089.60,37186.03,37024.10,37076.00,770
2026-01-08T23:00:00Z,37076.00,37099.98,36983.31,37096.28,739
2026-01-09T00:00:00Z,37096.28,37185.31,36912.63,36986.60,988
2026-01-09T01:00:00Z,36986.60,37049.47,36630.46,36755.42,1082
2026-01-09T02:00:00Z,36755.42,36841.80,36689.27,36793.97,874
2026-01-09T03:00:00Z,36793.97,36793.97,36608.61,36674.62,1561
2026-01-09T04:00:00Z,36674.62,36707.62,36588.71,36625.33,1436
2026-01-09T05:00:00Z,36625.33,36799.44,36519.12,36671.10,1030
2026-01-09T06:00:00Z,36671.10,36782.78,36579.43,36757.06,1436
2026-01-09T07:00:00Z,36757.06,36950.04,36746.04,36821.17,1436
2026-01-09T08:00:00Z,36821.17,36955.02,36692.30,36943.94,728
2026-01-09T09:00:00Z,36943.94,37025.21,36802.06,36901.69,1238
2026-01-09T10:00:00Z,36901.69,36920.14,36752.84,36837.56,1374
2026-01-09T11:00:00Z,36837.56,37118.51,36804.41,37033.34,1051
2026-01-09T12:00:00Z,37033.34,37070.37,37005.76,37005.76,947
2026-01-09T13:00:00Z,37005.76,37136.62,36891.05,37081.00,697
2026-01-09T14:00:00Z,37081.00,37184.82,36975.96,37016.67,853
2026-01-09T15:00:00Z,37016.67,37209.98,36990.76,37146.84,718
2026-01-09T16:00:00Z,37146.84,37163.50,37091.12,37148.65,1342
2026-01-09T17:00:00Z,37148.65,37260.09,37054.31,37117.40,1155
2026-01-09T18:00:00Z,37117.40,37221.32,36770.14,36880.78,1103
2026-01-09T19:00:00Z,36880.78,37076.51,36759.08,37035.78,1113
2026-01-09T20:00:00Z,37035.78,37292.07,37002.45,37162.01,1051
2026-01-09T21:00:00Z,37162.01,37221.46,37053.33,37101.56,1093
2026-01-09T22:00:00Z,37101.56,37305.96,37097.85,37231.50,1082
2026-01-09T23:00:00Z,37231.50,37361.81,37099.60,37218.69,530
2026-01-10T00:00:00Z,37218.69,37357.90,37110.76,37298.23,541
2026-01-10T01:00:00Z,37298.23,37475.04,37223.64,37355.51,1061
2026-01-10T02:00:00Z,37355.51,37476.42,37318.16,37394.16,1197
2026-01-10T03:00:00Z,37394.16,37409.11,37130.70,37249.89,999
2026-01-10T04:00:00Z,37249.89,37320.66,37065.53,37113.77,1499
2026-01-10T05:00:00Z,37113.77,37154.59,36937.46,37059.75,1322
2026-01-10T06:00:00Z,37059.75,37085.69,36895.04,36950.46,1446
2026-01-10T07:00:00Z,36950.46,37283.94,36872.87,37231.82,1134
2026-01-10T08:00:00Z,37231.82,37358.40,37121.94,37170.26,582
2026-01-10T09:00:00Z,37170.26,37524.41,37084.77,37415.91,1290
2026-01-10T10:00:00Z,37415.91,37427.13,37241.92,37361.47,1103
2026-01-10T11:00:00Z,37361.47,37534.34,37342.79,37466.90,1342
2026-01-10T12:00:00Z,37466.90,37590.54,37375.09,37405.01,593
2026-01-10T13:00:00Z,37405.01,37425.11,37405.01,37410.15,593
2026-01-10T14:00:00Z,37410.15,37511.15,37326.13,37337.33,1124
2026-01-10T15:00:00Z,37337.33,37513.97,37210.39,37401.77,582
2026-01-10T16:00:00Z,37401.77,37466.64,37398.03,37425.48,780
2026-01-10T17:00:00Z,37425.48,37553.20,37361.86,37538.19,884
2026-01-10T18:00:00Z,37538.19,37603.19,37418.07,37565.63,1145
2026-01-10T19:00:00Z,37565.63,37640.76,37485.10,37500.10,1405
2026-01-10T20:00:00Z,37500.10,37516.56,37387.60,37501.56,1426
2026-01-10T21:00:00Z,37501.56,37596.41,37471.56,37540.10,1228
2026-01-10T22:00:00Z,37540.10,37723.92,37521.33,37686.24,1113
2026-01-10T23:00:00Z,37686.24,37743.52,37625.95,37739.75,1155
2026-01-11T00:00:00Z,37739.75,37841.64,37597.78,37620.35,520
2026-01-11T01:00:00Z,37620.35,37723.47,37530.07,37651.94,1176
2026-01-11T02:00:00Z,37651.94,37719.71,37638.42,37649.71,520
2026-01-11T03:00:00Z,37649.71,37865.91,37548.06,37737.61,1561
2026-01-11T04:00:00Z,37737.61,37741.38,37547.42,37615.12,1342
2026-01-11T05:00:00Z,37615.12,37755.44,37585.03,37732.81,562
2026-01-11T06:00:00Z,37732.81,37755.44,37573.00,37625.67,1270
2026-01-11T07:00:00Z,37625.67,37724.77,37524.09,37698.39,1249
2026-01-11T08:00:00Z,37698.39,37819.87,37592.84,37808.53,1311
2026-01-11T09:00:00Z,37808.53,38145.12,37725.36,38042.41,864
2026-01-11T10:00:00Z,38042.41,38138.84,37913.07,38058.92,1072
2026-01-11T11:00:00Z,38058.92,38116.00,37912.60,38015.24,770
2026-01-11T12:00:00Z,38015.24,38026.64,37952.72,37975.50,905
2026-01-11T13:00:00Z,37975.50,38188.12,37869.17,38119.51,562
2026-01-11T14:00:00Z,38119.51,38314.74,38104.27,38184.92,936
2026-01-11T15:00:00Z,38184.92,38311.82,38181.11,38231.54,1061
2026-01-11T16:00:00Z,38231.54,38427.00,38208.61,38308.25,1041
2026-01-11T17:00:00Z,38308.25,38415.56,38258.45,38392.53,624
2026-01-11T18:00:00Z,38392.53,38515.38,38218.87,38322.34,655
2026-01-11T19:00:00Z,38322.34,38349.16,38209.23,38308.83,1238
2026-01-11T20:00:00Z,38308.83,38623.72,38301.17,38554.33,1009
2026-01-11T21:00:00Z,38554.33,38833.75,38496.50,38733.05,1176
2026-01-11T22:00:00Z,38733.05,38947.98,38609.11,38885.77,1561
2026-01-11T23:00:00Z,38885.77,39022.51,38846.89,38909.68,1342
2026-01-12T00:00:00Z,38909.68,39054.23,38851.32,38925.78,666
2026-01-12T01:00:00Z,38925.78,39167.84,38805.12,39097.47,1134
2026-01-12T02:00:00Z,39097.47,39132.65,38937.77,39066.69,770
2026-01-12T03:00:00Z,39066.69,39110.14,38933.87,39071.07,1363
2026-01-12T04:00:00Z,39071.07,39180.46,38907.92,38993.70,1332
2026-01-12T05:00:00Z,38993.70,39037.06,38985.91,39029.26,1041
2026-01-12T06:00:00Z,39029.26,39088.20,38923.89,39072.58,1384
2026-01-12T07:00:00Z,39072.58,39158.53,38925.14,39018.78,697
2026-01-12T08:00:00Z,39018.78,39135.87,38964.16,39120.23,697
2026-01-12T09:00:00Z,39120.23,39377.83,39092.85,39322.78,1551
2026-01-12T10:00:00Z,39322.78,39401.83,39200.88,39331.04,1394
2026-01-12T11:00:00Z,39331.04,39421.50,39132.49,39179.50,655
2026-01-12T12:00:00Z,39179.50,39366.42,39148.16,39362.49,582
2026-01-12T13:00:00Z,39362.49,39468.54,39319.20,39437.00,1342
2026-01-12T14:00:00Z,39437.00,39594.74,39389.68,39492.07,1280
2026-01-12T15:00:00Z,39492.07,39641.83,39464.43,39566.66,791
2026-01-12T16:00:00Z,39566.66,39637.87,39460.68,39539.75,999
2026-01-12T17:00:00Z,39539.75,39799.37,39472.54,39700.12,1103
2026-01-12T18:00:00Z,39700.12,39775.55,39582.72,39614.41,739
2026-01-12T19:00:00Z,39614.41,39674.13,39491.61,39626.58,655
2026-01-12T20:00:00Z,39626.58,39756.09,39511.67,39736.23,1176
2026-01-12T21:00:00Z,39736.23,39851.46,39637.96,39701.48,780
2026-01-12T22:00:00Z,39701.48,39851.12,39673.69,39803.36,1030
2026-01-12T23:00:00Z,39803.36,40007.14,39783.46,39999.15,1124
2026-01-13T00:00:00Z,39999.15,40003.14,39765.69,39781.60,1030
2026-01-13T01:00:00Z,39781.60,39823.83,39710.00,39819.85,687
2026-01-13T02:00:00Z,39819.85,39866.11,39732.25,39842.21,1446
2026-01-13T03:00:00Z,39842.21,40055.92,39790.42,40023.91,749
2026-01-13T04:00:00Z,40023.91,40202.63,39903.84,40130.40,1009
2026-01-13T05:00:00Z,40130.40,40233.22,40118.37,40185.00,603
2026-01-13T06:00:00Z,40185.00,40221.16,40038.89,40143.26,718
2026-01-13T07:00:00Z,40143.26,40275.73,39821.20,39917.00,1322
2026-01-13T08:00:00Z,39917.00,40044.73,39704.21,39835.66,1436
2026-01-13T09:00:00Z,39835.66,39835.66,39555.84,39654.97,1342
2026-01-13T10:00:00Z,39654.97,39899.61,39603.42,39764.42,1290
2026-01-13T11:00:00Z,39764.42,39993.75,39752.50,39901.98,541
2026-01-13T12:00:00Z,39901.98,39993.75,39868.54,39876.51,1509
2026-01-13T13:00:00Z,39876.51,40000.12,39755.40,39859.03,1051
2026-01-13T14:00:00Z,39859.03,40044.96,39799.25,39909.27,1113
2026-01-13T15:00:00Z,39909.27,39917.25,39839.90,39903.74,1384
2026-01-13T16:00:00Z,39903.74,40117.86,39807.98,40017.82,978
2026-01-13T17:00:00Z,40017.82,40077.84,39824.48,39948.31,1051
2026-01-13T18:00:00Z,39948.31,40078.63,39848.44,39982.68,895
2026-01-13T19:00:00Z,39982.68,40106.62,39670.09,39805.42,1228
2026-01-13T20:00:00Z,39805.42,40094.80,39733.78,39958.94,1113
2026-01-13T21:00:00Z,39958.94,40013.32,39938.97,39989.33,1290
2026-01-13T22:00:00Z,39989.33,40033.31,39704.37,39728.20,1155
2026-01-13T23:00:00Z,39728.20,39811.62,39671.15,39671.15,1155
2026-01-14T00:00:00Z,39671.15,39730.65,39581.62,39637.11,1332
2026-01-14T01:00:00Z,39637.11,39745.86,39557.84,39678.41,1363
2026-01-14T02:00:00Z,39678.41,39803.17,39555.41,39759.44,1228
2026-01-14T03:00:00Z,39759.44,40047.92,39632.21,39912.22,1488
2026-01-14T04:00:00Z,39912.22,40093.73,39864.33,39997.74,1093
2026-01-14T05:00:00Z,39997.74,40129.73,39775.73,39899.41,947
2026-01-14T06:00:00Z,39899.41,39991.17,39889.14,39897.11,1446
2026-01-14T07:00:00Z,39897.11,40004.83,39755.25,39870.87,562
2026-01-14T08:00:00Z,39870.87,40072.09,39846.95,40048.07,1113
2026-01-14T09:00:00Z,40048.07,40226.22,40016.04,40133.92,874
2026-01-14T10:00:00Z,40133.92,40141.94,40075.44,40107.52,1311
2026-01-14T11:00:00Z,40107.52,40285.96,39983.19,40205.55,770
2026-01-14T12:00:00Z,40205.55,40428.78,40101.02,40336.01,1353
2026-01-14T13:00:00Z,40336.01,40452.98,40164.33,40204.53,718
2026-01-14T14:00:00Z,40204.53,40305.04,39965.29,40097.61,1093
2026-01-14T15:00:00Z,40097.61,40304.11,40001.38,40163.54,1540
2026-01-14T16:00:00Z,40163.54,40223.78,39912.40,39988.37,1009
2026-01-14T17:00:00Z,39988.37,40306.68,39892.40,40226.23,582
2026-01-14T18:00:00Z,40226.23,40312.48,40190.03,40248.09,655
2026-01-14T19:00:00Z,40248.09,40372.85,40161.25,40189.38,884
2026-01-14T20:00:00Z,40189.38,40489.23,40068.82,40356.06,1394
2026-01-14T21:00:00Z,40356.06,40376.23,40135.77,40167.90,780
2026-01-14T22:00:00Z,40167.90,40292.42,40073.22,40125.38,1176
2026-01-14T23:00:00Z,40125.38,40217.66,39710.32,39833.80,988
2026-01-15T00:00:00Z,39833.80,39965.00,39793.97,39953.02,1499
2026-01-15T01:00:00Z,39953.02,40056.89,39785.03,39800.95,1030
2026-01-15T02:00:00Z,39800.95,39900.20,39685.53,39864.33,1207
2026-01-15T03:00:00Z,39864.33,39892.23,39712.73,39828.23,562
2026-01-15T04:00:00Z,39828.23,39868.05,39716.65,39756.40,1134
2026-01-15T05:00:00Z,39756.40,39851.52,39712.67,39823.65,520
2026-01-15T06:00:00Z,39823.65,39903.29,39601.02,39688.33,957
2026-01-15T07:00:00Z,39688.33,39823.27,39525.70,39644.63,832
2026-01-15T08:00:00Z,39644.63,39715.99,39549.62,39565.44,1061
2026-01-15T09:00:00Z,39565.44,39723.40,39533.79,39659.95,1467
2026-01-15T10:00:00Z,39659.95,39711.50,39588.66,39604.50,843
2026-01-15T11:00:00Z,39604.50,39628.26,39458.11,39568.90,874
2026-01-15T12:00:00Z,39568.90,39695.37,39564.95,39596.38,1353
2026-01-15T13:00:00Z,39596.38,39801.97,39505.31,39686.88,1165
2026-01-15T14:00:00Z,39686.88,39714.66,39536.78,39536.78,978
2026-01-15T15:00:00Z,39536.78,39615.85,39292.99,39348.07,1478
2026-01-15T16:00:00Z,39348.07,39367.75,39249.70,39352.01,1374
2026-01-15T17:00:00Z,39352.01,39395.29,39245.85,39344.21,614
2026-01-15T18:00:00Z,39344.21,39512.58,39245.85,39477.06,936
2026-01-15T19:00:00Z,39477.06,39681.75,39382.32,39586.75,614
2026-01-15T20:00:00Z,39586.75,39767.94,39566.96,39716.31,791
2026-01-15T21:00:00Z,39716.31,39787.11,39601.14,39787.11,1509
2026-01-15T22:00:00Z,39787.11,39910.21,39751.31,39806.72,1145
2026-01-15T23:00:00Z,39806.72,39945.40,39679.34,39877.61,645
2026-01-16T00:00:00Z,39877.61,40162.34,39777.92,40026.26,832
2026-01-16T01:00:00Z,40026.26,40287.87,39962.22,40167.37,1322
2026-01-16T02:00:00Z,40167.37,40284.92,40058.92,40196.49,968
2026-01-16T03:00:00Z,40196.49,40204.52,40129.21,40185.46,1041
2026-01-16T04:00:00Z,40185.46,40282.92,40177.43,40234.64,1217
2026-01-16T05:00:00Z,40234.64,40372.34,40101.87,40348.14,603
2026-01-16T06:00:00Z,40348.14,40445.96,40227.10,40365.23,697
2026-01-16T07:00:00Z,40365.23,40470.17,40285.65,40313.86,1259
2026-01-16T08:00:00Z,40313.86,40454.95,40085.66,40214.34,1415
2026-01-16T09:00:00Z,40214.34,40339.00,40095.03,40143.20,541
2026-01-16T10:00:00Z,40143.20,40199.40,40056.05,40124.26,999
2026-01-16T11:00:00Z,40124.26,40172.40,39989.09,40097.35,666
2026-01-16T12:00:00Z,40097.35,40410.99,40041.22,40294.14,1165
2026-01-16T13:00:00Z,40294.14,40419.05,40066.49,40098.56,947
2026-01-16T14:00:00Z,40098.56,40336.01,40006.34,40223.39,968
2026-01-16T15:00:00Z,40223.39,40345.03,40082.61,40256.47,978
2026-01-16T16:00:00Z,40256.47,40466.42,40171.94,40389.68,530
2026-01-16T17:00:00Z,40389.68,40494.69,40225.83,40290.29,1072
2026-01-16T18:00:00Z,40290.29,40358.78,40154.59,40263.30,926
2026-01-16T19:00:00Z,40263.30,40352.76,40122.38,40300.37,1363
2026-01-16T20:00:00Z,40300.37,40349.58,40284.25,40333.45,1176
2026-01-16T21:00:00Z,40333.45,40470.58,40290.16,40330.49,947
2026-01-16T22:00:00Z,40330.49,40338.55,40102.60,40243.45,562
2026-01-16T23:00:00Z,40243.45,40291.74,40140.28,40204.60,655
2026-01-17T00:00:00Z,40204.60,40509.59,40180.48,40489.35,1113
2026-01-17T01:00:00Z,40489.35,40558.18,40338.88,40342.91,936
2026-01-17T02:00:00Z,40342.91,40403.42,40092.45,40225.19,614
2026-01-17T03:00:00Z,40225.19,40401.69,40193.01,40284.87,655
2026-01-17T04:00:00Z,40284.87,40369.46,40139.24,40227.74,1301
2026-01-17T05:00:00Z,40227.74,40440.60,40215.68,40307.59,999
2026-01-17T06:00:00Z,40307.59,40488.62,40214.89,40399.75,739
2026-01-17T07:00:00Z,40399.75,40670.44,40278.56,40532.63,749
2026-01-17T08:00:00Z,40532.63,40548.84,40418.46,40454.86,1134
2026-01-17T09:00:00Z,40454.86,40588.36,40179.29,40300.19,947
2026-01-17T10:00:00Z,40300.19,40372.73,40170.56,40247.02,1103
2026-01-17T11:00:00Z,40247.02,40379.83,40129.35,40129.35,1457
2026-01-17T12:00:00Z,40129.35,40165.46,40032.35,40120.61,936
2026-01-17T13:00:00Z,40120.61,40248.58,40120.61,40184.29,864
2026-01-17T14:00:00Z,40184.29,40220.45,40014.77,40102.99,1384
2026-01-17T15:00:00Z,40102.99,40235.06,40058.88,40214.96,947
2026-01-17T16:00:00Z,40214.96,40282.85,40122.47,40266.75,520
2026-01-17T17:00:00Z,40266.75,40407.68,40133.12,40209.51,936
2026-01-17T18:00:00Z,40209.51,40378.27,40153.22,40305.72,1301
2026-01-17T19:00:00Z,40305.72,40354.08,40220.27,40256.50,645
2026-01-17T20:00:00Z,40256.50,40300.78,40018.23,40150.72,1280
2026-01-17T21:00:00Z,40150.72,40222.99,39961.12,40053.24,1259
2026-01-17T22:00:00Z,40053.24,40117.32,39932.22,40000.22,1342
2026-01-17T23:00:00Z,40000.22,40044.22,39698.76,39766.36,791
2026-01-18T00:00:00Z,39766.36,39861.79,39602.43,39669.86,895
2026-01-18T01:00:00Z,39669.86,39855.47,39586.56,39760.05,687
2026-01-18T02:00:00Z,39760.05,39965.99,39652.70,39874.28,905
2026-01-18T03:00:00Z,39874.28,39929.04,39854.35,39889.16,988
2026-01-18T04:00:00Z,39889.16,40023.79,39829.33,39967.84,1374
2026-01-18T05:00:00Z,39967.84,40114.74,39831.95,40058.66,1363
2026-01-18T06:00:00Z,40058.66,40354.07,39966.53,40325.85,572
2026-01-18T07:00:00Z,40325.85,40410.53,40054.99,40115.16,1165
2026-01-18T08:00:00Z,40115.16,40255.56,39825.86,39961.72,1342
2026-01-18T09:00:00Z,39961.72,40089.59,39693.46,39820.88,1426
2026-01-18T10:00:00Z,39820.88,39971.21,39757.17,39907.36,676
2026-01-18T11:00:00Z,39907.36,40039.05,39890.34,39906.30,1249
2026-01-18T12:00:00Z,39906.30,40048.95,39822.50,39945.10,1197
2026-01-18T13:00:00Z,39945.10,39997.02,39872.20,39912.11,1488
2026-01-18T14:00:00Z,39912.11,40007.89,39807.35,39887.12,801
2026-01-18T15:00:00Z,39887.12,39957.84,39839.26,39929.89,1270
2026-01-18T16:00:00Z,39929.89,40013.74,39673.83,39753.33,707
2026-01-18T17:00:00Z,39753.33,39807.93,39701.66,39772.14,1186
2026-01-18T18:00:00Z,39772.14,39851.68,39631.93,39763.14,1041
2026-01-18T19:00:00Z,39763.14,40052.65,39763.14,39920.92,1499
2026-01-18T20:00:00Z,39920.92,40063.60,39912.94,39971.67,853
2026-01-18T21:00:00Z,39971.67,40111.57,39779.08,39898.77,780
2026-01-18T22:00:00Z,39898.77,40057.33,39870.85,39973.39,1041
2026-01-18T23:00:00Z,39973.39,40336.45,39857.47,40203.78,1217
2026-01-19T00:00:00Z,40203.78,40380.47,40179.66,40344.17,728
2026-01-19T01:00:00Z,40344.17,40420.82,40182.86,40295.68,1072
2026-01-19T02:00:00Z,40295.68,40335.97,40029.26,40065.31,718
2026-01-19T03:00:00Z,40065.31,40278.22,40057.30,40185.80,728
2026-01-19T04:00:00Z,40185.80,40193.83,39980.57,40088.80,1155
2026-01-19T05:00:00Z,40088.80,40286.46,40008.63,40230.14,1113
2026-01-19T06:00:00Z,40230.14,40354.85,40028.81,40153.28,1051
2026-01-19T07:00:00Z,40153.28,40209.49,39907.15,39983.11,1436
2026-01-19T08:00:00Z,39983.11,40035.08,39862.93,39950.82,1238
2026-01-19T09:00:00Z,39950.82,39982.78,39754.24,39861.86,1436
2026-01-19T10:00:00Z,39861.86,39921.65,39797.39,39809.33,562
2026-01-19T11:00:00Z,39809.33,39932.73,39628.96,39716.33,905
2026-01-19T12:00:00Z,39716.33,39736.18,39544.88,39667.85,801
2026-01-19T13:00:00Z,39667.85,39827.40,39620.25,39704.32,1363
2026-01-19T14:00:00Z,39704.32,39845.40,39585.21,39789.70,811
2026-01-19T15:00:00Z,39789.70,39913.04,39447.18,39550.01,957
2026-01-19T16:00:00Z,39550.01,39652.84,39311.23,39315.16,1238
2026-01-19T17:00:00Z,39315.16,39655.19,39260.12,39520.82,780
2026-01-19T18:00:00Z,39520.82,39612.49,39469.45,39537.37,1509
2026-01-19T19:00:00Z,39537.37,39620.39,39378.29,39484.89,811
2026-01-19T20:00:00Z,39484.89,39760.02,39350.65,39680.66,1259
2026-01-19T21:00:00Z,39680.66,39840.39,39629.08,39812.53,780
2026-01-19T22:00:00Z,39812.53,40050.91,39728.93,40002.91,1280
2026-01-19T23:00:00Z,40002.91,40091.18,39922.91,40087.18,718
2026-01-20T00:00:00Z,40087.18,40223.77,39986.97,40123.47,916
2026-01-20T01:00:00Z,40123.47,40288.37,40007.12,40155.86,843
2026-01-20T02:00:00Z,40155.86,40216.49,40027.37,40192.38,530
2026-01-20T03:00:00Z,40192.38,40216.49,40019.97,40160.53,749
2026-01-20T04:00:00Z,40160.53,40164.54,40016.34,40152.85,1197
2026-01-20T05:00:00Z,40152.85,40233.75,40012.32,40193.56,614
2026-01-20T06:00:00Z,40193.56,40249.83,40165.81,40177.86,1561
2026-01-20T07:00:00Z,40177.86,40226.07,40138.14,40174.29,1415
2026-01-20T08:00:00Z,40174.29,40274.72,40053.77,40085.83,1457
2026-01-20T09:00:00Z,40085.83,40190.05,39748.29,39831.93,1270
2026-01-20T10:00:00Z,39831.93,39915.92,39696.51,39840.23,999
2026-01-20T11:00:00Z,39840.23,40056.65,39744.62,39920.92,1290
2026-01-20T12:00:00Z,39920.92,39964.83,39817.37,39901.16,728
2026-01-20T13:00:00Z,39901.16,40012.88,39781.67,39877.37,1342
2026-01-20T14:00:00Z,39877.37,40063.12,39817.56,40043.10,853
2026-01-20T15:00:00Z,40043.10,40183.25,39915.46,40035.56,697
2026-01-20T16:00:00Z,40035.56,40055.57,39919.56,39991.54,1207
2026-01-20T17:00:00Z,39991.54,40043.52,39815.75,39951.58,801
2026-01-20T18:00:00Z,39951.58,40185.75,39871.68,40061.56,1165
2026-01-20T19:00:00Z,40061.56,40191.06,39961.41,40098.84,1072
2026-01-20T20:00:00Z,40098.84,40142.94,39932.56,39932.56,1561
2026-01-20T21:00:00Z,39932.56,40281.14,39904.61,40168.67,1530
2026-01-20T22:00:00Z,40168.67,40319.87,40060.22,40263.51,1113
2026-01-20T23:00:00Z,40263.51,40376.24,40159.12,40223.47,1509
2026-01-21T00:00:00Z,40223.47,40235.53,39962.95,40006.95,1009
2026-01-21T01:00:00Z,40006.95,40038.95,39803.48,39883.24,1467
2026-01-21T02:00:00Z,39883.24,40067.42,39791.51,39943.60,1290
2026-01-21T03:00:00Z,39943.60,40047.45,39864.09,39896.00,1301
2026-01-21T04:00:00Z,39896.00,39903.97,39840.38,39840.38,572
2026-01-21T05:00:00Z,39840.38,39920.77,39760.70,39864.96,822
2026-01-21T06:00:00Z,39864.96,40000.50,39629.64,39724.97,1322
2026-01-21T07:00:00Z,39724.97,39724.97,39598.16,39693.42,874
2026-01-21T08:00:00Z,39693.42,39705.32,39542.18,39589.68,1061
2026-01-21T09:00:00Z,39589.68,39877.72,39573.85,39766.38,801
2026-01-21T10:00:00Z,39766.38,39782.28,39398.31,39485.17,978
2026-01-21T11:00:00Z,39485.17,39621.23,39481.23,39573.75,1186
2026-01-21T12:00:00Z,39573.75,39641.02,39377.93,39401.57,1176
2026-01-21T13:00:00Z,39401.57,39504.01,39039.83,39141.59,530
2026-01-21T14:00:00Z,39141.59,39188.55,38998.56,39010.26,1405
2026-01-21T15:00:00Z,39010.26,39089.87,38990.76,39085.97,687
2026-01-21T16:00:00Z,39085.97,39324.96,39054.71,39277.83,1405
2026-01-21T17:00:00Z,39277.83,39379.95,39068.61,39190.09,874
2026-01-21T18:00:00Z,39190.09,39272.38,39045.24,39170.58,1394
2026-01-21T19:00:00Z,39170.58,39269.52,39033.49,39187.23,1041
2026-01-21T20:00:00Z,39187.23,39326.51,39057.92,39240.19,1551
2026-01-21T21:00:00Z,39240.19,39346.13,39169.55,39208.75,1363
2026-01-21T22:00:00Z,39208.75,39314.61,39029.08,39060.32,1238
2026-01-21T23:00:00Z,39060.32,39064.22,38980.81,38988.60,1197
2026-01-22T00:00:00Z,38988.60,39082.17,38845.67,38982.10,968
2026-01-22T01:00:00Z,38982.10,39194.23,38923.63,39057.53,791
2026-01-22T02:00:00Z,39057.53,39410.06,39018.48,39311.79,582
2026-01-22T03:00:00Z,39311.79,39429.72,39082.44,39156.83,895
2026-01-22T04:00:00Z,39156.83,39160.74,39049.00,39154.71,895
2026-01-22T05:00:00Z,39154.71,39283.92,39059.91,39063.81,1446
2026-01-22T06:00:00Z,39063.81,39321.32,38938.81,39274.20,1093
2026-01-22T07:00:00Z,39274.20,39514.53,39172.09,39380.64,1217
2026-01-22T08:00:00Z,39380.64,39541.88,39364.89,39510.28,864
2026-01-22T09:00:00Z,39510.28,39789.38,39451.02,39694.12,1217
2026-01-22T10:00:00Z,39694.12,39702.05,39609.72,39649.36,1394
2026-01-22T11:00:00Z,39649.36,39738.22,39530.42,39670.78,718
2026-01-22T12:00:00Z,39670.78,39673.03,39583.51,39673.03,978
2026-01-22T13:00:00Z,39673.03,39821.96,39585.75,39687.03,1488
2026-01-22T14:00:00Z,39687.03,39874.47,39651.32,39862.52,936
2026-01-22T15:00:00Z,39862.52,39992.59,39782.80,39976.60,811
2026-01-22T16:00:00Z,39976.60,40182.60,39848.68,40098.40,822
2026-01-22T17:00:00Z,40098.40,40271.87,40090.39,40135.41,582
2026-01-22T18:00:00Z,40135.41,40247.35,40087.25,40207.15,1561
2026-01-22T19:00:00Z,40207.15,40231.27,40082.50,40086.50,1145
2026-01-22T20:00:00Z,40086.50,40150.63,39899.43,39959.36,728
2026-01-22T21:00:00Z,39959.36,40075.24,39782.06,39905.76,1072
2026-01-22T22:00:00Z,39905.76,39993.55,39826.38,39898.19,978
2026-01-22T23:00:00Z,39898.19,40033.84,39747.38,39819.05,1072
2026-01-23T00:00:00Z,39819.05,39858.86,39664.16,39783.51,1186
2026-01-23T01:00:00Z,39783.51,39994.92,39676.10,39863.38,520
2026-01-23T02:00:00Z,39863.38,39923.49,39815.55,39879.63,853
2026-01-23T03:00:00Z,39879.63,39987.69,39799.88,39955.73,853
2026-01-23T04:00:00Z,39955.73,40027.65,39788.39,39868.12,770
2026-01-23T05:00:00Z,39868.12,39992.13,39740.55,39920.28,1301
2026-01-23T06:00:00Z,39920.28,39932.56,39880.36,39920.59,780
2026-01-23T07:00:00Z,39920.59,40048.33,39725.46,39821.03,968
2026-01-23T08:00:00Z,39821.03,39956.89,39801.12,39889.08,1342
2026-01-23T09:00:00Z,39889.08,39988.80,39530.90,39645.87,1134
2026-01-23T10:00:00Z,39645.87,39665.69,39527.26,39594.57,562
2026-01-23T11:00:00Z,39594.57,39662.16,39475.79,39598.81,707
2026-01-23T12:00:00Z,39598.81,39908.74,39579.02,39769.55,1186
2026-01-23T13:00:00Z,39769.55,39841.13,39718.08,39718.08,1134
2026-01-23T14:00:00Z,39718.08,39881.51,39706.17,39833.71,1009
2026-01-23T15:00:00Z,39833.71,39853.62,39798.12,39802.10,1009
2026-01-23T16:00:00Z,39802.10,39897.62,39710.79,39730.65,1103
2026-01-23T17:00:00Z,39730.65,39810.11,39488.79,39623.50,1009
2026-01-23T18:00:00Z,39623.50,39838.14,39488.79,39826.20,551
2026-01-23T19:00:00Z,39826.20,39953.64,39687.11,39750.71,1405
2026-01-23T20:00:00Z,39750.71,39770.58,39552.11,39587.73,1394
2026-01-23T21:00:00Z,39587.73,39738.76,39524.39,39714.94,1207
2026-01-23T22:00:00Z,39714.94,39838.45,39655.37,39739.11,1446
2026-01-23T23:00:00Z,39739.11,39794.74,39635.97,39655.79,822
2026-01-24T00:00:00Z,39655.79,39907.87,39576.48,39832.19,728
2026-01-24T01:00:00Z,39832.19,39885.65,39744.56,39861.74,874
2026-01-24T02:00:00Z,39861.74,39978.91,39793.98,39942.97,822
2026-01-24T03:00:00Z,39942.97,39986.90,39778.09,39797.98,520
2026-01-24T04:00:00Z,39797.98,39849.71,39610.85,39626.70,582
2026-01-24T05:00:00Z,39626.70,39787.77,39587.08,39668.77,1249
2026-01-24T06:00:00Z,39668.77,39748.10,39353.39,39491.61,759
2026-01-24T07:00:00Z,39491.61,39710.90,39436.33,39607.92,635
2026-01-24T08:00:00Z,39607.92,39749.36,39508.91,39654.19,1082
2026-01-24T09:00:00Z,39654.19,40014.96,39535.23,39879.38,1384
2026-01-24T10:00:00Z,39879.38,40191.72,39747.78,40163.61,1041
2026-01-24T11:00:00Z,40163.61,40331.18,40027.06,40331.18,853
2026-01-24T12:00:00Z,40331.18,40351.34,40179.32,40231.62,1103
2026-01-24T13:00:00Z,40231.62,40311.09,40159.21,40234.65,1134
2026-01-24T14:00:00Z,40234.65,40266.83,40095.87,40148.06,1249
2026-01-24T15:00:00Z,40148.06,40210.98,40007.55,40178.84,582
2026-01-24T16:00:00Z,40178.84,40447.80,40038.22,40306.73,801
2026-01-24T17:00:00Z,40306.73,40462.30,40189.85,40345.30,697
2026-01-24T18:00:00Z,40345.30,40470.37,40173.77,40294.65,707
2026-01-24T19:00:00Z,40294.65,40375.23,40230.46,40290.89,1165
2026-01-24T20:00:00Z,40290.89,40367.44,40156.36,40244.89,572
2026-01-24T21:00:00Z,40244.89,40335.95,40184.53,40291.63,1322
2026-01-24T22:00:00Z,40291.63,40485.65,40227.17,40380.67,676
2026-01-24T23:00:00Z,40380.67,40613.85,40267.61,40500.45,1197
2026-01-25T00:00:00Z,40500.45,40620.73,40415.40,40507.31,1561
2026-01-25T01:00:00Z,40507.31,40716.93,40385.79,40643.78,666
2026-01-25T02:00:00Z,40643.78,40745.38,40561.25,40634.39,655
2026-01-25T03:00:00Z,40634.39,40808.01,40614.08,40694.07,791
2026-01-25T04:00:00Z,40694.07,40698.13,40493.56,40517.87,1186
2026-01-25T05:00:00Z,40517.87,40650.33,40501.67,40638.14,645
2026-01-25T06:00:00Z,40638.14,40670.65,40446.14,40555.64,843
2026-01-25T07:00:00Z,40555.64,40611.17,40551.59,40582.77,1290
2026-01-25T08:00:00Z,40582.77,40703.32,40493.49,40634.25,1145
2026-01-25T09:00:00Z,40634.25,40727.70,40454.40,40584.26,1384
2026-01-25T10:00:00Z,40584.26,40722.24,40428.99,40518.12,1426
2026-01-25T11:00:00Z,40518.12,40695.29,40396.57,40597.86,957
2026-01-25T12:00:00Z,40597.86,40666.87,40442.53,40535.76,1478
2026-01-25T13:00:00Z,40535.76,40635.86,40434.43,40546.66,1446
2026-01-25T14:00:00Z,40546.66,40671.14,40514.23,40569.72,1217
2026-01-25T15:00:00Z,40569.72,40646.80,40361.93,40479.31,1457
2026-01-25T16:00:00Z,40479.31,40564.31,40263.92,40385.07,926
2026-01-25T17:00:00Z,40385.07,40529.27,40320.46,40456.45,1509
2026-01-25T18:00:00Z,40456.45,40565.68,40277.53,40358.24,1342
2026-01-25T19:00:00Z,40358.24,40603.33,40273.49,40514.20,645
2026-01-25T20:00:00Z,40514.20,40534.45,40274.44,40330.90,884
2026-01-25T21:00:00Z,40330.90,40600.13,40330.90,40474.66,1207
2026-01-25T22:00:00Z,40474.66,40511.08,40271.41,40287.52,759
2026-01-25T23:00:00Z,40287.52,40504.00,40170.69,40362.74,916
2026-01-26T00:00:00Z,40362.74,40530.53,40282.02,40477.91,624
2026-01-26T01:00:00Z,40477.91,40532.63,40413.15,40500.23,1280
2026-01-26T02:00:00Z,40500.23,40520.48,40364.91,40417.45,1446
2026-01-26T03:00:00Z,40417.45,40593.31,40308.33,40532.52,1020
2026-01-26T04:00:00Z,40532.52,40595.32,40410.93,40575.04,957
2026-01-26T05:00:00Z,40575.04,40688.65,40318.71,40403.55,957
2026-01-26T06:00:00Z,40403.55,40631.90,40270.22,40502.30,635
2026-01-26T07:00:00Z,40502.30,40526.60,40307.13,40387.90,1499
2026-01-26T08:00:00Z,40387.90,40619.73,40262.70,40534.61,1332
2026-01-26T09:00:00Z,40534.61,40587.30,40399.92,40456.55,1551
2026-01-26T10:00:00Z,40456.55,40704.51,40456.55,40623.27,957
2026-01-26T11:00:00Z,40623.27,40639.51,40436.10,40509.01,707
2026-01-26T12:00:00Z,40509.01,40604.12,40403.69,40559.51,1540
2026-01-26T13:00:00Z,40559.51,40715.27,40551.40,40638.06,1217
2026-01-26T14:00:00Z,40638.06,40947.19,40512.09,40836.94,1530
2026-01-26T15:00:00Z,40836.94,40924.81,40714.43,40851.28,603
2026-01-26T16:00:00Z,40851.28,40875.79,40570.65,40684.56,999
2026-01-26T17:00:00Z,40684.56,41021.57,40672.36,40915.20,905
2026-01-26T18:00:00Z,40915.20,41286.42,40890.66,41158.83,1332
2026-01-26T19:00:00Z,41158.83,41212.33,40896.38,41019.43,957
2026-01-26T20:00:00Z,41019.43,41107.03,40929.19,41065.97,864
2026-01-26T21:00:00Z,41065.97,41160.42,41031.43,41060.17,1020
2026-01-26T22:00:00Z,41060.17,41225.91,41031.43,41106.71,801
2026-01-26T23:00:00Z,41106.71,41127.26,40918.75,40984.32,1530
2026-01-27T00:00:00Z,40984.32,41217.56,40918.75,41090.19,562
2026-01-27T01:00:00Z,41090.19,41237.52,40950.49,41221.04,968
2026-01-27T02:00:00Z,41221.04,41311.72,40998.07,41129.68,697
2026-01-27T03:00:00Z,41129.68,41183.14,40964.59,41104.34,895
2026-01-27T04:00:00Z,41104.34,41235.87,41033.78,41046.09,1530
2026-01-27T05:00:00Z,41046.09,41083.03,40770.63,40860.52,1530
2026-01-27T06:00:00Z,40860.52,41187.48,40815.58,41113.48,936
2026-01-27T07:00:00Z,41113.48,41343.58,41031.26,41244.60,666
2026-01-27T08:00:00Z,41244.60,41248.72,41037.40,41037.40,1145
2026-01-27T09:00:00Z,41037.40,41156.40,40860.21,40913.39,603
2026-01-27T10:00:00Z,40913.39,41101.34,40811.11,41015.21,530
2026-01-27T11:00:00Z,41015.21,41047.42,41002.91,41035.11,718
2026-01-27T12:00:00Z,41035.11,41256.69,40932.53,41203.13,1020
2026-01-27T13:00:00Z,41203.13,41371.84,41112.49,41285.15,1124
2026-01-27T14:00:00Z,41285.15,41309.92,40995.37,41081.64,749
2026-01-27T15:00:00Z,41081.64,41159.69,40908.25,40961.49,603
2026-01-27T16:00:00Z,40961.49,40969.68,40731.39,40849.85,1061
2026-01-27T17:00:00Z,40849.85,40968.31,40664.79,40681.06,1113
2026-01-27T18:00:00Z,40681.06,41015.38,40571.23,40966.23,1301
2026-01-27T19:00:00Z,40966.23,41101.00,40937.56,41002.60,624
2026-01-27T20:00:00Z,41002.60,41137.67,40937.00,41071.96,1020
2026-01-27T21:00:00Z,41071.96,41158.21,40919.34,41054.82,551
2026-01-27T22:00:00Z,41054.82,41272.59,41054.82,41165.56,572
2026-01-27T23:00:00Z,41165.56,41210.84,41131.86,41131.86,1041
2026-01-28T00:00:00Z,41131.86,41396.15,41070.17,41321.78,562
2026-01-28T01:00:00Z,41321.78,41379.63,41219.23,41264.62,1134
2026-01-28T02:00:00Z,41264.62,41371.90,41133.36,41228.18,1551
2026-01-28T03:00:00Z,41228.18,41393.72,41158.10,41385.45,1353
2026-01-28T04:00:00Z,41385.45,41813.03,41368.90,41687.97,1259
2026-01-28T05:00:00Z,41687.97,41955.66,41637.95,41821.84,1519
2026-01-28T06:00:00Z,41821.84,42098.64,41742.38,41997.85,853
2026-01-28T07:00:00Z,41997.85,42073.44,41834.90,41918.73,1197
2026-01-28T08:00:00Z,41918.73,42196.12,41830.71,42082.50,1374
2026-01-28T09:00:00Z,42082.50,42179.83,41977.30,42099.85,676
2026-01-28T10:00:00Z,42099.85,42146.15,41982.68,42054.17,1457
2026-01-28T11:00:00Z,42054.17,42155.61,41911.19,42100.88,1332
2026-01-28T12:00:00Z,42100.88,42189.29,41749.03,41849.46,936
2026-01-28T13:00:00Z,41849.46,41904.43,41715.55,41866.75,999
2026-01-28T14:00:00Z,41866.75,42000.72,41708.32,41854.81,603
2026-01-28T15:00:00Z,41854.81,41871.55,41667.65,41734.42,1051
2026-01-28T16:00:00Z,41734.42,41793.42,41717.73,41751.67,530
2026-01-28T17:00:00Z,41751.67,41860.22,41614.63,41735.66,562
2026-01-28T18:00:00Z,41735.66,41835.82,41619.53,41719.65,1134
2026-01-28T19:00:00Z,41719.65,41903.51,41682.11,41844.93,1415
2026-01-28T20:00:00Z,41844.93,41987.20,41653.78,41720.53,718
2026-01-28T21:00:00Z,41720.53,41837.78,41628.75,41783.47,1041
2026-01-28T22:00:00Z,41783.47,41867.52,41733.33,41821.52,843
2026-01-28T23:00:00Z,41821.52,41993.46,41704.42,41884.57,978
2026-01-29T00:00:00Z,41884.57,42026.97,41741.64,41808.53,1436
2026-01-29T01:00:00Z,41808.53,42025.67,41720.74,41879.10,530
2026-01-29T02:00:00Z,41879.10,41916.79,41720.10,41778.59,1124
2026-01-29T03:00:00Z,41778.59,41824.54,41665.81,41770.23,530
2026-01-29T04:00:00Z,41770.23,42007.94,41624.04,41882.30,1020
2026-01-29T05:00:00Z,41882.30,41982.76,41798.54,41894.79,739
2026-01-29T06:00:00Z,41894.79,42078.29,41894.79,42002.69,988
2026-01-29T07:00:00Z,42002.69,42174.55,41922.89,42048.41,1509
2026-01-29T08:00:00Z,42048.41,42232.61,41951.70,42127.30,1270
2026-01-29T09:00:00Z,42127.30,42207.34,41868.92,41986.48,614
2026-01-29T10:00:00Z,41986.48,41990.67,41882.62,41958.14,1311
2026-01-29T11:00:00Z,41958.14,42121.92,41870.03,41991.75,1478
2026-01-29T12:00:00Z,41991.75,42071.53,41809.19,41934.99,1061
2026-01-29T13:00:00Z,41934.99,41951.76,41877.91,41911.43,1478
2026-01-29T14:00:00Z,41911.43,42048.16,41903.05,42022.95,1467
2026-01-29T15:00:00Z,42022.95,42392.07,41976.73,42269.49,1311
2026-01-29T16:00:00Z,42269.49,42307.53,42024.49,42159.40,645
2026-01-29T17:00:00Z,42159.40,42256.36,42004.98,42148.28,947
2026-01-29T18:00:00Z,42148.28,42439.87,42047.13,42308.72,853
2026-01-29T19:00:00Z,42308.72,42644.08,42202.95,42567.46,1342
2026-01-29T20:00:00Z,42567.46,42832.00,42482.33,42810.60,1530
2026-01-29T21:00:00Z,42810.60,42853.41,42564.84,42654.41,1415
2026-01-29T22:00:00Z,42654.41,42782.37,42428.75,42569.22,1332
2026-01-29T23:00:00Z,42569.22,43010.49,42530.91,42860.48,770
2026-01-30T00:00:00Z,42860.48,42954.77,42707.98,42712.25,1082
2026-01-30T01:00:00Z,42712.25,42945.02,42665.27,42846.48,791
2026-01-30T02:00:00Z,42846.48,42940.74,42711.40,42801.28,1301
2026-01-30T03:00:00Z,42801.28,42995.84,42737.08,42858.70,1384
2026-01-30T04:00:00Z,42858.70,43006.30,42785.85,42894.78,1228
2026-01-30T05:00:00Z,42894.78,42916.22,42657.29,42781.35,1249
2026-01-30T06:00:00Z,42781.35,42858.35,42532.21,42587.57,1426
2026-01-30T07:00:00Z,42587.57,42621.64,42521.91,42551.69,593
2026-01-30T08:00:00Z,42551.69,42692.11,42477.53,42532.82,1061
2026-01-30T09:00:00Z,42532.82,42687.30,42494.55,42665.97,1259
2026-01-30T10:00:00Z,42665.97,42991.35,42555.04,42867.04,1145
2026-01-30T11:00:00Z,42867.04,43031.82,42832.75,42903.12,1519
2026-01-30T12:00:00Z,42903.12,42976.05,42789.64,42883.98,1145
2026-01-30T13:00:00Z,42883.98,42939.72,42737.39,42771.60,1103
2026-01-30T14:00:00Z,42771.60,42914.94,42741.66,42782.32,1009
2026-01-30T15:00:00Z,42782.32,42786.59,42598.12,42662.11,759
2026-01-30T16:00:00Z,42662.11,42755.96,42487.69,42496.18,770
2026-01-30T17:00:00Z,42496.18,42646.98,42385.69,42540.63,1093
2026-01-30T18:00:00Z,42540.63,42619.08,42413.01,42589.27,1436
2026-01-30T19:00:00Z,42589.27,42682.96,42537.29,42541.54,687
2026-01-30T20:00:00Z,42541.54,42783.96,42392.65,42715.62,1155
2026-01-30T21:00:00Z,42715.62,42826.68,42460.88,42554.49,1353
2026-01-30T22:00:00Z,42554.49,42665.13,42350.30,42481.99,520
2026-01-30T23:00:00Z,42481.99,42615.55,42477.75,42534.74,853
2026-01-31T00:00:00Z,42534.74,42590.00,42411.39,42538.96,1374
2026-01-31T01:00:00Z,42538.96,42837.15,42445.38,42709.03,1530
2026-01-31T02:00:00Z,42709.03,42785.85,42679.14,42721.77,614
2026-01-31T03:00:00Z,42721.77,42768.76,42414.76,42508.27,551
2026-01-31T04:00:00Z,42508.27,42640.04,42380.91,42444.57,1072
2026-01-31T05:00:00Z,42444.57,42593.12,42165.12,42308.97,1290
2026-01-31T06:00:00Z,42308.97,42452.82,42089.50,42203.44,884
2026-01-31T07:00:00Z,42203.44,42401.83,42173.90,42334.10,603
2026-01-31T08:00:00Z,42334.10,42482.31,42312.94,42389.06,1103
2026-01-31T09:00:00Z,42389.06,42473.87,42338.20,42389.10,988
2026-01-31T10:00:00Z,42389.10,42546.00,42283.13,42401.84,1207
2026-01-31T11:00:00Z,42401.84,42423.04,42232.72,42321.59,1217
2026-01-31T12:00:00Z,42321.59,42634.74,42245.42,42502.99,728
2026-01-31T13:00:00Z,42502.99,42677.11,42481.74,42591.93,832
2026-01-31T14:00:00Z,42591.93,42732.16,42523.79,42689.48,687
2026-01-31T15:00:00Z,42689.48,42826.08,42604.47,42604.47,864
2026-01-31T16:00:00Z,42604.47,42651.33,42472.85,42532.39,530
2026-01-31T17:00:00Z,42532.39,42579.17,42413.85,42443.56,926
2026-01-31T18:00:00Z,42443.56,42524.27,42405.37,42443.63,1186
2026-01-31T19:00:00Z,42443.63,42587.93,42325.09,42414.15,1426
2026-01-31T20:00:00Z,42414.15,42612.74,42278.43,42574.43,1415
2026-01-31T21:00:00Z,42574.43,42587.20,42383.79,42464.47,614
2026-01-31T22:00:00Z,42464.47,42604.55,42439.00,42494.07,697
2026-01-31T23:00:00Z,42494.07,42579.05,42118.56,42202.96,1124
2026-02-01T00:00:00Z,42202.96,42316.90,42133.99,42176.16,1093
2026-02-01T01:00:00Z,42176.16,42284.42,42176.16,42225.31,968
2026-02-01T02:00:00Z,42225.31,42233.75,41920.71,42013.13,1540
2026-02-01T03:00:00Z,42013.13,42167.26,41882.89,42104.11,843
2026-02-01T04:00:00Z,42104.11,42304.93,42099.90,42161.59,822
2026-02-01T05:00:00Z,42161.59,42315.96,42022.46,42269.47,864
2026-02-01T06:00:00Z,42269.47,42390.68,42201.84,42276.54,1082
2026-02-01T07:00:00Z,42276.54,42410.26,42251.18,42334.06,1405
2026-02-01T08:00:00Z,42334.06,42413.10,42266.33,42345.35,895
2026-02-01T09:00:00Z,42345.35,42349.58,42204.57,42318.83,1238
2026-02-01T10:00:00Z,42318.83,42582.57,42179.18,42531.54,1446
2026-02-01T11:00:00Z,42531.54,42614.40,42527.29,42614.40,1311
2026-02-01T12:00:00Z,42614.40,42759.28,42452.40,42490.64,551
2026-02-01T13:00:00Z,42490.64,42584.11,42312.01,42405.30,655
2026-02-01T14:00:00Z,42405.30,42439.22,42293.99,42395.73,1134
2026-02-01T15:00:00Z,42395.73,42676.37,42306.70,42595.44,1197
2026-02-01T16:00:00Z,42595.44,42642.29,42522.23,42560.53,1478
2026-02-01T17:00:00Z,42560.53,42686.50,42492.44,42597.05,1082
2026-02-01T18:00:00Z,42597.05,42756.38,42533.16,42688.08,1259
2026-02-01T19:00:00Z,42688.08,42801.07,42671.01,42749.78,926
2026-02-01T20:00:00Z,42749.78,42884.28,42698.49,42811.51,614
2026-02-01T21:00:00Z,42811.51,42945.40,42738.74,42911.08,864
2026-02-01T22:00:00Z,42911.08,43232.52,42893.92,43111.81,1041
2026-02-01T23:00:00Z,43111.81,43221.99,43077.33,43131.42,1207
2026-02-02T00:00:00Z,43131.42,43234.06,43019.28,43152.08,603
2026-02-02T01:00:00Z,43152.08,43358.51,43147.77,43297.90,572
2026-02-02T02:00:00Z,43297.90,43341.19,43171.46,43292.67,947
2026-02-02T03:00:00Z,43292.67,43551.91,43201.76,43412.99,1353
2026-02-02T04:00:00Z,43412.99,43568.51,43317.49,43498.92,947
2026-02-02T05:00:00Z,43498.92,43546.76,43337.12,43484.96,864
2026-02-02T06:00:00Z,43484.96,43675.59,43432.78,43605.83,1551
2026-02-02T07:00:00Z,43605.83,43741.00,43426.26,43565.67,1124
2026-02-02T08:00:00Z,43565.67,43718.14,43451.51,43564.77,957
2026-02-02T09:00:00Z,43564.77,43664.12,43442.79,43594.37,791
2026-02-02T10:00:00Z,43594.37,43754.84,43555.14,43741.72,1426
2026-02-02T11:00:00Z,43741.72,43845.86,43711.11,43815.19,1197
2026-02-02T12:00:00Z,43815.19,43950.21,43797.67,43910.70,770
2026-02-02T13:00:00Z,43910.70,44090.03,43774.58,44006.42,603
2026-02-02T14:00:00Z,44006.42,44261.13,43914.01,44111.16,1270
2026-02-02T15:00:00Z,44111.16,44331.06,44071.46,44180.85,1509
2026-02-02T16:00:00Z,44180.85,44387.79,44127.84,44232.98,978
2026-02-02T17:00:00Z,44232.98,44286.05,44099.46,44187.83,1509
2026-02-02T18:00:00Z,44187.83,44307.13,43882.50,44027.79,624
2026-02-02T19:00:00Z,44027.79,44119.39,43886.91,44110.57,864
2026-02-02T20:00:00Z,44110.57,44162.62,44097.34,44149.38,687
2026-02-02T21:00:00Z,44149.38,44303.90,43940.94,43949.72,1259
2026-02-02T22:00:00Z,43949.72,43998.06,43716.14,43825.70,884
2026-02-02T23:00:00Z,43825.70,43904.58,43570.77,43623.11,895
2026-02-03T00:00:00Z,43623.11,43688.54,43398.95,43451.09,874
2026-02-03T01:00:00Z,43451.09,43610.05,43325.09,43470.95,1134
2026-02-03T02:00:00Z,43470.95,43479.64,43260.66,43399.53,1186
2026-02-03T03:00:00Z,43399.53,43441.07,43382.18,43423.71,1238
2026-02-03T04:00:00Z,43423.71,43647.90,43410.69,43560.78,530
2026-02-03T05:00:00Z,43560.78,43689.58,43482.38,43676.48,1405
2026-02-03T06:00:00Z,43676.48,43715.78,43460.89,43547.98,1197
2026-02-03T07:00:00Z,43547.98,43608.94,43411.24,43498.23,978
2026-02-03T08:00:00Z,43498.23,43624.37,43422.46,43435.49,1207
2026-02-03T09:00:00Z,43435.49,43577.04,43352.97,43481.39,645
2026-02-03T10:00:00Z,43481.39,43653.53,43403.13,43592.51,1332
2026-02-03T11:00:00Z,43592.51,43666.61,43486.05,43581.93,801
2026-02-03T12:00:00Z,43581.93,43689.03,43551.43,43597.48,530
2026-02-03T13:00:00Z,43597.48,43761.30,43588.77,43613.02,1363
2026-02-03T14:00:00Z,43613.02,43755.07,43604.30,43615.51,697
2026-02-03T15:00:00Z,43615.51,43746.35,43235.14,43356.53,707
2026-02-03T16:00:00Z,43356.53,43469.25,43233.39,43233.39,728
2026-02-03T17:00:00Z,43233.39,43261.80,43229.07,43253.15,1009
2026-02-03T18:00:00Z,43253.15,43393.94,43158.00,43380.93,1072
2026-02-03T19:00:00Z,43380.93,43424.31,43279.42,43331.41,936
2026-02-03T20:00:00Z,43331.41,43567.97,43318.42,43494.04,530
2026-02-03T21:00:00Z,43494.04,43640.02,43454.90,43600.78,1457
2026-02-03T22:00:00Z,43600.78,43701.06,43442.15,43546.66,1540
2026-02-03T23:00:00Z,43546.66,43623.10,43520.54,43614.38,895
2026-02-04T00:00:00Z,43614.38,43684.16,43451.54,43516.81,957
2026-02-04T01:00:00Z,43516.81,43629.95,43432.47,43502.07,843
2026-02-04T02:00:00Z,43502.07,43510.77,43299.99,43312.98,614
2026-02-04T03:00:00Z,43312.98,43408.26,43038.00,43102.65,926
2026-02-04T04:00:00Z,43102.65,43115.58,42863.26,42940.55,603
2026-02-04T05:00:00Z,42940.55,42968.61,42833.20,42951.43,1228
2026-02-04T06:00:00Z,42951.43,43033.03,42773.11,42888.91,541
2026-02-04T07:00:00Z,42888.91,42977.38,42880.34,42938.74,988
2026-02-04T08:00:00Z,42938.74,43063.26,42738.98,42876.18,1342
2026-02-04T09:00:00Z,42876.18,43202.41,42811.87,43056.02,978
2026-02-04T10:00:00Z,43056.02,43172.27,42899.24,43045.59,530
2026-02-04T11:00:00Z,43045.59,43105.85,42848.62,42891.51,1103
2026-02-04T12:00:00Z,42891.51,43037.34,42829.47,42872.34,884
2026-02-04T13:00:00Z,42872.34,42958.08,42836.22,42866.22,853
2026-02-04T14:00:00Z,42866.22,43058.85,42836.22,42951.48,1020
2026-02-04T15:00:00Z,42951.48,43011.61,42721.12,42858.26,1228
2026-02-04T16:00:00Z,42858.26,43008.26,42645.21,42756.37,1426
2026-02-04T17:00:00Z,42756.37,42923.83,42735.00,42885.24,1457
2026-02-04T18:00:00Z,42885.24,43077.82,42760.88,42936.14,1103
2026-02-04T19:00:00Z,42936.14,42966.19,42708.61,42777.05,707
2026-02-04T20:00:00Z,42777.05,42815.54,42710.36,42727.45,728
2026-02-04T21:00:00Z,42727.45,43090.96,42659.09,42979.22,988
2026-02-04T22:00:00Z,42979.22,43046.93,42936.25,42986.75,1041
2026-02-04T23:00:00Z,42986.75,43077.81,42969.56,43069.20,1228
2026-02-05T00:00:00Z,43069.20,43116.57,42961.06,43064.41,687
2026-02-05T01:00:00Z,43064.41,43301.13,43021.35,43158.71,968
2026-02-05T02:00:00Z,43158.71,43348.39,43081.03,43218.74,1384
2026-02-05T03:00:00Z,43218.74,43236.02,42829.84,42958.71,1457
2026-02-05T04:00:00Z,42958.71,43113.04,42877.09,43001.24,635
2026-02-05T05:00:00Z,43001.24,43099.79,42880.84,43039.54,1519
2026-02-05T06:00:00Z,43039.54,43349.76,42914.73,43341.10,603
2026-02-05T07:00:00Z,43341.10,43397.44,43197.76,43314.70,968
2026-02-05T08:00:00Z,43314.70,43319.03,43084.80,43223.11,1041
2026-02-05T09:00:00Z,43223.11,43356.94,43188.54,43257.45,811
2026-02-05T10:00:00Z,43257.45,43495.81,43140.66,43370.04,832
2026-02-05T11:00:00Z,43370.04,43513.16,43226.54,43321.84,530
2026-02-05T12:00:00Z,43321.84,43339.16,43243.41,43282.36,947
2026-02-05T13:00:00Z,43282.36,43316.98,43087.04,43195.02,811
2026-02-05T14:00:00Z,43195.02,43294.55,43186.39,43281.57,801
2026-02-05T15:00:00Z,43281.57,43525.09,43281.57,43485.96,874
2026-02-05T16:00:00Z,43485.96,43752.51,43390.30,43660.83,520
2026-02-05T17:00:00Z,43660.83,43691.39,43529.10,43559.59,1176
2026-02-05T18:00:00Z,43559.59,43769.17,43411.49,43620.86,1270
2026-02-05T19:00:00Z,43620.86,43747.28,43599.05,43625.13,1113
2026-02-05T20:00:00Z,43625.13,43725.52,43564.06,43642.60,1061
2026-02-05T21:00:00Z,43642.60,43712.42,43511.47,43624.89,551
2026-02-05T22:00:00Z,43624.89,43738.35,43607.45,43637.99,1374
2026-02-05T23:00:00Z,43637.99,43747.08,43616.01,43629.09,1280
2026-02-06T00:00:00Z,43629.09,43862.20,43572.38,43709.22,1415
2026-02-06T01:00:00Z,43709.22,43925.33,43595.58,43780.86,947
2026-02-06T02:00:00Z,43780.86,43861.48,43767.73,43843.95,635
2026-02-06T03:00:00Z,43843.95,43929.12,43712.42,43880.86,1509
2026-02-06T04:00:00Z,43880.86,43988.19,43766.77,43948.64,603
2026-02-06T05:00:00Z,43948.64,44086.80,43834.38,43959.32,1488
2026-02-06T06:00:00Z,43959.32,44051.63,43714.92,43824.48,645
2026-02-06T07:00:00Z,43824.48,43923.06,43710.54,43905.50,770
2026-02-06T08:00:00Z,43905.50,43936.23,43582.30,43730.98,728
2026-02-06T09:00:00Z,43730.98,43744.09,43526.62,43574.55,1082
2026-02-06T10:00:00Z,43574.55,43851.94,43491.76,43703.35,811
2026-02-06T11:00:00Z,43703.35,43880.55,43559.13,43771.13,759
2026-02-06T12:00:00Z,43771.13,43902.44,43641.40,43715.71,1072
2026-02-06T13:00:00Z,43715.71,43859.97,43528.94,43603.06,1186
2026-02-06T14:00:00Z,43603.06,43784.77,43594.34,43732.30,666
2026-02-06T15:00:00Z,43732.30,43876.61,43550.33,43698.90,1405
2026-02-06T16:00:00Z,43698.90,43768.81,43464.10,43586.14,968
2026-02-06T17:00:00Z,43586.14,43616.65,43360.87,43513.16,916
2026-02-06T18:00:00Z,43513.16,43587.13,43138.60,43238.04,603
2026-02-06T19:00:00Z,43238.04,43418.22,43121.30,43340.21,791
2026-02-06T20:00:00Z,43340.21,43367.93,43292.54,43341.93,1509
2026-02-06T21:00:00Z,43341.93,43363.60,43098.22,43106.84,780
2026-02-06T22:00:00Z,43106.84,43160.73,42994.77,43152.10,968
2026-02-06T23:00:00Z,43152.10,43208.19,42910.93,43035.73,1228
2026-02-07T00:00:00Z,43035.73,43250.21,43014.22,43150.97,1124
2026-02-07T01:00:00Z,43150.97,43237.27,42981.81,43128.44,1540
2026-02-07T02:00:00Z,43128.44,43295.74,43119.82,43149.04,1020
2026-02-07T03:00:00Z,43149.04,43226.70,43035.96,43122.20,1103
2026-02-07T04:00:00Z,43122.20,43203.18,43031.65,43134.17,1394
2026-02-07T05:00:00Z,43134.17,43215.14,43082.41,43210.82,1145
2026-02-07T06:00:00Z,43210.82,43244.41,43154.65,43240.09,1061
2026-02-07T07:00:00Z,43240.09,43490.20,43110.37,43347.16,801
2026-02-07T08:00:00Z,43347.16,43464.19,43056.33,43168.56,1270
2026-02-07T09:00:00Z,43168.56,43311.01,43051.17,43115.84,1020
2026-02-07T10:00:00Z,43115.84,43163.26,42882.45,42951.17,603
2026-02-07T11:00:00Z,42951.17,43221.04,42921.11,43130.47,1072
2026-02-07T12:00:00Z,43130.47,43297.80,43044.21,43194.14,676
2026-02-07T13:00:00Z,43194.14,43379.02,43099.12,43262.22,1030
2026-02-07T14:00:00Z,43262.22,43275.19,43096.99,43231.00,1332
2026-02-07T15:00:00Z,43231.00,43320.82,43148.87,43273.22,853
2026-02-07T16:00:00Z,43273.22,43441.06,43139.08,43358.68,1561
2026-02-07T17:00:00Z,43358.68,43431.36,43232.94,43414.00,759
2026-02-07T18:00:00Z,43414.00,43682.34,43370.59,43577.76,1457
2026-02-07T19:00:00Z,43577.76,43729.17,43525.47,43702.95,718
2026-02-07T20:00:00Z,43702.95,43784.94,43659.25,43745.57,1384
2026-02-07T21:00:00Z,43745.57,43950.25,43623.09,43827.54,1519
2026-02-07T22:00:00Z,43827.54,44168.65,43788.10,44032.16,811
2026-02-07T23:00:00Z,44032.16,44291.02,43895.67,44176.17,936
2026-02-08T00:00:00Z,44176.17,44359.86,44034.81,44342.13,1051
2026-02-08T01:00:00Z,44342.13,44457.41,44291.53,44304.82,968
2026-02-08T02:00:00Z,44304.82,44418.30,44154.19,44409.42,530
2026-02-08T03:00:00Z,44409.42,44688.03,44262.87,44545.49,864
2026-02-08T04:00:00Z,44545.49,44637.47,44532.13,44619.63,582
2026-02-08T05:00:00Z,44619.63,44837.07,44566.09,44720.80,1405
2026-02-08T06:00:00Z,44720.80,44792.35,44436.96,44468.08,1280
2026-02-08T07:00:00Z,44468.08,44552.56,44359.51,44403.91,1124
2026-02-08T08:00:00Z,44403.91,44540.25,44319.55,44500.20,1301
2026-02-08T09:00:00Z,44500.20,44566.95,44404.81,44427.02,1467
2026-02-08T10:00:00Z,44427.02,44536.81,44280.42,44519.01,916
2026-02-08T11:00:00Z,44519.01,44597.71,44398.81,44562.07,843
2026-02-08T12:00:00Z,44562.07,44624.45,44283.36,44349.88,624
2026-02-08T13:00:00Z,44349.88,44394.22,44076.88,44156.36,1499
2026-02-08T14:00:00Z,44156.36,44313.69,44143.12,44172.34,905
2026-02-08T15:00:00Z,44172.34,44320.82,44057.50,44179.45,530
2026-02-08T16:00:00Z,44179.45,44332.34,44073.42,44182.13,1020
2026-02-08T17:00:00Z,44182.13,44208.63,44074.19,44153.66,1051
2026-02-08T18:00:00Z,44153.66,44299.36,44028.18,44134.10,957
2026-02-08T19:00:00Z,44134.10,44288.56,43809.27,43954.31,687
2026-02-08T20:00:00Z,43954.31,44051.00,43762.75,43846.05,1134
2026-02-08T21:00:00Z,43846.05,43953.84,43771.52,43848.61,1103
2026-02-08T22:00:00Z,43848.61,43874.91,43706.00,43789.19,530
2026-02-08T23:00:00Z,43789.19,43972.08,43776.06,43853.68,1217
2026-02-09T00:00:00Z,43853.68,43853.68,43772.81,43777.18,728
2026-02-09T01:00:00Z,43777.18,43946.12,43645.85,43880.30,978
2026-02-09T02:00:00Z,43880.30,43998.77,43606.77,43742.37,853
2026-02-09T03:00:00Z,43742.37,43799.23,43399.98,43521.84,1103
2026-02-09T04:00:00Z,43521.84,43607.00,43478.32,43589.57,1155
2026-02-09T05:00:00Z,43589.57,43668.03,43396.04,43396.04,718
2026-02-09T06:00:00Z,43396.04,43504.53,43342.15,43381.19,520
2026-02-09T07:00:00Z,43381.19,43467.95,43158.37,43162.68,884
2026-02-09T08:00:00Z,43162.68,43300.80,42962.63,42975.52,749
2026-02-09T09:00:00Z,42975.52,43179.81,42838.00,43171.18,614
2026-02-09T10:00:00Z,43171.18,43294.46,43028.72,43272.83,1540
2026-02-09T11:00:00Z,43272.83,43346.39,43175.83,43271.02,541
2026-02-09T12:00:00Z,43271.02,43528.93,43236.41,43416.05,551
2026-02-09T13:00:00Z,43416.05,43424.73,43344.77,43409.88,864
2026-02-09T14:00:00Z,43409.88,43529.60,43331.75,43425.38,1446
2026-02-09T15:00:00Z,43425.38,43507.88,43198.35,43276.24,707
2026-02-09T16:00:00Z,43276.24,43421.29,43219.99,43403.93,1030
2026-02-09T17:00:00Z,43403.93,43592.95,43390.91,43518.97,1082
2026-02-09T18:00:00Z,43518.97,43669.41,43427.59,43556.17,1342
2026-02-09T19:00:00Z,43556.17,43591.01,43337.14,43445.75,1030
2026-02-09T20:00:00Z,43445.75,43621.57,43437.07,43608.49,1061
2026-02-09T21:00:00Z,43608.49,43654.46,43503.83,43645.74,572
2026-02-09T22:00:00Z,43645.74,43759.21,43556.59,43643.87,1009
2026-02-09T23:00:00Z,43643.87,43648.23,43354.95,43502.85,864
2026-02-10T00:00:00Z,43502.85,43520.25,43168.98,43238.16,1217
2026-02-10T01:00:00Z,43238.16,43333.28,43013.91,43113.07,1311
2026-02-10T02:00:00Z,43113.07,43217.08,43052.72,43173.91,1270
2026-02-10T03:00:00Z,43173.91,43242.98,42846.04,42944.81,1561
2026-02-10T04:00:00Z,42944.81,43039.28,42863.13,42863.13,1103
2026-02-10T05:00:00Z,42863.13,42970.28,42657.36,42768.55,1561
2026-02-10T06:00:00Z,42768.55,42884.02,42567.57,42717.07,1290
2026-02-10T07:00:00Z,42717.07,42794.29,42576.11,42734.47,1270
2026-02-10T08:00:00Z,42734.47,42798.98,42700.29,42751.96,1446
2026-02-10T09:00:00Z,42751.96,42777.61,42468.92,42583.89,1186
2026-02-10T10:00:00Z,42583.89,42669.05,42519.60,42528.10,853
2026-02-10T11:00:00Z,42528.10,42716.30,42498.34,42588.54,739
2026-02-10T12:00:00Z,42588.54,42733.34,42507.72,42571.57,822
2026-02-10T13:00:00Z,42571.57,42669.48,42482.28,42554.62,520
2026-02-10T14:00:00Z,42554.62,42622.70,42305.13,42343.23,1436
2026-02-10T15:00:00Z,42343.23,42466.02,42189.91,42270.22,1384
2026-02-10T16:00:00Z,42270.22,42398.55,42215.27,42343.51,624
2026-02-10T17:00:00Z,42343.51,42643.77,42216.48,42507.75,1311
2026-02-10T18:00:00Z,42507.75,42575.76,42439.35,42460.58,1332
2026-02-10T19:00:00Z,42460.58,42550.75,42439.35,42482.78,1436
2026-02-10T20:00:00Z,42482.78,42622.97,42345.65,42396.52,1290
2026-02-10T21:00:00Z,42396.52,42619.78,42320.21,42483.84,1093
2026-02-10T22:00:00Z,42483.84,42509.33,42271.54,42279.99,1228
2026-02-10T23:00:00Z,42279.99,42450.49,42267.31,42310.87,635
2026-02-11T00:00:00Z,42310.87,42489.01,42162.79,42387.29,853
2026-02-11T01:00:00Z,42387.29,42438.37,42315.24,42417.17,1551
2026-02-11T02:00:00Z,42417.17,42468.07,42391.96,42413.16,1519
2026-02-11T03:00:00Z,42413.16,42544.82,42358.03,42489.59,843
2026-02-11T04:00:00Z,42489.59,42681.04,42485.35,42532.18,1394
2026-02-11T05:00:00Z,42532.18,42562.11,42476.89,42545.10,1217
2026-02-11T06:00:00Z,42545.10,42711.11,42443.00,42613.10,1041
2026-02-11T07:00:00Z,42613.10,42740.93,42337.70,42363.11,791
2026-02-11T08:00:00Z,42363.11,42532.74,42261.44,42426.68,572
2026-02-11T09:00:00Z,42426.68,42490.32,42236.58,42380.67,1353
2026-02-11T10:00:00Z,42380.67,42491.23,42334.06,42389.50,1217
2026-02-11T11:00:00Z,42389.50,42525.23,42347.12,42448.83,832
2026-02-11T12:00:00Z,42448.83,42529.64,42321.49,42482.91,718
2026-02-11T13:00:00Z,42482.91,42499.90,42083.05,42213.91,947
2026-02-11T14:00:00Z,42213.91,42302.55,42021.57,42114.22,1363
2026-02-11T15:00:00Z,42114.22,42160.99,42114.22,42139.93,1238
2026-02-11T16:00:00Z,42139.93,42160.99,41894.37,41961.50,1228
2026-02-11T17:00:00Z,41961.50,42007.65,41845.40,41925.05,1155
2026-02-11T18:00:00Z,41925.05,42004.70,41772.82,41772.82,541
2026-02-11T19:00:00Z,41772.82,41918.28,41664.22,41905.71,770
2026-02-11T20:00:00Z,41905.71,41989.61,41800.95,41968.63,562
2026-02-11T21:00:00Z,41968.63,42086.14,41682.97,41804.20,811
2026-02-11T22:00:00Z,41804.20,41858.54,41696.73,41797.04,1290
2026-02-11T23:00:00Z,41797.04,41967.67,41751.07,41917.37,1436
2026-02-12T00:00:00Z,41917.37,42037.18,41837.73,41978.42,1165
2026-02-12T01:00:00Z,41978.42,42194.89,41974.23,42161.17,1155
2026-02-12T02:00:00Z,42161.17,42266.57,42100.27,42117.11,822
2026-02-12T03:00:00Z,42117.11,42233.05,42091.84,42199.30,1499
2026-02-12T04:00:00Z,42199.30,42292.13,41999.41,42125.78,1322
2026-02-12T05:00:00Z,42125.78,42216.55,42020.47,42136.50,1519
2026-02-12T06:00:00Z,42136.50,42239.74,42094.37,42214.42,1259
2026-02-12T07:00:00Z,42214.42,42258.84,42151.10,42241.95,968
2026-02-12T08:00:00Z,42241.95,42250.39,42210.52,42231.63,780
2026-02-12T09:00:00Z,42231.63,42536.79,42172.51,42511.29,1499
2026-02-12T10:00:00Z,42511.29,42643.07,42369.21,42479.65,1332
2026-02-12T11:00:00Z,42479.65,42577.35,42363.63,42367.86,1415
2026-02-12T12:00:00Z,42367.86,42632.30,42333.97,42509.03,1561
2026-02-12T13:00:00Z,42509.03,42778.44,42364.50,42654.75,1082
2026-02-12T14:00:00Z,42654.75,42761.38,42461.46,42584.95,853
2026-02-12T15:00:00Z,42584.95,42704.18,42494.16,42506.91,1332
2026-02-12T16:00:00Z,42506.91,42678.54,42392.15,42601.86,1041
2026-02-12T17:00:00Z,42601.86,42661.50,42497.77,42587.20,1301
2026-02-12T18:00:00Z,42587.20,42602.12,42561.65,42597.87,1082
2026-02-12T19:00:00Z,42597.87,42786.13,42482.86,42747.66,593
2026-02-12T20:00:00Z,42747.66,42794.68,42469.61,42618.77,1311
2026-02-12T21:00:00Z,42618.77,42704.00,42531.59,42616.82,895
2026-02-12T22:00:00Z,42616.82,42707.91,42523.07,42678.04,864
2026-02-12T23:00:00Z,42678.04,42699.37,42654.82,42671.88,1446
2026-02-13T00:00:00Z,42671.88,42735.88,42348.97,42463.62,624
2026-02-13T01:00:00Z,42463.62,42540.78,42374.45,42477.07,864
2026-02-13T02:00:00Z,42477.07,42494.80,42375.13,42477.81,1124
2026-02-13T03:00:00Z,42477.81,42704.24,42350.38,42580.76,864
2026-02-13T04:00:00Z,42580.76,42726.49,42512.64,42594.45,916
2026-02-13T05:00:00Z,42594.45,42679.63,42407.94,42556.88,1259
2026-02-13T06:00:00Z,42556.88,42681.76,42535.61,42673.23,1457
2026-02-13T07:00:00Z,42673.23,42764.22,42528.15,42730.04,853
2026-02-13T08:00:00Z,42730.04,42794.13,42589.36,42602.14,1082
2026-02-13T09:00:00Z,42602.14,42729.94,42521.69,42525.94,999
2026-02-13T10:00:00Z,42525.94,42693.11,42504.68,42556.93,603
2026-02-13T11:00:00Z,42556.93,42556.93,42421.77,42553.68,1290
2026-02-13T12:00:00Z,42553.68,42630.27,42422.60,42520.39,864
2026-02-13T13:00:00Z,42520.39,42752.75,42397.09,42658.91,614
2026-02-13T14:00:00Z,42658.91,42752.75,42423.72,42474.68,1134
2026-02-13T15:00:00Z,42474.68,42623.34,42274.80,42342.54,1519
2026-02-13T16:00:00Z,42342.54,42419.99,42198.58,42360.69,1009
2026-02-13T17:00:00Z,42360.69,42394.57,42246.53,42293.05,1228
2026-02-13T18:00:00Z,42293.05,42631.53,42246.53,42487.08,718
2026-02-13T19:00:00Z,42487.08,42607.61,42461.59,42509.84,780
2026-02-13T20:00:00Z,42509.84,42603.36,42172.78,42308.16,1488
2026-02-13T21:00:00Z,42308.16,42435.08,42117.71,42223.26,1030
2026-02-13T22:00:00Z,42223.26,42371.04,41929.47,41996.66,697
2026-02-13T23:00:00Z,41996.66,42090.70,41912.67,42036.06,1072
2026-02-14T00:00:00Z,42036.06,42073.89,41860.83,41923.71,1145
2026-02-14T01:00:00Z,41923.71,42045.28,41769.78,41832.52,822
2026-02-14T02:00:00Z,41832.52,41967.58,41757.23,41879.64,707
2026-02-14T03:00:00Z,41879.64,41908.95,41771.66,41771.66,603
2026-02-14T04:00:00Z,41771.66,41961.05,41713.18,41843.89,1072
2026-02-14T05:00:00Z,41843.89,41902.47,41665.08,41798.83,916
2026-02-14T06:00:00Z,41798.83,41907.50,41548.42,41565.04,780
2026-02-14T07:00:00Z,41565.04,41635.70,41424.62,41524.27,1519
2026-02-14T08:00:00Z,41524.27,41600.06,41457.84,41541.91,530
2026-02-14T09:00:00Z,41541.91,41558.52,41384.85,41476.09,1270
2026-02-14T10:00:00Z,41476.09,41635.41,41476.09,41585.51,1499
2026-02-14T11:00:00Z,41585.51,41697.79,41473.77,41498.66,1478
2026-02-14T12:00:00Z,41498.66,41589.95,41441.39,41470.41,1207
2026-02-14T13:00:00Z,41470.41,41662.79,41325.27,41529.90,541
2026-02-14T14:00:00Z,41529.90,41635.25,41471.76,41581.20,1509
2026-02-14T15:00:00Z,41581.20,41647.72,41457.21,41531.96,541
2026-02-14T16:00:00Z,41531.96,41545.49,41403.22,41533.04,770
2026-02-14T17:00:00Z,41533.04,41588.66,41433.37,41588.66,562
2026-02-14T18:00:00Z,41588.66,41725.90,41485.46,41547.78,593
2026-02-14T19:00:00Z,41547.78,41637.05,41464.69,41628.73,1061
2026-02-14T20:00:00Z,41628.73,41801.93,41587.11,41730.99,1363
2026-02-14T21:00:00Z,41730.99,41871.22,41655.88,41829.40,1446
2026-02-14T22:00:00Z,41829.40,42038.12,41691.37,42017.12,1394
2026-02-14T23:00:00Z,42017.12,42069.68,41966.70,42069.68,978
2026-02-15T00:00:00Z,42069.68,42350.17,42052.86,42248.78,593
2026-02-15T01:00:00Z,42248.78,42484.30,42134.71,42340.35,1041
2026-02-15T02:00:00Z,42340.35,42415.45,42331.89,42411.21,1061
2026-02-15T03:00:00Z,42411.21,42419.69,42184.54,42201.42,572
2026-02-15T04:00:00Z,42201.42,42322.56,42062.16,42212.81,1124
2026-02-15T05:00:00Z,42212.81,42242.35,41902.85,42041.58,1311
2026-02-15T06:00:00Z,42041.58,42049.98,41837.64,41917.28,1342
2026-02-15T07:00:00Z,41917.28,41992.73,41752.11,41881.94,1165
2026-02-15T08:00:00Z,41881.94,41998.07,41840.06,41905.88,874
2026-02-15T09:00:00Z,41905.88,41977.11,41778.35,41857.87,1051
2026-02-15T10:00:00Z,41857.87,41953.36,41857.87,41894.71,1446
2026-02-15T11:00:00Z,41894.71,41953.36,41774.68,41787.21,1145
2026-02-15T12:00:00Z,41787.21,41808.10,41643.45,41756.19,936
2026-02-15T13:00:00Z,41756.19,41889.80,41509.70,41563.73,1405
2026-02-15T14:00:00Z,41563.73,41692.57,41369.67,41473.35,1353
2026-02-15T15:00:00Z,41473.35,41556.29,41225.10,41349.14,1311
2026-02-15T16:00:00Z,41349.14,41477.32,41204.12,41212.36,551
2026-02-15T17:00:00Z,41212.36,41261.81,41103.37,41202.25,593
2026-02-15T18:00:00Z,41202.25,41365.12,41099.25,41356.85,582
2026-02-15T19:00:00Z,41356.85,41605.25,41232.78,41576.15,801
2026-02-15T20:00:00Z,41576.15,41717.50,41370.08,41515.38,1124
2026-02-15T21:00:00Z,41515.38,41707.71,41507.08,41591.26,1488
2026-02-15T22:00:00Z,41591.26,41595.41,41539.32,41547.62,791
2026-02-15T23:00:00Z,41547.62,41572.54,41239.04,41379.73,1363
2026-02-16T00:00:00Z,41379.73,41511.58,41272.15,41507.43,562
2026-02-16T01:00:00Z,41507.43,41760.47,41470.08,41623.12,1217
2026-02-16T02:00:00Z,41623.12,41743.82,41389.53,41410.23,1290
2026-02-16T03:00:00Z,41410.23,41534.46,41248.20,41285.35,1280
2026-02-16T04:00:00Z,41285.35,41347.27,41243.48,41259.98,520
2026-02-16T05:00:00Z,41259.98,41396.13,41168.63,41242.86,1415
2026-02-16T06:00:00Z,41242.86,41457.11,41181.00,41337.24,1207
2026-02-16T07:00:00Z,41337.24,41362.04,41270.53,41307.70,603
2026-02-16T08:00:00Z,41307.70,41369.11,41287.05,41315.40,1322
2026-02-16T09:00:00Z,41315.40,41323.66,41029.80,41116.14,1041
2026-02-16T10:00:00Z,41116.14,41350.50,41079.14,41305.07,1509
2026-02-16T11:00:00Z,41305.07,41321.59,41015.53,41151.32,728
2026-02-16T12:00:00Z,41151.32,41163.66,40804.78,40870.17,1301
2026-02-16T13:00:00Z,40870.17,40926.86,40853.83,40910.50,1363
2026-02-16T14:00:00Z,40910.50,40979.60,40894.14,40967.31,1311
2026-02-16T15:00:00Z,40967.31,41114.64,40881.28,41102.31,1405
2026-02-16T16:00:00Z,41102.31,41250.09,40970.79,41184.20,759
2026-02-16T17:00:00Z,41184.20,41295.39,41010.31,41055.47,978
2026-02-16T18:00:00Z,41055.47,41182.74,40878.30,41013.64,1051
2026-02-16T19:00:00Z,41013.64,41305.51,40882.40,41243.65,676
2026-02-16T20:00:00Z,41243.65,41437.67,41148.79,41371.48,916
2026-02-16T21:00:00Z,41371.48,41682.56,41305.29,41537.18,1290
2026-02-16T22:00:00Z,41537.18,41795.24,41408.42,41674.39,1009
2026-02-16T23:00:00Z,41674.39,41678.55,41607.11,41640.42,739
2026-02-17T00:00:00Z,41640.42,41715.37,41506.06,41589.23,1228
2026-02-17T01:00:00Z,41589.23,41697.36,41351.06,41375.88,1124
2026-02-17T02:00:00Z,41375.88,41413.11,41114.26,41184.27,707
2026-02-17T03:00:00Z,41184.27,41356.16,41052.49,41236.58,1405
2026-02-17T04:00:00Z,41236.58,41265.44,41107.56,41156.94,791
2026-02-17T05:00:00Z,41156.94,41291.62,41082.86,41196.87,1155
2026-02-17T06:00:00Z,41196.87,41335.74,41093.88,41212.11,749
2026-02-17T07:00:00Z,41212.11,41446.01,41191.51,41437.73,666
2026-02-17T08:00:00Z,41437.73,41537.18,41221.13,41291.32,562
2026-02-17T09:00:00Z,41291.32,41402.80,41199.25,41281.81,1405
2026-02-17T10:00:00Z,41281.81,41306.57,40892.71,40970.55,947
2026-02-17T11:00:00Z,40970.55,41097.55,40772.74,40903.63,1165
2026-02-17T12:00:00Z,40903.63,41001.79,40853.19,40853.19,1082
2026-02-17T13:00:00Z,40853.19,41003.35,40840.94,40978.77,718
2026-02-17T14:00:00Z,40978.77,41256.91,40954.19,41166.35,1322
2026-02-17T15:00:00Z,41166.35,41338.33,41137.54,41247.59,1030
2026-02-17T16:00:00Z,41247.59,41346.58,41068.92,41130.61,874
2026-02-17T17:00:00Z,41130.61,41130.61,41092.33,41121.11,1301
2026-02-17T18:00:00Z,41121.11,41152.77,41059.43,41128.10,1093
2026-02-17T19:00:00Z,41128.10,41165.11,41040.43,41085.62,916
2026-02-17T20:00:00Z,41085.62,41212.05,40950.04,41183.23,1238
2026-02-17T21:00:00Z,41183.23,41396.76,41043.21,41318.26,551
2026-02-17T22:00:00Z,41318.26,41383.31,41285.21,41375.04,968
2026-02-17T23:00:00Z,41375.04,41503.30,41241.41,41344.77,1467
2026-02-18T00:00:00Z,41344.77,41481.20,41281.36,41297.87,822
2026-02-18T01:00:00Z,41297.87,41350.14,41297.87,41304.71,1342
2026-02-18T02:00:00Z,41304.71,41485.17,41292.32,41348.72,1051
2026-02-18T03:00:00Z,41348.72,41545.85,41319.78,41533.39,1113
2026-02-18T04:00:00Z,41533.39,41640.02,41417.10,41598.43,832
2026-02-18T05:00:00Z,41598.43,41709.37,41481.96,41701.03,1436
2026-02-18T06:00:00Z,41701.03,41899.98,41688.52,41762.17,1103
2026-02-18T07:00:00Z,41762.17,41835.96,41687.00,41806.70,551
2026-02-18T08:00:00Z,41806.70,41923.75,41617.29,41763.46,832
2026-02-18T09:00:00Z,41763.46,41859.51,41578.47,41691.03,1009
2026-02-18T10:00:00Z,41691.03,41778.58,41677.10,41681.26,707
2026-02-18T11:00:00Z,41681.26,41775.74,41547.88,41696.52,822
2026-02-18T12:00:00Z,41696.52,41775.74,41332.90,41440.64,1134
2026-02-18T13:00:00Z,41440.64,41559.46,41411.64,41464.10,999
2026-02-18T14:00:00Z,41464.10,41549.79,41439.23,41541.49,1061
2026-02-18T15:00:00Z,41541.49,41666.11,41353.31,41452.79,936
2026-02-18T16:00:00Z,41452.79,41563.39,41357.45,41530.17,1332
2026-02-18T17:00:00Z,41530.17,41658.91,41358.61,41433.18,1332
2026-02-18T18:00:00Z,41433.18,41527.09,41350.32,41452.48,666
2026-02-18T19:00:00Z,41452.48,41498.07,41206.49,41231.22,603
2026-02-18T20:00:00Z,41231.22,41231.22,41011.41,41077.13,707
2026-02-18T21:00:00Z,41077.13,41260.75,41007.30,41125.04,676
2026-02-18T22:00:00Z,41125.04,41317.17,41034.57,41271.78,582
2026-02-18T23:00:00Z,41271.78,41344.70,41135.59,41295.15,832
2026-02-19T00:00:00Z,41295.15,41403.60,41150.62,41349.85,759
2026-02-19T01:00:00Z,41349.85,41470.84,41283.70,41367.43,1072
2026-02-19T02:00:00Z,41367.43,41422.26,41255.74,41418.12,1124
2026-02-19T03:00:00Z,41418.12,41518.66,41413.98,41481.33,1301
2026-02-19T04:00:00Z,41481.33,41528.03,41377.63,41498.99,926
2026-02-19T05:00:00Z,41498.99,41587.28,41399.40,41537.44,1457
2026-02-19T06:00:00Z,41537.44,41570.66,41372.40,41426.25,1332
2026-02-19T07:00:00Z,41426.25,41442.82,41224.26,41261.39,530
2026-02-19T08:00:00Z,41261.39,41302.65,41076.84,41204.57,1290
2026-02-19T09:00:00Z,41204.57,41336.42,40925.65,41069.39,1280
2026-02-19T10:00:00Z,41069.39,41110.45,40910.11,40946.96,749
2026-02-19T11:00:00Z,40946.96,41050.35,40922.40,40960.24,1499
2026-02-19T12:00:00Z,40960.24,41043.17,40874.23,40973.52,562
2026-02-19T13:00:00Z,40973.52,41179.90,40912.06,41105.91,957
2026-02-19T14:00:00Z,41105.91,41424.46,40999.04,41350.03,1467
2026-02-19T15:00:00Z,41350.03,41358.30,41318.00,41342.80,936
2026-02-19T16:00:00Z,41342.80,41534.58,41206.37,41513.83,1270
2026-02-19T17:00:00Z,41513.83,41584.40,41373.49,41394.18,1467
2026-02-19T18:00:00Z,41394.18,41402.45,41320.70,41370.34,822
2026-02-19T19:00:00Z,41370.34,41415.84,41085.24,41109.90,1540
2026-02-19T20:00:00Z,41109.90,41249.67,41065.65,41094.41,1270
2026-02-19T21:00:00Z,41094.41,41396.64,41086.20,41326.39,1280
2026-02-19T22:00:00Z,41326.39,41384.24,41265.45,41323.30,572
2026-02-19T23:00:00Z,41323.30,41385.28,41142.46,41257.98,1041
2026-02-20T00:00:00Z,41257.98,41430.76,41249.73,41298.61,1041
2026-02-20T01:00:00Z,41298.61,41310.43,41232.54,41302.17,1030
2026-02-20T02:00:00Z,41302.17,41421.94,41182.30,41219.39,1374
2026-02-20T03:00:00Z,41219.39,41285.34,40976.88,41116.67,1249
2026-02-20T04:00:00Z,41116.67,41202.76,41108.45,41173.94,1207
2026-02-20T05:00:00Z,41173.94,41313.93,40949.41,40978.09,978
2026-02-20T06:00:00Z,40978.09,41003.23,40965.80,40978.65,1353
2026-02-20T07:00:00Z,40978.65,41165.99,40937.68,41141.31,1342
2026-02-20T08:00:00Z,41141.31,41235.93,40946.50,40999.79,728
2026-02-20T09:00:00Z,40999.79,41228.65,40979.30,41125.84,1415
2026-02-20T10:00:00Z,41125.84,41261.55,41041.08,41082.16,676
2026-02-20T11:00:00Z,41082.16,41221.83,40973.06,41042.83,926
2026-02-20T12:00:00Z,41042.83,41355.32,40936.12,41289.26,1457
2026-02-20T13:00:00Z,41289.26,41404.86,41175.02,41269.94,739
2026-02-20T14:00:00Z,41269.94,41433.45,41257.56,41383.79,1061
2026-02-20T15:00:00Z,41383.79,41779.98,41305.17,41655.02,853
2026-02-20T16:00:00Z,41655.02,41751.01,41542.56,41671.84,1165
2026-02-20T17:00:00Z,41671.84,41767.68,41373.82,41502.47,1259
2026-02-20T18:00:00Z,41502.47,41589.87,41452.67,41531.73,968
2026-02-20T19:00:00Z,41531.73,41812.80,41531.73,41746.01,1478
2026-02-20T20:00:00Z,41746.01,41829.50,41734.82,41734.82,1415
2026-02-20T21:00:00Z,41734.82,42029.66,41672.22,41933.22,1540
2026-02-20T22:00:00Z,41933.22,42038.05,41792.31,41913.86,1072
2026-02-20T23:00:00Z,41913.86,42212.77,41830.04,42128.52,957
2026-02-21T00:00:00Z,42128.52,42428.50,42056.91,42288.95,1030
2026-02-21T01:00:00Z,42288.95,42500.52,42225.52,42458.07,1509
2026-02-21T02:00:00Z,42458.07,42661.95,42343.44,42521.63,874
2026-02-21T03:00:00Z,42521.63,42649.21,42508.88,42538.61,1238
2026-02-21T04:00:00Z,42538.61,42670.47,42399.02,42432.96,1249
2026-02-21T05:00:00Z,42432.96,42462.99,42301.42,42433.29,1561
2026-02-21T06:00:00Z,42433.29,42703.36,42284.78,42677.76,1342
2026-02-21T07:00:00Z,42677.76,42848.04,42566.80,42753.99,1311
2026-02-21T08:00:00Z,42753.99,43072.87,42698.41,42969.75,988
2026-02-21T09:00:00Z,42969.75,42974.04,42607.88,42753.24,1207
2026-02-21T10:00:00Z,42753.24,42787.44,42656.10,42694.52,1238
2026-02-21T11:00:00Z,42694.52,42715.86,42517.89,42560.45,957
2026-02-21T12:00:00Z,42560.45,42632.80,42510.34,42548.63,1540
2026-02-21T13:00:00Z,42548.63,42761.06,42540.13,42624.67,1155
2026-02-21T14:00:00Z,42624.67,42671.55,42574.60,42612.95,905
2026-02-21T15:00:00Z,42612.95,42855.04,42583.13,42709.83,1165
2026-02-21T16:00:00Z,42709.83,43048.75,42654.31,42898.61,791
2026-02-21T17:00:00Z,42898.61,42980.11,42705.09,42777.81,697
2026-02-21T18:00:00Z,42777.81,43069.32,42726.48,42974.78,1051
2026-02-21T19:00:00Z,42974.78,43077.47,42858.75,43021.55,582
2026-02-21T20:00:00Z,43021.55,43150.61,42929.60,42955.37,1374
2026-02-21T21:00:00Z,42955.37,42985.43,42648.02,42797.81,1436
2026-02-21T22:00:00Z,42797.81,42945.81,42780.70,42898.63,1499
2026-02-21T23:00:00Z,42898.63,42959.07,42847.16,42924.74,1259
2026-02-22T00:00:00Z,42924.74,43032.05,42826.12,42886.16,874
2026-02-22T01:00:00Z,42886.16,43031.97,42578.05,42727.59,1436
2026-02-22T02:00:00Z,42727.59,42731.86,42642.31,42650.84,1249
2026-02-22T03:00:00Z,42650.84,42706.28,42527.44,42587.06,968
2026-02-22T04:00:00Z,42587.06,42770.45,42514.67,42638.28,811
2026-02-22T05:00:00Z,42638.28,42779.16,42510.37,42685.26,916
2026-02-22T06:00:00Z,42685.26,42813.47,42599.89,42702.45,1113
2026-02-22T07:00:00Z,42702.45,42711.12,42629.86,42706.85,1478
2026-02-22T08:00:00Z,42706.85,42856.32,42647.27,42689.95,957
2026-02-22T09:00:00Z,42689.95,42698.48,42621.90,42668.83,936
2026-02-22T10:00:00Z,42668.83,42737.10,42426.53,42537.12,1301
2026-02-22T11:00:00Z,42537.12,42749.94,42392.50,42634.83,1446
2026-02-22T12:00:00Z,42634.83,42664.67,42299.59,42418.36,759
2026-02-22T13:00:00Z,42418.36,42486.23,42333.53,42481.99,801
2026-02-22T14:00:00Z,42481.99,42664.80,42388.53,42549.92,988
2026-02-22T15:00:00Z,42549.92,42664.94,42435.04,42579.79,770
2026-02-22T16:00:00Z,42579.79,42758.31,42443.54,42715.60,1436
2026-02-22T17:00:00Z,42715.60,42869.22,42681.43,42805.02,884
2026-02-22T18:00:00Z,42805.02,42933.31,42770.78,42873.29,624
2026-02-22T19:00:00Z,42873.29,42989.04,42710.95,42822.28,916
2026-02-22T20:00:00Z,42822.28,42903.57,42740.92,42865.00,687
2026-02-22T21:00:00Z,42865.00,43023.50,42740.70,42924.78,1478
2026-02-22T22:00:00Z,42924.78,42933.36,42672.92,42792.73,582
2026-02-22T23:00:00Z,42792.73,42950.48,42749.94,42916.15,1322
2026-02-23T00:00:00Z,42916.15,43010.56,42869.63,42886.78,697
2026-02-23T01:00:00Z,42886.78,42916.80,42853.16,42874.59,645
2026-02-23T02:00:00Z,42874.59,43072.70,42793.13,42939.59,843
2026-02-23T03:00:00Z,42939.59,42966.03,42939.59,42940.27,1176
2026-02-23T04:00:00Z,42940.27,42957.44,42876.56,42906.59,1301
2026-02-23T05:00:00Z,42906.59,43104.78,42765.00,43087.55,926
2026-02-23T06:00:00Z,43087.55,43217.56,43061.70,43105.49,895
2026-02-23T07:00:00Z,43105.49,43287.45,43006.35,43179.51,999
2026-02-23T08:00:00Z,43179.51,43313.36,42994.46,43003.06,1238
2026-02-23T09:00:00Z,43003.06,43119.16,42883.38,42973.62,1009
2026-02-23T10:00:00Z,42973.62,43180.91,42909.16,43073.23,1009
2026-02-23T11:00:00Z,43073.23,43172.29,42901.57,42923.03,1488
2026-02-23T12:00:00Z,42923.03,43138.56,42858.65,43134.25,1301
2026-02-23T13:00:00Z,43134.25,43299.11,43052.30,43217.00,624
2026-02-23T14:00:00Z,43217.00,43359.61,42950.04,43096.56,1342
2026-02-23T15:00:00Z,43096.56,43139.65,42937.83,43002.33,770
2026-02-23T16:00:00Z,43002.33,43032.43,42744.94,42787.72,520
2026-02-23T17:00:00Z,42787.72,43041.41,42646.53,42938.36,874
2026-02-23T18:00:00Z,42938.36,43093.88,42856.78,43020.75,1363
2026-02-23T19:00:00Z,43020.75,43050.86,42754.78,42836.16,1301
2026-02-23T20:00:00Z,42836.16,42901.14,42754.78,42858.29,895
2026-02-23T21:00:00Z,42858.29,42866.86,42786.12,42854.68,1270
2026-02-23T22:00:00Z,42854.68,42924.02,42816.12,42898.29,1322
2026-02-23T23:00:00Z,42898.29,43006.23,42898.29,42903.27,1238
2026-02-24T00:00:00Z,42903.27,43010.52,42800.40,42894.76,884
2026-02-24T01:00:00Z,42894.76,42907.62,42659.38,42783.45,1353
2026-02-24T02:00:00Z,42783.45,42971.96,42757.78,42890.47,1072
2026-02-24T03:00:00Z,42890.47,42899.04,42732.40,42770.89,645
2026-02-24T04:00:00Z,42770.89,43010.32,42663.97,42954.48,832
2026-02-24T05:00:00Z,42954.48,43228.98,42937.30,43159.93,1363
2026-02-24T06:00:00Z,43159.93,43263.51,42945.16,43026.91,1530
2026-02-24T07:00:00Z,43026.91,43100.05,42744.61,42868.92,832
2026-02-24T08:00:00Z,42868.92,42993.23,42630.87,42673.54,1353
2026-02-24T09:00:00Z,42673.54,42784.49,42432.80,42458.27,1270
2026-02-24T10:00:00Z,42458.27,42624.18,42326.65,42530.62,1509
2026-02-24T11:00:00Z,42530.62,42688.59,42496.60,42556.67,1124
2026-02-24T12:00:00Z,42556.67,42616.40,42514.12,42616.40,697
2026-02-24T13:00:00Z,42616.40,42663.27,42418.18,42528.75,1238
2026-02-24T14:00:00Z,42528.75,42537.25,42466.03,42517.05,624
2026-02-24T15:00:00Z,42517.05,42542.56,42454.60,42492.84,936
2026-02-24T16:00:00Z,42492.84,42556.57,42199.20,42338.91,739
2026-02-24T17:00:00Z,42338.91,42507.22,42326.21,42485.98,1457
2026-02-24T18:00:00Z,42485.98,42630.65,42345.78,42545.56,1103
2026-02-24T19:00:00Z,42545.56,42639.16,42335.69,42458.82,1186
2026-02-24T20:00:00Z,42458.82,42463.06,42287.93,42359.94,759
2026-02-24T21:00:00Z,42359.94,42465.83,42248.32,42290.61,676
2026-02-24T22:00:00Z,42290.61,42320.21,42178.10,42279.57,1415
2026-02-24T23:00:00Z,42279.57,42385.26,42158.51,42276.88,572
2026-02-25T00:00:00Z,42276.88,42365.66,42239.49,42247.93,707
2026-02-25T01:00:00Z,42247.93,42340.87,42100.92,42168.38,874
2026-02-25T02:00:00Z,42168.38,42249.23,42122.00,42198.60,1041
2026-02-25T03:00:00Z,42198.60,42308.91,42072.01,42300.45,645
2026-02-25T04:00:00Z,42300.45,42304.68,42233.58,42254.70,1394
2026-02-25T05:00:00Z,42254.70,42360.98,42220.90,42310.21,1426
2026-02-25T06:00:00Z,42310.21,42353.15,42276.37,42336.22,947
2026-02-25T07:00:00Z,42336.22,42548.42,42213.45,42459.26,603
2026-02-25T08:00:00Z,42459.26,42595.12,42214.69,42244.26,832
2026-02-25T09:00:00Z,42244.26,42456.14,42227.37,42320.72,707
2026-02-25T10:00:00Z,42320.72,42367.27,41972.12,42039.38,1280
2026-02-25T11:00:00Z,42039.38,42216.73,41967.92,42082.07,1207
2026-02-25T12:00:00Z,42082.07,42330.79,42014.74,42212.60,614
2026-02-25T13:00:00Z,42212.60,42347.68,42061.51,42209.24,728
2026-02-25T14:00:00Z,42209.24,42542.84,42171.26,42394.46,1353
2026-02-25T15:00:00Z,42394.46,42648.88,42288.48,42534.04,697
2026-02-25T16:00:00Z,42534.04,42720.89,42529.79,42673.95,1405
2026-02-25T17:00:00Z,42673.95,42742.22,42577.06,42611.14,655
2026-02-25T18:00:00Z,42611.14,42700.88,42521.66,42662.49,1353
2026-02-25T19:00:00Z,42662.49,42781.94,42467.83,42591.34,1207
2026-02-25T20:00:00Z,42591.34,42621.15,42511.39,42570.98,614
2026-02-25T21:00:00Z,42570.98,42681.66,42474.07,42550.66,1280
2026-02-25T22:00:00Z,42550.66,42831.03,42508.11,42698.67,1238
2026-02-25T23:00:00Z,42698.67,42805.41,42475.05,42555.90,520
2026-02-26T00:00:00Z,42555.90,42653.77,42369.05,42505.06,853
2026-02-26T01:00:00Z,42505.06,42526.31,42416.06,42471.27,1217
2026-02-26T02:00:00Z,42471.27,42522.23,42250.66,42356.55,801
2026-02-26T03:00:00Z,42356.55,42407.37,42068.30,42169.50,1061
2026-02-26T04:00:00Z,42169.50,42296.00,42025.67,42076.16,770
2026-02-26T05:00:00Z,42076.16,42105.61,41940.98,41995.57,1384
2026-02-26T06:00:00Z,41995.57,42122.81,41890.59,42114.39,1363
2026-02-26T07:00:00Z,42114.39,42215.46,41983.44,42042.29,988
2026-02-26T08:00:00Z,42042.29,42147.74,41945.60,42042.64,1072
2026-02-26T09:00:00Z,42042.64,42255.00,41908.11,42137.02,1551
2026-02-26T10:00:00Z,42137.02,42212.86,41934.78,42082.06,811
2026-02-26T11:00:00Z,42082.06,42204.09,41878.95,41967.08,541
2026-02-26T12:00:00Z,41967.08,42252.31,41954.49,42109.14,1197
2026-02-26T13:00:00Z,42109.14,42180.72,41966.12,42062.86,707
2026-02-26T14:00:00Z,42062.86,42193.25,41964.90,41964.90,1009
2026-02-26T15:00:00Z,41964.90,41998.47,41910.58,41931.54,822
2026-02-26T16:00:00Z,41931.54,42044.75,41604.37,41708.64,1405
2026-02-26T17:00:00Z,41708.64,41828.59,41679.45,41786.81,614
2026-02-26T18:00:00Z,41786.81,41907.99,41632.99,41637.15,1082
2026-02-26T19:00:00Z,41637.15,41717.54,41553.88,41646.75,1145
2026-02-26T20:00:00Z,41646.75,41700.89,41379.84,41466.92,697
2026-02-26T21:00:00Z,41466.92,41591.32,41401.25,41459.29,1155
2026-02-26T22:00:00Z,41459.29,41550.50,41326.36,41421.62,1249
2026-02-26T23:00:00Z,41421.62,41608.86,41380.20,41517.53,1165
2026-02-27T00:00:00Z,41517.53,41595.26,41388.83,41595.26,614
2026-02-27T01:00:00Z,41595.26,41711.72,41465.25,41548.34,676
2026-02-27T02:00:00Z,41548.34,41804.92,41440.32,41771.51,843
2026-02-27T03:00:00Z,41771.51,42046.43,41742.27,41899.79,853
2026-02-27T04:00:00Z,41899.79,41941.68,41655.97,41777.12,749
2026-02-27T05:00:00Z,41777.12,42022.74,41706.10,41880.35,926
2026-02-27T06:00:00Z,41880.35,41992.28,41763.09,41937.77,728
2026-02-27T07:00:00Z,41937.77,41983.90,41777.36,41798.25,1499
2026-02-27T08:00:00Z,41798.25,41951.77,41743.92,41905.68,1228
2026-02-27T09:00:00Z,41905.68,41951.77,41703.63,41829.11,1113
2026-02-27T10:00:00Z,41829.11,42045.49,41741.27,41999.30,759
2026-02-27T11:00:00Z,41999.30,42095.89,41863.77,41985.52,968
2026-02-27T12:00:00Z,41985.52,42065.29,41770.57,41871.06,978
2026-02-27T13:00:00Z,41871.06,42070.98,41758.01,41924.25,1030
2026-02-27T14:00:00Z,41924.25,42003.90,41856.02,41906.30,1165
2026-02-27T15:00:00Z,41906.30,41927.25,41888.36,41888.36,926
2026-02-27T16:00:00Z,41888.36,42054.79,41879.99,41929.01,1165
2026-02-27T17:00:00Z,41929.01,41961.35,41895.47,41948.77,1145
2026-02-27T18:00:00Z,41948.77,42015.88,41759.16,41826.08,1093
2026-02-27T19:00:00Z,41826.08,41826.08,41741.37,41753.89,1041
2026-02-27T20:00:00Z,41753.89,41965.79,41636.98,41819.43,1020
2026-02-27T21:00:00Z,41819.43,42132.21,41752.52,41989.45,884
2026-02-27T22:00:00Z,41989.45,41989.45,41736.91,41854.10,936
2026-02-27T23:00:00Z,41854.10,42032.81,41724.36,41990.82,551
2026-02-28T00:00:00Z,41990.82,42072.71,41969.83,42026.49,697
2026-02-28T01:00:00Z,42026.49,42213.64,41971.86,42120.98,1072
2026-02-28T02:00:00Z,42120.98,42213.64,41950.58,42051.50,614
2026-02-28T03:00:00Z,42051.50,42205.02,41988.43,42091.38,759
2026-02-28T04:00:00Z,42091.38,42192.39,41879.19,42022.06,1540
2026-02-28T05:00:00Z,42022.06,42145.76,41891.80,42137.34,1519
2026-02-28T06:00:00Z,42137.34,42316.33,42040.43,42215.02,687
2026-02-28T07:00:00Z,42215.02,42444.93,42168.59,42326.42,1176
2026-02-28T08:00:00Z,42326.42,42419.53,42096.38,42227.28,728
2026-02-28T09:00:00Z,42227.28,42362.40,42044.36,42103.30,1176
2026-02-28T10:00:00Z,42103.30,42168.56,41960.15,42113.82,978
2026-02-28T11:00:00Z,42113.82,42380.97,42059.08,42237.37,582
2026-02-28T12:00:00Z,42237.37,42368.30,42197.48,42201.70,603
2026-02-28T13:00:00Z,42201.70,42256.56,42031.58,42120.03,780
2026-02-28T14:00:00Z,42120.03,42391.00,42120.03,42276.86,780
2026-02-28T15:00:00Z,42276.86,42569.21,42243.04,42501.21,739
2026-02-28T16:00:00Z,42501.21,42744.04,42467.21,42692.81,1426
2026-02-28T17:00:00Z,42692.81,42937.49,42637.31,42796.27,1259
2026-02-28T18:00:00Z,42796.27,42856.18,42454.32,42577.79,697
2026-02-28T19:00:00Z,42577.79,42728.68,42450.06,42600.88,687
2026-02-28T20:00:00Z,42600.88,42634.96,42459.25,42501.75,635
2026-02-28T21:00:00Z,42501.75,42523.00,42272.30,42331.56,1103
2026-02-28T22:00:00Z,42331.56,42586.14,42297.70,42492.66,593
2026-02-28T23:00:00Z,42492.66,42693.54,42411.93,42587.08,1509
2026-03-01T00:00:00Z,42587.08,42685.03,42394.89,42539.52,832
2026-03-01T01:00:00Z,42539.52,42662.19,42501.24,42547.32,1301
2026-03-01T02:00:00Z,42547.32,42657.94,42253.36,42380.50,822
2026-03-01T03:00:00Z,42380.50,42482.21,42324.63,42362.75,635
2026-03-01T04:00:00Z,42362.75,42472.89,42129.09,42260.09,1353
2026-03-01T05:00:00Z,42260.09,42449.98,42171.35,42411.81,916
2026-03-01T06:00:00Z,42411.81,42568.15,42377.89,42436.60,780
2026-03-01T07:00:00Z,42436.60,42470.54,42112.65,42154.80,1415
2026-03-01T08:00:00Z,42154.80,42263.94,42087.36,42230.16,1353
2026-03-01T09:00:00Z,42230.16,42369.20,42179.49,42305.75,905
2026-03-01T10:00:00Z,42305.75,42445.35,42224.50,42270.99,572
2026-03-01T11:00:00Z,42270.99,42499.62,42207.59,42414.80,1051
2026-03-01T12:00:00Z,42414.80,42563.25,42235.33,42281.84,1519
2026-03-01T13:00:00Z,42281.84,42497.77,42252.25,42391.80,1467
2026-03-01T14:00:00Z,42391.80,42446.90,42369.81,42369.81,655
2026-03-01T15:00:00Z,42369.81,42488.07,42255.42,42399.04,1551
2026-03-01T16:00:00Z,42399.04,42534.71,42291.88,42325.74,1519
2026-03-01T17:00:00Z,42325.74,42414.00,42325.74,42329.35,1009
2026-03-01T18:00:00Z,42329.35,42375.91,42038.83,42080.91,1353
2026-03-01T19:00:00Z,42080.91,42317.13,41937.84,42182.15,978
2026-03-01T20:00:00Z,42182.15,42279.39,42064.04,42266.71,541
2026-03-01T21:00:00Z,42266.71,42525.53,42131.46,42381.44,541
2026-03-01T22:00:00Z,42381.44,42457.72,41988.58,42102.25,676
2026-03-01T23:00:00Z,42102.25,42249.69,42013.84,42156.95,811
2026-03-02T00:00:00Z,42156.95,42220.18,42030.68,42144.47,541
2026-03-02T01:00:00Z,42144.47,42275.38,42043.33,42186.79,645
2026-03-02T02:00:00Z,42186.79,42444.45,42089.77,42351.28,1041
2026-03-02T03:00:00Z,42351.28,42376.69,42140.05,42266.85,791
2026-03-02T04:00:00Z,42266.85,42393.65,42186.55,42355.54,624
2026-03-02T05:00:00Z,42355.54,42452.95,42224.56,42326.14,1155
2026-03-02T06:00:00Z,42326.14,42512.36,42296.52,42419.04,916
2026-03-02T07:00:00Z,42419.04,42431.76,42271.42,42284.10,1488
2026-03-02T08:00:00Z,42284.10,42364.46,42220.68,42330.60,655
2026-03-02T09:00:00Z,42330.60,42402.56,42133.13,42137.34,905
2026-03-02T10:00:00Z,42137.34,42230.04,41940.52,42054.06,864
2026-03-02T11:00:00Z,42054.06,42096.11,41962.33,42021.15,718
2026-03-02T12:00:00Z,42021.15,42122.00,41996.53,42013.33,936
2026-03-02T13:00:00Z,42013.33,42139.36,41751.52,41780.76,1061
2026-03-02T14:00:00Z,41780.76,41901.94,41655.42,41860.08,1290
2026-03-02T15:00:00Z,41860.08,41977.28,41644.70,41736.52,1030
2026-03-02T16:00:00Z,41736.52,41757.38,41435.18,41564.02,1426
2026-03-02T17:00:00Z,41564.02,41705.33,41281.12,41355.56,1384
2026-03-02T18:00:00Z,41355.56,41636.43,41297.67,41503.62,1259
2026-03-02T19:00:00Z,41503.62,41854.36,41462.12,41766.66,1311
2026-03-02T20:00:00Z,41766.66,41916.25,41624.66,41886.93,1519
2026-03-02T21:00:00Z,41886.93,41933.00,41556.42,41677.28,1165
2026-03-02T22:00:00Z,41677.28,41881.58,41677.28,41747.99,582
2026-03-02T23:00:00Z,41747.99,42059.37,41647.80,41941.94,1405
2026-03-03T00:00:00Z,41941.94,42030.01,41760.20,41839.69,988
2026-03-03T01:00:00Z,41839.69,41942.75,41839.69,41896.67,1436
2026-03-03T02:00:00Z,41896.67,42075.45,41817.07,41957.97,822
2026-03-03T03:00:00Z,41957.97,42075.45,41847.33,41922.79,895
2026-03-03T04:00:00Z,41922.79,42068.19,41776.07,42030.37,1155
2026-03-03T05:00:00Z,42030.37,42184.52,41908.49,42070.93,707
2026-03-03T06:00:00Z,42070.93,42149.51,42003.62,42149.51,1311
2026-03-03T07:00:00Z,42149.51,42338.11,42149.51,42240.96,759
2026-03-03T08:00:00Z,42240.96,42359.23,42108.49,42175.97,1238
2026-03-03T09:00:00Z,42175.97,42289.84,41997.22,42068.73,822
2026-03-03T10:00:00Z,42068.73,42144.45,42008.34,42067.23,1467
2026-03-03T11:00:00Z,42067.23,42183.83,42033.58,42133.28,1488
2026-03-03T12:00:00Z,42133.28,42141.70,41840.80,41945.66,1207
2026-03-03T13:00:00Z,41945.66,42070.00,41840.80,41948.35,728
2026-03-03T14:00:00Z,41948.35,42077.47,41893.82,42077.47,530
2026-03-03T15:00:00Z,42077.47,42111.13,41958.06,42037.93,822
2026-03-03T16:00:00Z,42037.93,42172.45,41812.96,41867.38,1530
2026-03-03T17:00:00Z,41867.38,41984.60,41571.80,41634.25,749
2026-03-03T18:00:00Z,41634.25,41759.15,41532.37,41565.62,541
2026-03-03T19:00:00Z,41565.62,41751.99,41511.59,41681.14,1134
2026-03-03T20:00:00Z,41681.14,41739.49,41374.54,41490.71,1072
2026-03-03T21:00:00Z,41490.71,41586.13,41213.50,41229.99,1217
2026-03-03T22:00:00Z,41229.99,41250.60,40884.33,40941.64,1374
2026-03-03T23:00:00Z,40941.64,41030.12,40904.80,40960.49,1499
2026-03-04T00:00:00Z,40960.49,41188.68,40907.25,41065.49,926
2026-03-04T01:00:00Z,41065.49,41302.73,40929.98,41199.74,916
2026-03-04T02:00:00Z,41199.74,41224.45,41054.10,41062.31,1051
2026-03-04T03:00:00Z,41062.31,41332.79,41045.89,41205.06,926
2026-03-04T04:00:00Z,41205.06,41543.08,41188.58,41402.32,822
2026-03-04T05:00:00Z,41402.32,41468.56,41301.94,41388.85,551
2026-03-04T06:00:00Z,41388.85,41517.15,41101.40,41150.78,1405
2026-03-04T07:00:00Z,41150.78,41290.69,41120.66,41120.66,1540
2026-03-04T08:00:00Z,41120.66,41202.27,41083.66,41198.16,624
2026-03-04T09:00:00Z,41198.16,41378.83,41119.89,41238.62,1249
2026-03-04T10:00:00Z,41238.62,41255.11,41021.93,41062.99,780
2026-03-04T11:00:00Z,41062.99,41235.65,41005.51,41190.35,718
2026-03-04T12:00:00Z,41190.35,41384.30,41083.26,41301.70,968
2026-03-04T13:00:00Z,41301.70,41371.91,41101.90,41213.17,759
2026-03-04T14:00:00Z,41213.17,41254.38,41059.54,41183.08,624
2026-03-04T15:00:00Z,41183.08,41310.87,41038.94,41257.24,1446
2026-03-04T16:00:00Z,41257.24,41273.74,41027.24,41068.30,551
2026-03-04T17:00:00Z,41068.30,41191.50,40988.30,40992.39,1217
2026-03-04T18:00:00Z,40992.39,41119.46,40822.76,40941.49,1426
2026-03-04T19:00:00Z,40941.49,40993.94,40810.48,40952.99,905
2026-03-04T20:00:00Z,40952.99,41128.88,40899.76,40989.52,1155
2026-03-04T21:00:00Z,40989.52,41075.59,40939.04,40963.61,1405
2026-03-04T22:00:00Z,40963.61,41037.34,40892.29,40916.84,1301
2026-03-04T23:00:00Z,40916.84,40970.03,40572.00,40657.38,645
2026-03-05T00:00:00Z,40657.38,40736.08,40608.60,40675.07,1394
2026-03-05T01:00:00Z,40675.07,40806.62,40605.93,40790.31,749
2026-03-05T02:00:00Z,40790.31,40916.75,40624.65,40746.89,1363
2026-03-05T03:00:00Z,40746.89,41017.36,40714.30,40886.53,1020
2026-03-05T04:00:00Z,40886.53,40947.85,40728.66,40851.21,1415
2026-03-05T05:00:00Z,40851.21,41060.86,40765.43,40938.05,749
2026-03-05T06:00:00Z,40938.05,41041.32,40815.24,41033.12,1072
2026-03-05T07:00:00Z,41033.12,41141.10,40901.82,41042.60,1072
2026-03-05T08:00:00Z,41042.60,41173.93,40892.65,40978.70,541
2026-03-05T09:00:00Z,40978.70,41081.14,40931.14,40955.71,843
2026-03-05T10:00:00Z,40955.71,40967.99,40676.36,40802.84,1217
2026-03-05T11:00:00Z,40802.84,41141.68,40680.44,41026.81,749
2026-03-05T12:00:00Z,41026.81,41158.09,40828.54,40922.66,1249
2026-03-05T13:00:00Z,40922.66,41351.59,40869.47,41223.80,1020
2026-03-05T14:00:00Z,41223.80,41270.45,41108.38,41229.23,1415
2026-03-05T15:00:00Z,41229.23,41373.53,41091.46,41157.31,635
2026-03-05T16:00:00Z,41157.31,41202.58,40882.55,40890.72,874
2026-03-05T17:00:00Z,40890.72,41079.70,40837.57,40965.00,749
2026-03-05T18:00:00Z,40965.00,41093.62,40846.21,40970.71,936
2026-03-05T19:00:00Z,40970.71,41041.94,40917.45,40980.47,780
2026-03-05T20:00:00Z,40980.47,41074.72,40594.01,40720.24,739
2026-03-05T21:00:00Z,40720.24,40811.58,40598.08,40734.19,1290
2026-03-05T22:00:00Z,40734.19,40908.28,40730.12,40900.10,728
2026-03-05T23:00:00Z,40900.10,41011.53,40806.03,40950.11,957
2026-03-06T00:00:00Z,40950.11,41136.75,40839.55,41005.54,530
2026-03-06T01:00:00Z,41005.54,41176.10,40997.34,41069.32,1186
2026-03-06T02:00:00Z,41069.32,41100.38,40987.19,41092.17,739
2026-03-06T03:00:00Z,41092.17,41215.44,40815.04,40876.35,895
2026-03-06T04:00:00Z,40876.35,40935.85,40753.73,40903.13,572
2026-03-06T05:00:00Z,40903.13,40952.21,40729.47,40831.54,551
2026-03-06T06:00:00Z,40831.54,40888.70,40564.20,40682.17,1207
2026-03-06T07:00:00Z,40682.17,40855.72,40588.61,40782.32,926
2026-03-06T08:00:00Z,40782.32,40823.10,40588.30,40637.06,1238
2026-03-06T09:00:00Z,40637.06,40953.62,40596.43,40831.13,1374
2026-03-06T10:00:00Z,40831.13,40900.54,40616.31,40669.17,676
2026-03-06T11:00:00Z,40669.17,40867.10,40563.44,40728.63,1186
2026-03-06T12:00:00Z,40728.63,40931.07,40618.67,40796.45,1186
2026-03-06T13:00:00Z,40796.45,41003.47,40763.82,40872.68,1353
2026-03-06T14:00:00Z,40872.68,40913.55,40735.75,40821.47,1270
2026-03-06T15:00:00Z,40821.47,41012.19,40821.47,40877.30,759
2026-03-06T16:00:00Z,40877.30,40920.87,40869.13,40916.78,1311
2026-03-06T17:00:00Z,40916.78,40957.69,40886.15,40886.15,749
2026-03-06T18:00:00Z,40886.15,41008.80,40822.62,40834.87,988
2026-03-06T19:00:00Z,40834.87,40900.20,40475.99,40585.57,1176
2026-03-06T20:00:00Z,40585.57,40609.92,40522.46,40546.78,1499
2026-03-06T21:00:00Z,40546.78,40700.16,40538.68,40635.15,1415
2026-03-06T22:00:00Z,40635.15,40804.50,40549.82,40666.24,541
2026-03-06T23:00:00Z,40666.24,40702.83,40357.78,40483.27,1061
2026-03-07T00:00:00Z,40483.27,40638.87,40406.36,40586.11,541
2026-03-07T01:00:00Z,40586.11,40614.52,40417.47,40486.29,1540
2026-03-07T02:00:00Z,40486.29,40662.11,40425.57,40625.55,1270
2026-03-07T03:00:00Z,40625.55,40767.73,40610.93,40619.05,1270
2026-03-07T04:00:00Z,40619.05,40667.79,40458.42,40511.08,822
2026-03-07T05:00:00Z,40511.08,40567.79,40354.92,40387.22,1217
2026-03-07T06:00:00Z,40387.22,40435.68,40231.50,40356.60,635
2026-03-07T07:00:00Z,40356.60,40560.14,40312.21,40487.27,1061
2026-03-07T08:00:00Z,40487.27,40527.75,40403.99,40444.43,1072
2026-03-07T09:00:00Z,40444.43,40847.05,40399.95,40704.59,853
2026-03-07T10:00:00Z,40704.59,40716.80,40677.76,40694.03,1519
2026-03-07T11:00:00Z,40694.03,40805.53,40596.37,40707.84,905
2026-03-07T12:00:00Z,40707.84,40777.04,40567.08,40689.14,1165
2026-03-07T13:00:00Z,40689.14,40723.27,40636.25,40719.20,791
2026-03-07T14:00:00Z,40719.20,40849.50,40550.15,40635.48,687
2026-03-07T15:00:00Z,40635.48,40733.00,40535.75,40539.80,780
2026-03-07T16:00:00Z,40539.80,40649.25,40302.87,40424.14,801
2026-03-07T17:00:00Z,40424.14,40509.03,40208.12,40264.49,728
2026-03-07T18:00:00Z,40264.49,40390.99,40212.15,40270.18,1145
2026-03-07T19:00:00Z,40270.18,40465.14,40133.27,40364.23,541
2026-03-07T20:00:00Z,40364.23,40428.81,40237.09,40249.16,874
2026-03-07T21:00:00Z,40249.16,40327.20,40184.77,40299.00,1082
2026-03-07T22:00:00Z,40299.00,40639.13,40282.89,40521.62,1270
2026-03-07T23:00:00Z,40521.62,40525.67,40204.40,40317.28,718
2026-03-08T00:00:00Z,40317.28,40503.81,40228.59,40475.48,1301
2026-03-08T01:00:00Z,40475.48,40617.14,40346.96,40435.91,1020
2026-03-08T02:00:00Z,40435.91,40435.91,40243.17,40311.69,1488
2026-03-08T03:00:00Z,40311.69,40614.65,40303.63,40578.13,697
2026-03-08T04:00:00Z,40578.13,40651.17,40356.41,40490.02,1238
2026-03-08T05:00:00Z,40490.02,40619.58,40256.90,40390.18,687
2026-03-08T06:00:00Z,40390.18,40398.25,40097.71,40234.50,853
2026-03-08T07:00:00Z,40234.50,40254.61,40103.15,40211.72,1197
2026-03-08T08:00:00Z,40211.72,40405.56,40203.68,40312.85,1217
2026-03-08T09:00:00Z,40312.85,40361.22,40209.71,40262.05,1009
2026-03-08T10:00:00Z,40262.05,40334.52,40107.08,40187.45,1467
2026-03-08T11:00:00Z,40187.45,40460.76,40179.42,40375.98,1332
2026-03-08T12:00:00Z,40375.98,40396.16,40088.62,40217.31,895
2026-03-08T13:00:00Z,40217.31,40282.85,40132.86,40238.59,666
2026-03-08T14:00:00Z,40238.59,40540.07,40234.57,40430.91,926
2026-03-08T15:00:00Z,40430.91,40507.72,40183.54,40300.41,884
2026-03-08T16:00:00Z,40300.41,40308.47,40130.37,40174.56,666
2026-03-08T17:00:00Z,40174.56,40355.71,40146.44,40271.15,780
2026-03-08T18:00:00Z,40271.15,40468.82,40198.67,40363.88,676
2026-03-08T19:00:00Z,40363.88,40460.75,40281.83,40285.85,1374
2026-03-08T20:00:00Z,40285.85,40363.47,40201.25,40315.10,759
2026-03-08T21:00:00Z,40315.10,40399.76,40229.29,40241.36,978
2026-03-08T22:00:00Z,40241.36,40369.75,40205.15,40353.61,1082
2026-03-08T23:00:00Z,40353.61,40531.23,40268.87,40442.26,1561
2026-03-09T00:00:00Z,40442.26,40579.76,40340.83,40413.57,1519
2026-03-09T01:00:00Z,40413.57,40441.85,40332.41,40352.58,1030
2026-03-09T02:00:00Z,40352.58,40356.61,40174.74,40186.79,916
2026-03-09T03:00:00Z,40186.79,40331.22,40098.38,40242.69,905
2026-03-09T04:00:00Z,40242.69,40318.79,40158.19,40306.70,624
2026-03-09T05:00:00Z,40306.70,40552.49,40246.24,40455.40,1540
2026-03-09T06:00:00Z,40455.40,40588.59,40447.31,40499.50,1540
2026-03-09T07:00:00Z,40499.50,40596.31,40394.21,40580.08,707
2026-03-09T08:00:00Z,40580.08,40746.15,40482.69,40612.13,988
2026-03-09T09:00:00Z,40612.13,40648.68,40490.05,40518.41,1405
2026-03-09T10:00:00Z,40518.41,40842.44,40433.33,40760.92,1145
2026-03-09T11:00:00Z,40760.92,40891.00,40720.16,40825.68,541
2026-03-09T12:00:00Z,40825.68,40857.91,40682.80,40841.58,1020
2026-03-09T13:00:00Z,40841.58,40939.19,40698.64,40865.64,988
2026-03-09T14:00:00Z,40865.64,40963.22,40788.00,40946.85,614
2026-03-09T15:00:00Z,40946.85,41061.50,40701.26,40750.16,1457
2026-03-09T16:00:00Z,40750.16,40782.76,40635.70,40741.62,645
2026-03-09T17:00:00Z,40741.62,40965.32,40733.48,40895.80,1426
2026-03-09T18:00:00Z,40895.80,40920.33,40772.91,40821.89,1415
2026-03-09T19:00:00Z,40821.89,40944.35,40752.20,40776.66,1093
2026-03-09T20:00:00Z,40776.66,40988.36,40731.81,40886.15,832
2026-03-09T21:00:00Z,40886.15,41045.22,40767.59,40910.22,1207
2026-03-09T22:00:00Z,40910.22,40963.40,40550.99,40681.16,1301
2026-03-09T23:00:00Z,40681.16,40827.24,40579.46,40705.13,1322
2026-03-10T00:00:00Z,40705.13,40810.96,40597.18,40686.69,728
2026-03-10T01:00:00Z,40686.69,40790.41,40617.53,40725.25,957
2026-03-10T02:00:00Z,40725.25,40849.57,40660.09,40825.08,1488
2026-03-10T03:00:00Z,40825.08,41072.71,40772.01,40958.03,791
2026-03-10T04:00:00Z,40958.03,41044.04,40755.14,40795.93,1020
2026-03-10T05:00:00Z,40795.93,40957.56,40661.31,40896.22,947
2026-03-10T06:00:00Z,40896.22,40996.91,40871.69,40996.91,1249
2026-03-10T07:00:00Z,40996.91,41118.50,40923.12,41081.53,1561
2026-03-10T08:00:00Z,41081.53,41381.19,41003.48,41310.97,551
2026-03-10T09:00:00Z,41310.97,41439.03,41222.25,41246.99,770
2026-03-10T10:00:00Z,41246.99,41387.22,41096.37,41153.98,614
2026-03-10T11:00:00Z,41153.98,41243.17,41055.22,41197.86,1363
2026-03-10T12:00:00Z,41197.86,41333.81,40816.05,40947.08,1249
2026-03-10T13:00:00Z,40947.08,40974.18,40934.80,40974.18,655
2026-03-10T14:00:00Z,40974.18,41046.23,40892.24,40980.67,749
2026-03-10T15:00:00Z,40980.67,41046.23,40880.16,40929.27,1186
2026-03-10T16:00:00Z,40929.27,41099.79,40839.23,40956.45,551
2026-03-10T17:00:00Z,40956.45,41173.46,40833.59,41083.08,1197
2026-03-10T18:00:00Z,41083.08,41200.91,41033.79,41106.37,1041
2026-03-10T19:00:00Z,41106.37,41204.02,40987.17,41150.53,957
2026-03-10T20:00:00Z,41150.53,41289.37,41060.00,41182.30,1332
2026-03-10T21:00:00Z,41182.30,41186.41,40973.94,41093.10,1009
2026-03-10T22:00:00Z,41093.10,41204.05,40904.20,40916.47,1509
2026-03-10T23:00:00Z,40916.47,41080.10,40859.19,41014.48,999
2026-03-11T00:00:00Z,41014.48,41043.19,40935.52,40964.19,1405
2026-03-11T01:00:00Z,40964.19,41087.08,40709.54,40844.32,832
2026-03-11T02:00:00Z,40844.32,40987.27,40720.78,40822.83,728
2026-03-11T03:00:00Z,40822.83,40944.31,40798.34,40895.24,1113
2026-03-11T04:00:00Z,40895.24,41034.28,40600.19,40697.86,1426
2026-03-11T05:00:00Z,40697.86,40742.62,40599.13,40688.64,884
2026-03-11T06:00:00Z,40688.64,40721.19,40484.27,40528.85,978
2026-03-11T07:00:00Z,40528.85,40565.32,40313.26,40418.34,1113
2026-03-11T08:00:00Z,40418.34,40495.13,40296.01,40304.07,1519
2026-03-11T09:00:00Z,40304.07,40504.77,40231.53,40440.07,1134
2026-03-11T10:00:00Z,40440.07,40561.39,40402.61,40418.77,718
2026-03-11T11:00:00Z,40418.77,40483.44,40256.16,40312.59,874
2026-03-11T12:00:00Z,40312.59,40421.43,40126.02,40126.02,770
2026-03-11T13:00:00Z,40126.02,40230.34,39916.53,40028.61,822
2026-03-11T14:00:00Z,40028.61,40084.65,39843.59,39935.44,1155
2026-03-11T15:00:00Z,39935.44,40082.22,39915.48,40066.20,1446
2026-03-11T16:00:00Z,40066.20,40146.33,39908.93,40049.10,1290
2026-03-11T17:00:00Z,40049.10,40264.53,39977.02,40228.33,530
2026-03-11T18:00:00Z,40228.33,40272.58,40150.83,40223.23,1041
2026-03-11T19:00:00Z,40223.23,40239.31,40065.27,40077.29,1228
2026-03-11T20:00:00Z,40077.29,40260.82,39973.09,40188.49,988
2026-03-11T21:00:00Z,40188.49,40279.91,40059.89,40215.57,1467
2026-03-11T22:00:00Z,40215.57,40286.94,40175.36,40258.76,1363
2026-03-11T23:00:00Z,40258.76,40311.09,40024.47,40140.87,1280
2026-03-12T00:00:00Z,40140.87,40239.26,40048.55,40162.96,718
2026-03-12T01:00:00Z,40162.96,40239.26,40088.71,40144.91,822
2026-03-12T02:00:00Z,40144.91,40231.27,40104.77,40179.04,1228
2026-03-12T03:00:00Z,40179.04,40285.49,40038.42,40285.49,1374
2026-03-12T04:00:00Z,40285.49,40428.54,40184.78,40299.59,1467
2026-03-12T05:00:00Z,40299.59,40428.54,39991.90,40064.01,916
2026-03-12T06:00:00Z,40064.01,40160.16,39961.95,40046.04,624
2026-03-12T07:00:00Z,40046.04,40228.41,40010.00,40116.09,666
2026-03-12T08:00:00Z,40116.09,40399.12,39999.76,40310.44,1384
2026-03-12T09:00:00Z,40310.44,40354.78,39994.81,40078.97,822
2026-03-12T10:00:00Z,40078.97,40269.22,39986.79,40245.08,697
2026-03-12T11:00:00Z,40245.08,40385.93,40010.23,40114.52,1332
2026-03-12T12:00:00Z,40114.52,40218.81,39888.48,39960.40,1145
2026-03-12T13:00:00Z,39960.40,39994.39,39932.43,39974.41,1332
2026-03-12T14:00:00Z,39974.41,40064.30,39942.44,40044.28,1290
2026-03-12T15:00:00Z,40044.28,40218.23,39944.17,40202.15,1394
2026-03-12T16:00:00Z,40202.15,40214.21,40047.65,40152.04,916
2026-03-12T17:00:00Z,40152.04,40374.83,40131.97,40294.25,1488
2026-03-12T18:00:00Z,40294.25,40390.95,40207.64,40292.25,1238
2026-03-12T19:00:00Z,40292.25,40425.21,40258.09,40274.19,1249
2026-03-12T20:00:00Z,40274.19,40602.33,40177.54,40501.08,1457
2026-03-12T21:00:00Z,40501.08,40561.83,40313.22,40414.25,728
2026-03-12T22:00:00Z,40414.25,40495.07,40142.35,40283.34,614
2026-03-12T23:00:00Z,40283.34,40380.02,40188.89,40245.23,968
2026-03-13T00:00:00Z,40245.23,40421.13,40104.38,40280.15,1478
2026-03-13T01:00:00Z,40280.15,40336.54,40093.80,40206.37,1249
2026-03-13T02:00:00Z,40206.37,40527.19,40097.82,40393.90,884
2026-03-13T03:00:00Z,40393.90,40509.70,40288.88,40444.99,1228
2026-03-13T04:00:00Z,40444.99,40546.10,40334.54,40415.37,895
2026-03-13T05:00:00Z,40415.37,40810.11,40379.00,40712.41,530
2026-03-13T06:00:00Z,40712.41,40757.19,40601.22,40666.28,1238
2026-03-13T07:00:00Z,40666.28,40694.74,40539.18,40551.34,1322
2026-03-13T08:00:00Z,40551.34,40689.21,40505.36,40549.96,780
2026-03-13T09:00:00Z,40549.96,40706.38,40408.04,40661.66,1009
2026-03-13T10:00:00Z,40661.66,40793.90,40547.81,40781.67,582
2026-03-13T11:00:00Z,40781.67,40912.17,40674.63,40703.12,947
2026-03-13T12:00:00Z,40703.12,40880.70,40670.56,40742.18,1509
2026-03-13T13:00:00Z,40742.18,40862.67,40611.81,40805.55,1176
2026-03-13T14:00:00Z,40805.55,40846.35,40613.24,40698.70,1155
2026-03-13T15:00:00Z,40698.70,40872.13,40641.73,40745.82,947
2026-03-13T16:00:00Z,40745.82,40880.28,40650.71,40744.42,1446
2026-03-13T17:00:00Z,40744.42,40858.50,40395.09,40520.70,936
2026-03-13T18:00:00Z,40520.70,40646.31,40233.50,40370.76,1322
2026-03-13T19:00:00Z,40370.76,40530.39,40257.73,40461.61,1134
2026-03-13T20:00:00Z,40461.61,40622.06,40396.88,40488.45,832
2026-03-13T21:00:00Z,40488.45,40579.53,40383.19,40571.42,728
2026-03-13T22:00:00Z,40571.42,40713.41,40192.30,40301.11,1259
2026-03-13T23:00:00Z,40301.11,40611.86,40301.11,40559.14,1124
2026-03-14T00:00:00Z,40559.14,40669.26,40429.36,40575.94,572
2026-03-14T01:00:00Z,40575.94,40657.09,40446.80,40527.85,1311
2026-03-14T02:00:00Z,40527.85,40531.90,40492.02,40520.38,593
2026-03-14T03:00:00Z,40520.38,40613.57,40298.03,40382.83,1249
2026-03-14T04:00:00Z,40382.83,40602.26,40314.18,40484.86,916
2026-03-14T05:00:00Z,40484.86,40742.20,40444.38,40729.99,603
2026-03-14T06:00:00Z,40729.99,40792.50,40709.63,40768.04,1290
2026-03-14T07:00:00Z,40768.04,40825.11,40630.17,40695.28,666
2026-03-14T08:00:00Z,40695.28,40798.27,40683.08,40700.59,624
2026-03-14T09:00:00Z,40700.59,40848.87,40602.91,40738.88,936
2026-03-14T10:00:00Z,40738.88,40840.72,40711.70,40736.14,968
2026-03-14T11:00:00Z,40736.14,40805.39,40475.53,40601.39,707
2026-03-14T12:00:00Z,40601.39,40662.29,40512.98,40569.77,707
2026-03-14T13:00:00Z,40569.77,40614.39,40357.15,40369.26,562
2026-03-14T14:00:00Z,40369.26,40474.22,40228.67,40337.58,1342
2026-03-14T15:00:00Z,40337.58,40558.89,40317.42,40453.72,707
2026-03-14T16:00:00Z,40453.72,40546.76,40263.11,40343.79,1145
2026-03-14T17:00:00Z,40343.79,40491.43,40255.04,40394.49,749
2026-03-14T18:00:00Z,40394.49,40420.32,40374.30,40404.16,655
2026-03-14T19:00:00Z,40404.16,40489.00,40307.37,40343.67,624
2026-03-14T20:00:00Z,40343.67,40468.73,40287.83,40307.98,1041
2026-03-14T21:00:00Z,40307.98,40678.77,40291.86,40544.98,1374
2026-03-14T22:00:00Z,40544.98,40589.57,40264.96,40297.19,874
2026-03-14T23:00:00Z,40297.19,40321.36,39996.84,40137.32,1113
2026-03-15T00:00:00Z,40137.32,40332.87,39996.84,40244.34,1030
2026-03-15T01:00:00Z,40244.34,40569.88,40188.00,40456.61,801
2026-03-15T02:00:00Z,40456.61,40569.02,40456.61,40488.05,1488
2026-03-15T03:00:00Z,40488.05,40698.28,40415.18,40621.10,676
2026-03-15T04:00:00Z,40621.10,40669.84,40478.16,40620.33,1415
2026-03-15T05:00:00Z,40620.33,40668.53,40543.16,40664.47,1176
2026-03-15T06:00:00Z,40664.47,40867.93,40558.75,40766.02,655
2026-03-15T07:00:00Z,40766.02,40786.40,40704.00,40712.14,739
2026-03-15T08:00:00Z,40712.14,40805.77,40360.25,40461.40,791
2026-03-15T09:00:00Z,40461.40,40546.36,40326.54,40374.98,1478
2026-03-15T10:00:00Z,40374.98,40492.06,40090.51,40207.11,1020
2026-03-15T11:00:00Z,40207.11,40383.90,40150.83,40267.13,1113
2026-03-15T12:00:00Z,40267.13,40359.74,40125.34,40262.23,1186
2026-03-15T13:00:00Z,40262.23,40330.67,39855.93,39955.81,1072
2026-03-15T14:00:00Z,39955.81,40253.55,39871.91,40157.18,843
2026-03-15T15:00:00Z,40157.18,40327.03,40040.73,40294.80,1280
2026-03-15T16:00:00Z,40294.80,40367.33,40086.77,40151.01,1061
2026-03-15T17:00:00Z,40151.01,40211.23,39971.41,40003.41,603
2026-03-15T18:00:00Z,40003.41,40112.20,39979.41,40100.17,1363
2026-03-15T19:00:00Z,40100.17,40256.65,40076.11,40140.25,635
2026-03-15T20:00:00Z,40140.25,40412.84,40128.21,40360.38,1446
2026-03-15T21:00:00Z,40360.38,40560.22,40328.10,40479.27,749
2026-03-15T22:00:00Z,40479.27,40572.37,40299.49,40400.49,676
2026-03-15T23:00:00Z,40400.49,40481.29,40121.20,40181.47,603
2026-03-16T00:00:00Z,40181.47,40261.83,40040.66,40108.84,780
2026-03-16T01:00:00Z,40108.84,40317.17,39984.51,40293.00,895
2026-03-16T02:00:00Z,40293.00,40381.28,40192.27,40369.17,884
2026-03-16T03:00:00Z,40369.17,40502.02,40272.29,40453.48,655
2026-03-16T04:00:00Z,40453.48,40724.38,40336.17,40582.35,957
2026-03-16T05:00:00Z,40582.35,40825.53,40517.42,40699.37,1061
2026-03-16T06:00:00Z,40699.37,40711.57,40406.77,40471.52,801
2026-03-16T07:00:00Z,40471.52,40479.61,40273.34,40374.27,947
2026-03-16T08:00:00Z,40374.27,40467.13,40221.01,40249.18,635
2026-03-16T09:00:00Z,40249.18,40357.85,40180.56,40232.86,936
2026-03-16T10:00:00Z,40232.86,40373.67,40196.51,40204.55,895
2026-03-16T11:00:00Z,40204.55,40545.65,40067.86,40436.48,1290
2026-03-16T12:00:00Z,40436.48,40529.48,40222.84,40234.91,895
2026-03-16T13:00:00Z,40234.91,40387.29,40230.89,40314.73,1311
2026-03-16T14:00:00Z,40314.73,40451.34,40278.45,40366.58,1030
2026-03-16T15:00:00Z,40366.58,40487.67,40173.10,40306.11,1280
2026-03-16T16:00:00Z,40306.11,40358.50,40173.31,40249.78,905
2026-03-16T17:00:00Z,40249.78,40390.65,40077.59,40097.63,1436
2026-03-16T18:00:00Z,40097.63,40201.88,40029.79,40029.79,947
2026-03-16T19:00:00Z,40029.79,40153.60,39937.73,40061.46,562
2026-03-16T20:00:00Z,40061.46,40285.12,40057.46,40168.64,739
2026-03-16T21:00:00Z,40168.64,40216.28,40028.05,40216.28,1134
2026-03-16T22:00:00Z,40216.28,40308.77,40103.99,40168.25,791
2026-03-16T23:00:00Z,40168.25,40308.83,39892.69,40028.78,936
2026-03-17T00:00:00Z,40028.78,40056.56,40004.77,40036.55,1061
2026-03-17T01:00:00Z,40036.55,40172.50,39936.46,40052.35,905
2026-03-17T02:00:00Z,40052.35,40240.48,39912.17,40136.13,780
2026-03-17T03:00:00Z,40136.13,40196.33,40099.81,40131.91,1176
2026-03-17T04:00:00Z,40131.91,40252.30,39911.81,39927.78,1551
2026-03-17T05:00:00Z,39927.78,40250.81,39899.84,40146.43,562
2026-03-17T06:00:00Z,40146.43,40230.26,40021.98,40214.18,1394
2026-03-17T07:00:00Z,40214.18,40470.89,40117.67,40357.89,1041
2026-03-17T08:00:00Z,40357.89,40510.33,40265.07,40465.82,562
2026-03-17T09:00:00Z,40465.82,40571.03,40413.00,40453.45,1551
2026-03-17T10:00:00Z,40453.45,40570.76,40368.22,40453.17,1311
2026-03-17T11:00:00Z,40453.17,40658.66,40408.68,40537.05,1415
2026-03-17T12:00:00Z,40537.05,40658.66,40427.71,40504.66,1134
2026-03-17T13:00:00Z,40504.66,40548.76,40452.01,40524.45,864
2026-03-17T14:00:00Z,40524.45,40778.38,40415.04,40648.31,645
2026-03-17T15:00:00Z,40648.31,40854.13,40571.08,40756.32,582
2026-03-17T16:00:00Z,40756.32,40874.51,40513.51,40635.41,926
2026-03-17T17:00:00Z,40635.41,40773.57,40441.19,40579.15,759
2026-03-17T18:00:00Z,40579.15,40820.22,40473.65,40738.75,655
2026-03-17T19:00:00Z,40738.75,40824.30,40388.41,40526.19,624
2026-03-17T20:00:00Z,40526.19,40639.66,40257.88,40370.91,635
2026-03-17T21:00:00Z,40370.91,40407.24,40314.70,40363.13,676
2026-03-17T22:00:00Z,40363.13,40387.45,40351.03,40367.27,624
2026-03-17T23:00:00Z,40367.27,40621.89,40330.94,40569.16,1530
2026-03-18T00:00:00Z,40569.16,40741.60,40548.88,40688.71,1176
2026-03-18T01:00:00Z,40688.71,41089.95,40664.30,40958.89,1207
2026-03-18T02:00:00Z,40958.89,41042.35,40913.84,41042.35,707
2026-03-18T03:00:00Z,41042.35,41253.38,40943.85,41117.70,811
2026-03-18T04:00:00Z,41117.70,41236.94,41024.89,41082.40,1467
2026-03-18T05:00:00Z,41082.40,41098.83,40965.30,40998.09,822
2026-03-18T06:00:00Z,40998.09,41084.18,40971.20,40983.49,1540
2026-03-18T07:00:00Z,40983.49,41118.73,40891.37,40924.10,582
2026-03-18T08:00:00Z,40924.10,41014.13,40832.18,40868.96,614
2026-03-18T09:00:00Z,40868.96,40991.56,40667.58,40744.99,1436
2026-03-18T10:00:00Z,40744.99,40893.38,40687.95,40799.55,843
2026-03-18T11:00:00Z,40799.55,40842.10,40746.52,40829.86,1186
2026-03-18T12:00:00Z,40829.86,40948.26,40617.01,40682.10,1072
2026-03-18T13:00:00Z,40682.10,40751.25,40429.59,40551.24,999
2026-03-18T14:00:00Z,40551.24,40660.72,40501.08,40521.34,1353
2026-03-18T15:00:00Z,40521.34,40574.01,40347.30,40347.30,1394
2026-03-18T16:00:00Z,40347.30,40513.13,40278.71,40513.13,1374
2026-03-18T17:00:00Z,40513.13,40525.28,40374.01,40491.43,1082
2026-03-18T18:00:00Z,40491.43,40594.90,40414.50,40501.75,1249
2026-03-18T19:00:00Z,40501.75,40693.30,40497.70,40599.93,1394
2026-03-18T20:00:00Z,40599.93,40697.36,40505.93,40530.24,1426
2026-03-18T21:00:00Z,40530.24,40672.09,40468.73,40472.77,749
2026-03-18T22:00:00Z,40472.77,40610.37,40287.36,40343.84,635
2026-03-18T23:00:00Z,40343.84,40351.90,40083.32,40187.80,905
2026-03-19T00:00:00Z,40187.80,40319.66,40079.30,40207.09,562
2026-03-19T01:00:00Z,40207.09,40247.29,40170.16,40194.27,676
2026-03-19T02:00:00Z,40194.27,40302.26,40097.81,40262.00,1446
2026-03-19T03:00:00Z,40262.00,40334.47,40092.30,40233.11,1467
2026-03-19T04:00:00Z,40233.11,40389.86,40208.98,40321.32,843
2026-03-19T05:00:00Z,40321.32,40341.48,40215.88,40284.36,1145
2026-03-19T06:00:00Z,40284.36,40381.04,39988.72,40036.76,1030
2026-03-19T07:00:00Z,40036.76,40064.16,40012.74,40048.15,635
2026-03-19T08:00:00Z,40048.15,40060.16,39862.55,39922.43,1217
2026-03-19T09:00:00Z,39922.43,40050.03,39806.66,39982.07,582
2026-03-19T10:00:00Z,39982.07,40042.04,39740.56,39836.16,1217
2026-03-19T11:00:00Z,39836.16,39875.33,39812.26,39843.46,1290
2026-03-19T12:00:00Z,39843.46,39983.41,39771.75,39943.47,1270
2026-03-19T13:00:00Z,39943.47,39979.41,39781.50,39801.40,1113
2026-03-19T14:00:00Z,39801.40,39865.08,39556.95,39695.88,635
2026-03-19T15:00:00Z,39695.88,39727.63,39391.64,39522.06,1165
2026-03-19T16:00:00Z,39522.06,39760.68,39446.97,39657.58,1103
2026-03-19T17:00:00Z,39657.58,39793.31,39625.86,39753.56,832
2026-03-19T18:00:00Z,39753.56,40043.07,39689.96,39963.15,1061
2026-03-19T19:00:00Z,39963.15,40091.03,39830.72,39950.57,864
2026-03-19T20:00:00Z,39950.57,40143.46,39862.68,40019.40,707
2026-03-19T21:00:00Z,40019.40,40149.56,40015.40,40141.54,1197
2026-03-19T22:00:00Z,40141.54,40253.93,39938.45,40014.47,999
2026-03-19T23:00:00Z,40014.47,40086.49,39786.19,39814.05,1374
2026-03-20T00:00:00Z,39814.05,40113.20,39802.11,39997.21,749
2026-03-20T01:00:00Z,39997.21,40093.08,39993.22,40053.03,718
2026-03-20T02:00:00Z,40053.03,40189.21,39849.12,39932.97,895
2026-03-20T03:00:00Z,39932.97,40080.73,39873.08,39972.81,759
2026-03-20T04:00:00Z,39972.81,39980.80,39849.03,39956.91,1519
2026-03-20T05:00:00Z,39956.91,40224.16,39944.93,40139.87,572
2026-03-20T06:00:00Z,40139.87,40143.88,40008.07,40028.08,978
2026-03-20T07:00:00Z,40028.08,40339.47,39952.03,40234.86,1509
2026-03-20T08:00:00Z,40234.86,40250.95,40206.83,40206.83,1124
2026-03-20T09:00:00Z,40206.83,40214.87,40142.90,40162.98,1009
2026-03-20T10:00:00Z,40162.98,40263.38,39940.27,39960.25,1488
2026-03-20T11:00:00Z,39960.25,40277.58,39820.39,40229.31,572
2026-03-20T12:00:00Z,40229.31,40333.19,40120.70,40300.95,749
2026-03-20T13:00:00Z,40300.95,40433.94,40245.21,40253.26,530
2026-03-20T14:00:00Z,40253.26,40378.04,40173.14,40237.52,1186
2026-03-20T15:00:00Z,40237.52,40293.85,40042.35,40134.65,739
2026-03-20T16:00:00Z,40134.65,40230.19,40022.28,40206.07,1134
2026-03-20T17:00:00Z,40206.07,40489.69,40101.54,40360.54,1145
2026-03-20T18:00:00Z,40360.54,40445.36,40259.64,40368.66,1342
2026-03-20T19:00:00Z,40368.66,40476.08,40287.93,40463.95,666
2026-03-20T20:00:00Z,40463.95,40836.43,40399.21,40702.12,1290
2026-03-20T21:00:00Z,40702.12,40842.73,40575.95,40793.78,1124
2026-03-20T22:00:00Z,40793.78,40895.11,40651.01,40821.64,1436
2026-03-20T23:00:00Z,40821.64,40882.87,40575.31,40717.82,1030
2026-03-21T00:00:00Z,40717.82,40807.39,40552.47,40662.25,739
2026-03-21T01:00:00Z,40662.25,40863.16,40625.66,40745.00,1186
2026-03-21T02:00:00Z,40745.00,40950.31,40745.00,40888.98,530
2026-03-21T03:00:00Z,40888.98,40972.16,40844.01,40890.38,1488
2026-03-21T04:00:00Z,40890.38,40951.71,40769.20,40867.28,895
2026-03-21T05:00:00Z,40867.28,40924.49,40774.82,40803.38,1353
2026-03-21T06:00:00Z,40803.38,40811.54,40609.34,40707.03,739
2026-03-21T07:00:00Z,40707.03,40944.75,40690.75,40801.95,999
2026-03-21T08:00:00Z,40801.95,41036.05,40667.31,40929.64,1009
2026-03-21T09:00:00Z,40929.64,41017.00,40896.90,40935.13,1332
2026-03-21T10:00:00Z,40935.13,41067.45,40816.42,41018.23,1009
2026-03-21T11:00:00Z,41018.23,41093.45,40915.69,41019.62,1540
2026-03-21T12:00:00Z,41019.62,41246.65,40880.16,41115.09,1446
2026-03-21T13:00:00Z,41115.09,41139.75,40948.38,41014.00,1519
2026-03-21T14:00:00Z,41014.00,41075.52,40966.34,40970.43,1540
2026-03-21T15:00:00Z,40970.43,41107.04,40904.88,40996.35,968
2026-03-21T16:00:00Z,40996.35,41053.74,40870.89,40961.00,947
2026-03-21T17:00:00Z,40961.00,41079.78,40876.65,40913.47,624
2026-03-21T18:00:00Z,40913.47,41160.30,40868.47,41016.75,1353
2026-03-21T19:00:00Z,41016.75,41111.08,40813.83,40907.91,676
2026-03-21T20:00:00Z,40907.91,40948.81,40803.22,40872.70,1311
2026-03-21T21:00:00Z,40872.70,41013.00,40770.52,40918.89,978
2026-03-21T22:00:00Z,40918.89,41004.81,40749.20,40810.41,1363
2026-03-21T23:00:00Z,40810.41,41080.96,40728.79,40941.76,811
2026-03-22T00:00:00Z,40941.76,41080.71,40855.79,40957.84,1457
2026-03-22T01:00:00Z,40957.84,41314.20,40884.12,41264.69,1082
2026-03-22T02:00:00Z,41264.69,41314.20,41008.74,41041.57,884
2026-03-22T03:00:00Z,41041.57,41176.76,40975.91,41069.98,791
2026-03-22T04:00:00Z,41069.98,41180.61,41045.34,41102.52,1238
2026-03-22T05:00:00Z,41102.52,41151.84,40802.78,40933.76,978
2026-03-22T06:00:00Z,40933.76,41154.74,40901.02,41027.56,666
2026-03-22T07:00:00Z,41027.56,41064.48,40867.46,40928.85,874
2026-03-22T08:00:00Z,40928.85,41002.52,40748.74,40818.13,1519
2026-03-22T09:00:00Z,40818.13,40834.45,40679.27,40719.98,1093
2026-03-22T10:00:00Z,40719.98,40838.06,40410.98,40544.77,1311
2026-03-22T11:00:00Z,40544.77,40597.47,40394.73,40443.26,936
2026-03-22T12:00:00Z,40443.26,40528.19,40277.48,40337.98,1290
2026-03-22T13:00:00Z,40337.98,40354.11,40055.92,40096.01,749
2026-03-22T14:00:00Z,40096.01,40187.95,40067.95,40171.89,1332
2026-03-22T15:00:00Z,40171.89,40340.39,40083.52,40279.98,645
2026-03-22T16:00:00Z,40279.98,40509.52,40139.01,40376.28,582
2026-03-22T17:00:00Z,40376.28,40646.60,40335.91,40573.57,791
2026-03-22T18:00:00Z,40573.57,40666.51,40557.35,40658.38,562
2026-03-22T19:00:00Z,40658.38,40727.19,40589.27,40702.77,791
2026-03-22T20:00:00Z,40702.77,40787.95,40560.32,40739.07,1467
2026-03-22T21:00:00Z,40739.07,40857.21,40653.36,40706.27,895
2026-03-22T22:00:00Z,40706.27,40758.90,40706.27,40722.25,1093
2026-03-22T23:00:00Z,40722.25,40937.61,40583.80,40896.72,1176
2026-03-23T00:00:00Z,40896.72,41016.35,40778.12,40999.96,1405
2026-03-23T01:00:00Z,40999.96,41081.95,40955.87,40968.16,1446
2026-03-23T02:00:00Z,40968.16,40968.16,40825.87,40928.19,1332
2026-03-23T03:00:00Z,40928.19,40989.58,40884.16,40884.16,864
2026-03-23T04:00:00Z,40884.16,41027.25,40689.11,40815.63,853
2026-03-23T05:00:00Z,40815.63,40815.63,40600.52,40681.88,1238
2026-03-23T06:00:00Z,40681.88,40824.26,40495.77,40528.19,1509
2026-03-23T07:00:00Z,40528.19,40637.61,40448.11,40468.34,1165
2026-03-23T08:00:00Z,40468.34,40585.69,40356.02,40453.10,1540
2026-03-23T09:00:00Z,40453.10,40567.33,40364.11,40458.10,1436
2026-03-23T10:00:00Z,40458.10,40535.98,40365.05,40499.54,1103
2026-03-23T11:00:00Z,40499.54,40535.98,40156.56,40237.03,697
2026-03-23T12:00:00Z,40237.03,40532.34,40136.44,40439.33,822
2026-03-23T13:00:00Z,40439.33,40671.22,40297.80,40606.25,1041
2026-03-23T14:00:00Z,40606.25,40802.37,40464.13,40660.06,1353
2026-03-23T15:00:00Z,40660.06,40885.03,40590.94,40856.44,562
2026-03-23T16:00:00Z,40856.44,40913.63,40596.18,40706.08,1311
2026-03-23T17:00:00Z,40706.08,40710.15,40625.58,40637.77,676
2026-03-23T18:00:00Z,40637.77,40690.59,40528.97,40557.36,1155
2026-03-23T19:00:00Z,40557.36,40720.68,40516.81,40582.70,1488
2026-03-23T20:00:00Z,40582.70,40685.14,40582.70,40587.73,676
2026-03-23T21:00:00Z,40587.73,40729.78,40503.38,40515.53,1540
2026-03-23T22:00:00Z,40515.53,40768.27,40418.30,40630.13,1446
2026-03-23T23:00:00Z,40630.13,40704.36,40573.25,40679.96,582
2026-03-24T00:00:00Z,40679.96,40730.21,40667.76,40697.66,1093
2026-03-24T01:00:00Z,40697.66,40742.42,40625.87,40662.46,811
2026-03-24T02:00:00Z,40662.46,40712.71,40634.00,40680.17,1478
2026-03-24T03:00:00Z,40680.17,40692.37,40494.45,40518.76,1009
2026-03-24T04:00:00Z,40518.76,40540.43,40494.45,40532.33,676
2026-03-24T05:00:00Z,40532.33,40629.60,40233.71,40273.98,1519
2026-03-24T06:00:00Z,40273.98,40400.29,40145.11,40311.61,1384
2026-03-24T07:00:00Z,40311.61,40421.91,40299.52,40341.23,1519
2026-03-24T08:00:00Z,40341.23,40419.38,40341.23,40403.22,562
2026-03-24T09:00:00Z,40403.22,40647.67,40261.81,40522.06,884
2026-03-24T10:00:00Z,40522.06,40663.88,40320.72,40385.33,1113
2026-03-24T11:00:00Z,40385.33,40425.71,40237.24,40321.91,1030
2026-03-24T12:00:00Z,40321.91,40440.51,40204.98,40396.08,822
2026-03-24T13:00:00Z,40396.08,40533.42,40243.46,40247.48,1509
2026-03-24T14:00:00Z,40247.48,40345.75,40134.79,40325.59,1113
2026-03-24T15:00:00Z,40325.59,40541.26,40216.72,40403.89,1176
2026-03-24T16:00:00Z,40403.89,40488.73,40360.76,40380.95,676
2026-03-24T17:00:00Z,40380.95,40471.48,40239.62,40439.13,1228
2026-03-24T18:00:00Z,40439.13,40558.09,40427.00,40481.18,582
2026-03-24T19:00:00Z,40481.18,40604.06,40456.90,40482.62,1446
2026-03-24T20:00:00Z,40482.62,40579.77,40390.77,40439.29,864
2026-03-24T21:00:00Z,40439.29,40680.65,40297.76,40660.32,811
2026-03-24T22:00:00Z,40660.32,40841.31,40574.94,40731.34,1061
2026-03-24T23:00:00Z,40731.34,40755.77,40635.10,40728.77,1384
2026-03-25T00:00:00Z,40728.77,40781.71,40450.59,40551.96,1519
2026-03-25T01:00:00Z,40551.96,40899.74,40535.74,40765.22,770
2026-03-25T02:00:00Z,40765.22,40765.22,40682.05,40763.57,905
2026-03-25T03:00:00Z,40763.57,40763.57,40542.48,40623.72,1374
2026-03-25T04:00:00Z,40623.72,40833.05,40558.73,40796.34,999
2026-03-25T05:00:00Z,40796.34,41002.65,40714.75,40896.32,1426
2026-03-25T06:00:00Z,40896.32,40943.73,40802.26,40898.75,947
2026-03-25T07:00:00Z,40898.75,40935.55,40795.47,40807.71,759
2026-03-25T08:00:00Z,40807.71,40899.69,40779.15,40867.00,843
2026-03-25T09:00:00Z,40867.00,40940.56,40589.28,40707.33,801
2026-03-25T10:00:00Z,40707.33,40945.38,40650.34,40835.13,1051
2026-03-25T11:00:00Z,40835.13,40912.71,40671.55,40724.49,1301
2026-03-25T12:00:00Z,40724.49,40982.12,40651.19,40916.66,926
2026-03-25T13:00:00Z,40916.66,41070.60,40847.11,40927.36,947
2026-03-25T14:00:00Z,40927.36,40951.91,40715.29,40764.20,624
2026-03-25T15:00:00Z,40764.20,40884.80,40694.91,40803.20,864
2026-03-25T16:00:00Z,40803.20,40909.28,40704.94,40741.60,687
2026-03-25T17:00:00Z,40741.60,40939.27,40696.79,40808.69,1124
2026-03-25T18:00:00Z,40808.69,41219.76,40796.45,41112.87,853
2026-03-25T19:00:00Z,41112.87,41307.85,40989.54,41180.20,968
2026-03-25T20:00:00Z,41180.20,41311.97,41051.58,41154.46,1301
2026-03-25T21:00:00Z,41154.46,41259.73,41043.35,41173.27,832
2026-03-25T22:00:00Z,41173.27,41448.20,41156.81,41381.99,1207
2026-03-25T23:00:00Z,41381.99,41388.57,41377.86,41388.57,905
2026-03-26T00:00:00Z,41388.57,41434.09,41215.42,41356.03,884
2026-03-26T01:00:00Z,41356.03,41464.20,41231.97,41431.06,1405
2026-03-26T02:00:00Z,41431.06,41605.90,41352.35,41568.49,1207
2026-03-26T03:00:00Z,41568.49,41689.84,41435.48,41623.25,645
2026-03-26T04:00:00Z,41623.25,41768.93,41453.35,41578.08,1051
2026-03-26T05:00:00Z,41578.08,41682.86,41548.98,41632.91,1561
2026-03-26T06:00:00Z,41632.91,41766.13,41408.75,41487.57,1217
2026-03-26T07:00:00Z,41487.57,41541.50,41359.40,41384.23,905
2026-03-26T08:00:00Z,41384.23,41520.79,41231.69,41330.88,811
2026-03-26T09:00:00Z,41330.88,41450.73,41194.88,41240.24,895
2026-03-26T10:00:00Z,41240.24,41348.30,41120.65,41290.50,1082
2026-03-26T11:00:00Z,41290.50,41311.14,41034.79,41129.38,1446
2026-03-26T12:00:00Z,41129.38,41248.65,40833.41,40939.85,1426
2026-03-26T13:00:00Z,40939.85,41236.61,40903.01,41158.41,1217
2026-03-26T14:00:00Z,41158.41,41216.03,40812.81,40947.93,978
2026-03-26T15:00:00Z,40947.93,41339.84,40808.71,41253.21,655
2026-03-26T16:00:00Z,41253.21,41357.49,41199.59,41332.70,718
2026-03-26T17:00:00Z,41332.70,41402.96,41175.31,41179.42,1061
2026-03-26T18:00:00Z,41179.42,41345.19,41109.42,41225.64,1509
2026-03-26T19:00:00Z,41225.64,41308.72,41089.60,41226.27,801
2026-03-26T20:00:00Z,41226.27,41238.63,41098.33,41118.88,1113
2026-03-26T21:00:00Z,41118.88,41209.34,40966.77,41032.42,635
2026-03-26T22:00:00Z,41032.42,41073.45,40691.35,40826.07,843
2026-03-26T23:00:00Z,40826.07,41016.03,40752.59,41011.93,697
2026-03-27T00:00:00Z,41011.93,41121.68,41011.93,41051.90,770
2026-03-27T01:00:00Z,41051.90,41112.38,40990.33,41112.38,791
2026-03-27T02:00:00Z,41112.38,41296.33,41001.38,41218.02,1467
2026-03-27T03:00:00Z,41218.02,41362.28,41044.12,41151.11,770
2026-03-27T04:00:00Z,41151.11,41339.33,41064.70,41215.69,655
2026-03-27T05:00:00Z,41215.69,41252.78,41021.40,41153.08,1446
2026-03-27T06:00:00Z,41153.08,41410.01,41033.74,41410.01,1353
2026-03-27T07:00:00Z,41410.01,41739.60,41281.64,41598.17,1207
2026-03-27T08:00:00Z,41598.17,41721.16,41514.98,41679.49,947
2026-03-27T09:00:00Z,41679.49,41839.42,41596.14,41839.42,603
2026-03-27T10:00:00Z,41839.42,41999.74,41822.69,41999.74,666
2026-03-27T11:00:00Z,41999.74,42064.74,41949.35,42064.74,936
2026-03-27T12:00:00Z,42064.74,42081.56,42012.66,42063.13,874
2026-03-27T13:00:00Z,42063.13,42111.48,42008.45,42111.48,1186
2026-03-27T14:00:00Z,42111.48,42520.16,41968.31,42384.53,707
2026-03-27T15:00:00Z,42384.53,42418.43,42298.16,42370.18,1249
2026-03-27T16:00:00Z,42370.18,42484.57,42284.32,42326.64,614
2026-03-27T17:00:00Z,42326.64,42347.80,42023.78,42112.21,1134
2026-03-27T18:00:00Z,42112.21,42282.54,42027.99,42177.10,978
2026-03-27T19:00:00Z,42177.10,42215.05,42053.79,42150.73,1259
2026-03-27T20:00:00Z,42150.73,42167.59,41953.38,42037.45,811
2026-03-27T21:00:00Z,42037.45,42125.72,41853.70,41908.18,593
2026-03-27T22:00:00Z,41908.18,42063.57,41903.99,42050.96,1540
2026-03-27T23:00:00Z,42050.96,42147.67,41932.90,42008.51,916
2026-03-28T00:00:00Z,42008.51,42008.51,41882.62,41886.80,770
2026-03-28T01:00:00Z,41886.80,42104.95,41886.80,42046.09,1249
2026-03-28T02:00:00Z,42046.09,42197.72,42004.05,42117.70,541
2026-03-28T03:00:00Z,42117.70,42176.66,42029.41,42100.98,1290
2026-03-28T04:00:00Z,42100.98,42256.92,41983.10,42113.74,759
2026-03-28T05:00:00Z,42113.74,42257.20,42084.27,42181.28,843
2026-03-28T06:00:00Z,42181.28,42401.07,42134.89,42261.61,1082
2026-03-28T07:00:00Z,42261.61,42392.92,42227.81,42342.11,1259
2026-03-28T08:00:00Z,42342.11,42409.85,41987.04,42096.49,582
2026-03-28T09:00:00Z,42096.49,42227.26,42071.24,42210.38,988
2026-03-28T10:00:00Z,42210.38,42231.48,42037.55,42164.04,1488
2026-03-28T11:00:00Z,42164.04,42256.95,42100.80,42168.40,739
2026-03-28T12:00:00Z,42168.40,42307.86,42134.67,42303.63,1113
2026-03-28T13:00:00Z,42303.63,42358.62,42113.43,42172.47,1217
2026-03-28T14:00:00Z,42172.47,42311.63,42071.40,42134.60,666
2026-03-28T15:00:00Z,42134.60,42231.79,42012.41,42214.91,1426
2026-03-28T16:00:00Z,42214.91,42324.66,42109.51,42168.54,1467
2026-03-28T17:00:00Z,42168.54,42418.04,42084.21,42295.39,1270
2026-03-28T18:00:00Z,42295.39,42299.61,42198.26,42261.65,1353
2026-03-28T19:00:00Z,42261.65,42266.03,42172.91,42266.03,1551
2026-03-28T20:00:00Z,42266.03,42418.65,42261.81,42367.81,1009
2026-03-28T21:00:00Z,42367.81,42495.26,42228.00,42418.91,770
2026-03-28T22:00:00Z,42418.91,42554.65,42380.89,42410.57,1020
2026-03-28T23:00:00Z,42410.57,42610.50,42300.31,42500.00,1405
2026-03-29T00:00:00Z,42500.00,42576.50,42383.76,42464.44,1145
2026-03-29T01:00:00Z,42464.44,42649.91,42320.07,42552.05,1467
2026-03-29T02:00:00Z,42552.05,42624.38,42338.10,42474.01,957
2026-03-29T03:00:00Z,42474.01,42638.21,42440.04,42497.97,551
2026-03-29T04:00:00Z,42497.97,42591.46,42301.38,42432.92,603
2026-03-29T05:00:00Z,42432.92,42437.16,42207.40,42262.34,1082
2026-03-29T06:00:00Z,42262.34,42384.90,42088.33,42172.67,843
2026-03-29T07:00:00Z,42172.67,42311.83,42015.91,42104.32,905
2026-03-29T08:00:00Z,42104.32,42355.08,42020.12,42291.65,791
2026-03-29T09:00:00Z,42291.65,42446.28,42147.86,42408.12,728
2026-03-29T10:00:00Z,42408.12,42676.80,42276.66,42646.95,1238
2026-03-29T11:00:00Z,42646.95,42774.89,42501.17,42573.54,1561
2026-03-29T12:00:00Z,42573.54,42611.85,42352.46,42377.88,645
2026-03-29T13:00:00Z,42377.88,42526.20,42212.69,42238.03,1478
2026-03-29T14:00:00Z,42238.03,42335.17,42072.43,42220.20,801
2026-03-29T15:00:00Z,42220.20,42334.19,42043.28,42089.57,1332
2026-03-29T16:00:00Z,42089.57,42134.65,42013.81,42113.60,1311
2026-03-29T17:00:00Z,42113.60,42368.39,42063.07,42245.88,1186
2026-03-29T18:00:00Z,42245.88,42367.24,42098.02,42257.38,801
2026-03-29T19:00:00Z,42257.38,42398.97,42172.87,42348.16,1030
2026-03-29T20:00:00Z,42348.16,42449.79,42132.76,42246.82,864
2026-03-29T21:00:00Z,42246.82,42564.91,42115.86,42429.14,1207
2026-03-29T22:00:00Z,42429.14,42580.01,42318.83,42490.78,728
2026-03-29T23:00:00Z,42490.78,42763.90,42490.78,42644.50,1311
2026-03-30T00:00:00Z,42644.50,42772.43,42540.58,42587.42,1061
2026-03-30T01:00:00Z,42587.42,42829.04,42544.84,42700.94,541
2026-03-30T02:00:00Z,42700.94,42824.77,42665.32,42673.85,1072
2026-03-30T03:00:00Z,42673.85,42793.33,42471.73,42565.37,926
2026-03-30T04:00:00Z,42565.37,42595.16,42372.29,42508.31,645
2026-03-30T05:00:00Z,42508.31,42767.82,42440.30,42682.46,905
2026-03-30T06:00:00Z,42682.46,42793.43,42552.96,42625.42,530
2026-03-30T07:00:00Z,42625.42,42774.60,42551.90,42624.36,645
2026-03-30T08:00:00Z,42624.36,42743.70,42237.34,42347.44,1519
2026-03-30T09:00:00Z,42347.44,42415.19,42171.28,42234.63,697
2026-03-30T10:00:00Z,42234.63,42255.74,41995.39,42113.30,1113
2026-03-30T11:00:00Z,42113.30,42176.46,41966.79,41987.78,541
2026-03-30T12:00:00Z,41987.78,42046.56,41659.07,41734.19,614
2026-03-30T13:00:00Z,41734.19,41800.96,41516.37,41553.76,1405
2026-03-30T14:00:00Z,41553.76,41587.00,41437.96,41466.98,582
2026-03-30T15:00:00Z,41466.98,41558.20,41078.36,41193.70,1093
2026-03-30T16:00:00Z,41193.70,41337.38,41140.15,41263.11,718
2026-03-30T17:00:00Z,41263.11,41436.02,41188.84,41324.45,947
2026-03-30T18:00:00Z,41324.45,41394.70,41268.04,41292.81,1207
2026-03-30T19:00:00Z,41292.81,41387.78,41261.31,41265.43,645
2026-03-30T20:00:00Z,41265.43,41331.45,41208.60,41216.84,728
2026-03-30T21:00:00Z,41216.84,41348.73,41113.81,41138.49,1446
2026-03-30T22:00:00Z,41138.49,41154.94,41111.42,41119.64,1488
2026-03-30T23:00:00Z,41119.64,41163.36,41099.09,41126.35,1436
2026-03-31T00:00:00Z,41126.35,41235.95,41019.43,41161.86,1030
2026-03-31T01:00:00Z,41161.86,41293.57,41061.57,41160.35,801
2026-03-31T02:00:00Z,41160.35,41275.59,40965.68,41093.06,1551
2026-03-31T03:00:00Z,41093.06,41216.33,40825.14,40952.09,1249
2026-03-31T04:00:00Z,40952.09,40976.66,40660.78,40779.03,1332
2026-03-31T05:00:00Z,40779.03,40917.67,40684.12,40737.07,853
2026-03-31T06:00:00Z,40737.07,40939.52,40733.00,40817.07,999
2026-03-31T07:00:00Z,40817.07,40950.32,40735.44,40897.16,780
2026-03-31T08:00:00Z,40897.16,40929.87,40627.02,40675.83,780
2026-03-31T09:00:00Z,40675.83,40971.29,40631.09,40856.90,1176
2026-03-31T10:00:00Z,40856.90,40938.61,40660.27,40745.83,905
2026-03-31T11:00:00Z,40745.83,40758.05,40643.24,40659.50,884
2026-03-31T12:00:00Z,40659.50,40708.29,40577.28,40621.96,749
2026-03-31T13:00:00Z,40621.96,40719.45,40431.03,40455.30,905
2026-03-31T14:00:00Z,40455.30,40568.57,40305.44,40337.71,1551
2026-03-31T15:00:00Z,40337.71,40452.93,40232.84,40448.89,593
2026-03-31T16:00:00Z,40448.89,40586.41,40162.37,40295.34,853
2026-03-31T17:00:00Z,40295.34,40475.40,40242.96,40358.37,1217
2026-03-31T18:00:00Z,40358.37,40410.83,40212.71,40305.41,947
2026-03-31T19:00:00Z,40305.41,40489.19,40196.59,40404.35,562
2026-03-31T20:00:00Z,40404.35,40424.55,40202.93,40263.32,811
2026-03-31T21:00:00Z,40263.32,40475.15,40166.69,40358.12,1113
2026-03-31T22:00:00Z,40358.12,40454.97,40289.06,40317.28,707
2026-03-31T23:00:00Z,40317.28,40389.85,40088.28,40192.78,1228
2026-04-01T00:00:00Z,40192.78,40391.49,40172.69,40335.03,1322
2026-04-01T01:00:00Z,40335.03,40460.06,40175.42,40268.03,822
2026-04-01T02:00:00Z,40268.03,40394.37,40143.20,40394.37,1530
2026-04-01T03:00:00Z,40394.37,40511.51,40242.61,40323.25,1436
2026-04-01T04:00:00Z,40323.25,40425.65,40234.54,40353.02,780
2026-04-01T05:00:00Z,40353.02,40612.99,40223.90,40527.89,1103
2026-04-01T06:00:00Z,40527.89,40527.89,40347.35,40448.47,1124
2026-04-01T07:00:00Z,40448.47,40581.94,40332.90,40389.44,1072
2026-04-01T08:00:00Z,40389.44,40431.32,40256.16,40423.24,1009
2026-04-01T09:00:00Z,40423.24,40520.25,40275.54,40344.12,770
2026-04-01T10:00:00Z,40344.12,40470.74,40283.61,40377.88,1342
2026-04-01T11:00:00Z,40377.88,40385.95,40222.39,40258.62,1051
2026-04-01T12:00:00Z,40258.62,40348.76,40162.00,40272.25,1509
2026-04-01T13:00:00Z,40272.25,40442.99,40240.04,40301.94,1540
2026-04-01T14:00:00Z,40301.94,40436.51,40237.46,40331.65,1374
2026-04-01T15:00:00Z,40331.65,40405.79,40255.02,40345.28,728
2026-04-01T16:00:00Z,40345.28,40600.74,40240.39,40515.66,1103
2026-04-01T17:00:00Z,40515.66,40610.34,40438.69,40537.38,1353
2026-04-01T18:00:00Z,40537.38,40577.91,40381.46,40413.79,1061
2026-04-01T19:00:00Z,40413.79,40451.74,40393.59,40415.37,791
2026-04-01T20:00:00Z,40415.37,40546.19,40294.13,40449.12,1072
2026-04-01T21:00:00Z,40449.12,40505.74,40289.45,40370.19,947
2026-04-01T22:00:00Z,40370.19,40568.88,40309.64,40532.41,1488
2026-04-01T23:00:00Z,40532.41,40801.07,40443.24,40687.15,905
2026-04-02T00:00:00Z,40687.15,40875.08,40589.51,40789.43,1499
2026-04-02T01:00:00Z,40789.43,40817.98,40659.57,40732.88,666
2026-04-02T02:00:00Z,40732.88,40945.39,40594.39,40814.79,978
2026-04-02T03:00:00Z,40814.79,40843.36,40778.67,40799.06,645
2026-04-02T04:00:00Z,40799.06,40848.01,40653.07,40754.95,1499
2026-04-02T05:00:00Z,40754.95,40779.40,40540.57,40597.40,1426
2026-04-02T06:00:00Z,40597.40,40670.47,40448.76,40489.24,624
2026-04-02T07:00:00Z,40489.24,40559.05,40347.53,40490.22,1499
2026-04-02T08:00:00Z,40490.22,40591.44,40301.95,40382.71,530
2026-04-02T09:00:00Z,40382.71,40532.40,40358.49,40500.00,1499
2026-04-02T10:00:00Z,40500.00,40670.24,40390.65,40617.44,707
2026-04-02T11:00:00Z,40617.44,40625.56,40505.48,40550.08,520
2026-04-02T12:00:00Z,40550.08,40982.28,40537.92,40876.01,1301
2026-04-02T13:00:00Z,40876.01,40897.18,40798.35,40884.92,936
2026-04-02T14:00:00Z,40884.92,40967.22,40766.36,40914.04,759
2026-04-02T15:00:00Z,40914.04,40979.53,40840.40,40975.44,603
2026-04-02T16:00:00Z,40975.44,41114.75,40792.90,40919.75,655
2026-04-02T17:00:00Z,40919.75,40940.20,40774.11,40880.39,1322
2026-04-02T18:00:00Z,40880.39,41020.04,40749.58,40905.51,1301
2026-04-02T19:00:00Z,40905.51,40979.11,40778.71,40966.82,1322
2026-04-02T20:00:00Z,40966.82,41028.83,40872.60,40991.94,645
2026-04-02T21:00:00Z,40991.94,41086.17,40950.95,41049.23,1342
2026-04-02T22:00:00Z,41049.23,41159.28,40967.14,41138.72,707
2026-04-02T23:00:00Z,41138.72,41310.73,41130.50,41228.28,1467
2026-04-03T00:00:00Z,41228.28,41404.76,41083.99,41367.53,926
2026-04-03T01:00:00Z,41367.53,41462.67,41304.61,41325.27,947
2026-04-03T02:00:00Z,41325.27,41358.33,41241.75,41311.98,1176
2026-04-03T03:00:00Z,41311.98,41518.03,41303.72,41435.16,1186
2026-04-03T04:00:00Z,41435.16,41484.08,41364.73,41463.35,1290
2026-04-03T05:00:00Z,41463.35,41463.35,41350.58,41454.21,541
2026-04-03T06:00:00Z,41454.21,41549.55,41395.28,41411.84,1530
2026-04-03T07:00:00Z,41411.84,41672.56,41341.44,41527.22,832
2026-04-03T08:00:00Z,41527.22,41601.96,41501.45,41505.60,895
2026-04-03T09:00:00Z,41505.60,41604.67,41468.25,41583.88,936
2026-04-03T10:00:00Z,41583.88,41662.31,41475.77,41637.33,1332
2026-04-03T11:00:00Z,41637.33,41858.06,41512.42,41820.43,801
2026-04-03T12:00:00Z,41820.43,41820.43,41585.50,41727.37,968
2026-04-03T13:00:00Z,41727.37,41918.94,41643.92,41772.74,1249
2026-04-03T14:00:00Z,41772.74,41918.94,41742.73,41755.25,1197
2026-04-03T15:00:00Z,41755.25,41809.53,41653.92,41662.25,687
2026-04-03T16:00:00Z,41662.25,41808.06,41515.10,41531.71,1197
2026-04-03T17:00:00Z,41531.71,41652.15,41489.18,41489.18,832
2026-04-03T18:00:00Z,41489.18,41662.99,41472.59,41525.96,676
2026-04-03T19:00:00Z,41525.96,41638.08,41404.50,41462.54,603
2026-04-03T20:00:00Z,41462.54,41491.56,41174.54,41232.26,884
2026-04-03T21:00:00Z,41232.26,41256.99,41103.07,41140.09,1020
2026-04-03T22:00:00Z,41140.09,41271.73,40940.80,40981.78,1061
2026-04-03T23:00:00Z,40981.78,40997.40,40899.82,40997.40,603
2026-04-04T00:00:00Z,40997.40,41138.20,40960.51,41109.43,687
2026-04-04T01:00:00Z,41109.43,41150.53,41049.12,41077.87,1478
2026-04-04T02:00:00Z,41077.87,41196.99,41017.62,41017.62,780
2026-04-04T03:00:00Z,41017.62,41215.94,40976.61,41158.32,541
2026-04-04T04:00:00Z,41158.32,41170.66,41060.88,41155.53,520
2026-04-04T05:00:00Z,41155.53,41403.87,41036.18,41333.61,1228
2026-04-04T06:00:00Z,41333.61,41428.67,41153.34,41178.04,562
2026-04-04T07:00:00Z,41178.04,41245.20,41050.39,41224.59,864
2026-04-04T08:00:00Z,41224.59,41241.07,40987.39,41077.76,843
2026-04-04T09:00:00Z,41077.76,41346.07,40987.39,41267.67,1478
2026-04-04T10:00:00Z,41267.67,41396.90,41242.91,41306.03,1415
2026-04-04T11:00:00Z,41306.03,41334.94,41084.93,41154.89,1426
2026-04-04T12:00:00Z,41154.89,41300.24,41031.43,41201.36,728
2026-04-04T13:00:00Z,41201.36,41292.00,40968.61,41046.59,697
2026-04-04T14:00:00Z,41046.59,41109.47,40939.87,41068.41,1394
2026-04-04T15:00:00Z,41068.41,41068.41,40996.09,40996.09,999
2026-04-04T16:00:00Z,40996.09,41135.47,40960.62,40985.21,811
2026-04-04T17:00:00Z,40985.21,41141.76,40878.65,41133.54,1165
2026-04-04T18:00:00Z,41133.54,41182.90,41081.60,41093.92,822
2026-04-04T19:00:00Z,41093.92,41151.45,40952.01,40993.00,1165
2026-04-04T20:00:00Z,40993.00,41162.11,40923.32,41100.46,791
2026-04-04T21:00:00Z,41100.46,41207.32,40991.21,41044.56,1176
2026-04-04T22:00:00Z,41044.56,41205.22,40946.06,41201.10,780
2026-04-04T23:00:00Z,41201.10,41391.08,41172.26,41378.67,1176
2026-04-05T00:00:00Z,41378.67,41502.80,41244.43,41376.83,1384
2026-04-05T01:00:00Z,41376.83,41509.23,41246.83,41337.77,988
2026-04-05T02:00:00Z,41337.77,41464.02,41321.24,41464.02,687
2026-04-05T03:00:00Z,41464.02,41532.67,41347.93,41478.75,530
2026-04-05T04:00:00Z,41478.75,41557.55,41216.19,41344.35,603
2026-04-05T05:00:00Z,41344.35,41418.76,41214.60,41284.78,926
2026-04-05T06:00:00Z,41284.78,41342.57,41225.27,41270.66,1103
2026-04-05T07:00:00Z,41270.66,41376.15,41245.90,41322.44,1020
2026-04-05T08:00:00Z,41322.44,41429.87,41106.26,41250.63,1509
2026-04-05T09:00:00Z,41250.63,41306.61,41147.51,41261.23,624
2026-04-05T10:00:00Z,41261.23,41347.87,41205.94,41243.05,905
2026-04-05T11:00:00Z,41243.05,41344.39,41218.31,41265.99,1530
2026-04-05T12:00:00Z,41265.99,41377.40,40989.00,41001.30,1093
2026-04-05T13:00:00Z,41001.30,41036.53,40898.80,41011.93,1342
2026-04-05T14:00:00Z,41011.93,41141.30,40970.92,41079.69,1530
2026-04-05T15:00:00Z,41079.69,41079.69,40902.33,40935.07,1301
2026-04-05T16:00:00Z,40935.07,41080.74,40791.80,40970.13,1530
2026-04-05T17:00:00Z,40970.13,41091.37,40953.75,40992.99,1478
2026-04-05T18:00:00Z,40992.99,41134.47,40861.82,41072.87,1113
2026-04-05T19:00:00Z,41072.87,41316.69,40961.98,41258.93,1113
2026-04-05T20:00:00Z,41258.93,41308.44,41166.90,41208.10,1186
2026-04-05T21:00:00Z,41208.10,41494.26,41076.24,41357.78,957
2026-04-05T22:00:00Z,41357.78,41624.35,41270.93,41479.18,718
2026-04-05T23:00:00Z,41479.18,41624.35,41300.03,41386.94,1165
2026-04-06T00:00:00Z,41386.94,41574.74,41287.62,41454.53,936
2026-04-06T01:00:00Z,41454.53,41493.21,41400.64,41476.62,1238
2026-04-06T02:00:00Z,41476.62,41726.94,41410.26,41689.42,697
2026-04-06T03:00:00Z,41689.42,41832.52,41626.89,41703.24,1051
2026-04-06T04:00:00Z,41703.24,41846.40,41682.39,41733.72,603
2026-04-06T05:00:00Z,41733.72,41818.51,41712.86,41747.54,1259
2026-04-06T06:00:00Z,41747.54,41860.25,41611.28,41690.49,1467
2026-04-06T07:00:00Z,41690.49,41828.06,41396.60,41492.03,1207
2026-04-06T08:00:00Z,41492.03,41572.21,41380.01,41514.10,759
2026-04-06T09:00:00Z,41514.10,41561.04,41447.68,41561.04,832
2026-04-06T10:00:00Z,41561.04,41706.50,41359.29,41396.54,1415
2026-04-06T11:00:00Z,41396.54,41559.40,41351.01,41426.84,1519
2026-04-06T12:00:00Z,41426.84,41672.58,41314.99,41572.81,926
2026-04-06T13:00:00Z,41572.81,41748.67,41556.19,41669.50,801
2026-04-06T14:00:00Z,41669.50,41725.02,41565.33,41670.85,551
2026-04-06T15:00:00Z,41670.85,41683.35,41468.72,41468.72,999
2026-04-06T16:00:00Z,41468.72,41635.78,41365.05,41565.12,1561
2026-04-06T17:00:00Z,41565.12,41707.81,41548.50,41574.78,1238
2026-04-06T18:00:00Z,41574.78,41729.79,41541.53,41654.82,551
2026-04-06T19:00:00Z,41654.82,41764.33,41634.00,41705.95,811
2026-04-06T20:00:00Z,41705.95,42007.03,41668.42,41919.01,1488
2026-04-06T21:00:00Z,41919.01,42048.95,41615.86,41665.85,1446
2026-04-06T22:00:00Z,41665.85,41695.01,41555.18,41588.45,541
2026-04-06T23:00:00Z,41588.45,41855.10,41546.87,41804.94,1072
2026-04-07T00:00:00Z,41804.94,41913.63,41779.42,41779.42,1207
2026-04-07T01:00:00Z,41779.42,41925.23,41720.93,41787.34,697
2026-04-07T02:00:00Z,41787.34,41812.41,41515.54,41640.46,603
2026-04-07T03:00:00Z,41640.46,41903.03,41602.99,41806.88,811
2026-04-07T04:00:00Z,41806.88,41898.85,41743.73,41768.79,666
2026-04-07T05:00:00Z,41768.79,41848.15,41651.11,41659.44,1374
2026-04-07T06:00:00Z,41659.44,41717.76,41513.05,41587.90,1051
2026-04-07T07:00:00Z,41587.90,41654.14,41442.35,41612.53,1311
2026-04-07T08:00:00Z,41612.53,41879.93,41475.21,41825.56,1561
2026-04-07T09:00:00Z,41825.56,41951.03,41590.11,41635.90,1519
2026-04-07T10:00:00Z,41635.90,41719.18,41590.11,41681.67,1061
2026-04-07T11:00:00Z,41681.67,41849.34,41644.16,41832.61,530
2026-04-07T12:00:00Z,41832.61,41883.06,41711.30,41883.06,853
2026-04-07T13:00:00Z,41883.06,41962.63,41680.80,41739.23,770
2026-04-07T14:00:00Z,41739.23,41843.57,41621.11,41629.43,1124
2026-04-07T15:00:00Z,41629.43,41745.99,41436.24,41477.71,1009
2026-04-07T16:00:00Z,41477.71,41585.54,41444.53,41502.54,916
2026-04-07T17:00:00Z,41502.54,41690.27,41485.94,41590.46,884
2026-04-07T18:00:00Z,41590.46,41607.09,41418.88,41510.20,1051
2026-04-07T19:00:00Z,41510.20,41555.86,41266.61,41303.78,1051
2026-04-07T20:00:00Z,41303.78,41474.34,41266.61,41403.96,832
2026-04-07T21:00:00Z,41403.96,41625.82,41391.54,41571.78,1561
2026-04-07T22:00:00Z,41571.78,41713.12,41462.22,41482.96,1426
2026-04-07T23:00:00Z,41482.96,41557.96,41362.66,41512.30,1051
2026-04-08T00:00:00Z,41512.30,41683.93,41367.01,41584.13,614
2026-04-08T01:00:00Z,41584.13,41696.40,41460.69,41477.28,770
2026-04-08T02:00:00Z,41477.28,41715.27,41464.84,41665.28,1394
2026-04-08T03:00:00Z,41665.28,41800.09,41573.62,41762.51,811
2026-04-08T04:00:00Z,41762.51,41860.03,41733.28,41830.75,1488
2026-04-08T05:00:00Z,41830.75,41882.35,41692.71,41840.51,1415
2026-04-08T06:00:00Z,41840.51,41967.51,41790.31,41867.03,1134
2026-04-08T07:00:00Z,41867.03,42044.65,41795.86,41998.46,1113
2026-04-08T08:00:00Z,41998.46,42159.84,41998.46,42138.78,811
2026-04-08T09:00:00Z,42138.78,42304.81,42016.58,42178.28,655
2026-04-08T10:00:00Z,42178.28,42365.81,42034.88,42272.81,1415
2026-04-08T11:00:00Z,42272.81,42380.11,42192.50,42291.30,1342
2026-04-08T12:00:00Z,42291.30,42458.19,42147.51,42377.68,1415
2026-04-08T13:00:00Z,42377.68,42407.34,42290.16,42336.73,572
2026-04-08T14:00:00Z,42336.73,42404.46,42016.43,42151.31,1249
2026-04-08T15:00:00Z,42151.31,42321.87,42008.00,42224.76,1394
2026-04-08T16:00:00Z,42224.76,42266.98,42133.25,42179.64,1332
2026-04-08T17:00:00Z,42179.64,42301.96,41872.60,41943.90,1176
2026-04-08T18:00:00Z,41943.90,42036.17,41743.48,41793.63,1217
2026-04-08T19:00:00Z,41793.63,41937.79,41730.94,41908.46,1332
2026-04-08T20:00:00Z,41908.46,41916.84,41708.15,41762.44,1082
2026-04-08T21:00:00Z,41762.44,41829.25,41663.16,41675.66,655
2026-04-08T22:00:00Z,41675.66,41717.33,41639.44,41660.27,624
2026-04-08T23:00:00Z,41660.27,41815.88,41610.28,41670.04,1041
2026-04-09T00:00:00Z,41670.04,41795.05,41446.57,41467.30,1322
2026-04-09T01:00:00Z,41467.30,41579.26,41208.54,41324.24,1093
2026-04-09T02:00:00Z,41324.24,41340.76,41276.85,41318.16,1165
2026-04-09T03:00:00Z,41318.16,41543.26,41239.66,41443.80,884
2026-04-09T04:00:00Z,41443.80,41505.96,41231.63,41293.57,541
2026-04-09T05:00:00Z,41293.57,41318.34,41123.77,41169.05,582
2026-04-09T06:00:00Z,41169.05,41302.76,41132.00,41265.63,801
2026-04-09T07:00:00Z,41265.63,41551.24,41211.99,41472.45,624
2026-04-09T08:00:00Z,41472.45,41484.89,41338.64,41438.09,1332
2026-04-09T09:00:00Z,41438.09,41592.15,41409.09,41579.68,801
2026-04-09T10:00:00Z,41579.68,41656.39,41509.00,41627.26,1509
2026-04-09T11:00:00Z,41627.26,41642.31,41531.52,41629.83,1415
2026-04-09T12:00:00Z,41629.83,41775.53,41570.60,41603.88,1072
2026-04-09T13:00:00Z,41603.88,41718.49,41508.20,41635.22,968
2026-04-09T14:00:00Z,41635.22,41643.54,41522.73,41585.10,1280
2026-04-09T15:00:00Z,41585.10,41647.47,41571.58,41584.05,1124
2026-04-09T16:00:00Z,41584.05,41730.78,41471.78,41668.28,916
2026-04-09T17:00:00Z,41668.28,41718.28,41598.22,41602.38,1530
2026-04-09T18:00:00Z,41602.38,41695.26,41598.22,41674.43,1238
2026-04-09T19:00:00Z,41674.43,41809.93,41586.92,41718.16,1228
2026-04-09T20:00:00Z,41718.16,41790.19,41618.04,41790.19,1207
2026-04-09T21:00:00Z,41790.19,41802.72,41595.93,41708.54,541
2026-04-09T22:00:00Z,41708.54,41808.64,41583.65,41687.86,905
2026-04-09T23:00:00Z,41687.86,41966.41,41633.67,41824.21,1322
2026-04-10T00:00:00Z,41824.21,41962.22,41510.55,41652.16,1519
2026-04-10T01:00:00Z,41652.16,41785.44,41480.86,41543.17,572
2026-04-10T02:00:00Z,41543.17,41568.09,41359.81,41484.26,749
2026-04-10T03:00:00Z,41484.26,41620.70,41368.11,41583.28,1301
2026-04-10T04:00:00Z,41583.28,41633.17,41441.28,41545.14,780
2026-04-10T05:00:00Z,41545.14,41678.08,41390.78,41519.49,739
2026-04-10T06:00:00Z,41519.49,41635.42,41444.76,41602.14,635
2026-04-10T07:00:00Z,41602.14,41827.03,41460.70,41776.90,1207
2026-04-10T08:00:00Z,41776.90,41839.56,41483.75,41604.40,1072
2026-04-10T09:00:00Z,41604.40,41749.78,41542.00,41653.98,572
2026-04-10T10:00:00Z,41653.98,41737.28,41494.38,41498.52,874
2026-04-10T11:00:00Z,41498.52,41635.46,41414.62,41439.48,1322
2026-04-10T12:00:00Z,41439.48,41534.79,41205.81,41247.05,1041
2026-04-10T13:00:00Z,41247.05,41247.05,41039.84,41171.58,1165
2026-04-10T14:00:00Z,41171.58,41336.16,41039.84,41237.20,739
2026-04-10T15:00:00Z,41237.20,41249.57,41054.53,41140.92,1332
2026-04-10T16:00:00Z,41140.92,41417.61,41062.76,41301.97,635
2026-04-10T17:00:00Z,41301.97,41388.70,41235.10,41280.50,895
2026-04-10T18:00:00Z,41280.50,41541.48,41268.12,41404.85,1322
2026-04-10T19:00:00Z,41404.85,41541.48,41350.42,41400.10,968
2026-04-10T20:00:00Z,41400.10,41486.77,41300.74,41424.64,1457
2026-04-10T21:00:00Z,41424.64,41528.30,41329.37,41478.53,1509
2026-04-10T22:00:00Z,41478.53,41536.59,41431.88,41431.88,1155
2026-04-10T23:00:00Z,41431.88,41572.74,41239.45,41301.40,1374
2026-04-11T00:00:00Z,41301.40,41394.91,41214.67,41382.50,1394
2026-04-11T01:00:00Z,41382.50,41596.42,41312.15,41496.83,843
2026-04-11T02:00:00Z,41496.83,41600.57,41271.50,41333.50,822
2026-04-11T03:00:00Z,41333.50,41432.70,41261.78,41307.21,853
2026-04-11T04:00:00Z,41307.21,41344.38,41181.93,41247.92,884
2026-04-11T05:00:00Z,41247.92,41378.45,41140.68,41262.92,1311
2026-04-11T06:00:00Z,41262.92,41505.12,41213.41,41380.98,759
2026-04-11T07:00:00Z,41380.98,41648.15,41252.70,41648.15,666
2026-04-11T08:00:00Z,41648.15,41817.42,41514.88,41704.82,1259
2026-04-11T09:00:00Z,41704.82,41784.05,41594.99,41607.47,770
2026-04-11T10:00:00Z,41607.47,41747.38,41594.99,41610.07,1290
2026-04-11T11:00:00Z,41610.07,41920.84,41560.14,41787.13,1436
2026-04-11T12:00:00Z,41787.13,41803.84,41706.20,41773.03,728
2026-04-11T13:00:00Z,41773.03,41793.91,41617.19,41696.41,1030
2026-04-11T14:00:00Z,41696.41,41836.45,41658.89,41803.01,1228
2026-04-11T15:00:00Z,41803.01,41945.14,41759.71,41772.24,1280
2026-04-11T16:00:00Z,41772.24,41912.69,41759.71,41779.00,1051
2026-04-11T17:00:00Z,41779.00,41814.96,41682.91,41802.42,822
2026-04-11T18:00:00Z,41802.42,41976.20,41656.12,41921.71,624
2026-04-11T19:00:00Z,41921.71,41930.09,41756.92,41869.96,853
2026-04-11T20:00:00Z,41869.96,41890.89,41768.14,41809.94,1093
2026-04-11T21:00:00Z,41809.94,42050.43,41751.41,42000.03,1415
2026-04-11T22:00:00Z,42000.03,42088.23,41772.34,41881.23,530
2026-04-11T23:00:00Z,41881.23,41944.05,41846.17,41875.48,707
2026-04-12T00:00:00Z,41875.48,41975.98,41694.00,41781.74,1165
2026-04-12T01:00:00Z,41781.74,41985.12,41739.96,41888.78,1363
2026-04-12T02:00:00Z,41888.78,42143.17,41792.44,42000.37,645
2026-04-12T03:00:00Z,42000.37,42109.57,41633.92,41763.38,770
2026-04-12T04:00:00Z,41763.38,41920.67,41642.27,41824.48,1259
2026-04-12T05:00:00Z,41824.48,41845.39,41668.18,41772.61,1280
2026-04-12T06:00:00Z,41772.61,41797.67,41616.45,41699.84,936
2026-04-12T07:00:00Z,41699.84,41965.86,41674.83,41915.57,822
2026-04-12T08:00:00Z,41915.57,42073.61,41873.66,41985.45,1103
2026-04-12T09:00:00Z,41985.45,42059.58,41888.89,42004.98,541
2026-04-12T10:00:00Z,42004.98,42038.58,41826.74,41872.80,1217
2026-04-12T11:00:00Z,41872.80,41948.17,41728.77,41808.20,1509
2026-04-12T12:00:00Z,41808.20,41900.17,41459.11,41546.35,1082
2026-04-12T13:00:00Z,41546.35,41757.14,41513.12,41615.65,1384
2026-04-12T14:00:00Z,41615.65,41697.49,41590.69,41655.84,707
2026-04-12T15:00:00Z,41655.84,41837.93,41655.84,41704.48,1561
2026-04-12T16:00:00Z,41704.48,41825.42,41414.65,41526.77,1478
2026-04-12T17:00:00Z,41526.77,41551.68,41495.92,41500.07,811
2026-04-12T18:00:00Z,41500.07,41598.41,41375.57,41552.71,1041
2026-04-12T19:00:00Z,41552.71,41713.87,41411.44,41638.92,687
2026-04-12T20:00:00Z,41638.92,41697.21,41449.42,41528.32,1290
2026-04-12T21:00:00Z,41528.32,41555.80,41482.64,41530.89,718
2026-04-12T22:00:00Z,41530.89,41659.63,41391.25,41395.38,1197
2026-04-12T23:00:00Z,41395.38,41407.79,41232.07,41347.84,593
2026-04-13T00:00:00Z,41347.84,41456.70,41314.77,41415.29,1311
2026-04-13T01:00:00Z,41415.29,41502.26,41123.04,41259.19,801
2026-04-13T02:00:00Z,41259.19,41296.32,41107.82,41252.20,1145
2026-04-13T03:00:00Z,41252.20,41356.71,41182.08,41336.05,603
2026-04-13T04:00:00Z,41336.05,41451.79,41238.15,41329.07,916
2026-04-13T05:00:00Z,41329.07,41454.48,41184.42,41363.49,1238
2026-04-13T06:00:00Z,41363.49,41363.49,41269.55,41277.80,562
2026-04-13T07:00:00Z,41277.80,41398.92,41153.97,41308.05,832
2026-04-13T08:00:00Z,41308.05,41420.88,41163.48,41309.35,697
2026-04-13T09:00:00Z,41309.35,41416.75,41190.88,41298.25,687
2026-04-13T10:00:00Z,41298.25,41577.16,41207.40,41502.46,718
2026-04-13T11:00:00Z,41502.46,41653.48,41407.01,41545.47,988
2026-04-13T12:00:00Z,41545.47,41671.82,41524.70,41621.88,1113
2026-04-13T13:00:00Z,41621.88,41731.59,41492.86,41635.83,978
2026-04-13T14:00:00Z,41635.83,41689.95,41416.50,41536.95,1415
2026-04-13T15:00:00Z,41536.95,41549.41,41235.06,41379.88,1540
2026-04-13T16:00:00Z,41379.88,41396.43,41178.26,41273.18,957
2026-04-13T17:00:00Z,41273.18,41377.90,41273.18,41307.68,853
2026-04-13T18:00:00Z,41307.68,41365.51,41114.58,41201.10,968
2026-04-13T19:00:00Z,41201.10,41328.82,40983.03,40991.22,957
2026-04-13T20:00:00Z,40991.22,41134.68,40737.18,40757.55,1561
2026-04-13T21:00:00Z,40757.55,40875.74,40518.05,40660.36,968
2026-04-13T22:00:00Z,40660.36,40660.36,40551.14,40559.25,614
2026-04-13T23:00:00Z,40559.25,40792.92,40474.08,40735.89,874
2026-04-14T00:00:00Z,40735.89,40831.48,40601.47,40823.32,1509
2026-04-14T01:00:00Z,40823.32,40921.29,40539.92,40592.69,1311
2026-04-14T02:00:00Z,40592.69,40612.98,40339.69,40465.13,947
2026-04-14T03:00:00Z,40465.13,40641.11,40440.86,40600.51,1530
2026-04-14T04:00:00Z,40600.51,40809.24,40474.65,40768.48,1519
2026-04-14T05:00:00Z,40768.48,40900.77,40662.49,40835.44,530
2026-04-14T06:00:00Z,40835.44,41130.78,40815.03,41036.40,1072
2026-04-14T07:00:00Z,41036.40,41394.54,40954.33,41258.39,1082
2026-04-14T08:00:00Z,41258.39,41473.51,41138.75,41432.08,1426
2026-04-14T09:00:00Z,41432.08,41560.51,41322.01,41413.11,1238
2026-04-14T10:00:00Z,41413.11,41529.98,41330.29,41496.79,1072
2026-04-14T11:00:00Z,41496.79,41600.53,41448.77,41481.95,1124
2026-04-14T12:00:00Z,41481.95,41520.59,41394.84,41512.29,1290
2026-04-14T13:00:00Z,41512.29,41578.70,41316.21,41407.30,645
2026-04-14T14:00:00Z,41407.30,41548.54,41332.77,41515.33,1061
2026-04-14T15:00:00Z,41515.33,41821.50,41424.00,41742.19,1384
2026-04-14T16:00:00Z,41742.19,41754.71,41578.56,41632.68,1124
2026-04-14T17:00:00Z,41632.68,41749.25,41527.36,41560.60,676
2026-04-14T18:00:00Z,41560.60,41703.20,41477.48,41595.06,874
2026-04-14T19:00:00Z,41595.06,41707.24,41486.92,41703.07,1561
2026-04-14T20:00:00Z,41703.07,41786.47,41601.59,41651.57,1249
2026-04-14T21:00:00Z,41651.57,41905.70,41626.58,41759.55,1457
2026-04-14T22:00:00Z,41759.55,41855.59,41555.96,41601.72,1530
2026-04-14T23:00:00Z,41601.72,41771.08,41522.68,41750.21,770
2026-04-15T00:00:00Z,41750.21,41771.08,41544.55,41561.17,916
2026-04-15T01:00:00Z,41561.17,41822.08,41552.86,41784.48,1394
2026-04-15T02:00:00Z,41784.48,41918.19,41612.57,41695.96,1561
2026-04-15T03:00:00Z,41695.96,41779.35,41458.52,41529.11,978
2026-04-15T04:00:00Z,41529.11,41632.43,41396.22,41541.04,1217
2026-04-15T05:00:00Z,41541.04,41690.02,41449.65,41577.77,884
2026-04-15T06:00:00Z,41577.77,41735.27,41577.77,41602.15,1280
2026-04-15T07:00:00Z,41602.15,41899.95,41593.83,41787.13,1124
2026-04-15T08:00:00Z,41787.13,41910.77,41762.06,41894.02,947
2026-04-15T09:00:00Z,41894.02,42088.79,41868.89,42025.76,562
2026-04-15T10:00:00Z,42025.76,42139.22,41966.35,42020.97,1270
2026-04-15T11:00:00Z,42020.97,42074.98,41911.72,42024.56,718
2026-04-15T12:00:00Z,42024.56,42150.63,41716.63,41858.95,1051
2026-04-15T13:00:00Z,41858.95,41938.48,41651.12,41789.02,780
2026-04-15T14:00:00Z,41789.02,41951.32,41676.19,41830.02,739
2026-04-15T15:00:00Z,41830.02,41834.20,41657.61,41695.13,884
2026-04-15T16:00:00Z,41695.13,41761.84,41566.39,41691.46,988
2026-04-15T17:00:00Z,41691.46,41758.16,41499.17,41578.16,1009
2026-04-15T18:00:00Z,41578.16,41760.58,41440.96,41631.53,1093
2026-04-15T19:00:00Z,41631.53,41780.55,41539.95,41693.00,530
2026-04-15T20:00:00Z,41693.00,41833.80,41597.11,41754.47,1197
2026-04-15T21:00:00Z,41754.47,41920.09,41645.91,41828.07,739
2026-04-15T22:00:00Z,41828.07,41857.29,41786.25,41853.11,603
2026-04-15T23:00:00Z,41853.11,41961.92,41745.86,41833.71,926
2026-04-16T00:00:00Z,41833.71,41925.74,41725.48,41817.47,676
2026-04-16T01:00:00Z,41817.47,41942.92,41538.32,41675.85,822
2026-04-16T02:00:00Z,41675.85,41763.36,41522.45,41576.49,811
2026-04-16T03:00:00Z,41576.49,41809.84,41485.03,41776.42,1072
2026-04-16T04:00:00Z,41776.42,41889.21,41589.26,41714.40,1061
2026-04-16T05:00:00Z,41714.40,41802.00,41569.29,41623.40,1103
2026-04-16T06:00:00Z,41623.40,41714.97,41387.38,41511.91,1155
2026-04-16T07:00:00Z,41511.91,41711.38,41403.98,41694.71,1322
2026-04-16T08:00:00Z,41694.71,41828.69,41690.55,41736.87,780
2026-04-16T09:00:00Z,41736.87,41804.09,41728.53,41783.20,1374
2026-04-16T10:00:00Z,41783.20,41891.83,41617.32,41650.64,635
2026-04-16T11:00:00Z,41650.64,41808.90,41529.86,41800.54,1207
2026-04-16T12:00:00Z,41800.54,41922.32,41750.38,41813.61,1290
2026-04-16T13:00:00Z,41813.61,41893.05,41581.17,41664.49,1540
2026-04-16T14:00:00Z,41664.49,41764.48,41399.97,41470.46,1259
2026-04-16T15:00:00Z,41470.46,41611.65,41449.73,41574.24,687
2026-04-16T16:00:00Z,41574.24,41690.72,41561.77,41674.06,1009
2026-04-16T17:00:00Z,41674.06,41790.75,41636.56,41774.05,780
2026-04-16T18:00:00Z,41774.05,41903.54,41525.45,41637.87,1509
2026-04-16T19:00:00Z,41637.87,41691.99,41580.49,41613.78,1540
2026-04-16T20:00:00Z,41613.78,41655.39,41515.03,41573.23,718
2026-04-16T21:00:00Z,41573.23,41706.74,41502.56,41615.19,593
2026-04-16T22:00:00Z,41615.19,41740.03,41371.93,41488.09,520
2026-04-16T23:00:00Z,41488.09,41504.68,41303.36,41390.27,1446
2026-04-17T00:00:00Z,41390.27,41390.27,41359.89,41372.30,1030
2026-04-17T01:00:00Z,41372.30,41420.56,41343.34,41416.42,1207
2026-04-17T02:00:00Z,41416.42,41553.09,41158.30,41195.37,582
2026-04-17T03:00:00Z,41195.37,41220.08,41049.79,41173.30,1342
2026-04-17T04:00:00Z,41173.30,41279.05,41119.78,41246.06,572
2026-04-17T05:00:00Z,41246.06,41266.68,41166.19,41182.66,1467
2026-04-17T06:00:00Z,41182.66,41289.73,41028.52,41028.52,718
2026-04-17T07:00:00Z,41028.52,41094.16,40846.56,40981.79,811
2026-04-17T08:00:00Z,40981.79,41084.24,40955.64,40955.64,1436
2026-04-17T09:00:00Z,40955.64,41147.13,40894.21,41044.52,1093
2026-04-17T10:00:00Z,41044.52,41244.64,40909.08,41117.18,1415
2026-04-17T11:00:00Z,41117.18,41162.40,40901.64,40971.29,1488
2026-04-17T12:00:00Z,40971.29,41150.55,40905.74,41043.84,1353
2026-04-17T13:00:00Z,41043.84,41178.31,41023.32,41133.07,1415
2026-04-17T14:00:00Z,41133.07,41358.94,41075.49,41334.14,593
2026-04-17T15:00:00Z,41334.14,41470.54,41158.87,41233.08,520
2026-04-17T16:00:00Z,41233.08,41340.28,41190.45,41227.55,1311
2026-04-17T17:00:00Z,41227.55,41314.12,41019.58,41101.78,916
2026-04-17T18:00:00Z,41101.78,41422.87,41060.68,41348.45,895
2026-04-17T19:00:00Z,41348.45,41484.89,41139.20,41151.54,1082
2026-04-17T20:00:00Z,41151.54,41283.22,41071.57,41088.00,968
2026-04-17T21:00:00Z,41088.00,41190.72,40934.34,41036.93,801
2026-04-17T22:00:00Z,41036.93,41160.04,40953.02,40973.50,1207
2026-04-17T23:00:00Z,40973.50,41026.76,40799.65,40906.00,697
2026-04-18T00:00:00Z,40906.00,41160.06,40779.20,41024.68,551
2026-04-18T01:00:00Z,41024.68,41184.71,40913.92,41041.07,1311
2026-04-18T02:00:00Z,41041.07,41045.17,40975.49,41000.09,1280
2026-04-18T03:00:00Z,41000.09,41106.75,40897.59,41004.24,801
2026-04-18T04:00:00Z,41004.24,41360.72,40864.83,41278.17,1280
2026-04-18T05:00:00Z,41278.17,41575.15,41269.92,41438.41,1467
2026-04-18T06:00:00Z,41438.41,41454.98,41252.56,41289.72,1280
2026-04-18T07:00:00Z,41289.72,41326.88,40961.22,41039.19,936
2026-04-18T08:00:00Z,41039.19,41125.42,40977.64,41059.73,1509
2026-04-18T09:00:00Z,41059.73,41207.25,41022.78,41141.43,728
2026-04-18T10:00:00Z,41141.43,41240.16,41006.06,41117.07,999
2026-04-18T11:00:00Z,41117.07,41256.01,41038.95,41239.52,1426
2026-04-18T12:00:00Z,41239.52,41345.86,41198.29,41341.73,822
2026-04-18T13:00:00Z,41341.73,41469.60,41341.73,41382.70,801
2026-04-18T14:00:00Z,41382.70,41444.77,41128.58,41194.49,614
2026-04-18T15:00:00Z,41194.49,41357.83,41050.31,41337.17,1478
2026-04-18T16:00:00Z,41337.17,41374.37,41176.60,41304.64,864
2026-04-18T17:00:00Z,41304.64,41436.81,41023.32,41068.49,749
2026-04-18T18:00:00Z,41068.49,41232.31,40945.29,41137.70,1374
2026-04-18T19:00:00Z,41137.70,41349.07,41026.63,41332.54,780
2026-04-18T20:00:00Z,41332.54,41689.48,41270.55,41556.50,968
2026-04-18T21:00:00Z,41556.50,41606.36,41358.50,41487.11,1165
2026-04-18T22:00:00Z,41487.11,41618.53,41416.59,41576.96,1301
2026-04-18T23:00:00Z,41576.96,41799.78,41560.33,41691.39,1467
2026-04-19T00:00:00Z,41691.39,41753.52,41637.20,41749.35,1051
2026-04-19T01:00:00Z,41749.35,41791.09,41598.81,41640.45,1436
2026-04-19T02:00:00Z,41640.45,41732.05,41403.25,41536.16,1009
2026-04-19T03:00:00Z,41536.16,41623.38,41469.60,41477.89,978
2026-04-19T04:00:00Z,41477.89,41577.43,41361.89,41382.58,1249
2026-04-19T05:00:00Z,41382.58,41643.03,41283.27,41539.19,530
2026-04-19T06:00:00Z,41539.19,41837.90,41464.42,41708.61,1145
2026-04-19T07:00:00Z,41708.61,41887.51,41562.63,41778.89,1041
2026-04-19T08:00:00Z,41778.89,41787.24,41732.81,41749.50,895
2026-04-19T09:00:00Z,41749.50,41837.17,41553.64,41682.85,791
2026-04-19T10:00:00Z,41682.85,41716.19,41612.02,41653.67,1384
2026-04-19T11:00:00Z,41653.67,41839.54,41603.69,41839.54,801
2026-04-19T12:00:00Z,41839.54,42006.26,41810.26,41901.51,1488
2026-04-19T13:00:00Z,41901.51,42126.81,41838.66,42009.19,603
2026-04-19T14:00:00Z,42009.19,42264.23,41929.38,42137.82,582
2026-04-19T15:00:00Z,42137.82,42264.23,42112.26,42124.89,1145
2026-04-19T16:00:00Z,42124.89,42321.26,42040.65,42253.66,1217
2026-04-19T17:00:00Z,42253.66,42253.66,42039.45,42127.91,572
2026-04-19T18:00:00Z,42127.91,42366.41,42111.06,42256.55,562
2026-04-19T19:00:00Z,42256.55,42256.55,42105.24,42172.71,843
2026-04-19T20:00:00Z,42172.71,42272.20,42126.33,42272.20,676
2026-04-19T21:00:00Z,42272.20,42399.01,42208.79,42246.81,739
2026-04-19T22:00:00Z,42246.81,42358.96,42191.89,42350.49,1301
2026-04-19T23:00:00Z,42350.49,42401.31,42102.52,42229.20,1020
2026-04-20T00:00:00Z,42229.20,42431.88,42186.98,42389.50,1478
2026-04-20T01:00:00Z,42389.50,42661.70,42262.34,42555.32,1113
2026-04-20T02:00:00Z,42555.32,42641.29,42538.30,42619.99,1457
2026-04-20T03:00:00Z,42619.99,42722.27,42539.69,42578.01,739
2026-04-20T04:00:00Z,42578.01,42650.39,42446.08,42450.32,1270
2026-04-20T05:00:00Z,42450.32,42484.28,42160.58,42198.55,864
2026-04-20T06:00:00Z,42198.55,42445.19,42164.80,42301.37,1561
2026-04-20T07:00:00Z,42301.37,42391.70,42166.01,42357.82,947
2026-04-20T08:00:00Z,42357.82,42446.77,42068.99,42187.11,999
2026-04-20T09:00:00Z,42187.11,42216.64,41916.21,42042.33,582
2026-04-20T10:00:00Z,42042.33,42080.16,41812.62,41833.53,1561
2026-04-20T11:00:00Z,41833.53,41959.03,41699.16,41774.35,1134
2026-04-20T12:00:00Z,41774.35,41842.07,41644.85,41791.92,1561
2026-04-20T13:00:00Z,41791.92,41826.22,41704.16,41801.14,1415
2026-04-20T14:00:00Z,41801.14,42021.28,41688.28,41874.72,978
2026-04-20T15:00:00Z,41874.72,42012.90,41722.57,41772.69,1519
2026-04-20T16:00:00Z,41772.69,41781.04,41598.99,41640.63,1197
2026-04-20T17:00:00Z,41640.63,41665.61,41475.18,41500.08,1280
2026-04-20T18:00:00Z,41500.08,41620.43,41175.97,41304.01,1457
2026-04-20T19:00:00Z,41304.01,41353.57,41212.54,41266.18,1249
2026-04-20T20:00:00Z,41266.18,41437.57,41196.03,41309.52,1499
2026-04-20T21:00:00Z,41309.52,41653.87,41284.74,41545.86,728
2026-04-20T22:00:00Z,41545.86,41653.87,41509.04,41525.65,1342
2026-04-20T23:00:00Z,41525.65,41658.53,41347.37,41384.61,1415
2026-04-21T00:00:00Z,41384.61,41467.37,41232.93,41336.27,1551
2026-04-21T01:00:00Z,41336.27,41398.27,41180.53,41213.50,1238
2026-04-21T02:00:00Z,41213.50,41289.00,41093.99,41247.76,1436
2026-04-21T03:00:00Z,41247.76,41372.89,41119.90,41269.72,1030
2026-04-21T04:00:00Z,41269.72,41364.64,41126.40,41159.32,1457
2026-04-21T05:00:00Z,41159.32,41251.33,41027.62,41206.01,687
2026-04-21T06:00:00Z,41206.01,41288.42,41050.75,41190.79,1342
2026-04-21T07:00:00Z,41190.79,41223.74,41097.19,41138.32,1540
2026-04-21T08:00:00Z,41138.32,41263.21,40994.34,41160.31,1238
2026-04-21T09:00:00Z,41160.31,41259.09,41037.55,41049.86,1415
2026-04-21T10:00:00Z,41049.86,41160.69,40890.37,40931.30,780
2026-04-21T11:00:00Z,40931.30,41093.25,40861.72,41068.61,614
2026-04-21T12:00:00Z,41068.61,41072.71,40983.64,41057.54,624
2026-04-21T13:00:00Z,41057.54,41168.39,40918.80,40988.48,687
2026-04-21T14:00:00Z,40988.48,41237.94,40873.72,41209.10,1488
2026-04-21T15:00:00Z,41209.10,41299.76,40895.61,40981.67,832
2026-04-21T16:00:00Z,40981.67,41147.41,40932.50,41016.16,759
2026-04-21T17:00:00Z,41016.16,41085.88,40856.96,40947.04,676
2026-04-21T18:00:00Z,40947.04,41010.04,40803.73,40964.98,1030
2026-04-21T19:00:00Z,40964.98,41014.13,40854.62,40870.96,999
2026-04-21T20:00:00Z,40870.96,40891.39,40749.19,40826.76,676
2026-04-21T21:00:00Z,40826.76,41050.81,40781.86,40968.88,1415
2026-04-21T22:00:00Z,40968.88,41087.68,40776.26,40849.78,1478
2026-04-21T23:00:00Z,40849.78,40972.32,40534.45,40668.65,957
2026-04-22T00:00:00Z,40668.65,40848.27,40587.32,40758.61,1540
2026-04-22T01:00:00Z,40758.61,41064.92,40754.54,40950.26,1030
2026-04-22T02:00:00Z,40950.26,40970.73,40840.04,40938.29,936
2026-04-22T03:00:00Z,40938.29,40991.96,40856.42,40942.83,1113
2026-04-22T04:00:00Z,40942.83,41147.89,40897.80,41004.38,1061
2026-04-22T05:00:00Z,41004.38,41008.48,40846.65,40871.17,1093
2026-04-22T06:00:00Z,40871.17,40977.83,40871.17,40936.90,1457
2026-04-22T07:00:00Z,40936.90,41022.86,40727.00,40837.26,739
2026-04-22T08:00:00Z,40837.26,40939.35,40774.22,40798.69,822
2026-04-22T09:00:00Z,40798.69,40872.12,40562.02,40704.48,1207
2026-04-22T10:00:00Z,40704.48,40827.86,40586.44,40754.51,926
2026-04-22T11:00:00Z,40754.51,40770.81,40588.36,40649.33,780
2026-04-22T12:00:00Z,40649.33,40932.16,40604.62,40838.24,1228
2026-04-22T13:00:00Z,40838.24,40972.29,40715.73,40955.91,1353
2026-04-22T14:00:00Z,40955.91,41166.42,40910.86,41125.30,1249
2026-04-22T15:00:00Z,41125.30,41129.41,40950.13,41023.97,697
2026-04-22T16:00:00Z,41023.97,41135.65,40999.36,41078.15,988
2026-04-22T17:00:00Z,41078.15,41330.66,41004.21,41223.48,707
2026-04-22T18:00:00Z,41223.48,41290.64,41141.04,41261.76,1082
2026-04-22T19:00:00Z,41261.76,41495.21,41199.87,41474.48,895
2026-04-22T20:00:00Z,41474.48,41532.54,41407.63,41449.07,988
2026-04-22T21:00:00Z,41449.07,41625.97,41403.48,41542.89,562
2026-04-22T22:00:00Z,41542.89,41635.08,41451.50,41585.18,1405
2026-04-22T23:00:00Z,41585.18,41693.30,41366.76,41441.35,1270
2026-04-23T00:00:00Z,41441.35,41578.10,41346.00,41383.24,770
2026-04-23T01:00:00Z,41383.24,41387.37,41238.34,41296.15,593
2026-04-23T02:00:00Z,41296.15,41308.53,41118.20,41138.76,718
2026-04-23T03:00:00Z,41138.76,41274.61,41077.06,41225.14,572
2026-04-23T04:00:00Z,41225.14,41328.20,41060.04,41171.20,1509
2026-04-23T05:00:00Z,41171.20,41290.59,40993.94,41125.54,1176
2026-04-23T06:00:00Z,41125.54,41220.12,40919.51,41042.63,811
2026-04-23T07:00:00Z,41042.63,41169.86,40931.48,41013.50,562
2026-04-23T08:00:00Z,41013.50,41136.88,40939.68,41067.07,864
2026-04-23T09:00:00Z,41067.07,41182.25,40993.15,41091.85,832
2026-04-23T10:00:00Z,41091.85,41211.01,40926.99,41029.56,801
2026-04-23T11:00:00Z,41029.56,41111.61,40848.53,40971.44,1113
2026-04-23T12:00:00Z,40971.44,41149.21,40905.89,41095.79,1145
2026-04-23T13:00:00Z,41095.79,41219.17,40951.96,41095.89,1176
2026-04-23T14:00:00Z,41095.89,41174.96,41013.70,41154.39,1134
2026-04-23T15:00:00Z,41154.39,41195.54,40972.33,41058.55,822
2026-04-23T16:00:00Z,41058.55,41152.98,40838.47,40879.34,957
2026-04-23T17:00:00Z,40879.34,40920.21,40797.11,40846.12,1030
2026-04-23T18:00:00Z,40846.12,40956.40,40607.83,40746.36,562
2026-04-23T19:00:00Z,40746.36,40811.55,40354.30,40447.32,572
2026-04-23T20:00:00Z,40447.32,40467.54,40198.15,40319.10,1280
2026-04-23T21:00:00Z,40319.10,40465.43,40202.18,40384.67,801
2026-04-23T22:00:00Z,40384.67,40429.09,40250.44,40347.27,1061
2026-04-23T23:00:00Z,40347.27,40387.61,40168.00,40272.70,1394
2026-04-24T00:00:00Z,40272.70,40308.94,40110.88,40235.61,1405
2026-04-24T01:00:00Z,40235.61,40625.78,40207.45,40524.47,895
2026-04-24T02:00:00Z,40524.47,40556.88,40402.12,40426.37,1270
2026-04-24T03:00:00Z,40426.37,40487.00,40247.85,40328.50,1301
2026-04-24T04:00:00Z,40328.50,40537.63,40304.31,40440.58,999
2026-04-24T05:00:00Z,40440.58,40440.58,40274.06,40318.41,1145
2026-04-24T06:00:00Z,40318.41,40386.12,40209.56,40333.69,697
2026-04-24T07:00:00Z,40333.69,40434.52,40252.23,40312.69,832
2026-04-24T08:00:00Z,40312.69,40377.19,39989.89,40098.15,978
2026-04-24T09:00:00Z,40098.15,40194.38,39925.05,40005.06,1415
2026-04-24T10:00:00Z,40005.06,40256.68,39925.05,40124.27,1103
2026-04-24T11:00:00Z,40124.27,40336.22,40112.24,40316.07,728
2026-04-24T12:00:00Z,40316.07,40456.46,40231.41,40403.94,1186
2026-04-24T13:00:00Z,40403.94,40556.69,40262.53,40419.27,1478
2026-04-24T14:00:00Z,40419.27,40580.27,40419.27,40519.50,541
2026-04-24T15:00:00Z,40519.50,40709.30,40385.79,40571.36,978
2026-04-24T16:00:00Z,40571.36,40838.77,40437.48,40700.39,895
2026-04-24T17:00:00Z,40700.39,40723.97,40570.15,40719.90,1301
2026-04-24T18:00:00Z,40719.90,40857.63,40662.90,40829.05,936
2026-04-24T19:00:00Z,40829.05,40865.79,40664.98,40799.61,999
2026-04-24T20:00:00Z,40799.61,40925.36,40689.46,40884.48,801
2026-04-24T21:00:00Z,40884.48,40962.16,40728.38,40781.39,884
2026-04-24T22:00:00Z,40781.39,40899.65,40572.79,40698.95,562
2026-04-24T23:00:00Z,40698.95,40836.57,40654.19,40832.49,1051
2026-04-25T00:00:00Z,40832.49,40969.80,40775.33,40896.19,1072
2026-04-25T01:00:00Z,40896.19,40980.88,40875.75,40980.88,1394
2026-04-25T02:00:00Z,40980.88,41087.43,40676.20,40761.79,666
2026-04-25T03:00:00Z,40761.79,40798.47,40735.87,40735.87,1446
2026-04-25T04:00:00Z,40735.87,40836.69,40658.48,40755.18,1332
2026-04-25T05:00:00Z,40755.18,40868.69,40702.20,40791.19,1197
2026-04-25T06:00:00Z,40791.19,40917.64,40466.63,40604.68,1457
2026-04-25T07:00:00Z,40604.68,40726.49,40309.63,40439.03,1280
2026-04-25T08:00:00Z,40439.03,40471.38,40384.54,40388.57,1051
2026-04-25T09:00:00Z,40388.57,40441.07,40215.26,40235.37,707
2026-04-25T10:00:00Z,40235.37,40360.09,39998.88,40119.23,1145
2026-04-25T11:00:00Z,40119.23,40123.24,39895.13,40003.13,759
2026-04-25T12:00:00Z,40003.13,40127.26,39903.13,40063.16,905
2026-04-25T13:00:00Z,40063.16,40123.25,40049.80,40053.80,832
2026-04-25T14:00:00Z,40053.80,40177.96,39925.32,39929.31,801
2026-04-25T15:00:00Z,39929.31,40145.85,39821.51,40133.81,864
2026-04-25T16:00:00Z,40133.81,40230.13,39919.69,39967.65,1394
2026-04-25T17:00:00Z,39967.65,40003.62,39886.88,39962.80,1259
2026-04-25T18:00:00Z,39962.80,39998.76,39718.03,39718.03,645
2026-04-25T19:00:00Z,39718.03,39777.60,39302.25,39424.46,1113
2026-04-25T20:00:00Z,39424.46,39581.72,39400.81,39443.67,791
2026-04-25T21:00:00Z,39443.67,39621.86,39420.01,39483.67,1405
2026-04-25T22:00:00Z,39483.67,39519.20,39246.00,39383.84,1353
2026-04-25T23:00:00Z,39383.84,39423.22,39300.23,39382.93,791
2026-04-26T00:00:00Z,39382.93,39465.63,39218.17,39273.15,780
2026-04-26T01:00:00Z,39273.15,39320.82,39241.74,39277.62,1249
2026-04-26T02:00:00Z,39277.62,39553.46,39234.42,39423.37,905
2026-04-26T03:00:00Z,39423.37,39514.04,39337.23,39384.49,1405
2026-04-26T04:00:00Z,39384.49,39396.30,39274.78,39373.21,759
2026-04-26T05:00:00Z,39373.21,39480.05,39345.65,39381.60,635
2026-04-26T06:00:00Z,39381.60,39432.79,39185.72,39279.99,1332
2026-04-26T07:00:00Z,39279.99,39528.09,39201.44,39390.23,1415
2026-04-26T08:00:00Z,39390.23,39465.07,39347.58,39351.51,572
2026-04-26T09:00:00Z,39351.51,39454.38,39272.81,39352.07,905
2026-04-26T10:00:00Z,39352.07,39442.57,39179.84,39305.61,791
2026-04-26T11:00:00Z,39305.61,39416.19,39278.10,39333.59,1561
2026-04-26T12:00:00Z,39333.59,39467.32,39263.73,39263.73,582
2026-04-26T13:00:00Z,39263.73,39369.74,39072.51,39201.87,874
2026-04-26T14:00:00Z,39201.87,39229.31,39136.14,39163.55,1093
2026-04-26T15:00:00Z,39163.55,39308.57,39155.72,39269.31,1415
2026-04-26T16:00:00Z,39269.31,39340.59,39194.70,39277.75,718
2026-04-26T17:00:00Z,39277.75,39297.38,39176.42,39262.79,936
2026-04-26T18:00:00Z,39262.79,39368.79,39150.42,39154.33,697
2026-04-26T19:00:00Z,39154.33,39252.85,39044.70,39166.69,1384
2026-04-26T20:00:00Z,39166.69,39233.27,39077.76,39120.79,801
2026-04-26T21:00:00Z,39120.79,39137.10,39073.85,39129.28,697
2026-04-26T22:00:00Z,39129.28,39254.75,39015.81,39192.05,1561
2026-04-26T23:00:00Z,39192.05,39489.26,39062.72,39386.86,582
2026-04-27T00:00:00Z,39386.86,39615.71,39382.93,39576.14,1519
2026-04-27T01:00:00Z,39576.14,39691.18,39564.27,39608.01,988
2026-04-27T02:00:00Z,39608.01,39731.07,39568.41,39651.77,936
2026-04-27T03:00:00Z,39651.77,39735.03,39493.56,39576.67,1061
2026-04-27T04:00:00Z,39576.67,39798.50,39564.80,39782.59,1270
2026-04-27T05:00:00Z,39782.59,39822.37,39592.11,39675.42,1113
2026-04-27T06:00:00Z,39675.42,39679.60,39607.98,39679.60,1394
2026-04-27T07:00:00Z,39679.60,39862.47,39588.34,39751.17,1363
2026-04-27T08:00:00Z,39751.17,39990.13,39707.45,39862.57,749
2026-04-27T09:00:00Z,39862.57,39890.47,39655.85,39727.35,1134
2026-04-27T10:00:00Z,39727.35,39771.05,39541.17,39608.50,1165
2026-04-27T11:00:00Z,39608.50,39640.18,39497.95,39549.36,988
2026-04-27T12:00:00Z,39549.36,39679.87,39281.29,39399.48,864
2026-04-27T13:00:00Z,39399.48,39624.39,39352.21,39541.36,1363
2026-04-27T14:00:00Z,39541.36,39576.94,39462.62,39466.56,1519
2026-04-27T15:00:00Z,39466.56,39743.17,39399.47,39651.98,978
2026-04-27T16:00:00Z,39651.98,39735.24,39624.47,39632.39,707
2026-04-27T17:00:00Z,39632.39,39680.13,39576.91,39660.30,1186
2026-04-27T18:00:00Z,39660.30,39779.28,39387.61,39478.41,770
2026-04-27T19:00:00Z,39478.41,39640.53,39462.62,39518.03,864
2026-04-27T20:00:00Z,39518.03,39601.01,39226.65,39273.77,1228
2026-04-27T21:00:00Z,39273.77,39285.55,39152.55,39172.13,1134
2026-04-27T22:00:00Z,39172.13,39305.31,38899.04,38976.99,1197
2026-04-27T23:00:00Z,38976.99,39086.41,38949.71,38981.17,1342
2026-04-28T00:00:00Z,38981.17,39114.34,38895.42,39106.52,1530
2026-04-28T01:00:00Z,39106.52,39193.13,39106.52,39185.30,978
2026-04-28T02:00:00Z,39185.30,39228.40,39072.34,39119.28,1405
2026-04-28T03:00:00Z,39119.28,39232.72,39061.24,39096.42,707
2026-04-28T04:00:00Z,39096.42,39194.16,38913.56,38995.45,593
2026-04-28T05:00:00Z,38995.45,39195.03,38897.97,39124.61,635
2026-04-28T06:00:00Z,39124.61,39159.82,39011.89,39074.40,843
2026-04-28T07:00:00Z,39074.40,39141.43,39015.79,39075.01,801
2026-04-28T08:00:00Z,39075.01,39169.26,39008.59,39161.43,1311
2026-04-28T09:00:00Z,39161.43,39350.01,39051.78,39267.55,811
2026-04-28T10:00:00Z,39267.55,39302.89,39040.90,39052.61,1124
2026-04-28T11:00:00Z,39052.61,39365.70,38923.74,39263.62,968
2026-04-28T12:00:00Z,39263.62,39314.66,39033.23,39123.21,874
2026-04-28T13:00:00Z,39123.21,39221.55,39033.23,39170.63,645
2026-04-28T14:00:00Z,39170.63,39229.38,39054.05,39081.40,1280
2026-04-28T15:00:00Z,39081.40,39194.73,38832.71,38957.37,645
2026-04-28T16:00:00Z,38957.37,39043.65,38926.21,38989.07,874
2026-04-28T17:00:00Z,38989.07,39188.48,38903.30,39075.17,562
2026-04-28T18:00:00Z,39075.17,39278.82,38993.12,39184.78,645
2026-04-28T19:00:00Z,39184.78,39247.47,38982.47,39021.49,1353
2026-04-28T20:00:00Z,39021.49,39029.29,38913.28,38940.53,1020
2026-04-28T21:00:00Z,38940.53,39010.62,38843.96,38921.80,1072
2026-04-28T22:00:00Z,38921.80,39097.09,38789.47,39058.04,593
2026-04-28T23:00:00Z,39058.04,39104.90,38872.09,38911.00,947
2026-04-29T00:00:00Z,38911.00,38977.45,38833.18,38926.85,811
2026-04-29T01:00:00Z,38926.85,38954.09,38631.76,38767.44,1394
2026-04-29T02:00:00Z,38767.44,38813.96,38488.73,38623.91,968
2026-04-29T03:00:00Z,38623.91,38887.55,38589.15,38755.79,1457
2026-04-29T04:00:00Z,38755.79,38868.18,38546.56,38635.42,562
2026-04-29T05:00:00Z,38635.42,38743.59,38519.73,38627.88,957
2026-04-29T06:00:00Z,38627.88,38739.90,38476.84,38511.50,1290
2026-04-29T07:00:00Z,38511.50,38611.62,38252.22,38294.34,1332
2026-04-29T08:00:00Z,38294.34,38344.12,38240.54,38271.15,1405
2026-04-29T09:00:00Z,38271.15,38494.93,38240.54,38425.77,1426
2026-04-29T10:00:00Z,38425.77,38479.56,38205.79,38290.02,947
2026-04-29T11:00:00Z,38290.02,38343.91,38282.37,38301.78,1540
2026-04-29T12:00:00Z,38301.78,38389.87,38104.09,38107.90,1197
2026-04-29T13:00:00Z,38107.90,38304.94,38085.04,38289.63,728
2026-04-29T14:00:00Z,38289.63,38320.26,38117.08,38247.12,1270
2026-04-29T15:00:00Z,38247.12,38258.59,38174.55,38235.72,1499
2026-04-29T16:00:00Z,38235.72,38312.85,38117.19,38255.47,520
2026-04-29T17:00:00Z,38255.47,38289.89,38129.36,38240.25,1197
2026-04-29T18:00:00Z,38240.25,38286.13,38139.75,38162.64,864
2026-04-29T19:00:00Z,38162.64,38296.20,38116.49,38127.92,687
2026-04-29T20:00:00Z,38127.92,38146.98,37870.30,37991.87,1342
2026-04-29T21:00:00Z,37991.87,38071.65,37776.44,37852.14,843
2026-04-29T22:00:00Z,37852.14,37921.21,37795.37,37883.33,1270
2026-04-29T23:00:00Z,37883.33,37955.30,37623.00,37747.56,822
2026-04-30T00:00:00Z,37747.56,37898.47,37747.56,37800.19,530
2026-04-30T01:00:00Z,37800.19,37943.69,37758.61,37879.30,718
2026-04-30T02:00:00Z,37879.30,37932.33,37716.38,37829.86,1124
2026-04-30T03:00:00Z,37829.86,37969.50,37769.34,37942.94,759
2026-04-30T04:00:00Z,37942.94,38060.06,37859.47,38052.45,1342
2026-04-30T05:00:00Z,38052.45,38063.86,37930.61,38002.81,593
2026-04-30T06:00:00Z,38002.81,38302.67,37873.61,38184.30,1342
2026-04-30T07:00:00Z,38184.30,38241.57,38038.98,38164.92,801
2026-04-30T08:00:00Z,38164.92,38203.08,38126.51,38145.58,666
2026-04-30T09:00:00Z,38145.58,38229.50,38008.49,38065.58,1280
2026-04-30T10:00:00Z,38065.58,38107.45,37989.34,38046.40,593
2026-04-30T11:00:00Z,38046.40,38193.58,37932.27,38193.58,572
2026-04-30T12:00:00Z,38193.58,38216.49,37999.33,38109.84,697
2026-04-30T13:00:00Z,38109.84,38163.19,37919.92,38026.39,1415
2026-04-30T14:00:00Z,38026.39,38227.09,38018.79,38135.57,1020
2026-04-30T15:00:00Z,38135.57,38401.31,38097.44,38294.09,635
2026-04-30T16:00:00Z,38294.09,38332.38,38099.40,38221.70,853
2026-04-30T17:00:00Z,38221.70,38248.45,38088.23,38176.03,1093
2026-04-30T18:00:00Z,38176.03,38179.84,38065.75,38122.93,1499
2026-04-30T19:00:00Z,38122.93,38145.80,37929.42,38047.36,1457
2026-04-30T20:00:00Z,38047.36,38142.47,37870.33,37896.85,1186
2026-04-30T21:00:00Z,37896.85,38032.08,37866.54,37997.89,1301
2026-04-30T22:00:00Z,37997.89,38039.48,37902.90,38009.08,530
2026-04-30T23:00:00Z,38009.08,38254.39,37963.47,38159.00,1509
2026-05-01T00:00:00Z,38159.00,38216.23,37965.26,38090.96,1009
2026-05-01T01:00:00Z,38090.96,38102.38,37943.11,38042.01,978
2026-05-01T02:00:00Z,38042.01,38118.81,38022.99,38084.54,1145
2026-05-01T03:00:00Z,38084.54,38176.75,37977.91,38111.96,1363
2026-05-01T04:00:00Z,38111.96,38150.07,38047.91,38105.06,1457
2026-05-01T05:00:00Z,38105.06,38188.89,37945.43,37998.62,1561
2026-05-01T06:00:00Z,37998.62,38182.24,37869.43,38056.66,843
2026-05-01T07:00:00Z,38056.66,38071.88,37897.01,37946.34,666
2026-05-01T08:00:00Z,37946.34,37972.90,37740.65,37748.19,1155
2026-05-01T09:00:00Z,37748.19,37923.28,37627.40,37824.94,562
2026-05-01T10:00:00Z,37824.94,37904.37,37730.95,37810.35,1113
2026-05-01T11:00:00Z,37810.35,37975.12,37776.33,37937.19,1519
2026-05-01T12:00:00Z,37937.19,37978.92,37857.85,37888.16,999
2026-05-01T13:00:00Z,37888.16,37979.09,37633.00,37693.30,1186
2026-05-01T14:00:00Z,37693.30,37757.37,37575.97,37602.29,936
2026-05-01T15:00:00Z,37602.29,37703.81,37299.21,37373.95,864
2026-05-01T16:00:00Z,37373.95,37426.27,37234.94,37290.87,968
2026-05-01T17:00:00Z,37290.87,37391.55,37242.25,37257.15,530
2026-05-01T18:00:00Z,37257.15,37383.82,37103.95,37200.67,1186
2026-05-01T19:00:00Z,37200.67,37252.75,36974.24,37000.14,1051
2026-05-01T20:00:00Z,37000.14,37059.34,36817.28,36898.45,1207
2026-05-01T21:00:00Z,36898.45,36975.93,36652.99,36778.03,603
2026-05-01T22:00:00Z,36778.03,36826.68,36763.32,36811.96,1374
2026-05-01T23:00:00Z,36811.96,36874.98,36749.38,36823.43,1467
2026-05-02T00:00:00Z,36823.43,36919.17,36634.13,36711.22,853
2026-05-02T01:00:00Z,36711.22,36766.28,36632.61,36665.60,1540
2026-05-02T02:00:00Z,36665.60,36694.93,36616.48,36620.14,1353
2026-05-02T03:00:00Z,36620.14,36977.49,36616.48,36888.96,1426
2026-05-02T04:00:00Z,36888.96,37134.03,36822.56,37082.12,1446
2026-05-02T05:00:00Z,37082.12,37228.56,37030.21,37120.91,1145
2026-05-02T06:00:00Z,37120.91,37197.00,37046.67,37126.46,1488
2026-05-02T07:00:00Z,37126.46,37224.37,37100.48,37216.93,1041
2026-05-02T08:00:00Z,37216.93,37295.08,37051.83,37163.31,1030
2026-05-02T09:00:00Z,37163.31,37219.05,37050.30,37135.71,1113
2026-05-02T10:00:00Z,37135.71,37202.55,37044.90,37130.29,1551
2026-05-02T11:00:00Z,37130.29,37258.19,37070.89,37176.41,1165
2026-05-02T12:00:00Z,37176.41,37265.63,37060.42,37086.38,1270
2026-05-02T13:00:00Z,37086.38,37342.49,36967.71,37282.84,582
2026-05-02T14:00:00Z,37282.84,37286.56,37165.84,37258.98,1488
2026-05-02T15:00:00Z,37258.98,37406.14,37203.10,37275.68,988
2026-05-02T16:00:00Z,37275.68,37430.02,37245.86,37321.79,853
2026-05-02T17:00:00Z,37321.79,37448.68,37260.77,37294.33,1259
2026-05-02T18:00:00Z,37294.33,37383.83,37129.22,37259.62,905
2026-05-02T19:00:00Z,37259.62,37378.85,37081.74,37107.71,541
2026-05-02T20:00:00Z,37107.71,37159.66,36911.19,37029.68,1478
2026-05-02T21:00:00Z,37029.68,37310.44,36903.78,37221.11,1363
2026-05-02T22:00:00Z,37221.11,37247.16,37101.66,37164.84,1342
2026-05-02T23:00:00Z,37164.84,37391.84,37071.93,37283.72,1155
2026-05-03T00:00:00Z,37283.72,37354.55,37131.71,37150.28,1363
2026-05-03T01:00:00Z,37150.28,37195.77,37027.69,37166.04,1134
2026-05-03T02:00:00Z,37166.04,37479.46,37162.33,37359.91,916
2026-05-03T03:00:00Z,37359.91,37453.30,37025.69,37148.27,1499
2026-05-03T04:00:00Z,37148.27,37238.20,37111.13,37223.32,551
2026-05-03T05:00:00Z,37223.32,37301.48,37038.57,37168.66,666
2026-05-03T06:00:00Z,37168.66,37336.75,37079.46,37243.65,968
2026-05-03T07:00:00Z,37243.65,37329.31,37151.98,37174.28,1238
2026-05-03T08:00:00Z,37174.28,37409.12,37118.52,37293.52,1457
2026-05-03T09:00:00Z,37293.52,37446.29,37245.04,37446.29,1301
2026-05-03T10:00:00Z,37446.29,37509.94,37346.69,37380.33,655
2026-05-03T11:00:00Z,37380.33,37567.75,37309.31,37455.39,947
2026-05-03T12:00:00Z,37455.39,37698.17,37447.90,37645.47,1030
2026-05-03T13:00:00Z,37645.47,37788.93,37543.83,37694.70,624
2026-05-03T14:00:00Z,37694.70,37743.70,37415.63,37483.09,718
2026-05-03T15:00:00Z,37483.09,37588.04,37331.65,37395.22,947
2026-05-03T16:00:00Z,37395.22,37586.35,37324.17,37462.73,1061
2026-05-03T17:00:00Z,37462.73,37530.39,37421.53,37522.89,1176
2026-05-03T18:00:00Z,37522.89,37582.92,37430.60,37494.34,1124
2026-05-03T19:00:00Z,37494.34,37667.25,37494.34,37547.10,1030
2026-05-03T20:00:00Z,37547.10,37671.00,37481.57,37489.06,520
2026-05-03T21:00:00Z,37489.06,37691.10,37425.33,37593.36,666
2026-05-03T22:00:00Z,37593.36,37817.73,37555.77,37734.72,687
2026-05-03T23:00:00Z,37734.72,37967.62,37655.48,37861.61,1061
2026-05-04T00:00:00Z,37861.61,38062.69,37759.39,37990.51,676
2026-05-04T01:00:00Z,37990.51,38024.70,37827.47,37937.48,843
2026-05-04T02:00:00Z,37937.48,37967.82,37627.15,37672.35,1207
2026-05-04T03:00:00Z,37672.35,37796.98,37668.59,37732.84,843
2026-05-04T04:00:00Z,37732.84,37755.47,37578.62,37691.69,1384
2026-05-04T05:00:00Z,37691.69,37725.93,37661.54,37692.01,968
2026-05-04T06:00:00Z,37692.01,37907.19,37578.94,37786.28,905
2026-05-04T07:00:00Z,37786.28,37805.17,37616.92,37726.32,1446
2026-05-04T08:00:00Z,37726.32,37733.86,37534.82,37643.98,811
2026-05-04T09:00:00Z,37643.98,37670.33,37490.34,37603.14,853
2026-05-04T10:00:00Z,37603.14,37734.55,37494.10,37727.01,572
2026-05-04T11:00:00Z,37727.01,37855.29,37674.20,37806.15,1228
2026-05-04T12:00:00Z,37806.15,37983.66,37783.47,37919.20,1290
2026-05-04T13:00:00Z,37919.20,37945.74,37794.80,37866.74,1322
2026-05-04T14:00:00Z,37866.74,37916.24,37855.38,37874.58,1061
2026-05-04T15:00:00Z,37874.58,38018.78,37810.20,37886.18,1509
2026-05-04T16:00:00Z,37886.18,38101.89,37867.24,37991.72,864
2026-05-04T17:00:00Z,37991.72,38056.30,37829.62,37897.83,916
2026-05-04T18:00:00Z,37897.83,37928.35,37765.19,37913.19,718
2026-05-04T19:00:00Z,37913.19,38105.60,37780.50,38063.73,520
2026-05-04T20:00:00Z,38063.73,38105.60,37961.98,37996.17,1280
2026-05-04T21:00:00Z,37996.17,37996.17,37751.36,37861.15,1509
2026-05-04T22:00:00Z,37861.15,37921.97,37861.15,37876.52,916
2026-05-04T23:00:00Z,37876.52,37990.40,37800.77,37891.89,645
2026-05-05T00:00:00Z,37891.89,38000.27,37842.64,37947.15,1124
2026-05-05T01:00:00Z,37947.15,38000.27,37672.95,37778.73,1082
2026-05-05T02:00:00Z,37778.73,37856.64,37680.51,37799.95,770
2026-05-05T03:00:00Z,37799.95,37875.54,37613.75,37723.14,1384
2026-05-05T04:00:00Z,37723.14,37783.49,37612.50,37714.32,666
2026-05-05T05:00:00Z,37714.32,38037.16,37635.12,37915.83,666
2026-05-05T06:00:00Z,37915.83,37942.37,37774.84,37786.17,676
2026-05-05T07:00:00Z,37786.17,37988.69,37771.06,37867.52,968
2026-05-05T08:00:00Z,37867.52,38156.92,37852.38,38061.77,1145
2026-05-05T09:00:00Z,38061.77,38128.52,38054.16,38101.85,1280
2026-05-05T10:00:00Z,38101.85,38332.11,38033.27,38221.27,1145
2026-05-05T11:00:00Z,38221.27,38267.13,38132.63,38132.63,541
2026-05-05T12:00:00Z,38132.63,38335.64,38060.18,38289.70,1280
2026-05-05T13:00:00Z,38289.70,38383.34,38247.59,38341.17,780
2026-05-05T14:00:00Z,38341.17,38383.34,38262.93,38339.60,1446
2026-05-05T15:00:00Z,38339.60,38455.97,38216.92,38417.56,780
2026-05-05T16:00:00Z,38417.56,38549.56,38356.10,38487.98,697
2026-05-05T17:00:00Z,38487.98,38597.75,38434.10,38505.34,520
2026-05-05T18:00:00Z,38505.34,38522.87,38389.83,38511.32,1020
2026-05-05T19:00:00Z,38511.32,38526.72,38386.67,38502.17,864
2026-05-05T20:00:00Z,38502.17,38793.41,38425.17,38735.31,1530
2026-05-05T21:00:00Z,38735.31,38867.01,38397.37,38512.90,1342
2026-05-05T22:00:00Z,38512.90,38758.85,38378.11,38681.49,780
2026-05-05T23:00:00Z,38681.49,38855.17,38642.81,38820.24,541
2026-05-06T00:00:00Z,38820.24,38878.47,38781.07,38781.07,988
2026-05-06T01:00:00Z,38781.07,38854.75,38563.84,38679.87,947
2026-05-06T02:00:00Z,38679.87,38795.63,38548.36,38768.50,832
2026-05-06T03:00:00Z,38768.50,38837.96,38632.82,38806.92,624
2026-05-06T04:00:00Z,38806.92,39105.99,38713.79,38996.80,666
2026-05-06T05:00:00Z,38996.80,39258.25,38918.81,39121.33,832
2026-05-06T06:00:00Z,39121.33,39195.66,39034.97,39077.95,926
2026-05-06T07:00:00Z,39077.95,39163.68,38964.63,39148.03,811
2026-05-06T08:00:00Z,39148.03,39316.23,39073.65,39194.73,1113
2026-05-06T09:00:00Z,39194.73,39233.63,39194.73,39210.11,811
2026-05-06T10:00:00Z,39210.11,39461.23,39155.22,39410.00,968
2026-05-06T11:00:00Z,39410.00,39591.25,39410.00,39468.90,811
2026-05-06T12:00:00Z,39468.90,39484.68,39271.41,39397.48,1457
2026-05-06T13:00:00Z,39397.48,39689.47,39263.53,39606.30,926
2026-05-06T14:00:00Z,39606.30,39657.59,39606.30,39653.63,832
2026-05-06T15:00:00Z,39653.63,39669.49,39502.75,39605.72,1072
2026-05-06T16:00:00Z,39605.72,39792.00,39478.99,39728.44,1020
2026-05-06T17:00:00Z,39728.44,39775.94,39648.99,39771.97,926
2026-05-06T18:00:00Z,39771.97,39951.05,39708.34,39947.06,905
2026-05-06T19:00:00Z,39947.06,39979.01,39818.90,39854.76,957
2026-05-06T20:00:00Z,39854.76,39990.10,39842.81,39870.49,1259
2026-05-06T21:00:00Z,39870.49,39902.38,39619.22,39754.38,1426
2026-05-06T22:00:00Z,39754.38,40005.26,39754.38,39973.29,1551
2026-05-06T23:00:00Z,39973.29,40181.50,39917.33,40101.30,739
2026-05-07T00:00:00Z,40101.30,40234.02,40041.15,40225.98,1540
2026-05-07T01:00:00Z,40225.98,40443.83,40157.60,40314.83,1238
2026-05-07T02:00:00Z,40314.83,40569.48,40258.39,40484.47,759
2026-05-07T03:00:00Z,40484.47,40707.71,40358.97,40626.46,1467
2026-05-07T04:00:00Z,40626.46,40646.77,40436.11,40529.32,1009
2026-05-07T05:00:00Z,40529.32,40598.21,40355.61,40452.69,884
2026-05-07T06:00:00Z,40452.69,40525.50,40089.86,40218.55,1113
2026-05-07T07:00:00Z,40218.55,40452.40,40214.53,40355.55,822
2026-05-07T08:00:00Z,40355.55,40403.97,40182.62,40279.29,926
2026-05-07T09:00:00Z,40279.29,40355.82,40074.55,40203.20,1228
2026-05-07T10:00:00Z,40203.20,40432.91,40074.55,40328.06,926
2026-05-07T11:00:00Z,40328.06,40396.97,40320.00,40328.42,1270
2026-05-07T12:00:00Z,40328.42,40348.58,39958.62,40018.64,1332
2026-05-07T13:00:00Z,40018.64,40123.08,39938.61,40035.01,603
2026-05-07T14:00:00Z,40035.01,40079.04,39915.51,39947.46,1353
2026-05-07T15:00:00Z,39947.46,40143.50,39823.63,40103.40,1342
2026-05-07T16:00:00Z,40103.40,40296.10,40099.39,40267.92,739
2026-05-07T17:00:00Z,40267.92,40457.63,40231.68,40328.58,1061
2026-05-07T18:00:00Z,40328.58,40429.40,40095.54,40236.36,1446
2026-05-07T19:00:00Z,40236.36,40272.57,39979.94,40084.15,968
2026-05-07T20:00:00Z,40084.15,40232.86,39995.97,40120.53,1134
2026-05-07T21:00:00Z,40120.53,40357.25,40116.52,40333.06,676
2026-05-07T22:00:00Z,40333.06,40413.72,40156.31,40265.02,1488
2026-05-07T23:00:00Z,40265.02,40575.42,40164.36,40474.24,1207
2026-05-08T00:00:00Z,40474.24,40478.28,40345.38,40414.08,1238
2026-05-08T01:00:00Z,40414.08,40515.11,40180.47,40305.41,728
2026-05-08T02:00:00Z,40305.41,40625.21,40297.35,40523.91,614
2026-05-08T03:00:00Z,40523.91,40646.50,40459.08,40642.44,853
2026-05-08T04:00:00Z,40642.44,40658.69,40394.90,40443.43,1457
2026-05-08T05:00:00Z,40443.43,40635.03,40362.55,40606.61,1207
2026-05-08T06:00:00Z,40606.61,40733.95,40557.89,40705.46,936
2026-05-08T07:00:00Z,40705.46,40849.00,40640.34,40714.65,1311
2026-05-08T08:00:00Z,40714.65,40801.39,40710.58,40740.28,676
2026-05-08T09:00:00Z,40740.28,40874.72,40492.21,40609.97,562
2026-05-08T10:00:00Z,40609.97,40676.14,40597.79,40631.45,843
2026-05-08T11:00:00Z,40631.45,40684.27,40428.28,40497.12,978
2026-05-08T12:00:00Z,40497.12,40586.21,40400.49,40453.07,1519
2026-05-08T13:00:00Z,40453.07,40653.20,40428.80,40519.49,1280
2026-05-08T14:00:00Z,40519.49,40564.06,40353.73,40450.81,676
2026-05-08T15:00:00Z,40450.81,40507.44,40300.58,40324.77,1270
2026-05-08T16:00:00Z,40324.77,40405.41,40200.41,40301.16,926
2026-05-08T17:00:00Z,40301.16,40353.55,40111.21,40187.56,1301
2026-05-08T18:00:00Z,40187.56,40346.00,40103.17,40233.35,593
2026-05-08T19:00:00Z,40233.35,40335.19,40185.07,40250.67,1374
2026-05-08T20:00:00Z,40250.67,40398.73,40238.60,40370.48,1165
2026-05-08T21:00:00Z,40370.48,40571.09,40370.48,40449.75,1478
2026-05-08T22:00:00Z,40449.75,40490.19,40241.46,40273.67,957
2026-05-08T23:00:00Z,40273.67,40394.49,40045.56,40081.63,1165
2026-05-09T00:00:00Z,40081.63,40227.68,40037.55,40111.36,1082
2026-05-09T01:00:00Z,40111.36,40353.98,40035.15,40257.37,957
2026-05-09T02:00:00Z,40257.37,40301.65,40110.20,40126.25,832
2026-05-09T03:00:00Z,40126.25,40126.25,39971.55,40103.89,905
2026-05-09T04:00:00Z,40103.89,40318.18,40091.86,40233.69,655
2026-05-09T05:00:00Z,40233.69,40303.69,40177.37,40271.48,520
2026-05-09T06:00:00Z,40271.48,40352.02,40164.44,40265.10,1207
2026-05-09T07:00:00Z,40265.10,40455.99,40192.63,40330.97,1322
2026-05-09T08:00:00Z,40330.97,40594.65,40270.48,40481.31,562
2026-05-09T09:00:00Z,40481.31,40566.32,40252.96,40357.89,718
2026-05-09T10:00:00Z,40357.89,40487.03,40246.62,40347.48,905
2026-05-09T11:00:00Z,40347.48,40367.65,40023.92,40148.37,1457
2026-05-09T12:00:00Z,40148.37,40278.48,40068.08,40182.05,1103
2026-05-09T13:00:00Z,40182.05,40360.45,40077.58,40235.72,1030
2026-05-09T14:00:00Z,40235.72,40243.76,40036.95,40161.45,530
2026-05-09T15:00:00Z,40161.45,40277.91,40067.30,40099.37,1030
2026-05-09T16:00:00Z,40099.37,40131.44,39901.94,39941.88,1061
2026-05-09T17:00:00Z,39941.88,40043.32,39885.97,39987.34,1270
2026-05-09T18:00:00Z,39987.34,40019.32,39885.83,39921.75,1093
2026-05-09T19:00:00Z,39921.75,40037.52,39812.39,39868.20,1394
2026-05-09T20:00:00Z,39868.20,40001.32,39780.49,39921.48,1322
2026-05-09T21:00:00Z,39921.48,39981.36,39832.05,39875.91,603
2026-05-09T22:00:00Z,39875.91,39943.69,39632.47,39723.83,811
2026-05-09T23:00:00Z,39723.83,39896.29,39703.97,39773.00,822
2026-05-10T00:00:00Z,39773.00,39840.61,39703.18,39703.18,1561
2026-05-10T01:00:00Z,39703.18,39732.85,39671.42,39728.88,1217
2026-05-10T02:00:00Z,39728.88,39917.45,39657.37,39849.71,1155
2026-05-10T03:00:00Z,39849.71,40010.43,39809.87,40002.43,1353
2026-05-10T04:00:00Z,40002.43,40115.72,39910.43,40099.69,1113
2026-05-10T05:00:00Z,40099.69,40179.88,39901.50,40033.61,864
2026-05-10T06:00:00Z,40033.61,40145.70,39864.55,39868.53,1384
2026-05-10T07:00:00Z,39868.53,40041.87,39840.63,39902.22,1530
2026-05-10T08:00:00Z,39902.22,40214.39,39778.53,40078.13,999
2026-05-10T09:00:00Z,40078.13,40191.36,39997.98,40167.26,905
2026-05-10T10:00:00Z,40167.26,40351.90,40135.13,40335.77,1551
2026-05-10T11:00:00Z,40335.77,40550.06,40255.10,40448.94,988
2026-05-10T12:00:00Z,40448.94,40596.09,40424.68,40462.57,582
2026-05-10T13:00:00Z,40462.57,40462.57,40324.55,40352.79,1197
2026-05-10T14:00:00Z,40352.79,40453.67,40115.85,40184.16,582
2026-05-10T15:00:00Z,40184.16,40296.67,40057.91,40178.44,1051
2026-05-10T16:00:00Z,40178.44,40218.61,40048.17,40176.73,988
2026-05-10T17:00:00Z,40176.73,40579.77,40084.33,40454.37,749
2026-05-10T18:00:00Z,40454.37,40515.05,40395.90,40448.48,1384
2026-05-10T19:00:00Z,40448.48,40510.60,40319.05,40478.22,811
2026-05-10T20:00:00Z,40478.22,40750.76,40381.08,40685.67,1197
2026-05-10T21:00:00Z,40685.67,40811.79,40607.20,40651.91,1061
2026-05-10T22:00:00Z,40651.91,40795.12,40635.65,40697.45,843
2026-05-10T23:00:00Z,40697.45,40827.68,40623.34,40659.93,520
2026-05-11T00:00:00Z,40659.93,40724.98,40334.82,40423.75,718
2026-05-11T01:00:00Z,40423.75,40553.10,40072.11,40208.81,1280
2026-05-11T02:00:00Z,40208.81,40397.51,40108.29,40365.22,687
2026-05-11T03:00:00Z,40365.22,40510.20,40308.71,40401.12,1561
2026-05-11T04:00:00Z,40401.12,40477.88,40202.68,40323.65,1322
2026-05-11T05:00:00Z,40323.65,40424.45,40201.83,40221.94,635
2026-05-11T06:00:00Z,40221.94,40406.94,40201.83,40290.10,572
2026-05-11T07:00:00Z,40290.10,40290.10,40277.53,40285.58,739
2026-05-11T08:00:00Z,40285.58,40394.35,40095.08,40147.27,1426
2026-05-11T09:00:00Z,40147.27,40207.35,40091.07,40199.32,947
2026-05-11T10:00:00Z,40199.32,40424.96,40135.01,40283.97,884
2026-05-11T11:00:00Z,40283.97,40296.05,40149.93,40190.12,1259
2026-05-11T12:00:00Z,40190.12,40318.72,39898.92,39994.90,1426
2026-05-11T13:00:00Z,39994.90,40118.79,39906.92,40030.73,749
2026-05-11T14:00:00Z,40030.73,40178.97,39954.68,40074.78,530
2026-05-11T15:00:00Z,40074.78,40138.89,40046.01,40050.01,968
2026-05-11T16:00:00Z,40050.01,40255.25,40050.01,40138.85,603
2026-05-11T17:00:00Z,40138.85,40162.93,39851.87,39979.80,1426
2026-05-11T18:00:00Z,39979.80,40039.76,39891.05,39950.97,1488
2026-05-11T19:00:00Z,39950.97,40217.81,39895.04,40165.60,1249
2026-05-11T20:00:00Z,40165.60,40189.69,39938.01,39998.00,1519
2026-05-11T21:00:00Z,39998.00,40102.12,39862.01,40022.08,1322
2026-05-11T22:00:00Z,40022.08,40110.12,39897.09,39981.05,770
2026-05-11T23:00:00Z,39981.05,40098.14,39937.08,40054.09,1249
2026-05-12T00:00:00Z,40054.09,40297.05,39990.01,40188.55,1561
2026-05-12T01:00:00Z,40188.55,40395.97,40124.25,40267.12,1446
2026-05-12T02:00:00Z,40267.12,40279.20,40072.33,40184.84,853
2026-05-12T03:00:00Z,40184.84,40305.39,40046.66,40090.75,614
2026-05-12T04:00:00Z,40090.75,40178.94,39972.89,40057.00,759
2026-05-12T05:00:00Z,40057.00,40173.16,39903.40,39955.34,884
2026-05-12T06:00:00Z,39955.34,40065.56,39875.43,39969.64,1249
2026-05-12T07:00:00Z,39969.64,39969.64,39820.50,39844.40,1280
2026-05-12T08:00:00Z,39844.40,39930.24,39756.75,39922.26,582
2026-05-12T09:00:00Z,39922.26,40119.75,39798.51,40099.71,947
2026-05-12T10:00:00Z,40099.71,40218.25,40095.71,40137.98,1311
2026-05-12T11:00:00Z,40137.98,40308.72,40037.64,40220.24,707
2026-05-12T12:00:00Z,40220.24,40344.92,40026.28,40050.31,1290
2026-05-12T13:00:00Z,40050.31,40232.80,39994.24,40104.47,1394
2026-05-12T14:00:00Z,40104.47,40219.06,40084.42,40114.77,988
2026-05-12T15:00:00Z,40114.77,40231.10,39901.63,39925.58,1165
2026-05-12T16:00:00Z,39925.58,39945.54,39606.35,39721.54,530
2026-05-12T17:00:00Z,39721.54,39733.45,39573.58,39660.83,822
2026-05-12T18:00:00Z,39660.83,39664.79,39461.70,39596.32,1301
2026-05-12T19:00:00Z,39596.32,39663.63,39464.45,39571.29,1446
2026-05-12T20:00:00Z,39571.29,39715.47,39440.71,39691.66,947
2026-05-12T21:00:00Z,39691.66,39745.74,39620.22,39694.14,1020
2026-05-12T22:00:00Z,39694.14,39789.40,39562.56,39594.23,1165
2026-05-12T23:00:00Z,39594.23,39629.86,39545.60,39561.42,593
2026-05-13T00:00:00Z,39561.42,39844.39,39545.60,39717.30,1301
2026-05-13T01:00:00Z,39717.30,39865.80,39586.24,39750.53,593
2026-05-13T02:00:00Z,39750.53,39990.69,39627.31,39851.22,1165
2026-05-13T03:00:00Z,39851.22,39892.48,39807.39,39860.60,1082
2026-05-13T04:00:00Z,39860.60,39932.34,39814.36,39830.29,978
2026-05-13T05:00:00Z,39830.29,39963.17,39726.74,39867.49,801
2026-05-13T06:00:00Z,39867.49,39871.47,39615.14,39706.46,864
2026-05-13T07:00:00Z,39706.46,39957.87,39690.58,39834.39,1030
2026-05-13T08:00:00Z,39834.39,39870.24,39645.40,39780.65,832
2026-05-13T09:00:00Z,39780.65,39833.88,39752.81,39806.02,1020
2026-05-13T10:00:00Z,39806.02,40016.95,39778.16,40000.95,1332
2026-05-13T11:00:00Z,40000.95,40356.81,39896.95,40236.11,593
2026-05-13T12:00:00Z,40236.11,40372.91,40173.76,40181.79,1426
2026-05-13T13:00:00Z,40181.79,40417.82,40165.72,40397.63,957
2026-05-13T14:00:00Z,40397.63,40515.51,40316.84,40450.79,1155
2026-05-13T15:00:00Z,40450.79,40454.83,40355.38,40428.15,1051
2026-05-13T16:00:00Z,40428.15,40546.17,40310.91,40473.32,687
2026-05-13T17:00:00Z,40473.32,40594.73,40358.74,40387.01,1446
2026-05-13T18:00:00Z,40387.01,40439.51,40061.73,40158.10,1238
2026-05-13T19:00:00Z,40158.10,40458.64,40077.79,40321.55,874
2026-05-13T20:00:00Z,40321.55,40617.74,40281.23,40544.76,749
2026-05-13T21:00:00Z,40544.76,40777.59,40532.60,40745.00,635
2026-05-13T22:00:00Z,40745.00,40938.30,40724.63,40921.94,593
2026-05-13T23:00:00Z,40921.94,41052.89,40809.87,40862.99,999
2026-05-14T00:00:00Z,40862.99,41001.92,40681.71,40820.49,645
2026-05-14T01:00:00Z,40820.49,41088.31,40796.00,41051.37,1259
2026-05-14T02:00:00Z,41051.37,41195.04,40897.80,41041.44,791
2026-05-14T03:00:00Z,41041.44,41109.33,41037.34,41101.11,1457
2026-05-14T04:00:00Z,41101.11,41187.42,41033.94,41042.14,551
2026-05-14T05:00:00Z,41042.14,41126.67,41038.04,41060.98,1093
2026-05-14T06:00:00Z,41060.98,41093.82,40888.05,40928.97,603
2026-05-14T07:00:00Z,40928.97,41200.32,40908.51,41150.94,759
2026-05-14T08:00:00Z,41150.94,41542.07,41109.79,41467.43,1551
2026-05-14T09:00:00Z,41467.43,41529.63,41324.77,41453.27,1436
2026-05-14T10:00:00Z,41453.27,41570.45,41411.82,41562.14,1290
2026-05-14T11:00:00Z,41562.14,41730.21,41495.65,41609.55,593
2026-05-14T12:00:00Z,41609.55,41684.44,41505.00,41513.30,541
2026-05-14T13:00:00Z,41513.30,41697.09,41505.00,41613.87,1426
2026-05-14T14:00:00Z,41613.87,41713.74,41459.50,41538.42,624
2026-05-14T15:00:00Z,41538.42,41546.72,41180.21,41304.12,1093
2026-05-14T16:00:00Z,41304.12,41444.55,41116.06,41136.62,811
2026-05-14T17:00:00Z,41136.62,41530.43,41079.03,41389.71,1509
2026-05-14T18:00:00Z,41389.71,41393.84,41281.70,41351.99,1405
2026-05-14T19:00:00Z,41351.99,41750.69,41323.05,41629.97,1249
2026-05-14T20:00:00Z,41629.97,41821.66,41534.23,41746.52,562
2026-05-14T21:00:00Z,41746.52,41826.84,41654.68,41814.30,1478
2026-05-14T22:00:00Z,41814.30,41940.40,41768.31,41894.32,1530
2026-05-14T23:00:00Z,41894.32,41942.49,41860.81,41913.16,520
2026-05-15T00:00:00Z,41913.16,42009.56,41819.42,41844.52,1519
2026-05-15T01:00:00Z,41844.52,42073.42,41769.20,41951.76,874
2026-05-15T02:00:00Z,41951.76,42260.77,41813.32,42146.98,884
2026-05-15T03:00:00Z,42146.98,42284.33,42104.84,42187.30,1093
2026-05-15T04:00:00Z,42187.30,42269.90,42178.87,42215.03,1342
2026-05-15T05:00:00Z,42215.03,42272.21,42198.15,42263.76,1530
2026-05-15T06:00:00Z,42263.76,42363.33,42149.65,42299.89,874
2026-05-15T07:00:00Z,42299.89,42403.82,42232.22,42327.64,676
2026-05-15T08:00:00Z,42327.64,42463.08,42094.49,42225.38,1041
2026-05-15T09:00:00Z,42225.38,42326.72,42018.81,42077.71,1530
2026-05-15T10:00:00Z,42077.71,42136.61,41867.53,41980.87,853
2026-05-15T11:00:00Z,41980.87,42188.57,41964.08,42091.76,822
2026-05-15T12:00:00Z,42091.76,42112.80,41944.98,41982.76,1072
2026-05-15T13:00:00Z,41982.76,41998.53,41856.82,41990.14,655
2026-05-15T14:00:00Z,41990.14,41990.14,41661.35,41799.28,1478
2026-05-15T15:00:00Z,41799.28,41933.03,41501.22,41634.45,728
2026-05-15T16:00:00Z,41634.45,41717.19,41576.17,41646.40,1217
2026-05-15T17:00:00Z,41646.40,41773.76,41579.77,41723.70,916
2026-05-15T18:00:00Z,41723.70,42040.75,41590.19,41931.73,1488
2026-05-15T19:00:00Z,41931.73,42365.16,41881.42,42251.09,947
2026-05-15T20:00:00Z,42251.09,42344.04,42246.16,42246.16,1426
2026-05-15T21:00:00Z,42246.16,42409.54,42241.94,42274.27,936
2026-05-15T22:00:00Z,42274.27,42465.22,42274.27,42388.92,1551
2026-05-15T23:00:00Z,42388.92,42606.46,42384.69,42474.79,843
2026-05-16T00:00:00Z,42474.79,42519.76,42432.32,42490.02,1530
2026-05-16T01:00:00Z,42490.02,42590.28,42409.29,42539.24,624
2026-05-16T02:00:00Z,42539.24,42715.95,42449.91,42677.55,551
2026-05-16T03:00:00Z,42677.55,43038.12,42536.72,42926.52,1446
2026-05-16T04:00:00Z,42926.52,43061.69,42836.38,42962.88,572
2026-05-16T05:00:00Z,42962.88,43016.61,42855.48,42973.64,1155
2026-05-16T06:00:00Z,42973.64,43016.61,42771.11,42818.21,1405
2026-05-16T07:00:00Z,42818.21,42818.21,42638.36,42646.88,624
2026-05-16T08:00:00Z,42646.88,42891.49,42621.30,42801.61,1197
2026-05-16T09:00:00Z,42801.61,42947.13,42545.20,42677.50,832
2026-05-16T10:00:00Z,42677.50,42954.54,42528.13,42933.08,1540
2026-05-16T11:00:00Z,42933.08,42941.66,42621.14,42770.83,1540
2026-05-16T12:00:00Z,42770.83,42882.03,42630.60,42643.39,968
2026-05-16T13:00:00Z,42643.39,42656.18,42502.89,42583.79,1530
2026-05-16T14:00:00Z,42583.79,42732.83,42394.50,42428.44,895
2026-05-16T15:00:00Z,42428.44,42461.21,42330.86,42461.21,1197
2026-05-16T16:00:00Z,42461.21,42503.67,42126.65,42236.46,1384
2026-05-16T17:00:00Z,42236.46,42373.31,42105.53,42343.67,1446
2026-05-16T18:00:00Z,42343.67,42443.35,42246.28,42417.90,1207
2026-05-16T19:00:00Z,42417.90,42562.12,42367.53,42392.96,1478
2026-05-16T20:00:00Z,42392.96,42535.22,42376.01,42463.04,1426
2026-05-16T21:00:00Z,42463.04,42701.23,42454.55,42603.25,1228
2026-05-16T22:00:00Z,42603.25,42764.05,42458.40,42636.15,551
2026-05-16T23:00:00Z,42636.15,42904.66,42572.20,42780.60,791
2026-05-17T00:00:00Z,42780.60,42866.16,42659.39,42779.17,905
2026-05-17T01:00:00Z,42779.17,42910.40,42646.56,42803.40,1228
2026-05-17T02:00:00Z,42803.40,43024.81,42747.76,42883.30,1061
2026-05-17T03:00:00Z,42883.30,43053.55,42853.29,43001.95,791
2026-05-17T04:00:00Z,43001.95,43070.75,42717.11,42815.58,1499
2026-05-17T05:00:00Z,42815.58,43015.56,42725.67,42869.81,562
2026-05-17T06:00:00Z,42869.81,43057.21,42788.36,42949.84,916
2026-05-17T07:00:00Z,42949.84,43005.67,42746.75,42875.37,1290
2026-05-17T08:00:00Z,42875.37,42875.37,42753.96,42835.34,1041
2026-05-17T09:00:00Z,42835.34,43056.95,42711.12,42975.30,749
2026-05-17T10:00:00Z,42975.30,42988.19,42668.95,42715.93,1145
2026-05-17T11:00:00Z,42715.93,42778.60,42690.31,42740.14,645
2026-05-17T12:00:00Z,42740.14,42872.63,42602.02,42691.67,780
2026-05-17T13:00:00Z,42691.67,42921.10,42687.41,42779.93,582
2026-05-17T14:00:00Z,42779.93,42908.26,42628.79,42654.38,676
2026-05-17T15:00:00Z,42654.38,42704.15,42569.08,42699.89,1311
2026-05-17T16:00:00Z,42699.89,42721.23,42660.04,42698.46,1363
2026-05-17T17:00:00Z,42698.46,42936.34,42587.45,42919.18,1103
2026-05-17T18:00:00Z,42919.18,43093.94,42790.43,43016.52,947
2026-05-17T19:00:00Z,43016.52,43076.74,42568.56,42713.78,1238
2026-05-17T20:00:00Z,42713.78,43016.20,42564.29,42926.06,635
2026-05-17T21:00:00Z,42926.06,43037.66,42924.63,42924.63,572
2026-05-17T22:00:00Z,42924.63,43014.77,42777.32,42841.58,832
2026-05-17T23:00:00Z,42841.58,43050.40,42738.77,42990.22,551
2026-05-18T00:00:00Z,42990.22,43024.61,42827.00,42947.25,1197
2026-05-18T01:00:00Z,42947.25,43011.67,42814.25,42861.39,551
2026-05-18T02:00:00Z,42861.39,43011.40,42514.89,42617.17,759
2026-05-18T03:00:00Z,42617.17,42821.88,42497.85,42783.38,1082
2026-05-18T04:00:00Z,42783.38,42817.60,42612.50,42706.45,1530
2026-05-18T05:00:00Z,42706.45,42749.15,42625.42,42633.94,1394
2026-05-18T06:00:00Z,42633.94,42851.56,42608.36,42787.38,1030
2026-05-18T07:00:00Z,42787.38,42928.65,42650.47,42881.49,1374
2026-05-18T08:00:00Z,42881.49,42937.23,42654.60,42804.41,1332
2026-05-18T09:00:00Z,42804.41,42890.01,42783.08,42795.91,853
2026-05-18T10:00:00Z,42795.91,42847.26,42603.59,42612.11,687
2026-05-18T11:00:00Z,42612.11,42722.98,42552.46,42624.95,1457
2026-05-18T12:00:00Z,42624.95,42727.24,42310.33,42395.12,520
2026-05-18T13:00:00Z,42395.12,42530.78,42187.85,42297.82,978
2026-05-18T14:00:00Z,42297.82,42335.88,42154.14,42293.70,1467
2026-05-18T15:00:00Z,42293.70,42344.45,42150.26,42200.90,1259
2026-05-18T16:00:00Z,42200.90,42374.09,42154.48,42238.93,843
2026-05-18T17:00:00Z,42238.93,42243.15,41969.41,42070.37,1446
2026-05-18T18:00:00Z,42070.37,42175.67,42036.72,42095.69,1280
2026-05-18T19:00:00Z,42095.69,42259.86,41998.87,42217.65,1353
2026-05-18T20:00:00Z,42217.65,42340.19,42204.99,42226.18,853
2026-05-18T21:00:00Z,42226.18,42276.94,42162.85,42238.93,811
2026-05-18T22:00:00Z,42238.93,42323.40,41860.23,42003.04,1290
2026-05-18T23:00:00Z,42003.04,42070.22,41856.03,42070.22,728
2026-05-19T00:00:00Z,42070.22,42108.08,41841.40,41979.93,1061
2026-05-19T01:00:00Z,41979.93,42049.41,41866.59,42011.60,1093
2026-05-19T02:00:00Z,42011.60,42224.14,41893.97,42118.85,1270
2026-05-19T03:00:00Z,42118.85,42173.60,41927.61,42066.42,1561
2026-05-19T04:00:00Z,42066.42,42215.81,42007.53,42194.72,1134
2026-05-19T05:00:00Z,42194.72,42329.74,42020.06,42121.15,1415
2026-05-19T06:00:00Z,42121.15,42350.88,41999.00,42262.13,666
2026-05-19T07:00:00Z,42262.13,42463.05,42181.84,42331.83,822
2026-05-19T08:00:00Z,42331.83,42479.99,42110.38,42177.86,1415
2026-05-19T09:00:00Z,42177.86,42257.99,42083.41,42100.25,916
2026-05-19T10:00:00Z,42100.25,42176.03,41808.96,41930.55,1436
2026-05-19T11:00:00Z,41930.55,41938.93,41669.83,41740.78,999
2026-05-19T12:00:00Z,41740.78,41757.47,41668.38,41668.38,728
2026-05-19T13:00:00Z,41668.38,42024.32,41622.55,41936.26,1270
2026-05-19T14:00:00Z,41936.26,42306.90,41873.36,42214.03,916
2026-05-19T15:00:00Z,42214.03,42329.80,42167.60,42317.11,1540
2026-05-19T16:00:00Z,42317.11,42389.04,42184.72,42188.93,1041
2026-05-19T17:00:00Z,42188.93,42237.64,42188.93,42191.23,551
2026-05-19T18:00:00Z,42191.23,42229.20,42000.40,42080.35,1061
2026-05-19T19:00:00Z,42080.35,42145.48,42025.65,42132.85,1457
2026-05-19T20:00:00Z,42132.85,42162.34,42005.18,42064.06,572
2026-05-19T21:00:00Z,42064.06,42148.18,42049.66,42058.07,1134
2026-05-19T22:00:00Z,42058.07,42137.98,41846.73,41989.49,1457
2026-05-19T23:00:00Z,41989.49,42247.09,41888.72,42150.15,1540
2026-05-20T00:00:00Z,42150.15,42295.29,42103.79,42151.98,1270
2026-05-20T01:00:00Z,42151.98,42204.53,42101.40,42191.88,614
2026-05-20T02:00:00Z,42191.88,42255.16,42155.86,42160.07,770
2026-05-20T03:00:00Z,42160.07,42335.58,42079.97,42280.62,1041
2026-05-20T04:00:00Z,42280.62,42322.90,42253.27,42274.40,1072
2026-05-20T05:00:00Z,42274.40,42333.58,42005.69,42127.86,655
2026-05-20T06:00:00Z,42127.86,42243.99,42106.80,42147.06,1082
2026-05-20T07:00:00Z,42147.06,42273.50,41972.21,42119.62,645
2026-05-20T08:00:00Z,42119.62,42189.55,41976.42,42138.99,968
2026-05-20T09:00:00Z,42138.99,42209.53,42046.29,42201.09,1249
2026-05-20T10:00:00Z,42201.09,42386.00,42158.89,42259.23,1113
2026-05-20T11:00:00Z,42259.23,42266.19,42191.62,42261.97,916
2026-05-20T12:00:00Z,42261.97,42397.28,42245.07,42359.16,1217
2026-05-20T13:00:00Z,42359.16,42439.64,42221.19,42280.38,1249
2026-05-20T14:00:00Z,42280.38,42369.16,42069.24,42115.56,1290
2026-05-20T15:00:00Z,42115.56,42187.15,42032.57,42032.57,1186
2026-05-20T16:00:00Z,42032.57,42099.27,42015.76,42078.24,530
2026-05-20T17:00:00Z,42078.24,42208.47,42002.50,42128.43,864
2026-05-20T18:00:00Z,42128.43,42162.13,42003.38,42049.63,1551
2026-05-20T19:00:00Z,42049.63,42070.65,41949.52,41957.91,739
2026-05-20T20:00:00Z,41957.91,42050.21,41770.16,41874.84,1186
2026-05-20T21:00:00Z,41874.84,42019.23,41849.72,42002.43,947
2026-05-20T22:00:00Z,42002.43,42115.83,41876.85,41901.99,832
2026-05-20T23:00:00Z,41901.99,42039.98,41759.53,41930.96,1384
2026-05-21T00:00:00Z,41930.96,42063.58,41826.14,41941.95,1426
2026-05-21T01:00:00Z,41941.95,42104.03,41866.46,42036.78,1499
2026-05-21T02:00:00Z,42036.78,42425.91,41906.47,42332.78,1561
2026-05-21T03:00:00Z,42332.78,42476.71,42195.61,42305.60,1238
2026-05-21T04:00:00Z,42305.60,42358.71,42178.69,42324.86,1176
2026-05-21T05:00:00Z,42324.86,42371.41,42155.19,42155.19,1322
2026-05-21T06:00:00Z,42155.19,42205.77,41881.88,41986.84,1311
2026-05-21T07:00:00Z,41986.84,42020.42,41835.27,41948.53,926
2026-05-21T08:00:00Z,41948.53,42118.43,41889.81,42063.75,1446
2026-05-21T09:00:00Z,42063.75,42076.36,41908.47,41988.24,1041
2026-05-21T10:00:00Z,41988.24,42237.47,41921.06,42140.55,822
2026-05-21T11:00:00Z,42140.55,42307.29,42077.34,42210.21,728
2026-05-21T12:00:00Z,42210.21,42297.80,42096.25,42226.02,1301
2026-05-21T13:00:00Z,42226.02,42318.91,42109.27,42121.90,999
2026-05-21T14:00:00Z,42121.90,42565.50,42046.09,42459.36,645
2026-05-21T15:00:00Z,42459.36,42595.22,42282.24,42379.71,1082
2026-05-21T16:00:00Z,42379.71,42481.42,42190.69,42296.43,770
2026-05-21T17:00:00Z,42296.43,42321.10,42287.98,42308.41,624
2026-05-21T18:00:00Z,42308.41,42458.43,42236.49,42382.15,1311
2026-05-21T19:00:00Z,42382.15,42403.34,42207.48,42266.65,1290
2026-05-21T20:00:00Z,42266.65,42597.68,42165.22,42504.18,1176
2026-05-21T21:00:00Z,42504.18,42755.69,42487.18,42610.82,603
2026-05-21T22:00:00Z,42610.82,42717.34,42489.86,42528.13,957
2026-05-21T23:00:00Z,42528.13,42699.83,42464.34,42601.85,1113
2026-05-22T00:00:00Z,42601.85,42765.79,42567.77,42637.88,1072
2026-05-22T01:00:00Z,42637.88,42695.35,42535.55,42669.75,562
2026-05-22T02:00:00Z,42669.75,42797.75,42360.38,42428.26,1041
2026-05-22T03:00:00Z,42428.26,42595.98,42347.65,42536.43,1290
2026-05-22T04:00:00Z,42536.43,42704.65,42510.91,42610.91,1145
2026-05-22T05:00:00Z,42610.91,42679.08,42514.64,42514.64,1426
2026-05-22T06:00:00Z,42514.64,42755.66,42476.38,42674.58,1488
2026-05-22T07:00:00Z,42674.58,42891.01,42567.90,42831.05,1436
2026-05-22T08:00:00Z,42831.05,42938.12,42623.17,42729.99,1488
2026-05-22T09:00:00Z,42729.99,42802.63,42586.60,42654.84,1238
2026-05-22T10:00:00Z,42654.84,42854.50,42616.46,42845.94,635
2026-05-22T11:00:00Z,42845.94,43067.81,42815.95,42951.85,562
2026-05-22T12:00:00Z,42951.85,43097.88,42742.49,42768.15,541
2026-05-22T13:00:00Z,42768.15,42817.79,42656.96,42800.67,801
2026-05-22T14:00:00Z,42800.67,42826.35,42554.16,42695.05,957
2026-05-22T15:00:00Z,42695.05,42737.74,42508.01,42533.53,999
2026-05-22T16:00:00Z,42533.53,42550.54,42339.51,42458.39,822
2026-05-22T17:00:00Z,42458.39,42471.12,42186.18,42207.28,1041
2026-05-22T18:00:00Z,42207.28,42317.01,41886.98,42025.66,1405
2026-05-22T19:00:00Z,42025.66,42277.59,41941.61,42163.75,1519
2026-05-22T20:00:00Z,42163.75,42294.45,42064.20,42131.61,749
2026-05-22T21:00:00Z,42131.61,42190.59,41997.94,42061.03,739
2026-05-22T22:00:00Z,42061.03,42210.32,41993.74,42067.30,541
2026-05-22T23:00:00Z,42067.30,42067.30,42060.86,42065.06,1499
2026-05-23T00:00:00Z,42065.06,42316.73,41934.66,42181.75,1394
2026-05-23T01:00:00Z,42181.75,42181.75,42087.88,42176.45,1446
2026-05-23T02:00:00Z,42176.45,42248.14,41947.91,42082.57,1530
2026-05-23T03:00:00Z,42082.57,42166.73,41917.47,42043.60,1197
2026-05-23T04:00:00Z,42043.60,42202.39,41988.95,42084.56,947
2026-05-23T05:00:00Z,42084.56,42104.52,42050.90,42100.31,1530
2026-05-23T06:00:00Z,42100.31,42138.20,41922.57,42006.58,1030
2026-05-23T07:00:00Z,42006.58,42111.59,41887.89,41896.26,749
2026-05-23T08:00:00Z,41896.26,42013.56,41794.60,41794.60,1134
2026-05-23T09:00:00Z,41794.60,42036.29,41744.45,41898.03,1322
2026-05-23T10:00:00Z,41898.03,42056.30,41776.53,41959.80,988
2026-05-23T11:00:00Z,41959.80,42026.93,41899.98,41912.55,1290
2026-05-23T12:00:00Z,41912.55,41983.80,41681.24,41802.46,530
2026-05-23T13:00:00Z,41802.46,41831.72,41621.70,41659.19,1499
2026-05-23T14:00:00Z,41659.19,41908.45,41655.03,41762.29,1020
2026-05-23T15:00:00Z,41762.29,41770.64,41631.77,41656.76,1061
2026-05-23T16:00:00Z,41656.76,41665.09,41414.25,41472.31,707
2026-05-23T17:00:00Z,41472.31,41554.21,41393.52,41525.15,1353
2026-05-23T18:00:00Z,41525.15,41607.17,41458.71,41569.76,1436
2026-05-23T19:00:00Z,41569.76,41660.17,41436.74,41660.17,551
2026-05-23T20:00:00Z,41660.17,41685.16,41421.90,41554.87,645
2026-05-23T21:00:00Z,41554.87,41613.04,41350.13,41362.53,1519
2026-05-23T22:00:00Z,41362.53,41415.24,41246.72,41378.00,968
2026-05-23T23:00:00Z,41378.00,41600.71,41299.39,41484.56,759
2026-05-24T00:00:00Z,41484.56,41638.00,41380.85,41592.25,1228
2026-05-24T01:00:00Z,41592.25,41717.02,41504.74,41579.58,676
2026-05-24T02:00:00Z,41579.58,41687.48,41459.00,41666.65,551
2026-05-24T03:00:00Z,41666.65,41766.64,41495.72,41641.46,895
2026-05-24T04:00:00Z,41641.46,41966.44,41570.67,41832.58,780
2026-05-24T05:00:00Z,41832.58,41912.06,41665.23,41773.84,916
2026-05-24T06:00:00Z,41773.84,41832.06,41681.94,41798.63,801
2026-05-24T07:00:00Z,41798.63,42057.47,41698.32,41986.10,1467
2026-05-24T08:00:00Z,41986.10,42074.27,41914.44,41985.81,655
2026-05-24T09:00:00Z,41985.81,42115.68,41910.24,41998.09,1426
2026-05-24T10:00:00Z,41998.09,42061.08,41930.78,41947.55,624
2026-05-24T11:00:00Z,41947.55,41981.10,41709.00,41725.69,572
2026-05-24T12:00:00Z,41725.69,41962.97,41646.42,41900.12,666
2026-05-24T13:00:00Z,41900.12,42030.01,41745.10,41862.31,1499
2026-05-24T14:00:00Z,41862.31,41954.40,41782.70,41832.89,957
2026-05-24T15:00:00Z,41832.89,41932.78,41745.05,41907.64,759
2026-05-24T16:00:00Z,41907.64,42029.17,41785.87,41907.40,603
2026-05-24T17:00:00Z,41907.40,41995.40,41756.34,41903.00,1113
2026-05-24T18:00:00Z,41903.00,42049.66,41886.09,41890.27,562
2026-05-24T19:00:00Z,41890.27,42020.12,41773.26,41815.07,1093
2026-05-24T20:00:00Z,41815.07,41936.33,41511.41,41582.09,1238
2026-05-24T21:00:00Z,41582.09,41673.57,41412.49,41433.20,1145
2026-05-24T22:00:00Z,41433.20,41871.34,41346.20,41733.62,1426
2026-05-24T23:00:00Z,41733.62,41837.78,41600.08,41737.61,1113
2026-05-25T00:00:00Z,41737.61,41793.32,41633.27,41772.44,1561
2026-05-25T01:00:00Z,41772.44,41815.66,41718.14,41790.59,1249
2026-05-25T02:00:00Z,41790.59,41924.31,41600.37,41629.51,1509
2026-05-25T03:00:00Z,41629.51,41700.28,41486.09,41510.99,655
2026-05-25T04:00:00Z,41510.99,41523.44,41380.76,41389.03,1488
2026-05-25T05:00:00Z,41389.03,41638.86,41347.65,41551.61,1499
2026-05-25T06:00:00Z,41551.61,41769.25,41472.67,41652.63,1311
2026-05-25T07:00:00Z,41652.63,41781.75,41613.31,41613.31,1374
2026-05-25T08:00:00Z,41613.31,41746.47,41425.44,41487.67,1124
2026-05-25T09:00:00Z,41487.67,41580.63,41483.53,41547.40,1082
2026-05-25T10:00:00Z,41547.40,41661.11,41443.54,41615.34,1332
2026-05-25T11:00:00Z,41615.34,41673.60,41464.79,41543.72,1530
2026-05-25T12:00:00Z,41543.72,41776.71,41431.56,41701.65,1436
2026-05-25T13:00:00Z,41701.65,42034.89,41601.57,41904.99,926
2026-05-25T14:00:00Z,41904.99,41992.99,41663.31,41725.89,1415
2026-05-25T15:00:00Z,41725.89,41877.75,41688.34,41773.32,520
2026-05-25T16:00:00Z,41773.32,41920.04,41643.83,41873.98,1259
2026-05-25T17:00:00Z,41873.98,41932.60,41796.85,41872.21,957
2026-05-25T18:00:00Z,41872.21,41955.95,41688.52,41780.43,1020
2026-05-25T19:00:00Z,41780.43,41864.81,41747.01,41856.44,749
2026-05-25T20:00:00Z,41856.44,42151.32,41797.85,42067.19,749
2026-05-25T21:00:00Z,42067.19,42138.70,41907.36,42003.96,1270
2026-05-25T22:00:00Z,42003.96,42141.56,41873.75,42133.14,551
2026-05-25T23:00:00Z,42133.14,42348.53,42048.88,42209.24,864
2026-05-26T00:00:00Z,42209.24,42308.96,42133.27,42241.38,1457
2026-05-26T01:00:00Z,42241.38,42372.32,41999.42,42062.51,739
2026-05-26T02:00:00Z,42062.51,42192.90,41893.11,41998.10,1041
2026-05-26T03:00:00Z,41998.10,42073.69,41757.99,41896.24,1124
2026-05-26T04:00:00Z,41896.24,42187.87,41892.06,42120.48,1270
2026-05-26T05:00:00Z,42120.48,42379.56,42015.18,42333.00,1394
2026-05-26T06:00:00Z,42333.00,42555.07,42256.81,42512.56,582
2026-05-26T07:00:00Z,42512.56,42614.59,42438.90,42472.87,1426
2026-05-26T08:00:00Z,42472.87,42517.94,42400.67,42479.71,666
2026-05-26T09:00:00Z,42479.71,42509.44,42355.48,42423.35,853
2026-05-26T10:00:00Z,42423.35,42540.39,42372.45,42459.72,1457
2026-05-26T11:00:00Z,42459.72,42707.16,42328.10,42651.72,874
2026-05-26T12:00:00Z,42651.72,42796.73,42582.56,42582.56,957
2026-05-26T13:00:00Z,42582.56,42648.76,42527.21,42618.93,1467
2026-05-26T14:00:00Z,42618.93,42763.83,42426.35,42571.09,687
2026-05-26T15:00:00Z,42571.09,42933.45,42439.12,42800.77,1134
2026-05-26T16:00:00Z,42800.77,43147.87,42736.57,43010.24,1134
2026-05-26T17:00:00Z,43010.24,43098.26,42864.01,43046.61,1155
2026-05-26T18:00:00Z,43046.61,43046.61,42963.55,43015.16,1134
2026-05-26T19:00:00Z,43015.16,43153.42,42954.94,43136.17,1155
2026-05-26T20:00:00Z,43136.17,43270.50,43123.23,43248.88,541
2026-05-26T21:00:00Z,43248.88,43452.53,43184.01,43374.46,1540
2026-05-26T22:00:00Z,43374.46,43487.23,43188.66,43240.54,572
2026-05-26T23:00:00Z,43240.54,43405.87,43205.95,43323.56,614
2026-05-27T00:00:00Z,43323.56,43323.56,43197.43,43270.99,864
2026-05-27T01:00:00Z,43270.99,43344.00,43184.45,43309.36,603
2026-05-27T02:00:00Z,43309.36,43482.15,43257.39,43382.38,1374
2026-05-27T03:00:00Z,43382.38,43399.73,43256.07,43355.78,1426
2026-05-27T04:00:00Z,43355.78,43490.18,43147.46,43264.27,1301
2026-05-27T05:00:00Z,43264.27,43410.86,43147.46,43315.57,1540
2026-05-27T06:00:00Z,43315.57,43354.55,43271.79,43276.11,1020
2026-05-27T07:00:00Z,43276.11,43474.70,43276.11,43340.35,728
2026-05-27T08:00:00Z,43340.35,43422.69,43205.45,43339.80,853
2026-05-27T09:00:00Z,43339.80,43361.46,43110.14,43231.18,791
2026-05-27T10:00:00Z,43231.18,43425.04,43097.17,43355.68,1082
2026-05-27T11:00:00Z,43355.68,43420.71,43143.20,43273.01,1499
2026-05-27T12:00:00Z,43273.01,43307.62,43031.05,43078.43,759
2026-05-27T13:00:00Z,43078.43,43262.62,43005.20,43249.65,728
2026-05-27T14:00:00Z,43249.65,43379.39,43097.92,43227.60,1238
2026-05-27T15:00:00Z,43227.60,43403.98,43162.76,43347.63,1540
2026-05-27T16:00:00Z,43347.63,43485.49,43312.96,43437.71,1103
2026-05-27T17:00:00Z,43437.71,43498.52,43376.65,43376.65,614
2026-05-27T18:00:00Z,43376.65,43528.46,43259.14,43358.86,1561
2026-05-27T19:00:00Z,43358.86,43471.59,43146.79,43241.92,1061
2026-05-27T20:00:00Z,43241.92,43280.83,43172.43,43215.64,853
2026-05-27T21:00:00Z,43215.64,43409.18,43094.64,43326.86,1301
2026-05-27T22:00:00Z,43326.86,43461.17,43106.65,43162.76,1384
2026-05-27T23:00:00Z,43162.76,43236.13,42955.99,43072.28,864
2026-05-28T00:00:00Z,43072.28,43123.96,42784.43,42891.65,697
2026-05-28T01:00:00Z,42891.65,43029.23,42784.43,42977.66,968
2026-05-28T02:00:00Z,42977.66,43162.98,42896.01,43042.47,1072
2026-05-28T03:00:00Z,43042.47,43219.66,42934.87,43159.24,978
2026-05-28T04:00:00Z,43159.24,43202.39,42879.23,43029.83,936
2026-05-28T05:00:00Z,43029.83,43090.63,42982.50,43090.63,884
2026-05-28T06:00:00Z,43090.63,43185.42,43017.70,43060.76,1259
2026-05-28T07:00:00Z,43060.76,43207.78,43000.48,43087.14,624
2026-05-28T08:00:00Z,43087.14,43156.07,43065.99,43074.60,978
2026-05-28T09:00:00Z,43074.60,43143.51,43031.98,43070.74,718
2026-05-28T10:00:00Z,43070.74,43118.11,42954.47,42993.16,1134
2026-05-28T11:00:00Z,42993.16,43001.75,42743.59,42859.31,1353
2026-05-28T12:00:00Z,42859.31,43036.71,42855.03,43002.31,1238
2026-05-28T13:00:00Z,43002.31,43058.21,42829.95,42889.99,551
2026-05-28T14:00:00Z,42889.99,43032.03,42782.77,42894.77,1322
2026-05-28T15:00:00Z,42894.77,43027.74,42645.56,42773.88,1155
2026-05-28T16:00:00Z,42773.88,42998.24,42692.61,42886.74,864
2026-05-28T17:00:00Z,42886.74,43051.57,42792.39,42991.39,530
2026-05-28T18:00:00Z,42991.39,43073.07,42824.16,42974.57,1457
2026-05-28T19:00:00Z,42974.57,43086.30,42802.33,42888.10,749
2026-05-28T20:00:00Z,42888.10,42983.79,42858.08,42940.85,770
2026-05-28T21:00:00Z,42940.85,43044.89,42927.97,42963.26,999
2026-05-28T22:00:00Z,42963.26,43055.10,42894.52,43024.99,1374
2026-05-28T23:00:00Z,43024.99,43063.71,42968.90,42968.90,1394
2026-05-29T00:00:00Z,42968.90,43003.27,42786.90,42846.88,1072
2026-05-29T01:00:00Z,42846.88,42898.29,42669.64,42759.43,1290
2026-05-29T02:00:00Z,42759.43,42924.64,42755.16,42847.52,1259
2026-05-29T03:00:00Z,42847.52,42911.79,42678.59,42682.85,843
2026-05-29T04:00:00Z,42682.85,42738.33,42455.04,42544.38,1082
2026-05-29T05:00:00Z,42544.38,42582.66,42521.32,42542.59,978
2026-05-29T06:00:00Z,42542.59,42589.38,42298.46,42404.47,801
2026-05-29T07:00:00Z,42404.47,42623.66,42387.51,42538.59,1363
2026-05-29T08:00:00Z,42538.59,42593.89,42434.73,42515.50,1530
2026-05-29T09:00:00Z,42515.50,42581.80,42485.74,42530.77,1311
2026-05-29T10:00:00Z,42530.77,42729.36,42407.44,42631.31,1217
2026-05-29T11:00:00Z,42631.31,42774.69,42550.32,42668.02,1124
2026-05-29T12:00:00Z,42668.02,42710.68,42508.42,42640.60,1009
2026-05-29T13:00:00Z,42640.60,42690.16,42615.02,42685.90,936
2026-05-29T14:00:00Z,42685.90,42791.17,42621.88,42752.70,1436
2026-05-29T15:00:00Z,42752.70,42778.35,42682.55,42738.10,582
2026-05-29T16:00:00Z,42738.10,42860.79,42588.52,42860.79,1009
2026-05-29T17:00:00Z,42860.79,43057.04,42813.65,43022.63,655
2026-05-29T18:00:00Z,43022.63,43098.66,42958.10,43072.82,666
2026-05-29T19:00:00Z,43072.82,43077.12,42860.03,42993.30,1530
2026-05-29T20:00:00Z,42993.30,43133.69,42855.73,43017.55,1478
2026-05-29T21:00:00Z,43017.55,43064.86,42792.09,42938.07,728
2026-05-29T22:00:00Z,42938.07,42950.95,42837.43,42884.60,988
2026-05-29T23:00:00Z,42884.60,42977.33,42833.14,42891.55,1134
2026-05-30T00:00:00Z,42891.55,43044.51,42852.95,42928.61,759
2026-05-30T01:00:00Z,42928.61,42975.83,42584.17,42682.33,999
2026-05-30T02:00:00Z,42682.33,42810.37,42565.57,42642.32,655
2026-05-30T03:00:00Z,42642.32,42871.37,42578.36,42807.16,1009
2026-05-30T04:00:00Z,42807.16,43166.08,42725.83,43049.85,968
2026-05-30T05:00:00Z,43049.85,43084.28,42760.25,42910.43,1238
2026-05-30T06:00:00Z,42910.43,43162.54,42790.29,43132.35,832
2026-05-30T07:00:00Z,43132.35,43260.49,42981.39,43243.20,905
2026-05-30T08:00:00Z,43243.20,43536.61,43191.31,43428.04,593
2026-05-30T09:00:00Z,43428.04,43471.46,43157.55,43309.13,822
2026-05-30T10:00:00Z,43309.13,43378.42,43073.84,43173.13,1405
2026-05-30T11:00:00Z,43173.13,43306.96,43033.54,43163.02,780
2026-05-30T12:00:00Z,43163.02,43301.14,42945.64,43031.70,593
2026-05-30T13:00:00Z,43031.70,43126.36,42918.35,43030.22,697
2026-05-30T14:00:00Z,43030.22,43068.94,42787.71,42903.54,718
2026-05-30T15:00:00Z,42903.54,43018.11,42761.96,42949.40,666
2026-05-30T16:00:00Z,42949.40,42988.05,42667.68,42667.68,520
2026-05-30T17:00:00Z,42667.68,42774.34,42405.80,42550.47,1415
2026-05-30T18:00:00Z,42550.47,42669.61,42263.69,42407.87,916
2026-05-30T19:00:00Z,42407.87,42526.61,42253.54,42363.68,530
2026-05-30T20:00:00Z,42363.68,42380.62,42162.73,42259.92,1259
2026-05-30T21:00:00Z,42259.92,42419.53,42226.12,42360.23,1467
2026-05-30T22:00:00Z,42360.23,42546.00,42211.97,42546.00,739
2026-05-30T23:00:00Z,42546.00,42736.74,42490.70,42664.22,957
2026-05-31T00:00:00Z,42664.22,42702.61,42526.51,42564.81,718
2026-05-31T01:00:00Z,42564.81,42725.44,42556.30,42623.15,1530
2026-05-31T02:00:00Z,42623.15,42716.92,42328.44,42477.10,603
2026-05-31T03:00:00Z,42477.10,42477.10,42306.28,42399.55,739
2026-05-31T04:00:00Z,42399.55,42521.37,42323.24,42436.50,1072
2026-05-31T05:00:00Z,42436.50,42762.23,42317.68,42659.85,874
2026-05-31T06:00:00Z,42659.85,42766.49,42505.41,42552.21,635
2026-05-31T07:00:00Z,42552.21,42925.28,42522.43,42843.88,822
2026-05-31T08:00:00Z,42843.88,43026.29,42758.20,43021.99,749
2026-05-31T09:00:00Z,43021.99,43050.70,43013.39,43037.79,1082
2026-05-31T10:00:00Z,43037.79,43220.94,42887.16,43203.66,1030
2026-05-31T11:00:00Z,43203.66,43285.74,43051.57,43098.97,1113
2026-05-31T12:00:00Z,43098.97,43127.74,42982.61,43101.88,1530
2026-05-31T13:00:00Z,43101.88,43264.17,43015.68,43156.28,978
2026-05-31T14:00:00Z,43156.28,43246.90,43090.48,43099.09,582
2026-05-31T15:00:00Z,43099.09,43142.18,42943.27,42999.16,655
2026-05-31T16:00:00Z,42999.16,43160.78,42951.87,43100.44,1561
2026-05-31T17:00:00Z,43100.44,43216.81,42987.66,43009.16,593
2026-05-31T18:00:00Z,43009.16,43119.44,42910.24,43054.86,905
2026-05-31T19:00:00Z,43054.86,43102.22,42980.41,43049.28,1290
2026-05-31T20:00:00Z,43049.28,43161.20,42871.93,43005.24,551
2026-05-31T21:00:00Z,43005.24,43095.55,42806.89,42935.69,822
2026-05-31T22:00:00Z,42935.69,43122.69,42811.18,43040.92,780
2026-05-31T23:00:00Z,43040.92,43142.52,43002.19,43095.12,853
2026-06-01T00:00:00Z,43095.12,43409.59,43030.48,43258.19,749
2026-06-01T01:00:00Z,43258.19,43409.05,43214.94,43300.80,614
2026-06-01T02:00:00Z,43300.80,43425.78,43179.56,43425.78,884
2026-06-01T03:00:00Z,43425.78,43525.65,43164.89,43273.07,687
2026-06-01T04:00:00Z,43273.07,43337.97,42922.07,42982.24,1061
2026-06-01T05:00:00Z,42982.24,43378.08,42969.35,43235.41,1155
2026-06-01T06:00:00Z,43235.41,43260.73,43135.97,43260.73,1082
2026-06-01T07:00:00Z,43260.73,43541.95,43148.26,43411.72,864
2026-06-01T08:00:00Z,43411.72,43498.07,43268.47,43498.07,957
2026-06-01T09:00:00Z,43498.07,43558.49,43445.88,43558.49,582
2026-06-01T10:00:00Z,43558.49,43614.60,43480.09,43584.10,728
2026-06-01T11:00:00Z,43584.10,43710.04,43579.75,43609.74,1228
2026-06-01T12:00:00Z,43609.74,43609.74,43243.00,43381.82,666
2026-06-01T13:00:00Z,43381.82,43533.65,43320.48,43381.21,1394
2026-06-01T14:00:00Z,43381.21,43415.35,43342.17,43398.00,759
2026-06-01T15:00:00Z,43398.00,43453.92,43263.47,43427.87,593
2026-06-01T16:00:00Z,43427.87,43549.46,43170.43,43200.67,1207
2026-06-01T17:00:00Z,43200.67,43282.75,43057.39,43143.67,1342
2026-06-01T18:00:00Z,43143.67,43298.88,43014.24,43255.63,1322
2026-06-01T19:00:00Z,43255.63,43489.31,43190.75,43359.24,739
2026-06-01T20:00:00Z,43359.24,43641.65,43346.24,43532.82,1332
2026-06-01T21:00:00Z,43532.82,43667.77,43401.47,43466.66,947
2026-06-01T22:00:00Z,43466.66,43688.61,43318.88,43588.36,1176
2026-06-01T23:00:00Z,43588.36,43597.07,43461.06,43500.21,1353
2026-06-02T00:00:00Z,43500.21,43526.31,43247.75,43347.44,926
2026-06-02T01:00:00Z,43347.44,43447.13,43173.21,43194.80,1457
2026-06-02T02:00:00Z,43194.80,43323.72,43190.49,43211.38,1551
2026-06-02T03:00:00Z,43211.38,43237.30,42990.16,43115.19,1519
2026-06-02T04:00:00Z,43115.19,43136.21,42990.16,43123.28,1176
2026-06-02T05:00:00Z,43123.28,43270.25,42989.60,43192.51,1384
2026-06-02T06:00:00Z,43192.51,43309.12,43087.64,43096.25,1436
2026-06-02T07:00:00Z,43096.25,43165.29,43018.68,43113.56,645
2026-06-02T08:00:00Z,43113.56,43238.58,42883.46,42986.62,541
2026-06-02T09:00:00Z,42986.62,42999.51,42774.62,42894.72,1488
2026-06-02T10:00:00Z,42894.72,43019.11,42647.40,42732.86,780
2026-06-02T11:00:00Z,42732.86,42796.95,42291.66,42440.20,614
2026-06-02T12:00:00Z,42440.20,42542.05,42328.97,42426.55,1165
2026-06-02T13:00:00Z,42426.55,42456.24,42198.59,42308.59,1499
2026-06-02T14:00:00Z,42308.59,42506.78,42228.21,42455.84,988
2026-06-02T15:00:00Z,42455.84,42460.08,41988.93,42127.95,874
2026-06-02T16:00:00Z,42127.95,42213.63,42068.98,42192.54,635
2026-06-02T17:00:00Z,42192.54,42226.29,42140.35,42152.99,718
2026-06-02T18:00:00Z,42152.99,42174.06,41863.89,41951.98,603
2026-06-02T19:00:00Z,41951.98,41993.93,41742.76,41855.77,864
2026-06-02T20:00:00Z,41855.77,42093.19,41813.92,42051.14,853
2026-06-02T21:00:00Z,42051.14,42164.67,41981.12,41981.12,1238
2026-06-02T22:00:00Z,41981.12,42002.38,41981.12,41985.59,707
2026-06-02T23:00:00Z,41985.59,42156.62,41918.42,42047.30,791
2026-06-03T00:00:00Z,42047.30,42135.59,41865.50,41940.99,749
2026-06-03T01:00:00Z,41940.99,42132.93,41802.59,42006.91,1353
2026-06-03T02:00:00Z,42006.91,42224.46,41906.10,42152.81,905
2026-06-03T03:00:00Z,42152.81,42152.81,42025.21,42147.43,520
2026-06-03T04:00:00Z,42147.43,42261.22,42045.07,42057.68,707
2026-06-03T05:00:00Z,42057.68,42149.12,41939.92,42094.40,770
2026-06-03T06:00:00Z,42094.40,42094.40,41971.17,42093.24,1280
2026-06-03T07:00:00Z,42093.24,42138.38,42076.41,42096.29,551
2026-06-03T08:00:00Z,42096.29,42138.38,41939.40,42082.48,1342
2026-06-03T09:00:00Z,42082.48,42107.72,41946.38,41946.38,718
2026-06-03T10:00:00Z,41946.38,42117.36,41883.47,41978.83,822
2026-06-03T11:00:00Z,41978.83,42020.80,41851.72,41977.65,1020
2026-06-03T12:00:00Z,41977.65,42102.74,41914.69,42077.50,676
2026-06-03T13:00:00Z,42077.50,42257.62,41972.31,42135.43,1561
2026-06-03T14:00:00Z,42135.43,42404.90,42009.03,42311.82,801
2026-06-03T15:00:00Z,42311.82,42395.39,42172.20,42323.45,1488
2026-06-03T16:00:00Z,42323.45,42403.86,42165.75,42292.62,1103
2026-06-03T17:00:00Z,42292.62,42296.84,42185.63,42232.08,1290
2026-06-03T18:00:00Z,42232.08,42319.91,42177.18,42286.09,1061
2026-06-03T19:00:00Z,42286.09,42697.22,42163.47,42556.79,1499
2026-06-03T20:00:00Z,42556.79,42705.73,42359.48,42406.12,1186
2026-06-03T21:00:00Z,42406.12,42570.66,42363.72,42434.87,530
2026-06-03T22:00:00Z,42434.87,42494.27,42297.87,42382.63,884
2026-06-03T23:00:00Z,42382.63,42594.50,42327.54,42543.45,988
2026-06-04T00:00:00Z,42543.45,42645.55,42517.92,42522.17,707
2026-06-04T01:00:00Z,42522.17,42845.67,42415.87,42743.09,811
2026-06-04T02:00:00Z,42743.09,42768.73,42593.76,42653.47,1301
2026-06-04T03:00:00Z,42653.47,42824.13,42653.47,42696.05,1165
2026-06-04T04:00:00Z,42696.05,42930.25,42593.58,42870.24,582
2026-06-04T05:00:00Z,42870.24,42943.11,42772.16,42797.83,1363
2026-06-04T06:00:00Z,42797.83,42823.50,42653.09,42738.56,1124
2026-06-04T07:00:00Z,42738.56,42841.09,42648.81,42781.20,791
2026-06-04T08:00:00Z,42781.20,42905.26,42623.89,42735.00,718
2026-06-04T09:00:00Z,42735.00,42997.49,42636.71,42976.01,1561
2026-06-04T10:00:00Z,42976.01,43109.23,42796.27,42946.58,749
2026-06-04T11:00:00Z,42946.58,43190.04,42929.41,43078.04,541
2026-06-04T12:00:00Z,43078.04,43134.04,42945.33,43048.64,728
2026-06-04T13:00:00Z,43048.64,43207.35,43005.60,43108.21,1530
2026-06-04T14:00:00Z,43108.21,43205.90,42957.34,43201.58,1061
2026-06-04T15:00:00Z,43201.58,43218.86,42992.89,43087.68,593
2026-06-04T16:00:00Z,43087.68,43165.36,43035.98,43109.32,1353
2026-06-04T17:00:00Z,43109.32,43130.87,43041.51,43088.90,1478
2026-06-04T18:00:00Z,43088.90,43254.93,43019.96,43203.09,1405
2026-06-04T19:00:00Z,43203.09,43353.82,43082.13,43250.02,1499
2026-06-04T20:00:00Z,43250.02,43684.45,43176.50,43545.11,614
2026-06-04T21:00:00Z,43545.11,43610.42,43388.19,43418.58,895
2026-06-04T22:00:00Z,43418.58,43559.96,43340.43,43503.41,1249
2026-06-04T23:00:00Z,43503.41,43586.06,43307.25,43407.08,707
2026-06-05T00:00:00Z,43407.08,43743.11,43389.72,43703.78,1353
2026-06-05T01:00:00Z,43703.78,43708.15,43430.32,43543.53,593
2026-06-05T02:00:00Z,43543.53,43582.71,43289.15,43415.05,1509
2026-06-05T03:00:00Z,43415.05,43562.66,43106.12,43244.50,832
2026-06-05T04:00:00Z,43244.50,43553.27,43205.58,43414.35,822
2026-06-05T05:00:00Z,43414.35,43514.20,43325.84,43395.27,707
2026-06-05T06:00:00Z,43395.27,43399.60,43114.31,43200.71,1446
2026-06-05T07:00:00Z,43200.71,43396.64,43066.79,43331.65,905
2026-06-05T08:00:00Z,43331.65,43528.82,43184.33,43402.96,884
2026-06-05T09:00:00Z,43402.96,43501.36,43389.94,43418.87,593
2026-06-05T10:00:00Z,43418.87,43658.81,43288.62,43541.25,1342
2026-06-05T11:00:00Z,43541.25,43670.03,43428.05,43578.52,541
2026-06-05T12:00:00Z,43578.52,43966.16,43473.94,43913.47,1009
2026-06-05T13:00:00Z,43913.47,44045.21,43825.62,43860.70,541
2026-06-05T14:00:00Z,43860.70,43891.40,43584.89,43663.48,582
2026-06-05T15:00:00Z,43663.48,43737.70,43523.34,43658.68,957
2026-06-05T16:00:00Z,43658.68,43741.63,43599.04,43603.40,999
2026-06-05T17:00:00Z,43603.40,43676.59,43481.32,43628.60,1197
2026-06-05T18:00:00Z,43628.60,43728.94,43463.57,43611.85,1176
2026-06-05T19:00:00Z,43611.85,43958.18,43520.27,43809.23,1426
2026-06-05T20:00:00Z,43809.23,43953.80,43727.16,43784.07,1009
2026-06-05T21:00:00Z,43784.07,44069.59,43784.07,43977.24,1488
2026-06-05T22:00:00Z,43977.24,44143.34,43884.89,44002.54,1061
2026-06-05T23:00:00Z,44002.54,44036.54,43923.34,44032.14,603
2026-06-06T00:00:00Z,44032.14,44146.62,43814.50,43950.74,1259
2026-06-06T01:00:00Z,43950.74,44155.34,43884.82,44001.34,1238
2026-06-06T02:00:00Z,44001.34,44272.51,43886.94,44144.50,541
2026-06-06T03:00:00Z,44144.50,44254.86,43873.33,43965.65,1041
2026-06-06T04:00:00Z,43965.65,44040.39,43651.63,43774.19,666
2026-06-06T05:00:00Z,43774.19,43978.18,43717.29,43929.86,988
2026-06-06T06:00:00Z,43929.86,44074.82,43870.54,43888.09,593
2026-06-06T07:00:00Z,43888.09,44013.37,43734.49,43921.14,1353
2026-06-06T08:00:00Z,43921.14,43969.45,43786.93,43795.68,1342
2026-06-06T09:00:00Z,43795.68,43946.99,43651.16,43828.66,1488
2026-06-06T10:00:00Z,43828.66,44028.73,43710.33,43940.85,1165
2026-06-06T11:00:00Z,43940.85,44068.27,43709.90,43779.94,749
2026-06-06T12:00:00Z,43779.94,43902.52,43747.09,43764.59,1322
2026-06-06T13:00:00Z,43764.59,43764.59,43543.24,43621.75,1415
2026-06-06T14:00:00Z,43621.75,43730.80,43562.76,43597.63,1436
2026-06-06T15:00:00Z,43597.63,43601.98,43455.78,43547.22,811
2026-06-06T16:00:00Z,43547.22,43654.32,43534.16,43615.07,1467
2026-06-06T17:00:00Z,43615.07,43634.80,43571.46,43630.44,1041
2026-06-06T18:00:00Z,43630.44,43682.79,43558.36,43610.69,864
2026-06-06T19:00:00Z,43610.69,43615.05,43425.26,43577.78,1551
2026-06-06T20:00:00Z,43577.78,43699.79,43269.93,43408.83,1384
2026-06-06T21:00:00Z,43408.83,43469.60,43302.17,43362.87,1405
2026-06-06T22:00:00Z,43362.87,43443.25,43280.49,43386.85,1061
2026-06-06T23:00:00Z,43386.85,43399.86,43267.28,43349.64,645
2026-06-07T00:00:00Z,43349.64,43497.02,43221.56,43299.49,1082
2026-06-07T01:00:00Z,43299.49,43364.43,43184.59,43193.22,780
2026-06-07T02:00:00Z,43193.22,43528.10,43154.35,43419.56,1342
2026-06-07T03:00:00Z,43419.56,43554.16,43222.07,43334.74,530
2026-06-07T04:00:00Z,43334.74,43477.74,43034.19,43176.67,551
2026-06-07T05:00:00Z,43176.67,43450.66,43094.64,43346.63,1238
2026-06-07T06:00:00Z,43346.63,43526.04,43251.27,43473.88,1186
2026-06-07T07:00:00Z,43473.88,43582.56,43302.20,43428.14,968
2026-06-07T08:00:00Z,43428.14,43520.96,43332.60,43507.91,926
2026-06-07T09:00:00Z,43507.91,43779.22,43381.74,43661.34,1415
2026-06-07T10:00:00Z,43661.34,43687.53,43458.80,43554.62,1332
2026-06-07T11:00:00Z,43554.62,43704.53,43415.25,43582.50,1124
2026-06-07T12:00:00Z,43582.50,43639.15,43441.19,43510.80,1228
2026-06-07T13:00:00Z,43510.80,43576.06,43201.17,43352.90,1238
2026-06-07T14:00:00Z,43352.90,43378.91,43178.41,43208.65,520
2026-06-07T15:00:00Z,43208.65,43243.21,42957.50,43052.21,1103
2026-06-07T16:00:00Z,43052.21,43208.15,43022.08,43199.52,999
2026-06-07T17:00:00Z,43199.52,43205.96,43195.21,43205.96,1061
2026-06-07T18:00:00Z,43205.96,43319.80,43119.55,43280.85,1155
2026-06-07T19:00:00Z,43280.85,43380.39,43038.14,43137.35,603
2026-06-07T20:00:00Z,43137.35,43448.77,43089.90,43314.50,1405
2026-06-07T21:00:00Z,43314.50,43327.49,43212.75,43312.36,1426
2026-06-07T22:00:00Z,43312.36,43377.32,43280.09,43297.40,718
2026-06-07T23:00:00Z,43297.40,43431.62,42999.17,43128.55,822
2026-06-08T00:00:00Z,43128.55,43128.55,43008.52,43055.88,1113
2026-06-08T01:00:00Z,43055.88,43134.03,43038.66,43129.72,728
2026-06-08T02:00:00Z,43129.72,43181.47,42936.54,43048.46,811
2026-06-08T03:00:00Z,43048.46,43195.58,43039.86,43100.76,1499
2026-06-08T04:00:00Z,43100.76,43230.06,43028.20,43084.20,1270
2026-06-08T05:00:00Z,43084.20,43287.31,42954.95,43252.71,635
2026-06-08T06:00:00Z,43252.71,43421.85,43144.58,43413.17,1072
2026-06-08T07:00:00Z,43413.17,43426.79,43313.32,43422.45,1530
2026-06-08T08:00:00Z,43422.45,43492.47,43409.43,43466.40,614
2026-06-08T09:00:00Z,43466.40,43584.36,43422.94,43488.69,1082
2026-06-08T10:00:00Z,43488.69,43619.15,43177.09,43315.70,1322
2026-06-08T11:00:00Z,43315.70,43389.33,43130.56,43178.05,1020
2026-06-08T12:00:00Z,43178.05,43251.45,43066.47,43174.40,749
2026-06-08T13:00:00Z,43174.40,43265.06,43149.21,43162.15,635
2026-06-08T14:00:00Z,43162.15,43253.39,43127.63,43197.24,1561
2026-06-08T15:00:00Z,43197.24,43448.46,43080.61,43301.24,697
2026-06-08T16:00:00Z,43301.24,43327.22,43172.29,43241.47,1186
2026-06-08T17:00:00Z,43241.47,43392.81,43112.46,43233.51,655
2026-06-08T18:00:00Z,43233.51,43372.37,43211.90,43298.77,1384
2026-06-08T19:00:00Z,43298.77,43632.64,43164.55,43493.47,1415
2026-06-08T20:00:00Z,43493.47,43646.30,43467.38,43498.41,1457
2026-06-08T21:00:00Z,43498.41,43620.65,43354.87,43555.32,1103
2026-06-08T22:00:00Z,43555.32,43616.29,43265.48,43347.84,1186
2026-06-08T23:00:00Z,43347.84,43482.82,43347.84,43370.06,1363
2026-06-09T00:00:00Z,43370.06,43703.29,43365.73,43568.23,666
2026-06-09T01:00:00Z,43568.23,43627.83,43446.24,43623.47,541
2026-06-09T02:00:00Z,43623.47,43853.31,43575.49,43822.64,1030
2026-06-09T03:00:00Z,43822.64,43996.50,43774.44,43952.55,1145
2026-06-09T04:00:00Z,43952.55,44162.16,43926.18,44016.91,1186
2026-06-09T05:00:00Z,44016.91,44043.32,43936.29,43962.66,822
2026-06-09T06:00:00Z,43962.66,43984.64,43877.79,43890.95,1197
2026-06-09T07:00:00Z,43890.95,44117.83,43737.34,43977.11,1499
2026-06-09T08:00:00Z,43977.11,44059.15,43937.54,43993.17,1134
2026-06-09T09:00:00Z,43993.17,44138.34,43802.83,43934.63,541
2026-06-09T10:00:00Z,43934.63,44038.57,43851.16,43963.84,728
2026-06-09T11:00:00Z,43963.84,44086.93,43760.76,43778.27,1488
2026-06-09T12:00:00Z,43778.27,43896.47,43715.72,43737.58,1072
2026-06-09T13:00:00Z,43737.58,43860.04,43666.22,43736.19,988
2026-06-09T14:00:00Z,43736.19,43922.84,43723.07,43778.38,1238
2026-06-09T15:00:00Z,43778.38,43865.93,43541.55,43580.77,947
2026-06-09T16:00:00Z,43580.77,43761.84,43458.75,43739.98,551
2026-06-09T17:00:00Z,43739.98,43887.13,43613.14,43803.91,1249
2026-06-09T18:00:00Z,43803.91,43900.27,43666.80,43793.80,1072
2026-06-09T19:00:00Z,43793.80,43942.69,43595.85,43731.41,1238
2026-06-09T20:00:00Z,43731.41,43823.24,43638.69,43638.69,1478
2026-06-09T21:00:00Z,43638.69,43747.78,43307.57,43394.35,988
2026-06-09T22:00:00Z,43394.35,43471.16,43329.26,43401.72,1009
2026-06-09T23:00:00Z,43401.72,43422.11,43340.96,43409.09,1467
2026-06-10T00:00:00Z,43409.09,43481.24,43387.39,43459.52,739
2026-06-10T01:00:00Z,43459.52,43809.90,43346.53,43779.26,1145
2026-06-10T02:00:00Z,43779.26,43853.68,43628.79,43676.83,1301
2026-06-10T03:00:00Z,43676.83,43716.13,43461.51,43539.88,572
2026-06-10T04:00:00Z,43539.88,43651.38,43431.04,43581.65,1270
2026-06-10T05:00:00Z,43581.65,43655.73,43466.93,43506.08,895
2026-06-10T06:00:00Z,43506.08,43601.79,43287.59,43387.38,520
2026-06-10T07:00:00Z,43387.38,43459.48,43361.35,43420.41,551
2026-06-10T08:00:00Z,43420.41,43609.66,43416.07,43518.28,603
2026-06-10T09:00:00Z,43518.28,43605.31,43295.66,43395.46,1332
2026-06-10T10:00:00Z,43395.46,43529.98,43276.90,43381.01,718
2026-06-10T11:00:00Z,43381.01,43570.20,43272.56,43439.89,1436
2026-06-10T12:00:00Z,43439.89,43602.60,43318.26,43576.46,572
2026-06-10T13:00:00Z,43576.46,43744.73,43528.53,43600.85,1270
2026-06-10T14:00:00Z,43600.85,43703.28,43483.13,43685.81,947
2026-06-10T15:00:00Z,43685.81,43764.44,43510.69,43554.24,562
2026-06-10T16:00:00Z,43554.24,43752.68,43436.65,43617.47,1207
2026-06-10T17:00:00Z,43617.47,43706.80,43543.33,43693.70,936
2026-06-10T18:00:00Z,43693.70,43824.78,43501.06,43596.97,905
2026-06-10T19:00:00Z,43596.97,43692.88,43391.98,43487.65,895
2026-06-10T20:00:00Z,43487.65,43689.68,43352.84,43589.43,1426
2026-06-10T21:00:00Z,43589.43,43770.49,43458.67,43648.28,1530
2026-06-10T22:00:00Z,43648.28,43984.57,43574.08,43901.16,1207
2026-06-10T23:00:00Z,43901.16,43923.11,43733.35,43860.54,832
2026-06-11T00:00:00Z,43860.54,44150.99,43755.28,44001.39,791
2026-06-11T01:00:00Z,44001.39,44001.39,43839.20,43935.85,1217
2026-06-11T02:00:00Z,43935.85,44014.93,43739.02,43809.11,843
2026-06-11T03:00:00Z,43809.11,43884.14,43787.21,43844.68,780
2026-06-11T04:00:00Z,43844.68,43989.36,43731.60,43735.97,1009
2026-06-11T05:00:00Z,43735.97,43784.66,43700.99,43771.53,1394
2026-06-11T06:00:00Z,43771.53,43845.94,43588.79,43715.56,791
2026-06-11T07:00:00Z,43715.56,43851.66,43566.93,43768.50,562
2026-06-11T08:00:00Z,43768.50,43909.18,43641.58,43804.06,978
2026-06-11T09:00:00Z,43804.06,43922.33,43616.93,43752.56,832
2026-06-11T10:00:00Z,43752.56,44089.39,43660.68,43957.52,614
2026-06-11T11:00:00Z,43957.52,44032.24,43831.49,43870.97,1176
2026-06-11T12:00:00Z,43870.97,44252.24,43726.20,44097.90,1020
2026-06-11T13:00:00Z,44097.90,44155.22,43975.61,44046.08,1249
2026-06-11T14:00:00Z,44046.08,44072.50,43985.64,43994.43,801
2026-06-11T15:00:00Z,43994.43,44029.62,43833.23,43929.87,968
2026-06-11T16:00:00Z,43929.87,44052.87,43799.57,43878.55,853
2026-06-11T17:00:00Z,43878.55,43975.94,43834.68,43879.41,1530
2026-06-11T18:00:00Z,43879.41,43945.22,43623.23,43767.66,1426
2026-06-11T19:00:00Z,43767.66,43955.15,43710.77,43902.47,1238
2026-06-11T20:00:00Z,43902.47,43990.27,43720.68,43799.51,811
2026-06-11T21:00:00Z,43799.51,44082.16,43790.76,44020.54,1259
2026-06-11T22:00:00Z,44020.54,44073.36,43735.19,43757.06,614
2026-06-11T23:00:00Z,43757.06,43979.03,43669.55,43908.78,1509
2026-06-12T00:00:00Z,43908.78,43913.17,43786.05,43895.78,1217
2026-06-12T01:00:00Z,43895.78,44093.69,43843.11,43979.35,687
2026-06-12T02:00:00Z,43979.35,44054.11,43948.75,43970.73,676
2026-06-12T03:00:00Z,43970.73,44111.43,43689.98,43839.03,1270
2026-06-12T04:00:00Z,43839.03,43940.08,43716.29,43878.65,1259
2026-06-12T05:00:00Z,43878.65,44005.89,43594.00,43637.63,811
2026-06-12T06:00:00Z,43637.63,43655.08,43389.53,43520.09,1332
2026-06-12T07:00:00Z,43520.09,43602.77,43359.47,43389.84,1353
2026-06-12T08:00:00Z,43389.84,43480.95,43130.25,43242.68,874
2026-06-12T09:00:00Z,43242.68,43385.38,43147.90,43173.80,988
2026-06-12T10:00:00Z,43173.80,43420.32,43165.17,43316.37,562
2026-06-12T11:00:00Z,43316.37,43511.64,43264.40,43416.13,1374
2026-06-12T12:00:00Z,43416.13,43576.85,43372.72,43563.79,1238
2026-06-12T13:00:00Z,43563.79,43607.52,43498.45,43603.16,1165
2026-06-12T14:00:00Z,43603.16,43756.02,43454.91,43668.69,1103
2026-06-12T15:00:00Z,43668.69,43677.42,43424.80,43442.17,666
2026-06-12T16:00:00Z,43442.17,43598.78,43311.85,43529.14,1415
2026-06-12T17:00:00Z,43529.14,43637.96,43294.86,43403.36,1301
2026-06-12T18:00:00Z,43403.36,43451.33,43399.02,43412.26,1405
2026-06-12T19:00:00Z,43412.26,43564.43,43273.35,43477.48,801
2026-06-12T20:00:00Z,43477.48,43738.41,43455.75,43681.63,1290
2026-06-12T21:00:00Z,43681.63,43821.49,43629.22,43777.72,728
2026-06-12T22:00:00Z,43777.72,43869.84,43742.70,43791.02,1207
2026-06-12T23:00:00Z,43791.02,44106.57,43782.27,43987.81,676
2026-06-13T00:00:00Z,43987.81,44031.79,43952.70,43974.68,1551
2026-06-13T01:00:00Z,43974.68,44049.43,43794.60,43825.27,530
2026-06-13T02:00:00Z,43825.27,44035.94,43706.95,43921.75,1478
2026-06-13T03:00:00Z,43921.75,44009.68,43768.03,43974.51,728
2026-06-13T04:00:00Z,43974.51,44014.08,43680.58,43794.44,1113
2026-06-13T05:00:00Z,43794.44,43982.97,43790.07,43842.68,822
2026-06-13T06:00:00Z,43842.68,44088.46,43737.46,43987.29,739
2026-06-13T07:00:00Z,43987.29,44361.67,43956.50,44220.17,1363
2026-06-13T08:00:00Z,44220.17,44286.50,44114.26,44136.32,614
2026-06-13T09:00:00Z,44136.32,44299.62,44083.36,44242.11,707
2026-06-13T10:00:00Z,44242.11,44485.52,44118.24,44379.02,1207
2026-06-13T11:00:00Z,44379.02,44410.08,44325.85,44352.46,1186
2026-06-13T12:00:00Z,44352.46,44547.67,44206.10,44401.15,822
2026-06-13T13:00:00Z,44401.15,44689.81,44299.03,44560.59,1530
2026-06-13T14:00:00Z,44560.59,44761.10,44418.00,44627.22,1270
2026-06-13T15:00:00Z,44627.22,44752.17,44431.11,44582.69,1186
2026-06-13T16:00:00Z,44582.69,44734.24,44444.49,44600.44,1353
2026-06-13T17:00:00Z,44600.44,44600.44,44484.56,44582.64,1082
2026-06-13T18:00:00Z,44582.64,44818.14,44506.85,44809.18,759
2026-06-13T19:00:00Z,44809.18,44818.14,44679.32,44786.80,624
2026-06-13T20:00:00Z,44786.80,44791.27,44479.02,44577.08,1259
2026-06-13T21:00:00Z,44577.08,44853.00,44421.07,44767.95,1061
2026-06-13T22:00:00Z,44767.95,44772.42,44687.61,44709.96,1457
2026-06-13T23:00:00Z,44709.96,44754.66,44625.30,44647.62,1030
2026-06-14T00:00:00Z,44647.62,44947.03,44580.65,44826.00,916
2026-06-14T01:00:00Z,44826.00,44964.83,44669.11,44910.94,1061
2026-06-14T02:00:00Z,44910.94,45036.52,44857.05,45000.52,530
2026-06-14T03:00:00Z,45000.52,45094.78,44960.02,45081.26,801
2026-06-14T04:00:00Z,45081.26,45216.50,44963.92,45008.92,874
2026-06-14T05:00:00Z,45008.92,45058.18,44963.92,45049.18,1290
2026-06-14T06:00:00Z,45049.18,45387.15,44954.58,45296.56,1322
2026-06-14T07:00:00Z,45296.56,45310.14,44975.38,45133.34,739
2026-06-14T08:00:00Z,45133.34,45164.93,44948.28,45065.45,968
2026-06-14T09:00:00Z,45065.45,45299.75,44984.34,45182.28,1103
2026-06-14T10:00:00Z,45182.28,45222.94,45069.14,45163.98,864
2026-06-14T11:00:00Z,45163.98,45367.02,45150.44,45299.08,968
2026-06-14T12:00:00Z,45299.08,45380.61,45041.05,45081.62,1394
2026-06-14T13:00:00Z,45081.62,45203.34,45004.84,45027.35,947
2026-06-14T14:00:00Z,45027.35,45261.29,44919.29,45193.50,843
2026-06-14T15:00:00Z,45193.50,45256.49,45076.00,45224.84,1519
2026-06-14T16:00:00Z,45224.84,45319.48,45084.65,45296.84,853
2026-06-14T17:00:00Z,45296.84,45531.91,45283.26,45504.61,1124
2026-06-14T18:00:00Z,45504.61,45545.56,45322.64,45418.01,635
2026-06-14T19:00:00Z,45418.01,45576.65,45268.14,45517.48,666
2026-06-14T20:00:00Z,45517.48,45845.12,45490.17,45712.56,541
2026-06-14T21:00:00Z,45712.56,45808.55,45579.82,45684.89,853
2026-06-14T22:00:00Z,45684.89,45698.59,45420.33,45506.79,1436
2026-06-14T23:00:00Z,45506.79,45515.89,45315.81,45406.62,1051
2026-06-15T00:00:00Z,45406.62,45659.68,45329.43,45595.85,1488
2026-06-15T01:00:00Z,45595.85,45863.61,45563.94,45753.81,697
2026-06-15T02:00:00Z,45753.81,46013.01,45753.81,45962.46,645
2026-06-15T03:00:00Z,45962.46,46112.43,45902.71,45979.10,801
2026-06-15T04:00:00Z,45979.10,46456.06,45896.34,46298.65,874
2026-06-15T05:00:00Z,46298.65,46437.54,46061.10,46222.88,1061
2026-06-15T06:00:00Z,46222.88,46255.23,46128.72,46198.01,1113
2026-06-15T07:00:00Z,46198.01,46262.68,46104.11,46117.94,936
2026-06-15T08:00:00Z,46117.94,46122.55,46028.89,46033.49,635
2026-06-15T09:00:00Z,46033.49,46166.98,45816.32,45871.36,697
2026-06-15T10:00:00Z,45871.36,45995.21,45495.44,45632.33,645
2026-06-15T11:00:00Z,45632.33,45641.45,45439.76,45562.77,822
2026-06-15T12:00:00Z,45562.77,45590.10,45352.22,45511.51,822
2026-06-15T13:00:00Z,45511.51,45516.06,45446.60,45482.98,1301
2026-06-15T14:00:00Z,45482.98,45753.56,45382.92,45675.92,968
2026-06-15T15:00:00Z,45675.92,45947.35,45607.41,45883.12,1280
2026-06-15T16:00:00Z,45883.12,46251.55,45722.53,46173.06,624
2026-06-15T17:00:00Z,46173.06,46293.10,45850.17,45988.13,749
2026-06-15T18:00:00Z,45988.13,46139.89,45862.95,45931.84,530
2026-06-15T19:00:00Z,45931.84,46065.04,45683.63,45816.49,832
2026-06-15T20:00:00Z,45816.49,45949.35,45723.87,45769.63,1499
2026-06-15T21:00:00Z,45769.63,45792.51,45617.87,45709.28,759
2026-06-15T22:00:00Z,45709.28,45903.57,45549.30,45811.95,1155
2026-06-15T23:00:00Z,45811.95,45839.43,45592.16,45692.68,1051
2026-06-16T00:00:00Z,45692.68,45761.21,45417.45,45535.84,999
2026-06-16T01:00:00Z,45535.84,45631.46,45270.61,45374.97,1145
2026-06-16T02:00:00Z,45374.97,45374.97,45142.27,45191.98,1499
2026-06-16T03:00:00Z,45191.98,45268.80,45036.94,45077.50,1551
2026-06-16T04:00:00Z,45077.50,45118.06,44981.39,45008.39,645
2026-06-16T05:00:00Z,45008.39,45044.39,44786.56,44840.36,1488
2026-06-16T06:00:00Z,44840.36,44921.07,44646.26,44744.69,1551
2026-06-16T07:00:00Z,44744.69,44989.46,44641.78,44966.98,1041
2026-06-16T08:00:00Z,44966.98,45113.97,44931.01,45100.44,926
2026-06-16T09:00:00Z,45100.44,45247.83,45032.79,45247.83,1165
2026-06-16T10:00:00Z,45247.83,45355.01,45211.64,45287.08,1113
2026-06-16T11:00:00Z,45287.08,45426.12,45205.57,45376.21,728
2026-06-16T12:00:00Z,45376.21,45442.81,45231.01,45392.88,1165
2026-06-16T13:00:00Z,45392.88,45668.76,45238.55,45527.63,1228
2026-06-16T14:00:00Z,45527.63,45541.28,45144.33,45271.08,1207
2026-06-16T15:00:00Z,45271.08,45415.94,45070.58,45165.42,1259
2026-06-16T16:00:00Z,45165.42,45399.15,45038.96,45272.39,822
2026-06-16T17:00:00Z,45272.39,45538.48,45141.11,45443.05,780
2026-06-16T18:00:00Z,45443.05,45443.05,45169.25,45318.80,1270
2026-06-16T19:00:00Z,45318.80,45707.93,45228.17,45589.40,666
2026-06-16T20:00:00Z,45589.40,45765.87,45457.20,45752.15,707
2026-06-16T21:00:00Z,45752.15,46011.89,45660.65,45869.70,1030
2026-06-16T22:00:00Z,45869.70,46070.33,45782.55,45973.79,541
2026-06-16T23:00:00Z,45973.79,46038.15,45701.38,45838.89,1238
2026-06-17T00:00:00Z,45838.89,45976.40,45677.86,45829.09,1165
2026-06-17T01:00:00Z,45829.09,45957.41,45736.81,45823.87,1259
2026-06-17T02:00:00Z,45823.87,45943.01,45694.96,45722.39,1207
2026-06-17T03:00:00Z,45722.39,45864.12,45616.61,45680.56,1238
2026-06-17T04:00:00Z,45680.56,45853.66,45561.80,45844.50,1124
2026-06-17T05:00:00Z,45844.50,45944.80,45688.63,45871.41,759
2026-06-17T06:00:00Z,45871.41,45986.08,45641.61,45801.91,1374
2026-06-17T07:00:00Z,45801.91,45856.87,45663.86,45723.30,707
2026-06-17T08:00:00Z,45723.30,45746.16,45484.95,45576.10,884
2026-06-17T09:00:00Z,45576.10,45812.98,45494.07,45712.42,1238
2026-06-17T10:00:00Z,45712.42,45780.98,45460.00,45482.74,1478
2026-06-17T11:00:00Z,45482.74,45655.04,45478.20,45509.41,1113
2026-06-17T12:00:00Z,45509.41,45691.25,45395.64,45668.42,718
2026-06-17T13:00:00Z,45668.42,45791.72,45530.52,45553.29,999
2026-06-17T14:00:00Z,45553.29,45653.05,45525.96,45607.45,1093
2026-06-17T15:00:00Z,45607.45,45767.07,45460.87,45602.23,1342
2026-06-17T16:00:00Z,45602.23,45711.30,45515.59,45665.64,635
2026-06-17T17:00:00Z,45665.64,45766.10,45399.77,45472.52,1041
2026-06-17T18:00:00Z,45472.52,45663.27,45354.30,45540.32,707
2026-06-17T19:00:00Z,45540.32,45708.54,45444.69,45599.11,1259
2026-06-17T20:00:00Z,45599.11,45690.30,45438.86,45580.15,697
2026-06-17T21:00:00Z,45580.15,45611.53,45516.34,45602.41,1041
2026-06-17T22:00:00Z,45602.41,45784.86,45479.29,45711.73,645
2026-06-17T23:00:00Z,45711.73,45775.72,45308.32,45440.09,1228
2026-06-18T00:00:00Z,45440.09,45557.43,45381.02,45489.20,655
2026-06-18T01:00:00Z,45489.20,45630.21,45279.36,45388.29,541
2026-06-18T02:00:00Z,45388.29,45641.81,45229.44,45537.08,655
2026-06-18T03:00:00Z,45537.08,45695.46,45418.69,45654.38,822
2026-06-18T04:00:00Z,45654.38,45771.96,45617.86,45749.09,749
2026-06-18T05:00:00Z,45749.09,45758.23,45602.12,45647.76,707
2026-06-18T06:00:00Z,45647.76,45789.26,45441.97,45560.42,1155
2026-06-18T07:00:00Z,45560.42,45564.97,45432.24,45523.28,687
2026-06-18T08:00:00Z,45523.28,45877.33,45450.45,45717.32,905
2026-06-18T09:00:00Z,45717.32,45726.46,45557.12,45602.72,916
2026-06-18T10:00:00Z,45602.72,45730.40,45456.61,45511.22,1384
2026-06-18T11:00:00Z,45511.22,45602.24,45337.96,45465.26,1228
2026-06-18T12:00:00Z,45465.26,45497.08,45247.29,45365.23,614
2026-06-18T13:00:00Z,45365.23,45415.13,45156.85,45274.56,1394
2026-06-18T14:00:00Z,45274.56,45382.63,45193.07,45278.49,1134
2026-06-18T15:00:00Z,45278.49,45323.76,45219.53,45228.57,1394
2026-06-18T16:00:00Z,45228.57,45386.86,45052.53,45156.38,1082
2026-06-18T17:00:00Z,45156.38,45187.98,45038.66,45147.01,655
2026-06-18T18:00:00Z,45147.01,45367.20,45047.69,45227.00,947
2026-06-18T19:00:00Z,45227.00,45334.79,45208.91,45257.86,1478
2026-06-18T20:00:00Z,45257.86,45316.69,45069.03,45127.69,1061
2026-06-18T21:00:00Z,45127.69,45159.27,44956.84,45060.47,1415
2026-06-18T22:00:00Z,45060.47,45204.02,45033.44,45091.30,874
2026-06-18T23:00:00Z,45091.30,45104.82,44800.74,44917.52,1530
2026-06-19T00:00:00Z,44917.52,44998.37,44674.51,44750.58,1311
2026-06-19T01:00:00Z,44750.58,44843.81,44652.13,44767.71,1217
2026-06-19T02:00:00Z,44767.71,45206.77,44696.09,45049.10,1103
2026-06-19T03:00:00Z,45049.10,45228.83,44963.51,45170.11,1530
2026-06-19T04:00:00Z,45170.11,45201.72,44786.05,44929.82,551
2026-06-19T05:00:00Z,44929.82,45001.06,44821.99,45001.06,926
2026-06-19T06:00:00Z,45001.06,45216.75,44861.56,45167.07,1061
2026-06-19T07:00:00Z,45167.07,45316.12,44976.77,45071.41,718
2026-06-19T08:00:00Z,45071.41,45305.56,44954.23,45174.56,676
2026-06-19T09:00:00Z,45174.56,45242.32,44790.11,44911.37,1030
2026-06-19T10:00:00Z,44911.37,45010.17,44739.79,44771.12,801
2026-06-19T11:00:00Z,44771.12,44771.12,44622.64,44725.50,1072
2026-06-19T12:00:00Z,44725.50,44940.01,44712.09,44917.56,1280
2026-06-19T13:00:00Z,44917.56,45042.89,44899.60,44988.91,1155
2026-06-19T14:00:00Z,44988.91,45064.75,44844.95,45001.75,999
2026-06-19T15:00:00Z,45001.75,45077.64,44884.75,45019.12,916
2026-06-19T16:00:00Z,45019.12,45144.88,44951.60,45117.81,905
2026-06-19T17:00:00Z,45117.81,45208.04,44855.38,44990.35,1436
2026-06-19T18:00:00Z,44990.35,45021.84,44940.06,44958.04,687
2026-06-19T19:00:00Z,44958.04,45097.40,44709.95,44839.98,1020
2026-06-19T20:00:00Z,44839.98,44839.98,44591.82,44618.59,1238
2026-06-19T21:00:00Z,44618.59,44627.51,44528.56,44604.38,1426
2026-06-19T22:00:00Z,44604.38,44608.84,44443.01,44581.21,1301
2026-06-19T23:00:00Z,44581.21,44581.21,44370.80,44508.77,1509
2026-06-20T00:00:00Z,44508.77,44517.67,44265.52,44354.22,1093
2026-06-20T01:00:00Z,44354.22,44429.62,44195.77,44310.97,1041
2026-06-20T02:00:00Z,44310.97,44439.47,44170.34,44267.72,624
2026-06-20T03:00:00Z,44267.72,44316.41,44202.38,44237.77,666
2026-06-20T04:00:00Z,44237.77,44237.77,44084.04,44194.52,1020
2026-06-20T05:00:00Z,44194.52,44221.03,44115.91,44142.39,988
2026-06-20T06:00:00Z,44142.39,44283.64,43983.84,43992.63,1228
2026-06-20T07:00:00Z,43992.63,44139.64,43838.66,44117.59,1155
2026-06-20T08:00:00Z,44117.59,44286.96,43985.24,44176.52,624
2026-06-20T09:00:00Z,44176.52,44346.69,44114.68,44293.54,1020
2026-06-20T10:00:00Z,44293.54,44377.69,44068.16,44160.89,1384
2026-06-20T11:00:00Z,44160.89,44268.34,44121.15,44175.58,1384
2026-06-20T12:00:00Z,44175.58,44268.34,44043.90,44118.90,1030
2026-06-20T13:00:00Z,44118.90,44315.74,44008.61,44222.88,1217
2026-06-20T14:00:00Z,44222.88,44286.77,44222.88,44264.64,572
2026-06-20T15:00:00Z,44264.64,44342.31,44264.64,44333.45,1041
2026-06-20T16:00:00Z,44333.45,44504.23,44222.62,44375.55,1353
2026-06-20T17:00:00Z,44375.55,44419.92,44256.27,44291.70,874
2026-06-20T18:00:00Z,44291.70,44409.71,44282.85,44365.35,947
2026-06-20T19:00:00Z,44365.35,44489.57,44317.59,44322.02,1259
2026-06-20T20:00:00Z,44322.02,44322.02,44185.35,44256.15,1322
2026-06-20T21:00:00Z,44256.15,44344.66,44191.35,44248.87,853
2026-06-20T22:00:00Z,44248.87,44492.22,44173.65,44372.42,1301
2026-06-20T23:00:00Z,44372.42,44465.60,44068.87,44161.60,770
2026-06-21T00:00:00Z,44161.60,44170.43,44036.22,44159.86,530
2026-06-21T01:00:00Z,44159.86,44287.92,44061.03,44118.38,759
2026-06-21T02:00:00Z,44118.38,44250.73,43992.96,43992.96,1374
2026-06-21T03:00:00Z,43992.96,44171.94,43909.38,44114.60,1270
2026-06-21T04:00:00Z,44114.60,44246.94,43887.93,44002.33,864
2026-06-21T05:00:00Z,44002.33,44084.38,43857.13,44049.15,1134
2026-06-21T06:00:00Z,44049.15,44097.60,43950.22,43959.01,843
2026-06-21T07:00:00Z,43959.01,44051.32,43803.43,43952.86,728
2026-06-21T08:00:00Z,43952.86,44093.50,43704.62,43809.76,635
2026-06-21T09:00:00Z,43809.76,43961.86,43748.43,43882.88,1082
2026-06-21T10:00:00Z,43882.88,43982.64,43751.24,43965.06,759
2026-06-21T11:00:00Z,43965.06,44113.00,43903.51,43976.68,1499
2026-06-21T12:00:00Z,43976.68,44067.71,43888.73,44010.50,593
2026-06-21T13:00:00Z,44010.50,44035.52,43865.27,44035.52,822
2026-06-21T14:00:00Z,44035.52,44092.76,43892.14,43922.88,968
2026-06-21T15:00:00Z,43922.88,43940.44,43810.65,43832.56,1030
2026-06-21T16:00:00Z,43832.56,43885.15,43641.86,43755.62,1405
2026-06-21T17:00:00Z,43755.62,43873.76,43648.85,43745.08,1165
2026-06-21T18:00:00Z,43745.08,43788.82,43523.32,43601.80,1467
2026-06-21T19:00:00Z,43601.80,43881.70,43501.52,43781.01,905
2026-06-21T20:00:00Z,43781.01,43881.70,43677.97,43717.31,1207
2026-06-21T21:00:00Z,43717.31,43882.29,43712.94,43746.68,874
2026-06-21T22:00:00Z,43746.68,43867.71,43654.82,43753.95,1353
2026-06-21T23:00:00Z,43753.95,43762.70,43468.47,43481.51,1051
2026-06-22T00:00:00Z,43481.51,43732.92,43459.00,43710.74,1002
2026-06-22T01:00:00Z,43710.74,43967.61,43629.67,43923.49,1000
2026-06-22T02:00:00Z,43923.49,44194.56,43886.55,44066.89,978
2026-06-22T03:00:00Z,44066.89,44250.29,44047.75,44237.02,1026
2026-06-22T04:00:00Z,44237.02,44342.32,44130.98,44310.52,998
2026-06-22T05:00:00Z,44310.52,44323.81,44189.59,44198.42,1015
2026-06-22T06:00:00Z,44198.42,44396.05,44138.14,44276.23,1005
2026-06-22T07:00:00Z,44276.23,44356.09,44201.98,44301.17,1002
2026-06-22T08:00:00Z,44301.17,44413.39,44221.13,44299.62,979
2026-06-22T09:00:00Z,44299.62,44337.25,44099.56,44099.56,1051
2026-06-22T10:00:00Z,44099.56,44394.44,44032.15,44348.34,926
2026-06-22T11:00:00Z,44348.34,44419.85,44270.61,44368.86,950
2026-06-22T12:00:00Z,44368.86,44427.29,44052.30,44102.58,1022
2026-06-22T13:00:00Z,44102.58,44175.67,44009.43,44079.27,972
2026-06-22T14:00:00Z,44079.27,44250.40,44031.36,44143.58,1017
2026-06-22T15:00:00Z,44143.58,44281.08,44125.93,44225.48,1032
2026-06-22T16:00:00Z,44225.48,44258.96,43960.81,43978.22,969
2026-06-22T17:00:00Z,43978.22,44223.00,43920.95,44151.44,1056
2026-06-22T18:00:00Z,44151.44,44393.24,44134.28,44325.20,980
2026-06-22T19:00:00Z,44325.20,44357.26,44179.83,44275.42,968
2026-06-22T20:00:00Z,44275.42,44372.46,44131.09,44177.50,1050
2026-06-22T21:00:00Z,44177.50,44232.22,44110.89,44193.65,974
2026-06-22T22:00:00Z,44193.65,44306.53,44152.72,44179.17,968
2026-06-22T23:00:00Z,44179.17,44234.38,44008.18,44055.46,982
2026-06-23T00:00:00Z,44055.46,44200.19,44030.93,44181.46,990
2026-06-23T01:00:00Z,44181.46,44304.38,44123.47,44304.27,980
2026-06-23T02:00:00Z,44304.27,44315.17,44102.77,44192.33,1039
2026-06-23T03:00:00Z,44192.33,44246.43,44067.59,44205.02,1028
2026-06-23T04:00:00Z,44205.02,44309.29,44075.93,44182.34,972
2026-06-23T05:00:00Z,44182.34,44229.46,43984.95,44043.54,1041
2026-06-23T06:00:00Z,44043.54,44231.98,44024.47,44110.33,1038
2026-06-23T07:00:00Z,44110.33,44154.90,43830.85,43850.31,920
2026-06-23T08:00:00Z,43850.31,43894.17,43680.92,43724.93,940
2026-06-23T09:00:00Z,43724.93,43966.09,43711.82,43863.25,978
2026-06-23T10:00:00Z,43863.25,43926.80,43779.22,43823.16,972
2026-06-23T11:00:00Z,43823.16,43953.06,43778.73,43895.70,1050
2026-06-23T12:00:00Z,43895.70,43979.19,43821.22,43919.24,941
2026-06-23T13:00:00Z,43919.24,44044.11,43874.43,44015.67,1022
2026-06-23T14:00:00Z,44015.67,44230.31,43978.68,44199.52,940
2026-06-23T15:00:00Z,44199.52,44215.46,44020.31,44041.63,1028
2026-06-23T16:00:00Z,44041.63,44227.34,43963.58,44094.31,975
2026-06-23T17:00:00Z,44094.31,44184.54,44010.10,44078.66,965
2026-06-23T18:00:00Z,44078.66,44155.89,43919.23,44095.40,1027
2026-06-23T19:00:00Z,44095.40,44201.52,43959.18,44163.24,881
2026-06-23T20:00:00Z,44163.24,44305.54,43998.87,44065.01,1005
2026-06-23T21:00:00Z,44065.01,44248.73,43999.93,44235.46,990
2026-06-23T22:00:00Z,44235.46,44254.04,44106.03,44165.25,940
2026-06-23T23:00:00Z,44165.25,44245.38,43862.49,43936.51,975
2026-06-24T00:00:00Z,43936.51,43944.46,43729.98,43836.54,950
2026-06-24T01:00:00Z,43836.54,43982.78,43720.51,43885.87,1085
2026-06-24T02:00:00Z,43885.87,44022.69,43793.99,43878.21,1005
2026-06-24T03:00:00Z,43878.21,43907.99,43782.66,43817.94,1016
2026-06-24T04:00:00Z,43817.94,43990.17,43809.11,43836.58,972
2026-06-24T05:00:00Z,43836.58,43899.77,43739.50,43820.19,1029
2026-06-24T06:00:00Z,43820.19,43908.90,43754.21,43834.45,979
2026-06-24T07:00:00Z,43834.45,43853.17,43662.79,43686.78,1083
2026-06-24T08:00:00Z,43686.78,43759.46,43618.19,43727.18,1026
2026-06-24T09:00:00Z,43727.18,43831.76,43661.42,43798.16,1020
2026-06-24T10:00:00Z,43798.16,43828.61,43538.24,43580.81,936
2026-06-24T11:00:00Z,43580.81,43720.81,43552.93,43634.17,1052
2026-06-24T12:00:00Z,43634.17,43865.74,43611.26,43835.52,1001
2026-06-24T13:00:00Z,43835.52,43951.22,43758.19,43810.44,957
2026-06-24T14:00:00Z,43810.44,44031.27,43773.53,43933.87,960
2026-06-24T15:00:00Z,43933.87,44039.76,43873.30,43987.54,1032
2026-06-24T16:00:00Z,43987.54,44055.07,43898.38,43914.14,971
2026-06-24T17:00:00Z,43914.14,44028.38,43877.14,43980.89,1032
2026-06-24T18:00:00Z,43980.89,44069.57,43743.18,43758.62,937
2026-06-24T19:00:00Z,43758.62,43834.40,43681.92,43746.72,1053
2026-06-24T20:00:00Z,43746.72,43817.58,43638.98,43656.44,936
2026-06-24T21:00:00Z,43656.44,43701.27,43455.88,43540.32,977
2026-06-24T22:00:00Z,43540.32,43789.76,43487.03,43766.82,1042
2026-06-24T23:00:00Z,43766.82,43790.99,43595.70,43598.19,953
2026-06-25T00:00:00Z,43598.19,43727.30,43568.55,43633.29,983
2026-06-25T01:00:00Z,43633.29,43766.63,43567.69,43581.17,986
2026-06-25T02:00:00Z,43581.17,43675.19,43458.46,43646.84,994
2026-06-25T03:00:00Z,43646.84,43678.49,43293.19,43306.18,938
2026-06-25T04:00:00Z,43306.18,43569.93,43251.67,43510.26,999
2026-06-25T05:00:00Z,43510.26,43780.04,43492.86,43746.03,1027
2026-06-25T06:00:00Z,43746.03,43775.78,43572.16,43645.49,936
2026-06-25T07:00:00Z,43645.49,43693.21,43551.95,43637.06,1013
2026-06-25T08:00:00Z,43637.06,43658.01,43507.22,43571.68,1028
2026-06-25T09:00:00Z,43571.68,43595.99,43302.12,43340.04,917
2026-06-25T10:00:00Z,43340.04,43503.36,43285.99,43488.33,968
2026-06-25T11:00:00Z,43488.33,43676.78,43443.80,43611.06,985
2026-06-25T12:00:00Z,43611.06,43756.96,43547.60,43694.78,943
2026-06-25T13:00:00Z,43694.78,43722.06,43478.10,43514.89,1038
2026-06-25T14:00:00Z,43514.89,43540.71,43381.75,43484.56,996
2026-06-25T15:00:00Z,43484.56,43576.93,43389.95,43471.76,1102
2026-06-25T16:00:00Z,43471.76,43545.49,43352.02,43529.06,1057
2026-06-25T17:00:00Z,43529.06,43642.61,43368.37,43397.76,1067
2026-06-25T18:00:00Z,43397.76,43538.87,43350.25,43490.03,1000
2026-06-25T19:00:00Z,43490.03,43688.98,43428.64,43679.18,1000
2026-06-25T20:00:00Z,43679.18,43702.92,43468.44,43617.92,1017
2026-06-25T21:00:00Z,43617.92,43628.02,43482.29,43521.42,956
2026-06-25T22:00:00Z,43521.42,43716.74,43480.54,43689.04,1018
2026-06-25T23:00:00Z,43689.04,43826.46,43675.23,43702.82,922
2026-06-26T00:00:00Z,43702.82,43762.52,43538.64,43582.05,981
2026-06-26T01:00:00Z,43582.05,43680.12,43510.23,43596.76,1005
2026-06-26T02:00:00Z,43596.76,43773.16,43500.22,43685.54,995
2026-06-26T03:00:00Z,43685.54,43698.64,43599.04,43652.24,1012
2026-06-26T04:00:00Z,43652.24,43835.60,43595.63,43749.77,1001
2026-06-26T05:00:00Z,43749.77,43826.45,43668.54,43738.28,965
2026-06-26T06:00:00Z,43738.28,43961.49,43693.23,43883.94,1017
2026-06-26T07:00:00Z,43883.94,43949.14,43736.07,43793.58,1005
2026-06-26T08:00:00Z,43793.58,44117.95,43766.16,44035.40,979
2026-06-26T09:00:00Z,44035.40,44204.52,44019.27,44129.13,946
2026-06-26T10:00:00Z,44129.13,44133.54,43847.37,43985.51,948
2026-06-26T11:00:00Z,43985.51,44005.25,43872.64,43890.66,954
2026-06-26T12:00:00Z,43890.66,43966.50,43820.15,43896.62,949
2026-06-26T13:00:00Z,43896.62,44131.06,43852.18,44094.90,992
2026-06-26T14:00:00Z,44094.90,44185.71,44001.63,44153.49,954
2026-06-26T15:00:00Z,44153.49,44347.10,44033.63,44304.40,944
2026-06-26T16:00:00Z,44304.40,44392.74,44216.64,44336.73,1032
2026-06-26T17:00:00Z,44336.73,44715.89,44287.79,44527.78,1023
2026-06-26T18:00:00Z,44527.78,44573.17,44437.13,44471.67,975
2026-06-26T19:00:00Z,44471.67,44577.89,44456.79,44557.08,1024
2026-06-26T20:00:00Z,44557.08,44578.26,44370.51,44439.00,1020
2026-06-26T21:00:00Z,44439.00,44501.08,44378.95,44458.13,998
2026-06-26T22:00:00Z,44458.13,44668.63,44411.54,44547.86,1037
2026-06-26T23:00:00Z,44547.86,44565.67,44275.21,44284.06,965
