open_time_utc,open,high,low,close,volume
2026-01-02T00:00:00Z,2167.18,2172.59,2153.47,2156.70,10750
2026-01-02T01:00:00Z,2156.70,2156.91,2140.50,2148.01,14500
2026-01-02T02:00:00Z,2148.01,2150.80,2134.42,2137.41,12250
2026-01-02T03:00:00Z,2137.41,2145.04,2137.20,2137.56,13000
2026-01-02T04:00:00Z,2137.56,2141.55,2132.22,2138.56,6750
2026-01-02T05:00:00Z,2138.56,2148.97,2133.22,2141.05,16750
2026-01-02T06:00:00Z,2141.05,2160.29,2135.92,2154.05,7250
2026-01-02T07:00:00Z,2154.05,2159.58,2150.18,2154.63,16375
2026-01-02T08:00:00Z,2154.63,2165.33,2146.45,2157.57,16125
2026-01-02T09:00:00Z,2157.57,2165.71,2153.26,2159.45,16250
2026-01-02T10:00:00Z,2159.45,2161.17,2150.75,2156.57,8750
2026-01-02T11:00:00Z,2156.57,2162.17,2146.38,2154.35,9875
2026-01-02T12:00:00Z,2154.35,2161.67,2140.31,2148.68,12750
2026-01-02T13:00:00Z,2148.68,2162.15,2143.74,2160.64,16625
2026-01-02T14:00:00Z,2160.64,2173.55,2160.64,2166.84,13625
2026-01-02T15:00:00Z,2166.84,2171.54,2159.69,2166.99,18375
2026-01-02T16:00:00Z,2166.99,2174.57,2151.34,2160.19,9000
2026-01-02T17:00:00Z,2160.19,2165.59,2150.85,2155.37,15000
2026-01-02T18:00:00Z,2155.37,2156.87,2138.74,2147.32,10500
2026-01-02T19:00:00Z,2147.32,2147.74,2132.25,2140.59,10500
2026-01-02T20:00:00Z,2140.59,2145.29,2129.41,2136.46,12000
2026-01-02T21:00:00Z,2136.46,2139.23,2124.22,2128.69,16000
2026-01-02T22:00:00Z,2128.69,2140.34,2125.29,2139.49,10375
2026-01-02T23:00:00Z,2139.49,2148.26,2130.23,2138.35,18750
2026-01-03T00:00:00Z,2138.35,2145.93,2133.44,2138.88,10250
2026-01-03T01:00:00Z,2138.88,2151.20,2138.67,2144.34,12000
2026-01-03T02:00:00Z,2144.34,2164.88,2143.06,2158.41,16750
2026-01-03T03:00:00Z,2158.41,2160.13,2144.28,2145.78,9875
2026-01-03T04:00:00Z,2145.78,2155.13,2143.00,2149.98,10000
2026-01-03T05:00:00Z,2149.98,2161.73,2149.56,2161.52,15750
2026-01-03T06:00:00Z,2161.52,2168.43,2151.06,2156.01,12375
2026-01-03T07:00:00Z,2156.01,2163.06,2155.58,2163.06,13250
2026-01-03T08:00:00Z,2163.06,2169.24,2154.63,2163.62,14750
2026-01-03T09:00:00Z,2163.62,2163.83,2148.58,2151.37,17625
2026-01-03T10:00:00Z,2151.37,2162.07,2144.06,2158.19,6500
2026-01-03T11:00:00Z,2158.19,2161.42,2140.18,2147.48,18625
2026-01-03T12:00:00Z,2147.48,2152.84,2140.51,2146.08,10875
2026-01-03T13:00:00Z,2146.08,2148.01,2134.14,2136.06,7750
2026-01-03T14:00:00Z,2136.06,2139.69,2125.05,2130.16,13000
2026-01-03T15:00:00Z,2130.16,2146.35,2128.46,2142.93,18250
2026-01-03T16:00:00Z,2142.93,2143.14,2127.17,2135.28,10375
2026-01-03T17:00:00Z,2135.28,2153.24,2131.23,2147.45,17625
2026-01-03T18:00:00Z,2147.45,2155.61,2129.07,2136.11,11375
2026-01-03T19:00:00Z,2136.11,2143.37,2130.04,2135.80,10500
2026-01-03T20:00:00Z,2135.80,2140.07,2127.12,2129.03,17125
2026-01-03T21:00:00Z,2129.03,2129.03,2122.33,2128.50,9000
2026-01-03T22:00:00Z,2128.50,2135.73,2124.78,2127.97,11750
2026-01-03T23:00:00Z,2127.97,2132.01,2120.84,2125.30,15875
2026-01-04T00:00:00Z,2125.30,2147.12,2122.54,2139.00,7750
2026-01-04T01:00:00Z,2139.00,2147.87,2135.80,2143.37,10375
2026-01-04T02:00:00Z,2143.37,2151.51,2132.98,2141.54,10875
2026-01-04T03:00:00Z,2141.54,2151.26,2133.19,2149.55,14000
2026-01-04T04:00:00Z,2149.55,2149.55,2137.64,2139.77,15125
2026-01-04T05:00:00Z,2139.77,2150.14,2131.22,2145.00,7500
2026-01-04T06:00:00Z,2145.00,2157.10,2138.78,2150.44,12250
2026-01-04T07:00:00Z,2150.44,2160.43,2146.14,2154.83,12000
2026-01-04T08:00:00Z,2154.83,2170.63,2148.16,2167.60,9875
2026-01-04T09:00:00Z,2167.60,2183.03,2159.37,2182.38,16625
2026-01-04T10:00:00Z,2182.38,2185.08,2179.55,2185.08,7875
2026-01-04T11:00:00Z,2185.08,2192.50,2174.93,2177.76,7875
2026-01-04T12:00:00Z,2177.76,2183.28,2175.59,2179.80,7750
2026-01-04T13:00:00Z,2179.80,2191.39,2171.52,2191.18,6500
2026-01-04T14:00:00Z,2191.18,2198.92,2185.71,2193.22,11625
2026-01-04T15:00:00Z,2193.22,2204.26,2190.81,2197.89,15500
2026-01-04T16:00:00Z,2197.89,2204.92,2184.61,2192.50,6875
2026-01-04T17:00:00Z,2192.50,2196.66,2185.17,2186.91,8875
2026-01-04T18:00:00Z,2186.91,2197.24,2182.32,2195.05,9500
2026-01-04T19:00:00Z,2195.05,2197.68,2181.61,2183.35,16500
2026-01-04T20:00:00Z,2183.35,2186.62,2174.29,2181.70,13750
2026-01-04T21:00:00Z,2181.70,2189.33,2174.41,2178.11,12250
2026-01-04T22:00:00Z,2178.11,2184.42,2167.82,2168.47,7000
2026-01-04T23:00:00Z,2168.47,2173.67,2155.23,2157.60,18500
2026-01-05T00:00:00Z,2157.60,2161.26,2147.73,2153.11,6375
2026-01-05T01:00:00Z,2153.11,2154.40,2146.93,2150.58,10625
2026-01-05T02:00:00Z,2150.58,2151.22,2144.18,2148.69,11875
2026-01-05T03:00:00Z,2148.69,2153.03,2140.32,2150.24,13375
2026-01-05T04:00:00Z,2150.24,2153.46,2146.63,2149.42,15625
2026-01-05T05:00:00Z,2149.42,2152.42,2139.19,2143.47,12500
2026-01-05T06:00:00Z,2143.47,2146.89,2134.73,2143.30,6750
2026-01-05T07:00:00Z,2143.30,2154.27,2137.09,2149.76,15875
2026-01-05T08:00:00Z,2149.76,2155.39,2148.48,2151.52,16125
2026-01-05T09:00:00Z,2151.52,2164.22,2143.35,2163.14,17250
2026-01-05T10:00:00Z,2163.14,2176.13,2157.30,2169.63,15000
2026-01-05T11:00:00Z,2169.63,2184.84,2161.17,2178.74,8500
2026-01-05T12:00:00Z,2178.74,2183.09,2161.66,2170.34,9250
2026-01-05T13:00:00Z,2170.34,2175.76,2156.15,2159.60,10750
2026-01-05T14:00:00Z,2159.60,2165.47,2158.09,2161.80,12375
2026-01-05T15:00:00Z,2161.80,2162.88,2146.39,2150.69,14000
2026-01-05T16:00:00Z,2150.69,2151.39,2143.81,2151.39,12250
2026-01-05T17:00:00Z,2151.39,2164.04,2151.39,2162.53,13875
2026-01-05T18:00:00Z,2162.53,2162.74,2142.64,2150.59,11375
2026-01-05T19:00:00Z,2150.59,2153.38,2145.30,2147.87,18000
2026-01-05T20:00:00Z,2147.87,2164.17,2142.72,2158.56,12000
2026-01-05T21:00:00Z,2158.56,2164.17,2158.13,2162.45,9750
2026-01-05T22:00:00Z,2162.45,2170.43,2157.70,2169.13,14875
2026-01-05T23:00:00Z,2169.13,2169.34,2152.42,2159.54,17125
2026-01-06T00:00:00Z,2159.54,2164.29,2155.06,2157.21,15125
2026-01-06T01:00:00Z,2157.21,2162.17,2148.42,2152.72,9500
2026-01-06T02:00:00Z,2152.72,2173.51,2152.29,2166.80,17000
2026-01-06T03:00:00Z,2166.80,2177.53,2163.34,2175.36,9500
2026-01-06T04:00:00Z,2175.36,2196.90,2167.97,2187.93,6625
2026-01-06T05:00:00Z,2187.93,2190.55,2175.77,2183.41,14875
2026-01-06T06:00:00Z,2183.41,2185.05,2182.76,2184.62,18750
2026-01-06T07:00:00Z,2184.62,2187.89,2177.26,2179.00,8125
2026-01-06T08:00:00Z,2179.00,2187.93,2174.96,2176.91,11375
2026-01-06T09:00:00Z,2176.91,2183.81,2172.56,2179.02,12250
2026-01-06T10:00:00Z,2179.02,2182.07,2161.53,2164.99,18250
2026-01-06T11:00:00Z,2164.99,2167.58,2148.25,2152.77,7875
2026-01-06T12:00:00Z,2152.77,2154.70,2125.05,2133.58,17000
2026-01-06T13:00:00Z,2133.58,2141.90,2120.26,2124.29,11375
2026-01-06T14:00:00Z,2124.29,2131.66,2118.13,2127.83,10500
2026-01-06T15:00:00Z,2127.83,2134.63,2119.35,2125.94,15750
2026-01-06T16:00:00Z,2125.94,2134.08,2118.29,2126.01,18500
2026-01-06T17:00:00Z,2126.01,2138.11,2125.59,2130.23,8375
2026-01-06T18:00:00Z,2130.23,2137.68,2122.84,2129.44,13000
2026-01-06T19:00:00Z,2129.44,2138.12,2123.27,2131.73,14125
2026-01-06T20:00:00Z,2131.73,2136.63,2123.12,2125.24,14000
2026-01-06T21:00:00Z,2125.24,2134.40,2121.21,2129.72,13125
2026-01-06T22:00:00Z,2129.72,2129.72,2104.04,2107.83,10875
2026-01-06T23:00:00Z,2107.83,2115.94,2107.62,2108.35,16000
2026-01-07T00:00:00Z,2108.35,2111.21,2103.93,2108.90,11875
2026-01-07T01:00:00Z,2108.90,2111.55,2102.58,2110.92,9750
2026-01-07T02:00:00Z,2110.92,2118.73,2098.21,2105.36,15500
2026-01-07T03:00:00Z,2105.36,2118.77,2099.47,2110.12,10125
2026-01-07T04:00:00Z,2110.12,2125.17,2108.44,2124.11,7375
2026-01-07T05:00:00Z,2124.11,2131.54,2116.18,2123.39,13500
2026-01-07T06:00:00Z,2123.39,2132.62,2123.18,2127.73,14750
2026-01-07T07:00:00Z,2127.73,2136.35,2127.73,2131.24,16500
2026-01-07T08:00:00Z,2131.24,2134.64,2122.48,2127.15,17625
2026-01-07T09:00:00Z,2127.15,2136.83,2120.77,2128.75,17250
2026-01-07T10:00:00Z,2128.75,2134.16,2127.48,2132.67,10875
2026-01-07T11:00:00Z,2132.67,2133.94,2126.03,2130.50,7250
2026-01-07T12:00:00Z,2130.50,2140.60,2125.39,2133.99,18000
2026-01-07T13:00:00Z,2133.99,2143.28,2129.94,2136.02,14000
2026-01-07T14:00:00Z,2136.02,2152.52,2135.81,2152.09,17000
2026-01-07T15:00:00Z,2152.09,2160.91,2145.89,2146.74,8250
2026-01-07T16:00:00Z,2146.74,2153.69,2146.10,2149.61,15500
2026-01-07T17:00:00Z,2149.61,2154.98,2135.71,2144.28,13000
2026-01-07T18:00:00Z,2144.28,2151.14,2138.31,2140.45,17750
2026-01-07T19:00:00Z,2140.45,2153.93,2137.46,2147.71,9625
2026-01-07T20:00:00Z,2147.71,2154.79,2135.62,2140.75,13750
2026-01-07T21:00:00Z,2140.75,2147.17,2133.24,2139.87,17625
2026-01-07T22:00:00Z,2139.87,2148.21,2124.06,2131.73,17000
2026-01-07T23:00:00Z,2131.73,2145.73,2127.05,2140.60,18250
2026-01-08T00:00:00Z,2140.60,2141.91,2133.76,2141.91,7625
2026-01-08T01:00:00Z,2141.91,2146.83,2132.74,2141.30,15875
2026-01-08T02:00:00Z,2141.30,2148.83,2133.17,2145.19,16750
2026-01-08T03:00:00Z,2145.19,2150.33,2138.36,2142.86,11625
2026-01-08T04:00:00Z,2142.86,2156.18,2136.01,2148.88,14750
2026-01-08T05:00:00Z,2148.88,2152.96,2138.83,2147.41,15375
2026-01-08T06:00:00Z,2147.41,2154.49,2136.74,2137.80,16125
2026-01-08T07:00:00Z,2137.80,2147.21,2132.46,2147.00,15625
2026-01-08T08:00:00Z,2147.00,2160.32,2145.93,2155.37,14750
2026-01-08T09:00:00Z,2155.37,2165.94,2150.20,2158.18,10250
2026-01-08T10:00:00Z,2158.18,2165.51,2151.75,2156.71,7750
2026-01-08T11:00:00Z,2156.71,2159.75,2149.60,2158.89,10500
2026-01-08T12:00:00Z,2158.89,2164.07,2152.66,2158.48,10625
2026-01-08T13:00:00Z,2158.48,2159.80,2149.85,2158.51,17875
2026-01-08T14:00:00Z,2158.51,2170.18,2155.92,2162.40,7875
2026-01-08T15:00:00Z,2162.40,2169.10,2149.10,2153.62,12125
2026-01-08T16:00:00Z,2153.62,2172.76,2145.44,2164.76,7250
2026-01-08T17:00:00Z,2164.76,2165.84,2153.62,2155.56,8500
2026-01-08T18:00:00Z,2155.56,2162.45,2145.71,2153.67,15625
2026-01-08T19:00:00Z,2153.67,2162.51,2150.88,2156.48,11375
2026-01-08T20:00:00Z,2156.48,2160.36,2144.95,2151.40,9625
2026-01-08T21:00:00Z,2151.40,2157.84,2146.24,2155.90,8250
2026-01-08T22:00:00Z,2155.90,2160.42,2146.48,2154.23,9750
2026-01-08T23:00:00Z,2154.23,2162.20,2145.07,2150.01,13875
2026-01-09T00:00:00Z,2150.01,2155.38,2137.83,2144.26,11250
2026-01-09T01:00:00Z,2144.26,2160.87,2139.33,2152.91,15375
2026-01-09T02:00:00Z,2152.91,2162.89,2147.53,2157.07,12250
2026-01-09T03:00:00Z,2157.07,2163.75,2139.49,2147.65,6625
2026-01-09T04:00:00Z,2147.65,2151.51,2138.07,2146.22,16125
2026-01-09T05:00:00Z,2146.22,2153.80,2145.80,2149.72,10000
2026-01-09T06:00:00Z,2149.72,2151.22,2138.22,2142.93,16375
2026-01-09T07:00:00Z,2142.93,2152.19,2135.86,2151.76,18625
2026-01-09T08:00:00Z,2151.76,2153.48,2138.97,2146.69,15750
2026-01-09T09:00:00Z,2146.69,2148.83,2141.20,2143.55,10750
2026-01-09T10:00:00Z,2143.55,2160.10,2136.05,2154.50,15250
2026-01-09T11:00:00Z,2154.50,2167.47,2153.64,2161.64,7250
2026-01-09T12:00:00Z,2161.64,2169.03,2156.24,2165.57,6375
2026-01-09T13:00:00Z,2165.57,2168.60,2153.16,2155.53,15375
2026-01-09T14:00:00Z,2155.53,2169.35,2155.10,2165.02,15875
2026-01-09T15:00:00Z,2165.02,2168.05,2148.52,2155.63,6250
2026-01-09T16:00:00Z,2155.63,2159.72,2149.08,2149.29,17000
2026-01-09T17:00:00Z,2149.29,2151.22,2140.63,2142.98,9875
2026-01-09T18:00:00Z,2142.98,2145.81,2137.20,2144.96,8500
2026-01-09T19:00:00Z,2144.96,2152.03,2138.19,2144.83,12125
2026-01-09T20:00:00Z,2144.83,2144.83,2133.61,2141.31,17250
2026-01-09T21:00:00Z,2141.31,2145.64,2140.67,2144.14,14625
2026-01-09T22:00:00Z,2144.14,2146.06,2137.18,2142.53,7500
2026-01-09T23:00:00Z,2142.53,2148.52,2129.20,2137.96,16750
2026-01-10T00:00:00Z,2137.96,2139.24,2130.64,2132.13,9250
2026-01-10T01:00:00Z,2132.13,2138.73,2124.19,2124.61,8250
2026-01-10T02:00:00Z,2124.61,2130.50,2118.67,2129.23,13500
2026-01-10T03:00:00Z,2129.23,2134.97,2123.00,2123.63,15125
2026-01-10T04:00:00Z,2123.63,2138.67,2120.66,2135.69,14750
2026-01-10T05:00:00Z,2135.69,2150.84,2135.48,2150.41,9250
2026-01-10T06:00:00Z,2150.41,2153.42,2129.32,2137.65,6500
2026-01-10T07:00:00Z,2137.65,2142.78,2125.21,2131.60,15500
2026-01-10T08:00:00Z,2131.60,2136.07,2124.51,2126.63,17375
2026-01-10T09:00:00Z,2126.63,2135.29,2121.11,2128.06,17625
2026-01-10T10:00:00Z,2128.06,2136.74,2121.04,2129.29,17000
2026-01-10T11:00:00Z,2129.29,2131.20,2119.19,2119.40,14125
2026-01-10T12:00:00Z,2119.40,2126.60,2113.41,2119.13,18125
2026-01-10T13:00:00Z,2119.13,2119.72,2113.20,2119.72,14750
2026-01-10T14:00:00Z,2119.72,2128.58,2114.64,2123.28,8625
2026-01-10T15:00:00Z,2123.28,2126.04,2114.27,2115.75,14625
2026-01-10T16:00:00Z,2115.75,2121.87,2115.54,2120.60,9875
2026-01-10T17:00:00Z,2120.60,2125.89,2114.67,2125.89,14000
2026-01-10T18:00:00Z,2125.89,2130.14,2111.80,2119.42,8750
2026-01-10T19:00:00Z,2119.42,2125.77,2109.76,2110.60,16375
2026-01-10T20:00:00Z,2110.60,2122.83,2109.76,2114.80,13500
2026-01-10T21:00:00Z,2114.80,2127.54,2108.88,2126.27,17375
2026-01-10T22:00:00Z,2126.27,2134.32,2123.94,2128.58,14250
2026-01-10T23:00:00Z,2128.58,2137.93,2123.48,2131.54,17875
2026-01-11T00:00:00Z,2131.54,2143.64,2127.92,2134.89,10875
2026-01-11T01:00:00Z,2134.89,2148.30,2132.76,2139.96,16250
2026-01-11T02:00:00Z,2139.96,2143.81,2126.66,2134.77,18625
2026-01-11T03:00:00Z,2134.77,2137.75,2124.28,2130.67,11875
2026-01-11T04:00:00Z,2130.67,2148.28,2128.33,2146.14,11750
2026-01-11T05:00:00Z,2146.14,2148.71,2137.10,2139.02,14500
2026-01-11T06:00:00Z,2139.02,2158.86,2133.25,2150.26,17500
2026-01-11T07:00:00Z,2150.26,2156.06,2136.91,2145.49,12875
2026-01-11T08:00:00Z,2145.49,2153.55,2142.49,2152.05,7250
2026-01-11T09:00:00Z,2152.05,2154.41,2149.42,2150.92,15625
2026-01-11T10:00:00Z,2150.92,2165.23,2150.28,2160.91,14375
2026-01-11T11:00:00Z,2160.91,2163.50,2156.55,2156.98,14500
2026-01-11T12:00:00Z,2156.98,2165.92,2151.38,2164.84,16875
2026-01-11T13:00:00Z,2164.84,2167.22,2152.73,2156.82,16125
2026-01-11T14:00:00Z,2156.82,2163.18,2156.82,2162.32,8250
2026-01-11T15:00:00Z,2162.32,2170.88,2156.27,2166.12,10375
2026-01-11T16:00:00Z,2166.12,2180.53,2161.36,2171.85,9875
2026-01-11T17:00:00Z,2171.85,2179.66,2162.74,2165.33,14250
2026-01-11T18:00:00Z,2165.33,2175.21,2162.95,2167.41,17000
2026-01-11T19:00:00Z,2167.41,2176.61,2166.55,2173.57,9125
2026-01-11T20:00:00Z,2173.57,2176.39,2162.26,2170.07,8500
2026-01-11T21:00:00Z,2170.07,2175.49,2167.65,2168.51,12250
2026-01-11T22:00:00Z,2168.51,2183.11,2167.21,2176.59,12125
2026-01-11T23:00:00Z,2176.59,2179.20,2173.52,2173.95,6500
2026-01-12T00:00:00Z,2173.95,2178.55,2173.52,2178.12,14750
2026-01-12T01:00:00Z,2178.12,2182.73,2174.20,2181.21,10375
2026-01-12T02:00:00Z,2181.21,2199.13,2177.29,2191.03,10750
2026-01-12T03:00:00Z,2191.03,2196.50,2179.29,2182.78,13500
2026-01-12T04:00:00Z,2182.78,2189.78,2182.78,2187.82,15000
2026-01-12T05:00:00Z,2187.82,2195.74,2186.51,2187.87,6875
2026-01-12T06:00:00Z,2187.87,2212.53,2185.91,2204.16,7125
2026-01-12T07:00:00Z,2204.16,2211.65,2197.63,2202.47,18250
2026-01-12T08:00:00Z,2202.47,2209.51,2199.44,2202.30,17375
2026-01-12T09:00:00Z,2202.30,2224.00,2196.14,2214.92,11625
2026-01-12T10:00:00Z,2214.92,2220.62,2209.61,2220.62,12750
2026-01-12T11:00:00Z,2220.62,2228.54,2211.74,2226.32,13875
2026-01-12T12:00:00Z,2226.32,2234.00,2223.65,2232.67,13250
2026-01-12T13:00:00Z,2232.67,2233.33,2223.22,2228.12,8750
2026-01-12T14:00:00Z,2228.12,2247.27,2226.79,2240.33,18125
2026-01-12T15:00:00Z,2240.33,2246.70,2237.42,2246.26,10000
2026-01-12T16:00:00Z,2246.26,2247.38,2236.58,2240.83,14500
2026-01-12T17:00:00Z,2240.83,2251.84,2239.71,2248.70,8625
2026-01-12T18:00:00Z,2248.70,2255.27,2240.38,2255.05,12875
2026-01-12T19:00:00Z,2255.05,2259.34,2252.35,2255.74,13000
2026-01-12T20:00:00Z,2255.74,2268.77,2255.07,2264.92,13125
2026-01-12T21:00:00Z,2264.92,2271.48,2260.07,2262.33,16375
2026-01-12T22:00:00Z,2262.33,2267.54,2255.10,2263.24,13500
2026-01-12T23:00:00Z,2263.24,2267.31,2259.80,2260.25,14625
2026-01-13T00:00:00Z,2260.25,2266.12,2237.08,2244.26,11250
2026-01-13T01:00:00Z,2244.26,2249.92,2237.08,2247.23,10625
2026-01-13T02:00:00Z,2247.23,2253.59,2244.31,2253.14,13375
2026-01-13T03:00:00Z,2253.14,2253.81,2247.35,2252.07,6625
2026-01-13T04:00:00Z,2252.07,2261.07,2240.65,2246.26,10500
2026-01-13T05:00:00Z,2246.26,2250.30,2236.64,2239.77,9750
2026-01-13T06:00:00Z,2239.77,2241.11,2232.65,2237.12,9000
2026-01-13T07:00:00Z,2237.12,2242.04,2233.80,2234.02,9750
2026-01-13T08:00:00Z,2234.02,2249.82,2225.09,2243.54,15500
2026-01-13T09:00:00Z,2243.54,2244.66,2222.69,2231.61,16750
2026-01-13T10:00:00Z,2231.61,2238.52,2217.33,2224.22,7625
2026-01-13T11:00:00Z,2224.22,2231.85,2216.22,2225.62,16375
2026-01-13T12:00:00Z,2225.62,2228.51,2221.41,2222.07,18000
2026-01-13T13:00:00Z,2222.07,2228.06,2220.57,2221.45,13125
2026-01-13T14:00:00Z,2221.45,2234.55,2217.46,2230.09,9750
2026-01-13T15:00:00Z,2230.09,2232.32,2220.52,2226.53,13750
2026-01-13T16:00:00Z,2226.53,2228.97,2216.08,2222.52,16125
2026-01-13T17:00:00Z,2222.52,2227.85,2217.67,2221.00,8375
2026-01-13T18:00:00Z,2221.00,2224.33,2213.04,2218.80,17250
2026-01-13T19:00:00Z,2218.80,2220.13,2207.88,2211.86,11250
2026-01-13T20:00:00Z,2211.86,2213.62,2203.57,2204.01,9875
2026-01-13T21:00:00Z,2204.01,2206.87,2193.37,2198.20,12875
2026-01-13T22:00:00Z,2198.20,2200.26,2192.71,2199.83,14875
2026-01-13T23:00:00Z,2199.83,2208.40,2197.03,2199.44,13125
2026-01-14T00:00:00Z,2199.44,2204.05,2178.45,2187.41,13750
2026-01-14T01:00:00Z,2187.41,2190.75,2179.10,2189.66,12500
2026-01-14T02:00:00Z,2189.66,2189.87,2185.57,2186.22,9750
2026-01-14T03:00:00Z,2186.22,2191.24,2179.08,2181.69,10375
2026-01-14T04:00:00Z,2181.69,2189.32,2157.56,2163.40,8000
2026-01-14T05:00:00Z,2163.40,2163.83,2150.28,2158.69,7875
2026-01-14T06:00:00Z,2158.69,2163.43,2155.72,2156.58,12750
2026-01-14T07:00:00Z,2156.58,2162.61,2147.37,2152.10,8625
2026-01-14T08:00:00Z,2152.10,2170.49,2145.43,2168.76,9750
2026-01-14T09:00:00Z,2168.76,2193.20,2162.04,2184.47,15125
2026-01-14T10:00:00Z,2184.47,2196.58,2183.16,2193.95,8375
2026-01-14T11:00:00Z,2193.95,2208.98,2191.76,2200.40,17625
2026-01-14T12:00:00Z,2200.40,2205.32,2197.32,2203.78,12125
2026-01-14T13:00:00Z,2203.78,2223.54,2198.28,2215.79,9500
2026-01-14T14:00:00Z,2215.79,2223.64,2214.91,2220.98,8625
2026-01-14T15:00:00Z,2220.98,2225.50,2216.99,2223.28,15250
2026-01-14T16:00:00Z,2223.28,2234.28,2215.50,2228.71,17875
2026-01-14T17:00:00Z,2228.71,2234.50,2215.39,2219.38,16125
2026-01-14T18:00:00Z,2219.38,2227.36,2213.67,2214.55,6750
2026-01-14T19:00:00Z,2214.55,2223.18,2202.00,2209.95,17250
2026-01-14T20:00:00Z,2209.95,2218.89,2203.55,2214.47,13750
2026-01-14T21:00:00Z,2214.47,2219.12,2205.44,2207.42,11125
2026-01-14T22:00:00Z,2207.42,2217.02,2201.02,2212.38,11625
2026-01-14T23:00:00Z,2212.38,2231.38,2209.95,2226.49,13750
2026-01-15T00:00:00Z,2226.49,2241.71,2226.49,2233.23,7875
2026-01-15T01:00:00Z,2233.23,2238.58,2225.94,2228.39,16250
2026-01-15T02:00:00Z,2228.39,2231.58,2223.72,2230.02,13250
2026-01-15T03:00:00Z,2230.02,2235.66,2226.90,2231.43,6375
2026-01-15T04:00:00Z,2231.43,2236.11,2224.81,2228.82,15125
2026-01-15T05:00:00Z,2228.82,2232.38,2216.65,2224.21,17125
2026-01-15T06:00:00Z,2224.21,2234.09,2217.99,2228.52,6875
2026-01-15T07:00:00Z,2228.52,2235.20,2215.46,2222.57,12375
2026-01-15T08:00:00Z,2222.57,2224.79,2207.77,2216.63,12375
2026-01-15T09:00:00Z,2216.63,2233.60,2214.20,2225.81,6375
2026-01-15T10:00:00Z,2225.81,2228.70,2222.33,2223.21,9250
2026-01-15T11:00:00Z,2223.21,2231.08,2220.55,2230.42,16750
2026-01-15T12:00:00Z,2230.42,2230.71,2224.85,2230.49,7625
2026-01-15T13:00:00Z,2230.49,2249.37,2226.03,2241.53,12250
2026-01-15T14:00:00Z,2241.53,2246.99,2238.62,2242.51,10875
2026-01-15T15:00:00Z,2242.51,2249.91,2233.60,2235.16,10500
2026-01-15T16:00:00Z,2235.16,2247.57,2227.79,2243.09,13000
2026-01-15T17:00:00Z,2243.09,2247.80,2233.98,2242.72,9750
2026-01-15T18:00:00Z,2242.72,2254.04,2239.36,2246.41,18500
2026-01-15T19:00:00Z,2246.41,2254.60,2245.52,2251.68,13375
2026-01-15T20:00:00Z,2251.68,2252.58,2249.73,2250.63,10750
2026-01-15T21:00:00Z,2250.63,2250.63,2238.07,2239.63,18375
2026-01-15T22:00:00Z,2239.63,2256.36,2235.16,2249.17,8625
2026-01-15T23:00:00Z,2249.17,2249.17,2245.19,2245.86,15625
2026-01-16T00:00:00Z,2245.86,2249.00,2226.87,2233.57,15125
2026-01-16T01:00:00Z,2233.57,2249.74,2233.13,2244.81,10875
2026-01-16T02:00:00Z,2244.81,2250.19,2225.60,2232.74,18500
2026-01-16T03:00:00Z,2232.74,2239.74,2225.15,2237.06,9125
2026-01-16T04:00:00Z,2237.06,2237.50,2233.10,2234.44,15000
2026-01-16T05:00:00Z,2234.44,2239.45,2228.86,2236.32,16875
2026-01-16T06:00:00Z,2236.32,2251.48,2228.50,2247.44,14500
2026-01-16T07:00:00Z,2247.44,2255.08,2239.87,2243.23,14375
2026-01-16T08:00:00Z,2243.23,2250.85,2223.27,2229.28,12125
2026-01-16T09:00:00Z,2229.28,2238.74,2221.48,2230.27,11750
2026-01-16T10:00:00Z,2230.27,2239.41,2222.07,2226.96,15750
2026-01-16T11:00:00Z,2226.96,2231.52,2222.29,2228.41,16625
2026-01-16T12:00:00Z,2228.41,2243.89,2221.73,2243.67,9500
2026-01-16T13:00:00Z,2243.67,2251.74,2231.81,2237.85,18250
2026-01-16T14:00:00Z,2237.85,2251.98,2234.05,2245.25,16875
2026-01-16T15:00:00Z,2245.25,2255.63,2239.42,2253.16,13625
2026-01-16T16:00:00Z,2253.16,2265.89,2250.01,2262.73,10000
2026-01-16T17:00:00Z,2262.73,2267.02,2258.03,2258.03,10500
2026-01-16T18:00:00Z,2258.03,2260.06,2248.81,2252.18,13000
2026-01-16T19:00:00Z,2252.18,2265.99,2251.28,2257.64,12875
2026-01-16T20:00:00Z,2257.64,2263.50,2241.04,2245.30,10750
2026-01-16T21:00:00Z,2245.30,2246.19,2234.97,2239.00,8125
2026-01-16T22:00:00Z,2239.00,2243.92,2230.86,2238.69,15000
2026-01-16T23:00:00Z,2238.69,2246.07,2218.96,2223.40,11375
2026-01-17T00:00:00Z,2223.40,2236.30,2222.29,2228.95,12625
2026-01-17T01:00:00Z,2228.95,2231.84,2218.49,2223.82,18750
2026-01-17T02:00:00Z,2223.82,2225.82,2216.49,2224.71,6875
2026-01-17T03:00:00Z,2224.71,2242.76,2217.37,2234.72,18625
2026-01-17T04:00:00Z,2234.72,2244.11,2232.71,2237.63,6750
2026-01-17T05:00:00Z,2237.63,2241.88,2223.78,2231.14,6250
2026-01-17T06:00:00Z,2231.14,2246.11,2229.58,2241.18,15875
2026-01-17T07:00:00Z,2241.18,2246.11,2235.58,2242.08,15250
2026-01-17T08:00:00Z,2242.08,2247.46,2233.35,2236.92,14125
2026-01-17T09:00:00Z,2236.92,2241.40,2229.77,2241.40,13500
2026-01-17T10:00:00Z,2241.40,2246.33,2240.96,2241.85,7500
2026-01-17T11:00:00Z,2241.85,2249.03,2241.41,2248.59,16875
2026-01-17T12:00:00Z,2248.59,2271.60,2247.92,2263.01,6625
2026-01-17T13:00:00Z,2263.01,2267.08,2249.22,2256.89,12125
2026-01-17T14:00:00Z,2256.89,2263.20,2243.12,2246.26,7250
2026-01-17T15:00:00Z,2246.26,2253.89,2246.04,2246.93,10625
2026-01-17T16:00:00Z,2246.93,2253.24,2244.91,2250.77,14875
2026-01-17T17:00:00Z,2250.77,2260.24,2247.17,2253.26,13375
2026-01-17T18:00:00Z,2253.26,2253.48,2246.28,2249.87,6375
2026-01-17T19:00:00Z,2249.87,2265.22,2244.25,2256.20,12000
2026-01-17T20:00:00Z,2256.20,2268.43,2248.99,2262.10,6625
2026-01-17T21:00:00Z,2262.10,2270.04,2261.43,2268.91,15625
2026-01-17T22:00:00Z,2268.91,2271.63,2255.08,2261.63,10000
2026-01-17T23:00:00Z,2261.63,2269.32,2255.53,2261.64,10750
2026-01-18T00:00:00Z,2261.64,2263.44,2254.07,2256.10,8375
2026-01-18T01:00:00Z,2256.10,2264.44,2247.87,2253.50,12625
2026-01-18T02:00:00Z,2253.50,2258.00,2240.78,2249.77,14000
2026-01-18T03:00:00Z,2249.77,2262.75,2242.35,2256.66,8625
2026-01-18T04:00:00Z,2256.66,2262.75,2233.72,2239.99,15000
2026-01-18T05:00:00Z,2239.99,2250.92,2234.84,2245.98,10875
2026-01-18T06:00:00Z,2245.98,2259.21,2239.70,2253.58,15625
2026-01-18T07:00:00Z,2253.58,2264.12,2253.58,2256.45,14125
2026-01-18T08:00:00Z,2256.45,2256.45,2240.74,2248.61,12250
2026-01-18T09:00:00Z,2248.61,2251.75,2230.45,2238.73,12500
2026-01-18T10:00:00Z,2238.73,2246.34,2229.24,2238.41,13375
2026-01-18T11:00:00Z,2238.41,2241.99,2234.06,2237.19,9625
2026-01-18T12:00:00Z,2237.19,2245.72,2230.71,2243.48,12750
2026-01-18T13:00:00Z,2243.48,2257.03,2234.29,2251.41,11625
2026-01-18T14:00:00Z,2251.41,2254.56,2241.13,2246.07,12875
2026-01-18T15:00:00Z,2246.07,2248.76,2243.26,2243.48,7250
2026-01-18T16:00:00Z,2243.48,2243.48,2237.52,2239.98,7125
2026-01-18T17:00:00Z,2239.98,2248.93,2233.94,2241.31,8000
2026-01-18T18:00:00Z,2241.31,2248.10,2236.83,2245.63,13125
2026-01-18T19:00:00Z,2245.63,2249.69,2238.67,2248.12,9000
2026-01-18T20:00:00Z,2248.12,2249.46,2242.28,2249.24,9625
2026-01-18T21:00:00Z,2249.24,2255.98,2243.44,2244.11,10375
2026-01-18T22:00:00Z,2244.11,2251.08,2240.97,2245.47,7875
2026-01-18T23:00:00Z,2245.47,2258.20,2240.98,2250.33,8000
2026-01-19T00:00:00Z,2250.33,2264.14,2247.18,2257.37,13250
2026-01-19T01:00:00Z,2257.37,2267.60,2255.79,2258.57,13750
2026-01-19T02:00:00Z,2258.57,2258.57,2248.04,2248.26,11750
2026-01-19T03:00:00Z,2248.26,2261.61,2243.99,2257.55,16375
2026-01-19T04:00:00Z,2257.55,2268.23,2255.30,2268.01,6875
2026-01-19T05:00:00Z,2268.01,2281.94,2264.61,2272.85,11375
2026-01-19T06:00:00Z,2272.85,2279.66,2263.85,2269.29,17125
2026-01-19T07:00:00Z,2269.29,2272.69,2258.94,2266.19,11500
2026-01-19T08:00:00Z,2266.19,2270.72,2247.73,2256.98,7875
2026-01-19T09:00:00Z,2256.98,2257.43,2254.80,2256.15,17875
2026-01-19T10:00:00Z,2256.15,2262.91,2250.37,2251.49,18500
2026-01-19T11:00:00Z,2251.49,2258.69,2248.42,2250.89,8500
2026-01-19T12:00:00Z,2250.89,2258.83,2242.57,2252.98,11250
2026-01-19T13:00:00Z,2252.98,2262.52,2248.70,2259.81,8375
2026-01-19T14:00:00Z,2259.81,2281.84,2256.43,2275.70,8375
2026-01-19T15:00:00Z,2275.70,2280.32,2267.51,2280.32,9500
2026-01-19T16:00:00Z,2280.32,2304.38,2275.99,2296.35,8500
2026-01-19T17:00:00Z,2296.35,2300.25,2290.01,2291.61,12500
2026-01-19T18:00:00Z,2291.61,2299.23,2288.64,2299.01,14875
2026-01-19T19:00:00Z,2299.01,2310.35,2292.81,2302.99,11500
2026-01-19T20:00:00Z,2302.99,2305.52,2293.62,2302.60,13875
2026-01-19T21:00:00Z,2302.60,2319.50,2297.54,2313.49,16375
2026-01-19T22:00:00Z,2313.49,2319.27,2302.02,2303.86,14000
2026-01-19T23:00:00Z,2303.86,2309.61,2292.89,2301.86,8625
2026-01-20T00:00:00Z,2301.86,2315.27,2301.63,2305.82,6500
2026-01-20T01:00:00Z,2305.82,2306.51,2303.34,2305.64,14750
2026-01-20T02:00:00Z,2305.64,2319.29,2299.88,2316.05,11750
2026-01-20T03:00:00Z,2316.05,2316.74,2309.16,2315.17,7125
2026-01-20T04:00:00Z,2315.17,2323.50,2305.28,2314.30,10000
2026-01-20T05:00:00Z,2314.30,2317.58,2305.51,2317.35,12750
2026-01-20T06:00:00Z,2317.35,2326.15,2316.02,2316.71,14125
2026-01-20T07:00:00Z,2316.71,2320.92,2308.14,2316.99,12625
2026-01-20T08:00:00Z,2316.99,2319.30,2312.67,2315.21,8125
2026-01-20T09:00:00Z,2315.21,2324.26,2310.58,2320.32,15875
2026-01-20T10:00:00Z,2320.32,2327.28,2312.98,2318.77,14250
2026-01-20T11:00:00Z,2318.77,2324.16,2314.83,2318.83,11000
2026-01-20T12:00:00Z,2318.83,2324.39,2312.41,2318.43,7000
2026-01-20T13:00:00Z,2318.43,2321.90,2302.22,2303.37,9375
2026-01-20T14:00:00Z,2303.37,2309.42,2294.62,2304.59,10500
2026-01-20T15:00:00Z,2304.59,2315.90,2299.29,2309.44,7375
2026-01-20T16:00:00Z,2309.44,2315.24,2304.83,2312.70,7375
2026-01-20T17:00:00Z,2312.70,2322.20,2304.61,2316.65,11375
2026-01-20T18:00:00Z,2316.65,2332.37,2314.11,2324.24,11375
2026-01-20T19:00:00Z,2324.24,2338.85,2322.39,2330.93,6625
2026-01-20T20:00:00Z,2330.93,2337.94,2323.01,2333.28,14500
2026-01-20T21:00:00Z,2333.28,2341.85,2326.75,2339.75,17750
2026-01-20T22:00:00Z,2339.75,2344.66,2324.97,2334.54,10500
2026-01-20T23:00:00Z,2334.54,2349.60,2329.64,2344.21,15500
2026-01-21T00:00:00Z,2344.21,2351.00,2334.28,2337.08,11000
2026-01-21T01:00:00Z,2337.08,2346.55,2331.48,2337.21,8500
2026-01-21T02:00:00Z,2337.21,2339.07,2333.85,2335.71,17625
2026-01-21T03:00:00Z,2335.71,2346.37,2331.28,2345.20,12000
2026-01-21T04:00:00Z,2345.20,2350.97,2337.93,2349.10,16250
2026-01-21T05:00:00Z,2349.10,2360.55,2342.06,2360.32,11750
2026-01-21T06:00:00Z,2360.32,2367.80,2356.31,2366.86,11875
2026-01-21T07:00:00Z,2366.86,2386.25,2362.60,2376.75,16750
2026-01-21T08:00:00Z,2376.75,2389.05,2369.39,2380.01,8000
2026-01-21T09:00:00Z,2380.01,2385.48,2357.52,2361.29,15250
2026-01-21T10:00:00Z,2361.29,2368.13,2342.79,2352.43,12625
2026-01-21T11:00:00Z,2352.43,2361.13,2329.99,2337.70,9500
2026-01-21T12:00:00Z,2337.70,2349.33,2330.22,2342.78,13500
2026-01-21T13:00:00Z,2342.78,2352.38,2328.86,2336.80,16500
2026-01-21T14:00:00Z,2336.80,2350.30,2327.46,2342.11,9375
2026-01-21T15:00:00Z,2342.11,2354.22,2337.43,2345.55,14500
2026-01-21T16:00:00Z,2345.55,2350.71,2340.77,2344.52,16125
2026-01-21T17:00:00Z,2344.52,2357.18,2338.19,2353.18,12875
2026-01-21T18:00:00Z,2353.18,2363.73,2350.60,2359.02,17125
2026-01-21T19:00:00Z,2359.02,2361.61,2345.48,2354.89,14000
2026-01-21T20:00:00Z,2354.89,2356.06,2333.33,2342.93,10625
2026-01-21T21:00:00Z,2342.93,2351.59,2334.15,2339.06,11625
2026-01-21T22:00:00Z,2339.06,2344.43,2319.70,2325.51,8250
2026-01-21T23:00:00Z,2325.51,2343.24,2317.84,2336.94,12625
2026-01-22T00:00:00Z,2336.94,2344.65,2332.75,2335.31,13750
2026-01-22T01:00:00Z,2335.31,2355.65,2333.91,2355.18,16000
2026-01-22T02:00:00Z,2355.18,2362.71,2336.62,2346.00,17375
2026-01-22T03:00:00Z,2346.00,2350.69,2335.71,2344.61,13375
2026-01-22T04:00:00Z,2344.61,2350.96,2342.04,2349.79,10500
2026-01-22T05:00:00Z,2349.79,2355.68,2344.39,2355.68,7375
2026-01-22T06:00:00Z,2355.68,2361.33,2348.87,2354.52,7000
2026-01-22T07:00:00Z,2354.52,2358.75,2336.20,2344.40,10875
2026-01-22T08:00:00Z,2344.40,2352.83,2342.54,2343.94,13500
2026-01-22T09:00:00Z,2343.94,2363.23,2340.19,2359.22,13000
2026-01-22T10:00:00Z,2359.22,2362.29,2353.56,2362.06,8500
2026-01-22T11:00:00Z,2362.06,2370.36,2352.85,2365.16,11500
2026-01-22T12:00:00Z,2365.16,2369.91,2361.14,2365.42,16375
2026-01-22T13:00:00Z,2365.42,2382.74,2362.11,2378.23,8125
2026-01-22T14:00:00Z,2378.23,2383.46,2368.26,2373.24,14000
2026-01-22T15:00:00Z,2373.24,2373.24,2353.79,2358.74,16125
2026-01-22T16:00:00Z,2358.74,2359.44,2349.07,2352.83,7250
2026-01-22T17:00:00Z,2352.83,2362.24,2334.96,2340.57,13625
2026-01-22T18:00:00Z,2340.57,2355.60,2332.15,2352.08,8000
2026-01-22T19:00:00Z,2352.08,2354.66,2341.49,2341.95,6500
2026-01-22T20:00:00Z,2341.95,2355.36,2339.61,2351.84,13375
2026-01-22T21:00:00Z,2351.84,2358.89,2334.68,2343.82,17750
2026-01-22T22:00:00Z,2343.82,2357.72,2336.56,2357.25,14375
2026-01-22T23:00:00Z,2357.25,2357.72,2354.21,2356.80,10375
2026-01-23T00:00:00Z,2356.80,2381.33,2355.63,2375.63,6750
2026-01-23T01:00:00Z,2375.63,2384.87,2369.46,2376.08,12250
2026-01-23T02:00:00Z,2376.08,2376.08,2364.20,2369.88,14375
2026-01-23T03:00:00Z,2369.88,2375.56,2355.22,2357.34,8125
2026-01-23T04:00:00Z,2357.34,2366.76,2347.23,2353.11,16000
2026-01-23T05:00:00Z,2353.11,2354.52,2343.01,2350.29,12000
2026-01-23T06:00:00Z,2350.29,2350.99,2340.46,2347.73,14375
2026-01-23T07:00:00Z,2347.73,2350.78,2344.92,2348.44,10875
2026-01-23T08:00:00Z,2348.44,2353.13,2337.90,2346.58,11125
2026-01-23T09:00:00Z,2346.58,2358.03,2338.84,2355.44,12875
2026-01-23T10:00:00Z,2355.44,2364.14,2354.03,2357.54,14000
2026-01-23T11:00:00Z,2357.54,2363.19,2334.20,2343.80,11250
2026-01-23T12:00:00Z,2343.80,2354.56,2340.76,2348.69,10875
2026-01-23T13:00:00Z,2348.69,2372.00,2348.46,2366.33,12000
2026-01-23T14:00:00Z,2366.33,2367.03,2356.21,2364.24,10000
2026-01-23T15:00:00Z,2364.24,2378.61,2363.54,2369.61,18125
2026-01-23T16:00:00Z,2369.61,2385.08,2369.14,2381.51,15250
2026-01-23T17:00:00Z,2381.51,2384.60,2357.54,2366.29,16250
2026-01-23T18:00:00Z,2366.29,2376.80,2359.43,2374.67,18000
2026-01-23T19:00:00Z,2374.67,2384.16,2373.76,2373.99,14000
2026-01-23T20:00:00Z,2373.99,2375.41,2366.70,2371.91,17000
2026-01-23T21:00:00Z,2371.91,2377.12,2364.61,2370.53,13375
2026-01-23T22:00:00Z,2370.53,2376.45,2357.57,2357.80,7750
2026-01-23T23:00:00Z,2357.80,2358.50,2343.15,2351.85,12875
2026-01-24T00:00:00Z,2351.85,2356.78,2348.37,2348.60,15125
2026-01-24T01:00:00Z,2348.60,2359.70,2348.60,2352.41,8375
2026-01-24T02:00:00Z,2352.41,2356.87,2343.52,2343.98,11750
2026-01-24T03:00:00Z,2343.98,2347.96,2339.82,2343.56,6250
2026-01-24T04:00:00Z,2343.56,2352.93,2332.36,2339.61,10625
2026-01-24T05:00:00Z,2339.61,2343.58,2333.81,2338.25,14625
2026-01-24T06:00:00Z,2338.25,2347.89,2335.92,2341.34,12375
2026-01-24T07:00:00Z,2341.34,2353.56,2333.62,2347.70,8375
2026-01-24T08:00:00Z,2347.70,2348.40,2331.58,2339.53,18625
2026-01-24T09:00:00Z,2339.53,2343.97,2332.79,2335.35,9625
2026-01-24T10:00:00Z,2335.35,2351.54,2332.09,2342.41,9625
2026-01-24T11:00:00Z,2342.41,2345.92,2339.65,2340.82,14750
2026-01-24T12:00:00Z,2340.82,2350.00,2338.25,2343.44,14250
2026-01-24T13:00:00Z,2343.44,2349.35,2341.34,2347.01,18750
2026-01-24T14:00:00Z,2347.01,2355.45,2335.78,2337.18,15375
2026-01-24T15:00:00Z,2337.18,2349.16,2334.61,2340.74,15750
2026-01-24T16:00:00Z,2340.74,2346.12,2331.89,2334.45,11500
2026-01-24T17:00:00Z,2334.45,2334.68,2319.56,2321.41,13750
2026-01-24T18:00:00Z,2321.41,2332.84,2320.95,2326.80,15125
2026-01-24T19:00:00Z,2326.80,2336.10,2319.16,2326.37,18625
2026-01-24T20:00:00Z,2326.37,2331.07,2320.09,2327.58,14250
2026-01-24T21:00:00Z,2327.58,2328.97,2319.24,2327.15,16750
2026-01-24T22:00:00Z,2327.15,2336.04,2326.69,2327.20,12500
2026-01-24T23:00:00Z,2327.20,2335.11,2306.30,2310.69,11375
2026-01-25T00:00:00Z,2310.69,2326.87,2307.92,2318.76,9875
2026-01-25T01:00:00Z,2318.76,2322.70,2307.41,2312.72,16625
2026-01-25T02:00:00Z,2312.72,2318.48,2304.63,2315.71,9000
2026-01-25T03:00:00Z,2315.71,2324.73,2315.25,2317.09,10000
2026-01-25T04:00:00Z,2317.09,2321.49,2305.52,2308.75,17250
2026-01-25T05:00:00Z,2308.75,2311.75,2301.59,2306.66,17125
2026-01-25T06:00:00Z,2306.66,2310.34,2302.28,2307.35,18000
2026-01-25T07:00:00Z,2307.35,2316.81,2297.67,2301.58,10875
2026-01-25T08:00:00Z,2301.58,2308.94,2288.02,2297.20,7250
2026-01-25T09:00:00Z,2297.20,2313.06,2294.68,2303.62,15000
2026-01-25T10:00:00Z,2303.62,2310.30,2296.71,2299.69,17125
2026-01-25T11:00:00Z,2299.69,2316.25,2296.25,2308.18,10625
2026-01-25T12:00:00Z,2308.18,2312.10,2300.34,2309.33,8750
2026-01-25T13:00:00Z,2309.33,2330.79,2305.87,2326.61,13375
2026-01-25T14:00:00Z,2326.61,2331.96,2316.61,2324.51,12375
2026-01-25T15:00:00Z,2324.51,2336.59,2322.19,2331.23,10625
2026-01-25T16:00:00Z,2331.23,2335.63,2328.20,2335.17,9000
2026-01-25T17:00:00Z,2335.17,2356.19,2327.70,2347.98,6750
2026-01-25T18:00:00Z,2347.98,2350.32,2346.56,2347.49,14625
2026-01-25T19:00:00Z,2347.49,2354.76,2336.95,2341.39,15500
2026-01-25T20:00:00Z,2341.39,2350.75,2329.94,2330.87,16625
2026-01-25T21:00:00Z,2330.87,2334.34,2328.54,2333.41,8000
2026-01-25T22:00:00Z,2333.41,2339.69,2328.51,2338.06,15625
2026-01-25T23:00:00Z,2338.06,2357.46,2335.96,2351.82,13875
2026-01-26T00:00:00Z,2351.82,2361.78,2347.36,2357.07,9375
2026-01-26T01:00:00Z,2357.07,2357.30,2349.63,2354.33,11500
2026-01-26T02:00:00Z,2354.33,2368.80,2350.57,2364.31,13500
2026-01-26T03:00:00Z,2364.31,2373.85,2355.57,2370.54,11500
2026-01-26T04:00:00Z,2370.54,2371.72,2361.16,2366.12,12125
2026-01-26T05:00:00Z,2366.12,2374.74,2366.12,2370.00,6500
2026-01-26T06:00:00Z,2370.00,2376.96,2365.50,2371.98,12000
2026-01-26T07:00:00Z,2371.98,2376.01,2362.34,2363.52,14125
2026-01-26T08:00:00Z,2363.52,2370.93,2360.45,2365.26,8375
2026-01-26T09:00:00Z,2365.26,2369.51,2354.23,2363.92,17750
2026-01-26T10:00:00Z,2363.92,2369.12,2353.14,2359.98,8125
2026-01-26T11:00:00Z,2359.98,2368.23,2345.21,2351.08,10500
2026-01-26T12:00:00Z,2351.08,2360.01,2338.70,2341.50,6375
2026-01-26T13:00:00Z,2341.50,2346.88,2329.41,2333.37,8750
2026-01-26T14:00:00Z,2333.37,2335.55,2332.67,2334.62,12125
2026-01-26T15:00:00Z,2334.62,2343.34,2330.89,2336.57,14750
2026-01-26T16:00:00Z,2336.57,2347.66,2330.50,2342.98,9500
2026-01-26T17:00:00Z,2342.98,2347.75,2334.78,2345.18,10250
2026-01-26T18:00:00Z,2345.18,2347.84,2338.38,2346.67,11375
2026-01-26T19:00:00Z,2346.67,2347.37,2340.17,2340.87,6750
2026-01-26T20:00:00Z,2340.87,2361.87,2338.53,2354.11,7000
2026-01-26T21:00:00Z,2354.11,2362.66,2352.94,2355.13,10500
2026-01-26T22:00:00Z,2355.13,2355.83,2348.86,2352.62,10625
2026-01-26T23:00:00Z,2352.62,2368.30,2344.39,2363.81,8125
2026-01-27T00:00:00Z,2363.81,2365.72,2363.11,2365.02,14625
2026-01-27T01:00:00Z,2365.02,2372.16,2359.82,2368.61,17000
2026-01-27T02:00:00Z,2368.61,2374.05,2361.07,2367.46,17125
2026-01-27T03:00:00Z,2367.46,2372.66,2361.35,2363.95,10625
2026-01-27T04:00:00Z,2363.95,2365.13,2355.72,2360.91,7625
2026-01-27T05:00:00Z,2360.91,2361.38,2346.56,2347.02,7125
2026-01-27T06:00:00Z,2347.02,2355.46,2342.83,2344.00,9125
2026-01-27T07:00:00Z,2344.00,2363.03,2334.39,2362.33,8125
2026-01-27T08:00:00Z,2362.33,2371.81,2358.32,2364.49,13125
2026-01-27T09:00:00Z,2364.49,2370.63,2358.15,2362.40,13500
2026-01-27T10:00:00Z,2362.40,2369.01,2345.45,2354.63,17125
2026-01-27T11:00:00Z,2354.63,2358.16,2343.13,2343.59,18375
2026-01-27T12:00:00Z,2343.59,2346.87,2328.42,2335.89,6875
2026-01-27T13:00:00Z,2335.89,2341.52,2332.39,2338.72,10000
2026-01-27T14:00:00Z,2338.72,2347.13,2328.48,2333.84,17125
2026-01-27T15:00:00Z,2333.84,2342.04,2325.44,2334.34,14375
2026-01-27T16:00:00Z,2334.34,2334.80,2319.23,2328.07,17375
2026-01-27T17:00:00Z,2328.07,2336.25,2324.12,2332.29,13625
2026-01-27T18:00:00Z,2332.29,2339.10,2331.83,2337.47,11125
2026-01-27T19:00:00Z,2337.47,2344.51,2330.46,2338.90,8875
2026-01-27T20:00:00Z,2338.90,2343.61,2333.06,2340.34,10375
2026-01-27T21:00:00Z,2340.34,2348.10,2334.03,2342.48,14500
2026-01-27T22:00:00Z,2342.48,2345.56,2333.58,2343.22,6250
2026-01-27T23:00:00Z,2343.22,2354.05,2341.12,2346.55,8000
2026-01-28T00:00:00Z,2346.55,2346.55,2329.26,2337.44,17375
2026-01-28T01:00:00Z,2337.44,2341.64,2325.33,2333.26,17875
2026-01-28T02:00:00Z,2333.26,2338.62,2320.71,2325.59,10375
2026-01-28T03:00:00Z,2325.59,2325.82,2315.16,2322.82,7375
2026-01-28T04:00:00Z,2322.82,2332.11,2308.43,2310.04,11000
2026-01-28T05:00:00Z,2310.04,2314.89,2297.59,2305.19,9625
2026-01-28T06:00:00Z,2305.19,2317.93,2304.04,2316.08,15375
2026-01-28T07:00:00Z,2316.08,2327.74,2310.76,2324.26,9125
2026-01-28T08:00:00Z,2324.26,2333.63,2322.41,2331.07,9625
2026-01-28T09:00:00Z,2331.07,2335.96,2320.39,2327.60,11875
2026-01-28T10:00:00Z,2327.60,2335.28,2315.76,2323.42,10375
2026-01-28T11:00:00Z,2323.42,2329.22,2313.66,2315.97,17750
2026-01-28T12:00:00Z,2315.97,2317.16,2309.72,2316.47,10500
2026-01-28T13:00:00Z,2316.47,2339.38,2314.62,2330.99,7875
2026-01-28T14:00:00Z,2330.99,2339.61,2327.31,2330.57,16125
2026-01-28T15:00:00Z,2330.57,2352.22,2325.45,2342.62,14125
2026-01-28T16:00:00Z,2342.62,2347.07,2330.13,2330.13,9250
2026-01-28T17:00:00Z,2330.13,2338.37,2322.45,2333.24,16000
2026-01-28T18:00:00Z,2333.24,2340.70,2317.14,2326.44,6875
2026-01-28T19:00:00Z,2326.44,2328.76,2308.93,2314.48,17375
2026-01-28T20:00:00Z,2314.48,2321.19,2293.33,2301.38,18250
2026-01-28T21:00:00Z,2301.38,2303.45,2286.17,2295.12,9375
2026-01-28T22:00:00Z,2295.12,2303.38,2291.20,2291.65,10875
2026-01-28T23:00:00Z,2291.65,2305.79,2286.16,2298.44,15500
2026-01-29T00:00:00Z,2298.44,2308.52,2298.44,2301.39,8000
2026-01-29T01:00:00Z,2301.39,2320.02,2295.64,2311.70,8000
2026-01-29T02:00:00Z,2311.70,2319.32,2308.66,2310.27,16125
2026-01-29T03:00:00Z,2310.27,2318.35,2299.39,2308.39,9250
2026-01-29T04:00:00Z,2308.39,2311.57,2306.09,2309.50,6500
2026-01-29T05:00:00Z,2309.50,2317.31,2306.04,2313.38,16750
2026-01-29T06:00:00Z,2313.38,2322.40,2308.05,2308.05,14000
2026-01-29T07:00:00Z,2308.05,2317.69,2301.13,2314.45,12250
2026-01-29T08:00:00Z,2314.45,2323.70,2306.14,2306.14,15875
2026-01-29T09:00:00Z,2306.14,2310.06,2292.10,2301.53,15500
2026-01-29T10:00:00Z,2301.53,2310.73,2281.41,2286.21,18750
2026-01-29T11:00:00Z,2286.21,2288.95,2275.29,2280.76,13125
2026-01-29T12:00:00Z,2280.76,2280.98,2269.62,2278.50,12500
2026-01-29T13:00:00Z,2278.50,2283.95,2271.44,2280.08,14375
2026-01-29T14:00:00Z,2280.08,2285.97,2270.96,2283.46,7750
2026-01-29T15:00:00Z,2283.46,2286.20,2276.25,2276.47,7625
2026-01-29T16:00:00Z,2276.47,2280.31,2274.65,2278.72,6250
2026-01-29T17:00:00Z,2278.72,2284.86,2272.80,2280.08,13250
2026-01-29T18:00:00Z,2280.08,2285.55,2275.76,2279.86,10750
2026-01-29T19:00:00Z,2279.86,2281.22,2262.99,2266.84,15500
2026-01-29T20:00:00Z,2266.84,2286.66,2261.40,2278.01,11625
2026-01-29T21:00:00Z,2278.01,2299.84,2268.68,2295.94,15875
2026-01-29T22:00:00Z,2295.94,2298.92,2286.12,2293.91,17500
2026-01-29T23:00:00Z,2293.91,2300.10,2278.48,2286.48,13500
2026-01-30T00:00:00Z,2286.48,2298.99,2284.20,2293.26,7750
2026-01-30T01:00:00Z,2293.26,2309.69,2291.89,2303.48,13250
2026-01-30T02:00:00Z,2303.48,2307.99,2297.96,2307.07,7375
2026-01-30T03:00:00Z,2307.07,2316.65,2300.15,2312.72,15125
2026-01-30T04:00:00Z,2312.72,2319.42,2303.64,2310.10,9625
2026-01-30T05:00:00Z,2310.10,2317.61,2307.56,2313.45,13625
2026-01-30T06:00:00Z,2313.45,2316.68,2296.10,2303.93,16250
2026-01-30T07:00:00Z,2303.93,2303.93,2293.52,2301.57,16500
2026-01-30T08:00:00Z,2301.57,2303.87,2281.86,2288.72,9250
2026-01-30T09:00:00Z,2288.72,2300.50,2284.38,2297.29,13750
2026-01-30T10:00:00Z,2297.29,2300.27,2281.31,2283.59,12750
2026-01-30T11:00:00Z,2283.59,2302.87,2277.89,2294.61,13000
2026-01-30T12:00:00Z,2294.61,2303.55,2277.08,2282.32,10250
2026-01-30T13:00:00Z,2282.32,2285.97,2280.91,2282.05,9250
2026-01-30T14:00:00Z,2282.05,2296.98,2272.93,2290.34,12000
2026-01-30T15:00:00Z,2290.34,2293.68,2289.89,2293.00,8250
2026-01-30T16:00:00Z,2293.00,2301.86,2291.17,2295.90,8000
2026-01-30T17:00:00Z,2295.90,2300.61,2295.22,2299.01,13500
2026-01-30T18:00:00Z,2299.01,2306.59,2287.14,2293.33,13250
2026-01-30T19:00:00Z,2293.33,2301.81,2286.78,2287.69,6875
2026-01-30T20:00:00Z,2287.69,2293.86,2276.35,2282.74,15000
2026-01-30T21:00:00Z,2282.74,2289.03,2281.60,2286.75,7125
2026-01-30T22:00:00Z,2286.75,2288.80,2269.40,2276.68,9875
2026-01-30T23:00:00Z,2276.68,2278.50,2262.53,2270.47,12875
2026-01-31T00:00:00Z,2270.47,2279.91,2267.98,2275.14,12750
2026-01-31T01:00:00Z,2275.14,2291.68,2273.55,2282.33,10750
2026-01-31T02:00:00Z,2282.33,2284.06,2281.88,2282.92,17500
2026-01-31T03:00:00Z,2282.92,2304.13,2282.47,2296.10,6625
2026-01-31T04:00:00Z,2296.10,2301.77,2289.45,2300.62,12375
2026-01-31T05:00:00Z,2300.62,2307.98,2289.04,2296.15,9750
2026-01-31T06:00:00Z,2296.15,2302.34,2277.00,2282.93,17000
2026-01-31T07:00:00Z,2282.93,2294.06,2280.65,2286.06,11250
2026-01-31T08:00:00Z,2286.06,2286.97,2277.97,2282.53,18500
2026-01-31T09:00:00Z,2282.53,2290.06,2271.91,2273.72,17000
2026-01-31T10:00:00Z,2273.72,2287.31,2273.72,2278.66,12375
2026-01-31T11:00:00Z,2278.66,2282.30,2265.58,2273.53,9875
2026-01-31T12:00:00Z,2273.53,2273.98,2265.23,2268.40,8125
2026-01-31T13:00:00Z,2268.40,2274.07,2257.84,2262.13,8875
2026-01-31T14:00:00Z,2262.13,2268.23,2247.44,2247.88,11250
2026-01-31T15:00:00Z,2247.88,2256.19,2238.76,2242.34,8500
2026-01-31T16:00:00Z,2242.34,2252.88,2237.41,2252.43,18125
2026-01-31T17:00:00Z,2252.43,2256.93,2238.02,2239.81,10125
2026-01-31T18:00:00Z,2239.81,2240.70,2234.75,2237.21,7625
2026-01-31T19:00:00Z,2237.21,2243.47,2225.46,2233.72,13125
2026-01-31T20:00:00Z,2233.72,2253.90,2227.92,2244.70,8125
2026-01-31T21:00:00Z,2244.70,2250.76,2230.82,2236.18,17500
2026-01-31T22:00:00Z,2236.18,2239.98,2219.90,2228.36,12875
2026-01-31T23:00:00Z,2228.36,2244.21,2225.25,2235.27,13750
2026-02-01T00:00:00Z,2235.27,2245.08,2230.36,2238.15,16875
2026-02-01T01:00:00Z,2238.15,2244.41,2230.97,2237.68,17375
2026-02-01T02:00:00Z,2237.68,2246.17,2230.75,2238.34,14250
2026-02-01T03:00:00Z,2238.34,2246.84,2233.62,2234.06,7750
2026-02-01T04:00:00Z,2234.06,2234.50,2231.14,2232.47,7875
2026-02-01T05:00:00Z,2232.47,2235.81,2225.29,2225.95,14000
2026-02-01T06:00:00Z,2225.95,2238.44,2221.95,2229.97,14000
2026-02-01T07:00:00Z,2229.97,2233.09,2221.42,2221.86,14625
2026-02-01T08:00:00Z,2221.86,2227.19,2208.05,2216.91,13625
2026-02-01T09:00:00Z,2216.91,2226.45,2210.04,2219.13,15875
2026-02-01T10:00:00Z,2219.13,2221.12,2205.51,2211.92,10750
2026-02-01T11:00:00Z,2211.92,2217.48,2204.85,2214.83,13375
2026-02-01T12:00:00Z,2214.83,2217.26,2203.49,2211.22,10375
2026-02-01T13:00:00Z,2211.22,2220.75,2210.12,2213.01,13000
2026-02-01T14:00:00Z,2213.01,2223.09,2208.81,2219.10,15750
2026-02-01T15:00:00Z,2219.10,2227.75,2196.22,2203.49,6625
2026-02-01T16:00:00Z,2203.49,2207.29,2195.12,2206.63,18000
2026-02-01T17:00:00Z,2206.63,2209.93,2191.03,2197.84,14500
2026-02-01T18:00:00Z,2197.84,2208.26,2197.19,2201.88,6250
2026-02-01T19:00:00Z,2201.88,2210.24,2188.72,2193.98,7000
2026-02-01T20:00:00Z,2193.98,2197.05,2176.42,2183.62,10375
2026-02-01T21:00:00Z,2183.62,2200.76,2181.88,2195.50,8875
2026-02-01T22:00:00Z,2195.50,2207.30,2191.77,2200.70,8000
2026-02-01T23:00:00Z,2200.70,2207.52,2192.36,2192.79,8250
2026-02-02T00:00:00Z,2192.79,2195.20,2170.25,2178.74,15375
2026-02-02T01:00:00Z,2178.74,2185.47,2177.44,2184.16,11125
2026-02-02T02:00:00Z,2184.16,2194.85,2182.42,2190.04,10625
2026-02-02T03:00:00Z,2190.04,2194.18,2186.32,2193.97,13000
2026-02-02T04:00:00Z,2193.97,2197.69,2193.30,2193.30,9125
2026-02-02T05:00:00Z,2193.30,2197.90,2189.79,2192.85,13875
2026-02-02T06:00:00Z,2192.85,2195.48,2177.22,2178.74,13750
2026-02-02T07:00:00Z,2178.74,2185.71,2172.61,2173.69,12875
2026-02-02T08:00:00Z,2173.69,2181.08,2167.55,2168.63,18750
2026-02-02T09:00:00Z,2168.63,2170.79,2163.60,2164.89,14125
2026-02-02T10:00:00Z,2164.89,2167.92,2159.42,2160.93,12125
2026-02-02T11:00:00Z,2160.93,2168.70,2152.94,2163.08,8875
2026-02-02T12:00:00Z,2163.08,2163.51,2155.02,2158.90,14125
2026-02-02T13:00:00Z,2158.90,2174.32,2156.10,2167.82,7125
2026-02-02T14:00:00Z,2167.82,2180.65,2161.10,2172.62,12500
2026-02-02T15:00:00Z,2172.62,2186.19,2172.62,2179.87,16250
2026-02-02T16:00:00Z,2179.87,2184.66,2164.30,2170.37,8500
2026-02-02T17:00:00Z,2170.37,2177.31,2158.77,2163.31,7250
2026-02-02T18:00:00Z,2163.31,2172.64,2156.83,2165.93,18000
2026-02-02T19:00:00Z,2165.93,2169.39,2158.26,2160.42,10375
2026-02-02T20:00:00Z,2160.42,2163.44,2148.17,2151.18,8375
2026-02-02T21:00:00Z,2151.18,2162.62,2142.58,2154.22,7000
2026-02-02T22:00:00Z,2154.22,2162.87,2149.27,2157.05,10250
2026-02-02T23:00:00Z,2157.05,2165.92,2155.55,2159.02,14375
2026-02-03T00:00:00Z,2159.02,2163.74,2151.90,2159.64,11625
2026-02-03T01:00:00Z,2159.64,2172.78,2152.95,2169.75,11625
2026-02-03T02:00:00Z,2169.75,2183.57,2166.50,2183.14,9125
2026-02-03T03:00:00Z,2183.14,2195.73,2180.96,2192.67,8000
2026-02-03T04:00:00Z,2192.67,2199.24,2179.51,2187.16,10625
2026-02-03T05:00:00Z,2187.16,2192.79,2184.76,2191.04,16500
2026-02-03T06:00:00Z,2191.04,2196.95,2176.42,2178.38,18125
2026-02-03T07:00:00Z,2178.38,2192.63,2171.41,2190.23,16125
2026-02-03T08:00:00Z,2190.23,2193.73,2186.07,2186.94,6250
2026-02-03T09:00:00Z,2186.94,2187.81,2179.70,2186.69,17750
2026-02-03T10:00:00Z,2186.69,2196.26,2185.16,2188.17,13750
2026-02-03T11:00:00Z,2188.17,2188.17,2173.88,2176.92,6750
2026-02-03T12:00:00Z,2176.92,2194.64,2170.18,2187.43,9000
2026-02-03T13:00:00Z,2187.43,2199.36,2183.06,2193.44,8500
2026-02-03T14:00:00Z,2193.44,2206.51,2187.30,2198.38,12875
2026-02-03T15:00:00Z,2198.38,2212.09,2193.77,2205.48,9125
2026-02-03T16:00:00Z,2205.48,2207.46,2194.58,2197.87,7125
2026-02-03T17:00:00Z,2197.87,2204.02,2186.84,2189.24,15500
2026-02-03T18:00:00Z,2189.24,2197.95,2185.09,2191.16,15375
2026-02-03T19:00:00Z,2191.16,2191.37,2181.68,2184.08,17625
2026-02-03T20:00:00Z,2184.08,2191.94,2177.02,2178.54,16375
2026-02-03T21:00:00Z,2178.54,2192.25,2169.83,2188.97,17875
2026-02-03T22:00:00Z,2188.97,2195.75,2177.88,2178.53,9750
2026-02-03T23:00:00Z,2178.53,2183.54,2172.18,2173.48,10250
2026-02-04T00:00:00Z,2173.48,2179.22,2167.83,2176.40,7125
2026-02-04T01:00:00Z,2176.40,2180.97,2161.05,2162.56,12500
2026-02-04T02:00:00Z,2162.56,2174.35,2159.54,2166.99,17875
2026-02-04T03:00:00Z,2166.99,2172.51,2163.96,2167.31,14000
2026-02-04T04:00:00Z,2167.31,2170.34,2161.13,2165.02,10250
2026-02-04T05:00:00Z,2165.02,2181.90,2164.59,2173.21,17000
2026-02-04T06:00:00Z,2173.21,2174.73,2161.52,2162.81,18125
2026-02-04T07:00:00Z,2162.81,2166.91,2145.76,2152.43,13750
2026-02-04T08:00:00Z,2152.43,2156.73,2138.47,2144.47,10000
2026-02-04T09:00:00Z,2144.47,2164.14,2142.54,2161.12,16125
2026-02-04T10:00:00Z,2161.12,2169.05,2152.48,2161.92,7750
2026-02-04T11:00:00Z,2161.92,2173.20,2157.60,2167.57,7125
2026-02-04T12:00:00Z,2167.57,2174.93,2151.29,2157.33,11500
2026-02-04T13:00:00Z,2157.33,2158.40,2145.76,2153.51,12000
2026-02-04T14:00:00Z,2153.51,2154.37,2130.27,2136.03,13000
2026-02-04T15:00:00Z,2136.03,2152.48,2135.61,2147.33,8250
2026-02-04T16:00:00Z,2147.33,2160.83,2140.68,2156.52,10000
2026-02-04T17:00:00Z,2156.52,2167.60,2153.29,2160.91,15375
2026-02-04T18:00:00Z,2160.91,2179.79,2157.89,2170.89,13875
2026-02-04T19:00:00Z,2170.89,2178.27,2150.99,2157.89,12500
2026-02-04T20:00:00Z,2157.89,2158.32,2146.54,2147.61,14875
2026-02-04T21:00:00Z,2147.61,2150.18,2137.03,2140.24,7750
2026-02-04T22:00:00Z,2140.24,2143.45,2128.51,2135.98,13125
2026-02-04T23:00:00Z,2135.98,2140.25,2126.00,2132.61,9500
2026-02-05T00:00:00Z,2132.61,2132.61,2123.06,2129.44,15000
2026-02-05T01:00:00Z,2129.44,2138.42,2120.71,2131.82,12500
2026-02-05T02:00:00Z,2131.82,2133.09,2123.78,2127.39,10000
2026-02-05T03:00:00Z,2127.39,2133.82,2119.52,2128.50,9625
2026-02-05T04:00:00Z,2128.50,2135.09,2124.71,2124.71,17250
2026-02-05T05:00:00Z,2124.71,2131.55,2124.29,2124.97,18500
2026-02-05T06:00:00Z,2124.97,2136.50,2119.24,2127.99,14000
2026-02-05T07:00:00Z,2127.99,2135.22,2117.20,2120.38,14500
2026-02-05T08:00:00Z,2120.38,2128.68,2120.17,2128.26,15125
2026-02-05T09:00:00Z,2128.26,2134.64,2123.42,2126.18,15125
2026-02-05T10:00:00Z,2126.18,2136.00,2120.02,2133.66,15750
2026-02-05T11:00:00Z,2133.66,2153.35,2129.18,2144.78,14750
2026-02-05T12:00:00Z,2144.78,2154.91,2142.85,2147.61,10250
2026-02-05T13:00:00Z,2147.61,2149.75,2136.94,2140.79,16750
2026-02-05T14:00:00Z,2140.79,2141.64,2129.73,2130.79,8750
2026-02-05T15:00:00Z,2130.79,2141.26,2128.66,2138.06,9500
2026-02-05T16:00:00Z,2138.06,2143.40,2135.11,2135.11,9000
2026-02-05T17:00:00Z,2135.11,2139.59,2127.28,2127.91,8750
2026-02-05T18:00:00Z,2127.91,2138.80,2126.43,2131.56,16250
2026-02-05T19:00:00Z,2131.56,2138.38,2116.73,2123.52,7750
2026-02-05T20:00:00Z,2123.52,2143.75,2120.55,2136.70,17750
2026-02-05T21:00:00Z,2136.70,2141.61,2129.50,2134.40,16500
2026-02-05T22:00:00Z,2134.40,2140.58,2116.79,2122.52,12375
2026-02-05T23:00:00Z,2122.52,2128.67,2119.82,2120.24,12875
2026-02-06T00:00:00Z,2120.24,2129.68,2120.03,2125.01,11875
2026-02-06T01:00:00Z,2125.01,2131.91,2120.98,2127.45,15250
2026-02-06T02:00:00Z,2127.45,2144.35,2125.54,2142.00,15625
2026-02-06T03:00:00Z,2142.00,2152.39,2139.65,2148.74,12000
2026-02-06T04:00:00Z,2148.74,2163.85,2145.09,2162.13,18000
2026-02-06T05:00:00Z,2162.13,2172.59,2153.27,2163.94,13500
2026-02-06T06:00:00Z,2163.94,2171.38,2162.43,2164.89,10000
2026-02-06T07:00:00Z,2164.89,2176.24,2157.32,2168.65,16500
2026-02-06T08:00:00Z,2168.65,2178.06,2161.93,2170.25,7375
2026-02-06T09:00:00Z,2170.25,2176.54,2156.50,2164.72,13875
2026-02-06T10:00:00Z,2164.72,2173.25,2158.23,2165.24,12375
2026-02-06T11:00:00Z,2165.24,2167.50,2157.45,2166.42,18375
2026-02-06T12:00:00Z,2166.42,2184.45,2165.78,2176.84,13750
2026-02-06T13:00:00Z,2176.84,2179.88,2169.57,2172.17,16750
2026-02-06T14:00:00Z,2172.17,2180.64,2166.86,2169.89,11000
2026-02-06T15:00:00Z,2169.89,2183.83,2162.08,2177.95,16375
2026-02-06T16:00:00Z,2177.95,2186.22,2162.89,2170.48,12750
2026-02-06T17:00:00Z,2170.48,2179.00,2168.75,2174.87,16750
2026-02-06T18:00:00Z,2174.87,2180.56,2173.14,2180.13,10125
2026-02-06T19:00:00Z,2180.13,2182.96,2169.85,2173.54,16750
2026-02-06T20:00:00Z,2173.54,2177.09,2168.76,2174.27,14750
2026-02-06T21:00:00Z,2174.27,2179.32,2166.45,2177.80,12500
2026-02-06T22:00:00Z,2177.80,2195.81,2173.01,2192.09,17875
2026-02-06T23:00:00Z,2192.09,2193.84,2188.51,2188.72,6500
2026-02-07T00:00:00Z,2188.72,2191.56,2180.21,2182.39,14250
2026-02-07T01:00:00Z,2182.39,2195.51,2182.39,2194.20,14750
2026-02-07T02:00:00Z,2194.20,2200.12,2192.48,2192.69,15625
2026-02-07T03:00:00Z,2192.69,2197.31,2187.43,2194.68,10625
2026-02-07T04:00:00Z,2194.68,2200.84,2193.37,2199.97,7000
2026-02-07T05:00:00Z,2199.97,2207.44,2191.42,2196.03,11125
2026-02-07T06:00:00Z,2196.03,2197.35,2190.33,2196.70,8750
2026-02-07T07:00:00Z,2196.70,2205.08,2194.29,2204.64,10500
2026-02-07T08:00:00Z,2204.64,2205.77,2198.25,2205.11,18000
2026-02-07T09:00:00Z,2205.11,2212.19,2198.94,2210.21,12500
2026-02-07T10:00:00Z,2210.21,2218.60,2193.90,2202.26,8250
2026-02-07T11:00:00Z,2202.26,2204.24,2179.87,2187.96,7250
2026-02-07T12:00:00Z,2187.96,2194.52,2181.43,2186.45,15000
2026-02-07T13:00:00Z,2186.45,2195.65,2179.02,2190.40,11250
2026-02-07T14:00:00Z,2190.40,2204.47,2183.18,2201.39,13625
2026-02-07T15:00:00Z,2201.39,2201.61,2195.92,2197.01,17250
2026-02-07T16:00:00Z,2197.01,2210.24,2190.64,2210.02,11000
2026-02-07T17:00:00Z,2210.02,2215.56,2207.15,2214.24,13750
2026-02-07T18:00:00Z,2214.24,2220.43,2198.98,2199.85,16500
2026-02-07T19:00:00Z,2199.85,2206.22,2193.28,2196.57,13125
2026-02-07T20:00:00Z,2196.57,2211.78,2188.45,2205.39,16500
2026-02-07T21:00:00Z,2205.39,2216.46,2199.44,2208.95,9250
2026-02-07T22:00:00Z,2208.95,2208.95,2193.09,2201.89,12375
2026-02-07T23:00:00Z,2201.89,2202.11,2187.39,2192.87,14000
2026-02-08T00:00:00Z,2192.87,2197.03,2184.21,2192.32,12250
2026-02-08T01:00:00Z,2192.32,2197.36,2187.40,2192.00,16375
2026-02-08T02:00:00Z,2192.00,2195.50,2185.10,2188.82,8625
2026-02-08T03:00:00Z,2188.82,2197.91,2183.79,2192.00,9375
2026-02-08T04:00:00Z,2192.00,2211.67,2187.40,2202.64,12250
2026-02-08T05:00:00Z,2202.64,2209.90,2188.68,2191.96,6875
2026-02-08T06:00:00Z,2191.96,2194.37,2189.89,2190.10,16750
2026-02-08T07:00:00Z,2190.10,2193.06,2190.10,2191.09,10875
2026-02-08T08:00:00Z,2191.09,2201.73,2190.00,2194.71,12625
2026-02-08T09:00:00Z,2194.71,2202.95,2193.40,2198.78,7750
2026-02-08T10:00:00Z,2198.78,2200.21,2192.19,2199.12,18500
2026-02-08T11:00:00Z,2199.12,2200.33,2192.75,2199.46,9875
2026-02-08T12:00:00Z,2199.46,2207.94,2190.45,2203.10,11875
2026-02-08T13:00:00Z,2203.10,2208.96,2196.72,2208.96,16000
2026-02-08T14:00:00Z,2208.96,2209.84,2199.14,2206.42,7625
2026-02-08T15:00:00Z,2206.42,2209.28,2194.19,2203.00,12125
2026-02-08T16:00:00Z,2203.00,2219.91,2201.02,2212.83,18375
2026-02-08T17:00:00Z,2212.83,2214.82,2200.34,2206.29,13750
2026-02-08T18:00:00Z,2206.29,2207.83,2204.42,2205.08,6750
2026-02-08T19:00:00Z,2205.08,2208.51,2202.22,2207.41,18000
2026-02-08T20:00:00Z,2207.41,2233.69,2203.00,2225.02,17625
2026-02-08T21:00:00Z,2225.02,2228.35,2203.80,2212.20,7875
2026-02-08T22:00:00Z,2212.20,2223.63,2203.58,2218.75,11625
2026-02-08T23:00:00Z,2218.75,2234.00,2210.99,2225.10,12500
2026-02-09T00:00:00Z,2225.10,2225.10,2216.15,2216.37,9750
2026-02-09T01:00:00Z,2216.37,2224.09,2212.61,2218.99,17500
2026-02-09T02:00:00Z,2218.99,2224.04,2217.00,2219.38,10125
2026-02-09T03:00:00Z,2219.38,2238.03,2215.39,2230.01,10250
2026-02-09T04:00:00Z,2230.01,2234.24,2220.84,2225.73,15750
2026-02-09T05:00:00Z,2225.73,2235.72,2219.50,2228.59,17000
2026-02-09T06:00:00Z,2228.59,2235.48,2221.46,2233.25,7875
2026-02-09T07:00:00Z,2233.25,2234.14,2222.46,2222.68,7750
2026-02-09T08:00:00Z,2222.68,2237.37,2214.68,2235.59,17750
2026-02-09T09:00:00Z,2235.59,2240.73,2226.18,2232.87,12125
2026-02-09T10:00:00Z,2232.87,2242.49,2230.87,2240.70,11375
2026-02-09T11:00:00Z,2240.70,2248.31,2229.25,2237.75,18500
2026-02-09T12:00:00Z,2237.75,2242.67,2234.58,2235.02,16500
2026-02-09T13:00:00Z,2235.02,2245.06,2227.20,2237.46,7375
2026-02-09T14:00:00Z,2237.46,2242.15,2232.52,2236.76,11250
2026-02-09T15:00:00Z,2236.76,2244.35,2229.38,2237.64,17875
2026-02-09T16:00:00Z,2237.64,2244.34,2236.08,2239.64,16500
2026-02-09T17:00:00Z,2239.64,2242.77,2229.77,2238.27,11250
2026-02-09T18:00:00Z,2238.27,2242.07,2224.33,2231.91,13250
2026-02-09T19:00:00Z,2231.91,2245.40,2228.12,2240.70,6625
2026-02-09T20:00:00Z,2240.70,2245.62,2234.61,2237.96,13375
2026-02-09T21:00:00Z,2237.96,2257.17,2231.25,2252.67,14375
2026-02-09T22:00:00Z,2252.67,2257.85,2246.97,2247.19,6250
2026-02-09T23:00:00Z,2247.19,2256.72,2238.66,2254.02,9375
2026-02-10T00:00:00Z,2254.02,2263.75,2249.07,2256.53,8000
2026-02-10T01:00:00Z,2256.53,2259.50,2253.15,2257.25,9625
2026-02-10T02:00:00Z,2257.25,2271.77,2251.84,2264.53,11875
2026-02-10T03:00:00Z,2264.53,2273.58,2252.57,2257.31,15500
2026-02-10T04:00:00Z,2257.31,2259.34,2251.27,2256.23,9125
2026-02-10T05:00:00Z,2256.23,2260.51,2240.03,2249.25,6500
2026-02-10T06:00:00Z,2249.25,2255.99,2243.19,2243.41,9375
2026-02-10T07:00:00Z,2243.41,2251.93,2242.55,2242.55,18375
2026-02-10T08:00:00Z,2242.55,2246.36,2239.01,2242.37,13125
2026-02-10T09:00:00Z,2242.37,2245.50,2234.56,2241.28,15125
2026-02-10T10:00:00Z,2241.28,2254.92,2238.15,2254.47,11875
2026-02-10T11:00:00Z,2254.47,2255.82,2241.62,2247.01,15500
2026-02-10T12:00:00Z,2247.01,2254.42,2237.33,2240.01,13500
2026-02-10T13:00:00Z,2240.01,2264.53,2240.01,2256.19,6250
2026-02-10T14:00:00Z,2256.19,2263.96,2247.17,2257.87,11375
2026-02-10T15:00:00Z,2257.87,2271.44,2249.52,2267.36,11500
2026-02-10T16:00:00Z,2267.36,2274.31,2267.14,2271.14,16375
2026-02-10T17:00:00Z,2271.14,2280.22,2263.29,2271.01,16750
2026-02-10T18:00:00Z,2271.01,2279.41,2269.73,2269.95,8375
2026-02-10T19:00:00Z,2269.95,2276.98,2259.33,2266.12,12500
2026-02-10T20:00:00Z,2266.12,2273.27,2257.97,2267.38,16000
2026-02-10T21:00:00Z,2267.38,2275.79,2258.09,2273.98,10875
2026-02-10T22:00:00Z,2273.98,2279.55,2266.94,2274.10,7000
2026-02-10T23:00:00Z,2274.10,2282.74,2266.85,2270.02,6875
2026-02-11T00:00:00Z,2270.02,2273.19,2256.74,2266.03,16125
2026-02-11T01:00:00Z,2266.03,2285.42,2263.54,2276.77,6500
2026-02-11T02:00:00Z,2276.77,2282.00,2272.12,2274.84,13125
2026-02-11T03:00:00Z,2274.84,2278.93,2266.33,2273.14,15875
2026-02-11T04:00:00Z,2273.14,2284.35,2266.10,2281.39,10625
2026-02-11T05:00:00Z,2281.39,2288.29,2273.18,2288.29,6250
2026-02-11T06:00:00Z,2288.29,2296.33,2288.07,2295.19,6500
2026-02-11T07:00:00Z,2295.19,2305.06,2292.44,2304.60,16125
2026-02-11T08:00:00Z,2304.60,2320.69,2298.84,2315.60,8250
2026-02-11T09:00:00Z,2315.60,2328.58,2312.83,2320.93,9500
2026-02-11T10:00:00Z,2320.93,2324.87,2306.97,2315.53,15125
2026-02-11T11:00:00Z,2315.53,2322.48,2312.52,2320.40,6750
2026-02-11T12:00:00Z,2320.40,2326.66,2301.27,2310.04,16625
2026-02-11T13:00:00Z,2310.04,2312.42,2307.04,2312.19,12625
2026-02-11T14:00:00Z,2312.19,2321.97,2302.95,2315.03,7750
2026-02-11T15:00:00Z,2315.03,2325.71,2314.57,2318.99,12250
2026-02-11T16:00:00Z,2318.99,2328.89,2315.75,2326.34,10250
2026-02-11T17:00:00Z,2326.34,2329.13,2315.94,2320.81,8625
2026-02-11T18:00:00Z,2320.81,2328.85,2317.57,2327.46,14375
2026-02-11T19:00:00Z,2327.46,2342.03,2327.00,2334.80,18250
2026-02-11T20:00:00Z,2334.80,2360.01,2330.84,2353.19,14875
2026-02-11T21:00:00Z,2353.19,2361.89,2340.81,2347.85,17875
2026-02-11T22:00:00Z,2347.85,2348.08,2343.53,2347.28,18250
2026-02-11T23:00:00Z,2347.28,2351.03,2337.20,2344.70,9250
2026-02-12T00:00:00Z,2344.70,2345.87,2335.67,2344.10,17750
2026-02-12T01:00:00Z,2344.10,2349.02,2335.79,2338.36,11375
2026-02-12T02:00:00Z,2338.36,2345.60,2334.04,2336.37,15750
2026-02-12T03:00:00Z,2336.37,2344.78,2325.08,2329.27,8625
2026-02-12T04:00:00Z,2329.27,2337.54,2321.59,2333.11,15250
2026-02-12T05:00:00Z,2333.11,2336.73,2327.28,2336.03,15875
2026-02-12T06:00:00Z,2336.03,2352.23,2330.90,2349.65,10750
2026-02-12T07:00:00Z,2349.65,2353.17,2337.83,2342.51,6500
2026-02-12T08:00:00Z,2342.51,2342.97,2334.24,2337.51,13250
2026-02-12T09:00:00Z,2337.51,2349.27,2334.24,2345.76,14750
2026-02-12T10:00:00Z,2345.76,2354.77,2344.36,2351.48,13250
2026-02-12T11:00:00Z,2351.48,2359.34,2349.37,2354.17,14500
2026-02-12T12:00:00Z,2354.17,2365.55,2353.00,2360.36,12000
2026-02-12T13:00:00Z,2360.36,2372.97,2351.40,2363.29,14750
2026-02-12T14:00:00Z,2363.29,2381.54,2357.62,2373.00,12000
2026-02-12T15:00:00Z,2373.00,2383.74,2369.45,2380.17,16250
2026-02-12T16:00:00Z,2380.17,2401.30,2376.60,2397.47,8000
2026-02-12T17:00:00Z,2397.47,2409.04,2394.36,2402.08,18625
2026-02-12T18:00:00Z,2402.08,2403.37,2396.80,2403.13,11875
2026-02-12T19:00:00Z,2403.13,2405.05,2378.25,2386.84,13250
2026-02-12T20:00:00Z,2386.84,2406.42,2379.68,2397.55,17250
2026-02-12T21:00:00Z,2397.55,2401.70,2396.84,2398.59,13875
2026-02-12T22:00:00Z,2398.59,2403.24,2394.28,2398.93,12250
2026-02-12T23:00:00Z,2398.93,2409.74,2393.42,2405.42,14750
2026-02-13T00:00:00Z,2405.42,2409.50,2388.32,2392.14,13250
2026-02-13T01:00:00Z,2392.14,2399.07,2380.38,2389.69,7875
2026-02-13T02:00:00Z,2389.69,2391.60,2382.70,2389.15,7375
2026-02-13T03:00:00Z,2389.15,2390.34,2380.74,2385.51,7750
2026-02-13T04:00:00Z,2385.51,2386.22,2360.59,2365.79,8500
2026-02-13T05:00:00Z,2365.79,2377.59,2357.04,2370.72,9625
2026-02-13T06:00:00Z,2370.72,2376.17,2365.90,2366.84,8500
2026-02-13T07:00:00Z,2366.84,2372.04,2357.05,2364.14,15125
2026-02-13T08:00:00Z,2364.14,2375.46,2355.87,2367.18,12875
2026-02-13T09:00:00Z,2367.18,2379.06,2366.47,2376.21,11250
2026-02-13T10:00:00Z,2376.21,2381.93,2373.84,2381.46,13000
2026-02-13T11:00:00Z,2381.46,2390.98,2362.51,2370.33,15875
2026-02-13T12:00:00Z,2370.33,2376.53,2364.65,2376.30,9500
2026-02-13T13:00:00Z,2376.30,2385.83,2369.41,2379.89,8000
2026-02-13T14:00:00Z,2379.89,2385.63,2374.42,2383.01,9375
2026-02-13T15:00:00Z,2383.01,2390.15,2374.40,2381.54,6750
2026-02-13T16:00:00Z,2381.54,2387.97,2364.43,2370.59,16250
2026-02-13T17:00:00Z,2370.59,2376.29,2367.51,2372.26,8250
2026-02-13T18:00:00Z,2372.26,2375.40,2371.79,2375.40,18125
2026-02-13T19:00:00Z,2375.40,2382.52,2358.11,2366.39,12625
2026-02-13T20:00:00Z,2366.39,2371.12,2358.80,2366.37,18250
2026-02-13T21:00:00Z,2366.37,2368.73,2363.71,2364.41,11375
2026-02-13T22:00:00Z,2364.41,2367.24,2351.03,2358.81,10750
2026-02-13T23:00:00Z,2358.81,2367.30,2348.28,2353.22,14500
2026-02-14T00:00:00Z,2353.22,2357.22,2332.10,2338.41,15125
2026-02-14T01:00:00Z,2338.41,2345.91,2333.74,2342.64,17250
2026-02-14T02:00:00Z,2342.64,2344.04,2333.56,2338.93,17000
2026-02-14T03:00:00Z,2338.93,2347.11,2323.56,2327.98,13000
2026-02-14T04:00:00Z,2327.98,2330.77,2315.01,2317.79,17375
2026-02-14T05:00:00Z,2317.79,2334.73,2312.70,2332.87,14750
2026-02-14T06:00:00Z,2332.87,2337.06,2321.28,2325.23,17250
2026-02-14T07:00:00Z,2325.23,2330.57,2315.55,2317.86,11500
2026-02-14T08:00:00Z,2317.86,2325.53,2310.91,2323.44,9625
2026-02-14T09:00:00Z,2323.44,2331.80,2318.37,2322.55,11375
2026-02-14T10:00:00Z,2322.55,2333.03,2313.03,2328.38,8625
2026-02-14T11:00:00Z,2328.38,2336.76,2312.21,2317.54,6875
2026-02-14T12:00:00Z,2317.54,2326.81,2304.65,2313.44,18750
2026-02-14T13:00:00Z,2313.44,2318.29,2306.60,2307.52,9000
2026-02-14T14:00:00Z,2307.52,2325.08,2303.60,2316.05,17750
2026-02-14T15:00:00Z,2316.05,2330.84,2308.41,2328.52,14500
2026-02-14T16:00:00Z,2328.52,2339.95,2326.43,2331.33,18750
2026-02-14T17:00:00Z,2331.33,2346.66,2329.70,2342.92,14750
2026-02-14T18:00:00Z,2342.92,2343.15,2323.91,2330.20,15500
2026-02-14T19:00:00Z,2330.20,2332.53,2325.84,2327.70,14750
2026-02-14T20:00:00Z,2327.70,2346.97,2322.82,2339.49,13375
2026-02-14T21:00:00Z,2339.49,2349.72,2329.90,2348.79,13125
2026-02-14T22:00:00Z,2348.79,2362.83,2341.75,2357.88,16250
2026-02-14T23:00:00Z,2357.88,2367.58,2350.81,2357.92,8750
2026-02-15T00:00:00Z,2357.92,2358.15,2347.46,2349.33,12625
2026-02-15T01:00:00Z,2349.33,2365.23,2349.10,2362.40,8000
2026-02-15T02:00:00Z,2362.40,2370.66,2356.89,2358.77,15250
2026-02-15T03:00:00Z,2358.77,2365.03,2352.17,2364.33,13000
2026-02-15T04:00:00Z,2364.33,2370.95,2355.55,2359.08,6375
2026-02-15T05:00:00Z,2359.08,2367.49,2355.55,2361.59,10750
2026-02-15T06:00:00Z,2361.59,2381.96,2359.71,2375.79,10000
2026-02-15T07:00:00Z,2375.79,2392.29,2375.32,2383.24,13375
2026-02-15T08:00:00Z,2383.24,2391.81,2376.51,2381.74,16750
2026-02-15T09:00:00Z,2381.74,2388.99,2374.36,2385.66,9625
2026-02-15T10:00:00Z,2385.66,2389.15,2380.66,2385.81,14375
2026-02-15T11:00:00Z,2385.81,2392.49,2367.59,2375.66,10875
2026-02-15T12:00:00Z,2375.66,2379.46,2368.49,2375.14,14125
2026-02-15T13:00:00Z,2375.14,2384.31,2369.44,2377.66,12375
2026-02-15T14:00:00Z,2377.66,2390.13,2376.24,2381.80,15875
2026-02-15T15:00:00Z,2381.80,2395.81,2373.23,2392.23,18375
2026-02-15T16:00:00Z,2392.23,2412.51,2388.89,2402.90,15875
2026-02-15T17:00:00Z,2402.90,2403.86,2401.17,2402.37,16250
2026-02-15T18:00:00Z,2402.37,2412.23,2393.97,2408.38,15125
2026-02-15T19:00:00Z,2408.38,2415.84,2402.22,2403.18,17000
2026-02-15T20:00:00Z,2403.18,2418.81,2393.33,2409.18,12500
2026-02-15T21:00:00Z,2409.18,2419.05,2402.75,2405.87,12750
2026-02-15T22:00:00Z,2405.87,2413.80,2397.30,2402.34,13750
2026-02-15T23:00:00Z,2402.34,2410.09,2393.70,2406.49,11000
2026-02-16T00:00:00Z,2406.49,2412.74,2397.11,2403.59,11500
2026-02-16T01:00:00Z,2403.59,2405.75,2396.62,2404.31,9000
2026-02-16T02:00:00Z,2404.31,2413.20,2385.36,2391.33,7625
2026-02-16T03:00:00Z,2391.33,2399.69,2381.06,2383.44,8125
2026-02-16T04:00:00Z,2383.44,2393.92,2376.53,2392.25,12625
2026-02-16T05:00:00Z,2392.25,2401.81,2380.54,2390.10,6875
2026-02-16T06:00:00Z,2390.10,2400.38,2382.93,2392.49,10500
2026-02-16T07:00:00Z,2392.49,2403.02,2383.40,2393.21,6500
2026-02-16T08:00:00Z,2393.21,2396.79,2377.70,2385.57,11375
2026-02-16T09:00:00Z,2385.57,2392.24,2377.23,2387.71,17750
2026-02-16T10:00:00Z,2387.71,2395.80,2380.31,2394.61,10125
2026-02-16T11:00:00Z,2394.61,2402.75,2392.95,2393.18,15625
2026-02-16T12:00:00Z,2393.18,2401.79,2391.75,2396.04,9000
2026-02-16T13:00:00Z,2396.04,2407.74,2390.29,2407.50,16625
2026-02-16T14:00:00Z,2407.50,2418.55,2406.78,2413.25,17000
2026-02-16T15:00:00Z,2413.25,2427.96,2410.36,2418.77,12000
2026-02-16T16:00:00Z,2418.77,2431.57,2416.11,2424.30,11875
2026-02-16T17:00:00Z,2424.30,2431.57,2401.87,2404.51,6625
2026-02-16T18:00:00Z,2404.51,2413.16,2387.75,2396.85,13750
2026-02-16T19:00:00Z,2396.85,2413.82,2387.27,2407.81,12000
2026-02-16T20:00:00Z,2407.81,2409.25,2387.94,2394.64,16625
2026-02-16T21:00:00Z,2394.64,2413.52,2387.22,2404.87,16875
2026-02-16T22:00:00Z,2404.87,2412.04,2397.18,2410.60,9250
2026-02-16T23:00:00Z,2410.60,2418.05,2407.71,2414.43,13375
2026-02-17T00:00:00Z,2414.43,2426.19,2405.26,2423.29,16000
2026-02-17T01:00:00Z,2423.29,2442.62,2414.81,2437.99,10250
2026-02-17T02:00:00Z,2437.99,2450.10,2431.41,2441.56,17625
2026-02-17T03:00:00Z,2441.56,2442.53,2429.05,2429.77,9375
2026-02-17T04:00:00Z,2429.77,2435.35,2425.34,2425.58,7250
2026-02-17T05:00:00Z,2425.58,2431.81,2418.07,2426.23,6375
2026-02-17T06:00:00Z,2426.23,2428.65,2416.24,2421.32,7375
2026-02-17T07:00:00Z,2421.32,2432.10,2415.27,2432.10,7875
2026-02-17T08:00:00Z,2432.10,2442.19,2429.67,2442.19,16875
2026-02-17T09:00:00Z,2442.19,2451.47,2422.68,2423.89,13125
2026-02-17T10:00:00Z,2423.89,2431.16,2409.85,2411.29,16875
2026-02-17T11:00:00Z,2411.29,2419.89,2411.05,2415.06,11750
2026-02-17T12:00:00Z,2415.06,2416.75,2403.46,2409.00,6750
2026-02-17T13:00:00Z,2409.00,2413.49,2407.80,2412.77,14750
2026-02-17T14:00:00Z,2412.77,2419.21,2408.67,2414.87,12125
2026-02-17T15:00:00Z,2414.87,2420.18,2408.57,2410.98,11500
2026-02-17T16:00:00Z,2410.98,2420.62,2391.32,2397.31,15125
2026-02-17T17:00:00Z,2397.31,2405.94,2376.33,2385.15,10375
2026-02-17T18:00:00Z,2385.15,2390.87,2369.03,2374.49,7875
2026-02-17T19:00:00Z,2374.49,2388.38,2369.51,2383.86,15250
2026-02-17T20:00:00Z,2383.86,2397.11,2377.19,2389.95,10375
2026-02-17T21:00:00Z,2389.95,2390.66,2378.24,2387.31,6250
2026-02-17T22:00:00Z,2387.31,2391.78,2385.64,2388.92,15500
2026-02-17T23:00:00Z,2388.92,2400.33,2387.49,2391.01,14875
2026-02-18T00:00:00Z,2391.01,2405.15,2384.80,2402.51,13750
2026-02-18T01:00:00Z,2402.51,2421.08,2392.66,2411.20,9500
2026-02-18T02:00:00Z,2411.20,2421.38,2405.90,2418.97,17875
2026-02-18T03:00:00Z,2418.97,2420.70,2418.25,2420.22,18625
2026-02-18T04:00:00Z,2420.22,2429.17,2406.49,2413.48,17500
2026-02-18T05:00:00Z,2413.48,2419.03,2407.73,2411.83,10375
2026-02-18T06:00:00Z,2411.83,2430.75,2411.35,2424.69,15500
2026-02-18T07:00:00Z,2424.69,2447.89,2419.12,2439.84,6375
2026-02-18T08:00:00Z,2439.84,2447.00,2429.84,2444.07,10250
2026-02-18T09:00:00Z,2444.07,2449.77,2443.59,2447.08,8625
2026-02-18T10:00:00Z,2447.08,2455.02,2442.19,2454.29,16250
2026-02-18T11:00:00Z,2454.29,2463.37,2446.03,2452.89,6875
2026-02-18T12:00:00Z,2452.89,2459.02,2447.79,2449.50,17250
2026-02-18T13:00:00Z,2449.50,2449.74,2436.54,2439.46,10625
2026-02-18T14:00:00Z,2439.46,2445.89,2438.00,2441.99,9500
2026-02-18T15:00:00Z,2441.99,2449.92,2432.47,2448.70,16125
2026-02-18T16:00:00Z,2448.70,2449.43,2436.76,2444.82,11625
2026-02-18T17:00:00Z,2444.82,2456.66,2442.38,2447.61,14000
2026-02-18T18:00:00Z,2447.61,2460.53,2447.61,2459.55,11250
2026-02-18T19:00:00Z,2459.55,2460.04,2456.68,2457.90,13375
2026-02-18T20:00:00Z,2457.90,2465.02,2438.44,2443.32,18125
2026-02-18T21:00:00Z,2443.32,2445.51,2430.39,2436.96,6750
2026-02-18T22:00:00Z,2436.96,2440.85,2420.60,2426.42,15500
2026-02-18T23:00:00Z,2426.42,2436.99,2420.12,2431.65,16375
2026-02-19T00:00:00Z,2431.65,2444.35,2429.71,2436.07,16375
2026-02-19T01:00:00Z,2436.07,2441.71,2427.55,2437.57,15375
2026-02-19T02:00:00Z,2437.57,2442.68,2424.49,2429.34,13000
2026-02-19T03:00:00Z,2429.34,2430.31,2416.77,2420.64,17625
2026-02-19T04:00:00Z,2420.64,2426.69,2411.27,2415.37,9625
2026-02-19T05:00:00Z,2415.37,2420.44,2413.25,2414.21,8875
2026-02-19T06:00:00Z,2414.21,2432.64,2405.28,2424.40,15750
2026-02-19T07:00:00Z,2424.40,2441.44,2420.77,2433.41,12125
2026-02-19T08:00:00Z,2433.41,2434.38,2425.93,2427.87,7500
2026-02-19T09:00:00Z,2427.87,2429.81,2408.06,2416.51,11750
2026-02-19T10:00:00Z,2416.51,2425.93,2390.79,2397.26,18750
2026-02-19T11:00:00Z,2397.26,2404.21,2387.97,2396.35,6875
2026-02-19T12:00:00Z,2396.35,2414.14,2390.12,2404.77,6750
2026-02-19T13:00:00Z,2404.77,2418.05,2395.40,2414.19,17250
2026-02-19T14:00:00Z,2414.19,2421.19,2396.90,2399.77,9250
2026-02-19T15:00:00Z,2399.77,2408.16,2378.30,2387.37,11250
2026-02-19T16:00:00Z,2387.37,2391.90,2367.90,2376.93,9500
2026-02-19T17:00:00Z,2376.93,2383.34,2371.06,2374.85,17750
2026-02-19T18:00:00Z,2374.85,2389.39,2372.72,2379.64,14625
2026-02-19T19:00:00Z,2379.64,2381.54,2369.48,2377.80,9625
2026-02-19T20:00:00Z,2377.80,2378.75,2374.77,2375.95,16375
2026-02-19T21:00:00Z,2375.95,2386.70,2370.97,2378.14,18125
2026-02-19T22:00:00Z,2378.14,2382.22,2371.49,2380.56,8000
2026-02-19T23:00:00Z,2380.56,2382.51,2370.80,2381.80,11125
2026-02-20T00:00:00Z,2381.80,2389.69,2381.57,2386.35,9125
2026-02-20T01:00:00Z,2386.35,2391.83,2385.67,2385.90,10875
2026-02-20T02:00:00Z,2385.90,2392.62,2380.42,2390.95,12375
2026-02-20T03:00:00Z,2390.95,2400.27,2364.27,2372.09,10500
2026-02-20T04:00:00Z,2372.09,2381.10,2361.95,2369.05,6875
2026-02-20T05:00:00Z,2369.05,2384.72,2365.26,2379.02,12875
2026-02-20T06:00:00Z,2379.02,2388.29,2371.70,2372.64,7000
2026-02-20T07:00:00Z,2372.64,2376.70,2363.87,2375.75,15625
2026-02-20T08:00:00Z,2375.75,2377.65,2370.57,2373.41,16500
2026-02-20T09:00:00Z,2373.41,2377.68,2368.22,2372.25,11000
2026-02-20T10:00:00Z,2372.25,2372.96,2361.17,2367.08,12875
2026-02-20T11:00:00Z,2367.08,2394.83,2361.40,2388.15,18375
2026-02-20T12:00:00Z,2388.15,2394.83,2373.89,2378.64,12125
2026-02-20T13:00:00Z,2378.64,2383.43,2376.50,2381.53,18500
2026-02-20T14:00:00Z,2381.53,2390.83,2379.39,2389.40,17375
2026-02-20T15:00:00Z,2389.40,2393.22,2375.60,2385.38,13375
2026-02-20T16:00:00Z,2385.38,2393.01,2373.03,2381.36,15750
2026-02-20T17:00:00Z,2381.36,2385.91,2376.13,2384.96,10875
2026-02-20T18:00:00Z,2384.96,2390.68,2378.56,2383.56,7750
2026-02-20T19:00:00Z,2383.56,2392.65,2374.98,2384.07,8500
2026-02-20T20:00:00Z,2384.07,2388.87,2381.93,2384.34,10000
2026-02-20T21:00:00Z,2384.34,2402.74,2384.11,2394.13,14750
2026-02-20T22:00:00Z,2394.13,2394.36,2384.12,2391.77,11250
2026-02-20T23:00:00Z,2391.77,2394.87,2382.01,2390.85,17875
2026-02-21T00:00:00Z,2390.85,2405.69,2387.51,2400.17,8250
2026-02-21T01:00:00Z,2400.17,2409.05,2390.82,2397.53,15750
2026-02-21T02:00:00Z,2397.53,2401.84,2391.31,2394.42,17750
2026-02-21T03:00:00Z,2394.42,2396.81,2383.44,2388.69,11625
2026-02-21T04:00:00Z,2388.69,2396.33,2377.01,2386.31,6750
2026-02-21T05:00:00Z,2386.31,2390.84,2372.08,2375.64,15125
2026-02-21T06:00:00Z,2375.64,2377.33,2374.46,2375.67,14500
2026-02-21T07:00:00Z,2375.67,2384.46,2369.02,2379.71,13375
2026-02-21T08:00:00Z,2379.71,2381.37,2376.18,2377.60,9750
2026-02-21T09:00:00Z,2377.60,2385.20,2374.10,2374.33,7500
2026-02-21T10:00:00Z,2374.33,2386.21,2365.31,2378.13,14500
2026-02-21T11:00:00Z,2378.13,2379.31,2366.37,2370.16,9250
2026-02-21T12:00:00Z,2370.16,2381.77,2369.22,2374.65,11250
2026-02-21T13:00:00Z,2374.65,2376.78,2372.09,2374.22,9250
2026-02-21T14:00:00Z,2374.22,2375.40,2359.23,2364.19,9750
2026-02-21T15:00:00Z,2364.19,2378.83,2364.19,2370.54,17000
2026-02-21T16:00:00Z,2370.54,2378.35,2370.31,2374.32,17250
2026-02-21T17:00:00Z,2374.32,2378.35,2366.62,2369.46,10875
2026-02-21T18:00:00Z,2369.46,2374.43,2353.35,2360.43,8000
2026-02-21T19:00:00Z,2360.43,2367.51,2351.70,2364.44,6250
2026-02-21T20:00:00Z,2364.44,2373.18,2348.14,2355.67,15500
2026-02-21T21:00:00Z,2355.67,2362.50,2349.49,2350.43,8000
2026-02-21T22:00:00Z,2350.43,2363.75,2344.09,2358.57,10125
2026-02-21T23:00:00Z,2358.57,2372.38,2357.40,2367.65,7500
2026-02-22T00:00:00Z,2367.65,2370.72,2352.90,2362.34,14625
2026-02-22T01:00:00Z,2362.34,2368.24,2349.76,2358.24,11500
2026-02-22T02:00:00Z,2358.24,2359.58,2354.24,2359.11,18625
2026-02-22T03:00:00Z,2359.11,2367.13,2350.82,2351.99,18375
2026-02-22T04:00:00Z,2351.99,2359.28,2345.39,2346.32,8125
2026-02-22T05:00:00Z,2346.32,2355.47,2333.44,2340.22,10750
2026-02-22T06:00:00Z,2340.22,2342.79,2329.71,2336.01,7500
2026-02-22T07:00:00Z,2336.01,2339.04,2329.01,2333.91,18375
2026-02-22T08:00:00Z,2333.91,2339.51,2331.35,2332.74,9375
2026-02-22T09:00:00Z,2332.74,2342.05,2329.01,2332.96,16750
2026-02-22T10:00:00Z,2332.96,2339.68,2328.30,2336.65,9875
2026-02-22T11:00:00Z,2336.65,2345.98,2328.94,2337.10,16000
2026-02-22T12:00:00Z,2337.10,2344.03,2330.79,2341.23,17125
2026-02-22T13:00:00Z,2341.23,2361.50,2333.74,2360.09,13750
2026-02-22T14:00:00Z,2360.09,2371.27,2352.07,2367.01,12125
2026-02-22T15:00:00Z,2367.01,2376.71,2363.23,2366.06,9500
2026-02-22T16:00:00Z,2366.06,2375.81,2358.49,2373.44,6750
2026-02-22T17:00:00Z,2373.44,2374.38,2372.00,2373.18,10125
2026-02-22T18:00:00Z,2373.18,2381.72,2363.71,2371.77,10375
2026-02-22T19:00:00Z,2371.77,2380.62,2365.13,2377.53,18750
2026-02-22T20:00:00Z,2377.53,2390.78,2368.74,2387.92,17625
2026-02-22T21:00:00Z,2387.92,2393.17,2374.29,2380.24,11875
2026-02-22T22:00:00Z,2380.24,2389.33,2373.10,2385.76,17250
2026-02-22T23:00:00Z,2385.76,2397.30,2382.42,2390.37,13125
2026-02-23T00:00:00Z,2390.37,2392.52,2361.52,2368.86,13250
2026-02-23T01:00:00Z,2368.86,2380.72,2365.79,2375.02,13375
2026-02-23T02:00:00Z,2375.02,2381.43,2370.51,2372.64,9000
2026-02-23T03:00:00Z,2372.64,2372.64,2351.50,2359.52,17500
2026-02-23T04:00:00Z,2359.52,2373.04,2355.75,2369.02,13500
2026-02-23T05:00:00Z,2369.02,2374.94,2367.13,2367.36,11375
2026-02-23T06:00:00Z,2367.36,2386.94,2364.52,2377.44,8125
2026-02-23T07:00:00Z,2377.44,2385.87,2368.65,2381.11,18375
2026-02-23T08:00:00Z,2381.11,2386.58,2369.20,2375.37,10750
2026-02-23T09:00:00Z,2375.37,2384.23,2374.90,2376.16,12500
2026-02-23T10:00:00Z,2376.16,2376.16,2363.21,2364.86,14750
2026-02-23T11:00:00Z,2364.86,2368.40,2355.61,2360.09,12125
2026-02-23T12:00:00Z,2360.09,2366.18,2357.03,2365.71,15625
2026-02-23T13:00:00Z,2365.71,2373.28,2344.39,2349.79,15500
2026-02-23T14:00:00Z,2349.79,2356.28,2346.04,2353.23,13875
2026-02-23T15:00:00Z,2353.23,2355.34,2331.35,2333.21,8375
2026-02-23T16:00:00Z,2333.21,2335.07,2312.62,2320.74,6625
2026-02-23T17:00:00Z,2320.74,2324.22,2319.81,2319.81,10000
2026-02-23T18:00:00Z,2319.81,2323.75,2301.36,2307.12,6625
2026-02-23T19:00:00Z,2307.12,2316.92,2305.51,2309.30,7250
2026-02-23T20:00:00Z,2309.30,2313.45,2299.15,2308.61,16625
2026-02-23T21:00:00Z,2308.61,2316.63,2301.92,2311.78,8125
2026-02-23T22:00:00Z,2311.78,2322.35,2303.69,2314.49,7875
2026-02-23T23:00:00Z,2314.49,2318.62,2307.32,2317.70,11000
2026-02-24T00:00:00Z,2317.70,2321.91,2315.85,2321.45,9375
2026-02-24T01:00:00Z,2321.45,2328.22,2312.17,2321.96,9875
2026-02-24T02:00:00Z,2321.96,2326.65,2320.80,2324.56,12125
2026-02-24T03:00:00Z,2324.56,2337.14,2321.78,2333.18,18750
2026-02-24T04:00:00Z,2333.18,2351.38,2327.82,2342.72,13875
2026-02-24T05:00:00Z,2342.72,2345.53,2338.34,2339.04,9000
2026-02-24T06:00:00Z,2339.04,2346.78,2334.37,2342.33,15625
2026-02-24T07:00:00Z,2342.33,2350.05,2331.65,2339.13,13625
2026-02-24T08:00:00Z,2339.13,2353.13,2334.92,2348.20,17625
2026-02-24T09:00:00Z,2348.20,2351.01,2338.28,2338.74,11500
2026-02-24T10:00:00Z,2338.74,2340.84,2321.71,2327.06,14000
2026-02-24T11:00:00Z,2327.06,2338.03,2318.92,2330.81,8375
2026-02-24T12:00:00Z,2330.81,2334.30,2328.14,2329.30,14125
2026-02-24T13:00:00Z,2329.30,2330.23,2322.25,2326.43,9750
2026-02-24T14:00:00Z,2326.43,2332.47,2324.02,2324.71,6375
2026-02-24T15:00:00Z,2324.71,2330.98,2316.57,2320.28,12500
2026-02-24T16:00:00Z,2320.28,2327.47,2313.55,2316.79,18375
2026-02-24T17:00:00Z,2316.79,2329.98,2310.31,2323.02,14625
2026-02-24T18:00:00Z,2323.02,2341.51,2316.29,2332.42,8000
2026-02-24T19:00:00Z,2332.42,2340.18,2331.96,2334.58,12250
2026-02-24T20:00:00Z,2334.58,2339.48,2324.97,2332.90,7000
2026-02-24T21:00:00Z,2332.90,2334.29,2318.03,2321.74,6750
2026-02-24T22:00:00Z,2321.74,2323.13,2315.81,2316.96,17500
2026-02-24T23:00:00Z,2316.96,2322.05,2306.36,2314.22,10250
2026-02-25T00:00:00Z,2314.22,2336.19,2308.90,2334.09,18375
2026-02-25T01:00:00Z,2334.09,2351.09,2328.26,2343.36,15625
2026-02-25T02:00:00Z,2343.36,2344.29,2329.53,2335.13,10625
2026-02-25T03:00:00Z,2335.13,2341.85,2333.50,2336.48,17875
2026-02-25T04:00:00Z,2336.48,2346.69,2327.37,2341.08,15125
2026-02-25T05:00:00Z,2341.08,2358.73,2338.28,2357.56,7250
2026-02-25T06:00:00Z,2357.56,2369.73,2350.73,2361.94,15125
2026-02-25T07:00:00Z,2361.94,2375.96,2359.58,2371.70,16625
2026-02-25T08:00:00Z,2371.70,2383.62,2365.30,2382.20,9625
2026-02-25T09:00:00Z,2382.20,2390.91,2373.15,2383.53,17000
2026-02-25T10:00:00Z,2383.53,2390.68,2373.94,2382.27,11750
2026-02-25T11:00:00Z,2382.27,2382.74,2365.98,2366.69,16875
2026-02-25T12:00:00Z,2366.69,2370.24,2365.45,2366.63,8375
2026-02-25T13:00:00Z,2366.63,2367.57,2348.37,2353.54,15125
2026-02-25T14:00:00Z,2353.54,2361.67,2353.31,2358.37,15875
2026-02-25T15:00:00Z,2358.37,2366.31,2350.12,2360.65,11875
2026-02-25T16:00:00Z,2360.65,2362.30,2347.18,2348.82,9375
2026-02-25T17:00:00Z,2348.82,2351.40,2341.21,2342.84,6625
2026-02-25T18:00:00Z,2342.84,2352.65,2339.10,2343.98,14875
2026-02-25T19:00:00Z,2343.98,2353.17,2340.47,2351.53,8250
2026-02-25T20:00:00Z,2351.53,2359.76,2335.74,2345.35,12875
2026-02-25T21:00:00Z,2345.35,2348.39,2334.32,2337.82,16125
2026-02-25T22:00:00Z,2337.82,2353.98,2334.55,2346.48,11750
2026-02-25T23:00:00Z,2346.48,2350.93,2338.28,2339.44,10875
2026-02-26T00:00:00Z,2339.44,2349.06,2334.06,2341.11,16750
2026-02-26T01:00:00Z,2341.11,2350.77,2332.45,2347.25,11250
2026-02-26T02:00:00Z,2347.25,2354.57,2344.67,2352.93,7625
2026-02-26T03:00:00Z,2352.93,2356.92,2333.48,2340.73,16125
2026-02-26T04:00:00Z,2340.73,2352.49,2335.82,2347.33,13250
2026-02-26T05:00:00Z,2347.33,2348.73,2339.87,2344.32,11000
2026-02-26T06:00:00Z,2344.32,2353.22,2337.78,2337.78,13625
2026-02-26T07:00:00Z,2337.78,2357.54,2328.43,2350.49,12500
2026-02-26T08:00:00Z,2350.49,2363.25,2350.02,2355.25,13500
2026-02-26T09:00:00Z,2355.25,2366.89,2353.84,2364.06,16000
2026-02-26T10:00:00Z,2364.06,2371.38,2353.67,2354.37,14250
2026-02-26T11:00:00Z,2354.37,2363.84,2350.14,2354.90,13875
2026-02-26T12:00:00Z,2354.90,2365.11,2354.43,2358.04,12875
2026-02-26T13:00:00Z,2358.04,2364.46,2352.62,2358.57,17125
2026-02-26T14:00:00Z,2358.57,2368.24,2348.71,2354.36,6375
2026-02-26T15:00:00Z,2354.36,2362.89,2352.95,2355.12,9250
2026-02-26T16:00:00Z,2355.12,2358.18,2340.56,2348.30,18000
2026-02-26T17:00:00Z,2348.30,2348.53,2335.89,2343.38,18000
2026-02-26T18:00:00Z,2343.38,2351.34,2325.30,2329.02,16750
2026-02-26T19:00:00Z,2329.02,2344.99,2325.30,2336.82,8625
2026-02-26T20:00:00Z,2336.82,2349.09,2331.68,2342.07,15125
2026-02-26T21:00:00Z,2342.07,2345.11,2337.90,2340.94,14875
2026-02-26T22:00:00Z,2340.94,2342.34,2325.23,2330.59,6750
2026-02-26T23:00:00Z,2330.59,2331.52,2314.91,2318.15,12250
2026-02-27T00:00:00Z,2318.15,2327.65,2313.29,2313.98,18625
2026-02-27T01:00:00Z,2313.98,2314.90,2292.27,2298.93,13250
2026-02-27T02:00:00Z,2298.93,2303.52,2291.79,2295.92,14875
2026-02-27T03:00:00Z,2295.92,2304.64,2285.34,2289.00,8625
2026-02-27T04:00:00Z,2289.00,2298.40,2285.11,2293.59,11875
2026-02-27T05:00:00Z,2293.59,2302.77,2286.48,2295.66,13750
2026-02-27T06:00:00Z,2295.66,2304.62,2291.76,2297.04,12000
2026-02-27T07:00:00Z,2297.04,2313.23,2289.01,2308.62,18625
2026-02-27T08:00:00Z,2308.62,2319.79,2308.16,2315.16,14750
2026-02-27T09:00:00Z,2315.16,2320.34,2307.76,2320.11,15750
2026-02-27T10:00:00Z,2320.11,2324.05,2317.83,2319.68,10250
2026-02-27T11:00:00Z,2319.68,2329.19,2309.66,2311.50,14125
2026-02-27T12:00:00Z,2311.50,2318.89,2302.97,2309.89,15750
2026-02-27T13:00:00Z,2309.89,2311.73,2303.91,2308.75,6375
2026-02-27T14:00:00Z,2308.75,2310.36,2300.43,2304.57,14000
2026-02-27T15:00:00Z,2304.57,2311.94,2291.16,2298.51,17250
2026-02-27T16:00:00Z,2298.51,2300.38,2291.16,2299.47,13625
2026-02-27T17:00:00Z,2299.47,2302.68,2287.95,2295.29,14250
2026-02-27T18:00:00Z,2295.29,2301.48,2277.60,2279.87,10125
2026-02-27T19:00:00Z,2279.87,2280.09,2266.98,2271.75,10750
2026-02-27T20:00:00Z,2271.75,2279.24,2266.50,2269.90,11750
2026-02-27T21:00:00Z,2269.90,2270.80,2259.44,2268.28,15250
2026-02-27T22:00:00Z,2268.28,2287.16,2262.39,2278.05,12250
2026-02-27T23:00:00Z,2278.05,2279.87,2269.06,2272.01,18125
2026-02-28T00:00:00Z,2272.01,2279.66,2266.11,2274.89,13375
2026-02-28T01:00:00Z,2274.89,2278.92,2268.98,2276.42,12250
2026-02-28T02:00:00Z,2276.42,2295.47,2269.37,2292.49,16250
2026-02-28T03:00:00Z,2292.49,2309.36,2288.60,2303.38,18750
2026-02-28T04:00:00Z,2303.38,2310.66,2299.24,2306.74,15125
2026-02-28T05:00:00Z,2306.74,2311.12,2302.98,2304.13,9125
2026-02-28T06:00:00Z,2304.13,2321.75,2302.52,2315.50,15375
2026-02-28T07:00:00Z,2315.50,2318.51,2292.86,2301.83,12125
2026-02-28T08:00:00Z,2301.83,2316.21,2299.76,2311.36,18000
2026-02-28T09:00:00Z,2311.36,2320.51,2310.67,2313.11,8750
2026-02-28T10:00:00Z,2313.11,2318.43,2296.72,2303.86,9250
2026-02-28T11:00:00Z,2303.86,2307.54,2296.91,2300.82,9875
2026-02-28T12:00:00Z,2300.82,2310.16,2299.90,2301.88,12625
2026-02-28T13:00:00Z,2301.88,2310.78,2300.04,2303.18,17500
2026-02-28T14:00:00Z,2303.18,2310.31,2294.20,2298.79,12125
2026-02-28T15:00:00Z,2298.79,2310.78,2293.05,2308.25,15750
2026-02-28T16:00:00Z,2308.25,2309.40,2304.07,2306.14,16500
2026-02-28T17:00:00Z,2306.14,2306.14,2294.87,2301.08,8375
2026-02-28T18:00:00Z,2301.08,2307.06,2298.52,2299.20,18250
2026-02-28T19:00:00Z,2299.20,2301.65,2293.92,2300.96,16375
2026-02-28T20:00:00Z,2300.96,2306.71,2288.48,2288.70,13250
2026-02-28T21:00:00Z,2288.70,2297.85,2280.46,2286.63,14875
2026-02-28T22:00:00Z,2286.63,2292.96,2282.06,2288.39,7125
2026-02-28T23:00:00Z,2288.39,2297.31,2284.94,2287.68,9250
2026-03-01T00:00:00Z,2287.68,2295.22,2286.38,2287.52,15875
2026-03-01T01:00:00Z,2287.52,2292.32,2277.76,2280.04,16500
2026-03-01T02:00:00Z,2280.04,2288.02,2258.46,2265.48,15750
2026-03-01T03:00:00Z,2265.48,2270.91,2247.40,2255.29,16750
2026-03-01T04:00:00Z,2255.29,2255.29,2246.28,2246.72,17000
2026-03-01T05:00:00Z,2246.72,2258.97,2240.88,2257.62,10250
2026-03-01T06:00:00Z,2257.62,2264.61,2253.38,2256.08,15375
2026-03-01T07:00:00Z,2256.08,2277.78,2249.32,2272.10,11625
2026-03-01T08:00:00Z,2272.10,2274.14,2266.27,2270.81,9250
2026-03-01T09:00:00Z,2270.81,2278.98,2262.90,2266.29,8750
2026-03-01T10:00:00Z,2266.29,2270.92,2262.90,2267.07,8125
2026-03-01T11:00:00Z,2267.07,2282.49,2264.58,2274.08,11500
2026-03-01T12:00:00Z,2274.08,2282.74,2269.08,2282.29,8000
2026-03-01T13:00:00Z,2282.29,2291.01,2273.62,2290.33,16875
2026-03-01T14:00:00Z,2290.33,2297.43,2273.23,2274.59,18625
2026-03-01T15:00:00Z,2274.59,2278.00,2264.36,2268.67,15750
2026-03-01T16:00:00Z,2268.67,2276.15,2268.45,2272.75,9875
2026-03-01T17:00:00Z,2272.75,2280.22,2270.03,2275.45,8000
2026-03-01T18:00:00Z,2275.45,2282.68,2269.99,2276.99,13500
2026-03-01T19:00:00Z,2276.99,2282.22,2266.17,2275.27,12000
2026-03-01T20:00:00Z,2275.27,2288.98,2267.77,2279.64,11625
2026-03-01T21:00:00Z,2279.64,2281.46,2275.12,2275.80,15250
2026-03-01T22:00:00Z,2275.80,2283.76,2261.44,2268.92,15125
2026-03-01T23:00:00Z,2268.92,2271.41,2256.18,2262.28,14250
2026-03-02T00:00:00Z,2262.28,2268.03,2253.24,2262.38,13125
2026-03-02T01:00:00Z,2262.38,2264.64,2252.10,2255.03,18625
2026-03-02T02:00:00Z,2255.03,2266.42,2250.98,2259.65,11750
2026-03-02T03:00:00Z,2259.65,2277.84,2254.01,2270.81,13375
2026-03-02T04:00:00Z,2270.81,2279.55,2270.36,2275.00,7625
2026-03-02T05:00:00Z,2275.00,2278.52,2267.50,2275.79,6750
2026-03-02T06:00:00Z,2275.79,2289.31,2268.97,2281.56,15250
2026-03-02T07:00:00Z,2281.56,2285.21,2263.28,2270.09,14750
2026-03-02T08:00:00Z,2270.09,2275.17,2263.28,2275.17,17375
2026-03-02T09:00:00Z,2275.17,2285.48,2271.08,2282.97,13000
2026-03-02T10:00:00Z,2282.97,2283.42,2275.14,2277.64,13750
2026-03-02T11:00:00Z,2277.64,2280.92,2275.82,2280.24,15375
2026-03-02T12:00:00Z,2280.24,2283.53,2275.46,2282.39,15000
2026-03-02T13:00:00Z,2282.39,2288.55,2278.86,2281.82,13125
2026-03-02T14:00:00Z,2281.82,2290.26,2274.03,2274.71,16250
2026-03-02T15:00:00Z,2274.71,2286.18,2274.26,2277.30,13750
2026-03-02T16:00:00Z,2277.30,2284.45,2277.30,2279.90,10750
2026-03-02T17:00:00Z,2279.90,2280.58,2273.87,2279.34,12125
2026-03-02T18:00:00Z,2279.34,2285.49,2266.39,2269.79,10625
2026-03-02T19:00:00Z,2269.79,2286.15,2262.76,2279.32,8875
2026-03-02T20:00:00Z,2279.32,2284.64,2277.27,2282.59,8125
2026-03-02T21:00:00Z,2282.59,2296.50,2277.80,2292.15,7875
2026-03-02T22:00:00Z,2292.15,2294.67,2279.29,2287.98,10250
2026-03-02T23:00:00Z,2287.98,2300.12,2282.72,2294.85,8750
2026-03-03T00:00:00Z,2294.85,2299.43,2277.38,2283.08,8625
2026-03-03T01:00:00Z,2283.08,2283.68,2278.29,2283.46,12750
2026-03-03T02:00:00Z,2283.46,2292.13,2277.92,2283.17,13625
2026-03-03T03:00:00Z,2283.17,2291.61,2279.68,2281.04,8625
2026-03-03T04:00:00Z,2281.04,2291.71,2272.15,2290.80,18750
2026-03-03T05:00:00Z,2290.80,2303.38,2282.10,2302.46,14750
2026-03-03T06:00:00Z,2302.46,2302.46,2288.34,2291.54,12000
2026-03-03T07:00:00Z,2291.54,2296.81,2287.81,2289.18,17750
2026-03-03T08:00:00Z,2289.18,2293.30,2277.45,2283.84,9875
2026-03-03T09:00:00Z,2283.84,2288.63,2278.98,2282.63,11250
2026-03-03T10:00:00Z,2282.63,2287.42,2272.52,2281.87,9000
2026-03-03T11:00:00Z,2281.87,2299.94,2274.12,2296.04,17500
2026-03-03T12:00:00Z,2296.04,2311.19,2290.53,2301.76,11625
2026-03-03T13:00:00Z,2301.76,2314.41,2301.76,2306.80,9500
2026-03-03T14:00:00Z,2306.80,2311.41,2288.27,2296.30,13500
2026-03-03T15:00:00Z,2296.30,2303.18,2291.86,2292.31,14625
2026-03-03T16:00:00Z,2292.31,2307.73,2287.96,2305.89,7500
2026-03-03T17:00:00Z,2305.89,2315.12,2302.90,2311.20,8000
2026-03-03T18:00:00Z,2311.20,2311.89,2289.11,2296.45,18250
2026-03-03T19:00:00Z,2296.45,2302.42,2286.90,2287.81,7750
2026-03-03T20:00:00Z,2287.81,2289.64,2277.42,2281.98,14875
2026-03-03T21:00:00Z,2281.98,2287.68,2273.48,2281.69,14750
2026-03-03T22:00:00Z,2281.69,2283.51,2262.61,2270.78,8000
2026-03-03T23:00:00Z,2270.78,2284.27,2270.33,2282.91,10000
2026-03-04T00:00:00Z,2282.91,2284.50,2270.92,2278.89,13000
2026-03-04T01:00:00Z,2278.89,2286.41,2271.46,2278.75,12750
2026-03-04T02:00:00Z,2278.75,2281.02,2268.37,2276.33,12750
2026-03-04T03:00:00Z,2276.33,2276.78,2265.49,2267.98,11500
2026-03-04T04:00:00Z,2267.98,2271.15,2249.24,2253.29,10375
2026-03-04T05:00:00Z,2253.29,2269.65,2253.29,2266.03,17500
2026-03-04T06:00:00Z,2266.03,2270.33,2256.38,2265.44,15875
2026-03-04T07:00:00Z,2265.44,2275.76,2264.31,2271.00,16750
2026-03-04T08:00:00Z,2271.00,2273.95,2259.74,2267.90,8125
2026-03-04T09:00:00Z,2267.90,2271.07,2250.69,2252.71,11500
2026-03-04T10:00:00Z,2252.71,2271.36,2244.83,2262.32,14125
2026-03-04T11:00:00Z,2262.32,2269.33,2254.27,2261.50,10500
2026-03-04T12:00:00Z,2261.50,2265.57,2250.05,2258.17,15750
2026-03-04T13:00:00Z,2258.17,2260.29,2249.14,2259.17,7500
2026-03-04T14:00:00Z,2259.17,2264.73,2258.95,2264.73,17250
2026-03-04T15:00:00Z,2264.73,2265.18,2255.72,2257.52,18250
2026-03-04T16:00:00Z,2257.52,2267.57,2251.66,2259.89,10875
2026-03-04T17:00:00Z,2259.89,2263.27,2256.60,2259.53,11000
2026-03-04T18:00:00Z,2259.53,2264.04,2251.23,2255.51,17500
2026-03-04T19:00:00Z,2255.51,2262.89,2251.46,2260.63,6750
2026-03-04T20:00:00Z,2260.63,2266.95,2250.30,2257.52,12250
2026-03-04T21:00:00Z,2257.52,2268.96,2250.30,2261.28,18250
2026-03-04T22:00:00Z,2261.28,2268.16,2252.01,2261.38,9625
2026-03-04T23:00:00Z,2261.38,2266.80,2250.08,2253.46,8250
2026-03-05T00:00:00Z,2253.46,2263.57,2245.80,2254.78,13375
2026-03-05T01:00:00Z,2254.78,2268.96,2248.02,2259.93,6625
2026-03-05T02:00:00Z,2259.93,2274.81,2253.38,2268.24,16250
2026-03-05T03:00:00Z,2268.24,2272.77,2243.82,2252.15,13375
2026-03-05T04:00:00Z,2252.15,2255.50,2252.15,2253.03,13500
2026-03-05T05:00:00Z,2253.03,2254.15,2231.73,2239.11,7625
2026-03-05T06:00:00Z,2239.11,2251.13,2230.16,2251.13,13250
2026-03-05T07:00:00Z,2251.13,2262.57,2243.26,2256.93,11625
2026-03-05T08:00:00Z,2256.93,2260.31,2248.61,2254.01,6875
2026-03-05T09:00:00Z,2254.01,2260.99,2254.00,2254.00,14375
2026-03-05T10:00:00Z,2254.00,2262.56,2247.50,2251.32,17000
2026-03-05T11:00:00Z,2251.32,2256.94,2237.92,2244.65,15500
2026-03-05T12:00:00Z,2244.65,2248.02,2237.47,2244.66,9000
2026-03-05T13:00:00Z,2244.66,2256.05,2238.16,2250.43,14250
2026-03-05T14:00:00Z,2250.43,2257.18,2234.21,2238.01,7125
2026-03-05T15:00:00Z,2238.01,2245.09,2232.42,2245.09,7750
2026-03-05T16:00:00Z,2245.09,2252.72,2237.97,2242.90,9125
2026-03-05T17:00:00Z,2242.90,2251.42,2232.20,2241.16,7000
2026-03-05T18:00:00Z,2241.16,2248.78,2234.22,2241.84,7250
2026-03-05T19:00:00Z,2241.84,2256.92,2233.77,2252.20,11000
2026-03-05T20:00:00Z,2252.20,2253.10,2248.24,2248.91,16000
2026-03-05T21:00:00Z,2248.91,2256.98,2242.39,2251.36,7250
2026-03-05T22:00:00Z,2251.36,2263.46,2243.71,2255.35,13125
2026-03-05T23:00:00Z,2255.35,2270.15,2251.52,2260.89,9875
2026-03-06T00:00:00Z,2260.89,2270.15,2248.12,2256.92,17250
2026-03-06T01:00:00Z,2256.92,2266.74,2256.47,2259.74,6625
2026-03-06T02:00:00Z,2259.74,2275.23,2254.32,2269.33,11375
2026-03-06T03:00:00Z,2269.33,2277.27,2263.55,2265.36,8625
2026-03-06T04:00:00Z,2265.36,2284.03,2261.97,2276.30,18625
2026-03-06T05:00:00Z,2276.30,2291.39,2268.11,2287.51,18375
2026-03-06T06:00:00Z,2287.51,2292.31,2270.54,2279.65,18000
2026-03-06T07:00:00Z,2279.65,2280.10,2263.90,2269.80,11500
2026-03-06T08:00:00Z,2269.80,2285.99,2267.08,2277.57,18125
2026-03-06T09:00:00Z,2277.57,2285.31,2255.56,2261.21,17125
2026-03-06T10:00:00Z,2261.21,2276.22,2259.63,2268.06,13750
2026-03-06T11:00:00Z,2268.06,2270.55,2258.73,2263.25,16000
2026-03-06T12:00:00Z,2263.25,2268.90,2255.73,2260.25,10000
2026-03-06T13:00:00Z,2260.25,2277.59,2252.80,2276.00,13625
2026-03-06T14:00:00Z,2276.00,2283.96,2265.95,2272.76,12500
2026-03-06T15:00:00Z,2272.76,2287.09,2265.72,2281.85,7250
2026-03-06T16:00:00Z,2281.85,2290.08,2274.78,2288.03,11500
2026-03-06T17:00:00Z,2288.03,2298.56,2287.35,2294.89,13250
2026-03-06T18:00:00Z,2294.89,2301.54,2289.07,2294.11,7375
2026-03-06T19:00:00Z,2294.11,2297.78,2283.11,2288.60,12250
2026-03-06T20:00:00Z,2288.60,2301.22,2280.59,2293.88,8750
2026-03-06T21:00:00Z,2293.88,2304.17,2288.84,2301.87,10000
2026-03-06T22:00:00Z,2301.87,2318.88,2294.05,2317.96,9875
2026-03-06T23:00:00Z,2317.96,2330.52,2314.26,2330.29,16500
2026-03-07T00:00:00Z,2330.29,2331.92,2321.65,2322.81,7000
2026-03-07T01:00:00Z,2322.81,2332.33,2311.88,2314.88,17625
2026-03-07T02:00:00Z,2314.88,2329.45,2312.80,2327.36,11500
2026-03-07T03:00:00Z,2327.36,2330.13,2323.18,2327.57,13000
2026-03-07T04:00:00Z,2327.57,2338.96,2325.25,2337.80,18125
2026-03-07T05:00:00Z,2337.80,2342.47,2328.19,2330.28,13125
2026-03-07T06:00:00Z,2330.28,2339.60,2307.17,2309.01,11125
2026-03-07T07:00:00Z,2309.01,2317.77,2309.01,2311.76,14625
2026-03-07T08:00:00Z,2311.76,2321.69,2311.76,2318.91,11875
2026-03-07T09:00:00Z,2318.91,2330.04,2315.90,2328.65,17750
2026-03-07T10:00:00Z,2328.65,2345.20,2321.20,2336.33,13750
2026-03-07T11:00:00Z,2336.33,2348.49,2326.99,2346.15,7125
2026-03-07T12:00:00Z,2346.15,2353.42,2341.93,2349.43,13375
2026-03-07T13:00:00Z,2349.43,2358.35,2339.55,2347.76,15125
2026-03-07T14:00:00Z,2347.76,2348.22,2345.64,2347.04,18125
2026-03-07T15:00:00Z,2347.04,2352.67,2339.99,2345.14,7625
2026-03-07T16:00:00Z,2345.14,2349.36,2335.01,2336.17,13875
2026-03-07T17:00:00Z,2336.17,2336.17,2325.64,2335.21,16750
2026-03-07T18:00:00Z,2335.21,2348.32,2331.71,2344.11,9375
2026-03-07T19:00:00Z,2344.11,2352.78,2339.16,2341.26,15625
2026-03-07T20:00:00Z,2341.26,2356.77,2339.39,2349.96,15375
2026-03-07T21:00:00Z,2349.96,2358.18,2341.43,2341.43,16125
2026-03-07T22:00:00Z,2341.43,2352.45,2336.75,2344.95,18000
2026-03-07T23:00:00Z,2344.95,2347.06,2338.39,2347.06,18125
2026-03-08T00:00:00Z,2347.06,2354.33,2344.88,2346.28,9000
2026-03-08T01:00:00Z,2346.28,2351.20,2344.11,2345.98,18375
2026-03-08T02:00:00Z,2345.98,2347.15,2332.56,2340.98,10875
2026-03-08T03:00:00Z,2340.98,2347.76,2327.09,2332.22,12125
2026-03-08T04:00:00Z,2332.22,2335.01,2324.90,2325.83,17375
2026-03-08T05:00:00Z,2325.83,2332.57,2317.13,2319.68,15750
2026-03-08T06:00:00Z,2319.68,2325.88,2311.33,2323.79,10000
2026-03-08T07:00:00Z,2323.79,2327.97,2314.20,2322.32,14500
2026-03-08T08:00:00Z,2322.32,2323.94,2303.13,2307.51,10625
2026-03-08T09:00:00Z,2307.51,2317.86,2298.05,2311.85,7625
2026-03-08T10:00:00Z,2311.85,2318.55,2302.97,2310.13,14500
2026-03-08T11:00:00Z,2310.13,2320.55,2300.66,2319.16,9250
2026-03-08T12:00:00Z,2319.16,2327.97,2313.29,2317.69,18000
2026-03-08T13:00:00Z,2317.69,2325.04,2312.13,2318.09,8625
2026-03-08T14:00:00Z,2318.09,2327.36,2301.03,2309.57,17625
2026-03-08T15:00:00Z,2309.57,2313.95,2290.24,2299.20,6375
2026-03-08T16:00:00Z,2299.20,2299.88,2284.77,2290.72,9500
2026-03-08T17:00:00Z,2290.72,2298.27,2276.97,2280.39,10125
2026-03-08T18:00:00Z,2280.39,2285.63,2268.34,2273.11,18125
2026-03-08T19:00:00Z,2273.11,2279.70,2266.88,2272.56,13375
2026-03-08T20:00:00Z,2272.56,2284.34,2267.79,2275.24,6625
2026-03-08T21:00:00Z,2275.24,2280.70,2261.29,2263.32,6375
2026-03-08T22:00:00Z,2263.32,2272.59,2253.36,2256.06,10250
2026-03-08T23:00:00Z,2256.06,2262.60,2249.85,2254.58,15000
2026-03-09T00:00:00Z,2254.58,2259.31,2245.14,2252.79,11625
2026-03-09T01:00:00Z,2252.79,2255.49,2244.91,2246.03,16250
2026-03-09T02:00:00Z,2246.03,2248.05,2233.25,2241.76,9625
2026-03-09T03:00:00Z,2241.76,2251.41,2235.26,2245.13,8125
2026-03-09T04:00:00Z,2245.13,2258.20,2239.75,2257.98,13625
2026-03-09T05:00:00Z,2257.98,2260.46,2242.19,2248.93,13750
2026-03-09T06:00:00Z,2248.93,2252.97,2242.40,2243.29,18250
2026-03-09T07:00:00Z,2243.29,2244.86,2233.42,2240.14,8875
2026-03-09T08:00:00Z,2240.14,2242.38,2227.13,2232.71,15500
2026-03-09T09:00:00Z,2232.71,2240.97,2230.49,2231.82,10250
2026-03-09T10:00:00Z,2231.82,2239.89,2226.02,2235.42,18750
2026-03-09T11:00:00Z,2235.42,2236.53,2217.73,2225.51,10750
2026-03-09T12:00:00Z,2225.51,2226.62,2219.05,2223.94,9750
2026-03-09T13:00:00Z,2223.94,2239.63,2219.72,2233.83,8625
2026-03-09T14:00:00Z,2233.83,2237.85,2216.74,2219.40,16625
2026-03-09T15:00:00Z,2219.40,2222.95,2209.14,2213.56,15750
2026-03-09T16:00:00Z,2213.56,2227.16,2207.37,2219.84,11875
2026-03-09T17:00:00Z,2219.84,2233.03,2214.96,2225.47,8875
2026-03-09T18:00:00Z,2225.47,2228.18,2218.35,2227.96,17250
2026-03-09T19:00:00Z,2227.96,2230.41,2210.89,2215.09,15625
2026-03-09T20:00:00Z,2215.09,2225.09,2208.67,2216.45,13000
2026-03-09T21:00:00Z,2216.45,2227.45,2215.57,2223.90,18000
2026-03-09T22:00:00Z,2223.90,2230.65,2219.46,2227.31,18625
2026-03-09T23:00:00Z,2227.31,2235.99,2220.31,2220.31,8500
2026-03-10T00:00:00Z,2220.31,2228.03,2213.88,2222.26,10500
2026-03-10T01:00:00Z,2222.26,2230.22,2216.04,2223.11,16375
2026-03-10T02:00:00Z,2223.11,2225.33,2219.30,2220.41,6375
2026-03-10T03:00:00Z,2220.41,2226.14,2211.53,2223.48,13250
2026-03-10T04:00:00Z,2223.48,2232.37,2219.89,2223.44,14125
2026-03-10T05:00:00Z,2223.44,2230.30,2217.22,2225.41,10250
2026-03-10T06:00:00Z,2225.41,2240.97,2222.97,2236.06,7625
2026-03-10T07:00:00Z,2236.06,2249.68,2234.50,2247.21,8625
2026-03-10T08:00:00Z,2247.21,2252.82,2229.01,2237.51,15750
2026-03-10T09:00:00Z,2237.51,2237.91,2232.59,2237.69,15250
2026-03-10T10:00:00Z,2237.69,2241.46,2234.56,2240.34,17375
2026-03-10T11:00:00Z,2240.34,2243.02,2239.18,2239.18,14250
2026-03-10T12:00:00Z,2239.18,2247.46,2234.22,2238.92,16875
2026-03-10T13:00:00Z,2238.92,2241.38,2222.78,2225.67,9125
2026-03-10T14:00:00Z,2225.67,2242.56,2222.56,2238.31,11750
2026-03-10T15:00:00Z,2238.31,2260.93,2231.38,2255.07,17875
2026-03-10T16:00:00Z,2255.07,2264.31,2239.05,2245.56,13125
2026-03-10T17:00:00Z,2245.56,2247.13,2244.40,2244.40,17750
2026-03-10T18:00:00Z,2244.40,2247.95,2235.20,2244.59,10500
2026-03-10T19:00:00Z,2244.59,2264.78,2242.13,2257.34,14625
2026-03-10T20:00:00Z,2257.34,2258.46,2248.51,2255.95,7375
2026-03-10T21:00:00Z,2255.95,2266.75,2251.89,2259.98,9500
2026-03-10T22:00:00Z,2259.98,2270.13,2257.73,2267.41,10875
2026-03-10T23:00:00Z,2267.41,2284.18,2263.33,2278.26,7375
2026-03-11T00:00:00Z,2278.26,2280.31,2269.56,2270.69,13375
2026-03-11T01:00:00Z,2270.69,2288.83,2266.38,2282.90,13250
2026-03-11T02:00:00Z,2282.90,2299.99,2278.11,2294.26,9500
2026-03-11T03:00:00Z,2294.26,2308.89,2287.84,2299.47,10375
2026-03-11T04:00:00Z,2299.47,2307.46,2299.25,2304.01,6875
2026-03-11T05:00:00Z,2304.01,2314.30,2302.86,2310.15,14250
2026-03-11T06:00:00Z,2310.15,2320.00,2304.38,2317.46,15625
2026-03-11T07:00:00Z,2317.46,2325.57,2310.92,2314.62,17625
2026-03-11T08:00:00Z,2314.62,2325.90,2309.53,2316.64,16250
2026-03-11T09:00:00Z,2316.64,2318.95,2307.80,2312.42,17375
2026-03-11T10:00:00Z,2312.42,2315.35,2309.42,2315.12,14000
2026-03-11T11:00:00Z,2315.12,2324.76,2314.89,2316.20,9250
2026-03-11T12:00:00Z,2316.20,2318.51,2309.00,2310.15,6875
2026-03-11T13:00:00Z,2310.15,2311.30,2302.99,2304.83,11500
2026-03-11T14:00:00Z,2304.83,2309.37,2301.38,2305.69,13750
2026-03-11T15:00:00Z,2305.69,2312.76,2299.70,2310.22,11125
2026-03-11T16:00:00Z,2310.22,2310.45,2292.51,2299.63,6500
2026-03-11T17:00:00Z,2299.63,2309.90,2292.05,2304.60,18000
2026-03-11T18:00:00Z,2304.60,2318.03,2299.77,2316.18,15250
2026-03-11T19:00:00Z,2316.18,2331.56,2315.49,2325.29,18000
2026-03-11T20:00:00Z,2325.29,2330.17,2315.33,2317.64,9125
2026-03-11T21:00:00Z,2317.64,2324.59,2303.15,2305.91,14250
2026-03-11T22:00:00Z,2305.91,2327.80,2303.84,2322.93,16250
2026-03-11T23:00:00Z,2322.93,2333.03,2320.61,2328.38,9625
2026-03-12T00:00:00Z,2328.38,2335.13,2322.25,2327.83,18625
2026-03-12T01:00:00Z,2327.83,2345.92,2318.76,2342.18,18000
2026-03-12T02:00:00Z,2342.18,2346.78,2338.44,2345.38,18125
2026-03-12T03:00:00Z,2345.38,2353.11,2342.72,2342.95,8625
2026-03-12T04:00:00Z,2342.95,2350.36,2342.95,2343.80,12125
2026-03-12T05:00:00Z,2343.80,2345.20,2327.58,2336.69,16625
2026-03-12T06:00:00Z,2336.69,2338.32,2329.37,2329.83,13500
2026-03-12T07:00:00Z,2329.83,2337.75,2320.91,2326.49,8625
2026-03-12T08:00:00Z,2326.49,2329.97,2309.92,2319.42,13750
2026-03-12T09:00:00Z,2319.42,2321.97,2304.27,2306.57,12625
2026-03-12T10:00:00Z,2306.57,2314.41,2291.06,2294.96,18250
2026-03-12T11:00:00Z,2294.96,2304.36,2271.97,2279.26,15250
2026-03-12T12:00:00Z,2279.26,2285.86,2265.97,2269.60,15625
2026-03-12T13:00:00Z,2269.60,2281.34,2262.12,2276.56,10625
2026-03-12T14:00:00Z,2276.56,2289.91,2271.56,2289.23,9000
2026-03-12T15:00:00Z,2289.23,2307.26,2281.91,2304.96,9750
2026-03-12T16:00:00Z,2304.96,2306.11,2303.26,2304.64,18375
2026-03-12T17:00:00Z,2304.64,2308.70,2296.35,2306.17,8000
2026-03-12T18:00:00Z,2306.17,2314.01,2286.76,2294.56,11875
2026-03-12T19:00:00Z,2294.56,2302.27,2294.11,2295.16,10875
2026-03-12T20:00:00Z,2295.16,2303.79,2288.74,2295.76,13375
2026-03-12T21:00:00Z,2295.76,2298.74,2285.13,2286.27,7125
2026-03-12T22:00:00Z,2286.27,2290.53,2282.16,2288.70,7875
2026-03-12T23:00:00Z,2288.70,2296.18,2288.02,2292.75,14875
2026-03-13T00:00:00Z,2292.75,2302.94,2292.75,2295.83,12500
2026-03-13T01:00:00Z,2295.83,2302.13,2290.10,2299.84,9625
2026-03-13T02:00:00Z,2299.84,2307.30,2291.34,2305.46,15375
2026-03-13T03:00:00Z,2305.46,2307.76,2299.58,2300.96,10375
2026-03-13T04:00:00Z,2300.96,2308.43,2300.04,2301.07,8875
2026-03-13T05:00:00Z,2301.07,2303.83,2291.75,2300.26,11125
2026-03-13T06:00:00Z,2300.26,2314.63,2294.97,2312.32,8375
2026-03-13T07:00:00Z,2312.32,2318.43,2305.39,2316.35,13750
2026-03-13T08:00:00Z,2316.35,2324.32,2316.12,2319.45,13750
2026-03-13T09:00:00Z,2319.45,2331.15,2315.28,2326.04,11125
2026-03-13T10:00:00Z,2326.04,2331.25,2323.02,2329.16,12375
2026-03-13T11:00:00Z,2329.16,2335.77,2321.71,2334.84,10875
2026-03-13T12:00:00Z,2334.84,2337.17,2325.85,2334.01,11625
2026-03-13T13:00:00Z,2334.01,2345.78,2328.18,2336.44,8500
2026-03-13T14:00:00Z,2336.44,2338.54,2328.85,2332.81,14250
2026-03-13T15:00:00Z,2332.81,2344.34,2328.15,2338.03,11625
2026-03-13T16:00:00Z,2338.03,2342.23,2334.62,2337.89,17875
2026-03-13T17:00:00Z,2337.89,2353.89,2337.43,2345.92,12375
2026-03-13T18:00:00Z,2345.92,2351.88,2337.25,2347.42,6250
2026-03-13T19:00:00Z,2347.42,2351.17,2329.04,2333.94,10750
2026-03-13T20:00:00Z,2333.94,2343.38,2333.48,2334.51,6500
2026-03-13T21:00:00Z,2334.51,2340.21,2330.78,2337.64,16750
2026-03-13T22:00:00Z,2337.64,2349.65,2328.76,2343.33,15125
2026-03-13T23:00:00Z,2343.33,2352.23,2338.52,2342.73,17875
2026-03-14T00:00:00Z,2342.73,2364.32,2334.30,2359.37,11625
2026-03-14T01:00:00Z,2359.37,2365.03,2347.36,2353.00,12875
2026-03-14T02:00:00Z,2353.00,2370.42,2347.59,2360.98,13625
2026-03-14T03:00:00Z,2360.98,2368.53,2352.72,2359.56,15875
2026-03-14T04:00:00Z,2359.56,2367.35,2359.56,2360.27,8000
2026-03-14T05:00:00Z,2360.27,2369.00,2349.91,2359.58,6250
2026-03-14T06:00:00Z,2359.58,2369.49,2356.99,2361.23,8125
2026-03-14T07:00:00Z,2361.23,2368.31,2355.36,2359.13,14750
2026-03-14T08:00:00Z,2359.13,2363.14,2348.81,2355.64,13500
2026-03-14T09:00:00Z,2355.64,2365.53,2345.99,2358.69,9750
2026-03-14T10:00:00Z,2358.69,2367.40,2354.69,2362.44,11750
2026-03-14T11:00:00Z,2362.44,2381.74,2362.44,2373.44,16375
2026-03-14T12:00:00Z,2373.44,2373.44,2359.10,2365.48,16500
2026-03-14T13:00:00Z,2365.48,2370.68,2358.25,2359.90,6625
2026-03-14T14:00:00Z,2359.90,2375.19,2358.25,2366.20,10875
2026-03-14T15:00:00Z,2366.20,2380.94,2359.11,2378.33,13625
2026-03-14T16:00:00Z,2378.33,2388.08,2370.99,2377.88,18625
2026-03-14T17:00:00Z,2377.88,2389.75,2372.18,2380.71,15625
2026-03-14T18:00:00Z,2380.71,2400.23,2376.43,2394.73,11125
2026-03-14T19:00:00Z,2394.73,2407.55,2389.47,2401.07,6625
2026-03-14T20:00:00Z,2401.07,2407.97,2399.87,2403.89,12000
2026-03-14T21:00:00Z,2403.89,2420.80,2401.97,2411.64,6250
2026-03-14T22:00:00Z,2411.64,2412.12,2399.79,2403.39,7125
2026-03-14T23:00:00Z,2403.39,2411.80,2394.76,2403.17,9875
2026-03-15T00:00:00Z,2403.17,2412.34,2395.97,2404.41,18750
2026-03-15T01:00:00Z,2404.41,2421.06,2403.69,2412.38,18000
2026-03-15T02:00:00Z,2412.38,2419.17,2404.18,2414.83,18625
2026-03-15T03:00:00Z,2414.83,2424.30,2407.59,2415.85,6625
2026-03-15T04:00:00Z,2415.85,2437.84,2413.44,2428.13,8500
2026-03-15T05:00:00Z,2428.13,2431.80,2422.06,2429.38,7000
2026-03-15T06:00:00Z,2429.38,2434.96,2419.53,2426.08,15000
2026-03-15T07:00:00Z,2426.08,2437.69,2426.08,2434.04,7250
2026-03-15T08:00:00Z,2434.04,2437.69,2424.90,2432.19,7875
2026-03-15T09:00:00Z,2432.19,2442.41,2422.71,2436.57,13125
2026-03-15T10:00:00Z,2436.57,2442.66,2427.49,2432.84,15250
2026-03-15T11:00:00Z,2432.84,2448.40,2427.98,2438.89,14375
2026-03-15T12:00:00Z,2438.89,2451.61,2438.65,2450.63,11000
2026-03-15T13:00:00Z,2450.63,2469.37,2440.59,2459.54,18250
2026-03-15T14:00:00Z,2459.54,2471.54,2456.84,2464.64,9125
2026-03-15T15:00:00Z,2464.64,2468.33,2447.59,2454.21,12625
2026-03-15T16:00:00Z,2454.21,2459.20,2453.23,2455.03,11625
2026-03-15T17:00:00Z,2455.03,2475.36,2454.54,2467.47,18375
2026-03-15T18:00:00Z,2467.47,2481.26,2461.31,2471.38,13375
2026-03-15T19:00:00Z,2471.38,2479.72,2461.50,2475.76,15125
2026-03-15T20:00:00Z,2475.76,2485.91,2465.02,2469.46,13375
2026-03-15T21:00:00Z,2469.46,2483.91,2469.46,2475.50,11625
2026-03-15T22:00:00Z,2475.50,2476.98,2468.35,2472.80,11750
2026-03-15T23:00:00Z,2472.80,2476.01,2456.04,2465.65,10750
2026-03-16T00:00:00Z,2465.65,2468.85,2455.40,2460.81,7875
2026-03-16T01:00:00Z,2460.81,2461.54,2453.54,2457.22,12750
2026-03-16T02:00:00Z,2457.22,2461.64,2436.70,2443.54,7875
2026-03-16T03:00:00Z,2443.54,2456.11,2434.02,2450.97,10375
2026-03-16T04:00:00Z,2450.97,2452.68,2446.16,2446.40,7250
2026-03-16T05:00:00Z,2446.40,2446.40,2435.25,2436.95,13875
2026-03-16T06:00:00Z,2436.95,2454.87,2432.57,2446.07,15500
2026-03-16T07:00:00Z,2446.07,2447.29,2439.07,2443.71,16375
2026-03-16T08:00:00Z,2443.71,2460.19,2433.70,2459.95,7375
2026-03-16T09:00:00Z,2459.95,2467.91,2453.31,2461.02,8500
2026-03-16T10:00:00Z,2461.02,2463.82,2457.83,2461.61,17750
2026-03-16T11:00:00Z,2461.61,2463.57,2451.14,2460.48,18500
2026-03-16T12:00:00Z,2460.48,2485.51,2459.25,2476.35,14000
2026-03-16T13:00:00Z,2476.35,2478.08,2461.36,2471.49,6500
2026-03-16T14:00:00Z,2471.49,2478.75,2467.29,2472.82,11375
2026-03-16T15:00:00Z,2472.82,2480.35,2466.89,2479.12,10500
2026-03-16T16:00:00Z,2479.12,2481.94,2476.65,2481.70,17875
2026-03-16T17:00:00Z,2481.70,2486.91,2467.39,2469.11,13875
2026-03-16T18:00:00Z,2469.11,2470.83,2461.05,2463.51,15625
2026-03-16T19:00:00Z,2463.51,2469.91,2443.13,2446.06,17500
2026-03-16T20:00:00Z,2446.06,2456.08,2442.97,2445.17,12625
2026-03-16T21:00:00Z,2445.17,2460.22,2435.39,2454.09,12875
2026-03-16T22:00:00Z,2454.09,2462.92,2451.98,2452.22,16500
2026-03-16T23:00:00Z,2452.22,2456.87,2435.16,2445.18,13250
2026-03-17T00:00:00Z,2445.18,2450.31,2439.75,2442.68,13125
2026-03-17T01:00:00Z,2442.68,2467.61,2435.11,2460.23,8750
2026-03-17T02:00:00Z,2460.23,2464.41,2453.31,2458.47,9000
2026-03-17T03:00:00Z,2458.47,2465.10,2446.14,2453.99,14375
2026-03-17T04:00:00Z,2453.99,2459.14,2448.56,2451.99,7000
2026-03-17T05:00:00Z,2451.99,2452.48,2447.54,2448.02,8375
2026-03-17T06:00:00Z,2448.02,2458.99,2438.97,2453.60,8875
2026-03-17T07:00:00Z,2453.60,2456.51,2449.68,2455.53,15875
2026-03-17T08:00:00Z,2455.53,2464.12,2443.71,2453.03,6625
2026-03-17T09:00:00Z,2453.03,2458.67,2446.10,2446.10,9375
2026-03-17T10:00:00Z,2446.10,2446.10,2431.89,2440.18,18250
2026-03-17T11:00:00Z,2440.18,2443.10,2413.82,2421.81,16750
2026-03-17T12:00:00Z,2421.81,2428.78,2414.79,2426.12,6625
2026-03-17T13:00:00Z,2426.12,2435.09,2416.87,2422.92,9875
2026-03-17T14:00:00Z,2422.92,2428.21,2412.99,2425.55,18625
2026-03-17T15:00:00Z,2425.55,2429.18,2410.46,2413.11,7875
2026-03-17T16:00:00Z,2413.11,2418.17,2389.16,2391.07,12625
2026-03-17T17:00:00Z,2391.07,2404.93,2385.10,2401.09,7750
2026-03-17T18:00:00Z,2401.09,2408.53,2395.03,2396.70,15375
2026-03-17T19:00:00Z,2396.70,2403.17,2392.58,2396.17,13500
2026-03-17T20:00:00Z,2396.17,2402.63,2378.65,2386.28,18000
2026-03-17T21:00:00Z,2386.28,2388.90,2380.74,2386.22,13250
2026-03-17T22:00:00Z,2386.22,2395.50,2385.51,2390.48,7500
2026-03-17T23:00:00Z,2390.48,2394.74,2381.16,2391.87,15125
2026-03-18T00:00:00Z,2391.87,2406.43,2386.13,2403.07,15875
2026-03-18T01:00:00Z,2403.07,2409.31,2396.32,2396.79,18125
2026-03-18T02:00:00Z,2396.79,2420.73,2391.52,2413.01,13000
2026-03-18T03:00:00Z,2413.01,2418.25,2411.08,2415.84,6500
2026-03-18T04:00:00Z,2415.84,2424.92,2411.98,2423.71,13875
2026-03-18T05:00:00Z,2423.71,2426.61,2418.61,2419.33,7375
2026-03-18T06:00:00Z,2419.33,2427.69,2414.01,2426.24,8625
2026-03-18T07:00:00Z,2426.24,2429.34,2417.51,2427.16,17375
2026-03-18T08:00:00Z,2427.16,2431.77,2424.96,2425.68,11625
2026-03-18T09:00:00Z,2425.68,2428.34,2423.72,2423.96,13500
2026-03-18T10:00:00Z,2423.96,2434.21,2419.84,2433.00,8125
2026-03-18T11:00:00Z,2433.00,2438.83,2413.55,2418.14,9750
2026-03-18T12:00:00Z,2418.14,2428.91,2410.41,2424.07,17750
2026-03-18T13:00:00Z,2424.07,2428.66,2423.83,2424.30,12500
2026-03-18T14:00:00Z,2424.30,2446.69,2420.43,2442.79,13125
2026-03-18T15:00:00Z,2442.79,2454.89,2442.06,2447.06,6250
2026-03-18T16:00:00Z,2447.06,2464.62,2447.06,2458.97,16750
2026-03-18T17:00:00Z,2458.97,2469.20,2456.02,2461.57,9000
2026-03-18T18:00:00Z,2461.57,2471.41,2450.98,2452.20,14000
2026-03-18T19:00:00Z,2452.20,2459.31,2440.87,2445.27,10125
2026-03-18T20:00:00Z,2445.27,2453.09,2437.63,2439.82,16375
2026-03-18T21:00:00Z,2439.82,2446.16,2433.79,2438.42,15750
2026-03-18T22:00:00Z,2438.42,2447.42,2434.77,2446.69,13000
2026-03-18T23:00:00Z,2446.69,2456.79,2437.15,2452.14,17500
2026-03-19T00:00:00Z,2452.14,2454.83,2445.61,2450.51,8250
2026-03-19T01:00:00Z,2450.51,2450.51,2445.95,2447.90,8250
2026-03-19T02:00:00Z,2447.90,2457.81,2447.66,2454.13,15000
2026-03-19T03:00:00Z,2454.13,2473.91,2447.51,2467.01,10125
2026-03-19T04:00:00Z,2467.01,2476.13,2458.49,2465.88,10250
2026-03-19T05:00:00Z,2465.88,2472.17,2459.23,2466.99,18500
2026-03-19T06:00:00Z,2466.99,2468.96,2452.98,2453.22,6250
2026-03-19T07:00:00Z,2453.22,2459.59,2434.17,2442.22,10125
2026-03-19T08:00:00Z,2442.22,2450.76,2426.64,2430.28,14875
2026-03-19T09:00:00Z,2430.28,2433.78,2426.15,2432.57,7125
2026-03-19T10:00:00Z,2432.57,2436.07,2431.85,2434.13,15875
2026-03-19T11:00:00Z,2434.13,2444.22,2431.70,2435.21,16875
2026-03-19T12:00:00Z,2435.21,2438.13,2424.04,2426.95,10125
2026-03-19T13:00:00Z,2426.95,2436.27,2426.95,2428.02,13875
2026-03-19T14:00:00Z,2428.02,2436.51,2422.04,2426.89,17875
2026-03-19T15:00:00Z,2426.89,2445.62,2422.04,2444.16,11125
2026-03-19T16:00:00Z,2444.16,2452.47,2439.58,2440.31,13750
2026-03-19T17:00:00Z,2440.31,2449.58,2432.13,2439.93,8750
2026-03-19T18:00:00Z,2439.93,2441.63,2430.15,2430.39,18625
2026-03-19T19:00:00Z,2430.39,2436.70,2417.32,2426.05,16125
2026-03-19T20:00:00Z,2426.05,2432.50,2417.56,2428.62,15000
2026-03-19T21:00:00Z,2428.62,2432.15,2423.77,2431.43,12750
2026-03-19T22:00:00Z,2431.43,2438.23,2418.29,2423.37,15625
2026-03-19T23:00:00Z,2423.37,2429.18,2411.50,2416.33,6250
2026-03-20T00:00:00Z,2416.33,2436.60,2406.43,2429.07,9000
2026-03-20T01:00:00Z,2429.07,2438.97,2423.49,2430.23,11125
2026-03-20T02:00:00Z,2430.23,2435.33,2420.21,2422.63,7875
2026-03-20T03:00:00Z,2422.63,2437.87,2419.73,2432.04,6875
2026-03-20T04:00:00Z,2432.04,2433.98,2422.03,2425.42,12875
2026-03-20T05:00:00Z,2425.42,2430.99,2399.40,2405.65,13125
2026-03-20T06:00:00Z,2405.65,2415.00,2403.97,2413.56,9500
2026-03-20T07:00:00Z,2413.56,2422.47,2405.84,2419.57,18125
2026-03-20T08:00:00Z,2419.57,2420.05,2393.56,2398.35,11875
2026-03-20T09:00:00Z,2398.35,2399.54,2378.85,2388.40,14125
2026-03-20T10:00:00Z,2388.40,2395.80,2380.69,2386.89,14875
2026-03-20T11:00:00Z,2386.89,2392.37,2367.92,2375.75,8875
2026-03-20T12:00:00Z,2375.75,2380.97,2366.58,2367.52,13500
2026-03-20T13:00:00Z,2367.52,2375.52,2359.95,2370.07,14000
2026-03-20T14:00:00Z,2370.07,2375.49,2369.60,2374.31,14500
2026-03-20T15:00:00Z,2374.31,2381.64,2372.65,2377.60,14625
2026-03-20T16:00:00Z,2377.60,2387.11,2371.09,2374.88,6500
2026-03-20T17:00:00Z,2374.88,2378.63,2369.90,2376.73,13625
2026-03-20T18:00:00Z,2376.73,2383.14,2358.37,2358.60,7125
2026-03-20T19:00:00Z,2358.60,2371.37,2349.41,2364.75,18500
2026-03-20T20:00:00Z,2364.75,2373.23,2356.01,2367.55,12250
2026-03-20T21:00:00Z,2367.55,2381.88,2367.08,2380.22,14875
2026-03-20T22:00:00Z,2380.22,2388.32,2379.27,2384.27,10750
2026-03-20T23:00:00Z,2384.27,2388.08,2372.40,2375.25,8000
2026-03-21T00:00:00Z,2375.25,2386.09,2372.64,2383.24,14125
2026-03-21T01:00:00Z,2383.24,2385.14,2361.98,2365.05,11625
2026-03-21T02:00:00Z,2365.05,2373.01,2362.22,2368.28,8625
2026-03-21T03:00:00Z,2368.28,2369.22,2348.78,2356.79,16000
2026-03-21T04:00:00Z,2356.79,2357.49,2347.75,2352.92,10250
2026-03-21T05:00:00Z,2352.92,2356.44,2346.00,2351.17,14375
2026-03-21T06:00:00Z,2351.17,2361.46,2347.65,2353.70,9625
2026-03-21T07:00:00Z,2353.70,2355.58,2335.43,2341.98,15750
2026-03-21T08:00:00Z,2341.98,2347.34,2338.24,2347.11,7625
2026-03-21T09:00:00Z,2347.11,2356.50,2339.13,2351.33,16750
2026-03-21T10:00:00Z,2351.33,2363.07,2346.40,2353.89,7000
2026-03-21T11:00:00Z,2353.89,2358.12,2338.65,2344.27,8250
2026-03-21T12:00:00Z,2344.27,2353.17,2323.58,2328.46,13125
2026-03-21T13:00:00Z,2328.46,2341.80,2326.37,2335.27,14500
2026-03-21T14:00:00Z,2335.27,2338.25,2333.87,2335.69,15375
2026-03-21T15:00:00Z,2335.69,2340.59,2321.90,2326.08,17000
2026-03-21T16:00:00Z,2326.08,2327.01,2316.46,2324.82,12625
2026-03-21T17:00:00Z,2324.82,2330.43,2315.53,2327.87,18000
2026-03-21T18:00:00Z,2327.87,2334.85,2319.76,2322.31,9625
2026-03-21T19:00:00Z,2322.31,2329.44,2313.72,2329.44,11750
2026-03-21T20:00:00Z,2329.44,2341.70,2328.05,2335.17,8250
2026-03-21T21:00:00Z,2335.17,2337.50,2317.16,2326.46,17500
2026-03-21T22:00:00Z,2326.46,2331.57,2319.00,2319.46,14625
2026-03-21T23:00:00Z,2319.46,2324.09,2310.16,2319.43,17875
2026-03-22T00:00:00Z,2319.43,2321.51,2305.39,2305.62,9500
2026-03-22T01:00:00Z,2305.62,2325.37,2300.32,2315.88,9500
2026-03-22T02:00:00Z,2315.88,2332.69,2307.32,2323.86,10875
2026-03-22T03:00:00Z,2323.86,2331.76,2310.75,2317.00,13125
2026-03-22T04:00:00Z,2317.00,2324.29,2309.36,2323.13,8875
2026-03-22T05:00:00Z,2323.13,2332.19,2305.86,2310.71,18625
2026-03-22T06:00:00Z,2310.71,2315.79,2297.69,2302.29,7250
2026-03-22T07:00:00Z,2302.29,2311.38,2299.30,2307.69,7250
2026-03-22T08:00:00Z,2307.69,2310.11,2304.23,2309.88,18125
2026-03-22T09:00:00Z,2309.88,2315.42,2288.83,2296.86,12500
2026-03-22T10:00:00Z,2296.86,2303.98,2282.32,2290.79,18250
2026-03-22T11:00:00Z,2290.79,2314.29,2286.44,2307.14,8125
2026-03-22T12:00:00Z,2307.14,2322.69,2306.45,2319.45,16625
2026-03-22T13:00:00Z,2319.45,2323.26,2318.99,2322.80,10125
2026-03-22T14:00:00Z,2322.80,2330.69,2305.80,2309.49,11125
2026-03-22T15:00:00Z,2309.49,2317.89,2304.88,2317.43,17750
2026-03-22T16:00:00Z,2317.43,2321.36,2306.00,2310.85,11875
2026-03-22T17:00:00Z,2310.85,2320.09,2300.14,2305.67,14625
2026-03-22T18:00:00Z,2305.67,2323.03,2299.68,2320.25,14125
2026-03-22T19:00:00Z,2320.25,2326.39,2312.60,2320.83,13125
2026-03-22T20:00:00Z,2320.83,2330.34,2305.70,2311.94,14500
2026-03-22T21:00:00Z,2311.94,2326.37,2308.48,2317.11,6375
2026-03-22T22:00:00Z,2317.11,2326.71,2310.40,2320.22,14500
2026-03-22T23:00:00Z,2320.22,2326.48,2315.49,2317.34,12125
2026-03-23T00:00:00Z,2317.34,2323.07,2312.02,2320.06,9000
2026-03-23T01:00:00Z,2320.06,2337.66,2317.74,2333.93,8750
2026-03-23T02:00:00Z,2333.93,2341.16,2326.42,2333.65,6375
2026-03-23T03:00:00Z,2333.65,2336.68,2319.60,2323.08,8625
2026-03-23T04:00:00Z,2323.08,2324.00,2309.81,2318.38,10500
2026-03-23T05:00:00Z,2318.38,2322.50,2311.89,2320.65,12750
2026-03-23T06:00:00Z,2320.65,2330.83,2316.48,2327.81,11125
2026-03-23T07:00:00Z,2327.81,2332.43,2322.46,2332.43,18250
2026-03-23T08:00:00Z,2332.43,2352.98,2324.97,2343.38,9125
2026-03-23T09:00:00Z,2343.38,2344.08,2336.55,2340.76,16000
2026-03-23T10:00:00Z,2340.76,2344.73,2331.34,2335.31,16625
2026-03-23T11:00:00Z,2335.31,2358.26,2331.81,2350.98,16125
2026-03-23T12:00:00Z,2350.98,2360.58,2350.04,2351.18,9625
2026-03-23T13:00:00Z,2351.18,2360.33,2342.49,2354.21,17625
2026-03-23T14:00:00Z,2354.21,2379.29,2348.09,2372.65,10875
2026-03-23T15:00:00Z,2372.65,2378.34,2370.28,2376.92,15125
2026-03-23T16:00:00Z,2376.92,2382.62,2374.52,2375.94,14625
2026-03-23T17:00:00Z,2375.94,2384.25,2360.17,2363.95,14000
2026-03-23T18:00:00Z,2363.95,2370.09,2342.53,2345.34,16125
2026-03-23T19:00:00Z,2345.34,2358.74,2337.84,2351.46,12875
2026-03-23T20:00:00Z,2351.46,2358.74,2339.61,2343.12,9000
2026-03-23T21:00:00Z,2343.12,2346.86,2336.97,2340.48,16625
2026-03-23T22:00:00Z,2340.48,2347.26,2337.17,2339.97,11250
2026-03-23T23:00:00Z,2339.97,2350.99,2337.87,2345.37,9500
2026-03-24T00:00:00Z,2345.37,2347.71,2343.68,2344.38,8125
2026-03-24T01:00:00Z,2344.38,2352.81,2331.70,2341.29,13625
2026-03-24T02:00:00Z,2341.29,2349.48,2330.02,2339.37,18375
2026-03-24T03:00:00Z,2339.37,2348.72,2318.08,2322.26,8375
2026-03-24T04:00:00Z,2322.26,2328.06,2313.65,2317.12,18625
2026-03-24T05:00:00Z,2317.12,2317.81,2301.14,2303.21,13750
2026-03-24T06:00:00Z,2303.21,2313.77,2299.07,2307.31,11375
2026-03-24T07:00:00Z,2307.31,2309.61,2300.37,2304.51,10375
2026-03-24T08:00:00Z,2304.51,2310.04,2284.26,2287.92,13375
2026-03-24T09:00:00Z,2287.92,2287.92,2271.01,2271.23,13750
2026-03-24T10:00:00Z,2271.23,2273.72,2265.54,2269.62,11750
2026-03-24T11:00:00Z,2269.62,2279.13,2262.59,2273.68,6875
2026-03-24T12:00:00Z,2273.68,2279.13,2264.35,2272.75,17875
2026-03-24T13:00:00Z,2272.75,2276.84,2269.56,2271.14,10000
2026-03-24T14:00:00Z,2271.14,2290.87,2270.92,2282.20,7125
2026-03-24T15:00:00Z,2282.20,2289.04,2270.13,2273.54,15375
2026-03-24T16:00:00Z,2273.54,2282.12,2271.50,2281.21,18000
2026-03-24T17:00:00Z,2281.21,2282.57,2279.15,2279.83,16750
2026-03-24T18:00:00Z,2279.83,2284.35,2273.22,2282.07,9375
2026-03-24T19:00:00Z,2282.07,2287.77,2272.50,2277.28,7375
2026-03-24T20:00:00Z,2277.28,2288.17,2272.96,2281.10,7125
2026-03-24T21:00:00Z,2281.10,2289.00,2274.49,2288.78,18625
2026-03-24T22:00:00Z,2288.78,2314.09,2283.52,2307.17,14875
2026-03-24T23:00:00Z,2307.17,2324.64,2300.95,2317.69,13250
2026-03-25T00:00:00Z,2317.69,2325.80,2306.80,2314.43,18500
2026-03-25T01:00:00Z,2314.43,2332.98,2310.73,2330.42,6375
2026-03-25T02:00:00Z,2330.42,2338.85,2324.60,2333.49,15875
2026-03-25T03:00:00Z,2333.49,2342.12,2326.06,2330.48,16750
2026-03-25T04:00:00Z,2330.48,2339.80,2298.28,2306.12,8000
2026-03-25T05:00:00Z,2306.12,2306.58,2302.65,2303.57,16500
2026-03-25T06:00:00Z,2303.57,2303.57,2291.82,2299.63,10125
2026-03-25T07:00:00Z,2299.63,2303.07,2293.62,2295.22,6375
2026-03-25T08:00:00Z,2295.22,2300.49,2287.41,2294.52,6875
2026-03-25T09:00:00Z,2294.52,2295.66,2281.50,2281.72,7250
2026-03-25T10:00:00Z,2281.72,2281.72,2267.72,2274.99,13125
2026-03-25T11:00:00Z,2274.99,2281.81,2244.65,2253.89,18750
2026-03-25T12:00:00Z,2253.89,2260.44,2248.03,2255.93,13375
2026-03-25T13:00:00Z,2255.93,2259.08,2244.06,2249.68,14875
2026-03-25T14:00:00Z,2249.68,2259.84,2243.84,2251.96,9750
2026-03-25T15:00:00Z,2251.96,2258.13,2247.69,2256.33,11750
2026-03-25T16:00:00Z,2256.33,2260.84,2249.07,2254.93,16375
2026-03-25T17:00:00Z,2254.93,2260.56,2252.22,2254.24,11250
2026-03-25T18:00:00Z,2254.24,2259.87,2241.91,2248.20,16625
2026-03-25T19:00:00Z,2248.20,2249.99,2232.38,2237.75,14625
2026-03-25T20:00:00Z,2237.75,2246.70,2229.79,2233.81,10125
2026-03-25T21:00:00Z,2233.81,2255.33,2229.35,2247.47,7625
2026-03-25T22:00:00Z,2247.47,2263.08,2241.63,2261.50,18250
2026-03-25T23:00:00Z,2261.50,2267.09,2257.21,2264.38,10125
2026-03-26T00:00:00Z,2264.38,2283.25,2263.71,2276.20,14750
2026-03-26T01:00:00Z,2276.20,2286.95,2267.78,2278.98,15000
2026-03-26T02:00:00Z,2278.98,2286.72,2260.60,2262.18,10250
2026-03-26T03:00:00Z,2262.18,2266.47,2252.74,2255.44,8625
2026-03-26T04:00:00Z,2255.44,2260.85,2244.01,2247.38,7750
2026-03-26T05:00:00Z,2247.38,2254.34,2237.78,2244.06,16125
2026-03-26T06:00:00Z,2244.06,2259.38,2237.33,2257.13,9375
2026-03-26T07:00:00Z,2257.13,2264.62,2256.23,2257.63,7500
2026-03-26T08:00:00Z,2257.63,2261.91,2252.06,2254.53,8000
2026-03-26T09:00:00Z,2254.53,2260.84,2237.05,2246.25,8125
2026-03-26T10:00:00Z,2246.25,2251.64,2237.12,2241.15,8875
2026-03-26T11:00:00Z,2241.15,2244.79,2236.22,2242.10,11125
2026-03-26T12:00:00Z,2242.10,2246.35,2233.86,2240.58,14375
2026-03-26T13:00:00Z,2240.58,2255.66,2232.52,2247.80,9125
2026-03-26T14:00:00Z,2247.80,2250.94,2242.47,2247.18,11250
2026-03-26T15:00:00Z,2247.18,2252.17,2240.89,2251.50,9250
2026-03-26T16:00:00Z,2251.50,2253.07,2239.20,2247.96,7125
2026-03-26T17:00:00Z,2247.96,2253.80,2238.16,2238.60,12125
2026-03-26T18:00:00Z,2238.60,2250.28,2238.60,2247.81,17750
2026-03-26T19:00:00Z,2247.81,2252.97,2231.07,2238.90,14875
2026-03-26T20:00:00Z,2238.90,2246.55,2234.43,2240.51,10875
2026-03-26T21:00:00Z,2240.51,2248.35,2229.17,2236.10,15250
2026-03-26T22:00:00Z,2236.10,2240.79,2229.02,2231.25,18250
2026-03-26T23:00:00Z,2231.25,2239.35,2231.25,2231.54,7750
2026-03-27T00:00:00Z,2231.54,2245.92,2226.64,2237.87,11250
2026-03-27T01:00:00Z,2237.87,2248.70,2231.39,2242.20,11000
2026-03-27T02:00:00Z,2242.20,2255.94,2239.96,2250.32,13625
2026-03-27T03:00:00Z,2250.32,2255.27,2244.81,2245.25,12000
2026-03-27T04:00:00Z,2245.25,2260.34,2244.58,2253.81,9375
2026-03-27T05:00:00Z,2253.81,2260.12,2240.02,2243.83,7250
2026-03-27T06:00:00Z,2243.83,2254.90,2239.35,2246.15,10125
2026-03-27T07:00:00Z,2246.15,2258.14,2246.15,2250.04,8375
2026-03-27T08:00:00Z,2250.04,2263.76,2243.07,2258.80,6625
2026-03-27T09:00:00Z,2258.80,2266.47,2256.77,2265.57,13875
2026-03-27T10:00:00Z,2265.57,2278.28,2263.08,2270.34,9750
2026-03-27T11:00:00Z,2270.34,2282.87,2270.12,2274.01,16625
2026-03-27T12:00:00Z,2274.01,2274.55,2271.06,2274.10,15500
2026-03-27T13:00:00Z,2274.10,2277.83,2266.83,2274.42,10375
2026-03-27T14:00:00Z,2274.42,2289.86,2271.01,2280.74,10875
2026-03-27T15:00:00Z,2280.74,2294.85,2275.73,2286.85,17625
2026-03-27T16:00:00Z,2286.85,2298.23,2282.51,2292.73,14125
2026-03-27T17:00:00Z,2292.73,2293.41,2274.33,2283.00,13375
2026-03-27T18:00:00Z,2283.00,2287.33,2260.73,2270.03,9500
2026-03-27T19:00:00Z,2270.03,2275.11,2267.99,2271.93,18125
2026-03-27T20:00:00Z,2271.93,2284.91,2268.07,2275.59,9250
2026-03-27T21:00:00Z,2275.59,2282.38,2269.45,2280.56,7125
2026-03-27T22:00:00Z,2280.56,2285.20,2279.20,2282.24,16500
2026-03-27T23:00:00Z,2282.24,2291.59,2272.42,2280.85,13875
2026-03-28T00:00:00Z,2280.85,2292.81,2280.17,2292.59,13750
2026-03-28T01:00:00Z,2292.59,2296.82,2284.34,2294.53,13375
2026-03-28T02:00:00Z,2294.53,2300.82,2291.55,2295.55,17250
2026-03-28T03:00:00Z,2295.55,2315.41,2295.55,2309.18,18000
2026-03-28T04:00:00Z,2309.18,2315.41,2304.22,2305.14,6250
2026-03-28T05:00:00Z,2305.14,2314.13,2285.73,2288.93,7625
2026-03-28T06:00:00Z,2288.93,2301.59,2288.71,2299.53,8750
2026-03-28T07:00:00Z,2299.53,2305.27,2291.39,2296.90,7375
2026-03-28T08:00:00Z,2296.90,2316.48,2292.77,2310.71,13250
2026-03-28T09:00:00Z,2310.71,2310.71,2303.47,2303.70,17250
2026-03-28T10:00:00Z,2303.70,2319.62,2300.94,2316.61,6875
2026-03-28T11:00:00Z,2316.61,2320.86,2310.13,2319.47,16125
2026-03-28T12:00:00Z,2319.47,2322.71,2308.51,2314.29,16875
2026-03-28T13:00:00Z,2314.29,2319.94,2313.60,2314.85,16375
2026-03-28T14:00:00Z,2314.85,2326.50,2305.36,2319.08,12875
2026-03-28T15:00:00Z,2319.08,2322.79,2311.62,2313.00,13375
2026-03-28T16:00:00Z,2313.00,2322.81,2306.07,2314.25,11500
2026-03-28T17:00:00Z,2314.25,2324.50,2305.46,2318.25,10875
2026-03-28T18:00:00Z,2318.25,2327.06,2314.08,2325.90,13125
2026-03-28T19:00:00Z,2325.90,2338.05,2324.97,2330.60,7750
2026-03-28T20:00:00Z,2330.60,2339.68,2324.04,2325.20,18750
2026-03-28T21:00:00Z,2325.20,2344.45,2324.04,2337.21,12375
2026-03-28T22:00:00Z,2337.21,2349.09,2335.35,2346.05,7250
2026-03-28T23:00:00Z,2346.05,2350.27,2331.73,2340.38,10250
2026-03-29T00:00:00Z,2340.38,2342.01,2326.19,2332.95,9125
2026-03-29T01:00:00Z,2332.95,2333.41,2325.55,2329.27,13125
2026-03-29T02:00:00Z,2329.27,2337.42,2315.09,2319.03,9250
2026-03-29T03:00:00Z,2319.03,2326.49,2315.56,2319.31,12750
2026-03-29T04:00:00Z,2319.31,2326.26,2314.93,2315.39,15250
2026-03-29T05:00:00Z,2315.39,2318.46,2312.38,2315.45,18375
2026-03-29T06:00:00Z,2315.45,2318.07,2312.44,2316.68,18500
2026-03-29T07:00:00Z,2316.68,2322.70,2309.99,2312.30,6750
2026-03-29T08:00:00Z,2312.30,2321.08,2305.61,2308.14,15750
2026-03-29T09:00:00Z,2308.14,2319.60,2306.76,2311.51,9500
2026-03-29T10:00:00Z,2311.51,2317.51,2292.17,2297.45,10750
2026-03-29T11:00:00Z,2297.45,2302.38,2296.54,2298.71,14375
2026-03-29T12:00:00Z,2298.71,2303.62,2294.81,2298.80,7125
2026-03-29T13:00:00Z,2298.80,2299.25,2295.20,2298.18,14625
2026-03-29T14:00:00Z,2298.18,2306.91,2279.80,2284.82,13000
2026-03-29T15:00:00Z,2284.82,2290.07,2272.95,2281.84,11375
2026-03-29T16:00:00Z,2281.84,2292.89,2278.19,2289.00,12500
2026-03-29T17:00:00Z,2289.00,2295.63,2282.15,2285.80,8250
2026-03-29T18:00:00Z,2285.80,2291.28,2269.20,2277.39,12125
2026-03-29T19:00:00Z,2277.39,2277.61,2257.25,2264.72,11625
2026-03-29T20:00:00Z,2264.72,2269.92,2259.75,2262.46,11500
2026-03-29T21:00:00Z,2262.46,2271.73,2255.80,2257.60,7000
2026-03-29T22:00:00Z,2257.60,2259.63,2243.04,2246.85,6750
2026-03-29T23:00:00Z,2246.85,2264.71,2241.91,2256.82,9000
2026-03-30T00:00:00Z,2256.82,2264.03,2255.25,2262.90,17500
2026-03-30T01:00:00Z,2262.90,2267.42,2246.19,2255.43,12875
2026-03-30T02:00:00Z,2255.43,2262.42,2252.49,2252.71,18500
2026-03-30T03:00:00Z,2252.71,2254.06,2240.10,2241.44,13750
2026-03-30T04:00:00Z,2241.44,2245.02,2232.92,2238.06,16125
2026-03-30T05:00:00Z,2238.06,2238.06,2230.23,2232.46,10750
2026-03-30T06:00:00Z,2232.46,2238.04,2225.77,2236.03,7000
2026-03-30T07:00:00Z,2236.03,2239.81,2235.59,2236.46,6375
2026-03-30T08:00:00Z,2236.46,2244.73,2230.20,2237.35,13625
2026-03-30T09:00:00Z,2237.35,2245.40,2231.30,2236.89,17500
2026-03-30T10:00:00Z,2236.89,2249.87,2232.64,2246.06,17500
2026-03-30T11:00:00Z,2246.06,2252.12,2224.76,2231.23,9125
2026-03-30T12:00:00Z,2231.23,2237.92,2215.18,2223.18,8375
2026-03-30T13:00:00Z,2223.18,2234.29,2222.74,2225.84,10500
2026-03-30T14:00:00Z,2225.84,2232.28,2218.94,2227.83,11750
2026-03-30T15:00:00Z,2227.83,2233.62,2218.70,2226.71,16750
2026-03-30T16:00:00Z,2226.71,2250.79,2219.14,2243.62,7625
2026-03-30T17:00:00Z,2243.62,2251.47,2234.21,2241.60,7375
2026-03-30T18:00:00Z,2241.60,2257.76,2238.24,2249.67,13250
2026-03-30T19:00:00Z,2249.67,2256.64,2233.50,2242.46,14625
2026-03-30T20:00:00Z,2242.46,2243.13,2236.40,2237.07,13875
2026-03-30T21:00:00Z,2237.07,2249.37,2235.73,2240.41,15250
2026-03-30T22:00:00Z,2240.41,2257.00,2237.73,2251.38,13875
2026-03-30T23:00:00Z,2251.38,2251.60,2236.31,2238.99,14875
2026-03-31T00:00:00Z,2238.99,2245.25,2219.83,2222.71,18375
2026-03-31T01:00:00Z,2222.71,2226.71,2211.06,2212.60,12125
2026-03-31T02:00:00Z,2212.60,2230.40,2211.72,2224.40,15000
2026-03-31T03:00:00Z,2224.40,2243.60,2220.85,2237.34,11000
2026-03-31T04:00:00Z,2237.34,2251.45,2234.66,2248.76,17375
2026-03-31T05:00:00Z,2248.76,2265.88,2240.89,2259.11,6875
2026-03-31T06:00:00Z,2259.11,2262.08,2251.89,2261.41,16375
2026-03-31T07:00:00Z,2261.41,2269.09,2248.50,2250.30,17875
2026-03-31T08:00:00Z,2250.30,2252.32,2240.35,2245.06,14875
2026-03-31T09:00:00Z,2245.06,2261.35,2242.82,2259.10,7625
2026-03-31T10:00:00Z,2259.10,2266.81,2250.07,2262.97,10750
2026-03-31T11:00:00Z,2262.97,2274.65,2258.22,2273.29,16000
2026-03-31T12:00:00Z,2273.29,2287.82,2270.11,2278.94,17125
2026-03-31T13:00:00Z,2278.94,2298.05,2275.75,2295.53,14375
2026-03-31T14:00:00Z,2295.53,2303.79,2288.78,2292.67,9125
2026-03-31T15:00:00Z,2292.67,2301.38,2286.22,2287.36,17750
2026-03-31T16:00:00Z,2287.36,2294.22,2279.71,2285.88,18125
2026-03-31T17:00:00Z,2285.88,2304.07,2279.03,2301.54,15375
2026-03-31T18:00:00Z,2301.54,2307.29,2294.41,2296.24,17625
2026-03-31T19:00:00Z,2296.24,2296.92,2282.13,2288.53,11875
2026-03-31T20:00:00Z,2288.53,2294.70,2283.61,2288.41,10125
2026-03-31T21:00:00Z,2288.41,2310.13,2284.98,2306.21,17375
2026-03-31T22:00:00Z,2306.21,2308.51,2298.45,2300.06,16375
2026-03-31T23:00:00Z,2300.06,2309.60,2291.09,2306.15,8875
2026-04-01T00:00:00Z,2306.15,2322.25,2298.54,2315.54,14750
2026-04-01T01:00:00Z,2315.54,2315.54,2302.30,2311.77,16500
2026-04-01T02:00:00Z,2311.77,2313.15,2305.94,2305.94,12125
2026-04-01T03:00:00Z,2305.94,2314.47,2291.37,2297.80,6250
2026-04-01T04:00:00Z,2297.80,2316.16,2294.59,2309.01,17375
2026-04-01T05:00:00Z,2309.01,2319.58,2301.40,2311.73,14250
2026-04-01T06:00:00Z,2311.73,2321.16,2307.57,2319.31,6250
2026-04-01T07:00:00Z,2319.31,2325.29,2319.08,2322.97,10750
2026-04-01T08:00:00Z,2322.97,2327.38,2317.36,2322.23,15750
2026-04-01T09:00:00Z,2322.23,2324.08,2306.16,2311.93,7625
2026-04-01T10:00:00Z,2311.93,2314.01,2301.92,2305.14,15000
2026-04-01T11:00:00Z,2305.14,2311.82,2292.63,2297.45,12875
2026-04-01T12:00:00Z,2297.45,2304.11,2283.60,2291.62,7750
2026-04-01T13:00:00Z,2291.62,2296.20,2289.26,2290.17,17625
2026-04-01T14:00:00Z,2290.17,2299.54,2286.28,2297.48,13375
2026-04-01T15:00:00Z,2297.48,2304.79,2288.52,2300.65,9250
2026-04-01T16:00:00Z,2300.65,2314.45,2300.42,2308.45,10500
2026-04-01T17:00:00Z,2308.45,2311.68,2298.44,2300.28,6500
2026-04-01T18:00:00Z,2300.28,2302.81,2298.15,2300.22,17375
2026-04-01T19:00:00Z,2300.22,2303.21,2287.74,2297.15,13625
2026-04-01T20:00:00Z,2297.15,2298.75,2286.97,2292.01,17000
2026-04-01T21:00:00Z,2292.01,2311.10,2283.76,2306.72,15750
2026-04-01T22:00:00Z,2306.72,2314.10,2303.90,2306.43,14375
2026-04-01T23:00:00Z,2306.43,2311.96,2297.85,2305.45,11625
2026-04-02T00:00:00Z,2305.45,2313.78,2304.30,2309.40,13375
2026-04-02T01:00:00Z,2309.40,2314.48,2306.45,2308.29,17375
2026-04-02T02:00:00Z,2308.29,2319.65,2307.14,2312.26,10875
2026-04-02T03:00:00Z,2312.26,2313.18,2298.18,2300.94,10250
2026-04-02T04:00:00Z,2300.94,2309.22,2292.94,2299.60,11000
2026-04-02T05:00:00Z,2299.60,2307.64,2293.43,2297.79,7375
2026-04-02T06:00:00Z,2297.79,2308.19,2289.29,2305.89,14750
2026-04-02T07:00:00Z,2305.89,2314.93,2303.13,2306.40,9000
2026-04-02T08:00:00Z,2306.40,2314.93,2295.37,2301.35,15625
2026-04-02T09:00:00Z,2301.35,2303.65,2283.65,2291.21,16375
2026-04-02T10:00:00Z,2291.21,2296.02,2278.63,2285.94,6875
2026-04-02T11:00:00Z,2285.94,2290.96,2283.21,2283.21,18375
2026-04-02T12:00:00Z,2283.21,2289.83,2274.34,2282.09,9375
2026-04-02T13:00:00Z,2282.09,2285.78,2280.04,2284.64,16750
2026-04-02T14:00:00Z,2284.64,2290.40,2275.51,2286.29,17375
2026-04-02T15:00:00Z,2286.29,2294.06,2275.34,2282.18,15375
2026-04-02T16:00:00Z,2282.18,2289.48,2276.94,2278.53,7000
2026-04-02T17:00:00Z,2278.53,2283.08,2271.22,2273.49,8875
2026-04-02T18:00:00Z,2273.49,2287.93,2272.59,2279.96,12125
2026-04-02T19:00:00Z,2279.96,2285.43,2270.60,2274.23,16000
2026-04-02T20:00:00Z,2274.23,2283.09,2263.07,2269.42,10750
2026-04-02T21:00:00Z,2269.42,2288.45,2269.42,2279.56,17375
2026-04-02T22:00:00Z,2279.56,2285.71,2266.33,2273.60,13000
2026-04-02T23:00:00Z,2273.60,2286.01,2264.74,2280.09,10250
2026-04-03T00:00:00Z,2280.09,2284.40,2270.97,2282.12,17000
2026-04-03T01:00:00Z,2282.12,2291.24,2268.45,2273.67,12375
2026-04-03T02:00:00Z,2273.67,2281.40,2264.39,2268.92,10375
2026-04-03T03:00:00Z,2268.92,2274.81,2263.29,2265.55,13250
2026-04-03T04:00:00Z,2265.55,2268.26,2261.98,2263.33,17125
2026-04-03T05:00:00Z,2263.33,2267.40,2249.41,2257.99,10875
2026-04-03T06:00:00Z,2257.99,2265.66,2250.41,2254.69,14000
2026-04-03T07:00:00Z,2254.69,2263.10,2252.21,2255.21,7750
2026-04-03T08:00:00Z,2255.21,2256.33,2239.48,2240.60,8125
2026-04-03T09:00:00Z,2240.60,2247.14,2238.59,2244.68,14375
2026-04-03T10:00:00Z,2244.68,2252.98,2236.73,2244.13,8500
2026-04-03T11:00:00Z,2244.13,2245.47,2231.17,2236.98,12000
2026-04-03T12:00:00Z,2236.98,2239.55,2235.42,2238.21,17500
2026-04-03T13:00:00Z,2238.21,2247.36,2232.84,2245.79,14875
2026-04-03T14:00:00Z,2245.79,2264.33,2238.38,2256.66,8375
2026-04-03T15:00:00Z,2256.66,2259.81,2254.36,2254.81,6500
2026-04-03T16:00:00Z,2254.81,2264.89,2246.70,2261.95,8125
2026-04-03T17:00:00Z,2261.95,2270.12,2254.72,2265.59,17000
2026-04-03T18:00:00Z,2265.59,2269.21,2256.71,2264.40,11875
2026-04-03T19:00:00Z,2264.40,2275.99,2260.78,2267.38,17125
2026-04-03T20:00:00Z,2267.38,2267.83,2255.21,2263.13,11125
2026-04-03T21:00:00Z,2263.13,2266.75,2255.08,2259.14,9875
2026-04-03T22:00:00Z,2259.14,2268.54,2253.50,2265.60,14875
2026-04-03T23:00:00Z,2265.60,2270.35,2249.17,2257.06,8375
2026-04-04T00:00:00Z,2257.06,2257.96,2243.64,2252.19,11000
2026-04-04T01:00:00Z,2252.19,2259.49,2244.09,2254.99,8000
2026-04-04T02:00:00Z,2254.99,2260.62,2234.12,2241.74,14375
2026-04-04T03:00:00Z,2241.74,2245.77,2223.88,2231.46,7500
2026-04-04T04:00:00Z,2231.46,2235.69,2225.94,2228.16,11875
2026-04-04T05:00:00Z,2228.16,2235.51,2219.72,2222.38,10750
2026-04-04T06:00:00Z,2222.38,2238.88,2214.38,2233.52,9875
2026-04-04T07:00:00Z,2233.52,2236.87,2227.55,2228.88,11875
2026-04-04T08:00:00Z,2228.88,2235.95,2219.97,2231.05,16375
2026-04-04T09:00:00Z,2231.05,2240.19,2218.64,2227.55,15250
2026-04-04T10:00:00Z,2227.55,2230.22,2220.56,2226.57,8250
2026-04-04T11:00:00Z,2226.57,2228.57,2209.60,2217.36,7875
2026-04-04T12:00:00Z,2217.36,2222.01,2209.70,2215.46,17000
2026-04-04T13:00:00Z,2215.46,2220.33,2200.93,2204.89,18000
2026-04-04T14:00:00Z,2204.89,2208.66,2204.45,2208.00,11125
2026-04-04T15:00:00Z,2208.00,2215.05,2206.02,2209.31,15625
2026-04-04T16:00:00Z,2209.31,2224.27,2206.44,2220.28,17125
2026-04-04T17:00:00Z,2220.28,2234.60,2219.62,2228.37,10125
2026-04-04T18:00:00Z,2228.37,2234.16,2222.34,2227.23,15875
2026-04-04T19:00:00Z,2227.23,2227.67,2218.77,2226.33,15750
2026-04-04T20:00:00Z,2226.33,2244.71,2219.43,2237.11,17375
2026-04-04T21:00:00Z,2237.11,2251.58,2236.67,2247.99,12625
2026-04-04T22:00:00Z,2247.99,2249.78,2242.26,2247.87,17875
2026-04-04T23:00:00Z,2247.87,2256.41,2235.44,2243.74,8750
2026-04-05T00:00:00Z,2243.74,2257.68,2237.69,2248.47,10875
2026-04-05T01:00:00Z,2248.47,2252.06,2226.30,2235.01,11500
2026-04-05T02:00:00Z,2235.01,2254.26,2233.67,2252.24,15125
2026-04-05T03:00:00Z,2252.24,2265.11,2243.91,2259.02,8625
2026-04-05T04:00:00Z,2259.02,2267.37,2248.45,2252.27,16125
2026-04-05T05:00:00Z,2252.27,2259.02,2241.51,2247.12,7625
2026-04-05T06:00:00Z,2247.12,2265.81,2242.86,2259.49,6875
2026-04-05T07:00:00Z,2259.49,2273.73,2254.07,2273.73,18625
2026-04-05T08:00:00Z,2273.73,2279.64,2261.04,2262.17,17750
2026-04-05T09:00:00Z,2262.17,2269.40,2240.55,2248.19,12125
2026-04-05T10:00:00Z,2248.19,2252.68,2247.54,2247.54,10000
2026-04-05T11:00:00Z,2247.54,2249.58,2245.30,2249.36,8125
2026-04-05T12:00:00Z,2249.36,2252.50,2245.13,2246.25,7000
2026-04-05T13:00:00Z,2246.25,2259.75,2242.66,2254.57,11125
2026-04-05T14:00:00Z,2254.57,2262.46,2245.61,2248.53,17375
2026-04-05T15:00:00Z,2248.53,2251.45,2246.54,2247.21,11000
2026-04-05T16:00:00Z,2247.21,2247.21,2234.92,2242.31,11375
2026-04-05T17:00:00Z,2242.31,2256.90,2241.87,2249.93,11500
2026-04-05T18:00:00Z,2249.93,2276.26,2247.46,2268.78,7000
2026-04-05T19:00:00Z,2268.78,2283.08,2266.74,2277.62,16125
2026-04-05T20:00:00Z,2277.62,2286.97,2268.97,2281.95,16125
2026-04-05T21:00:00Z,2281.95,2287.88,2268.33,2276.52,16625
2026-04-05T22:00:00Z,2276.52,2287.00,2276.30,2280.62,13625
2026-04-05T23:00:00Z,2280.62,2289.51,2266.80,2271.11,13875
2026-04-06T00:00:00Z,2271.11,2277.46,2255.92,2264.75,11500
2026-04-06T01:00:00Z,2264.75,2275.65,2260.45,2275.20,10875
2026-04-06T02:00:00Z,2275.20,2277.70,2262.26,2271.57,9250
2026-04-06T03:00:00Z,2271.57,2279.97,2264.10,2267.04,6250
2026-04-06T04:00:00Z,2267.04,2278.67,2264.55,2271.18,11625
2026-04-06T05:00:00Z,2271.18,2279.23,2266.42,2276.73,9750
2026-04-06T06:00:00Z,2276.73,2282.64,2271.06,2272.19,8000
2026-04-06T07:00:00Z,2272.19,2283.47,2265.38,2278.46,8000
2026-04-06T08:00:00Z,2278.46,2285.06,2270.29,2274.15,14625
2026-04-06T09:00:00Z,2274.15,2286.61,2266.88,2280.00,13750
2026-04-06T10:00:00Z,2280.00,2286.38,2261.64,2265.71,15625
2026-04-06T11:00:00Z,2265.71,2270.46,2255.06,2260.71,18750
2026-04-06T12:00:00Z,2260.71,2268.17,2250.01,2253.16,15375
2026-04-06T13:00:00Z,2253.16,2262.17,2248.16,2248.16,13625
2026-04-06T14:00:00Z,2248.16,2256.02,2238.67,2243.38,12625
2026-04-06T15:00:00Z,2243.38,2248.76,2228.47,2235.62,17500
2026-04-06T16:00:00Z,2235.62,2242.76,2228.69,2240.97,9875
2026-04-06T17:00:00Z,2240.97,2244.55,2234.39,2235.28,18250
2026-04-06T18:00:00Z,2235.28,2245.67,2226.57,2243.21,10250
2026-04-06T19:00:00Z,2243.21,2248.81,2238.53,2241.21,9250
2026-04-06T20:00:00Z,2241.21,2241.21,2232.76,2239.92,10375
2026-04-06T21:00:00Z,2239.92,2244.84,2226.19,2234.90,9250
2026-04-06T22:00:00Z,2234.90,2238.92,2227.84,2228.73,6875
2026-04-06T23:00:00Z,2228.73,2230.29,2216.46,2220.01,14000
2026-04-07T00:00:00Z,2220.01,2240.78,2216.46,2233.19,13500
2026-04-07T01:00:00Z,2233.19,2234.75,2217.45,2226.35,7625
2026-04-07T02:00:00Z,2226.35,2245.74,2217.67,2245.52,8875
2026-04-07T03:00:00Z,2245.52,2256.13,2239.24,2246.92,7250
2026-04-07T04:00:00Z,2246.92,2251.41,2245.20,2246.54,10750
2026-04-07T05:00:00Z,2246.54,2254.68,2243.85,2249.96,17750
2026-04-07T06:00:00Z,2249.96,2250.18,2242.45,2246.26,16750
2026-04-07T07:00:00Z,2246.26,2247.15,2238.73,2246.14,18500
2026-04-07T08:00:00Z,2246.14,2261.49,2243.67,2261.27,9125
2026-04-07T09:00:00Z,2261.27,2268.05,2257.36,2257.58,6625
2026-04-07T10:00:00Z,2257.58,2280.50,2254.42,2271.19,10125
2026-04-07T11:00:00Z,2271.19,2279.59,2254.84,2255.06,8375
2026-04-07T12:00:00Z,2255.06,2259.79,2245.92,2247.04,15000
2026-04-07T13:00:00Z,2247.04,2253.81,2238.28,2251.79,10875
2026-04-07T14:00:00Z,2251.79,2259.89,2238.29,2241.65,10125
2026-04-07T15:00:00Z,2241.65,2247.25,2231.95,2235.97,18250
2026-04-07T16:00:00Z,2235.97,2249.38,2231.95,2242.66,13500
2026-04-07T17:00:00Z,2242.66,2244.00,2231.59,2238.52,15625
2026-04-07T18:00:00Z,2238.52,2241.40,2233.38,2239.17,7250
2026-04-07T19:00:00Z,2239.17,2240.06,2229.79,2238.96,16875
2026-04-07T20:00:00Z,2238.96,2245.27,2232.70,2243.70,11875
2026-04-07T21:00:00Z,2243.70,2261.28,2240.34,2257.90,16500
2026-04-07T22:00:00Z,2257.90,2267.95,2253.39,2265.01,14125
2026-04-07T23:00:00Z,2265.01,2267.27,2259.47,2262.41,11750
2026-04-08T00:00:00Z,2262.41,2269.87,2249.97,2259.23,10375
2026-04-08T01:00:00Z,2259.23,2259.23,2251.78,2259.00,15500
2026-04-08T02:00:00Z,2259.00,2259.22,2245.48,2251.10,17000
2026-04-08T03:00:00Z,2251.10,2256.05,2240.31,2249.08,9500
2026-04-08T04:00:00Z,2249.08,2272.02,2241.66,2264.78,18250
2026-04-08T05:00:00Z,2264.78,2266.80,2263.43,2266.58,14250
2026-04-08T06:00:00Z,2266.58,2282.20,2257.75,2274.25,7125
2026-04-08T07:00:00Z,2274.25,2276.52,2269.70,2273.56,15000
2026-04-08T08:00:00Z,2273.56,2281.06,2255.24,2262.93,7625
2026-04-08T09:00:00Z,2262.93,2280.95,2262.26,2278.22,6375
2026-04-08T10:00:00Z,2278.22,2278.22,2271.19,2273.46,18375
2026-04-08T11:00:00Z,2273.46,2278.46,2269.84,2272.33,13750
2026-04-08T12:00:00Z,2272.33,2280.51,2254.73,2261.06,15125
2026-04-08T13:00:00Z,2261.06,2268.52,2256.80,2258.38,12875
2026-04-08T14:00:00Z,2258.38,2272.09,2257.71,2266.66,6750
2026-04-08T15:00:00Z,2266.66,2273.68,2254.03,2262.85,11375
2026-04-08T16:00:00Z,2262.85,2263.75,2249.43,2250.78,7125
2026-04-08T17:00:00Z,2250.78,2266.04,2244.26,2257.69,13750
2026-04-08T18:00:00Z,2257.69,2265.14,2244.03,2252.58,16750
2026-04-08T19:00:00Z,2252.58,2260.02,2249.88,2253.04,17000
2026-04-08T20:00:00Z,2253.04,2266.29,2244.48,2258.84,6250
2026-04-08T21:00:00Z,2258.84,2266.97,2249.58,2260.42,9250
2026-04-08T22:00:00Z,2260.42,2274.02,2257.94,2273.12,11875
2026-04-08T23:00:00Z,2273.12,2288.70,2264.49,2281.86,15125
2026-04-09T00:00:00Z,2281.86,2286.19,2273.15,2281.82,13375
2026-04-09T01:00:00Z,2281.82,2291.14,2280.68,2287.26,11000
2026-04-09T02:00:00Z,2287.26,2296.61,2280.40,2293.63,6875
2026-04-09T03:00:00Z,2293.63,2294.31,2283.96,2285.33,13750
2026-04-09T04:00:00Z,2285.33,2298.11,2280.31,2289.64,13875
2026-04-09T05:00:00Z,2289.64,2305.46,2281.17,2300.40,16875
2026-04-09T06:00:00Z,2300.40,2306.15,2281.98,2288.38,7500
2026-04-09T07:00:00Z,2288.38,2293.41,2286.06,2286.28,10000
2026-04-09T08:00:00Z,2286.28,2290.39,2276.64,2282.34,15250
2026-04-09T09:00:00Z,2282.34,2282.56,2268.11,2269.47,16250
2026-04-09T10:00:00Z,2269.47,2278.77,2267.61,2267.83,18250
2026-04-09T11:00:00Z,2267.83,2286.70,2260.80,2278.96,8875
2026-04-09T12:00:00Z,2278.96,2287.16,2263.63,2268.16,6375
2026-04-09T13:00:00Z,2268.16,2269.74,2249.93,2254.43,11875
2026-04-09T14:00:00Z,2254.43,2261.86,2250.08,2250.98,7375
2026-04-09T15:00:00Z,2250.98,2260.20,2244.15,2245.72,7875
2026-04-09T16:00:00Z,2245.72,2249.31,2231.93,2236.40,10750
2026-04-09T17:00:00Z,2236.40,2245.56,2221.32,2225.32,8125
2026-04-09T18:00:00Z,2225.32,2231.52,2219.76,2228.18,16000
2026-04-09T19:00:00Z,2228.18,2232.19,2216.00,2216.44,14750
2026-04-09T20:00:00Z,2216.44,2217.54,2211.71,2214.14,10750
2026-04-09T21:00:00Z,2214.14,2219.23,2199.65,2206.71,12500
2026-04-09T22:00:00Z,2206.71,2216.00,2198.33,2216.00,7375
2026-04-09T23:00:00Z,2216.00,2220.18,2212.46,2218.19,16000
2026-04-10T00:00:00Z,2218.19,2224.24,2209.32,2218.48,16750
2026-04-10T01:00:00Z,2218.48,2229.86,2217.82,2225.64,6375
2026-04-10T02:00:00Z,2225.64,2230.98,2218.61,2222.83,15750
2026-04-10T03:00:00Z,2222.83,2223.27,2213.36,2219.35,17375
2026-04-10T04:00:00Z,2219.35,2224.76,2210.92,2219.44,17875
2026-04-10T05:00:00Z,2219.44,2227.25,2210.79,2226.81,7125
2026-04-10T06:00:00Z,2226.81,2234.38,2218.48,2220.47,12375
2026-04-10T07:00:00Z,2220.47,2227.83,2212.70,2227.83,16125
2026-04-10T08:00:00Z,2227.83,2228.27,2221.03,2226.59,7875
2026-04-10T09:00:00Z,2226.59,2233.55,2226.59,2229.76,12000
2026-04-10T10:00:00Z,2229.76,2233.10,2216.53,2225.65,13000
2026-04-10T11:00:00Z,2225.65,2232.85,2223.21,2225.73,16625
2026-04-10T12:00:00Z,2225.73,2231.29,2220.74,2222.51,11875
2026-04-10T13:00:00Z,2222.51,2233.85,2216.07,2230.73,7500
2026-04-10T14:00:00Z,2230.73,2231.17,2225.02,2230.59,12000
2026-04-10T15:00:00Z,2230.59,2236.21,2230.37,2233.76,11000
2026-04-10T16:00:00Z,2233.76,2248.85,2233.09,2246.83,6750
2026-04-10T17:00:00Z,2246.83,2253.12,2238.51,2238.95,14625
2026-04-10T18:00:00Z,2238.95,2257.90,2230.45,2250.48,12000
2026-04-10T19:00:00Z,2250.48,2252.73,2237.51,2238.40,9875
2026-04-10T20:00:00Z,2238.40,2251.77,2232.59,2247.06,14000
2026-04-10T21:00:00Z,2247.06,2247.37,2245.04,2247.15,9500
2026-04-10T22:00:00Z,2247.15,2263.93,2245.58,2256.26,9000
2026-04-10T23:00:00Z,2256.26,2259.91,2247.47,2258.56,10375
2026-04-11T00:00:00Z,2258.56,2267.59,2255.03,2257.73,14625
2026-04-11T01:00:00Z,2257.73,2281.78,2256.38,2272.92,12625
2026-04-11T02:00:00Z,2272.92,2274.28,2263.25,2268.46,12875
2026-04-11T03:00:00Z,2268.46,2277.30,2256.33,2265.61,6750
2026-04-11T04:00:00Z,2265.61,2285.58,2262.22,2279.66,14250
2026-04-11T05:00:00Z,2279.66,2284.67,2274.06,2277.70,12250
2026-04-11T06:00:00Z,2277.70,2279.29,2269.40,2274.85,16875
2026-04-11T07:00:00Z,2274.85,2285.82,2267.58,2279.67,14500
2026-04-11T08:00:00Z,2279.67,2283.14,2275.80,2282.00,9875
2026-04-11T09:00:00Z,2282.00,2285.75,2280.41,2282.10,15625
2026-04-11T10:00:00Z,2282.10,2289.85,2263.49,2270.98,11500
2026-04-11T11:00:00Z,2270.98,2274.15,2261.71,2263.97,9250
2026-04-11T12:00:00Z,2263.97,2271.90,2263.97,2270.77,16500
2026-04-11T13:00:00Z,2270.77,2278.26,2262.89,2264.24,14875
2026-04-11T14:00:00Z,2264.24,2266.27,2261.46,2264.17,11375
2026-04-11T15:00:00Z,2264.17,2272.09,2256.26,2261.46,9000
2026-04-11T16:00:00Z,2261.46,2272.70,2260.56,2270.21,11000
2026-04-11T17:00:00Z,2270.21,2291.47,2266.36,2287.81,6250
2026-04-11T18:00:00Z,2287.81,2299.95,2280.04,2299.95,13500
2026-04-11T19:00:00Z,2299.95,2302.01,2293.24,2298.29,16250
2026-04-11T20:00:00Z,2298.29,2309.28,2291.86,2303.99,14625
2026-04-11T21:00:00Z,2303.99,2312.97,2288.60,2294.10,6750
2026-04-11T22:00:00Z,2294.10,2300.98,2285.21,2291.16,9875
2026-04-11T23:00:00Z,2291.16,2293.81,2290.02,2292.21,11500
2026-04-12T00:00:00Z,2292.21,2294.04,2287.26,2287.94,10875
2026-04-12T01:00:00Z,2287.94,2305.43,2284.06,2304.28,7875
2026-04-12T02:00:00Z,2304.28,2306.81,2292.41,2297.92,17875
2026-04-12T03:00:00Z,2297.92,2302.28,2278.27,2286.27,10625
2026-04-12T04:00:00Z,2286.27,2293.81,2278.81,2279.03,17625
2026-04-12T05:00:00Z,2279.03,2289.63,2276.76,2285.75,17125
2026-04-12T06:00:00Z,2285.75,2293.52,2269.82,2275.05,6750
2026-04-12T07:00:00Z,2275.05,2276.87,2256.00,2263.01,14375
2026-04-12T08:00:00Z,2263.01,2274.68,2257.13,2272.19,7125
2026-04-12T09:00:00Z,2272.19,2291.48,2269.47,2283.95,6625
2026-04-12T10:00:00Z,2283.95,2289.88,2272.36,2277.37,16625
2026-04-12T11:00:00Z,2277.37,2288.87,2271.68,2279.53,13250
2026-04-12T12:00:00Z,2279.53,2287.16,2273.61,2280.55,14250
2026-04-12T13:00:00Z,2280.55,2287.84,2272.61,2273.74,10500
2026-04-12T14:00:00Z,2273.74,2296.34,2270.79,2289.70,17375
2026-04-12T15:00:00Z,2289.70,2297.02,2280.34,2281.93,17875
2026-04-12T16:00:00Z,2281.93,2290.25,2275.77,2282.49,7625
2026-04-12T17:00:00Z,2282.49,2284.31,2270.46,2278.66,7750
2026-04-12T18:00:00Z,2278.66,2284.75,2270.92,2283.61,14250
2026-04-12T19:00:00Z,2283.61,2290.00,2273.22,2282.34,18625
2026-04-12T20:00:00Z,2282.34,2293.50,2275.04,2288.70,8375
2026-04-12T21:00:00Z,2288.70,2291.21,2279.30,2279.98,9375
2026-04-12T22:00:00Z,2279.98,2282.25,2266.10,2273.37,10125
2026-04-12T23:00:00Z,2273.37,2281.32,2264.49,2265.39,18375
2026-04-13T00:00:00Z,2265.39,2269.01,2254.08,2261.54,11875
2026-04-13T01:00:00Z,2261.54,2263.57,2251.37,2256.33,18250
2026-04-13T02:00:00Z,2256.33,2263.09,2238.07,2246.15,6875
2026-04-13T03:00:00Z,2246.15,2254.23,2220.70,2223.81,7250
2026-04-13T04:00:00Z,2223.81,2224.47,2216.64,2219.52,13625
2026-04-13T05:00:00Z,2219.52,2228.62,2210.37,2215.68,9375
2026-04-13T06:00:00Z,2215.68,2224.55,2211.92,2221.67,17500
2026-04-13T07:00:00Z,2221.67,2229.44,2206.94,2213.80,15125
2026-04-13T08:00:00Z,2213.80,2222.70,2211.59,2221.82,17250
2026-04-13T09:00:00Z,2221.82,2229.81,2213.54,2217.75,14125
2026-04-13T10:00:00Z,2217.75,2228.86,2216.65,2220.65,9375
2026-04-13T11:00:00Z,2220.65,2222.43,2217.99,2222.21,14625
2026-04-13T12:00:00Z,2222.21,2229.98,2205.42,2212.72,17250
2026-04-13T13:00:00Z,2212.72,2214.93,2204.94,2210.68,15875
2026-04-13T14:00:00Z,2210.68,2217.31,2190.39,2199.18,14625
2026-04-13T15:00:00Z,2199.18,2200.05,2185.54,2187.72,13000
2026-04-13T16:00:00Z,2187.72,2197.87,2180.51,2193.49,10500
2026-04-13T17:00:00Z,2193.49,2194.58,2180.84,2186.96,8875
2026-04-13T18:00:00Z,2186.96,2197.31,2186.96,2191.18,10500
2026-04-13T19:00:00Z,2191.18,2201.21,2186.15,2199.02,16125
2026-04-13T20:00:00Z,2199.02,2203.41,2186.96,2191.56,9250
2026-04-13T21:00:00Z,2191.56,2195.28,2186.03,2189.97,10625
2026-04-13T22:00:00Z,2189.97,2192.59,2180.89,2186.57,14250
2026-04-13T23:00:00Z,2186.57,2195.59,2180.23,2188.59,13375
2026-04-14T00:00:00Z,2188.59,2196.46,2181.29,2183.03,10500
2026-04-14T01:00:00Z,2183.03,2192.56,2180.20,2190.81,7750
2026-04-14T02:00:00Z,2190.81,2192.26,2185.78,2191.39,7500
2026-04-14T03:00:00Z,2191.39,2195.11,2184.08,2189.99,8500
2026-04-14T04:00:00Z,2189.99,2206.59,2186.49,2198.24,8375
2026-04-14T05:00:00Z,2198.24,2206.81,2196.85,2197.28,6625
2026-04-14T06:00:00Z,2197.28,2205.19,2185.57,2186.22,18250
2026-04-14T07:00:00Z,2186.22,2187.31,2176.53,2184.39,6500
2026-04-14T08:00:00Z,2184.39,2191.38,2173.63,2180.82,10375
2026-04-14T09:00:00Z,2180.82,2193.17,2176.68,2191.42,9375
2026-04-14T10:00:00Z,2191.42,2199.01,2187.48,2197.70,17500
2026-04-14T11:00:00Z,2197.70,2197.91,2187.30,2193.66,13500
2026-04-14T12:00:00Z,2193.66,2199.14,2185.47,2193.14,6375
2026-04-14T13:00:00Z,2193.14,2200.59,2183.66,2187.59,17500
2026-04-14T14:00:00Z,2187.59,2193.41,2182.56,2188.60,9875
2026-04-14T15:00:00Z,2188.60,2193.34,2180.94,2191.15,9250
2026-04-14T16:00:00Z,2191.15,2197.20,2184.14,2193.91,15125
2026-04-14T17:00:00Z,2193.91,2200.49,2182.89,2187.26,8875
2026-04-14T18:00:00Z,2187.26,2189.88,2173.43,2181.93,13125
2026-04-14T19:00:00Z,2181.93,2186.73,2172.06,2175.97,14500
2026-04-14T20:00:00Z,2175.97,2181.10,2169.66,2179.80,14625
2026-04-14T21:00:00Z,2179.80,2188.51,2163.64,2169.06,16625
2026-04-14T22:00:00Z,2169.06,2179.82,2164.73,2173.31,10125
2026-04-14T23:00:00Z,2173.31,2177.65,2163.04,2169.98,9000
2026-04-15T00:00:00Z,2169.98,2188.13,2167.82,2181.16,6750
2026-04-15T01:00:00Z,2181.16,2183.68,2174.40,2182.59,8000
2026-04-15T02:00:00Z,2182.59,2193.41,2181.29,2187.73,14000
2026-04-15T03:00:00Z,2187.73,2191.66,2182.16,2182.81,17750
2026-04-15T04:00:00Z,2182.81,2188.92,2173.13,2178.57,15250
2026-04-15T05:00:00Z,2178.57,2187.41,2176.18,2179.35,16375
2026-04-15T06:00:00Z,2179.35,2179.78,2162.08,2170.76,15750
2026-04-15T07:00:00Z,2170.76,2172.27,2157.04,2160.71,10500
2026-04-15T08:00:00Z,2160.71,2168.92,2157.61,2159.33,7500
2026-04-15T09:00:00Z,2159.33,2167.10,2158.81,2158.81,6500
2026-04-15T10:00:00Z,2158.81,2163.12,2153.34,2154.41,12000
2026-04-15T11:00:00Z,2154.41,2158.28,2148.53,2150.89,15125
2026-04-15T12:00:00Z,2150.89,2158.20,2148.24,2148.24,17625
2026-04-15T13:00:00Z,2148.24,2150.81,2137.44,2144.30,15500
2026-04-15T14:00:00Z,2144.30,2150.00,2137.66,2146.57,10125
2026-04-15T15:00:00Z,2146.57,2154.86,2143.14,2147.56,6875
2026-04-15T16:00:00Z,2147.56,2163.95,2139.19,2161.36,7500
2026-04-15T17:00:00Z,2161.36,2172.70,2152.94,2166.64,14500
2026-04-15T18:00:00Z,2166.64,2176.72,2158.41,2171.51,8250
2026-04-15T19:00:00Z,2171.51,2182.87,2169.34,2180.91,12750
2026-04-15T20:00:00Z,2180.91,2186.47,2173.50,2182.76,13000
2026-04-15T21:00:00Z,2182.76,2186.90,2172.70,2174.22,8125
2026-04-15T22:00:00Z,2174.22,2176.95,2165.31,2175.00,13000
2026-04-15T23:00:00Z,2175.00,2180.00,2165.43,2166.07,10375
2026-04-16T00:00:00Z,2166.07,2166.07,2159.41,2161.13,17250
2026-04-16T01:00:00Z,2161.13,2162.64,2146.97,2153.64,8750
2026-04-16T02:00:00Z,2153.64,2175.69,2151.06,2167.03,14125
2026-04-16T03:00:00Z,2167.03,2177.67,2167.03,2175.93,7750
2026-04-16T04:00:00Z,2175.93,2189.02,2172.02,2181.17,10125
2026-04-16T05:00:00Z,2181.17,2201.21,2174.41,2195.07,14125
2026-04-16T06:00:00Z,2195.07,2203.62,2192.88,2199.23,13375
2026-04-16T07:00:00Z,2199.23,2203.18,2189.65,2195.13,6875
2026-04-16T08:00:00Z,2195.13,2205.01,2190.96,2199.30,7375
2026-04-16T09:00:00Z,2199.30,2203.03,2188.51,2188.72,12500
2026-04-16T10:00:00Z,2188.72,2197.68,2184.79,2194.17,14000
2026-04-16T11:00:00Z,2194.17,2200.73,2192.64,2198.98,6875
2026-04-16T12:00:00Z,2198.98,2213.89,2194.37,2205.07,12375
2026-04-16T13:00:00Z,2205.07,2222.91,2196.70,2220.25,17375
2026-04-16T14:00:00Z,2220.25,2228.02,2216.13,2218.12,16500
2026-04-16T15:00:00Z,2218.12,2230.90,2213.02,2223.79,7625
2026-04-16T16:00:00Z,2223.79,2234.76,2215.34,2231.42,10625
2026-04-16T17:00:00Z,2231.42,2244.18,2230.53,2240.15,17125
2026-04-16T18:00:00Z,2240.15,2247.54,2236.84,2239.52,10000
2026-04-16T19:00:00Z,2239.52,2248.04,2236.17,2240.65,7750
2026-04-16T20:00:00Z,2240.65,2251.68,2240.21,2247.64,9125
2026-04-16T21:00:00Z,2247.64,2261.38,2244.50,2254.62,15625
2026-04-16T22:00:00Z,2254.62,2260.70,2241.93,2245.07,6250
2026-04-16T23:00:00Z,2245.07,2249.56,2236.96,2241.44,9375
2026-04-17T00:00:00Z,2241.44,2250.51,2234.94,2244.68,8625
2026-04-17T01:00:00Z,2244.68,2253.88,2226.19,2233.33,12375
2026-04-17T02:00:00Z,2233.33,2236.90,2226.07,2231.87,8750
2026-04-17T03:00:00Z,2231.87,2234.54,2218.37,2221.48,11375
2026-04-17T04:00:00Z,2221.48,2227.92,2213.15,2213.59,9125
2026-04-17T05:00:00Z,2213.59,2219.22,2207.62,2214.80,8875
2026-04-17T06:00:00Z,2214.80,2219.00,2212.46,2214.23,7125
2026-04-17T07:00:00Z,2214.23,2221.09,2206.14,2213.22,10625
2026-04-17T08:00:00Z,2213.22,2214.32,2205.80,2209.55,6250
2026-04-17T09:00:00Z,2209.55,2216.17,2196.64,2205.01,13500
2026-04-17T10:00:00Z,2205.01,2221.91,2201.71,2217.92,17125
2026-04-17T11:00:00Z,2217.92,2220.13,2209.81,2212.02,16000
2026-04-17T12:00:00Z,2212.02,2219.76,2197.53,2205.69,14875
2026-04-17T13:00:00Z,2205.69,2209.66,2193.66,2200.26,8250
2026-04-17T14:00:00Z,2200.26,2205.54,2198.39,2199.70,18500
2026-04-17T15:00:00Z,2199.70,2203.43,2184.85,2190.98,9625
2026-04-17T16:00:00Z,2190.98,2204.47,2189.01,2195.47,8875
2026-04-17T17:00:00Z,2195.47,2201.39,2188.98,2193.58,13625
2026-04-17T18:00:00Z,2193.58,2205.77,2189.20,2202.47,11375
2026-04-17T19:00:00Z,2202.47,2205.55,2189.80,2193.30,12625
2026-04-17T20:00:00Z,2193.30,2198.89,2187.82,2198.46,14250
2026-04-17T21:00:00Z,2198.46,2207.82,2195.17,2206.28,7375
2026-04-17T22:00:00Z,2206.28,2208.80,2202.09,2207.48,11250
2026-04-17T23:00:00Z,2207.48,2209.35,2199.32,2207.81,11875
2026-04-18T00:00:00Z,2207.81,2211.12,2199.79,2206.85,15125
2026-04-18T01:00:00Z,2206.85,2218.02,2199.13,2217.36,13500
2026-04-18T02:00:00Z,2217.36,2222.37,2210.27,2221.04,6375
2026-04-18T03:00:00Z,2221.04,2237.60,2219.05,2231.13,9500
2026-04-18T04:00:00Z,2231.13,2244.84,2230.69,2237.02,6875
2026-04-18T05:00:00Z,2237.02,2258.99,2230.31,2252.24,13125
2026-04-18T06:00:00Z,2252.24,2256.51,2245.61,2251.01,13125
2026-04-18T07:00:00Z,2251.01,2260.23,2246.43,2249.80,18375
2026-04-18T08:00:00Z,2249.80,2252.49,2239.87,2245.48,8000
2026-04-18T09:00:00Z,2245.48,2251.76,2243.19,2243.63,6625
2026-04-18T10:00:00Z,2243.63,2251.03,2236.83,2243.11,15125
2026-04-18T11:00:00Z,2243.11,2251.77,2241.99,2244.59,15750
2026-04-18T12:00:00Z,2244.59,2244.59,2234.08,2240.57,9375
2026-04-18T13:00:00Z,2240.57,2250.51,2240.35,2244.68,9000
2026-04-18T14:00:00Z,2244.68,2252.89,2243.79,2247.05,8250
2026-04-18T15:00:00Z,2247.05,2252.66,2232.83,2239.99,18625
2026-04-18T16:00:00Z,2239.99,2262.20,2232.83,2256.11,15375
2026-04-18T17:00:00Z,2256.11,2272.68,2248.90,2267.24,7875
2026-04-18T18:00:00Z,2267.24,2268.60,2253.22,2257.50,15250
2026-04-18T19:00:00Z,2257.50,2276.24,2252.54,2270.80,12375
2026-04-18T20:00:00Z,2270.80,2289.95,2266.94,2281.74,17625
2026-04-18T21:00:00Z,2281.74,2289.38,2279.24,2289.16,14750
2026-04-18T22:00:00Z,2289.16,2290.99,2287.10,2287.55,10375
2026-04-18T23:00:00Z,2287.55,2293.95,2283.29,2283.97,10750
2026-04-19T00:00:00Z,2283.97,2285.34,2271.34,2278.86,7250
2026-04-19T01:00:00Z,2278.86,2287.51,2269.67,2274.67,9625
2026-04-19T02:00:00Z,2274.67,2282.85,2259.14,2265.71,8250
2026-04-19T03:00:00Z,2265.71,2271.97,2265.49,2267.89,13125
2026-04-19T04:00:00Z,2267.89,2267.89,2254.68,2259.65,17625
2026-04-19T05:00:00Z,2259.65,2273.58,2259.65,2271.54,8250
2026-04-19T06:00:00Z,2271.54,2277.67,2252.40,2256.91,9500
2026-04-19T07:00:00Z,2256.91,2262.55,2254.58,2255.70,10250
2026-04-19T08:00:00Z,2255.70,2264.04,2250.21,2254.49,17000
2026-04-19T09:00:00Z,2254.49,2262.98,2254.04,2254.87,10000
2026-04-19T10:00:00Z,2254.87,2266.53,2251.27,2260.88,18750
2026-04-19T11:00:00Z,2260.88,2264.63,2254.55,2263.28,14500
2026-04-19T12:00:00Z,2263.28,2277.92,2256.04,2273.61,13250
2026-04-19T13:00:00Z,2273.61,2286.04,2269.30,2279.21,14500
2026-04-19T14:00:00Z,2279.21,2289.40,2271.01,2286.66,7750
2026-04-19T15:00:00Z,2286.66,2286.88,2268.31,2273.31,14125
2026-04-19T16:00:00Z,2273.31,2273.99,2257.56,2263.67,17875
2026-04-19T17:00:00Z,2263.67,2270.23,2254.31,2263.59,18250
2026-04-19T18:00:00Z,2263.59,2268.79,2251.74,2255.80,8500
2026-04-19T19:00:00Z,2255.80,2265.88,2247.46,2264.98,11250
2026-04-19T20:00:00Z,2264.98,2265.65,2252.69,2261.50,12625
2026-04-19T21:00:00Z,2261.50,2262.17,2252.15,2257.34,7125
2026-04-19T22:00:00Z,2257.34,2270.59,2248.54,2265.16,12000
2026-04-19T23:00:00Z,2265.16,2279.83,2260.41,2275.97,9875
2026-04-20T00:00:00Z,2275.97,2282.34,2265.33,2265.78,17000
2026-04-20T01:00:00Z,2265.78,2281.03,2262.61,2271.72,12875
2026-04-20T02:00:00Z,2271.72,2273.31,2269.50,2270.40,7625
2026-04-20T03:00:00Z,2270.40,2271.53,2262.51,2267.04,9500
2026-04-20T04:00:00Z,2267.04,2279.36,2261.15,2275.27,9000
2026-04-20T05:00:00Z,2275.27,2284.65,2265.95,2278.05,13500
2026-04-20T06:00:00Z,2278.05,2283.28,2261.69,2264.86,10750
2026-04-20T07:00:00Z,2264.86,2268.48,2259.47,2262.18,14125
2026-04-20T08:00:00Z,2262.18,2281.51,2253.14,2276.28,9125
2026-04-20T09:00:00Z,2276.28,2281.28,2262.00,2266.53,12875
2026-04-20T10:00:00Z,2266.53,2275.44,2260.64,2272.26,7625
2026-04-20T11:00:00Z,2272.26,2275.49,2269.99,2273.90,15375
2026-04-20T12:00:00Z,2273.90,2274.80,2261.21,2267.33,15125
2026-04-20T13:00:00Z,2267.33,2278.73,2258.95,2270.79,14000
2026-04-20T14:00:00Z,2270.79,2283.37,2270.57,2278.14,9750
2026-04-20T15:00:00Z,2278.14,2290.52,2276.55,2282.54,8375
2026-04-20T16:00:00Z,2282.54,2288.70,2261.79,2267.23,14250
2026-04-20T17:00:00Z,2267.23,2270.17,2264.56,2265.23,9125
2026-04-20T18:00:00Z,2265.23,2274.82,2259.12,2269.38,11125
2026-04-20T19:00:00Z,2269.38,2274.91,2263.71,2273.32,12250
2026-04-20T20:00:00Z,2273.32,2284.32,2273.32,2278.17,12250
2026-04-20T21:00:00Z,2278.17,2286.91,2275.90,2283.49,9500
2026-04-20T22:00:00Z,2283.49,2292.16,2268.67,2274.81,14125
2026-04-20T23:00:00Z,2274.81,2282.08,2263.24,2268.23,7625
2026-04-21T00:00:00Z,2268.23,2276.90,2260.07,2268.29,14000
2026-04-21T01:00:00Z,2268.29,2276.45,2252.49,2256.09,10250
2026-04-21T02:00:00Z,2256.09,2266.76,2247.75,2258.63,7125
2026-04-21T03:00:00Z,2258.63,2263.14,2251.01,2256.65,15500
2026-04-21T04:00:00Z,2256.65,2259.80,2247.46,2252.18,10875
2026-04-21T05:00:00Z,2252.18,2257.36,2245.26,2248.85,8250
2026-04-21T06:00:00Z,2248.85,2264.01,2246.83,2262.21,10750
2026-04-21T07:00:00Z,2262.21,2273.17,2258.82,2270.00,11000
2026-04-21T08:00:00Z,2270.00,2282.83,2261.61,2277.82,9750
2026-04-21T09:00:00Z,2277.82,2282.90,2276.69,2278.12,17875
2026-04-21T10:00:00Z,2278.12,2278.34,2261.30,2266.74,13750
2026-04-21T11:00:00Z,2266.74,2277.04,2261.76,2271.37,8375
2026-04-21T12:00:00Z,2271.37,2279.85,2267.97,2272.81,8250
2026-04-21T13:00:00Z,2272.81,2277.58,2266.72,2266.94,15250
2026-04-21T14:00:00Z,2266.94,2271.24,2257.89,2259.01,11625
2026-04-21T15:00:00Z,2259.01,2261.26,2249.98,2250.65,7625
2026-04-21T16:00:00Z,2250.65,2256.27,2240.75,2243.89,18125
2026-04-21T17:00:00Z,2243.89,2251.96,2238.78,2243.04,10750
2026-04-21T18:00:00Z,2243.04,2255.11,2235.64,2254.89,12625
2026-04-21T19:00:00Z,2254.89,2255.56,2244.80,2254.04,9500
2026-04-21T20:00:00Z,2254.04,2261.25,2244.55,2245.44,14125
2026-04-21T21:00:00Z,2245.44,2269.10,2243.65,2261.87,14125
2026-04-21T22:00:00Z,2261.87,2267.83,2259.61,2262.63,14500
2026-04-21T23:00:00Z,2262.63,2271.17,2260.82,2269.59,10375
2026-04-22T00:00:00Z,2269.59,2289.15,2267.10,2280.72,17625
2026-04-22T01:00:00Z,2280.72,2284.59,2275.72,2280.50,18125
2026-04-22T02:00:00Z,2280.50,2288.48,2263.68,2270.71,10750
2026-04-22T03:00:00Z,2270.71,2276.39,2263.45,2276.17,16125
2026-04-22T04:00:00Z,2276.17,2288.47,2273.67,2279.13,7000
2026-04-22T05:00:00Z,2279.13,2281.20,2276.17,2280.06,13625
2026-04-22T06:00:00Z,2280.06,2288.72,2267.57,2276.21,17875
2026-04-22T07:00:00Z,2276.21,2279.62,2270.56,2273.74,17625
2026-04-22T08:00:00Z,2273.74,2277.37,2259.53,2261.56,12250
2026-04-22T09:00:00Z,2261.56,2263.36,2255.31,2258.01,7375
2026-04-22T10:00:00Z,2258.01,2262.07,2244.36,2249.08,14500
2026-04-22T11:00:00Z,2249.08,2253.39,2242.56,2250.02,15500
2026-04-22T12:00:00Z,2250.02,2261.92,2246.42,2258.31,8625
2026-04-22T13:00:00Z,2258.31,2261.24,2245.11,2253.22,16625
2026-04-22T14:00:00Z,2253.22,2265.40,2249.85,2256.60,15125
2026-04-22T15:00:00Z,2256.60,2264.49,2252.64,2252.64,16125
2026-04-22T16:00:00Z,2252.64,2259.61,2250.84,2257.58,17000
2026-04-22T17:00:00Z,2257.58,2265.93,2237.09,2245.17,17375
2026-04-22T18:00:00Z,2245.17,2250.78,2241.58,2248.76,12875
2026-04-22T19:00:00Z,2248.76,2253.25,2244.80,2247.94,8125
2026-04-22T20:00:00Z,2247.94,2259.59,2240.53,2254.41,12375
2026-04-22T21:00:00Z,2254.41,2255.08,2250.21,2253.59,9875
2026-04-22T22:00:00Z,2253.59,2257.42,2246.07,2249.66,16125
2026-04-22T23:00:00Z,2249.66,2258.87,2240.67,2253.92,18625
2026-04-23T00:00:00Z,2253.92,2261.62,2246.26,2253.96,17250
2026-04-23T01:00:00Z,2253.96,2261.84,2238.26,2241.62,6750
2026-04-23T02:00:00Z,2241.62,2245.43,2228.95,2235.88,13625
2026-04-23T03:00:00Z,2235.88,2249.58,2229.40,2242.41,10625
2026-04-23T04:00:00Z,2242.41,2252.34,2235.24,2244.27,8250
2026-04-23T05:00:00Z,2244.27,2249.04,2235.75,2245.90,15875
2026-04-23T06:00:00Z,2245.90,2257.63,2245.23,2250.21,15250
2026-04-23T07:00:00Z,2250.21,2262.84,2249.99,2256.53,8000
2026-04-23T08:00:00Z,2256.53,2268.54,2253.83,2259.28,7750
2026-04-23T09:00:00Z,2259.28,2264.98,2254.31,2260.69,7875
2026-04-23T10:00:00Z,2260.69,2277.63,2251.43,2269.69,14125
2026-04-23T11:00:00Z,2269.69,2278.35,2269.01,2272.45,6500
2026-04-23T12:00:00Z,2272.45,2282.69,2271.55,2275.87,8125
2026-04-23T13:00:00Z,2275.87,2285.67,2271.78,2278.84,9000
2026-04-23T14:00:00Z,2278.84,2284.53,2270.83,2271.51,8625
2026-04-23T15:00:00Z,2271.51,2282.97,2264.02,2282.06,12625
2026-04-23T16:00:00Z,2282.06,2290.73,2273.34,2276.98,9500
2026-04-23T17:00:00Z,2276.98,2280.39,2269.34,2275.71,10250
2026-04-23T18:00:00Z,2275.71,2278.21,2268.83,2271.55,13000
2026-04-23T19:00:00Z,2271.55,2296.75,2262.70,2288.06,16375
2026-04-23T20:00:00Z,2288.06,2299.37,2284.40,2296.16,10000
2026-04-23T21:00:00Z,2296.16,2300.06,2287.90,2290.19,10750
2026-04-23T22:00:00Z,2290.19,2308.52,2288.36,2302.08,13375
2026-04-23T23:00:00Z,2302.08,2304.15,2295.26,2301.70,18125
2026-04-24T00:00:00Z,2301.70,2307.22,2288.65,2290.02,16000
2026-04-24T01:00:00Z,2290.02,2297.80,2282.81,2283.72,17875
2026-04-24T02:00:00Z,2283.72,2299.58,2276.42,2292.94,10875
2026-04-24T03:00:00Z,2292.94,2301.65,2273.92,2279.16,16750
2026-04-24T04:00:00Z,2279.16,2282.57,2273.67,2273.67,15750
2026-04-24T05:00:00Z,2273.67,2276.17,2264.81,2270.48,18375
2026-04-24T06:00:00Z,2270.48,2291.13,2262.31,2287.25,17500
2026-04-24T07:00:00Z,2287.25,2304.59,2279.94,2301.83,6375
2026-04-24T08:00:00Z,2301.83,2310.43,2294.01,2305.82,16250
2026-04-24T09:00:00Z,2305.82,2315.04,2293.91,2299.42,10750
2026-04-24T10:00:00Z,2299.42,2307.23,2288.38,2297.80,13625
2026-04-24T11:00:00Z,2297.80,2317.66,2292.98,2311.89,17000
2026-04-24T12:00:00Z,2311.89,2313.97,2296.21,2300.81,17125
2026-04-24T13:00:00Z,2300.81,2307.20,2291.61,2301.91,17000
2026-04-24T14:00:00Z,2301.91,2306.51,2296.94,2299.23,17250
2026-04-24T15:00:00Z,2299.23,2301.47,2294.64,2301.24,7875
2026-04-24T16:00:00Z,2301.24,2319.29,2299.17,2312.13,14375
2026-04-24T17:00:00Z,2312.13,2318.60,2291.82,2300.79,12875
2026-04-24T18:00:00Z,2300.79,2304.93,2286.74,2291.78,12375
2026-04-24T19:00:00Z,2291.78,2312.56,2283.76,2306.34,7250
2026-04-24T20:00:00Z,2306.34,2311.18,2303.96,2304.19,12625
2026-04-24T21:00:00Z,2304.19,2309.95,2297.39,2303.60,15125
2026-04-24T22:00:00Z,2303.60,2311.01,2296.00,2304.56,15750
2026-04-24T23:00:00Z,2304.56,2321.95,2302.72,2321.72,16125
2026-04-25T00:00:00Z,2321.72,2335.94,2319.40,2329.65,16000
2026-04-25T01:00:00Z,2329.65,2340.84,2326.86,2340.38,15250
2026-04-25T02:00:00Z,2340.38,2346.01,2332.19,2344.14,7750
2026-04-25T03:00:00Z,2344.14,2358.22,2343.91,2354.22,7250
2026-04-25T04:00:00Z,2354.22,2357.75,2351.18,2352.12,7000
2026-04-25T05:00:00Z,2352.12,2360.12,2343.19,2353.30,8000
2026-04-25T06:00:00Z,2353.30,2366.20,2345.30,2364.55,18000
2026-04-25T07:00:00Z,2364.55,2369.04,2353.03,2357.98,6375
2026-04-25T08:00:00Z,2357.98,2360.34,2349.97,2359.87,15875
2026-04-25T09:00:00Z,2359.87,2369.54,2350.53,2352.64,15875
2026-04-25T10:00:00Z,2352.64,2364.10,2346.76,2362.69,9375
2026-04-25T11:00:00Z,2362.69,2376.11,2356.32,2369.95,7125
2026-04-25T12:00:00Z,2369.95,2379.42,2365.95,2369.26,13500
2026-04-25T13:00:00Z,2369.26,2370.92,2369.26,2370.92,12875
2026-04-25T14:00:00Z,2370.92,2371.63,2366.96,2367.43,9000
2026-04-25T15:00:00Z,2367.43,2371.92,2358.01,2366.29,15875
2026-04-25T16:00:00Z,2366.29,2385.06,2358.01,2379.12,18625
2026-04-25T17:00:00Z,2379.12,2384.35,2370.96,2370.96,17500
2026-04-25T18:00:00Z,2370.96,2379.19,2364.56,2376.34,10125
2026-04-25T19:00:00Z,2376.34,2376.34,2372.61,2374.03,8000
2026-04-25T20:00:00Z,2374.03,2376.16,2362.73,2371.74,10875
2026-04-25T21:00:00Z,2371.74,2375.30,2371.74,2372.70,8125
2026-04-25T22:00:00Z,2372.70,2374.62,2367.25,2373.20,9250
2026-04-25T23:00:00Z,2373.20,2381.98,2362.46,2368.38,8500
2026-04-26T00:00:00Z,2368.38,2376.66,2358.06,2361.60,9750
2026-04-26T01:00:00Z,2361.60,2368.92,2350.37,2354.84,11000
2026-04-26T02:00:00Z,2354.84,2360.72,2347.40,2350.22,13125
2026-04-26T03:00:00Z,2350.22,2361.37,2342.23,2355.25,6500
2026-04-26T04:00:00Z,2355.25,2369.02,2345.83,2359.82,6375
2026-04-26T05:00:00Z,2359.82,2369.15,2354.63,2363.95,13625
2026-04-26T06:00:00Z,2363.95,2371.86,2357.57,2367.37,8375
2026-04-26T07:00:00Z,2367.37,2381.03,2357.91,2379.13,8000
2026-04-26T08:00:00Z,2379.13,2385.07,2370.17,2372.54,16000
2026-04-26T09:00:00Z,2372.54,2378.70,2364.80,2369.30,10000
2026-04-26T10:00:00Z,2369.30,2375.69,2356.84,2363.69,12375
2026-04-26T11:00:00Z,2363.69,2366.99,2355.28,2362.13,10000
2026-04-26T12:00:00Z,2362.13,2367.56,2346.36,2352.71,13250
2026-04-26T13:00:00Z,2352.71,2361.07,2344.95,2354.95,9750
2026-04-26T14:00:00Z,2354.95,2365.42,2351.19,2356.47,9125
2026-04-26T15:00:00Z,2356.47,2356.94,2349.46,2350.63,10250
2026-04-26T16:00:00Z,2350.63,2359.79,2338.94,2345.50,7000
2026-04-26T17:00:00Z,2345.50,2350.89,2334.09,2343.22,9625
2026-04-26T18:00:00Z,2343.22,2351.18,2326.80,2330.52,14500
2026-04-26T19:00:00Z,2330.52,2336.11,2313.76,2322.58,14000
2026-04-26T20:00:00Z,2322.58,2330.14,2320.96,2326.66,9250
2026-04-26T21:00:00Z,2326.66,2335.96,2319.75,2324.63,16750
2026-04-26T22:00:00Z,2324.63,2338.54,2319.99,2331.32,18625
2026-04-26T23:00:00Z,2331.32,2337.14,2322.57,2331.19,13375
2026-04-27T00:00:00Z,2331.19,2334.68,2315.74,2318.29,14625
2026-04-27T01:00:00Z,2318.29,2322.15,2309.25,2322.15,17625
2026-04-27T02:00:00Z,2322.15,2328.41,2319.05,2319.05,16625
2026-04-27T03:00:00Z,2319.05,2320.67,2308.96,2309.19,12375
2026-04-27T04:00:00Z,2309.19,2312.88,2305.86,2305.86,12625
2026-04-27T05:00:00Z,2305.86,2314.85,2302.10,2305.32,18500
2026-04-27T06:00:00Z,2305.32,2307.33,2300.71,2307.33,18375
2026-04-27T07:00:00Z,2307.33,2316.50,2305.26,2308.66,8875
2026-04-27T08:00:00Z,2308.66,2322.61,2307.05,2320.99,11875
2026-04-27T09:00:00Z,2320.99,2328.41,2304.72,2304.72,18375
2026-04-27T10:00:00Z,2304.72,2306.56,2299.60,2304.43,14875
2026-04-27T11:00:00Z,2304.43,2307.42,2301.36,2302.97,13750
2026-04-27T12:00:00Z,2302.97,2308.49,2292.68,2296.81,15000
2026-04-27T13:00:00Z,2296.81,2304.38,2280.56,2288.56,13875
2026-04-27T14:00:00Z,2288.56,2294.73,2282.51,2285.70,12625
2026-04-27T15:00:00Z,2285.70,2293.80,2283.42,2292.43,9125
2026-04-27T16:00:00Z,2292.43,2297.21,2283.49,2292.86,15000
2026-04-27T17:00:00Z,2292.86,2301.11,2269.22,2273.53,8625
2026-04-27T18:00:00Z,2273.53,2274.40,2272.85,2274.40,18625
2026-04-27T19:00:00Z,2274.40,2280.76,2269.98,2272.47,17250
2026-04-27T20:00:00Z,2272.47,2280.32,2266.34,2278.05,9250
2026-04-27T21:00:00Z,2278.05,2280.32,2270.06,2270.96,10375
2026-04-27T22:00:00Z,2270.96,2276.63,2256.24,2259.17,6250
2026-04-27T23:00:00Z,2259.17,2273.49,2253.98,2269.18,10625
2026-04-28T00:00:00Z,2269.18,2277.85,2265.78,2269.46,14875
2026-04-28T01:00:00Z,2269.46,2276.33,2260.39,2272.02,7750
2026-04-28T02:00:00Z,2272.02,2284.58,2269.98,2282.53,8875
2026-04-28T03:00:00Z,2282.53,2289.14,2277.35,2281.68,12250
2026-04-28T04:00:00Z,2281.68,2282.88,2281.46,2281.97,6750
2026-04-28T05:00:00Z,2281.97,2285.62,2275.42,2277.24,9500
2026-04-28T06:00:00Z,2277.24,2280.88,2273.89,2275.93,9875
2026-04-28T07:00:00Z,2275.93,2277.52,2268.72,2274.40,13500
2026-04-28T08:00:00Z,2274.40,2290.43,2267.58,2286.78,17250
2026-04-28T09:00:00Z,2286.78,2289.60,2282.21,2287.77,8750
2026-04-28T10:00:00Z,2287.77,2294.63,2271.56,2275.42,18375
2026-04-28T11:00:00Z,2275.42,2284.52,2263.65,2272.74,9250
2026-04-28T12:00:00Z,2272.74,2280.46,2260.27,2263.21,7375
2026-04-28T13:00:00Z,2263.21,2271.91,2259.37,2271.01,11875
2026-04-28T14:00:00Z,2271.01,2277.01,2268.97,2275.65,18250
2026-04-28T15:00:00Z,2275.65,2279.97,2252.91,2260.59,10250
2026-04-28T16:00:00Z,2260.59,2261.49,2254.99,2257.92,15375
2026-04-28T17:00:00Z,2257.92,2264.32,2250.70,2261.61,14250
2026-04-28T18:00:00Z,2261.61,2271.02,2257.77,2270.57,15250
2026-04-28T19:00:00Z,2270.57,2272.15,2266.08,2268.57,11875
2026-04-28T20:00:00Z,2268.57,2273.33,2255.46,2264.06,6625
2026-04-28T21:00:00Z,2264.06,2268.19,2256.14,2264.35,7375
2026-04-28T22:00:00Z,2264.35,2270.35,2260.28,2268.54,12000
2026-04-28T23:00:00Z,2268.54,2277.61,2250.16,2257.15,8125
2026-04-29T00:00:00Z,2257.15,2266.05,2253.77,2262.66,15875
2026-04-29T01:00:00Z,2262.66,2270.80,2257.11,2258.23,16000
2026-04-29T02:00:00Z,2258.23,2258.78,2250.11,2258.78,9500
2026-04-29T03:00:00Z,2258.78,2275.60,2258.78,2266.99,16375
2026-04-29T04:00:00Z,2266.99,2266.99,2260.53,2261.20,7875
2026-04-29T05:00:00Z,2261.20,2264.13,2255.44,2257.24,7000
2026-04-29T06:00:00Z,2257.24,2259.27,2243.15,2251.48,9875
2026-04-29T07:00:00Z,2251.48,2258.68,2244.85,2249.34,18625
2026-04-29T08:00:00Z,2249.34,2249.56,2231.97,2235.32,17250
2026-04-29T09:00:00Z,2235.32,2238.54,2229.29,2236.09,15500
2026-04-29T10:00:00Z,2236.09,2242.45,2233.41,2239.32,13875
2026-04-29T11:00:00Z,2239.32,2244.69,2229.36,2238.31,17250
2026-04-29T12:00:00Z,2238.31,2244.20,2234.96,2243.76,14375
2026-04-29T13:00:00Z,2243.76,2246.00,2236.96,2237.85,16750
2026-04-29T14:00:00Z,2237.85,2256.92,2231.37,2251.30,14875
2026-04-29T15:00:00Z,2251.30,2260.41,2245.45,2251.86,10500
2026-04-29T16:00:00Z,2251.86,2257.78,2244.21,2256.43,18625
2026-04-29T17:00:00Z,2256.43,2257.33,2242.41,2247.57,7625
2026-04-29T18:00:00Z,2247.57,2254.98,2234.07,2239.66,9875
2026-04-29T19:00:00Z,2239.66,2247.49,2227.30,2233.10,11875
2026-04-29T20:00:00Z,2233.10,2242.57,2227.30,2236.09,17875
2026-04-29T21:00:00Z,2236.09,2237.43,2217.12,2225.13,11375
2026-04-29T22:00:00Z,2225.13,2234.97,2217.35,2232.07,8750
2026-04-29T23:00:00Z,2232.07,2249.91,2226.49,2246.99,10750
2026-04-30T00:00:00Z,2246.99,2255.30,2239.96,2245.12,9875
2026-04-30T01:00:00Z,2245.12,2248.93,2228.71,2233.84,16875
2026-04-30T02:00:00Z,2233.84,2254.81,2231.39,2247.62,14250
2026-04-30T03:00:00Z,2247.62,2255.93,2238.13,2246.21,17000
2026-04-30T04:00:00Z,2246.21,2264.09,2245.54,2263.19,18625
2026-04-30T05:00:00Z,2263.19,2270.20,2249.80,2250.02,6375
2026-04-30T06:00:00Z,2250.02,2256.09,2236.05,2244.57,10750
2026-04-30T07:00:00Z,2244.57,2258.20,2235.37,2252.12,16250
2026-04-30T08:00:00Z,2252.12,2260.22,2242.16,2251.16,14750
2026-04-30T09:00:00Z,2251.16,2256.78,2231.37,2232.70,14750
2026-04-30T10:00:00Z,2232.70,2239.62,2223.73,2231.76,17125
2026-04-30T11:00:00Z,2231.76,2237.78,2230.37,2230.37,9250
2026-04-30T12:00:00Z,2230.37,2247.01,2223.91,2241.19,11875
2026-04-30T13:00:00Z,2241.19,2248.36,2227.76,2229.76,15750
2026-04-30T14:00:00Z,2229.76,2238.90,2215.51,2222.17,6750
2026-04-30T15:00:00Z,2222.17,2230.16,2206.85,2215.71,9375
2026-04-30T16:00:00Z,2215.71,2225.40,2207.52,2219.19,17500
2026-04-30T17:00:00Z,2219.19,2227.34,2214.98,2219.80,15000
2026-04-30T18:00:00Z,2219.80,2227.71,2214.03,2224.38,18125
2026-04-30T19:00:00Z,2224.38,2236.10,2224.16,2227.42,10875
2026-04-30T20:00:00Z,2227.42,2231.65,2218.91,2227.15,13625
2026-04-30T21:00:00Z,2227.15,2234.49,2207.19,2216.27,16000
2026-04-30T22:00:00Z,2216.27,2224.47,2204.98,2211.83,10875
2026-04-30T23:00:00Z,2211.83,2224.95,2203.43,2224.07,17375
2026-05-01T00:00:00Z,2224.07,2227.40,2212.60,2219.70,8750
2026-05-01T01:00:00Z,2219.70,2239.55,2217.93,2237.09,7250
2026-05-01T02:00:00Z,2237.09,2242.74,2231.73,2241.85,9125
2026-05-01T03:00:00Z,2241.85,2246.33,2232.77,2234.11,11500
2026-05-01T04:00:00Z,2234.11,2243.58,2227.64,2235.09,18125
2026-05-01T05:00:00Z,2235.09,2242.75,2229.06,2240.07,18500
2026-05-01T06:00:00Z,2240.07,2240.29,2232.37,2234.60,8750
2026-05-01T07:00:00Z,2234.60,2235.49,2218.48,2227.16,16375
2026-05-01T08:00:00Z,2227.16,2233.44,2226.94,2232.11,10000
2026-05-01T09:00:00Z,2232.11,2250.67,2224.97,2241.71,17750
2026-05-01T10:00:00Z,2241.71,2257.22,2234.99,2248.01,6250
2026-05-01T11:00:00Z,2248.01,2251.38,2241.61,2246.55,15750
2026-05-01T12:00:00Z,2246.55,2270.25,2238.92,2263.69,10750
2026-05-01T13:00:00Z,2263.69,2265.72,2251.96,2252.41,15875
2026-05-01T14:00:00Z,2252.41,2264.17,2245.88,2256.05,7625
2026-05-01T15:00:00Z,2256.05,2268.26,2253.35,2260.58,9750
2026-05-01T16:00:00Z,2260.58,2261.48,2255.33,2256.90,10250
2026-05-01T17:00:00Z,2256.90,2265.22,2256.68,2263.19,14375
2026-05-01T18:00:00Z,2263.19,2276.42,2257.54,2273.47,16250
2026-05-01T19:00:00Z,2273.47,2277.58,2271.43,2276.45,14125
2026-05-01T20:00:00Z,2276.45,2293.17,2273.04,2286.54,17250
2026-05-01T21:00:00Z,2286.54,2292.02,2280.59,2281.27,11500
2026-05-01T22:00:00Z,2281.27,2289.00,2275.34,2285.80,15875
2026-05-01T23:00:00Z,2285.80,2291.51,2281.35,2285.00,14750
2026-05-02T00:00:00Z,2285.00,2291.16,2273.05,2279.66,12750
2026-05-02T01:00:00Z,2279.66,2297.62,2278.98,2290.75,8250
2026-05-02T02:00:00Z,2290.75,2298.99,2277.19,2281.75,16125
2026-05-02T03:00:00Z,2281.75,2291.25,2275.82,2288.97,7500
2026-05-02T04:00:00Z,2288.97,2298.35,2279.98,2280.20,15750
2026-05-02T05:00:00Z,2280.20,2295.18,2276.56,2289.00,10875
2026-05-02T06:00:00Z,2289.00,2296.32,2277.06,2282.30,15250
2026-05-02T07:00:00Z,2282.30,2282.75,2282.23,2282.23,14875
2026-05-02T08:00:00Z,2282.23,2297.21,2281.32,2288.52,17500
2026-05-02T09:00:00Z,2288.52,2294.92,2273.16,2280.00,14250
2026-05-02T10:00:00Z,2280.00,2283.19,2274.26,2275.39,12625
2026-05-02T11:00:00Z,2275.39,2283.80,2261.75,2265.14,13375
2026-05-02T12:00:00Z,2265.14,2275.01,2257.22,2272.74,10375
2026-05-02T13:00:00Z,2272.74,2288.09,2268.20,2282.39,15875
2026-05-02T14:00:00Z,2282.39,2292.12,2278.74,2284.81,14000
2026-05-02T15:00:00Z,2284.81,2293.26,2268.86,2269.54,7625
2026-05-02T16:00:00Z,2269.54,2289.57,2262.51,2286.15,13875
2026-05-02T17:00:00Z,2286.15,2289.80,2275.82,2284.04,12625
2026-05-02T18:00:00Z,2284.04,2307.18,2283.82,2300.28,8500
2026-05-02T19:00:00Z,2300.28,2316.00,2295.22,2310.23,10375
2026-05-02T20:00:00Z,2310.23,2318.08,2299.37,2304.20,6250
2026-05-02T21:00:00Z,2304.20,2316.74,2303.74,2311.43,8125
2026-05-02T22:00:00Z,2311.43,2316.05,2305.12,2311.12,11875
2026-05-02T23:00:00Z,2311.12,2315.04,2293.85,2301.90,17875
2026-05-03T00:00:00Z,2301.90,2305.12,2300.40,2301.32,17250
2026-05-03T01:00:00Z,2301.32,2310.42,2295.11,2304.20,9125
2026-05-03T02:00:00Z,2304.20,2306.04,2293.50,2302.71,12625
2026-05-03T03:00:00Z,2302.71,2302.94,2296.14,2297.28,12875
2026-05-03T04:00:00Z,2297.28,2308.22,2289.70,2301.55,12250
2026-05-03T05:00:00Z,2301.55,2317.86,2297.64,2316.48,9750
2026-05-03T06:00:00Z,2316.48,2319.02,2294.59,2304.03,13000
2026-05-03T07:00:00Z,2304.03,2312.32,2292.82,2294.19,7250
2026-05-03T08:00:00Z,2294.19,2301.07,2286.49,2289.23,6375
2026-05-03T09:00:00Z,2289.23,2290.37,2277.61,2281.26,18250
2026-05-03T10:00:00Z,2281.26,2292.39,2272.37,2286.68,16000
2026-05-03T11:00:00Z,2286.68,2293.31,2261.32,2269.71,15875
2026-05-03T12:00:00Z,2269.71,2277.88,2265.47,2266.37,13125
2026-05-03T13:00:00Z,2266.37,2272.26,2257.53,2257.53,16625
2026-05-03T14:00:00Z,2257.53,2276.11,2251.67,2269.76,10375
2026-05-03T15:00:00Z,2269.76,2274.29,2261.46,2268.26,12375
2026-05-03T16:00:00Z,2268.26,2277.12,2265.77,2276.67,8500
2026-05-03T17:00:00Z,2276.67,2281.22,2259.40,2268.01,6625
2026-05-03T18:00:00Z,2268.01,2269.14,2265.13,2265.35,7625
2026-05-03T19:00:00Z,2265.35,2285.69,2261.50,2279.77,8750
2026-05-03T20:00:00Z,2279.77,2282.68,2276.58,2282.46,10375
2026-05-03T21:00:00Z,2282.46,2291.81,2273.31,2274.44,6875
2026-05-03T22:00:00Z,2274.44,2275.34,2258.83,2259.95,10875
2026-05-03T23:00:00Z,2259.95,2264.46,2238.91,2241.59,18125
2026-05-04T00:00:00Z,2241.59,2241.59,2232.38,2240.67,15375
2026-05-04T01:00:00Z,2240.67,2248.72,2239.78,2245.81,10750
2026-05-04T02:00:00Z,2245.81,2251.64,2234.58,2239.28,14000
2026-05-04T03:00:00Z,2239.28,2239.28,2234.57,2236.13,18250
2026-05-04T04:00:00Z,2236.13,2245.30,2227.19,2243.96,18750
2026-05-04T05:00:00Z,2243.96,2251.14,2233.63,2236.98,7750
2026-05-04T06:00:00Z,2236.98,2237.64,2229.16,2237.64,18250
2026-05-04T07:00:00Z,2237.64,2239.87,2237.19,2237.63,14875
2026-05-04T08:00:00Z,2237.63,2249.28,2235.17,2245.47,8250
2026-05-04T09:00:00Z,2245.47,2248.38,2227.92,2232.38,14750
2026-05-04T10:00:00Z,2232.38,2233.94,2226.10,2228.10,17750
2026-05-04T11:00:00Z,2228.10,2232.55,2212.19,2213.07,8750
2026-05-04T12:00:00Z,2213.07,2220.82,2210.86,2216.17,15000
2026-05-04T13:00:00Z,2216.17,2223.69,2208.20,2216.60,7250
2026-05-04T14:00:00Z,2216.60,2227.05,2208.63,2223.50,15250
2026-05-04T15:00:00Z,2223.50,2233.56,2222.62,2232.00,7625
2026-05-04T16:00:00Z,2232.00,2241.18,2229.33,2237.38,16250
2026-05-04T17:00:00Z,2237.38,2246.32,2227.08,2235.79,13500
2026-05-04T18:00:00Z,2235.79,2249.73,2230.43,2242.78,15625
2026-05-04T19:00:00Z,2242.78,2243.22,2239.61,2239.83,7625
2026-05-04T20:00:00Z,2239.83,2246.56,2231.77,2241.86,12625
2026-05-04T21:00:00Z,2241.86,2248.36,2221.96,2223.51,12250
2026-05-04T22:00:00Z,2223.51,2232.18,2206.04,2210.46,18250
2026-05-04T23:00:00Z,2210.46,2218.49,2206.71,2218.27,9625
2026-05-05T00:00:00Z,2218.27,2233.83,2213.17,2226.93,16375
2026-05-05T01:00:00Z,2226.93,2234.10,2226.93,2227.42,15500
2026-05-05T02:00:00Z,2227.42,2236.62,2221.41,2228.82,17750
2026-05-05T03:00:00Z,2228.82,2234.83,2212.81,2218.80,14000
2026-05-05T04:00:00Z,2218.80,2220.79,2203.07,2210.14,11625
2026-05-05T05:00:00Z,2210.14,2214.33,2182.91,2191.89,9500
2026-05-05T06:00:00Z,2191.89,2198.68,2180.69,2187.25,7625
2026-05-05T07:00:00Z,2187.25,2193.81,2176.74,2183.72,14000
2026-05-05T08:00:00Z,2183.72,2184.81,2168.70,2170.65,9500
2026-05-05T09:00:00Z,2170.65,2172.82,2162.61,2169.11,10125
2026-05-05T10:00:00Z,2169.11,2172.36,2164.56,2168.68,11500
2026-05-05T11:00:00Z,2168.68,2178.74,2164.56,2171.80,13750
2026-05-05T12:00:00Z,2171.80,2189.22,2167.68,2180.72,13250
2026-05-05T13:00:00Z,2180.72,2180.93,2169.79,2176.75,12000
2026-05-05T14:00:00Z,2176.75,2183.84,2170.44,2179.05,14625
2026-05-05T15:00:00Z,2179.05,2186.02,2159.79,2164.76,6750
2026-05-05T16:00:00Z,2164.76,2172.98,2147.87,2148.94,16375
2026-05-05T17:00:00Z,2148.94,2155.81,2146.55,2147.19,8750
2026-05-05T18:00:00Z,2147.19,2154.70,2134.04,2138.10,17125
2026-05-05T19:00:00Z,2138.10,2144.51,2119.54,2126.13,12500
2026-05-05T20:00:00Z,2126.13,2132.50,2119.63,2122.60,14375
2026-05-05T21:00:00Z,2122.60,2125.99,2110.97,2117.74,17375
2026-05-05T22:00:00Z,2117.74,2133.17,2117.11,2125.95,12875
2026-05-05T23:00:00Z,2125.95,2131.69,2122.99,2125.54,13250
2026-05-06T00:00:00Z,2125.54,2129.15,2117.59,2120.98,9500
2026-05-06T01:00:00Z,2120.98,2129.17,2116.32,2124.50,6625
2026-05-06T02:00:00Z,2124.50,2145.98,2122.17,2137.65,16375
2026-05-06T03:00:00Z,2137.65,2144.27,2121.98,2129.86,11000
2026-05-06T04:00:00Z,2129.86,2137.31,2122.12,2127.01,15000
2026-05-06T05:00:00Z,2127.01,2127.43,2097.73,2105.94,9500
2026-05-06T06:00:00Z,2105.94,2111.83,2091.92,2100.11,16625
2026-05-06T07:00:00Z,2100.11,2103.89,2087.55,2091.73,18375
2026-05-06T08:00:00Z,2091.73,2099.88,2089.54,2090.16,15375
2026-05-06T09:00:00Z,2090.16,2097.67,2083.06,2094.74,14250
2026-05-06T10:00:00Z,2094.74,2103.24,2090.14,2094.87,13375
2026-05-06T11:00:00Z,2094.87,2102.84,2093.20,2098.65,11750
2026-05-06T12:00:00Z,2098.65,2117.09,2093.83,2108.66,11625
2026-05-06T13:00:00Z,2108.66,2112.03,2098.00,2104.52,9000
2026-05-06T14:00:00Z,2104.52,2111.33,2102.63,2109.02,11875
2026-05-06T15:00:00Z,2109.02,2111.37,2103.54,2111.16,15375
2026-05-06T16:00:00Z,2111.16,2111.16,2104.09,2107.46,8375
2026-05-06T17:00:00Z,2107.46,2110.93,2107.46,2110.93,13250
2026-05-06T18:00:00Z,2110.93,2113.88,2102.78,2106.57,15875
2026-05-06T19:00:00Z,2106.57,2111.83,2101.27,2105.69,8000
2026-05-06T20:00:00Z,2105.69,2122.11,2097.48,2116.82,7750
2026-05-06T21:00:00Z,2116.82,2125.49,2112.93,2113.77,18250
2026-05-06T22:00:00Z,2113.77,2123.56,2105.11,2120.38,6625
2026-05-06T23:00:00Z,2120.38,2124.62,2114.06,2114.48,8375
2026-05-07T00:00:00Z,2114.48,2124.05,2114.48,2122.36,13875
2026-05-07T01:00:00Z,2122.36,2126.60,2109.91,2111.59,13500
2026-05-07T02:00:00Z,2111.59,2130.44,2109.69,2125.77,10125
2026-05-07T03:00:00Z,2125.77,2128.58,2123.22,2127.52,15375
2026-05-07T04:00:00Z,2127.52,2130.71,2122.90,2127.36,12625
2026-05-07T05:00:00Z,2127.36,2132.70,2120.56,2132.07,16125
2026-05-07T06:00:00Z,2132.07,2132.07,2123.40,2130.21,14625
2026-05-07T07:00:00Z,2130.21,2140.24,2126.17,2137.89,11500
2026-05-07T08:00:00Z,2137.89,2151.13,2131.48,2147.70,12250
2026-05-07T09:00:00Z,2147.70,2155.86,2132.18,2137.09,7375
2026-05-07T10:00:00Z,2137.09,2143.71,2128.40,2135.87,6625
2026-05-07T11:00:00Z,2135.87,2149.77,2127.76,2142.06,17125
2026-05-07T12:00:00Z,2142.06,2145.27,2134.01,2139.35,14750
2026-05-07T13:00:00Z,2139.35,2152.31,2130.58,2151.24,10125
2026-05-07T14:00:00Z,2151.24,2152.31,2141.47,2145.76,18500
2026-05-07T15:00:00Z,2145.76,2147.69,2140.49,2143.92,7375
2026-05-07T16:00:00Z,2143.92,2156.32,2142.85,2150.95,10375
2026-05-07T17:00:00Z,2150.95,2161.16,2144.07,2161.16,18000
2026-05-07T18:00:00Z,2161.16,2167.85,2156.91,2159.71,10500
2026-05-07T19:00:00Z,2159.71,2167.91,2153.88,2163.16,8375
2026-05-07T20:00:00Z,2163.16,2167.68,2162.52,2166.60,16750
2026-05-07T21:00:00Z,2166.60,2175.26,2155.97,2158.99,18250
2026-05-07T22:00:00Z,2158.99,2165.48,2158.56,2160.73,6500
2026-05-07T23:00:00Z,2160.73,2166.56,2140.17,2147.04,13250
2026-05-08T00:00:00Z,2147.04,2158.98,2144.04,2158.55,14375
2026-05-08T01:00:00Z,2158.55,2182.01,2154.45,2173.54,12750
2026-05-08T02:00:00Z,2173.54,2177.88,2166.93,2171.92,11875
2026-05-08T03:00:00Z,2171.92,2174.84,2167.80,2173.11,17375
2026-05-08T04:00:00Z,2173.11,2181.15,2171.28,2171.71,9625
2026-05-08T05:00:00Z,2171.71,2178.87,2158.46,2158.67,15000
2026-05-08T06:00:00Z,2158.67,2180.95,2157.16,2175.30,13375
2026-05-08T07:00:00Z,2175.30,2183.25,2171.39,2175.86,13875
2026-05-08T08:00:00Z,2175.86,2177.81,2166.68,2171.67,12250
2026-05-08T09:00:00Z,2171.67,2181.13,2169.07,2172.23,18375
2026-05-08T10:00:00Z,2172.23,2178.74,2161.62,2164.86,6625
2026-05-08T11:00:00Z,2164.86,2185.76,2159.02,2183.15,11500
2026-05-08T12:00:00Z,2183.15,2185.66,2178.79,2184.35,14250
2026-05-08T13:00:00Z,2184.35,2189.50,2177.15,2185.35,15500
2026-05-08T14:00:00Z,2185.35,2201.50,2181.42,2195.14,14125
2026-05-08T15:00:00Z,2195.14,2211.80,2191.19,2204.53,13875
2026-05-08T16:00:00Z,2204.53,2205.85,2197.90,2200.10,12500
2026-05-08T17:00:00Z,2200.10,2203.18,2175.99,2184.50,9875
2026-05-08T18:00:00Z,2184.50,2187.77,2169.14,2176.32,13625
2026-05-08T19:00:00Z,2176.32,2183.06,2158.07,2165.64,10250
2026-05-08T20:00:00Z,2165.64,2174.08,2159.19,2162.86,9750
2026-05-08T21:00:00Z,2162.86,2166.96,2158.75,2162.42,15375
2026-05-08T22:00:00Z,2162.42,2170.73,2161.78,2165.97,9500
2026-05-08T23:00:00Z,2165.97,2168.95,2157.53,2166.79,7250
2026-05-09T00:00:00Z,2166.79,2177.56,2161.59,2174.09,14125
2026-05-09T01:00:00Z,2174.09,2181.04,2167.73,2170.76,13375
2026-05-09T02:00:00Z,2170.76,2178.30,2165.77,2174.83,15250
2026-05-09T03:00:00Z,2174.83,2178.30,2170.66,2173.26,17375
2026-05-09T04:00:00Z,2173.26,2177.82,2169.51,2170.59,13000
2026-05-09T05:00:00Z,2170.59,2178.40,2161.18,2163.55,14625
2026-05-09T06:00:00Z,2163.55,2170.90,2154.84,2161.10,6875
2026-05-09T07:00:00Z,2161.10,2178.68,2158.08,2174.12,8625
2026-05-09T08:00:00Z,2174.12,2185.64,2170.86,2177.37,14500
2026-05-09T09:00:00Z,2177.37,2183.90,2169.49,2175.79,16000
2026-05-09T10:00:00Z,2175.79,2189.35,2168.61,2183.46,6500
2026-05-09T11:00:00Z,2183.46,2183.46,2167.82,2171.07,7125
2026-05-09T12:00:00Z,2171.07,2176.28,2157.62,2158.05,6750
2026-05-09T13:00:00Z,2158.05,2161.71,2144.79,2152.53,18750
2026-05-09T14:00:00Z,2152.53,2159.64,2151.89,2155.98,18250
2026-05-09T15:00:00Z,2155.98,2162.02,2154.04,2158.36,16000
2026-05-09T16:00:00Z,2158.36,2161.59,2148.81,2157.00,10875
2026-05-09T17:00:00Z,2157.00,2171.39,2150.75,2166.20,7750
2026-05-09T18:00:00Z,2166.20,2178.97,2159.27,2177.89,15250
2026-05-09T19:00:00Z,2177.89,2185.73,2171.31,2175.00,13500
2026-05-09T20:00:00Z,2175.00,2182.42,2173.70,2176.77,6500
2026-05-09T21:00:00Z,2176.77,2180.90,2163.24,2165.18,7125
2026-05-09T22:00:00Z,2165.18,2167.99,2156.63,2160.95,13750
2026-05-09T23:00:00Z,2160.95,2168.08,2158.56,2160.28,8250
2026-05-10T00:00:00Z,2160.28,2165.85,2153.80,2162.18,13250
2026-05-10T01:00:00Z,2162.18,2167.80,2151.98,2153.27,13000
2026-05-10T02:00:00Z,2153.27,2156.24,2153.06,2156.24,12250
2026-05-10T03:00:00Z,2156.24,2163.35,2142.63,2144.98,16625
2026-05-10T04:00:00Z,2144.98,2153.77,2144.10,2144.95,11500
2026-05-10T05:00:00Z,2144.95,2148.38,2135.05,2139.54,9125
2026-05-10T06:00:00Z,2139.54,2142.49,2135.91,2141.42,9375
2026-05-10T07:00:00Z,2141.42,2146.77,2134.53,2135.38,17125
2026-05-10T08:00:00Z,2135.38,2142.81,2134.53,2136.19,11750
2026-05-10T09:00:00Z,2136.19,2150.49,2128.08,2142.35,8500
2026-05-10T10:00:00Z,2142.35,2150.27,2130.12,2136.52,8750
2026-05-10T11:00:00Z,2136.52,2141.86,2124.74,2127.07,15875
2026-05-10T12:00:00Z,2127.07,2129.36,2126.01,2127.45,8500
2026-05-10T13:00:00Z,2127.45,2128.30,2117.64,2120.60,15625
2026-05-10T14:00:00Z,2120.60,2127.38,2112.73,2116.75,12875
2026-05-10T15:00:00Z,2116.75,2125.60,2109.35,2118.40,7750
2026-05-10T16:00:00Z,2118.40,2120.94,2112.44,2115.18,9500
2026-05-10T17:00:00Z,2115.18,2124.66,2114.34,2123.60,16875
2026-05-10T18:00:00Z,2123.60,2130.39,2114.22,2121.64,7750
2026-05-10T19:00:00Z,2121.64,2129.88,2118.46,2129.46,9375
2026-05-10T20:00:00Z,2129.46,2143.28,2124.35,2137.51,17375
2026-05-10T21:00:00Z,2137.51,2144.73,2136.87,2138.53,15125
2026-05-10T22:00:00Z,2138.53,2143.23,2132.29,2133.78,12000
2026-05-10T23:00:00Z,2133.78,2141.67,2115.42,2119.23,9875
2026-05-11T00:00:00Z,2119.23,2125.58,2099.43,2106.16,8250
2026-05-11T01:00:00Z,2106.16,2119.50,2100.27,2118.87,15500
2026-05-11T02:00:00Z,2118.87,2135.03,2115.70,2132.48,8625
2026-05-11T03:00:00Z,2132.48,2147.28,2131.42,2138.73,12125
2026-05-11T04:00:00Z,2138.73,2140.71,2135.31,2138.79,17500
2026-05-11T05:00:00Z,2138.79,2147.55,2130.95,2137.57,18750
2026-05-11T06:00:00Z,2137.57,2147.69,2130.73,2139.35,10375
2026-05-11T07:00:00Z,2139.35,2142.20,2130.80,2139.42,9875
2026-05-11T08:00:00Z,2139.42,2141.13,2136.29,2137.57,13125
2026-05-11T09:00:00Z,2137.57,2146.12,2123.83,2127.23,13500
2026-05-11T10:00:00Z,2127.23,2139.20,2119.58,2132.81,14750
2026-05-11T11:00:00Z,2132.81,2140.11,2125.56,2136.48,9375
2026-05-11T12:00:00Z,2136.48,2150.17,2129.22,2143.96,18500
2026-05-11T13:00:00Z,2143.96,2151.10,2135.17,2144.46,11000
2026-05-11T14:00:00Z,2144.46,2157.70,2141.46,2156.63,15625
2026-05-11T15:00:00Z,2156.63,2166.59,2155.77,2159.25,6625
2026-05-11T16:00:00Z,2159.25,2170.28,2152.35,2163.58,18750
2026-05-11T17:00:00Z,2163.58,2168.55,2161.71,2162.79,16250
2026-05-11T18:00:00Z,2162.79,2173.21,2156.96,2165.20,18750
2026-05-11T19:00:00Z,2165.20,2173.42,2156.19,2164.19,7750
2026-05-11T20:00:00Z,2164.19,2165.05,2142.86,2151.68,9000
2026-05-11T21:00:00Z,2151.68,2155.18,2145.66,2152.39,13000
2026-05-11T22:00:00Z,2152.39,2172.63,2144.65,2170.68,18500
2026-05-11T23:00:00Z,2170.68,2173.71,2160.39,2167.76,16625
2026-05-12T00:00:00Z,2167.76,2173.61,2153.13,2161.99,7500
2026-05-12T01:00:00Z,2161.99,2169.12,2152.57,2156.88,13500
2026-05-12T02:00:00Z,2156.88,2164.86,2142.50,2148.30,12375
2026-05-12T03:00:00Z,2148.30,2151.95,2139.36,2147.73,8250
2026-05-12T04:00:00Z,2147.73,2153.09,2143.09,2146.73,8000
2026-05-12T05:00:00Z,2146.73,2154.24,2133.19,2134.47,12375
2026-05-12T06:00:00Z,2134.47,2144.84,2127.00,2139.07,16625
2026-05-12T07:00:00Z,2139.07,2145.40,2131.59,2142.62,14875
2026-05-12T08:00:00Z,2142.62,2152.88,2139.63,2150.95,8750
2026-05-12T09:00:00Z,2150.95,2152.24,2130.83,2132.74,16000
2026-05-12T10:00:00Z,2132.74,2148.17,2126.77,2145.60,18500
2026-05-12T11:00:00Z,2145.60,2153.10,2125.79,2131.75,15750
2026-05-12T12:00:00Z,2131.75,2138.97,2124.93,2136.20,7875
2026-05-12T13:00:00Z,2136.20,2142.39,2115.76,2121.48,6500
2026-05-12T14:00:00Z,2121.48,2130.38,2113.21,2126.13,13875
2026-05-12T15:00:00Z,2126.13,2130.80,2115.14,2123.84,15500
2026-05-12T16:00:00Z,2123.84,2127.23,2110.03,2118.71,10875
2026-05-12T17:00:00Z,2118.71,2121.67,2109.57,2113.16,8750
2026-05-12T18:00:00Z,2113.16,2116.96,2099.37,2106.95,13000
2026-05-12T19:00:00Z,2106.95,2115.16,2084.78,2087.07,7875
2026-05-12T20:00:00Z,2087.07,2094.37,2074.94,2076.80,17500
2026-05-12T21:00:00Z,2076.80,2078.25,2068.85,2073.20,18250
2026-05-12T22:00:00Z,2073.20,2088.61,2072.58,2084.86,7250
2026-05-12T23:00:00Z,2084.86,2091.94,2079.88,2083.00,8875
2026-05-13T00:00:00Z,2083.00,2093.10,2080.92,2088.30,17625
2026-05-13T01:00:00Z,2088.30,2096.86,2087.15,2088.19,16000
2026-05-13T02:00:00Z,2088.19,2109.64,2080.26,2102.71,13500
2026-05-13T03:00:00Z,2102.71,2119.46,2100.82,2114.39,12625
2026-05-13T04:00:00Z,2114.39,2115.02,2105.42,2108.79,14750
2026-05-13T05:00:00Z,2108.79,2119.24,2107.53,2113.54,17625
2026-05-13T06:00:00Z,2113.54,2116.07,2101.62,2109.21,17500
2026-05-13T07:00:00Z,2109.21,2116.49,2107.95,2109.95,16000
2026-05-13T08:00:00Z,2109.95,2110.79,2099.09,2103.29,13375
2026-05-13T09:00:00Z,2103.29,2111.40,2102.45,2109.93,11875
2026-05-13T10:00:00Z,2109.93,2118.27,2105.93,2114.05,11750
2026-05-13T11:00:00Z,2114.05,2122.62,2107.71,2118.39,18625
2026-05-13T12:00:00Z,2118.39,2119.87,2106.22,2110.44,7500
2026-05-13T13:00:00Z,2110.44,2112.76,2106.34,2110.34,7875
2026-05-13T14:00:00Z,2110.34,2117.00,2101.90,2113.83,13875
2026-05-13T15:00:00Z,2113.83,2115.30,2100.85,2108.22,16750
2026-05-13T16:00:00Z,2108.22,2128.84,2108.01,2120.79,17500
2026-05-13T17:00:00Z,2120.79,2129.06,2112.00,2118.99,13500
2026-05-13T18:00:00Z,2118.99,2131.85,2111.58,2126.11,6500
2026-05-13T19:00:00Z,2126.11,2132.17,2124.84,2126.86,11500
2026-05-13T20:00:00Z,2126.86,2129.19,2110.38,2115.88,18125
2026-05-13T21:00:00Z,2115.88,2125.33,2107.21,2125.12,12250
2026-05-13T22:00:00Z,2125.12,2133.83,2120.56,2124.17,6875
2026-05-13T23:00:00Z,2124.17,2124.80,2121.09,2122.36,14375
2026-05-14T00:00:00Z,2122.36,2127.66,2112.19,2119.82,12875
2026-05-14T01:00:00Z,2119.82,2131.28,2113.68,2123.01,18750
2026-05-14T02:00:00Z,2123.01,2128.74,2109.06,2116.68,6375
2026-05-14T03:00:00Z,2116.68,2124.51,2108.27,2108.48,9750
2026-05-14T04:00:00Z,2108.48,2117.79,2102.37,2110.41,7500
2026-05-14T05:00:00Z,2110.41,2120.31,2105.77,2119.47,18500
2026-05-14T06:00:00Z,2119.47,2130.72,2117.57,2122.45,8125
2026-05-14T07:00:00Z,2122.45,2129.45,2112.14,2118.49,17500
2026-05-14T08:00:00Z,2118.49,2122.51,2103.60,2112.26,12875
2026-05-14T09:00:00Z,2112.26,2125.56,2110.15,2118.78,18000
2026-05-14T10:00:00Z,2118.78,2120.47,2105.17,2112.77,14500
2026-05-14T11:00:00Z,2112.77,2112.84,2110.03,2112.84,6875
2026-05-14T12:00:00Z,2112.84,2125.49,2107.56,2118.93,15125
2026-05-14T13:00:00Z,2118.93,2129.10,2112.15,2122.95,17875
2026-05-14T14:00:00Z,2122.95,2129.32,2114.46,2126.77,15750
2026-05-14T15:00:00Z,2126.77,2133.99,2125.50,2129.95,17750
2026-05-14T16:00:00Z,2129.95,2148.28,2126.55,2142.29,15375
2026-05-14T17:00:00Z,2142.29,2150.03,2134.15,2143.39,14875
2026-05-14T18:00:00Z,2143.39,2160.08,2141.68,2155.56,18500
2026-05-14T19:00:00Z,2155.56,2161.20,2149.96,2155.60,10375
2026-05-14T20:00:00Z,2155.60,2173.69,2151.72,2166.76,12500
2026-05-14T21:00:00Z,2166.76,2173.18,2161.13,2170.58,15500
2026-05-14T22:00:00Z,2170.58,2182.18,2167.33,2181.97,8000
2026-05-14T23:00:00Z,2181.97,2193.48,2178.48,2184.96,15875
2026-05-15T00:00:00Z,2184.96,2199.52,2183.87,2196.89,9875
2026-05-15T01:00:00Z,2196.89,2205.80,2196.02,2200.52,17375
2026-05-15T02:00:00Z,2200.52,2204.26,2193.84,2194.05,16000
2026-05-15T03:00:00Z,2194.05,2209.75,2187.25,2201.61,14250
2026-05-15T04:00:00Z,2201.61,2226.59,2197.65,2219.71,17750
2026-05-15T05:00:00Z,2219.71,2222.81,2217.82,2219.15,7500
2026-05-15T06:00:00Z,2219.15,2223.14,2212.40,2217.05,8000
2026-05-15T07:00:00Z,2217.05,2220.37,2207.48,2209.24,6500
2026-05-15T08:00:00Z,2209.24,2215.29,2202.40,2213.75,16000
2026-05-15T09:00:00Z,2213.75,2219.28,2203.78,2206.64,6375
2026-05-15T10:00:00Z,2206.64,2219.97,2203.56,2211.79,12125
2026-05-15T11:00:00Z,2211.79,2216.43,2203.82,2205.58,9750
2026-05-15T12:00:00Z,2205.58,2206.68,2193.23,2200.27,8375
2026-05-15T13:00:00Z,2200.27,2218.25,2195.43,2215.82,7125
2026-05-15T14:00:00Z,2215.82,2235.10,2208.96,2227.31,13500
2026-05-15T15:00:00Z,2227.31,2240.48,2222.41,2234.67,15875
2026-05-15T16:00:00Z,2234.67,2244.96,2225.96,2241.60,13750
2026-05-15T17:00:00Z,2241.60,2244.37,2233.76,2243.03,14625
2026-05-15T18:00:00Z,2243.03,2250.64,2242.36,2249.97,11375
2026-05-15T19:00:00Z,2249.97,2271.02,2244.35,2262.65,18750
2026-05-15T20:00:00Z,2262.65,2270.34,2253.83,2267.85,18500
2026-05-15T21:00:00Z,2267.85,2276.46,2252.79,2256.85,16375
2026-05-15T22:00:00Z,2256.85,2262.49,2241.59,2249.68,13500
2026-05-15T23:00:00Z,2249.68,2259.03,2243.61,2258.81,18500
2026-05-16T00:00:00Z,2258.81,2263.55,2249.86,2254.36,15500
2026-05-16T01:00:00Z,2254.36,2268.66,2250.98,2260.53,18375
2026-05-16T02:00:00Z,2260.53,2264.89,2252.40,2260.83,7625
2026-05-16T03:00:00Z,2260.83,2265.43,2254.50,2262.04,7875
2026-05-16T04:00:00Z,2262.04,2280.25,2259.33,2270.94,16875
2026-05-16T05:00:00Z,2270.94,2274.80,2261.94,2270.11,16250
2026-05-16T06:00:00Z,2270.11,2275.55,2255.89,2259.05,14250
2026-05-16T07:00:00Z,2259.05,2259.95,2257.10,2257.55,8625
2026-05-16T08:00:00Z,2257.55,2279.78,2248.75,2275.46,17375
2026-05-16T09:00:00Z,2275.46,2282.96,2261.91,2268.48,12250
2026-05-16T10:00:00Z,2268.48,2281.72,2263.04,2276.72,12000
2026-05-16T11:00:00Z,2276.72,2284.00,2274.99,2276.35,13750
2026-05-16T12:00:00Z,2276.35,2282.72,2266.18,2275.28,7250
2026-05-16T13:00:00Z,2275.28,2277.78,2254.69,2260.56,10875
2026-05-16T14:00:00Z,2260.56,2268.77,2258.98,2266.51,14375
2026-05-16T15:00:00Z,2266.51,2275.12,2254.37,2261.15,12125
2026-05-16T16:00:00Z,2261.15,2270.73,2256.41,2268.92,15000
2026-05-16T17:00:00Z,2268.92,2270.05,2260.60,2260.60,15125
2026-05-16T18:00:00Z,2260.60,2264.74,2259.70,2263.39,9750
2026-05-16T19:00:00Z,2263.39,2266.33,2252.39,2258.26,14750
2026-05-16T20:00:00Z,2258.26,2265.03,2249.30,2250.87,14125
2026-05-16T21:00:00Z,2250.87,2256.12,2250.42,2251.40,8500
2026-05-16T22:00:00Z,2251.40,2251.62,2248.10,2249.89,17000
2026-05-16T23:00:00Z,2249.89,2252.58,2232.90,2239.61,13750
2026-05-17T00:00:00Z,2239.61,2244.31,2225.67,2231.47,16625
2026-05-17T01:00:00Z,2231.47,2234.37,2216.90,2217.78,6625
2026-05-17T02:00:00Z,2217.78,2218.66,2208.41,2211.50,9750
2026-05-17T03:00:00Z,2211.50,2216.14,2202.58,2210.98,12125
2026-05-17T04:00:00Z,2210.98,2212.08,2205.17,2206.93,13375
2026-05-17T05:00:00Z,2206.93,2210.01,2201.13,2205.09,18625
2026-05-17T06:00:00Z,2205.09,2217.60,2199.80,2211.41,9750
2026-05-17T07:00:00Z,2211.41,2214.94,2205.61,2209.58,11375
2026-05-17T08:00:00Z,2209.58,2216.20,2191.65,2198.68,11500
2026-05-17T09:00:00Z,2198.68,2207.40,2189.67,2198.83,17250
2026-05-17T10:00:00Z,2198.83,2219.25,2197.30,2210.19,8250
2026-05-17T11:00:00Z,2210.19,2218.75,2202.90,2218.53,13750
2026-05-17T12:00:00Z,2218.53,2221.78,2216.32,2221.78,13875
2026-05-17T13:00:00Z,2221.78,2224.15,2218.23,2223.04,6750
2026-05-17T14:00:00Z,2223.04,2227.93,2207.00,2215.64,6250
2026-05-17T15:00:00Z,2215.64,2222.28,2206.06,2211.58,12875
2026-05-17T16:00:00Z,2211.58,2219.76,2206.43,2206.87,16250
2026-05-17T17:00:00Z,2206.87,2215.25,2190.49,2196.42,13000
2026-05-17T18:00:00Z,2196.42,2210.64,2192.47,2202.50,13375
2026-05-17T19:00:00Z,2202.50,2207.94,2200.08,2203.32,9500
2026-05-17T20:00:00Z,2203.32,2213.83,2202.66,2210.08,15250
2026-05-17T21:00:00Z,2210.08,2214.94,2204.72,2207.14,16750
2026-05-17T22:00:00Z,2207.14,2210.15,2203.17,2208.17,12500
2026-05-17T23:00:00Z,2208.17,2215.01,2193.77,2197.72,9875
2026-05-18T00:00:00Z,2197.72,2201.23,2182.28,2187.53,8125
2026-05-18T01:00:00Z,2187.53,2202.13,2181.19,2195.33,11625
2026-05-18T02:00:00Z,2195.33,2206.02,2195.12,2198.55,15875
2026-05-18T03:00:00Z,2198.55,2199.86,2195.85,2198.48,17250
2026-05-18T04:00:00Z,2198.48,2210.06,2194.31,2202.36,7500
2026-05-18T05:00:00Z,2202.36,2206.98,2194.16,2197.23,11375
2026-05-18T06:00:00Z,2197.23,2199.35,2194.16,2197.60,17875
2026-05-18T07:00:00Z,2197.60,2197.60,2182.62,2191.60,13875
2026-05-18T08:00:00Z,2191.60,2193.92,2183.72,2192.83,14875
2026-05-18T09:00:00Z,2192.83,2195.02,2187.07,2188.60,14375
2026-05-18T10:00:00Z,2188.60,2198.59,2185.10,2195.08,15125
2026-05-18T11:00:00Z,2195.08,2200.12,2184.95,2185.38,8875
2026-05-18T12:00:00Z,2185.38,2190.18,2183.57,2184.44,16750
2026-05-18T13:00:00Z,2184.44,2185.31,2169.79,2175.66,16500
2026-05-18T14:00:00Z,2175.66,2183.70,2153.30,2161.29,14875
2026-05-18T15:00:00Z,2161.29,2176.12,2159.35,2169.62,8750
2026-05-18T16:00:00Z,2169.62,2176.25,2167.46,2174.95,10625
2026-05-18T17:00:00Z,2174.95,2179.22,2170.17,2176.40,9750
2026-05-18T18:00:00Z,2176.40,2177.48,2175.04,2176.12,12000
2026-05-18T19:00:00Z,2176.12,2176.77,2171.51,2173.46,10000
2026-05-18T20:00:00Z,2173.46,2182.72,2171.07,2178.37,11875
2026-05-18T21:00:00Z,2178.37,2187.22,2173.58,2181.12,13500
2026-05-18T22:00:00Z,2181.12,2198.47,2176.76,2190.81,18125
2026-05-18T23:00:00Z,2190.81,2202.33,2190.60,2197.06,13000
2026-05-19T00:00:00Z,2197.06,2201.89,2183.05,2187.42,7625
2026-05-19T01:00:00Z,2187.42,2189.82,2172.59,2178.69,12875
2026-05-19T02:00:00Z,2178.69,2185.90,2171.29,2179.80,12500
2026-05-19T03:00:00Z,2179.80,2185.68,2159.35,2165.41,15000
2026-05-19T04:00:00Z,2165.41,2168.65,2160.02,2163.04,16375
2026-05-19T05:00:00Z,2163.04,2180.41,2156.34,2172.59,16250
2026-05-19T06:00:00Z,2172.59,2178.45,2160.67,2168.25,8250
2026-05-19T07:00:00Z,2168.25,2174.10,2165.02,2167.83,11625
2026-05-19T08:00:00Z,2167.83,2178.26,2164.15,2170.02,14375
2026-05-19T09:00:00Z,2170.02,2186.16,2169.16,2183.76,17875
2026-05-19T10:00:00Z,2183.76,2206.82,2181.14,2200.22,9125
2026-05-19T11:00:00Z,2200.22,2201.32,2178.89,2183.91,11250
2026-05-19T12:00:00Z,2183.91,2195.99,2181.51,2191.61,8875
2026-05-19T13:00:00Z,2191.61,2199.06,2172.12,2179.96,9375
2026-05-19T14:00:00Z,2179.96,2185.62,2168.43,2177.13,18750
2026-05-19T15:00:00Z,2177.13,2185.18,2168.42,2171.02,8250
2026-05-19T16:00:00Z,2171.02,2185.21,2162.78,2178.68,13625
2026-05-19T17:00:00Z,2178.68,2183.27,2171.93,2178.70,14750
2026-05-19T18:00:00Z,2178.70,2187.41,2154.72,2163.15,12125
2026-05-19T19:00:00Z,2163.15,2169.47,2161.64,2166.87,9375
2026-05-19T20:00:00Z,2166.87,2170.58,2158.86,2168.42,16625
2026-05-19T21:00:00Z,2168.42,2173.19,2153.46,2162.32,16000
2026-05-19T22:00:00Z,2162.32,2169.23,2149.56,2157.10,7000
2026-05-19T23:00:00Z,2157.10,2163.66,2154.73,2163.66,8000
2026-05-20T00:00:00Z,2163.66,2166.47,2155.58,2160.76,18625
2026-05-20T01:00:00Z,2160.76,2168.53,2135.92,2144.28,11625
2026-05-20T02:00:00Z,2144.28,2146.63,2131.58,2132.43,16875
2026-05-20T03:00:00Z,2132.43,2140.25,2124.55,2139.40,14250
2026-05-20T04:00:00Z,2139.40,2148.53,2131.92,2142.96,17750
2026-05-20T05:00:00Z,2142.96,2149.32,2135.68,2144.61,14375
2026-05-20T06:00:00Z,2144.61,2151.82,2138.18,2147.32,12625
2026-05-20T07:00:00Z,2147.32,2152.47,2144.48,2145.76,11000
2026-05-20T08:00:00Z,2145.76,2163.47,2142.55,2158.08,18000
2026-05-20T09:00:00Z,2158.08,2158.08,2150.07,2151.79,17750
2026-05-20T10:00:00Z,2151.79,2158.89,2147.44,2147.44,9875
2026-05-20T11:00:00Z,2147.44,2162.61,2141.86,2155.07,8000
2026-05-20T12:00:00Z,2155.07,2164.48,2152.49,2155.65,12750
2026-05-20T13:00:00Z,2155.65,2176.82,2147.68,2173.13,11750
2026-05-20T14:00:00Z,2173.13,2184.98,2164.23,2177.80,14375
2026-05-20T15:00:00Z,2177.80,2183.68,2164.71,2173.40,8500
2026-05-20T16:00:00Z,2173.40,2185.68,2169.71,2178.93,10125
2026-05-20T17:00:00Z,2178.93,2179.36,2166.27,2174.53,7875
2026-05-20T18:00:00Z,2174.53,2186.39,2174.53,2178.34,7750
2026-05-20T19:00:00Z,2178.34,2178.77,2176.75,2177.83,7500
2026-05-20T20:00:00Z,2177.83,2186.75,2173.65,2176.47,7500
2026-05-20T21:00:00Z,2176.47,2192.19,2169.73,2185.86,16250
2026-05-20T22:00:00Z,2185.86,2190.01,2180.77,2185.14,6750
2026-05-20T23:00:00Z,2185.14,2189.72,2180.30,2182.91,6500
2026-05-21T00:00:00Z,2182.91,2188.80,2169.33,2176.29,6500
2026-05-21T01:00:00Z,2176.29,2177.59,2164.50,2168.18,13875
2026-05-21T02:00:00Z,2168.18,2182.22,2165.58,2178.30,8000
2026-05-21T03:00:00Z,2178.30,2194.82,2177.43,2191.54,18625
2026-05-21T04:00:00Z,2191.54,2200.25,2185.85,2192.36,7250
2026-05-21T05:00:00Z,2192.36,2200.63,2185.79,2196.46,10750
2026-05-21T06:00:00Z,2196.46,2197.55,2189.83,2195.75,14125
2026-05-21T07:00:00Z,2195.75,2213.08,2188.51,2204.71,15125
2026-05-21T08:00:00Z,2204.71,2210.22,2184.39,2191.18,9625
2026-05-21T09:00:00Z,2191.18,2209.36,2185.49,2201.22,6625
2026-05-21T10:00:00Z,2201.22,2203.20,2198.96,2199.39,11250
2026-05-21T11:00:00Z,2199.39,2215.87,2192.58,2209.91,17625
2026-05-21T12:00:00Z,2209.91,2212.11,2192.42,2200.12,8500
2026-05-21T13:00:00Z,2200.12,2200.12,2193.02,2200.06,16375
2026-05-21T14:00:00Z,2200.06,2207.93,2198.96,2203.31,15500
2026-05-21T15:00:00Z,2203.31,2210.36,2184.52,2186.92,12500
2026-05-21T16:00:00Z,2186.92,2196.49,2183.86,2191.24,15750
2026-05-21T17:00:00Z,2191.24,2200.62,2184.89,2197.77,18000
2026-05-21T18:00:00Z,2197.77,2200.62,2186.29,2192.64,16125
2026-05-21T19:00:00Z,2192.64,2193.07,2183.39,2192.15,11125
2026-05-21T20:00:00Z,2192.15,2194.12,2187.50,2189.68,14000
2026-05-21T21:00:00Z,2189.68,2195.37,2179.53,2179.74,12500
2026-05-21T22:00:00Z,2179.74,2187.80,2169.88,2178.15,10250
2026-05-21T23:00:00Z,2178.15,2199.74,2174.02,2193.82,6625
2026-05-22T00:00:00Z,2193.82,2208.60,2189.66,2204.20,6250
2026-05-22T01:00:00Z,2204.20,2217.07,2196.05,2211.33,13500
2026-05-22T02:00:00Z,2211.33,2217.30,2191.09,2195.04,6500
2026-05-22T03:00:00Z,2195.04,2215.58,2190.44,2207.20,7250
2026-05-22T04:00:00Z,2207.20,2211.26,2204.56,2207.73,14125
2026-05-22T05:00:00Z,2207.73,2210.15,2198.99,2203.61,16625
2026-05-22T06:00:00Z,2203.61,2205.15,2195.33,2201.71,10250
2026-05-22T07:00:00Z,2201.71,2211.93,2192.91,2203.56,14000
2026-05-22T08:00:00Z,2203.56,2205.32,2188.40,2189.05,18625
2026-05-22T09:00:00Z,2189.05,2202.75,2182.05,2198.58,13000
2026-05-22T10:00:00Z,2198.58,2200.11,2184.59,2190.28,17500
2026-05-22T11:00:00Z,2190.28,2199.26,2182.25,2189.03,7000
2026-05-22T12:00:00Z,2189.03,2190.56,2179.45,2183.16,13750
2026-05-22T13:00:00Z,2183.16,2184.25,2180.18,2181.05,11000
2026-05-22T14:00:00Z,2181.05,2186.06,2175.43,2176.95,18500
2026-05-22T15:00:00Z,2176.95,2178.03,2170.89,2170.89,7625
2026-05-22T16:00:00Z,2170.89,2175.44,2169.00,2170.30,14000
2026-05-22T17:00:00Z,2170.30,2177.89,2164.07,2167.10,12125
2026-05-22T18:00:00Z,2167.10,2170.35,2154.35,2160.61,18000
2026-05-22T19:00:00Z,2160.61,2165.68,2157.59,2164.17,6875
2026-05-22T20:00:00Z,2164.17,2174.64,2163.09,2165.77,9625
2026-05-22T21:00:00Z,2165.77,2180.27,2159.06,2178.10,15250
2026-05-22T22:00:00Z,2178.10,2183.98,2170.06,2172.01,15375
2026-05-22T23:00:00Z,2172.01,2175.26,2167.52,2169.68,9250
2026-05-23T00:00:00Z,2169.68,2185.30,2166.43,2182.03,15125
2026-05-23T01:00:00Z,2182.03,2191.39,2175.49,2188.77,10500
2026-05-23T02:00:00Z,2188.77,2190.08,2181.53,2188.31,18000
2026-05-23T03:00:00Z,2188.31,2195.53,2173.47,2177.38,8250
2026-05-23T04:00:00Z,2177.38,2177.38,2169.56,2173.03,16000
2026-05-23T05:00:00Z,2173.03,2182.54,2166.52,2182.11,7125
2026-05-23T06:00:00Z,2182.11,2187.96,2176.22,2185.56,6625
2026-05-23T07:00:00Z,2185.56,2198.40,2179.01,2194.02,17625
2026-05-23T08:00:00Z,2194.02,2202.79,2182.63,2191.39,8625
2026-05-23T09:00:00Z,2191.39,2199.05,2185.50,2187.90,10125
2026-05-23T10:00:00Z,2187.90,2194.87,2182.22,2190.93,11875
2026-05-23T11:00:00Z,2190.93,2198.81,2176.98,2185.06,16625
2026-05-23T12:00:00Z,2185.06,2191.13,2185.06,2188.51,14500
2026-05-23T13:00:00Z,2188.51,2197.82,2184.79,2196.73,16625
2026-05-23T14:00:00Z,2196.73,2198.48,2191.91,2195.64,15250
2026-05-23T15:00:00Z,2195.64,2204.20,2183.24,2188.49,13000
2026-05-23T16:00:00Z,2188.49,2199.59,2185.65,2193.67,15000
2026-05-23T17:00:00Z,2193.67,2201.12,2182.99,2190.43,15125
2026-05-23T18:00:00Z,2190.43,2190.86,2182.02,2182.45,18125
2026-05-23T19:00:00Z,2182.45,2187.68,2178.53,2183.32,18125
2026-05-23T20:00:00Z,2183.32,2202.76,2178.74,2197.49,17375
2026-05-23T21:00:00Z,2197.49,2204.96,2194.64,2197.49,7875
2026-05-23T22:00:00Z,2197.49,2209.22,2193.10,2205.04,12250
2026-05-23T23:00:00Z,2205.04,2206.58,2196.45,2205.04,11375
2026-05-24T00:00:00Z,2205.04,2206.36,2196.91,2201.97,8750
2026-05-24T01:00:00Z,2201.97,2212.35,2193.17,2205.52,8625
2026-05-24T02:00:00Z,2205.52,2211.69,2178.91,2187.66,7375
2026-05-24T03:00:00Z,2187.66,2194.44,2182.65,2183.74,12250
2026-05-24T04:00:00Z,2183.74,2197.11,2182.87,2190.98,16875
2026-05-24T05:00:00Z,2190.98,2206.82,2190.98,2199.35,13750
2026-05-24T06:00:00Z,2199.35,2205.28,2193.44,2196.51,7375
2026-05-24T07:00:00Z,2196.51,2208.42,2193.00,2199.63,14125
2026-05-24T08:00:00Z,2199.63,2211.37,2193.92,2207.40,9500
2026-05-24T09:00:00Z,2207.40,2210.93,2194.41,2203.00,13625
2026-05-24T10:00:00Z,2203.00,2209.38,2186.72,2193.73,18750
2026-05-24T11:00:00Z,2193.73,2199.65,2190.89,2190.89,16375
2026-05-24T12:00:00Z,2190.89,2199.65,2178.21,2186.73,15875
2026-05-24T13:00:00Z,2186.73,2195.78,2181.27,2193.81,15250
2026-05-24T14:00:00Z,2193.81,2202.46,2193.60,2201.36,13875
2026-05-24T15:00:00Z,2201.36,2204.88,2198.31,2199.18,11375
2026-05-24T16:00:00Z,2199.18,2203.79,2190.35,2191.00,14375
2026-05-24T17:00:00Z,2191.00,2203.58,2189.69,2195.46,12875
2026-05-24T18:00:00Z,2195.46,2201.01,2192.83,2197.94,11500
2026-05-24T19:00:00Z,2197.94,2201.67,2190.46,2193.31,12375
2026-05-24T20:00:00Z,2193.31,2199.50,2185.42,2194.46,8000
2026-05-24T21:00:00Z,2194.46,2196.65,2180.82,2186.94,11250
2026-05-24T22:00:00Z,2186.94,2186.94,2177.03,2178.33,16500
2026-05-24T23:00:00Z,2178.33,2182.46,2171.31,2171.74,17875
2026-05-25T00:00:00Z,2171.74,2176.08,2153.63,2160.11,11125
2026-05-25T01:00:00Z,2160.11,2169.72,2157.31,2161.30,14250
2026-05-25T02:00:00Z,2161.30,2167.35,2150.19,2159.04,8250
2026-05-25T03:00:00Z,2159.04,2165.30,2151.83,2152.90,10125
2026-05-25T04:00:00Z,2152.90,2154.19,2138.62,2142.69,16375
2026-05-25T05:00:00Z,2142.69,2147.73,2139.70,2146.02,15375
2026-05-25T06:00:00Z,2146.02,2147.30,2133.28,2140.34,9000
2026-05-25T07:00:00Z,2140.34,2141.83,2133.41,2138.11,10625
2026-05-25T08:00:00Z,2138.11,2147.84,2134.69,2143.99,6375
2026-05-25T09:00:00Z,2143.99,2152.78,2128.73,2134.27,7000
2026-05-25T10:00:00Z,2134.27,2144.84,2133.63,2141.20,8125
2026-05-25T11:00:00Z,2141.20,2153.51,2133.50,2149.43,15250
2026-05-25T12:00:00Z,2149.43,2154.80,2134.55,2140.54,7750
2026-05-25T13:00:00Z,2140.54,2148.79,2140.12,2141.94,10875
2026-05-25T14:00:00Z,2141.94,2151.03,2137.23,2150.17,8375
2026-05-25T15:00:00Z,2150.17,2167.47,2146.30,2160.78,8375
2026-05-25T16:00:00Z,2160.78,2162.83,2151.93,2162.40,13625
2026-05-25T17:00:00Z,2162.40,2183.91,2160.89,2175.00,7875
2026-05-25T18:00:00Z,2175.00,2178.48,2161.67,2170.56,17500
2026-05-25T19:00:00Z,2170.56,2174.24,2150.82,2155.77,14625
2026-05-25T20:00:00Z,2155.77,2163.96,2147.73,2150.74,11125
2026-05-25T21:00:00Z,2150.74,2152.46,2144.42,2148.50,7625
2026-05-25T22:00:00Z,2148.50,2156.31,2145.93,2155.45,13125
2026-05-25T23:00:00Z,2155.45,2169.76,2149.42,2163.92,9875
2026-05-26T00:00:00Z,2163.92,2170.62,2146.84,2154.38,12625
2026-05-26T01:00:00Z,2154.38,2165.79,2147.71,2157.38,17375
2026-05-26T02:00:00Z,2157.38,2158.67,2151.32,2155.19,6500
2026-05-26T03:00:00Z,2155.19,2168.59,2148.08,2163.62,10750
2026-05-26T04:00:00Z,2163.62,2165.13,2148.20,2150.13,11625
2026-05-26T05:00:00Z,2150.13,2152.49,2144.73,2147.09,7125
2026-05-26T06:00:00Z,2147.09,2155.24,2134.40,2143.18,6250
2026-05-26T07:00:00Z,2143.18,2149.18,2135.68,2145.54,14625
2026-05-26T08:00:00Z,2145.54,2156.56,2138.25,2153.77,14875
2026-05-26T09:00:00Z,2153.77,2157.21,2145.72,2146.79,17625
2026-05-26T10:00:00Z,2146.79,2154.08,2133.63,2139.83,6250
2026-05-26T11:00:00Z,2139.83,2153.92,2139.62,2152.20,7750
2026-05-26T12:00:00Z,2152.20,2157.58,2147.45,2150.24,17500
2026-05-26T13:00:00Z,2150.24,2153.92,2145.08,2150.91,17500
2026-05-26T14:00:00Z,2150.91,2156.71,2141.38,2146.10,8000
2026-05-26T15:00:00Z,2146.10,2147.60,2132.04,2138.02,6500
2026-05-26T16:00:00Z,2138.02,2148.82,2135.03,2142.61,9125
2026-05-26T17:00:00Z,2142.61,2149.03,2130.45,2133.43,11500
2026-05-26T18:00:00Z,2133.43,2136.63,2119.25,2119.25,16875
2026-05-26T19:00:00Z,2119.25,2135.84,2116.71,2129.24,8000
2026-05-26T20:00:00Z,2129.24,2139.81,2128.39,2133.41,18375
2026-05-26T21:00:00Z,2133.41,2139.06,2130.64,2136.93,15500
2026-05-26T22:00:00Z,2136.93,2139.49,2126.67,2135.42,8250
2026-05-26T23:00:00Z,2135.42,2139.69,2112.93,2116.31,12500
2026-05-27T00:00:00Z,2116.31,2124.98,2107.48,2115.94,12250
2026-05-27T01:00:00Z,2115.94,2132.31,2112.98,2124.45,10875
2026-05-27T02:00:00Z,2124.45,2130.61,2111.15,2117.71,15000
2026-05-27T03:00:00Z,2117.71,2122.63,2110.51,2122.21,18250
2026-05-27T04:00:00Z,2122.21,2135.42,2116.70,2129.04,14375
2026-05-27T05:00:00Z,2129.04,2141.82,2125.21,2140.97,15625
2026-05-27T06:00:00Z,2140.97,2157.93,2135.84,2149.12,13000
2026-05-27T07:00:00Z,2149.12,2149.54,2139.95,2146.38,7875
2026-05-27T08:00:00Z,2146.38,2153.03,2137.22,2143.22,17875
2026-05-27T09:00:00Z,2143.22,2149.86,2122.61,2129.85,17875
2026-05-27T10:00:00Z,2129.85,2134.53,2110.89,2114.06,13250
2026-05-27T11:00:00Z,2114.06,2122.79,2106.67,2115.18,12125
2026-05-27T12:00:00Z,2115.18,2122.18,2111.59,2120.70,15375
2026-05-27T13:00:00Z,2120.70,2131.49,2112.43,2131.49,6625
2026-05-27T14:00:00Z,2131.49,2140.91,2127.02,2133.66,15250
2026-05-27T15:00:00Z,2133.66,2142.64,2128.54,2136.88,14125
2026-05-27T16:00:00Z,2136.88,2150.93,2128.34,2147.50,11375
2026-05-27T17:00:00Z,2147.50,2167.22,2142.57,2159.02,13375
2026-05-27T18:00:00Z,2159.02,2163.12,2151.95,2158.85,10500
2026-05-27T19:00:00Z,2158.85,2163.16,2149.29,2152.08,13000
2026-05-27T20:00:00Z,2152.08,2156.64,2144.34,2153.63,10375
2026-05-27T21:00:00Z,2153.63,2158.79,2150.19,2157.50,8375
2026-05-27T22:00:00Z,2157.50,2159.65,2142.00,2147.36,18500
2026-05-27T23:00:00Z,2147.36,2152.07,2144.36,2152.07,8000
2026-05-28T00:00:00Z,2152.07,2161.57,2147.13,2153.18,18625
2026-05-28T01:00:00Z,2153.18,2159.85,2140.74,2141.38,8250
2026-05-28T02:00:00Z,2141.38,2144.16,2133.93,2135.63,13875
2026-05-28T03:00:00Z,2135.63,2141.39,2126.29,2132.04,14625
2026-05-28T04:00:00Z,2132.04,2133.95,2115.28,2122.70,14000
2026-05-28T05:00:00Z,2122.70,2127.36,2115.54,2120.62,17750
2026-05-28T06:00:00Z,2120.62,2134.23,2118.29,2129.98,12750
2026-05-28T07:00:00Z,2129.98,2129.98,2117.69,2120.23,6500
2026-05-28T08:00:00Z,2120.23,2123.62,2104.83,2112.64,11750
2026-05-28T09:00:00Z,2112.64,2118.13,2106.14,2111.63,8500
2026-05-28T10:00:00Z,2111.63,2116.90,2106.82,2110.19,14375
2026-05-28T11:00:00Z,2110.19,2120.57,2101.97,2112.76,7625
2026-05-28T12:00:00Z,2112.76,2124.84,2106.22,2116.59,17000
2026-05-28T13:00:00Z,2116.59,2116.59,2109.67,2110.72,14875
2026-05-28T14:00:00Z,2110.72,2124.06,2105.87,2117.08,10875
2026-05-28T15:00:00Z,2117.08,2128.77,2116.66,2120.08,11375
2026-05-28T16:00:00Z,2120.08,2136.44,2115.42,2130.27,7000
2026-05-28T17:00:00Z,2130.27,2142.43,2121.97,2140.94,9875
2026-05-28T18:00:00Z,2140.94,2147.79,2131.13,2139.90,14500
2026-05-28T19:00:00Z,2139.90,2159.00,2131.13,2151.47,16375
2026-05-28T20:00:00Z,2151.47,2161.40,2148.46,2154.51,8875
2026-05-28T21:00:00Z,2154.51,2162.69,2150.90,2153.26,10125
2026-05-28T22:00:00Z,2153.26,2161.87,2143.85,2145.56,18500
2026-05-28T23:00:00Z,2145.56,2152.21,2142.61,2143.03,10000
2026-05-29T00:00:00Z,2143.03,2147.95,2137.30,2138.58,8250
2026-05-29T01:00:00Z,2138.58,2144.14,2127.30,2129.21,17000
2026-05-29T02:00:00Z,2129.21,2141.42,2124.32,2136.30,8125
2026-05-29T03:00:00Z,2136.30,2140.14,2118.35,2120.47,8625
2026-05-29T04:00:00Z,2120.47,2128.73,2117.75,2119.44,8750
2026-05-29T05:00:00Z,2119.44,2126.64,2101.80,2105.80,15250
2026-05-29T06:00:00Z,2105.80,2110.67,2103.28,2106.04,16750
2026-05-29T07:00:00Z,2106.04,2114.25,2099.10,2102.88,10375
2026-05-29T08:00:00Z,2102.88,2107.50,2098.27,2101.42,17250
2026-05-29T09:00:00Z,2101.42,2109.35,2099.32,2107.25,6500
2026-05-29T10:00:00Z,2107.25,2112.09,2090.32,2098.50,11625
2026-05-29T11:00:00Z,2098.50,2106.84,2096.41,2102.64,13375
2026-05-29T12:00:00Z,2102.64,2109.29,2102.22,2104.66,15500
2026-05-29T13:00:00Z,2104.66,2104.87,2091.64,2093.73,6625
2026-05-29T14:00:00Z,2093.73,2098.84,2090.39,2094.03,14250
2026-05-29T15:00:00Z,2094.03,2108.35,2088.38,2100.37,16375
2026-05-29T16:00:00Z,2100.37,2102.05,2083.60,2089.86,12000
2026-05-29T17:00:00Z,2089.86,2105.11,2088.61,2099.03,15375
2026-05-29T18:00:00Z,2099.03,2101.96,2079.05,2081.75,12750
2026-05-29T19:00:00Z,2081.75,2088.67,2077.38,2086.38,11000
2026-05-29T20:00:00Z,2086.38,2098.15,2085.13,2096.48,14750
2026-05-29T21:00:00Z,2096.48,2099.83,2087.55,2095.30,9000
2026-05-29T22:00:00Z,2095.30,2097.18,2088.18,2091.73,12000
2026-05-29T23:00:00Z,2091.73,2093.61,2072.08,2078.31,16750
2026-05-30T00:00:00Z,2078.31,2085.16,2067.64,2073.65,13000
2026-05-30T01:00:00Z,2073.65,2075.93,2067.36,2072.74,10750
2026-05-30T02:00:00Z,2072.74,2079.16,2062.10,2069.55,6250
2026-05-30T03:00:00Z,2069.55,2072.86,2050.07,2057.88,7375
2026-05-30T04:00:00Z,2057.88,2070.36,2056.24,2064.79,10625
2026-05-30T05:00:00Z,2064.79,2067.06,2058.74,2064.10,6750
2026-05-30T06:00:00Z,2064.10,2075.58,2063.07,2070.00,16500
2026-05-30T07:00:00Z,2070.00,2073.31,2062.47,2063.50,15125
2026-05-30T08:00:00Z,2063.50,2071.26,2062.68,2066.51,7875
2026-05-30T09:00:00Z,2066.51,2074.36,2057.34,2065.60,6250
2026-05-30T10:00:00Z,2065.60,2067.45,2054.79,2062.42,18375
2026-05-30T11:00:00Z,2062.42,2062.97,2059.13,2062.56,7500
2026-05-30T12:00:00Z,2062.56,2071.14,2060.30,2062.69,12000
2026-05-30T13:00:00Z,2062.69,2062.89,2053.34,2058.07,13500
2026-05-30T14:00:00Z,2058.07,2069.71,2056.63,2069.30,14250
2026-05-30T15:00:00Z,2069.30,2074.47,2067.36,2068.80,11500
2026-05-30T16:00:00Z,2068.80,2076.45,2063.55,2066.44,8625
2026-05-30T17:00:00Z,2066.44,2073.60,2061.07,2068.43,11500
2026-05-30T18:00:00Z,2068.43,2069.25,2066.91,2067.11,7625
2026-05-30T19:00:00Z,2067.11,2072.27,2063.94,2066.00,11000
2026-05-30T20:00:00Z,2066.00,2071.29,2058.57,2067.16,16500
2026-05-30T21:00:00Z,2067.16,2073.28,2063.24,2070.59,15875
2026-05-30T22:00:00Z,2070.59,2078.79,2066.25,2074.02,15500
2026-05-30T23:00:00Z,2074.02,2078.92,2072.78,2076.02,12750
2026-05-31T00:00:00Z,2076.02,2083.15,2068.34,2080.24,14875
2026-05-31T01:00:00Z,2080.24,2093.24,2076.50,2085.53,13875
2026-05-31T02:00:00Z,2085.53,2087.92,2081.57,2086.26,18625
2026-05-31T03:00:00Z,2086.26,2089.72,2078.96,2089.52,17750
2026-05-31T04:00:00Z,2089.52,2092.44,2066.39,2073.43,12125
2026-05-31T05:00:00Z,2073.43,2081.64,2065.14,2075.63,13375
2026-05-31T06:00:00Z,2075.63,2076.87,2060.26,2063.35,6625
2026-05-31T07:00:00Z,2063.35,2070.15,2056.40,2060.10,12000
2026-05-31T08:00:00Z,2060.10,2063.91,2059.28,2060.62,10875
2026-05-31T09:00:00Z,2060.62,2061.23,2051.98,2054.23,15625
2026-05-31T10:00:00Z,2054.23,2061.00,2043.57,2049.10,17750
2026-05-31T11:00:00Z,2049.10,2056.68,2022.86,2031.18,15000
2026-05-31T12:00:00Z,2031.18,2039.11,2024.48,2036.67,16375
2026-05-31T13:00:00Z,2036.67,2040.13,2023.19,2030.70,18000
2026-05-31T14:00:00Z,2030.70,2035.16,2024.59,2026.61,14500
2026-05-31T15:00:00Z,2026.61,2038.19,2023.17,2037.58,14875
2026-05-31T16:00:00Z,2037.58,2038.19,2028.46,2028.86,18250
2026-05-31T17:00:00Z,2028.86,2034.10,2026.23,2030.45,8500
2026-05-31T18:00:00Z,2030.45,2047.00,2023.15,2040.07,17750
2026-05-31T19:00:00Z,2040.07,2041.09,2032.20,2032.80,10250
2026-05-31T20:00:00Z,2032.80,2035.84,2028.12,2028.93,18000
2026-05-31T21:00:00Z,2028.93,2033.79,2023.48,2025.91,14375
2026-05-31T22:00:00Z,2025.91,2029.15,2012.72,2016.95,12250
2026-05-31T23:00:00Z,2016.95,2022.19,2008.95,2015.19,10625
2026-06-01T00:00:00Z,2015.19,2027.85,2011.16,2024.82,11250
2026-06-01T01:00:00Z,2024.82,2030.69,2016.90,2022.56,10500
2026-06-01T02:00:00Z,2022.56,2037.72,2018.92,2031.43,13125
2026-06-01T03:00:00Z,2031.43,2033.86,2026.33,2031.20,9375
2026-06-01T04:00:00Z,2031.20,2032.01,2017.78,2022.63,15500
2026-06-01T05:00:00Z,2022.63,2025.02,2015.96,2024.01,17250
2026-06-01T06:00:00Z,2024.01,2025.83,2013.86,2016.48,7250
2026-06-01T07:00:00Z,2016.48,2021.11,2004.97,2011.40,9250
2026-06-01T08:00:00Z,2011.40,2015.18,2003.36,2014.98,15250
2026-06-01T09:00:00Z,2014.98,2020.01,1999.04,2004.05,15000
2026-06-01T10:00:00Z,2004.05,2005.65,2001.41,2003.61,17750
2026-06-01T11:00:00Z,2003.61,2014.60,2000.81,2006.58,16875
2026-06-01T12:00:00Z,2006.58,2007.78,1999.71,1999.71,7875
2026-06-01T13:00:00Z,1999.71,2003.30,1991.68,1994.47,17875
2026-06-01T14:00:00Z,1994.47,2001.22,1989.29,1998.43,10625
2026-06-01T15:00:00Z,1998.43,2008.40,1995.64,2005.20,11750
2026-06-01T16:00:00Z,2005.20,2016.41,1998.39,2012.99,7250
2026-06-01T17:00:00Z,2012.99,2020.84,1996.46,2001.06,18625
2026-06-01T18:00:00Z,2001.06,2003.66,1988.03,1994.61,10375
2026-06-01T19:00:00Z,1994.61,2011.78,1990.23,2003.77,8000
2026-06-01T20:00:00Z,2003.77,2012.56,2001.57,2006.75,18750
2026-06-01T21:00:00Z,2006.75,2012.16,1994.88,2002.89,12125
2026-06-01T22:00:00Z,2002.89,2010.50,1983.85,1990.61,8375
2026-06-01T23:00:00Z,1990.61,1995.98,1980.63,1988.58,18750
2026-06-02T00:00:00Z,1988.58,1988.77,1977.29,1982.64,11625
2026-06-02T01:00:00Z,1982.64,1990.37,1980.91,1981.30,10125
2026-06-02T02:00:00Z,1981.30,1986.25,1976.80,1978.97,11250
2026-06-02T03:00:00Z,1978.97,1987.72,1972.84,1984.75,9375
2026-06-02T04:00:00Z,1984.75,1996.85,1976.62,1995.26,8500
2026-06-02T05:00:00Z,1995.26,1995.45,1987.35,1991.93,17375
2026-06-02T06:00:00Z,1991.93,1994.51,1984.46,1986.04,13875
2026-06-02T07:00:00Z,1986.04,1989.81,1979.01,1979.80,10500
2026-06-02T08:00:00Z,1979.80,1985.14,1968.87,1972.61,9000
2026-06-02T09:00:00Z,1972.61,1980.30,1954.90,1962.55,9500
2026-06-02T10:00:00Z,1962.55,1964.70,1953.86,1959.73,7500
2026-06-02T11:00:00Z,1959.73,1969.61,1953.86,1961.96,14375
2026-06-02T12:00:00Z,1961.96,1966.47,1953.54,1954.71,16000
2026-06-02T13:00:00Z,1954.71,1964.84,1951.39,1964.06,14000
2026-06-02T14:00:00Z,1964.06,1970.34,1961.65,1961.84,14250
2026-06-02T15:00:00Z,1961.84,1977.22,1956.94,1975.05,10250
2026-06-02T16:00:00Z,1975.05,1985.94,1967.55,1978.43,12750
2026-06-02T17:00:00Z,1978.43,1987.60,1970.72,1979.69,7250
2026-06-02T18:00:00Z,1979.69,1993.91,1979.69,1993.91,17875
2026-06-02T19:00:00Z,1993.91,1998.49,1986.91,1990.49,11625
2026-06-02T20:00:00Z,1990.49,1998.80,1987.91,1996.21,14500
2026-06-02T21:00:00Z,1996.21,1996.21,1987.73,1995.91,10250
2026-06-02T22:00:00Z,1995.91,2003.86,1992.12,2000.66,6500
2026-06-02T23:00:00Z,2000.66,2005.26,1990.96,1993.75,17250
2026-06-03T00:00:00Z,1993.75,2001.55,1992.76,1995.97,13750
2026-06-03T01:00:00Z,1995.97,1997.56,1987.64,1990.22,8250
2026-06-03T02:00:00Z,1990.22,2002.62,1982.86,2001.82,13500
2026-06-03T03:00:00Z,2001.82,2008.08,1999.82,2004.88,18000
2026-06-03T04:00:00Z,2004.88,2012.69,1986.69,1993.26,10875
2026-06-03T05:00:00Z,1993.26,2005.70,1992.87,1997.71,12750
2026-06-03T06:00:00Z,1997.71,1998.30,1986.17,1991.94,11250
2026-06-03T07:00:00Z,1991.94,1998.31,1974.44,1980.77,13000
2026-06-03T08:00:00Z,1980.77,1987.18,1974.83,1986.79,16750
2026-06-03T09:00:00Z,1986.79,1989.42,1982.62,1988.63,14500
2026-06-03T10:00:00Z,1988.63,2000.28,1981.08,1994.50,18500
2026-06-03T11:00:00Z,1994.50,2000.95,1986.53,1995.97,10000
2026-06-03T12:00:00Z,1995.97,2005.46,1995.58,2000.06,10500
2026-06-03T13:00:00Z,2000.06,2008.18,1993.66,2005.18,14250
2026-06-03T14:00:00Z,2005.18,2011.59,1998.23,2004.84,10375
2026-06-03T15:00:00Z,2004.84,2005.24,1995.28,2002.48,14125
2026-06-03T16:00:00Z,2002.48,2008.99,1998.68,2004.99,9000
2026-06-03T17:00:00Z,2004.99,2009.40,2004.26,2004.66,9625
2026-06-03T18:00:00Z,2004.66,2008.15,2002.66,2005.35,16000
2026-06-03T19:00:00Z,2005.35,2021.03,1999.54,2014.19,11250
2026-06-03T20:00:00Z,2014.19,2023.20,2006.94,2017.56,12000
2026-06-03T21:00:00Z,2017.56,2026.24,2014.14,2023.41,12750
2026-06-03T22:00:00Z,2023.41,2027.86,2005.66,2008.87,14125
2026-06-03T23:00:00Z,2008.87,2014.28,2003.65,2014.08,13125
2026-06-04T00:00:00Z,2014.08,2033.56,2008.04,2028.29,18250
2026-06-04T01:00:00Z,2028.29,2046.89,2024.44,2040.57,18250
2026-06-04T02:00:00Z,2040.57,2044.13,2034.05,2041.28,8500
2026-06-04T03:00:00Z,2041.28,2048.72,2035.57,2048.72,17875
2026-06-04T04:00:00Z,2048.72,2053.94,2046.68,2049.23,10625
2026-06-04T05:00:00Z,2049.23,2058.12,2047.80,2054.63,6250
2026-06-04T06:00:00Z,2054.63,2061.07,2048.06,2060.46,14250
2026-06-04T07:00:00Z,2060.46,2064.87,2057.58,2063.02,14875
2026-06-04T08:00:00Z,2063.02,2072.80,2061.17,2066.19,12625
2026-06-04T09:00:00Z,2066.19,2072.80,2059.30,2062.80,9375
2026-06-04T10:00:00Z,2062.80,2068.36,2053.84,2060.84,14500
2026-06-04T11:00:00Z,2060.84,2062.58,2053.84,2062.38,14125
2026-06-04T12:00:00Z,2062.38,2067.82,2062.38,2064.73,10750
2026-06-04T13:00:00Z,2064.73,2068.85,2059.71,2060.53,7750
2026-06-04T14:00:00Z,2060.53,2071.26,2059.30,2070.02,6750
2026-06-04T15:00:00Z,2070.02,2072.50,2058.25,2058.86,14250
2026-06-04T16:00:00Z,2058.86,2062.56,2050.14,2057.13,13125
2026-06-04T17:00:00Z,2057.13,2060.62,2047.45,2051.96,10375
2026-06-04T18:00:00Z,2051.96,2058.52,2048.83,2049.44,14000
2026-06-04T19:00:00Z,2049.44,2064.63,2044.32,2058.05,11250
2026-06-04T20:00:00Z,2058.05,2068.63,2052.09,2060.60,7125
2026-06-04T21:00:00Z,2060.60,2068.01,2054.14,2059.49,15250
2026-06-04T22:00:00Z,2059.49,2069.63,2059.08,2064.27,12250
2026-06-04T23:00:00Z,2064.27,2073.77,2058.50,2070.67,8375
2026-06-05T00:00:00Z,2070.67,2086.37,2070.26,2082.00,10000
2026-06-05T01:00:00Z,2082.00,2097.59,2074.51,2091.53,18125
2026-06-05T02:00:00Z,2091.53,2099.89,2081.24,2084.36,14125
2026-06-05T03:00:00Z,2084.36,2088.73,2081.61,2084.31,18500
2026-06-05T04:00:00Z,2084.31,2091.54,2082.23,2086.54,8500
2026-06-05T05:00:00Z,2086.54,2089.19,2083.83,2087.32,9250
2026-06-05T06:00:00Z,2087.32,2098.75,2085.24,2092.89,17750
2026-06-05T07:00:00Z,2092.89,2096.02,2089.50,2090.96,16750
2026-06-05T08:00:00Z,2090.96,2093.88,2085.69,2087.56,10625
2026-06-05T09:00:00Z,2087.56,2091.31,2070.66,2076.47,8500
2026-06-05T10:00:00Z,2076.47,2086.80,2070.87,2079.73,13500
2026-06-05T11:00:00Z,2079.73,2084.92,2069.33,2072.43,16250
2026-06-05T12:00:00Z,2072.43,2076.98,2063.91,2068.25,8625
2026-06-05T13:00:00Z,2068.25,2069.90,2064.90,2065.72,12125
2026-06-05T14:00:00Z,2065.72,2072.95,2054.56,2061.77,8500
2026-06-05T15:00:00Z,2061.77,2084.59,2057.45,2077.32,11250
2026-06-05T16:00:00Z,2077.32,2081.05,2071.48,2074.59,12125
2026-06-05T17:00:00Z,2074.59,2083.84,2071.69,2081.76,11125
2026-06-05T18:00:00Z,2081.76,2091.49,2075.10,2084.20,17375
2026-06-05T19:00:00Z,2084.20,2097.87,2078.37,2093.06,14375
2026-06-05T20:00:00Z,2093.06,2097.66,2080.31,2086.77,15625
2026-06-05T21:00:00Z,2086.77,2103.12,2084.90,2101.86,13125
2026-06-05T22:00:00Z,2101.86,2107.87,2096.40,2106.82,15500
2026-06-05T23:00:00Z,2106.82,2113.56,2097.77,2099.65,18625
2026-06-06T00:00:00Z,2099.65,2107.33,2096.30,2102.29,13625
2026-06-06T01:00:00Z,2102.29,2106.49,2092.97,2098.63,15250
2026-06-06T02:00:00Z,2098.63,2100.09,2091.01,2096.25,18250
2026-06-06T03:00:00Z,2096.25,2097.92,2083.16,2087.12,17625
2026-06-06T04:00:00Z,2087.12,2099.39,2086.71,2091.24,16750
2026-06-06T05:00:00Z,2091.24,2091.65,2081.93,2083.80,9000
2026-06-06T06:00:00Z,2083.80,2100.50,2078.80,2095.27,7125
2026-06-06T07:00:00Z,2095.27,2110.60,2088.15,2104.29,16250
2026-06-06T08:00:00Z,2104.29,2113.13,2103.66,2108.50,9750
2026-06-06T09:00:00Z,2108.50,2115.03,2095.71,2098.01,16750
2026-06-06T10:00:00Z,2098.01,2110.91,2092.14,2110.07,15125
2026-06-06T11:00:00Z,2110.07,2111.96,2104.80,2111.96,11125
2026-06-06T12:00:00Z,2111.96,2118.05,2109.64,2112.14,12000
2026-06-06T13:00:00Z,2112.14,2116.36,2100.62,2104.61,12750
2026-06-06T14:00:00Z,2104.61,2106.71,2091.03,2098.79,18750
2026-06-06T15:00:00Z,2098.79,2106.97,2087.08,2090.42,18125
2026-06-06T16:00:00Z,2090.42,2098.57,2068.40,2075.45,13125
2026-06-06T17:00:00Z,2075.45,2079.14,2075.45,2075.82,9500
2026-06-06T18:00:00Z,2075.82,2083.92,2073.33,2078.52,6250
2026-06-06T19:00:00Z,2078.52,2085.91,2077.07,2085.71,12250
2026-06-06T20:00:00Z,2085.71,2092.38,2074.90,2079.26,13500
2026-06-06T21:00:00Z,2079.26,2080.29,2061.54,2068.98,8625
2026-06-06T22:00:00Z,2068.98,2077.36,2062.78,2074.88,17875
2026-06-06T23:00:00Z,2074.88,2081.53,2067.00,2076.34,18500
2026-06-07T00:00:00Z,2076.34,2088.26,2072.82,2084.72,12125
2026-06-07T01:00:00Z,2084.72,2093.05,2080.62,2082.91,6500
2026-06-07T02:00:00Z,2082.91,2096.09,2075.21,2095.05,15250
2026-06-07T03:00:00Z,2095.05,2098.61,2087.39,2091.99,9750
2026-06-07T04:00:00Z,2091.99,2113.42,2084.46,2106.47,10125
2026-06-07T05:00:00Z,2106.47,2111.52,2098.33,2104.64,8000
2026-06-07T06:00:00Z,2104.64,2112.21,2094.61,2102.81,17000
2026-06-07T07:00:00Z,2102.81,2104.77,2097.98,2104.77,7625
2026-06-07T08:00:00Z,2104.77,2111.50,2100.43,2104.00,12250
2026-06-07T09:00:00Z,2104.00,2106.73,2101.13,2103.86,12500
2026-06-07T10:00:00Z,2103.86,2112.75,2100.08,2106.44,14625
2026-06-07T11:00:00Z,2106.44,2106.44,2088.69,2097.28,17625
2026-06-07T12:00:00Z,2097.28,2105.87,2092.76,2094.22,13750
2026-06-07T13:00:00Z,2094.22,2104.10,2087.94,2102.21,10500
2026-06-07T14:00:00Z,2102.21,2109.77,2099.97,2100.39,6625
2026-06-07T15:00:00Z,2100.39,2108.58,2080.63,2085.21,14375
2026-06-07T16:00:00Z,2085.21,2089.58,2070.15,2072.84,16375
2026-06-07T17:00:00Z,2072.84,2080.14,2070.98,2077.24,11750
2026-06-07T18:00:00Z,2077.24,2078.27,2063.26,2071.33,15875
2026-06-07T19:00:00Z,2071.33,2079.82,2067.09,2068.74,11625
2026-06-07T20:00:00Z,2068.74,2070.80,2057.07,2064.91,14125
2026-06-07T21:00:00Z,2064.91,2078.74,2058.93,2077.91,9625
2026-06-07T22:00:00Z,2077.91,2080.81,2067.68,2068.50,6875
2026-06-07T23:00:00Z,2068.50,2075.73,2057.28,2063.05,14625
2026-06-08T00:00:00Z,2063.05,2070.86,2055.22,2064.47,6750
2026-06-08T01:00:00Z,2064.47,2072.31,2064.47,2069.21,6250
2026-06-08T02:00:00Z,2069.21,2079.98,2067.15,2072.94,17875
2026-06-08T03:00:00Z,2072.94,2078.53,2051.16,2056.50,14750
2026-06-08T04:00:00Z,2056.50,2060.60,2050.54,2058.55,11500
2026-06-08T05:00:00Z,2058.55,2068.26,2054.64,2068.06,12000
2026-06-08T06:00:00Z,2068.06,2071.36,2060.20,2066.81,6750
2026-06-08T07:00:00Z,2066.81,2075.07,2058.93,2060.78,10375
2026-06-08T08:00:00Z,2060.78,2073.00,2060.37,2066.19,11125
2026-06-08T09:00:00Z,2066.19,2078.07,2061.03,2074.55,15750
2026-06-08T10:00:00Z,2074.55,2080.77,2066.86,2070.79,10875
2026-06-08T11:00:00Z,2070.79,2073.06,2070.40,2070.60,15125
2026-06-08T12:00:00Z,2070.60,2081.90,2070.60,2076.92,10375
2026-06-08T13:00:00Z,2076.92,2082.11,2060.41,2065.57,18625
2026-06-08T14:00:00Z,2065.57,2079.57,2060.62,2073.35,7000
2026-06-08T15:00:00Z,2073.35,2079.98,2057.25,2061.16,12625
2026-06-08T16:00:00Z,2061.16,2068.78,2051.89,2059.71,15750
2026-06-08T17:00:00Z,2059.71,2063.62,2051.41,2054.90,13875
2026-06-08T18:00:00Z,2054.90,2060.27,2047.51,2055.34,15125
2026-06-08T19:00:00Z,2055.34,2056.57,2041.91,2049.28,9250
2026-06-08T20:00:00Z,2049.28,2059.82,2048.26,2052.64,17375
2026-06-08T21:00:00Z,2052.64,2053.46,2045.11,2045.31,14250
2026-06-08T22:00:00Z,2045.31,2052.26,2037.34,2044.49,6500
2026-06-08T23:00:00Z,2044.49,2045.30,2023.14,2029.83,10000
2026-06-09T00:00:00Z,2029.83,2043.71,2027.20,2037.20,16750
2026-06-09T01:00:00Z,2037.20,2049.92,2030.89,2047.88,13750
2026-06-09T02:00:00Z,2047.88,2052.18,2036.11,2041.41,7250
2026-06-09T03:00:00Z,2041.41,2044.67,2031.91,2037.00,15875
2026-06-09T04:00:00Z,2037.00,2038.83,2014.09,2021.36,10125
2026-06-09T05:00:00Z,2021.36,2028.03,2003.24,2008.46,7000
2026-06-09T06:00:00Z,2008.46,2016.09,1999.88,2004.08,15875
2026-06-09T07:00:00Z,2004.08,2014.41,2003.08,2010.59,11750
2026-06-09T08:00:00Z,2010.59,2014.20,2000.59,2004.39,8000
2026-06-09T09:00:00Z,2004.39,2012.20,1984.15,1988.32,18250
2026-06-09T10:00:00Z,1988.32,2000.14,1982.76,1992.18,16750
2026-06-09T11:00:00Z,1992.18,1992.77,1982.87,1989.23,14625
2026-06-09T12:00:00Z,1989.23,1991.81,1983.91,1988.28,17125
2026-06-09T13:00:00Z,1988.28,1994.64,1976.79,1984.33,18250
2026-06-09T14:00:00Z,1984.33,1995.35,1981.16,1988.59,12750
2026-06-09T15:00:00Z,1988.59,1990.18,1976.50,1984.03,16750
2026-06-09T16:00:00Z,1984.03,1989.86,1980.86,1986.29,9875
2026-06-09T17:00:00Z,1986.29,1992.77,1978.35,1991.58,15375
2026-06-09T18:00:00Z,1991.58,2005.34,1991.58,2005.34,16250
2026-06-09T19:00:00Z,2005.34,2011.35,2004.00,2004.00,15500
2026-06-09T20:00:00Z,2004.00,2011.61,1987.93,1993.31,14750
2026-06-09T21:00:00Z,1993.31,1997.09,1984.16,1988.73,10750
2026-06-09T22:00:00Z,1988.73,2005.67,1986.15,1997.68,17875
2026-06-09T23:00:00Z,1997.68,2000.19,1992.09,2000.19,12250
2026-06-10T00:00:00Z,2000.19,2001.57,1998.39,2000.97,13875
2026-06-10T01:00:00Z,2000.97,2004.17,1988.58,1991.96,9000
2026-06-10T02:00:00Z,1991.96,1993.75,1984.01,1987.58,14125
2026-06-10T03:00:00Z,1987.58,1990.16,1980.64,1986.20,7875
2026-06-10T04:00:00Z,1986.20,1989.77,1982.85,1983.64,14250
2026-06-10T05:00:00Z,1983.64,1985.42,1975.15,1981.09,8250
2026-06-10T06:00:00Z,1981.09,1987.23,1968.30,1972.24,17875
2026-06-10T07:00:00Z,1972.24,1972.63,1963.06,1967.19,11000
2026-06-10T08:00:00Z,1967.19,1967.97,1955.89,1960.00,12125
2026-06-10T09:00:00Z,1960.00,1965.29,1953.83,1954.61,12250
2026-06-10T10:00:00Z,1954.61,1963.21,1949.34,1960.27,9750
2026-06-10T11:00:00Z,1960.27,1977.41,1953.41,1975.24,13625
2026-06-10T12:00:00Z,1975.24,1975.83,1969.22,1970.79,14125
2026-06-10T13:00:00Z,1970.79,1975.71,1953.88,1958.58,8375
2026-06-10T14:00:00Z,1958.58,1963.31,1952.71,1960.18,16500
2026-06-10T15:00:00Z,1960.18,1972.10,1960.18,1967.97,11250
2026-06-10T16:00:00Z,1967.97,1981.98,1966.01,1980.60,17500
2026-06-10T17:00:00Z,1980.60,1981.98,1979.66,1980.25,16750
2026-06-10T18:00:00Z,1980.25,1991.02,1975.11,1989.43,7125
2026-06-10T19:00:00Z,1989.43,2001.48,1986.65,1996.29,12375
2026-06-10T20:00:00Z,1996.29,2008.12,1991.30,2005.32,14375
2026-06-10T21:00:00Z,2005.32,2012.94,1995.80,2002.00,16750
2026-06-10T22:00:00Z,2002.00,2013.33,1996.00,2007.51,9125
2026-06-10T23:00:00Z,2007.51,2007.51,1998.38,2005.39,16375
2026-06-11T00:00:00Z,2005.39,2005.59,1996.32,2003.33,15750
2026-06-11T01:00:00Z,2003.33,2007.28,2003.13,2003.48,15875
2026-06-11T02:00:00Z,2003.48,2020.84,2001.28,2020.24,9125
2026-06-11T03:00:00Z,2020.24,2026.50,2013.52,2017.55,9625
2026-06-11T04:00:00Z,2017.55,2020.97,2009.05,2011.86,16625
2026-06-11T05:00:00Z,2011.86,2025.05,2005.43,2024.25,18750
2026-06-11T06:00:00Z,2024.25,2029.31,2017.53,2019.14,6375
2026-06-11T07:00:00Z,2019.14,2026.75,2017.53,2019.69,8750
2026-06-11T08:00:00Z,2019.69,2037.18,2014.44,2032.51,13875
2026-06-11T09:00:00Z,2032.51,2034.54,2022.72,2028.80,7875
2026-06-11T10:00:00Z,2028.80,2036.50,2024.91,2024.91,16250
2026-06-11T11:00:00Z,2024.91,2028.28,2023.90,2027.27,16875
2026-06-11T12:00:00Z,2027.27,2033.49,2024.64,2027.61,15250
2026-06-11T13:00:00Z,2027.61,2041.72,2022.75,2034.00,6250
2026-06-11T14:00:00Z,2034.00,2041.72,2029.29,2032.13,6500
2026-06-11T15:00:00Z,2032.13,2034.77,2022.13,2030.45,10000
2026-06-11T16:00:00Z,2030.45,2038.26,2028.63,2037.04,14875
2026-06-11T17:00:00Z,2037.04,2042.04,2028.90,2040.82,8625
2026-06-11T18:00:00Z,2040.82,2048.89,2037.36,2043.38,10875
2026-06-11T19:00:00Z,2043.38,2058.57,2042.98,2052.01,10375
2026-06-11T20:00:00Z,2052.01,2059.52,2044.42,2054.59,16250
2026-06-11T21:00:00Z,2054.59,2060.13,2047.21,2047.61,17875
2026-06-11T22:00:00Z,2047.61,2048.01,2044.70,2047.15,11125
2026-06-11T23:00:00Z,2047.15,2055.06,2040.81,2047.90,18375
2026-06-12T00:00:00Z,2047.90,2053.42,2044.49,2045.51,11375
2026-06-12T01:00:00Z,2045.51,2061.56,2043.26,2053.76,15875
2026-06-12T02:00:00Z,2053.76,2062.85,2047.60,2057.51,9125
2026-06-12T03:00:00Z,2057.51,2065.57,2056.69,2064.13,6250
2026-06-12T04:00:00Z,2064.13,2079.85,2056.70,2073.22,17875
2026-06-12T05:00:00Z,2073.22,2075.50,2067.93,2068.75,16250
2026-06-12T06:00:00Z,2068.75,2072.26,2065.11,2067.17,16500
2026-06-12T07:00:00Z,2067.17,2077.33,2059.11,2072.15,16375
2026-06-12T08:00:00Z,2072.15,2077.53,2059.69,2063.61,7250
2026-06-12T09:00:00Z,2063.61,2065.26,2054.43,2062.47,12625
2026-06-12T10:00:00Z,2062.47,2078.90,2058.76,2074.55,14750
2026-06-12T11:00:00Z,2074.55,2081.60,2059.64,2067.49,13500
2026-06-12T12:00:00Z,2067.49,2076.52,2061.29,2076.32,14625
2026-06-12T13:00:00Z,2076.32,2082.80,2071.55,2078.03,15375
2026-06-12T14:00:00Z,2078.03,2082.39,2072.62,2072.82,13750
2026-06-12T15:00:00Z,2072.82,2086.19,2072.20,2082.86,14500
2026-06-12T16:00:00Z,2082.86,2092.15,2075.99,2090.48,10750
2026-06-12T17:00:00Z,2090.48,2106.32,2084.21,2104.85,11250
2026-06-12T18:00:00Z,2104.85,2108.00,2098.66,2103.07,11500
2026-06-12T19:00:00Z,2103.07,2108.99,2100.34,2104.16,9125
2026-06-12T20:00:00Z,2104.16,2113.15,2095.75,2108.73,15500
2026-06-12T21:00:00Z,2108.73,2111.89,2103.83,2105.93,12375
2026-06-12T22:00:00Z,2105.93,2108.92,2098.77,2106.82,18000
2026-06-12T23:00:00Z,2106.82,2117.40,2099.24,2114.66,8750
2026-06-13T00:00:00Z,2114.66,2123.11,2109.10,2112.69,9000
2026-06-13T01:00:00Z,2112.69,2119.17,2112.06,2116.64,16500
2026-06-13T02:00:00Z,2116.64,2119.81,2114.47,2115.10,16500
2026-06-13T03:00:00Z,2115.10,2125.84,2110.24,2118.64,11125
2026-06-13T04:00:00Z,2118.64,2130.90,2112.50,2128.78,8375
2026-06-13T05:00:00Z,2128.78,2132.18,2111.69,2115.92,17000
2026-06-13T06:00:00Z,2115.92,2122.47,2114.39,2115.65,10750
2026-06-13T07:00:00Z,2115.65,2121.36,2111.56,2113.46,8375
2026-06-13T08:00:00Z,2113.46,2121.27,2108.12,2111.92,16125
2026-06-13T09:00:00Z,2111.92,2112.55,2103.41,2111.64,13000
2026-06-13T10:00:00Z,2111.64,2122.60,2109.11,2116.68,13375
2026-06-13T11:00:00Z,2116.68,2123.45,2111.33,2114.92,8875
2026-06-13T12:00:00Z,2114.92,2116.40,2110.42,2113.16,9625
2026-06-13T13:00:00Z,2113.16,2113.16,2106.31,2106.94,18625
2026-06-13T14:00:00Z,2106.94,2112.57,2099.36,2107.94,12625
2026-06-13T15:00:00Z,2107.94,2116.79,2099.30,2114.26,18750
2026-06-13T16:00:00Z,2114.26,2114.47,2109.11,2111.64,10625
2026-06-13T17:00:00Z,2111.64,2119.86,2109.32,2114.79,13875
2026-06-13T18:00:00Z,2114.79,2116.64,2110.35,2115.80,8500
2026-06-13T19:00:00Z,2115.80,2117.49,2114.27,2115.11,18125
2026-06-13T20:00:00Z,2115.11,2116.37,2111.46,2113.99,15250
2026-06-13T21:00:00Z,2113.99,2119.69,2106.54,2113.30,11000
2026-06-13T22:00:00Z,2113.30,2124.35,2109.08,2122.44,8625
2026-06-13T23:00:00Z,2122.44,2128.40,2121.17,2127.55,8000
2026-06-14T00:00:00Z,2127.55,2128.61,2123.51,2124.57,12500
2026-06-14T01:00:00Z,2124.57,2126.90,2107.40,2114.80,18500
2026-06-14T02:00:00Z,2114.80,2117.33,2113.32,2116.91,18375
2026-06-14T03:00:00Z,2116.91,2134.53,2116.49,2127.73,16625
2026-06-14T04:00:00Z,2127.73,2136.90,2126.46,2133.28,17750
2026-06-14T05:00:00Z,2133.28,2143.57,2131.37,2142.29,15750
2026-06-14T06:00:00Z,2142.29,2153.89,2140.15,2145.74,16000
2026-06-14T07:00:00Z,2145.74,2149.60,2133.50,2134.56,13000
2026-06-14T08:00:00Z,2134.56,2136.69,2129.45,2132.00,9250
2026-06-14T09:00:00Z,2132.00,2133.27,2127.32,2128.38,7250
2026-06-14T10:00:00Z,2128.38,2129.65,2123.04,2123.04,17125
2026-06-14T11:00:00Z,2123.04,2127.53,2116.04,2124.77,7125
2026-06-14T12:00:00Z,2124.77,2133.09,2116.28,2127.56,15250
2026-06-14T13:00:00Z,2127.56,2134.00,2122.25,2132.30,13375
2026-06-14T14:00:00Z,2132.30,2138.97,2124.42,2137.05,9000
2026-06-14T15:00:00Z,2137.05,2142.39,2130.03,2136.65,13750
2026-06-14T16:00:00Z,2136.65,2143.05,2115.88,2124.37,14875
2026-06-14T17:00:00Z,2124.37,2124.82,2115.67,2124.82,12500
2026-06-14T18:00:00Z,2124.82,2127.19,2119.51,2126.34,14125
2026-06-14T19:00:00Z,2126.34,2128.67,2120.58,2122.49,8625
2026-06-14T20:00:00Z,2122.49,2128.22,2110.34,2114.99,16125
2026-06-14T21:00:00Z,2114.99,2120.91,2099.51,2107.51,9750
2026-06-14T22:00:00Z,2107.51,2114.52,2103.30,2111.36,6875
2026-06-14T23:00:00Z,2111.36,2117.71,2109.25,2111.59,11375
2026-06-15T00:00:00Z,2111.59,2116.02,2100.08,2106.61,14875
2026-06-15T01:00:00Z,2106.61,2109.98,2103.32,2104.37,9375
2026-06-15T02:00:00Z,2104.37,2110.89,2098.99,2103.40,18500
2026-06-15T03:00:00Z,2103.40,2104.45,2095.50,2101.80,15500
2026-06-15T04:00:00Z,2101.80,2107.14,2096.34,2102.94,10625
2026-06-15T05:00:00Z,2102.94,2104.92,2096.43,2103.24,11875
2026-06-15T06:00:00Z,2103.24,2106.27,2100.93,2103.75,6875
2026-06-15T07:00:00Z,2103.75,2105.01,2090.79,2099.18,12875
2026-06-15T08:00:00Z,2099.18,2106.88,2096.88,2106.46,12000
2026-06-15T09:00:00Z,2106.46,2116.49,2100.78,2109.32,11625
2026-06-15T10:00:00Z,2109.32,2110.89,2105.95,2109.42,11625
2026-06-15T11:00:00Z,2109.42,2115.74,2102.12,2106.33,15625
2026-06-15T12:00:00Z,2106.33,2107.80,2088.01,2094.50,7000
2026-06-15T13:00:00Z,2094.50,2099.31,2087.19,2087.81,9000
2026-06-15T14:00:00Z,2087.81,2100.49,2084.27,2092.13,16500
2026-06-15T15:00:00Z,2092.13,2094.32,2089.21,2092.65,15375
2026-06-15T16:00:00Z,2092.65,2096.83,2078.79,2081.91,10750
2026-06-15T17:00:00Z,2081.91,2097.38,2077.33,2091.95,14625
2026-06-15T18:00:00Z,2091.95,2101.16,2091.12,2098.44,11000
2026-06-15T19:00:00Z,2098.44,2100.74,2090.96,2095.99,16875
2026-06-15T20:00:00Z,2095.99,2099.25,2094.11,2096.53,7125
2026-06-15T21:00:00Z,2096.53,2107.22,2090.04,2100.71,7250
2026-06-15T22:00:00Z,2100.71,2104.91,2090.35,2091.18,9625
2026-06-15T23:00:00Z,2091.18,2096.34,2088.05,2092.79,6250
2026-06-16T00:00:00Z,2092.79,2095.30,2078.65,2086.36,9375
2026-06-16T01:00:00Z,2086.36,2100.84,2084.07,2093.10,6250
2026-06-16T02:00:00Z,2093.10,2100.28,2087.24,2093.17,8250
2026-06-16T03:00:00Z,2093.17,2105.37,2090.66,2096.99,11000
2026-06-16T04:00:00Z,2096.99,2098.66,2096.23,2096.43,7875
2026-06-16T05:00:00Z,2096.43,2102.71,2087.31,2093.17,13250
2026-06-16T06:00:00Z,2093.17,2098.82,2080.97,2086.39,13875
2026-06-16T07:00:00Z,2086.39,2096.00,2082.01,2095.17,16125
2026-06-16T08:00:00Z,2095.17,2102.80,2091.82,2095.26,12625
2026-06-16T09:00:00Z,2095.26,2104.90,2092.12,2103.64,11875
2026-06-16T10:00:00Z,2103.64,2105.53,2098.08,2100.18,6875
2026-06-16T11:00:00Z,2100.18,2112.59,2092.62,2106.28,16875
2026-06-16T12:00:00Z,2106.28,2107.96,2099.23,2104.91,9125
2026-06-16T13:00:00Z,2104.91,2107.48,2102.39,2106.85,7500
2026-06-16T14:00:00Z,2106.85,2119.06,2104.96,2113.36,16875
2026-06-16T15:00:00Z,2113.36,2125.54,2107.66,2122.57,17625
2026-06-16T16:00:00Z,2122.57,2126.81,2106.58,2110.16,8125
2026-06-16T17:00:00Z,2110.16,2111.63,2100.64,2106.53,10625
2026-06-16T18:00:00Z,2106.53,2115.45,2098.53,2107.87,17375
2026-06-16T19:00:00Z,2107.87,2123.40,2099.44,2116.42,13500
2026-06-16T20:00:00Z,2116.42,2118.37,2109.65,2118.37,9500
2026-06-16T21:00:00Z,2118.37,2136.60,2117.32,2131.06,15625
2026-06-16T22:00:00Z,2131.06,2137.66,2122.82,2124.51,9750
2026-06-16T23:00:00Z,2124.51,2130.74,2123.88,2125.43,9250
2026-06-17T00:00:00Z,2125.43,2133.64,2120.97,2125.78,11500
2026-06-17T01:00:00Z,2125.78,2134.49,2104.92,2111.25,16000
2026-06-17T02:00:00Z,2111.25,2115.05,2091.36,2095.76,16750
2026-06-17T03:00:00Z,2095.76,2105.95,2091.15,2098.19,10000
2026-06-17T04:00:00Z,2098.19,2102.38,2072.57,2081.10,16125
2026-06-17T05:00:00Z,2081.10,2089.42,2078.94,2079.77,16750
2026-06-17T06:00:00Z,2079.77,2086.75,2074.99,2081.14,10500
2026-06-17T07:00:00Z,2081.14,2093.16,2079.69,2090.03,10000
2026-06-17T08:00:00Z,2090.03,2096.71,2087.03,2088.07,15000
2026-06-17T09:00:00Z,2088.07,2088.48,2079.20,2080.86,11125
2026-06-17T10:00:00Z,2080.86,2084.60,2068.92,2075.56,12000
2026-06-17T11:00:00Z,2075.56,2075.90,2071.62,2075.90,13500
2026-06-17T12:00:00Z,2075.90,2080.59,2068.43,2076.44,10500
2026-06-17T13:00:00Z,2076.44,2082.81,2071.05,2078.45,9125
2026-06-17T14:00:00Z,2078.45,2085.87,2075.13,2081.71,13125
2026-06-17T15:00:00Z,2081.71,2088.16,2068.92,2075.56,17000
2026-06-17T16:00:00Z,2075.56,2080.33,2065.11,2072.98,8750
2026-06-17T17:00:00Z,2072.98,2080.44,2066.68,2070.19,14875
2026-06-17T18:00:00Z,2070.19,2070.60,2064.93,2069.48,6500
2026-06-17T19:00:00Z,2069.48,2076.46,2069.07,2072.32,11250
2026-06-17T20:00:00Z,2072.32,2086.21,2070.25,2082.05,6250
2026-06-17T21:00:00Z,2082.05,2082.88,2070.28,2076.30,9625
2026-06-17T22:00:00Z,2076.30,2083.31,2067.79,2081.03,14875
2026-06-17T23:00:00Z,2081.03,2098.77,2073.96,2093.33,7375
2026-06-18T00:00:00Z,2093.33,2100.65,2079.12,2087.67,15750
2026-06-18T01:00:00Z,2087.67,2094.34,2081.83,2094.14,16375
2026-06-18T02:00:00Z,2094.14,2094.55,2085.15,2086.61,10500
2026-06-18T03:00:00Z,2086.61,2092.45,2082.86,2089.11,8750
2026-06-18T04:00:00Z,2089.11,2097.46,2085.98,2089.32,6375
2026-06-18T05:00:00Z,2089.32,2095.59,2080.76,2093.92,15625
2026-06-18T06:00:00Z,2093.92,2095.80,2081.79,2089.52,8875
2026-06-18T07:00:00Z,2089.52,2097.86,2081.17,2097.86,14500
2026-06-18T08:00:00Z,2097.86,2101.42,2090.94,2099.33,10000
2026-06-18T09:00:00Z,2099.33,2100.79,2094.72,2096.81,14500
2026-06-18T10:00:00Z,2096.81,2106.86,2089.48,2105.60,7125
2026-06-18T11:00:00Z,2105.60,2106.02,2095.10,2102.03,12250
2026-06-18T12:00:00Z,2102.03,2103.29,2087.57,2095.32,11250
2026-06-18T13:00:00Z,2095.32,2098.88,2085.50,2090.51,16250
2026-06-18T14:00:00Z,2090.51,2097.83,2083.83,2092.39,10000
2026-06-18T15:00:00Z,2092.39,2099.08,2089.67,2093.64,9875
2026-06-18T16:00:00Z,2093.64,2098.24,2082.79,2085.29,18000
2026-06-18T17:00:00Z,2085.29,2091.76,2084.67,2087.59,16625
2026-06-18T18:00:00Z,2087.59,2094.89,2075.74,2081.77,10000
2026-06-18T19:00:00Z,2081.77,2093.84,2077.20,2085.30,17875
2026-06-18T20:00:00Z,2085.30,2091.13,2065.19,2072.85,7250
2026-06-18T21:00:00Z,2072.85,2079.27,2069.34,2071.82,12750
2026-06-18T22:00:00Z,2071.82,2084.25,2067.06,2076.36,7125
2026-06-18T23:00:00Z,2076.36,2085.30,2073.87,2076.79,16000
2026-06-19T00:00:00Z,2076.79,2088.63,2070.56,2083.63,17000
2026-06-19T01:00:00Z,2083.63,2088.20,2078.84,2087.37,15625
2026-06-19T02:00:00Z,2087.37,2088.20,2081.10,2087.15,8500
2026-06-19T03:00:00Z,2087.15,2091.53,2084.02,2086.52,12125
2026-06-19T04:00:00Z,2086.52,2097.78,2079.01,2094.64,6250
2026-06-19T05:00:00Z,2094.64,2099.02,2094.64,2097.77,13625
2026-06-19T06:00:00Z,2097.77,2104.90,2090.01,2103.64,7750
2026-06-19T07:00:00Z,2103.64,2107.62,2103.43,2107.20,7250
2026-06-19T08:00:00Z,2107.20,2112.04,2091.63,2099.81,10125
2026-06-19T09:00:00Z,2099.81,2102.94,2094.78,2101.68,11000
2026-06-19T10:00:00Z,2101.68,2108.61,2085.51,2089.27,16500
2026-06-19T11:00:00Z,2089.27,2093.86,2079.24,2079.44,15375
2026-06-19T12:00:00Z,2079.44,2089.00,2076.95,2081.30,8250
2026-06-19T13:00:00Z,2081.30,2093.80,2079.43,2087.33,6500
2026-06-19T14:00:00Z,2087.33,2094.84,2080.23,2087.32,13625
2026-06-19T15:00:00Z,2087.32,2096.91,2079.39,2092.31,15375
2026-06-19T16:00:00Z,2092.31,2097.54,2085.20,2089.16,18125
2026-06-19T17:00:00Z,2089.16,2093.54,2087.70,2093.54,11000
2026-06-19T18:00:00Z,2093.54,2095.42,2082.23,2090.80,12375
2026-06-19T19:00:00Z,2090.80,2105.65,2083.49,2101.24,9250
2026-06-19T20:00:00Z,2101.24,2115.33,2096.62,2108.59,9875
2026-06-19T21:00:00Z,2108.59,2122.30,2106.91,2116.80,15250
2026-06-19T22:00:00Z,2116.80,2119.12,2099.68,2108.11,6625
2026-06-19T23:00:00Z,2108.11,2110.63,2095.68,2097.35,8750
2026-06-20T00:00:00Z,2097.35,2104.30,2089.59,2099.06,13625
2026-06-20T01:00:00Z,2099.06,2124.10,2091.30,2115.85,11875
2026-06-20T02:00:00Z,2115.85,2122.40,2110.58,2115.02,14250
2026-06-20T03:00:00Z,2115.02,2129.59,2112.28,2124.50,15625
2026-06-20T04:00:00Z,2124.50,2130.65,2123.44,2127.04,12500
2026-06-20T05:00:00Z,2127.04,2139.78,2120.24,2132.53,15250
2026-06-20T06:00:00Z,2132.53,2137.85,2125.28,2133.59,8375
2026-06-20T07:00:00Z,2133.59,2142.96,2126.55,2136.56,7250
2026-06-20T08:00:00Z,2136.56,2152.00,2135.50,2148.57,10000
2026-06-20T09:00:00Z,2148.57,2154.15,2141.72,2147.73,15625
2026-06-20T10:00:00Z,2147.73,2155.67,2131.67,2136.15,17375
2026-06-20T11:00:00Z,2136.15,2137.24,2127.82,2137.03,12750
2026-06-20T12:00:00Z,2137.03,2143.65,2132.20,2135.61,10875
2026-06-20T13:00:00Z,2135.61,2145.02,2132.20,2137.54,17625
2026-06-20T14:00:00Z,2137.54,2142.45,2126.99,2135.10,17500
2026-06-20T15:00:00Z,2135.10,2140.01,2128.19,2133.52,10875
2026-06-20T16:00:00Z,2133.52,2140.56,2126.44,2130.91,17250
2026-06-20T17:00:00Z,2130.91,2140.21,2127.08,2136.16,13375
2026-06-20T18:00:00Z,2136.16,2147.06,2130.82,2144.92,11625
2026-06-20T19:00:00Z,2144.92,2156.56,2144.50,2151.62,7625
2026-06-20T20:00:00Z,2151.62,2152.05,2144.66,2150.46,8125
2026-06-20T21:00:00Z,2150.46,2153.68,2138.89,2147.04,17625
2026-06-20T22:00:00Z,2147.04,2147.46,2133.37,2138.50,10500
2026-06-20T23:00:00Z,2138.50,2139.56,2130.77,2137.61,7875
2026-06-21T00:00:00Z,2137.61,2142.95,2116.89,2123.68,13000
2026-06-21T01:00:00Z,2123.68,2126.22,2107.96,2112.18,14125
2026-06-21T02:00:00Z,2112.18,2126.95,2109.65,2118.90,8375
2026-06-21T03:00:00Z,2118.90,2132.00,2115.73,2130.09,13250
2026-06-21T04:00:00Z,2130.09,2133.71,2129.64,2130.06,14500
2026-06-21T05:00:00Z,2130.06,2138.97,2124.31,2130.24,8500
2026-06-21T06:00:00Z,2130.24,2142.56,2123.00,2134.03,8250
2026-06-21T07:00:00Z,2134.03,2134.45,2128.25,2130.38,11500
2026-06-21T08:00:00Z,2130.38,2147.56,2123.14,2146.49,9000
2026-06-21T09:00:00Z,2146.49,2152.28,2140.04,2145.18,13000
2026-06-21T10:00:00Z,2145.18,2146.46,2134.01,2141.72,12000
2026-06-21T11:00:00Z,2141.72,2147.68,2135.51,2141.90,12000
2026-06-21T12:00:00Z,2141.90,2151.89,2140.41,2151.46,18375
2026-06-21T13:00:00Z,2151.46,2154.04,2146.48,2150.56,16500
2026-06-21T14:00:00Z,2150.56,2152.49,2141.76,2143.26,7375
2026-06-21T15:00:00Z,2143.26,2144.51,2137.48,2143.44,16750
2026-06-21T16:00:00Z,2143.44,2152.60,2135.09,2147.88,7750
2026-06-21T17:00:00Z,2147.88,2156.40,2139.08,2152.32,8000
2026-06-21T18:00:00Z,2152.32,2169.19,2145.44,2167.46,11250
2026-06-21T19:00:00Z,2167.46,2179.33,2167.25,2170.65,17625
2026-06-21T20:00:00Z,2170.65,2179.87,2162.62,2179.44,18250
2026-06-21T21:00:00Z,2179.44,2182.27,2169.20,2174.63,6250
2026-06-21T22:00:00Z,2174.63,2176.80,2160.52,2168.76,7875
2026-06-21T23:00:00Z,2168.76,2184.85,2160.52,2184.20,17000
2026-06-22T00:00:00Z,2184.20,2192.62,2180.61,2189.26,12343
2026-06-22T01:00:00Z,2189.26,2193.82,2180.49,2183.61,11780
2026-06-22T02:00:00Z,2183.61,2188.77,2179.27,2180.38,11755
2026-06-22T03:00:00Z,2180.38,2183.22,2173.35,2179.33,13348
2026-06-22T04:00:00Z,2179.33,2181.68,2165.44,2171.99,12847
2026-06-22T05:00:00Z,2171.99,2176.45,2167.52,2168.14,12875
2026-06-22T06:00:00Z,2168.14,2168.98,2160.09,2163.44,11980
2026-06-22T07:00:00Z,2163.44,2178.98,2160.66,2177.06,12484
2026-06-22T08:00:00Z,2177.06,2187.23,2175.05,2181.66,12629
2026-06-22T09:00:00Z,2181.66,2190.43,2179.59,2184.09,12049
2026-06-22T10:00:00Z,2184.09,2195.51,2179.70,2186.52,12340
2026-06-22T11:00:00Z,2186.52,2198.57,2185.87,2195.46,12717
2026-06-22T12:00:00Z,2195.46,2197.55,2185.12,2192.02,11975
2026-06-22T13:00:00Z,2192.02,2205.95,2190.49,2202.49,11276
2026-06-22T14:00:00Z,2202.49,2203.90,2192.19,2202.09,12777
2026-06-22T15:00:00Z,2202.09,2208.93,2195.68,2201.48,12525
2026-06-22T16:00:00Z,2201.48,2203.71,2193.30,2200.22,12624
2026-06-22T17:00:00Z,2200.22,2203.05,2192.58,2200.70,13066
2026-06-22T18:00:00Z,2200.70,2200.70,2189.21,2190.32,12377
2026-06-22T19:00:00Z,2190.32,2190.57,2182.80,2185.84,12634
2026-06-22T20:00:00Z,2185.84,2187.12,2179.59,2184.39,12391
2026-06-22T21:00:00Z,2184.39,2189.81,2182.29,2187.68,12985
2026-06-22T22:00:00Z,2187.68,2200.45,2187.17,2197.43,13043
2026-06-22T23:00:00Z,2197.43,2204.90,2192.39,2193.59,13188
2026-06-23T00:00:00Z,2193.59,2201.86,2190.18,2197.19,12336
2026-06-23T01:00:00Z,2197.19,2200.54,2188.07,2197.51,11592
2026-06-23T02:00:00Z,2197.51,2198.50,2191.35,2194.31,12822
2026-06-23T03:00:00Z,2194.31,2199.81,2186.72,2188.27,12716
2026-06-23T04:00:00Z,2188.27,2192.23,2180.77,2185.96,11738
2026-06-23T05:00:00Z,2185.96,2187.42,2173.07,2180.82,11971
2026-06-23T06:00:00Z,2180.82,2197.46,2177.43,2196.81,12516
2026-06-23T07:00:00Z,2196.81,2210.50,2195.67,2208.08,12179
2026-06-23T08:00:00Z,2208.08,2213.71,2206.90,2211.47,12570
2026-06-23T09:00:00Z,2211.47,2216.65,2210.84,2212.00,12381
2026-06-23T10:00:00Z,2212.00,2227.97,2209.86,2219.59,12520
2026-06-23T11:00:00Z,2219.59,2219.81,2198.38,2200.00,12572
2026-06-23T12:00:00Z,2200.00,2211.96,2193.85,2209.73,12239
2026-06-23T13:00:00Z,2209.73,2212.98,2206.16,2207.63,12318
2026-06-23T14:00:00Z,2207.63,2220.10,2206.68,2217.83,12838
2026-06-23T15:00:00Z,2217.83,2219.55,2205.15,2212.41,11805
2026-06-23T16:00:00Z,2212.41,2215.07,2204.35,2205.23,11125
2026-06-23T17:00:00Z,2205.23,2215.43,2203.73,2213.44,11873
2026-06-23T18:00:00Z,2213.44,2221.16,2212.70,2217.93,12608
2026-06-23T19:00:00Z,2217.93,2223.85,2211.95,2213.84,13109
2026-06-23T20:00:00Z,2213.84,2219.35,2208.35,2217.88,11777
2026-06-23T21:00:00Z,2217.88,2223.38,2211.89,2213.57,12775
2026-06-23T22:00:00Z,2213.57,2222.64,2212.47,2214.98,12300
2026-06-23T23:00:00Z,2214.98,2221.53,2213.48,2218.81,13488
2026-06-24T00:00:00Z,2218.81,2228.02,2217.34,2227.00,12559
2026-06-24T01:00:00Z,2227.00,2232.35,2222.09,2224.98,12488
2026-06-24T02:00:00Z,2224.98,2233.91,2223.87,2228.53,12648
2026-06-24T03:00:00Z,2228.53,2238.53,2225.84,2237.86,12984
2026-06-24T04:00:00Z,2237.86,2244.23,2233.54,2242.10,12466
2026-06-24T05:00:00Z,2242.10,2250.49,2238.64,2248.80,12033
2026-06-24T06:00:00Z,2248.80,2250.46,2244.73,2246.98,12313
2026-06-24T07:00:00Z,2246.98,2248.94,2237.17,2239.56,12734
2026-06-24T08:00:00Z,2239.56,2246.94,2231.56,2244.46,11933
2026-06-24T09:00:00Z,2244.46,2253.03,2240.45,2243.77,11860
2026-06-24T10:00:00Z,2243.77,2256.15,2241.95,2247.78,12220
2026-06-24T11:00:00Z,2247.78,2252.35,2242.53,2245.30,12166
2026-06-24T12:00:00Z,2245.30,2248.35,2237.45,2242.81,11974
2026-06-24T13:00:00Z,2242.81,2249.94,2240.00,2244.13,12755
2026-06-24T14:00:00Z,2244.13,2247.11,2237.13,2243.67,12717
2026-06-24T15:00:00Z,2243.67,2247.27,2238.85,2242.53,11601
2026-06-24T16:00:00Z,2242.53,2258.66,2240.92,2255.04,12316
2026-06-24T17:00:00Z,2255.04,2269.56,2253.36,2264.91,12935
2026-06-24T18:00:00Z,2264.91,2270.68,2259.34,2267.14,12874
2026-06-24T19:00:00Z,2267.14,2271.35,2261.64,2267.12,11975
2026-06-24T20:00:00Z,2267.12,2272.17,2262.31,2269.80,11964
2026-06-24T21:00:00Z,2269.80,2270.25,2248.77,2251.92,12686
2026-06-24T22:00:00Z,2251.92,2253.87,2245.68,2248.98,12588
2026-06-24T23:00:00Z,2248.98,2257.37,2247.11,2250.76,12755
2026-06-25T00:00:00Z,2250.76,2254.22,2238.79,2245.19,12438
2026-06-25T01:00:00Z,2245.19,2250.23,2241.38,2245.92,11670
2026-06-25T02:00:00Z,2245.92,2251.42,2240.15,2240.82,11826
2026-06-25T03:00:00Z,2240.82,2247.44,2237.02,2238.19,13509
2026-06-25T04:00:00Z,2238.19,2241.69,2233.35,2234.24,13644
2026-06-25T05:00:00Z,2234.24,2238.24,2231.01,2234.08,12904
2026-06-25T06:00:00Z,2234.08,2238.37,2223.67,2224.78,11836
2026-06-25T07:00:00Z,2224.78,2233.02,2223.25,2228.62,12211
2026-06-25T08:00:00Z,2228.62,2231.77,2221.07,2225.58,12324
2026-06-25T09:00:00Z,2225.58,2229.69,2217.04,2225.66,12747
2026-06-25T10:00:00Z,2225.66,2232.94,2219.80,2219.97,11992
2026-06-25T11:00:00Z,2219.97,2236.62,2218.87,2235.95,12554
2026-06-25T12:00:00Z,2235.95,2237.54,2225.56,2226.45,12126
2026-06-25T13:00:00Z,2226.45,2234.56,2225.34,2232.94,11746
2026-06-25T14:00:00Z,2232.94,2236.72,2224.35,2227.91,12989
2026-06-25T15:00:00Z,2227.91,2229.72,2213.64,2220.23,12898
2026-06-25T16:00:00Z,2220.23,2225.35,2213.43,2218.32,11772
2026-06-25T17:00:00Z,2218.32,2224.26,2217.22,2220.38,12894
2026-06-25T18:00:00Z,2220.38,2220.73,2209.89,2215.61,12890
2026-06-25T19:00:00Z,2215.61,2218.51,2207.55,2213.28,12335
2026-06-25T20:00:00Z,2213.28,2216.03,2203.32,2204.58,12486
2026-06-25T21:00:00Z,2204.58,2216.24,2202.11,2212.53,11989
2026-06-25T22:00:00Z,2212.53,2217.97,2206.02,2209.32,12622
2026-06-25T23:00:00Z,2209.32,2212.22,2201.55,2203.94,12579
2026-06-26T00:00:00Z,2203.94,2207.44,2190.54,2193.62,12456
2026-06-26T01:00:00Z,2193.62,2194.88,2180.47,2186.85,12629
2026-06-26T02:00:00Z,2186.85,2192.44,2185.37,2188.41,12421
2026-06-26T03:00:00Z,2188.41,2194.79,2183.35,2193.06,11942
2026-06-26T04:00:00Z,2193.06,2195.15,2180.34,2182.09,13083
2026-06-26T05:00:00Z,2182.09,2182.52,2164.46,2169.40,13588
2026-06-26T06:00:00Z,2169.40,2175.16,2166.90,2170.74,11912
2026-06-26T07:00:00Z,2170.74,2175.52,2166.11,2173.39,12287
2026-06-26T08:00:00Z,2173.39,2174.47,2156.97,2158.74,12202
2026-06-26T09:00:00Z,2158.74,2165.80,2151.48,2158.97,12601
2026-06-26T10:00:00Z,2158.97,2160.29,2148.34,2151.79,12103
2026-06-26T11:00:00Z,2151.79,2153.43,2142.85,2147.24,12033
2026-06-26T12:00:00Z,2147.24,2150.01,2129.94,2137.24,12584
2026-06-26T13:00:00Z,2137.24,2142.82,2129.32,2139.63,13453
2026-06-26T14:00:00Z,2139.63,2141.66,2124.46,2128.55,11773
2026-06-26T15:00:00Z,2128.55,2131.85,2123.41,2124.88,12531
2026-06-26T16:00:00Z,2124.88,2125.72,2118.61,2121.63,12899
2026-06-26T17:00:00Z,2121.63,2128.60,2118.58,2123.58,12806
2026-06-26T18:00:00Z,2123.58,2136.90,2123.25,2135.50,13104
2026-06-26T19:00:00Z,2135.50,2143.71,2133.57,2135.73,11719
2026-06-26T20:00:00Z,2135.73,2142.79,2132.59,2136.41,12407
2026-06-26T21:00:00Z,2136.41,2139.90,2128.47,2139.05,12478
2026-06-26T22:00:00Z,2139.05,2141.85,2130.44,2135.14,12853
2026-06-26T23:00:00Z,2135.14,2136.71,2126.20,2135.83,12678
