open_time_utc,open,high,low,close,volume
2026-01-02T00:00:00Z,19.04,19.15,19.01,19.09,65624
2026-01-02T01:00:00Z,19.09,19.11,19.03,19.09,90624
2026-01-02T02:00:00Z,19.09,19.13,18.92,19.02,118749
2026-01-02T03:00:00Z,19.02,19.05,18.90,18.94,119790
2026-01-02T04:00:00Z,18.94,18.98,18.74,18.78,78124
2026-01-02T05:00:00Z,18.78,18.82,18.75,18.76,61457
2026-01-02T06:00:00Z,18.76,18.83,18.59,18.61,86457
2026-01-02T07:00:00Z,18.61,18.74,18.59,18.67,89582
2026-01-02T08:00:00Z,18.67,18.74,18.57,18.74,118749
2026-01-02T09:00:00Z,18.74,18.80,18.72,18.80,109374
2026-01-02T10:00:00Z,18.80,18.85,18.63,18.71,82291
2026-01-02T11:00:00Z,18.71,18.74,18.55,18.63,151040
2026-01-02T12:00:00Z,18.63,18.65,18.54,18.57,118749
2026-01-02T13:00:00Z,18.57,18.58,18.55,18.57,99999
2026-01-02T14:00:00Z,18.57,18.64,18.39,18.48,148957
2026-01-02T15:00:00Z,18.48,18.54,18.26,18.33,142707
2026-01-02T16:00:00Z,18.33,18.34,18.21,18.25,73957
2026-01-02T17:00:00Z,18.25,18.35,18.20,18.30,60416
2026-01-02T18:00:00Z,18.30,18.36,18.27,18.33,141665
2026-01-02T19:00:00Z,18.33,18.41,18.16,18.26,118749
2026-01-02T20:00:00Z,18.26,18.34,17.97,18.04,134374
2026-01-02T21:00:00Z,18.04,18.06,17.89,17.99,115624
2026-01-02T22:00:00Z,17.99,18.16,17.98,18.08,63541
2026-01-02T23:00:00Z,18.08,18.11,17.96,18.05,80207
2026-01-03T00:00:00Z,18.05,18.16,18.00,18.07,58332
2026-01-03T01:00:00Z,18.07,18.20,18.02,18.16,98957
2026-01-03T02:00:00Z,18.16,18.20,18.14,18.20,55207
2026-01-03T03:00:00Z,18.20,18.22,18.08,18.11,81249
2026-01-03T04:00:00Z,18.11,18.12,18.04,18.09,73957
2026-01-03T05:00:00Z,18.09,18.14,18.06,18.10,56249
2026-01-03T06:00:00Z,18.10,18.20,18.06,18.12,93749
2026-01-03T07:00:00Z,18.12,18.19,18.10,18.14,54166
2026-01-03T08:00:00Z,18.14,18.34,18.07,18.30,70832
2026-01-03T09:00:00Z,18.30,18.37,18.29,18.37,121874
2026-01-03T10:00:00Z,18.37,18.43,18.27,18.32,129165
2026-01-03T11:00:00Z,18.32,18.39,18.23,18.25,118749
2026-01-03T12:00:00Z,18.25,18.39,18.20,18.33,153124
2026-01-03T13:00:00Z,18.33,18.41,18.25,18.27,61457
2026-01-03T14:00:00Z,18.27,18.35,18.25,18.28,102082
2026-01-03T15:00:00Z,18.28,18.45,18.22,18.39,132290
2026-01-03T16:00:00Z,18.39,18.48,18.37,18.38,141665
2026-01-03T17:00:00Z,18.38,18.57,18.32,18.50,82291
2026-01-03T18:00:00Z,18.50,18.58,18.50,18.58,103124
2026-01-03T19:00:00Z,18.58,18.63,18.42,18.51,66666
2026-01-03T20:00:00Z,18.51,18.55,18.43,18.53,138540
2026-01-03T21:00:00Z,18.53,18.61,18.44,18.57,156249
2026-01-03T22:00:00Z,18.57,18.65,18.48,18.51,103124
2026-01-03T23:00:00Z,18.51,18.61,18.30,18.33,83332
2026-01-04T00:00:00Z,18.33,18.46,18.24,18.37,65624
2026-01-04T01:00:00Z,18.37,18.43,18.27,18.29,84374
2026-01-04T02:00:00Z,18.29,18.36,18.22,18.32,136457
2026-01-04T03:00:00Z,18.32,18.40,18.25,18.38,76041
2026-01-04T04:00:00Z,18.38,18.55,18.35,18.46,74999
2026-01-04T05:00:00Z,18.46,18.46,18.38,18.40,59374
2026-01-04T06:00:00Z,18.40,18.43,18.34,18.35,65624
2026-01-04T07:00:00Z,18.35,18.38,18.29,18.34,129165
2026-01-04T08:00:00Z,18.34,18.43,18.20,18.24,154165
2026-01-04T09:00:00Z,18.24,18.46,18.21,18.38,71874
2026-01-04T10:00:00Z,18.38,18.40,18.25,18.27,99999
2026-01-04T11:00:00Z,18.27,18.31,18.25,18.28,154165
2026-01-04T12:00:00Z,18.28,18.48,18.26,18.40,149999
2026-01-04T13:00:00Z,18.40,18.43,18.38,18.40,142707
2026-01-04T14:00:00Z,18.40,18.48,18.35,18.35,66666
2026-01-04T15:00:00Z,18.35,18.44,18.16,18.25,118749
2026-01-04T16:00:00Z,18.25,18.33,18.23,18.24,53124
2026-01-04T17:00:00Z,18.24,18.30,18.17,18.24,94791
2026-01-04T18:00:00Z,18.24,18.25,18.18,18.25,66666
2026-01-04T19:00:00Z,18.25,18.30,18.17,18.24,140624
2026-01-04T20:00:00Z,18.24,18.27,18.12,18.13,117707
2026-01-04T21:00:00Z,18.13,18.24,18.12,18.21,83332
2026-01-04T22:00:00Z,18.21,18.23,18.13,18.13,101041
2026-01-04T23:00:00Z,18.13,18.21,18.13,18.15,135415
2026-01-05T00:00:00Z,18.15,18.19,17.91,17.92,84374
2026-01-05T01:00:00Z,17.92,18.05,17.91,18.02,126040
2026-01-05T02:00:00Z,18.02,18.06,17.91,17.99,135415
2026-01-05T03:00:00Z,17.99,18.05,17.98,18.04,82291
2026-01-05T04:00:00Z,18.04,18.18,18.03,18.09,58332
2026-01-05T05:00:00Z,18.09,18.14,18.03,18.14,156249
2026-01-05T06:00:00Z,18.14,18.16,18.09,18.14,115624
2026-01-05T07:00:00Z,18.14,18.26,18.05,18.19,107290
2026-01-05T08:00:00Z,18.19,18.27,18.06,18.07,71874
2026-01-05T09:00:00Z,18.07,18.12,17.89,17.95,68749
2026-01-05T10:00:00Z,17.95,18.10,17.93,18.02,137499
2026-01-05T11:00:00Z,18.02,18.19,17.93,18.11,93749
2026-01-05T12:00:00Z,18.11,18.12,17.91,17.95,145832
2026-01-05T13:00:00Z,17.95,18.08,17.95,18.01,81249
2026-01-05T14:00:00Z,18.01,18.11,17.96,18.06,123957
2026-01-05T15:00:00Z,18.06,18.13,18.01,18.08,127082
2026-01-05T16:00:00Z,18.08,18.10,17.83,17.90,152082
2026-01-05T17:00:00Z,17.90,17.90,17.70,17.74,97916
2026-01-05T18:00:00Z,17.74,17.82,17.68,17.82,141665
2026-01-05T19:00:00Z,17.82,17.86,17.73,17.76,99999
2026-01-05T20:00:00Z,17.76,17.92,17.73,17.91,126040
2026-01-05T21:00:00Z,17.91,17.98,17.81,17.90,106249
2026-01-05T22:00:00Z,17.90,17.98,17.90,17.93,116665
2026-01-05T23:00:00Z,17.93,18.03,17.87,17.96,155207
2026-01-06T00:00:00Z,17.96,18.03,17.96,18.02,109374
2026-01-06T01:00:00Z,18.02,18.30,17.93,18.25,111457
2026-01-06T02:00:00Z,18.25,18.28,18.22,18.22,83332
2026-01-06T03:00:00Z,18.22,18.33,18.13,18.24,116665
2026-01-06T04:00:00Z,18.24,18.25,18.17,18.22,67707
2026-01-06T05:00:00Z,18.22,18.41,18.14,18.40,142707
2026-01-06T06:00:00Z,18.40,18.62,18.39,18.57,105207
2026-01-06T07:00:00Z,18.57,18.83,18.56,18.76,61457
2026-01-06T08:00:00Z,18.76,18.84,18.52,18.60,119790
2026-01-06T09:00:00Z,18.60,18.65,18.56,18.64,145832
2026-01-06T10:00:00Z,18.64,18.73,18.56,18.71,101041
2026-01-06T11:00:00Z,18.71,18.81,18.52,18.58,136457
2026-01-06T12:00:00Z,18.58,18.76,18.51,18.66,92707
2026-01-06T13:00:00Z,18.66,18.73,18.46,18.55,112499
2026-01-06T14:00:00Z,18.55,18.56,18.43,18.53,118749
2026-01-06T15:00:00Z,18.53,18.59,18.33,18.38,137499
2026-01-06T16:00:00Z,18.38,18.44,18.34,18.35,60416
2026-01-06T17:00:00Z,18.35,18.49,18.32,18.49,60416
2026-01-06T18:00:00Z,18.49,18.62,18.40,18.53,122915
2026-01-06T19:00:00Z,18.53,18.58,18.45,18.46,104166
2026-01-06T20:00:00Z,18.46,18.59,18.42,18.50,107290
2026-01-06T21:00:00Z,18.50,18.51,18.40,18.47,68749
2026-01-06T22:00:00Z,18.47,18.53,18.36,18.36,114582
2026-01-06T23:00:00Z,18.36,18.45,18.29,18.38,116665
2026-01-07T00:00:00Z,18.38,18.60,18.38,18.50,56249
2026-01-07T01:00:00Z,18.50,18.56,18.27,18.36,66666
2026-01-07T02:00:00Z,18.36,18.37,18.12,18.20,134374
2026-01-07T03:00:00Z,18.20,18.29,18.15,18.20,117707
2026-01-07T04:00:00Z,18.20,18.27,18.14,18.19,103124
2026-01-07T05:00:00Z,18.19,18.31,18.11,18.23,101041
2026-01-07T06:00:00Z,18.23,18.36,18.20,18.33,92707
2026-01-07T07:00:00Z,18.33,18.39,18.24,18.35,149999
2026-01-07T08:00:00Z,18.35,18.37,18.26,18.28,71874
2026-01-07T09:00:00Z,18.28,18.28,18.13,18.19,67707
2026-01-07T10:00:00Z,18.19,18.23,18.08,18.15,107290
2026-01-07T11:00:00Z,18.15,18.24,18.08,18.21,84374
2026-01-07T12:00:00Z,18.21,18.30,18.06,18.09,111457
2026-01-07T13:00:00Z,18.09,18.13,17.95,18.04,87499
2026-01-07T14:00:00Z,18.04,18.16,18.04,18.12,138540
2026-01-07T15:00:00Z,18.12,18.17,18.12,18.15,72916
2026-01-07T16:00:00Z,18.15,18.25,18.12,18.19,138540
2026-01-07T17:00:00Z,18.19,18.23,18.15,18.16,98957
2026-01-07T18:00:00Z,18.16,18.24,18.15,18.23,148957
2026-01-07T19:00:00Z,18.23,18.25,18.00,18.09,152082
2026-01-07T20:00:00Z,18.09,18.10,17.90,17.91,127082
2026-01-07T21:00:00Z,17.91,18.00,17.87,17.87,152082
2026-01-07T22:00:00Z,17.87,17.93,17.82,17.93,128124
2026-01-07T23:00:00Z,17.93,17.98,17.91,17.91,142707
2026-01-08T00:00:00Z,17.91,18.00,17.83,17.91,143749
2026-01-08T01:00:00Z,17.91,18.01,17.85,17.94,105207
2026-01-08T02:00:00Z,17.94,18.00,17.86,17.93,149999
2026-01-08T03:00:00Z,17.93,18.01,17.84,17.95,147915
2026-01-08T04:00:00Z,17.95,17.96,17.84,17.91,155207
2026-01-08T05:00:00Z,17.91,18.05,17.82,18.05,136457
2026-01-08T06:00:00Z,18.05,18.15,17.93,18.01,99999
2026-01-08T07:00:00Z,18.01,18.07,17.89,17.97,136457
2026-01-08T08:00:00Z,17.97,18.07,17.92,18.00,78124
2026-01-08T09:00:00Z,18.00,18.09,17.86,17.92,140624
2026-01-08T10:00:00Z,17.92,18.00,17.80,17.86,131249
2026-01-08T11:00:00Z,17.86,17.94,17.81,17.91,124999
2026-01-08T12:00:00Z,17.91,18.07,17.84,18.02,124999
2026-01-08T13:00:00Z,18.02,18.13,17.98,18.13,136457
2026-01-08T14:00:00Z,18.13,18.17,17.94,17.97,115624
2026-01-08T15:00:00Z,17.97,18.06,17.97,18.02,130207
2026-01-08T16:00:00Z,18.02,18.07,17.93,18.07,147915
2026-01-08T17:00:00Z,18.07,18.19,18.04,18.13,123957
2026-01-08T18:00:00Z,18.13,18.18,18.08,18.17,103124
2026-01-08T19:00:00Z,18.17,18.26,18.12,18.20,153124
2026-01-08T20:00:00Z,18.20,18.23,18.10,18.19,80207
2026-01-08T21:00:00Z,18.19,18.34,18.19,18.25,128124
2026-01-08T22:00:00Z,18.25,18.37,18.22,18.37,85416
2026-01-08T23:00:00Z,18.37,18.47,18.29,18.33,63541
2026-01-09T00:00:00Z,18.33,18.49,18.25,18.39,56249
2026-01-09T01:00:00Z,18.39,18.48,18.25,18.34,133332
2026-01-09T02:00:00Z,18.34,18.41,18.25,18.36,58332
2026-01-09T03:00:00Z,18.36,18.39,18.21,18.27,130207
2026-01-09T04:00:00Z,18.27,18.29,18.24,18.27,105207
2026-01-09T05:00:00Z,18.27,18.37,18.10,18.13,103124
2026-01-09T06:00:00Z,18.13,18.21,18.01,18.03,60416
2026-01-09T07:00:00Z,18.03,18.11,17.97,17.97,131249
2026-01-09T08:00:00Z,17.97,18.07,17.94,17.99,131249
2026-01-09T09:00:00Z,17.99,18.07,17.92,17.92,87499
2026-01-09T10:00:00Z,17.92,18.05,17.88,17.99,73957
2026-01-09T11:00:00Z,17.99,18.08,17.94,18.07,66666
2026-01-09T12:00:00Z,18.07,18.10,18.01,18.08,149999
2026-01-09T13:00:00Z,18.08,18.09,17.96,17.97,141665
2026-01-09T14:00:00Z,17.97,18.06,17.85,17.92,103124
2026-01-09T15:00:00Z,17.92,17.94,17.81,17.85,57291
2026-01-09T16:00:00Z,17.85,17.93,17.69,17.73,127082
2026-01-09T17:00:00Z,17.73,17.75,17.73,17.75,156249
2026-01-09T18:00:00Z,17.75,17.93,17.66,17.87,111457
2026-01-09T19:00:00Z,17.87,17.93,17.79,17.88,62499
2026-01-09T20:00:00Z,17.88,17.90,17.66,17.74,144790
2026-01-09T21:00:00Z,17.74,17.82,17.68,17.79,76041
2026-01-09T22:00:00Z,17.79,17.84,17.70,17.74,109374
2026-01-09T23:00:00Z,17.74,17.89,17.66,17.80,102082
2026-01-10T00:00:00Z,17.80,17.93,17.77,17.87,141665
2026-01-10T01:00:00Z,17.87,17.96,17.80,17.95,135415
2026-01-10T02:00:00Z,17.95,18.11,17.93,18.08,57291
2026-01-10T03:00:00Z,18.08,18.09,17.99,18.04,102082
2026-01-10T04:00:00Z,18.04,18.17,17.95,18.11,129165
2026-01-10T05:00:00Z,18.11,18.16,18.08,18.13,64582
2026-01-10T06:00:00Z,18.13,18.14,18.08,18.13,68749
2026-01-10T07:00:00Z,18.13,18.18,18.06,18.06,129165
2026-01-10T08:00:00Z,18.06,18.13,17.98,18.06,139582
2026-01-10T09:00:00Z,18.06,18.07,18.05,18.05,155207
2026-01-10T10:00:00Z,18.05,18.08,18.00,18.08,61457
2026-01-10T11:00:00Z,18.08,18.15,17.94,18.02,80207
2026-01-10T12:00:00Z,18.02,18.07,17.98,18.06,145832
2026-01-10T13:00:00Z,18.06,18.18,18.06,18.16,117707
2026-01-10T14:00:00Z,18.16,18.18,18.08,18.16,120832
2026-01-10T15:00:00Z,18.16,18.19,18.07,18.16,103124
2026-01-10T16:00:00Z,18.16,18.18,18.04,18.09,104166
2026-01-10T17:00:00Z,18.09,18.12,18.01,18.12,151040
2026-01-10T18:00:00Z,18.12,18.22,18.11,18.22,55207
2026-01-10T19:00:00Z,18.22,18.33,18.22,18.31,94791
2026-01-10T20:00:00Z,18.31,18.37,18.29,18.34,83332
2026-01-10T21:00:00Z,18.34,18.40,18.33,18.40,107290
2026-01-10T22:00:00Z,18.40,18.52,18.36,18.46,97916
2026-01-10T23:00:00Z,18.46,18.53,18.39,18.53,70832
2026-01-11T00:00:00Z,18.53,18.63,18.46,18.61,156249
2026-01-11T01:00:00Z,18.61,18.65,18.50,18.57,104166
2026-01-11T02:00:00Z,18.57,18.69,18.50,18.61,59374
2026-01-11T03:00:00Z,18.61,18.77,18.53,18.68,122915
2026-01-11T04:00:00Z,18.68,18.77,18.42,18.51,136457
2026-01-11T05:00:00Z,18.51,18.56,18.44,18.48,80207
2026-01-11T06:00:00Z,18.48,18.53,18.36,18.36,145832
2026-01-11T07:00:00Z,18.36,18.46,18.21,18.30,79166
2026-01-11T08:00:00Z,18.30,18.35,18.28,18.30,93749
2026-01-11T09:00:00Z,18.30,18.30,18.13,18.19,105207
2026-01-11T10:00:00Z,18.19,18.22,18.14,18.15,88541
2026-01-11T11:00:00Z,18.15,18.21,18.11,18.18,130207
2026-01-11T12:00:00Z,18.18,18.31,18.09,18.24,84374
2026-01-11T13:00:00Z,18.24,18.33,18.24,18.27,98957
2026-01-11T14:00:00Z,18.27,18.35,18.16,18.22,99999
2026-01-11T15:00:00Z,18.22,18.30,18.04,18.12,132290
2026-01-11T16:00:00Z,18.12,18.19,17.86,17.92,147915
2026-01-11T17:00:00Z,17.92,17.97,17.69,17.76,107290
2026-01-11T18:00:00Z,17.76,17.82,17.67,17.76,134374
2026-01-11T19:00:00Z,17.76,17.78,17.76,17.76,142707
2026-01-11T20:00:00Z,17.76,17.85,17.67,17.84,115624
2026-01-11T21:00:00Z,17.84,18.00,17.82,17.97,58332
2026-01-11T22:00:00Z,17.97,18.11,17.97,18.06,115624
2026-01-11T23:00:00Z,18.06,18.25,17.98,18.17,73957
2026-01-12T00:00:00Z,18.17,18.17,18.00,18.05,91666
2026-01-12T01:00:00Z,18.05,18.20,18.00,18.18,90624
2026-01-12T02:00:00Z,18.18,18.23,18.05,18.11,70832
2026-01-12T03:00:00Z,18.11,18.22,18.11,18.14,133332
2026-01-12T04:00:00Z,18.14,18.26,18.06,18.17,110415
2026-01-12T05:00:00Z,18.17,18.26,18.06,18.06,71874
2026-01-12T06:00:00Z,18.06,18.21,17.99,18.12,135415
2026-01-12T07:00:00Z,18.12,18.24,18.08,18.20,112499
2026-01-12T08:00:00Z,18.20,18.24,18.17,18.23,123957
2026-01-12T09:00:00Z,18.23,18.36,18.17,18.30,108332
2026-01-12T10:00:00Z,18.30,18.45,18.28,18.37,128124
2026-01-12T11:00:00Z,18.37,18.42,18.30,18.42,109374
2026-01-12T12:00:00Z,18.42,18.46,18.27,18.36,66666
2026-01-12T13:00:00Z,18.36,18.45,18.31,18.42,117707
2026-01-12T14:00:00Z,18.42,18.53,18.37,18.48,144790
2026-01-12T15:00:00Z,18.48,18.55,18.32,18.40,134374
2026-01-12T16:00:00Z,18.40,18.52,18.33,18.48,67707
2026-01-12T17:00:00Z,18.48,18.50,18.36,18.42,136457
2026-01-12T18:00:00Z,18.42,18.51,18.34,18.38,83332
2026-01-12T19:00:00Z,18.38,18.57,18.29,18.56,151040
2026-01-12T20:00:00Z,18.56,18.65,18.39,18.40,78124
2026-01-12T21:00:00Z,18.40,18.61,18.32,18.57,55207
2026-01-12T22:00:00Z,18.57,18.67,18.51,18.52,78124
2026-01-12T23:00:00Z,18.52,18.64,18.51,18.56,146874
2026-01-13T00:00:00Z,18.56,18.74,18.53,18.65,73957
2026-01-13T01:00:00Z,18.65,18.72,18.58,18.62,134374
2026-01-13T02:00:00Z,18.62,18.64,18.62,18.64,76041
2026-01-13T03:00:00Z,18.64,18.66,18.62,18.65,123957
2026-01-13T04:00:00Z,18.65,18.65,18.51,18.60,139582
2026-01-13T05:00:00Z,18.60,18.60,18.58,18.60,89582
2026-01-13T06:00:00Z,18.60,18.83,18.51,18.75,59374
2026-01-13T07:00:00Z,18.75,18.93,18.67,18.83,123957
2026-01-13T08:00:00Z,18.83,19.00,18.79,18.93,126040
2026-01-13T09:00:00Z,18.93,19.12,18.87,19.04,149999
2026-01-13T10:00:00Z,19.04,19.10,18.98,18.98,108332
2026-01-13T11:00:00Z,18.98,19.09,18.91,19.00,123957
2026-01-13T12:00:00Z,19.00,19.15,18.91,19.08,139582
2026-01-13T13:00:00Z,19.08,19.16,18.97,19.01,108332
2026-01-13T14:00:00Z,19.01,19.08,18.86,18.93,154165
2026-01-13T15:00:00Z,18.93,19.07,18.90,18.97,142707
2026-01-13T16:00:00Z,18.97,18.98,18.84,18.90,144790
2026-01-13T17:00:00Z,18.90,18.96,18.88,18.90,133332
2026-01-13T18:00:00Z,18.90,19.20,18.83,19.11,74999
2026-01-13T19:00:00Z,19.11,19.21,18.98,18.98,73957
2026-01-13T20:00:00Z,18.98,19.04,18.79,18.81,133332
2026-01-13T21:00:00Z,18.81,18.90,18.75,18.87,154165
2026-01-13T22:00:00Z,18.87,18.95,18.75,18.83,62499
2026-01-13T23:00:00Z,18.83,18.99,18.77,18.95,68749
2026-01-14T00:00:00Z,18.95,19.02,18.86,18.89,131249
2026-01-14T01:00:00Z,18.89,19.04,18.84,18.95,118749
2026-01-14T02:00:00Z,18.95,19.03,18.95,18.99,94791
2026-01-14T03:00:00Z,18.99,18.99,18.89,18.93,64582
2026-01-14T04:00:00Z,18.93,18.96,18.75,18.83,107290
2026-01-14T05:00:00Z,18.83,18.88,18.78,18.78,79166
2026-01-14T06:00:00Z,18.78,18.82,18.66,18.70,55207
2026-01-14T07:00:00Z,18.70,18.83,18.66,18.79,147915
2026-01-14T08:00:00Z,18.79,18.87,18.76,18.82,114582
2026-01-14T09:00:00Z,18.82,18.97,18.76,18.94,131249
2026-01-14T10:00:00Z,18.94,19.05,18.86,18.97,87499
2026-01-14T11:00:00Z,18.97,19.04,18.85,18.94,156249
2026-01-14T12:00:00Z,18.94,19.04,18.89,19.03,109374
2026-01-14T13:00:00Z,19.03,19.12,18.84,18.94,94791
2026-01-14T14:00:00Z,18.94,19.15,18.85,19.06,127082
2026-01-14T15:00:00Z,19.06,19.13,18.92,19.00,61457
2026-01-14T16:00:00Z,19.00,19.02,18.88,18.90,114582
2026-01-14T17:00:00Z,18.90,18.96,18.78,18.79,129165
2026-01-14T18:00:00Z,18.79,18.87,18.78,18.80,109374
2026-01-14T19:00:00Z,18.80,18.88,18.72,18.88,142707
2026-01-14T20:00:00Z,18.88,18.96,18.71,18.76,73957
2026-01-14T21:00:00Z,18.76,18.91,18.70,18.84,152082
2026-01-14T22:00:00Z,18.84,18.87,18.72,18.79,137499
2026-01-14T23:00:00Z,18.79,18.95,18.77,18.85,124999
2026-01-15T00:00:00Z,18.85,18.92,18.69,18.70,137499
2026-01-15T01:00:00Z,18.70,18.79,18.50,18.60,121874
2026-01-15T02:00:00Z,18.60,18.65,18.37,18.41,120832
2026-01-15T03:00:00Z,18.41,18.62,18.35,18.55,140624
2026-01-15T04:00:00Z,18.55,18.62,18.47,18.53,139582
2026-01-15T05:00:00Z,18.53,18.60,18.52,18.55,144790
2026-01-15T06:00:00Z,18.55,18.59,18.45,18.48,96874
2026-01-15T07:00:00Z,18.48,18.51,18.41,18.49,55207
2026-01-15T08:00:00Z,18.49,18.50,18.35,18.39,99999
2026-01-15T09:00:00Z,18.39,18.50,18.30,18.45,56249
2026-01-15T10:00:00Z,18.45,18.45,18.28,18.36,60416
2026-01-15T11:00:00Z,18.36,18.45,18.32,18.32,141665
2026-01-15T12:00:00Z,18.32,18.46,18.26,18.39,89582
2026-01-15T13:00:00Z,18.39,18.48,18.31,18.44,135415
2026-01-15T14:00:00Z,18.44,18.52,18.37,18.43,63541
2026-01-15T15:00:00Z,18.43,18.51,18.36,18.50,120832
2026-01-15T16:00:00Z,18.50,18.60,18.28,18.36,110415
2026-01-15T17:00:00Z,18.36,18.45,18.34,18.39,83332
2026-01-15T18:00:00Z,18.39,18.57,18.30,18.48,117707
2026-01-15T19:00:00Z,18.48,18.64,18.39,18.60,119790
2026-01-15T20:00:00Z,18.60,18.70,18.58,18.68,139582
2026-01-15T21:00:00Z,18.68,18.76,18.53,18.54,56249
2026-01-15T22:00:00Z,18.54,18.62,18.35,18.42,61457
2026-01-15T23:00:00Z,18.42,18.48,18.36,18.43,140624
2026-01-16T00:00:00Z,18.43,18.61,18.34,18.59,68749
2026-01-16T01:00:00Z,18.59,18.65,18.55,18.62,147915
2026-01-16T02:00:00Z,18.62,18.76,18.62,18.68,145832
2026-01-16T03:00:00Z,18.68,18.69,18.41,18.47,105207
2026-01-16T04:00:00Z,18.47,18.58,18.43,18.53,132290
2026-01-16T05:00:00Z,18.53,18.62,18.43,18.48,156249
2026-01-16T06:00:00Z,18.48,18.63,18.43,18.57,77082
2026-01-16T07:00:00Z,18.57,18.60,18.34,18.42,53124
2026-01-16T08:00:00Z,18.42,18.56,18.42,18.53,56249
2026-01-16T09:00:00Z,18.53,18.54,18.39,18.41,131249
2026-01-16T10:00:00Z,18.41,18.41,18.23,18.28,135415
2026-01-16T11:00:00Z,18.28,18.29,18.15,18.21,152082
2026-01-16T12:00:00Z,18.21,18.24,18.12,18.13,152082
2026-01-16T13:00:00Z,18.13,18.21,18.10,18.13,106249
2026-01-16T14:00:00Z,18.13,18.20,18.06,18.12,155207
2026-01-16T15:00:00Z,18.12,18.13,18.08,18.09,117707
2026-01-16T16:00:00Z,18.09,18.10,18.04,18.10,71874
2026-01-16T17:00:00Z,18.10,18.14,18.03,18.03,90624
2026-01-16T18:00:00Z,18.03,18.19,17.93,18.12,84374
2026-01-16T19:00:00Z,18.12,18.16,18.07,18.10,87499
2026-01-16T20:00:00Z,18.10,18.10,17.81,17.90,94791
2026-01-16T21:00:00Z,17.90,18.08,17.83,18.00,130207
2026-01-16T22:00:00Z,18.00,18.02,17.90,17.96,92707
2026-01-16T23:00:00Z,17.96,18.03,17.88,17.96,82291
2026-01-17T00:00:00Z,17.96,18.03,17.93,18.03,121874
2026-01-17T01:00:00Z,18.03,18.06,17.89,17.97,71874
2026-01-17T02:00:00Z,17.97,18.04,17.92,18.03,72916
2026-01-17T03:00:00Z,18.03,18.04,17.97,18.04,137499
2026-01-17T04:00:00Z,18.04,18.08,17.92,17.98,93749
2026-01-17T05:00:00Z,17.98,18.05,17.90,17.96,136457
2026-01-17T06:00:00Z,17.96,18.05,17.89,18.01,146874
2026-01-17T07:00:00Z,18.01,18.14,18.00,18.12,76041
2026-01-17T08:00:00Z,18.12,18.13,17.97,18.04,52083
2026-01-17T09:00:00Z,18.04,18.10,17.97,18.06,144790
2026-01-17T10:00:00Z,18.06,18.06,17.93,17.97,139582
2026-01-17T11:00:00Z,17.97,18.04,17.87,17.91,90624
2026-01-17T12:00:00Z,17.91,17.92,17.75,17.83,149999
2026-01-17T13:00:00Z,17.83,17.84,17.59,17.67,103124
2026-01-17T14:00:00Z,17.67,17.76,17.61,17.76,132290
2026-01-17T15:00:00Z,17.76,17.84,17.60,17.69,96874
2026-01-17T16:00:00Z,17.69,17.87,17.61,17.78,70832
2026-01-17T17:00:00Z,17.78,17.96,17.78,17.90,105207
2026-01-17T18:00:00Z,17.90,17.98,17.90,17.91,76041
2026-01-17T19:00:00Z,17.91,18.01,17.76,17.83,87499
2026-01-17T20:00:00Z,17.83,17.95,17.75,17.91,77082
2026-01-17T21:00:00Z,17.91,18.00,17.81,17.89,132290
2026-01-17T22:00:00Z,17.89,17.91,17.80,17.81,77082
2026-01-17T23:00:00Z,17.81,17.85,17.72,17.81,141665
2026-01-18T00:00:00Z,17.81,17.84,17.76,17.77,127082
2026-01-18T01:00:00Z,17.77,17.83,17.69,17.76,95832
2026-01-18T02:00:00Z,17.76,17.80,17.64,17.71,128124
2026-01-18T03:00:00Z,17.71,17.78,17.64,17.66,70832
2026-01-18T04:00:00Z,17.66,17.75,17.62,17.64,118749
2026-01-18T05:00:00Z,17.64,17.77,17.64,17.69,86457
2026-01-18T06:00:00Z,17.69,17.73,17.54,17.60,109374
2026-01-18T07:00:00Z,17.60,17.71,17.58,17.65,113540
2026-01-18T08:00:00Z,17.65,17.65,17.54,17.60,140624
2026-01-18T09:00:00Z,17.60,17.69,17.54,17.65,58332
2026-01-18T10:00:00Z,17.65,17.70,17.59,17.69,81249
2026-01-18T11:00:00Z,17.69,17.77,17.45,17.54,69791
2026-01-18T12:00:00Z,17.54,17.63,17.46,17.58,149999
2026-01-18T13:00:00Z,17.58,17.73,17.50,17.71,76041
2026-01-18T14:00:00Z,17.71,17.77,17.64,17.73,139582
2026-01-18T15:00:00Z,17.73,17.86,17.65,17.77,74999
2026-01-18T16:00:00Z,17.77,17.91,17.75,17.85,152082
2026-01-18T17:00:00Z,17.85,17.86,17.74,17.83,128124
2026-01-18T18:00:00Z,17.83,17.90,17.82,17.82,135415
2026-01-18T19:00:00Z,17.82,17.89,17.69,17.75,124999
2026-01-18T20:00:00Z,17.75,17.76,17.59,17.67,71874
2026-01-18T21:00:00Z,17.67,17.77,17.66,17.72,140624
2026-01-18T22:00:00Z,17.72,17.79,17.64,17.71,56249
2026-01-18T23:00:00Z,17.71,17.92,17.66,17.86,89582
2026-01-19T00:00:00Z,17.86,18.01,17.79,17.95,103124
2026-01-19T01:00:00Z,17.95,18.01,17.71,17.76,61457
2026-01-19T02:00:00Z,17.76,17.80,17.66,17.75,54166
2026-01-19T03:00:00Z,17.75,17.84,17.74,17.74,77082
2026-01-19T04:00:00Z,17.74,17.83,17.66,17.80,78124
2026-01-19T05:00:00Z,17.80,17.83,17.70,17.79,139582
2026-01-19T06:00:00Z,17.79,17.79,17.69,17.78,131249
2026-01-19T07:00:00Z,17.78,17.98,17.73,17.88,104166
2026-01-19T08:00:00Z,17.88,18.01,17.81,17.96,52083
2026-01-19T09:00:00Z,17.96,18.10,17.96,18.05,54166
2026-01-19T10:00:00Z,18.05,18.12,18.01,18.08,142707
2026-01-19T11:00:00Z,18.08,18.20,18.07,18.12,115624
2026-01-19T12:00:00Z,18.12,18.32,18.04,18.30,61457
2026-01-19T13:00:00Z,18.30,18.40,18.27,18.29,81249
2026-01-19T14:00:00Z,18.29,18.36,18.23,18.25,52083
2026-01-19T15:00:00Z,18.25,18.33,18.23,18.24,86457
2026-01-19T16:00:00Z,18.24,18.32,18.17,18.23,54166
2026-01-19T17:00:00Z,18.23,18.27,18.15,18.27,76041
2026-01-19T18:00:00Z,18.27,18.32,18.20,18.24,143749
2026-01-19T19:00:00Z,18.24,18.34,18.18,18.31,83332
2026-01-19T20:00:00Z,18.31,18.40,18.27,18.36,63541
2026-01-19T21:00:00Z,18.36,18.38,18.21,18.23,77082
2026-01-19T22:00:00Z,18.23,18.27,18.14,18.21,74999
2026-01-19T23:00:00Z,18.21,18.26,18.14,18.24,138540
2026-01-20T00:00:00Z,18.24,18.38,18.18,18.33,93749
2026-01-20T01:00:00Z,18.33,18.42,18.21,18.22,133332
2026-01-20T02:00:00Z,18.22,18.30,18.13,18.17,138540
2026-01-20T03:00:00Z,18.17,18.19,17.99,18.07,148957
2026-01-20T04:00:00Z,18.07,18.16,17.96,18.01,102082
2026-01-20T05:00:00Z,18.01,18.11,17.99,18.09,103124
2026-01-20T06:00:00Z,18.09,18.14,17.99,18.00,109374
2026-01-20T07:00:00Z,18.00,18.06,17.95,17.99,111457
2026-01-20T08:00:00Z,17.99,18.10,17.91,18.10,144790
2026-01-20T09:00:00Z,18.10,18.18,18.04,18.11,151040
2026-01-20T10:00:00Z,18.11,18.11,17.99,18.08,139582
2026-01-20T11:00:00Z,18.08,18.10,18.02,18.02,120832
2026-01-20T12:00:00Z,18.02,18.06,17.77,17.86,76041
2026-01-20T13:00:00Z,17.86,17.90,17.78,17.89,132290
2026-01-20T14:00:00Z,17.89,17.94,17.70,17.76,52083
2026-01-20T15:00:00Z,17.76,17.79,17.68,17.76,151040
2026-01-20T16:00:00Z,17.76,17.76,17.72,17.75,57291
2026-01-20T17:00:00Z,17.75,17.94,17.71,17.87,141665
2026-01-20T18:00:00Z,17.87,17.96,17.83,17.94,133332
2026-01-20T19:00:00Z,17.94,17.97,17.88,17.95,137499
2026-01-20T20:00:00Z,17.95,18.00,17.80,17.89,114582
2026-01-20T21:00:00Z,17.89,17.91,17.79,17.88,70832
2026-01-20T22:00:00Z,17.88,17.89,17.85,17.89,88541
2026-01-20T23:00:00Z,17.89,18.09,17.81,18.06,68749
2026-01-21T00:00:00Z,18.06,18.15,18.00,18.00,63541
2026-01-21T01:00:00Z,18.00,18.16,17.93,18.12,96874
2026-01-21T02:00:00Z,18.12,18.16,17.88,17.97,97916
2026-01-21T03:00:00Z,17.97,18.07,17.89,18.03,93749
2026-01-21T04:00:00Z,18.03,18.07,17.97,18.06,146874
2026-01-21T05:00:00Z,18.06,18.14,17.85,17.94,144790
2026-01-21T06:00:00Z,17.94,18.02,17.72,17.79,62499
2026-01-21T07:00:00Z,17.79,17.98,17.71,17.88,72916
2026-01-21T08:00:00Z,17.88,18.04,17.83,17.97,131249
2026-01-21T09:00:00Z,17.97,18.16,17.90,18.08,65624
2026-01-21T10:00:00Z,18.08,18.11,18.00,18.04,148957
2026-01-21T11:00:00Z,18.04,18.11,17.97,18.03,73957
2026-01-21T12:00:00Z,18.03,18.10,18.02,18.06,101041
2026-01-21T13:00:00Z,18.06,18.15,17.93,17.94,109374
2026-01-21T14:00:00Z,17.94,17.95,17.86,17.86,70832
2026-01-21T15:00:00Z,17.86,17.88,17.85,17.87,52083
2026-01-21T16:00:00Z,17.87,17.91,17.80,17.89,154165
2026-01-21T17:00:00Z,17.89,17.98,17.81,17.92,68749
2026-01-21T18:00:00Z,17.92,17.92,17.86,17.86,110415
2026-01-21T19:00:00Z,17.86,17.94,17.72,17.75,106249
2026-01-21T20:00:00Z,17.75,17.82,17.66,17.80,126040
2026-01-21T21:00:00Z,17.80,17.90,17.71,17.81,76041
2026-01-21T22:00:00Z,17.81,17.83,17.55,17.63,95832
2026-01-21T23:00:00Z,17.63,17.72,17.56,17.69,105207
2026-01-22T00:00:00Z,17.69,17.80,17.68,17.72,82291
2026-01-22T01:00:00Z,17.72,17.72,17.65,17.65,143749
2026-01-22T02:00:00Z,17.65,17.72,17.47,17.53,83332
2026-01-22T03:00:00Z,17.53,17.57,17.35,17.44,146874
2026-01-22T04:00:00Z,17.44,17.59,17.35,17.55,89582
2026-01-22T05:00:00Z,17.55,17.64,17.41,17.48,118749
2026-01-22T06:00:00Z,17.48,17.48,17.39,17.44,110415
2026-01-22T07:00:00Z,17.44,17.48,17.35,17.44,69791
2026-01-22T08:00:00Z,17.44,17.60,17.39,17.51,135415
2026-01-22T09:00:00Z,17.51,17.52,17.48,17.49,86457
2026-01-22T10:00:00Z,17.49,17.54,17.45,17.50,136457
2026-01-22T11:00:00Z,17.50,17.52,17.41,17.49,98957
2026-01-22T12:00:00Z,17.49,17.55,17.46,17.47,73957
2026-01-22T13:00:00Z,17.47,17.58,17.43,17.50,142707
2026-01-22T14:00:00Z,17.50,17.52,17.42,17.50,149999
2026-01-22T15:00:00Z,17.50,17.51,17.45,17.49,148957
2026-01-22T16:00:00Z,17.49,17.58,17.31,17.32,138540
2026-01-22T17:00:00Z,17.32,17.43,17.31,17.43,86457
2026-01-22T18:00:00Z,17.43,17.54,17.43,17.46,152082
2026-01-22T19:00:00Z,17.46,17.60,17.38,17.57,58332
2026-01-22T20:00:00Z,17.57,17.70,17.57,17.64,104166
2026-01-22T21:00:00Z,17.64,17.69,17.50,17.53,138540
2026-01-22T22:00:00Z,17.53,17.64,17.51,17.57,131249
2026-01-22T23:00:00Z,17.57,17.66,17.48,17.56,91666
2026-01-23T00:00:00Z,17.56,17.63,17.47,17.56,96874
2026-01-23T01:00:00Z,17.56,17.59,17.49,17.57,56249
2026-01-23T02:00:00Z,17.57,17.66,17.56,17.58,134374
2026-01-23T03:00:00Z,17.58,17.62,17.42,17.51,128124
2026-01-23T04:00:00Z,17.51,17.52,17.33,17.41,130207
2026-01-23T05:00:00Z,17.41,17.50,17.30,17.31,129165
2026-01-23T06:00:00Z,17.31,17.38,17.19,17.19,90624
2026-01-23T07:00:00Z,17.19,17.27,17.09,17.13,90624
2026-01-23T08:00:00Z,17.13,17.29,17.09,17.24,119790
2026-01-23T09:00:00Z,17.24,17.43,17.19,17.35,103124
2026-01-23T10:00:00Z,17.35,17.44,17.23,17.32,118749
2026-01-23T11:00:00Z,17.32,17.38,17.29,17.31,70832
2026-01-23T12:00:00Z,17.31,17.35,17.24,17.25,93749
2026-01-23T13:00:00Z,17.25,17.25,17.13,17.19,123957
2026-01-23T14:00:00Z,17.19,17.22,17.00,17.09,111457
2026-01-23T15:00:00Z,17.09,17.17,16.92,16.97,88541
2026-01-23T16:00:00Z,16.97,17.05,16.85,16.88,72916
2026-01-23T17:00:00Z,16.88,16.96,16.81,16.93,138540
2026-01-23T18:00:00Z,16.93,17.02,16.92,16.94,60416
2026-01-23T19:00:00Z,16.94,16.97,16.90,16.97,73957
2026-01-23T20:00:00Z,16.97,17.05,16.84,16.92,85416
2026-01-23T21:00:00Z,16.92,17.00,16.85,16.92,113540
2026-01-23T22:00:00Z,16.92,17.00,16.86,16.97,148957
2026-01-23T23:00:00Z,16.97,16.99,16.81,16.89,154165
2026-01-24T00:00:00Z,16.89,16.95,16.71,16.79,67707
2026-01-24T01:00:00Z,16.79,16.85,16.70,16.80,156249
2026-01-24T02:00:00Z,16.80,16.88,16.76,16.77,88541
2026-01-24T03:00:00Z,16.77,16.79,16.74,16.77,72916
2026-01-24T04:00:00Z,16.77,16.93,16.75,16.86,137499
2026-01-24T05:00:00Z,16.86,16.96,16.80,16.93,156249
2026-01-24T06:00:00Z,16.93,17.02,16.87,16.98,83332
2026-01-24T07:00:00Z,16.98,17.11,16.91,17.02,113540
2026-01-24T08:00:00Z,17.02,17.07,17.02,17.06,128124
2026-01-24T09:00:00Z,17.06,17.12,16.99,17.07,86457
2026-01-24T10:00:00Z,17.07,17.10,16.92,16.93,94791
2026-01-24T11:00:00Z,16.93,16.94,16.81,16.89,76041
2026-01-24T12:00:00Z,16.89,17.08,16.86,17.04,98957
2026-01-24T13:00:00Z,17.04,17.18,17.01,17.13,113540
2026-01-24T14:00:00Z,17.13,17.24,17.10,17.15,123957
2026-01-24T15:00:00Z,17.15,17.17,17.01,17.09,149999
2026-01-24T16:00:00Z,17.09,17.10,17.01,17.10,58332
2026-01-24T17:00:00Z,17.10,17.16,16.85,16.91,135415
2026-01-24T18:00:00Z,16.91,16.96,16.77,16.78,112499
2026-01-24T19:00:00Z,16.78,16.80,16.71,16.78,147915
2026-01-24T20:00:00Z,16.78,16.80,16.64,16.73,76041
2026-01-24T21:00:00Z,16.73,16.86,16.73,16.79,152082
2026-01-24T22:00:00Z,16.79,16.82,16.75,16.75,148957
2026-01-24T23:00:00Z,16.75,16.79,16.70,16.70,109374
2026-01-25T00:00:00Z,16.70,16.80,16.66,16.74,83332
2026-01-25T01:00:00Z,16.74,16.83,16.66,16.71,66666
2026-01-25T02:00:00Z,16.71,16.75,16.68,16.75,149999
2026-01-25T03:00:00Z,16.75,16.92,16.66,16.86,144790
2026-01-25T04:00:00Z,16.86,16.92,16.79,16.85,70832
2026-01-25T05:00:00Z,16.85,16.92,16.69,16.76,91666
2026-01-25T06:00:00Z,16.76,16.84,16.70,16.70,141665
2026-01-25T07:00:00Z,16.70,16.94,16.65,16.89,66666
2026-01-25T08:00:00Z,16.89,16.93,16.82,16.91,62499
2026-01-25T09:00:00Z,16.91,16.95,16.90,16.95,68749
2026-01-25T10:00:00Z,16.95,17.05,16.93,16.99,145832
2026-01-25T11:00:00Z,16.99,17.08,16.92,16.94,61457
2026-01-25T12:00:00Z,16.94,16.99,16.88,16.97,80207
2026-01-25T13:00:00Z,16.97,17.05,16.96,17.03,68749
2026-01-25T14:00:00Z,17.03,17.12,17.02,17.05,120832
2026-01-25T15:00:00Z,17.05,17.07,16.96,17.01,147915
2026-01-25T16:00:00Z,17.01,17.06,16.83,16.92,97916
2026-01-25T17:00:00Z,16.92,17.09,16.90,17.03,63541
2026-01-25T18:00:00Z,17.03,17.19,16.94,17.11,60416
2026-01-25T19:00:00Z,17.11,17.20,17.05,17.05,106249
2026-01-25T20:00:00Z,17.05,17.09,16.95,16.97,140624
2026-01-25T21:00:00Z,16.97,17.02,16.77,16.81,103124
2026-01-25T22:00:00Z,16.81,16.87,16.66,16.69,83332
2026-01-25T23:00:00Z,16.69,16.71,16.65,16.67,97916
2026-01-26T00:00:00Z,16.67,16.74,16.60,16.64,104166
2026-01-26T01:00:00Z,16.64,16.73,16.41,16.50,117707
2026-01-26T02:00:00Z,16.50,16.50,16.43,16.48,66666
2026-01-26T03:00:00Z,16.48,16.72,16.41,16.65,69791
2026-01-26T04:00:00Z,16.65,16.71,16.56,16.60,93749
2026-01-26T05:00:00Z,16.60,16.65,16.50,16.55,63541
2026-01-26T06:00:00Z,16.55,16.62,16.40,16.48,67707
2026-01-26T07:00:00Z,16.48,16.50,16.37,16.39,70832
2026-01-26T08:00:00Z,16.39,16.51,16.38,16.50,129165
2026-01-26T09:00:00Z,16.50,16.51,16.47,16.51,61457
2026-01-26T10:00:00Z,16.51,16.60,16.43,16.52,112499
2026-01-26T11:00:00Z,16.52,16.54,16.40,16.48,107290
2026-01-26T12:00:00Z,16.48,16.61,16.45,16.55,99999
2026-01-26T13:00:00Z,16.55,16.57,16.49,16.57,111457
2026-01-26T14:00:00Z,16.57,16.66,16.49,16.60,156249
2026-01-26T15:00:00Z,16.60,16.61,16.60,16.61,90624
2026-01-26T16:00:00Z,16.61,16.66,16.54,16.54,146874
2026-01-26T17:00:00Z,16.54,16.64,16.53,16.56,65624
2026-01-26T18:00:00Z,16.56,16.57,16.36,16.41,144790
2026-01-26T19:00:00Z,16.41,16.51,16.33,16.51,148957
2026-01-26T20:00:00Z,16.51,16.52,16.43,16.48,141665
2026-01-26T21:00:00Z,16.48,16.63,16.44,16.57,97916
2026-01-26T22:00:00Z,16.57,16.65,16.54,16.64,97916
2026-01-26T23:00:00Z,16.64,16.69,16.63,16.68,98957
2026-01-27T00:00:00Z,16.68,16.78,16.63,16.74,103124
2026-01-27T01:00:00Z,16.74,16.76,16.69,16.76,138540
2026-01-27T02:00:00Z,16.76,16.84,16.65,16.71,70832
2026-01-27T03:00:00Z,16.71,16.81,16.67,16.79,147915
2026-01-27T04:00:00Z,16.79,16.87,16.61,16.66,138540
2026-01-27T05:00:00Z,16.66,16.74,16.61,16.70,105207
2026-01-27T06:00:00Z,16.70,16.70,16.55,16.59,120832
2026-01-27T07:00:00Z,16.59,16.59,16.42,16.44,107290
2026-01-27T08:00:00Z,16.44,16.46,16.39,16.45,76041
2026-01-27T09:00:00Z,16.45,16.56,16.39,16.48,66666
2026-01-27T10:00:00Z,16.48,16.68,16.40,16.62,92707
2026-01-27T11:00:00Z,16.62,16.68,16.56,16.66,61457
2026-01-27T12:00:00Z,16.66,16.71,16.61,16.67,93749
2026-01-27T13:00:00Z,16.67,16.69,16.64,16.65,124999
2026-01-27T14:00:00Z,16.65,16.65,16.57,16.64,114582
2026-01-27T15:00:00Z,16.64,16.83,16.63,16.78,138540
2026-01-27T16:00:00Z,16.78,16.95,16.75,16.93,61457
2026-01-27T17:00:00Z,16.93,17.01,16.90,16.94,128124
2026-01-27T18:00:00Z,16.94,17.02,16.85,16.88,91666
2026-01-27T19:00:00Z,16.88,16.92,16.81,16.90,90624
2026-01-27T20:00:00Z,16.90,16.99,16.85,16.89,53124
2026-01-27T21:00:00Z,16.89,16.92,16.81,16.81,134374
2026-01-27T22:00:00Z,16.81,16.86,16.75,16.84,149999
2026-01-27T23:00:00Z,16.84,16.84,16.76,16.81,136457
2026-01-28T00:00:00Z,16.81,16.82,16.68,16.73,71874
2026-01-28T01:00:00Z,16.73,16.95,16.72,16.94,72916
2026-01-28T02:00:00Z,16.94,17.02,16.86,16.95,61457
2026-01-28T03:00:00Z,16.95,16.98,16.95,16.95,99999
2026-01-28T04:00:00Z,16.95,17.13,16.91,17.06,77082
2026-01-28T05:00:00Z,17.06,17.21,17.06,17.17,148957
2026-01-28T06:00:00Z,17.17,17.32,17.12,17.29,131249
2026-01-28T07:00:00Z,17.29,17.36,17.26,17.32,69791
2026-01-28T08:00:00Z,17.32,17.36,17.30,17.33,82291
2026-01-28T09:00:00Z,17.33,17.35,17.27,17.35,151040
2026-01-28T10:00:00Z,17.35,17.41,17.27,17.34,60416
2026-01-28T11:00:00Z,17.34,17.43,17.23,17.30,54166
2026-01-28T12:00:00Z,17.30,17.32,17.20,17.26,133332
2026-01-28T13:00:00Z,17.26,17.31,17.15,17.20,106249
2026-01-28T14:00:00Z,17.20,17.29,17.18,17.29,96874
2026-01-28T15:00:00Z,17.29,17.36,17.25,17.31,64582
2026-01-28T16:00:00Z,17.31,17.62,17.29,17.54,55207
2026-01-28T17:00:00Z,17.54,17.74,17.48,17.65,96874
2026-01-28T18:00:00Z,17.65,17.66,17.48,17.55,129165
2026-01-28T19:00:00Z,17.55,17.61,17.52,17.56,132290
2026-01-28T20:00:00Z,17.56,17.68,17.51,17.59,142707
2026-01-28T21:00:00Z,17.59,17.83,17.53,17.81,78124
2026-01-28T22:00:00Z,17.81,17.84,17.69,17.76,81249
2026-01-28T23:00:00Z,17.76,17.79,17.73,17.77,107290
2026-01-29T00:00:00Z,17.77,17.85,17.76,17.79,117707
2026-01-29T01:00:00Z,17.79,17.85,17.65,17.72,108332
2026-01-29T02:00:00Z,17.72,17.76,17.72,17.74,107290
2026-01-29T03:00:00Z,17.74,17.77,17.62,17.70,90624
2026-01-29T04:00:00Z,17.70,17.72,17.61,17.66,52083
2026-01-29T05:00:00Z,17.66,17.78,17.62,17.77,120832
2026-01-29T06:00:00Z,17.77,17.85,17.69,17.72,144790
2026-01-29T07:00:00Z,17.72,17.88,17.72,17.86,92707
2026-01-29T08:00:00Z,17.86,17.90,17.79,17.84,86457
2026-01-29T09:00:00Z,17.84,17.84,17.79,17.79,102082
2026-01-29T10:00:00Z,17.79,17.98,17.70,17.90,63541
2026-01-29T11:00:00Z,17.90,17.91,17.87,17.88,94791
2026-01-29T12:00:00Z,17.88,17.90,17.72,17.81,109374
2026-01-29T13:00:00Z,17.81,17.93,17.80,17.87,71874
2026-01-29T14:00:00Z,17.87,17.94,17.83,17.84,66666
2026-01-29T15:00:00Z,17.84,17.88,17.81,17.81,120832
2026-01-29T16:00:00Z,17.81,17.90,17.63,17.72,147915
2026-01-29T17:00:00Z,17.72,17.75,17.63,17.72,96874
2026-01-29T18:00:00Z,17.72,17.83,17.66,17.78,82291
2026-01-29T19:00:00Z,17.78,17.81,17.69,17.71,135415
2026-01-29T20:00:00Z,17.71,17.93,17.69,17.85,119790
2026-01-29T21:00:00Z,17.85,17.91,17.75,17.77,69791
2026-01-29T22:00:00Z,17.77,17.84,17.70,17.84,65624
2026-01-29T23:00:00Z,17.84,17.87,17.81,17.81,130207
2026-01-30T00:00:00Z,17.81,17.83,17.77,17.77,148957
2026-01-30T01:00:00Z,17.77,17.82,17.67,17.76,149999
2026-01-30T02:00:00Z,17.76,17.84,17.67,17.78,135415
2026-01-30T03:00:00Z,17.78,17.81,17.72,17.78,79166
2026-01-30T04:00:00Z,17.78,17.86,17.68,17.75,121874
2026-01-30T05:00:00Z,17.75,17.78,17.59,17.64,84374
2026-01-30T06:00:00Z,17.64,17.68,17.58,17.65,101041
2026-01-30T07:00:00Z,17.65,17.84,17.56,17.78,129165
2026-01-30T08:00:00Z,17.78,17.78,17.54,17.61,66666
2026-01-30T09:00:00Z,17.61,17.72,17.56,17.63,71874
2026-01-30T10:00:00Z,17.63,17.69,17.54,17.60,131249
2026-01-30T11:00:00Z,17.60,17.69,17.60,17.62,128124
2026-01-30T12:00:00Z,17.62,17.64,17.62,17.63,54166
2026-01-30T13:00:00Z,17.63,17.71,17.61,17.62,139582
2026-01-30T14:00:00Z,17.62,17.74,17.62,17.69,66666
2026-01-30T15:00:00Z,17.69,17.87,17.67,17.85,95832
2026-01-30T16:00:00Z,17.85,17.96,17.77,17.87,122915
2026-01-30T17:00:00Z,17.87,17.96,17.61,17.66,74999
2026-01-30T18:00:00Z,17.66,17.73,17.61,17.66,92707
2026-01-30T19:00:00Z,17.66,17.70,17.63,17.64,140624
2026-01-30T20:00:00Z,17.64,17.72,17.56,17.59,149999
2026-01-30T21:00:00Z,17.59,17.62,17.41,17.48,128124
2026-01-30T22:00:00Z,17.48,17.56,17.39,17.44,60416
2026-01-30T23:00:00Z,17.44,17.44,17.36,17.36,142707
2026-01-31T00:00:00Z,17.36,17.41,17.25,17.27,127082
2026-01-31T01:00:00Z,17.27,17.31,17.20,17.24,88541
2026-01-31T02:00:00Z,17.24,17.27,17.02,17.11,148957
2026-01-31T03:00:00Z,17.11,17.17,17.05,17.09,139582
2026-01-31T04:00:00Z,17.09,17.19,17.09,17.18,118749
2026-01-31T05:00:00Z,17.18,17.39,17.16,17.33,102082
2026-01-31T06:00:00Z,17.33,17.39,17.30,17.32,144790
2026-01-31T07:00:00Z,17.32,17.55,17.29,17.47,121874
2026-01-31T08:00:00Z,17.47,17.51,17.38,17.45,67707
2026-01-31T09:00:00Z,17.45,17.47,17.37,17.39,154165
2026-01-31T10:00:00Z,17.39,17.39,17.32,17.35,112499
2026-01-31T11:00:00Z,17.35,17.37,17.23,17.24,136457
2026-01-31T12:00:00Z,17.24,17.33,17.11,17.16,155207
2026-01-31T13:00:00Z,17.16,17.23,17.07,17.14,82291
2026-01-31T14:00:00Z,17.14,17.26,17.07,17.20,52083
2026-01-31T15:00:00Z,17.20,17.28,17.14,17.24,130207
2026-01-31T16:00:00Z,17.24,17.30,17.17,17.18,134374
2026-01-31T17:00:00Z,17.18,17.23,17.12,17.21,78124
2026-01-31T18:00:00Z,17.21,17.23,17.11,17.20,146874
2026-01-31T19:00:00Z,17.20,17.24,17.03,17.11,78124
2026-01-31T20:00:00Z,17.11,17.21,17.07,17.13,77082
2026-01-31T21:00:00Z,17.13,17.26,17.08,17.22,131249
2026-01-31T22:00:00Z,17.22,17.31,17.13,17.14,113540
2026-01-31T23:00:00Z,17.14,17.24,17.08,17.16,72916
2026-02-01T00:00:00Z,17.16,17.21,16.97,17.00,61457
2026-02-01T01:00:00Z,17.00,17.10,16.96,17.06,60416
2026-02-01T02:00:00Z,17.06,17.08,16.91,16.93,119790
2026-02-01T03:00:00Z,16.93,16.94,16.81,16.89,112499
2026-02-01T04:00:00Z,16.89,16.91,16.82,16.88,53124
2026-02-01T05:00:00Z,16.88,17.05,16.87,16.98,54166
2026-02-01T06:00:00Z,16.98,16.98,16.79,16.87,132290
2026-02-01T07:00:00Z,16.87,16.97,16.87,16.94,57291
2026-02-01T08:00:00Z,16.94,16.97,16.91,16.97,98957
2026-02-01T09:00:00Z,16.97,17.06,16.89,16.99,152082
2026-02-01T10:00:00Z,16.99,17.05,16.95,16.99,134374
2026-02-01T11:00:00Z,16.99,17.02,16.89,16.97,53124
2026-02-01T12:00:00Z,16.97,17.01,16.83,16.89,132290
2026-02-01T13:00:00Z,16.89,16.96,16.78,16.81,142707
2026-02-01T14:00:00Z,16.81,16.92,16.80,16.86,133332
2026-02-01T15:00:00Z,16.86,16.88,16.82,16.86,139582
2026-02-01T16:00:00Z,16.86,16.87,16.68,16.77,88541
2026-02-01T17:00:00Z,16.77,16.86,16.50,16.57,111457
2026-02-01T18:00:00Z,16.57,16.60,16.49,16.55,117707
2026-02-01T19:00:00Z,16.55,16.67,16.49,16.59,151040
2026-02-01T20:00:00Z,16.59,16.68,16.51,16.67,111457
2026-02-01T21:00:00Z,16.67,16.68,16.62,16.68,55207
2026-02-01T22:00:00Z,16.68,16.75,16.63,16.74,71874
2026-02-01T23:00:00Z,16.74,16.80,16.71,16.79,114582
2026-02-02T00:00:00Z,16.79,16.96,16.75,16.89,144790
2026-02-02T01:00:00Z,16.89,16.93,16.85,16.90,114582
2026-02-02T02:00:00Z,16.90,16.92,16.80,16.80,78124
2026-02-02T03:00:00Z,16.80,16.87,16.63,16.67,78124
2026-02-02T04:00:00Z,16.67,16.79,16.66,16.74,67707
2026-02-02T05:00:00Z,16.74,16.77,16.66,16.71,146874
2026-02-02T06:00:00Z,16.71,16.83,16.66,16.83,96874
2026-02-02T07:00:00Z,16.83,17.04,16.77,16.95,87499
2026-02-02T08:00:00Z,16.95,17.00,16.81,16.85,138540
2026-02-02T09:00:00Z,16.85,16.93,16.79,16.84,141665
2026-02-02T10:00:00Z,16.84,16.96,16.80,16.90,93749
2026-02-02T11:00:00Z,16.90,16.99,16.75,16.81,102082
2026-02-02T12:00:00Z,16.81,16.94,16.79,16.94,136457
2026-02-02T13:00:00Z,16.94,17.02,16.94,17.02,104166
2026-02-02T14:00:00Z,17.02,17.19,16.95,17.12,110415
2026-02-02T15:00:00Z,17.12,17.19,17.08,17.10,74999
2026-02-02T16:00:00Z,17.10,17.10,17.03,17.05,78124
2026-02-02T17:00:00Z,17.05,17.08,16.89,16.96,92707
2026-02-02T18:00:00Z,16.96,17.08,16.89,17.04,64582
2026-02-02T19:00:00Z,17.04,17.10,17.02,17.08,85416
2026-02-02T20:00:00Z,17.08,17.18,17.00,17.13,115624
2026-02-02T21:00:00Z,17.13,17.18,17.04,17.05,68749
2026-02-02T22:00:00Z,17.05,17.14,16.98,17.09,78124
2026-02-02T23:00:00Z,17.09,17.17,17.01,17.15,60416
2026-02-03T00:00:00Z,17.15,17.26,17.14,17.22,89582
2026-02-03T01:00:00Z,17.22,17.23,17.22,17.22,117707
2026-02-03T02:00:00Z,17.22,17.28,17.12,17.13,70832
2026-02-03T03:00:00Z,17.13,17.18,17.08,17.11,130207
2026-02-03T04:00:00Z,17.11,17.18,17.06,17.12,84374
2026-02-03T05:00:00Z,17.12,17.25,17.07,17.16,76041
2026-02-03T06:00:00Z,17.16,17.18,17.04,17.10,137499
2026-02-03T07:00:00Z,17.10,17.32,17.07,17.25,147915
2026-02-03T08:00:00Z,17.25,17.29,17.14,17.22,53124
2026-02-03T09:00:00Z,17.22,17.35,17.16,17.33,81249
2026-02-03T10:00:00Z,17.33,17.41,17.24,17.35,85416
2026-02-03T11:00:00Z,17.35,17.45,17.28,17.39,143749
2026-02-03T12:00:00Z,17.39,17.51,17.32,17.51,62499
2026-02-03T13:00:00Z,17.51,17.53,17.29,17.38,92707
2026-02-03T14:00:00Z,17.38,17.40,17.37,17.40,105207
2026-02-03T15:00:00Z,17.40,17.42,17.36,17.41,123957
2026-02-03T16:00:00Z,17.41,17.46,17.30,17.38,63541
2026-02-03T17:00:00Z,17.38,17.45,17.37,17.44,56249
2026-02-03T18:00:00Z,17.44,17.46,17.38,17.46,57291
2026-02-03T19:00:00Z,17.46,17.48,17.34,17.35,133332
2026-02-03T20:00:00Z,17.35,17.36,17.34,17.36,135415
2026-02-03T21:00:00Z,17.36,17.41,17.31,17.34,104166
2026-02-03T22:00:00Z,17.34,17.40,17.29,17.33,154165
2026-02-03T23:00:00Z,17.33,17.35,17.23,17.26,129165
2026-02-04T00:00:00Z,17.26,17.35,17.19,17.23,86457
2026-02-04T01:00:00Z,17.23,17.30,17.06,17.14,146874
2026-02-04T02:00:00Z,17.14,17.30,17.09,17.25,123957
2026-02-04T03:00:00Z,17.25,17.40,17.21,17.36,120832
2026-02-04T04:00:00Z,17.36,17.42,17.31,17.42,60416
2026-02-04T05:00:00Z,17.42,17.57,17.38,17.52,112499
2026-02-04T06:00:00Z,17.52,17.56,17.52,17.55,127082
2026-02-04T07:00:00Z,17.55,17.61,17.32,17.40,78124
2026-02-04T08:00:00Z,17.40,17.49,17.34,17.40,71874
2026-02-04T09:00:00Z,17.40,17.46,17.30,17.38,94791
2026-02-04T10:00:00Z,17.38,17.45,17.31,17.44,76041
2026-02-04T11:00:00Z,17.44,17.47,17.34,17.38,79166
2026-02-04T12:00:00Z,17.38,17.42,17.30,17.40,54166
2026-02-04T13:00:00Z,17.40,17.41,17.33,17.33,151040
2026-02-04T14:00:00Z,17.33,17.52,17.31,17.43,68749
2026-02-04T15:00:00Z,17.43,17.46,17.35,17.46,156249
2026-02-04T16:00:00Z,17.46,17.56,17.46,17.49,83332
2026-02-04T17:00:00Z,17.49,17.66,17.40,17.61,120832
2026-02-04T18:00:00Z,17.61,17.70,17.49,17.53,90624
2026-02-04T19:00:00Z,17.53,17.53,17.38,17.42,135415
2026-02-04T20:00:00Z,17.42,17.51,17.37,17.41,58332
2026-02-04T21:00:00Z,17.41,17.48,17.25,17.26,85416
2026-02-04T22:00:00Z,17.26,17.41,17.18,17.37,94791
2026-02-04T23:00:00Z,17.37,17.42,17.23,17.32,140624
2026-02-05T00:00:00Z,17.32,17.41,17.27,17.30,86457
2026-02-05T01:00:00Z,17.30,17.32,17.25,17.29,62499
2026-02-05T02:00:00Z,17.29,17.37,17.24,17.34,79166
2026-02-05T03:00:00Z,17.34,17.34,17.24,17.26,76041
2026-02-05T04:00:00Z,17.26,17.27,17.07,17.15,127082
2026-02-05T05:00:00Z,17.15,17.35,17.13,17.27,97916
2026-02-05T06:00:00Z,17.27,17.32,17.24,17.26,80207
2026-02-05T07:00:00Z,17.26,17.33,17.21,17.23,114582
2026-02-05T08:00:00Z,17.23,17.23,17.09,17.18,154165
2026-02-05T09:00:00Z,17.18,17.24,17.11,17.17,107290
2026-02-05T10:00:00Z,17.17,17.19,17.10,17.18,143749
2026-02-05T11:00:00Z,17.18,17.23,17.15,17.23,132290
2026-02-05T12:00:00Z,17.23,17.42,17.15,17.35,144790
2026-02-05T13:00:00Z,17.35,17.46,17.35,17.38,137499
2026-02-05T14:00:00Z,17.38,17.50,17.34,17.44,136457
2026-02-05T15:00:00Z,17.44,17.44,17.18,17.24,103124
2026-02-05T16:00:00Z,17.24,17.24,17.13,17.16,144790
2026-02-05T17:00:00Z,17.16,17.16,17.11,17.16,155207
2026-02-05T18:00:00Z,17.16,17.22,17.08,17.15,101041
2026-02-05T19:00:00Z,17.15,17.25,17.07,17.20,119790
2026-02-05T20:00:00Z,17.20,17.25,17.09,17.13,63541
2026-02-05T21:00:00Z,17.13,17.30,17.11,17.22,140624
2026-02-05T22:00:00Z,17.22,17.28,17.11,17.15,66666
2026-02-05T23:00:00Z,17.15,17.37,17.07,17.28,88541
2026-02-06T00:00:00Z,17.28,17.34,17.27,17.31,64582
2026-02-06T01:00:00Z,17.31,17.39,17.23,17.38,126040
2026-02-06T02:00:00Z,17.38,17.45,17.27,17.36,146874
2026-02-06T03:00:00Z,17.36,17.46,17.35,17.45,114582
2026-02-06T04:00:00Z,17.45,17.64,17.43,17.56,64582
2026-02-06T05:00:00Z,17.56,17.57,17.44,17.52,117707
2026-02-06T06:00:00Z,17.52,17.59,17.44,17.52,131249
2026-02-06T07:00:00Z,17.52,17.57,17.51,17.57,85416
2026-02-06T08:00:00Z,17.57,17.62,17.39,17.40,132290
2026-02-06T09:00:00Z,17.40,17.58,17.40,17.54,86457
2026-02-06T10:00:00Z,17.54,17.72,17.53,17.68,140624
2026-02-06T11:00:00Z,17.68,17.77,17.59,17.65,98957
2026-02-06T12:00:00Z,17.65,17.66,17.53,17.57,73957
2026-02-06T13:00:00Z,17.57,17.63,17.49,17.60,106249
2026-02-06T14:00:00Z,17.60,17.71,17.52,17.68,87499
2026-02-06T15:00:00Z,17.68,17.72,17.54,17.58,141665
2026-02-06T16:00:00Z,17.58,17.65,17.51,17.58,154165
2026-02-06T17:00:00Z,17.58,17.63,17.52,17.63,86457
2026-02-06T18:00:00Z,17.63,17.69,17.57,17.65,83332
2026-02-06T19:00:00Z,17.65,17.74,17.53,17.61,147915
2026-02-06T20:00:00Z,17.61,17.66,17.47,17.55,81249
2026-02-06T21:00:00Z,17.55,17.59,17.49,17.55,129165
2026-02-06T22:00:00Z,17.55,17.85,17.53,17.76,109374
2026-02-06T23:00:00Z,17.76,17.85,17.58,17.66,86457
2026-02-07T00:00:00Z,17.66,17.76,17.61,17.71,86457
2026-02-07T01:00:00Z,17.71,17.78,17.65,17.73,140624
2026-02-07T02:00:00Z,17.73,17.76,17.65,17.65,63541
2026-02-07T03:00:00Z,17.65,17.76,17.65,17.73,120832
2026-02-07T04:00:00Z,17.73,17.79,17.64,17.77,95832
2026-02-07T05:00:00Z,17.77,17.86,17.75,17.82,137499
2026-02-07T06:00:00Z,17.82,17.83,17.78,17.79,134374
2026-02-07T07:00:00Z,17.79,17.86,17.62,17.65,63541
2026-02-07T08:00:00Z,17.65,17.67,17.58,17.63,118749
2026-02-07T09:00:00Z,17.63,17.69,17.55,17.68,90624
2026-02-07T10:00:00Z,17.68,17.74,17.64,17.67,105207
2026-02-07T11:00:00Z,17.67,17.78,17.61,17.71,72916
2026-02-07T12:00:00Z,17.71,17.77,17.56,17.61,156249
2026-02-07T13:00:00Z,17.61,17.66,17.58,17.60,153124
2026-02-07T14:00:00Z,17.60,17.69,17.52,17.52,52083
2026-02-07T15:00:00Z,17.52,17.55,17.39,17.39,55207
2026-02-07T16:00:00Z,17.39,17.48,17.33,17.34,74999
2026-02-07T17:00:00Z,17.34,17.47,17.25,17.38,141665
2026-02-07T18:00:00Z,17.38,17.50,17.37,17.44,68749
2026-02-07T19:00:00Z,17.44,17.52,17.42,17.51,136457
2026-02-07T20:00:00Z,17.51,17.54,17.45,17.49,127082
2026-02-07T21:00:00Z,17.49,17.54,17.43,17.45,82291
2026-02-07T22:00:00Z,17.45,17.48,17.35,17.44,80207
2026-02-07T23:00:00Z,17.44,17.52,17.39,17.48,128124
2026-02-08T00:00:00Z,17.48,17.52,17.33,17.40,74999
2026-02-08T01:00:00Z,17.40,17.47,17.31,17.42,137499
2026-02-08T02:00:00Z,17.42,17.46,17.37,17.37,55207
2026-02-08T03:00:00Z,17.37,17.47,17.37,17.41,94791
2026-02-08T04:00:00Z,17.41,17.47,17.31,17.39,83332
2026-02-08T05:00:00Z,17.39,17.43,17.32,17.37,77082
2026-02-08T06:00:00Z,17.37,17.41,17.25,17.25,63541
2026-02-08T07:00:00Z,17.25,17.29,17.23,17.24,101041
2026-02-08T08:00:00Z,17.24,17.32,17.16,17.25,155207
2026-02-08T09:00:00Z,17.25,17.30,17.16,17.23,52083
2026-02-08T10:00:00Z,17.23,17.33,17.19,17.27,151040
2026-02-08T11:00:00Z,17.27,17.35,17.17,17.25,65624
2026-02-08T12:00:00Z,17.25,17.30,17.21,17.23,92707
2026-02-08T13:00:00Z,17.23,17.25,17.08,17.17,52083
2026-02-08T14:00:00Z,17.17,17.24,17.07,17.16,123957
2026-02-08T15:00:00Z,17.16,17.22,17.07,17.20,88541
2026-02-08T16:00:00Z,17.20,17.31,17.11,17.31,119790
2026-02-08T17:00:00Z,17.31,17.38,17.14,17.14,99999
2026-02-08T18:00:00Z,17.14,17.17,17.04,17.10,140624
2026-02-08T19:00:00Z,17.10,17.18,17.01,17.02,131249
2026-02-08T20:00:00Z,17.02,17.05,16.97,16.98,121874
2026-02-08T21:00:00Z,16.98,17.03,16.81,16.88,58332
2026-02-08T22:00:00Z,16.88,16.95,16.78,16.84,113540
2026-02-08T23:00:00Z,16.84,16.88,16.80,16.87,63541
2026-02-09T00:00:00Z,16.87,16.90,16.70,16.73,152082
2026-02-09T01:00:00Z,16.73,16.90,16.73,16.88,80207
2026-02-09T02:00:00Z,16.88,17.02,16.86,16.95,69791
2026-02-09T03:00:00Z,16.95,17.15,16.89,17.08,76041
2026-02-09T04:00:00Z,17.08,17.15,16.94,16.94,121874
2026-02-09T05:00:00Z,16.94,17.03,16.94,16.96,68749
2026-02-09T06:00:00Z,16.96,17.01,16.95,16.96,103124
2026-02-09T07:00:00Z,16.96,17.04,16.92,17.00,139582
2026-02-09T08:00:00Z,17.00,17.10,16.98,17.09,63541
2026-02-09T09:00:00Z,17.09,17.12,17.07,17.08,107290
2026-02-09T10:00:00Z,17.08,17.08,17.00,17.07,83332
2026-02-09T11:00:00Z,17.07,17.24,17.04,17.20,107290
2026-02-09T12:00:00Z,17.20,17.32,17.15,17.25,154165
2026-02-09T13:00:00Z,17.25,17.33,17.16,17.24,131249
2026-02-09T14:00:00Z,17.24,17.30,17.13,17.22,63541
2026-02-09T15:00:00Z,17.22,17.32,17.14,17.23,138540
2026-02-09T16:00:00Z,17.23,17.43,17.15,17.35,65624
2026-02-09T17:00:00Z,17.35,17.35,17.30,17.34,77082
2026-02-09T18:00:00Z,17.34,17.36,17.19,17.24,146874
2026-02-09T19:00:00Z,17.24,17.41,17.20,17.38,127082
2026-02-09T20:00:00Z,17.38,17.61,17.37,17.52,118749
2026-02-09T21:00:00Z,17.52,17.63,17.50,17.57,142707
2026-02-09T22:00:00Z,17.57,17.68,17.53,17.67,87499
2026-02-09T23:00:00Z,17.67,17.76,17.55,17.63,59374
2026-02-10T00:00:00Z,17.63,17.67,17.61,17.65,95832
2026-02-10T01:00:00Z,17.65,17.65,17.64,17.64,71874
2026-02-10T02:00:00Z,17.64,17.68,17.58,17.60,147915
2026-02-10T03:00:00Z,17.60,17.61,17.47,17.52,134374
2026-02-10T04:00:00Z,17.52,17.59,17.43,17.50,53124
2026-02-10T05:00:00Z,17.50,17.62,17.47,17.58,112499
2026-02-10T06:00:00Z,17.58,17.62,17.51,17.60,124999
2026-02-10T07:00:00Z,17.60,17.65,17.58,17.61,91666
2026-02-10T08:00:00Z,17.61,17.69,17.45,17.54,98957
2026-02-10T09:00:00Z,17.54,17.57,17.47,17.52,132290
2026-02-10T10:00:00Z,17.52,17.71,17.45,17.62,56249
2026-02-10T11:00:00Z,17.62,17.71,17.58,17.71,131249
2026-02-10T12:00:00Z,17.71,17.73,17.64,17.68,132290
2026-02-10T13:00:00Z,17.68,17.68,17.49,17.57,129165
2026-02-10T14:00:00Z,17.57,17.64,17.45,17.50,154165
2026-02-10T15:00:00Z,17.50,17.63,17.42,17.55,148957
2026-02-10T16:00:00Z,17.55,17.58,17.30,17.38,152082
2026-02-10T17:00:00Z,17.38,17.45,17.36,17.41,126040
2026-02-10T18:00:00Z,17.41,17.47,17.35,17.40,107290
2026-02-10T19:00:00Z,17.40,17.44,17.34,17.42,149999
2026-02-10T20:00:00Z,17.42,17.49,17.30,17.30,92707
2026-02-10T21:00:00Z,17.30,17.37,17.08,17.15,81249
2026-02-10T22:00:00Z,17.15,17.22,17.06,17.18,52083
2026-02-10T23:00:00Z,17.18,17.23,17.10,17.19,96874
2026-02-11T00:00:00Z,17.19,17.30,17.17,17.23,78124
2026-02-11T01:00:00Z,17.23,17.27,17.08,17.16,152082
2026-02-11T02:00:00Z,17.16,17.23,17.02,17.04,61457
2026-02-11T03:00:00Z,17.04,17.08,16.96,16.99,153124
2026-02-11T04:00:00Z,16.99,17.05,16.97,17.05,134374
2026-02-11T05:00:00Z,17.05,17.13,16.93,16.96,149999
2026-02-11T06:00:00Z,16.96,17.02,16.82,16.83,52083
2026-02-11T07:00:00Z,16.83,16.86,16.75,16.78,103124
2026-02-11T08:00:00Z,16.78,16.81,16.64,16.70,89582
2026-02-11T09:00:00Z,16.70,16.75,16.63,16.67,91666
2026-02-11T10:00:00Z,16.67,16.71,16.59,16.66,156249
2026-02-11T11:00:00Z,16.66,16.74,16.58,16.65,142707
2026-02-11T12:00:00Z,16.65,16.77,16.64,16.72,78124
2026-02-11T13:00:00Z,16.72,16.81,16.62,16.70,129165
2026-02-11T14:00:00Z,16.70,16.79,16.70,16.72,95832
2026-02-11T15:00:00Z,16.72,16.83,16.70,16.82,139582
2026-02-11T16:00:00Z,16.82,16.88,16.70,16.77,101041
2026-02-11T17:00:00Z,16.77,16.92,16.69,16.84,54166
2026-02-11T18:00:00Z,16.84,16.91,16.83,16.87,63541
2026-02-11T19:00:00Z,16.87,16.88,16.80,16.81,127082
2026-02-11T20:00:00Z,16.81,16.86,16.80,16.81,143749
2026-02-11T21:00:00Z,16.81,16.87,16.78,16.81,70832
2026-02-11T22:00:00Z,16.81,16.81,16.64,16.67,151040
2026-02-11T23:00:00Z,16.67,16.74,16.63,16.72,138540
2026-02-12T00:00:00Z,16.72,16.79,16.63,16.66,85416
2026-02-12T01:00:00Z,16.66,16.87,16.58,16.79,122915
2026-02-12T02:00:00Z,16.79,16.81,16.71,16.75,117707
2026-02-12T03:00:00Z,16.75,16.77,16.71,16.71,140624
2026-02-12T04:00:00Z,16.71,16.72,16.66,16.69,52083
2026-02-12T05:00:00Z,16.69,16.76,16.59,16.59,85416
2026-02-12T06:00:00Z,16.59,16.62,16.37,16.43,128124
2026-02-12T07:00:00Z,16.43,16.50,16.36,16.45,97916
2026-02-12T08:00:00Z,16.45,16.52,16.39,16.46,155207
2026-02-12T09:00:00Z,16.46,16.47,16.29,16.33,144790
2026-02-12T10:00:00Z,16.33,16.37,16.27,16.29,103124
2026-02-12T11:00:00Z,16.29,16.36,16.23,16.36,60416
2026-02-12T12:00:00Z,16.36,16.39,16.24,16.28,106249
2026-02-12T13:00:00Z,16.28,16.32,16.11,16.19,96874
2026-02-12T14:00:00Z,16.19,16.26,16.13,16.24,78124
2026-02-12T15:00:00Z,16.24,16.24,16.08,16.12,94791
2026-02-12T16:00:00Z,16.12,16.23,16.10,16.16,95832
2026-02-12T17:00:00Z,16.16,16.20,16.14,16.18,93749
2026-02-12T18:00:00Z,16.18,16.28,16.17,16.25,61457
2026-02-12T19:00:00Z,16.25,16.45,16.21,16.39,155207
2026-02-12T20:00:00Z,16.39,16.45,16.28,16.28,90624
2026-02-12T21:00:00Z,16.28,16.32,16.26,16.32,113540
2026-02-12T22:00:00Z,16.32,16.40,16.26,16.26,121874
2026-02-12T23:00:00Z,16.26,16.33,16.22,16.28,144790
2026-02-13T00:00:00Z,16.28,16.33,16.13,16.18,126040
2026-02-13T01:00:00Z,16.18,16.31,16.16,16.22,77082
2026-02-13T02:00:00Z,16.22,16.30,16.15,16.25,114582
2026-02-13T03:00:00Z,16.25,16.34,16.25,16.32,141665
2026-02-13T04:00:00Z,16.32,16.45,16.29,16.44,126040
2026-02-13T05:00:00Z,16.44,16.45,16.41,16.44,101041
2026-02-13T06:00:00Z,16.44,16.44,16.36,16.44,128124
2026-02-13T07:00:00Z,16.44,16.44,16.37,16.39,59374
2026-02-13T08:00:00Z,16.39,16.44,16.35,16.37,147915
2026-02-13T09:00:00Z,16.37,16.44,16.28,16.35,130207
2026-02-13T10:00:00Z,16.35,16.41,16.25,16.31,146874
2026-02-13T11:00:00Z,16.31,16.37,16.20,16.22,127082
2026-02-13T12:00:00Z,16.22,16.29,16.17,16.21,132290
2026-02-13T13:00:00Z,16.21,16.26,16.08,16.15,82291
2026-02-13T14:00:00Z,16.15,16.23,16.00,16.04,102082
2026-02-13T15:00:00Z,16.04,16.05,15.94,15.98,73957
2026-02-13T16:00:00Z,15.98,16.03,15.91,15.93,84374
2026-02-13T17:00:00Z,15.93,16.00,15.78,15.84,145832
2026-02-13T18:00:00Z,15.84,15.94,15.76,15.86,118749
2026-02-13T19:00:00Z,15.86,15.86,15.81,15.84,110415
2026-02-13T20:00:00Z,15.84,15.95,15.78,15.90,73957
2026-02-13T21:00:00Z,15.90,15.97,15.88,15.88,68749
2026-02-13T22:00:00Z,15.88,16.06,15.81,15.99,124999
2026-02-13T23:00:00Z,15.99,16.26,15.93,16.18,55207
2026-02-14T00:00:00Z,16.18,16.31,16.17,16.27,88541
2026-02-14T01:00:00Z,16.27,16.33,16.19,16.22,67707
2026-02-14T02:00:00Z,16.22,16.36,16.20,16.35,57291
2026-02-14T03:00:00Z,16.35,16.43,16.28,16.35,58332
2026-02-14T04:00:00Z,16.35,16.37,16.25,16.27,103124
2026-02-14T05:00:00Z,16.27,16.33,16.20,16.22,104166
2026-02-14T06:00:00Z,16.22,16.29,16.18,16.19,66666
2026-02-14T07:00:00Z,16.19,16.35,16.13,16.31,52083
2026-02-14T08:00:00Z,16.31,16.34,16.20,16.27,56249
2026-02-14T09:00:00Z,16.27,16.34,16.20,16.34,79166
2026-02-14T10:00:00Z,16.34,16.35,16.22,16.29,127082
2026-02-14T11:00:00Z,16.29,16.32,16.23,16.30,104166
2026-02-14T12:00:00Z,16.30,16.34,16.24,16.28,122915
2026-02-14T13:00:00Z,16.28,16.42,16.24,16.34,64582
2026-02-14T14:00:00Z,16.34,16.50,16.34,16.42,83332
2026-02-14T15:00:00Z,16.42,16.43,16.28,16.34,55207
2026-02-14T16:00:00Z,16.34,16.41,16.19,16.24,92707
2026-02-14T17:00:00Z,16.24,16.24,16.16,16.21,56249
2026-02-14T18:00:00Z,16.21,16.32,16.13,16.27,144790
2026-02-14T19:00:00Z,16.27,16.35,16.21,16.29,109374
2026-02-14T20:00:00Z,16.29,16.31,16.22,16.28,66666
2026-02-14T21:00:00Z,16.28,16.42,16.21,16.34,119790
2026-02-14T22:00:00Z,16.34,16.39,16.25,16.33,82291
2026-02-14T23:00:00Z,16.33,16.40,16.28,16.37,117707
2026-02-15T00:00:00Z,16.37,16.46,16.34,16.42,141665
2026-02-15T01:00:00Z,16.42,16.47,16.24,16.26,79166
2026-02-15T02:00:00Z,16.26,16.35,16.20,16.31,156249
2026-02-15T03:00:00Z,16.31,16.32,16.23,16.31,117707
2026-02-15T04:00:00Z,16.31,16.35,16.28,16.28,56249
2026-02-15T05:00:00Z,16.28,16.35,16.08,16.13,115624
2026-02-15T06:00:00Z,16.13,16.15,16.07,16.09,60416
2026-02-15T07:00:00Z,16.09,16.22,16.08,16.15,93749
2026-02-15T08:00:00Z,16.15,16.16,16.03,16.11,143749
2026-02-15T09:00:00Z,16.11,16.21,16.11,16.17,104166
2026-02-15T10:00:00Z,16.17,16.20,16.13,16.16,152082
2026-02-15T11:00:00Z,16.16,16.21,16.08,16.21,136457
2026-02-15T12:00:00Z,16.21,16.25,16.13,16.17,57291
2026-02-15T13:00:00Z,16.17,16.23,16.07,16.13,130207
2026-02-15T14:00:00Z,16.13,16.21,16.08,16.18,110415
2026-02-15T15:00:00Z,16.18,16.20,16.09,16.12,129165
2026-02-15T16:00:00Z,16.12,16.12,15.98,16.06,106249
2026-02-15T17:00:00Z,16.06,16.23,16.02,16.16,79166
2026-02-15T18:00:00Z,16.16,16.27,16.12,16.23,104166
2026-02-15T19:00:00Z,16.23,16.29,16.09,16.16,103124
2026-02-15T20:00:00Z,16.16,16.18,16.10,16.18,142707
2026-02-15T21:00:00Z,16.18,16.26,16.11,16.24,53124
2026-02-15T22:00:00Z,16.24,16.32,16.19,16.31,78124
2026-02-15T23:00:00Z,16.31,16.39,16.26,16.27,112499
2026-02-16T00:00:00Z,16.27,16.36,16.25,16.36,118749
2026-02-16T01:00:00Z,16.36,16.40,16.23,16.24,142707
2026-02-16T02:00:00Z,16.24,16.33,16.19,16.21,106249
2026-02-16T03:00:00Z,16.21,16.21,16.15,16.18,149999
2026-02-16T04:00:00Z,16.18,16.24,16.15,16.22,80207
2026-02-16T05:00:00Z,16.22,16.39,16.17,16.35,154165
2026-02-16T06:00:00Z,16.35,16.51,16.34,16.44,149999
2026-02-16T07:00:00Z,16.44,16.46,16.31,16.34,103124
2026-02-16T08:00:00Z,16.34,16.43,16.29,16.35,55207
2026-02-16T09:00:00Z,16.35,16.41,16.28,16.39,136457
2026-02-16T10:00:00Z,16.39,16.46,16.30,16.40,117707
2026-02-16T11:00:00Z,16.40,16.47,16.29,16.29,130207
2026-02-16T12:00:00Z,16.29,16.36,16.17,16.24,103124
2026-02-16T13:00:00Z,16.24,16.29,16.22,16.24,146874
2026-02-16T14:00:00Z,16.24,16.29,16.14,16.23,116665
2026-02-16T15:00:00Z,16.23,16.36,16.20,16.34,90624
2026-02-16T16:00:00Z,16.34,16.36,16.21,16.25,83332
2026-02-16T17:00:00Z,16.25,16.35,16.19,16.32,116665
2026-02-16T18:00:00Z,16.32,16.49,16.28,16.49,106249
2026-02-16T19:00:00Z,16.49,16.61,16.46,16.54,79166
2026-02-16T20:00:00Z,16.54,16.60,16.48,16.59,130207
2026-02-16T21:00:00Z,16.59,16.66,16.54,16.64,63541
2026-02-16T22:00:00Z,16.64,16.65,16.59,16.59,138540
2026-02-16T23:00:00Z,16.59,16.79,16.53,16.71,80207
2026-02-17T00:00:00Z,16.71,16.78,16.53,16.62,61457
2026-02-17T01:00:00Z,16.62,16.71,16.61,16.66,85416
2026-02-17T02:00:00Z,16.66,16.90,16.59,16.87,123957
2026-02-17T03:00:00Z,16.87,16.88,16.71,16.77,142707
2026-02-17T04:00:00Z,16.77,16.84,16.69,16.79,141665
2026-02-17T05:00:00Z,16.79,16.83,16.65,16.70,138540
2026-02-17T06:00:00Z,16.70,16.73,16.49,16.54,79166
2026-02-17T07:00:00Z,16.54,16.57,16.46,16.54,99999
2026-02-17T08:00:00Z,16.54,16.60,16.45,16.52,118749
2026-02-17T09:00:00Z,16.52,16.52,16.34,16.39,119790
2026-02-17T10:00:00Z,16.39,16.53,16.35,16.46,77082
2026-02-17T11:00:00Z,16.46,16.55,16.44,16.55,122915
2026-02-17T12:00:00Z,16.55,16.55,16.52,16.52,77082
2026-02-17T13:00:00Z,16.52,16.55,16.38,16.45,131249
2026-02-17T14:00:00Z,16.45,16.48,16.41,16.46,87499
2026-02-17T15:00:00Z,16.46,16.61,16.45,16.59,144790
2026-02-17T16:00:00Z,16.59,16.64,16.51,16.56,77082
2026-02-17T17:00:00Z,16.56,16.61,16.44,16.52,132290
2026-02-17T18:00:00Z,16.52,16.53,16.47,16.53,97916
2026-02-17T19:00:00Z,16.53,16.76,16.53,16.69,60416
2026-02-17T20:00:00Z,16.69,16.83,16.67,16.79,80207
2026-02-17T21:00:00Z,16.79,16.84,16.63,16.72,142707
2026-02-17T22:00:00Z,16.72,16.81,16.62,16.70,60416
2026-02-17T23:00:00Z,16.70,16.82,16.68,16.79,91666
2026-02-18T00:00:00Z,16.79,16.82,16.73,16.78,89582
2026-02-18T01:00:00Z,16.78,16.83,16.74,16.78,89582
2026-02-18T02:00:00Z,16.78,16.89,16.73,16.87,103124
2026-02-18T03:00:00Z,16.87,16.87,16.85,16.86,98957
2026-02-18T04:00:00Z,16.86,16.95,16.68,16.73,58332
2026-02-18T05:00:00Z,16.73,16.84,16.69,16.76,92707
2026-02-18T06:00:00Z,16.76,16.94,16.70,16.85,137499
2026-02-18T07:00:00Z,16.85,16.86,16.78,16.85,64582
2026-02-18T08:00:00Z,16.85,16.94,16.77,16.93,119790
2026-02-18T09:00:00Z,16.93,16.96,16.85,16.91,134374
2026-02-18T10:00:00Z,16.91,17.03,16.85,16.98,74999
2026-02-18T11:00:00Z,16.98,17.02,16.93,16.96,115624
2026-02-18T12:00:00Z,16.96,17.03,16.87,16.88,145832
2026-02-18T13:00:00Z,16.88,16.97,16.83,16.92,108332
2026-02-18T14:00:00Z,16.92,16.95,16.79,16.79,117707
2026-02-18T15:00:00Z,16.79,16.96,16.75,16.87,104166
2026-02-18T16:00:00Z,16.87,16.91,16.84,16.89,143749
2026-02-18T17:00:00Z,16.89,16.93,16.76,16.81,124999
2026-02-18T18:00:00Z,16.81,16.81,16.66,16.73,117707
2026-02-18T19:00:00Z,16.73,16.81,16.56,16.60,85416
2026-02-18T20:00:00Z,16.60,16.61,16.52,16.53,55207
2026-02-18T21:00:00Z,16.53,16.68,16.51,16.63,124999
2026-02-18T22:00:00Z,16.63,16.63,16.52,16.57,81249
2026-02-18T23:00:00Z,16.57,16.62,16.38,16.45,77082
2026-02-19T00:00:00Z,16.45,16.50,16.39,16.45,105207
2026-02-19T01:00:00Z,16.45,16.47,16.33,16.37,153124
2026-02-19T02:00:00Z,16.37,16.41,16.31,16.36,146874
2026-02-19T03:00:00Z,16.36,16.43,16.29,16.36,95832
2026-02-19T04:00:00Z,16.36,16.40,16.29,16.31,95832
2026-02-19T05:00:00Z,16.31,16.42,16.23,16.34,60416
2026-02-19T06:00:00Z,16.34,16.42,16.27,16.38,117707
2026-02-19T07:00:00Z,16.38,16.39,16.31,16.38,57291
2026-02-19T08:00:00Z,16.38,16.38,16.33,16.38,61457
2026-02-19T09:00:00Z,16.38,16.40,16.13,16.18,104166
2026-02-19T10:00:00Z,16.18,16.26,16.14,16.24,52083
2026-02-19T11:00:00Z,16.24,16.26,16.21,16.23,105207
2026-02-19T12:00:00Z,16.23,16.37,16.22,16.33,113540
2026-02-19T13:00:00Z,16.33,16.36,16.26,16.32,89582
2026-02-19T14:00:00Z,16.32,16.37,16.20,16.26,91666
2026-02-19T15:00:00Z,16.26,16.34,16.12,16.14,120832
2026-02-19T16:00:00Z,16.14,16.23,16.07,16.19,54166
2026-02-19T17:00:00Z,16.19,16.25,16.01,16.09,59374
2026-02-19T18:00:00Z,16.09,16.15,16.00,16.02,131249
2026-02-19T19:00:00Z,16.02,16.09,16.02,16.04,85416
2026-02-19T20:00:00Z,16.04,16.06,15.91,15.94,104166
2026-02-19T21:00:00Z,15.94,16.01,15.83,15.90,96874
2026-02-19T22:00:00Z,15.90,15.96,15.68,15.76,63541
2026-02-19T23:00:00Z,15.76,15.90,15.69,15.84,119790
2026-02-20T00:00:00Z,15.84,15.91,15.78,15.78,83332
2026-02-20T01:00:00Z,15.78,15.79,15.75,15.77,116665
2026-02-20T02:00:00Z,15.77,15.89,15.70,15.85,130207
2026-02-20T03:00:00Z,15.85,16.09,15.83,16.01,97916
2026-02-20T04:00:00Z,16.01,16.09,15.85,15.91,116665
2026-02-20T05:00:00Z,15.91,15.95,15.84,15.87,156249
2026-02-20T06:00:00Z,15.87,16.04,15.86,15.98,57291
2026-02-20T07:00:00Z,15.98,16.01,15.97,15.97,84374
2026-02-20T08:00:00Z,15.97,16.09,15.97,16.01,121874
2026-02-20T09:00:00Z,16.01,16.12,15.93,16.12,69791
2026-02-20T10:00:00Z,16.12,16.18,16.07,16.15,66666
2026-02-20T11:00:00Z,16.15,16.20,16.05,16.09,103124
2026-02-20T12:00:00Z,16.09,16.13,16.05,16.09,135415
2026-02-20T13:00:00Z,16.09,16.14,15.97,16.00,154165
2026-02-20T14:00:00Z,16.00,16.09,15.95,16.04,133332
2026-02-20T15:00:00Z,16.04,16.09,15.98,16.04,92707
2026-02-20T16:00:00Z,16.04,16.08,15.94,16.01,90624
2026-02-20T17:00:00Z,16.01,16.06,15.93,15.99,136457
2026-02-20T18:00:00Z,15.99,16.06,15.93,16.04,123957
2026-02-20T19:00:00Z,16.04,16.08,16.03,16.08,101041
2026-02-20T20:00:00Z,16.08,16.11,15.98,16.05,77082
2026-02-20T21:00:00Z,16.05,16.13,16.02,16.10,88541
2026-02-20T22:00:00Z,16.10,16.24,16.10,16.19,82291
2026-02-20T23:00:00Z,16.19,16.23,16.15,16.21,105207
2026-02-21T00:00:00Z,16.21,16.34,16.16,16.27,147915
2026-02-21T01:00:00Z,16.27,16.28,16.17,16.24,93749
2026-02-21T02:00:00Z,16.24,16.30,16.18,16.23,130207
2026-02-21T03:00:00Z,16.23,16.24,16.14,16.22,133332
2026-02-21T04:00:00Z,16.22,16.30,16.08,16.15,87499
2026-02-21T05:00:00Z,16.15,16.22,16.13,16.15,153124
2026-02-21T06:00:00Z,16.15,16.19,16.14,16.16,113540
2026-02-21T07:00:00Z,16.16,16.20,16.15,16.15,146874
2026-02-21T08:00:00Z,16.15,16.17,16.15,16.15,118749
2026-02-21T09:00:00Z,16.15,16.16,15.92,16.00,81249
2026-02-21T10:00:00Z,16.00,16.17,15.93,16.09,118749
2026-02-21T11:00:00Z,16.09,16.28,16.01,16.28,89582
2026-02-21T12:00:00Z,16.28,16.37,16.02,16.11,142707
2026-02-21T13:00:00Z,16.11,16.14,16.03,16.07,105207
2026-02-21T14:00:00Z,16.07,16.11,15.95,15.96,112499
2026-02-21T15:00:00Z,15.96,16.04,15.95,15.97,153124
2026-02-21T16:00:00Z,15.97,16.01,15.94,15.99,129165
2026-02-21T17:00:00Z,15.99,16.03,15.95,16.03,96874
2026-02-21T18:00:00Z,16.03,16.07,15.78,15.86,74999
2026-02-21T19:00:00Z,15.86,15.87,15.73,15.74,141665
2026-02-21T20:00:00Z,15.74,15.81,15.66,15.72,74999
2026-02-21T21:00:00Z,15.72,15.88,15.66,15.83,139582
2026-02-21T22:00:00Z,15.83,15.84,15.76,15.82,142707
2026-02-21T23:00:00Z,15.82,15.99,15.74,15.91,95832
2026-02-22T00:00:00Z,15.91,16.06,15.84,15.98,149999
2026-02-22T01:00:00Z,15.98,16.05,15.94,15.98,104166
2026-02-22T02:00:00Z,15.98,15.99,15.91,15.93,121874
2026-02-22T03:00:00Z,15.93,16.01,15.93,15.98,85416
2026-02-22T04:00:00Z,15.98,16.08,15.97,16.08,136457
2026-02-22T05:00:00Z,16.08,16.14,16.02,16.06,118749
2026-02-22T06:00:00Z,16.06,16.06,15.94,15.94,119790
2026-02-22T07:00:00Z,15.94,16.06,15.89,15.98,124999
2026-02-22T08:00:00Z,15.98,16.05,15.77,15.83,82291
2026-02-22T09:00:00Z,15.83,15.91,15.76,15.77,97916
2026-02-22T10:00:00Z,15.77,15.90,15.69,15.87,88541
2026-02-22T11:00:00Z,15.87,15.88,15.80,15.86,120832
2026-02-22T12:00:00Z,15.86,16.06,15.83,15.99,81249
2026-02-22T13:00:00Z,15.99,16.04,15.71,15.79,69791
2026-02-22T14:00:00Z,15.79,15.93,15.72,15.86,118749
2026-02-22T15:00:00Z,15.86,15.94,15.72,15.72,104166
2026-02-22T16:00:00Z,15.72,15.82,15.67,15.79,118749
2026-02-22T17:00:00Z,15.79,15.85,15.75,15.78,52083
2026-02-22T18:00:00Z,15.78,15.82,15.74,15.80,151040
2026-02-22T19:00:00Z,15.80,15.84,15.78,15.78,123957
2026-02-22T20:00:00Z,15.78,15.80,15.62,15.65,72916
2026-02-22T21:00:00Z,15.65,15.68,15.59,15.62,70832
2026-02-22T22:00:00Z,15.62,15.68,15.57,15.63,128124
2026-02-22T23:00:00Z,15.63,15.74,15.62,15.71,132290
2026-02-23T00:00:00Z,15.71,15.83,15.66,15.77,113540
2026-02-23T01:00:00Z,15.77,15.83,15.73,15.77,152082
2026-02-23T02:00:00Z,15.77,15.89,15.75,15.86,60416
2026-02-23T03:00:00Z,15.86,15.97,15.78,15.90,113540
2026-02-23T04:00:00Z,15.90,15.91,15.80,15.86,65624
2026-02-23T05:00:00Z,15.86,15.87,15.78,15.85,98957
2026-02-23T06:00:00Z,15.85,15.94,15.79,15.86,124999
2026-02-23T07:00:00Z,15.86,15.98,15.82,15.91,85416
2026-02-23T08:00:00Z,15.91,15.99,15.85,15.88,148957
2026-02-23T09:00:00Z,15.88,15.88,15.74,15.77,102082
2026-02-23T10:00:00Z,15.77,15.87,15.75,15.87,103124
2026-02-23T11:00:00Z,15.87,15.90,15.70,15.74,72916
2026-02-23T12:00:00Z,15.74,15.84,15.70,15.84,70832
2026-02-23T13:00:00Z,15.84,15.87,15.82,15.85,93749
2026-02-23T14:00:00Z,15.85,15.85,15.74,15.74,121874
2026-02-23T15:00:00Z,15.74,15.79,15.67,15.72,63541
2026-02-23T16:00:00Z,15.72,15.72,15.63,15.63,112499
2026-02-23T17:00:00Z,15.63,15.69,15.56,15.67,108332
2026-02-23T18:00:00Z,15.67,15.81,15.62,15.81,141665
2026-02-23T19:00:00Z,15.81,15.93,15.75,15.89,86457
2026-02-23T20:00:00Z,15.89,15.97,15.68,15.73,92707
2026-02-23T21:00:00Z,15.73,15.88,15.72,15.80,117707
2026-02-23T22:00:00Z,15.80,15.82,15.74,15.81,97916
2026-02-23T23:00:00Z,15.81,15.86,15.71,15.74,121874
2026-02-24T00:00:00Z,15.74,15.82,15.67,15.77,70832
2026-02-24T01:00:00Z,15.77,15.82,15.74,15.79,103124
2026-02-24T02:00:00Z,15.79,15.84,15.69,15.74,61457
2026-02-24T03:00:00Z,15.74,15.84,15.73,15.81,98957
2026-02-24T04:00:00Z,15.81,15.82,15.76,15.76,135415
2026-02-24T05:00:00Z,15.76,15.77,15.61,15.68,91666
2026-02-24T06:00:00Z,15.68,15.73,15.59,15.61,82291
2026-02-24T07:00:00Z,15.61,15.72,15.59,15.68,142707
2026-02-24T08:00:00Z,15.68,15.78,15.67,15.77,86457
2026-02-24T09:00:00Z,15.77,15.90,15.77,15.82,95832
2026-02-24T10:00:00Z,15.82,15.89,15.76,15.85,153124
2026-02-24T11:00:00Z,15.85,15.97,15.79,15.89,99999
2026-02-24T12:00:00Z,15.89,15.97,15.84,15.91,84374
2026-02-24T13:00:00Z,15.91,15.94,15.81,15.88,58332
2026-02-24T14:00:00Z,15.88,15.96,15.84,15.96,121874
2026-02-24T15:00:00Z,15.96,15.99,15.79,15.81,104166
2026-02-24T16:00:00Z,15.81,15.81,15.77,15.78,134374
2026-02-24T17:00:00Z,15.78,15.84,15.60,15.67,78124
2026-02-24T18:00:00Z,15.67,15.71,15.57,15.61,144790
2026-02-24T19:00:00Z,15.61,15.66,15.58,15.62,131249
2026-02-24T20:00:00Z,15.62,15.70,15.56,15.66,94791
2026-02-24T21:00:00Z,15.66,15.72,15.63,15.71,120832
2026-02-24T22:00:00Z,15.71,15.79,15.59,15.62,72916
2026-02-24T23:00:00Z,15.62,15.69,15.54,15.68,153124
2026-02-25T00:00:00Z,15.68,15.72,15.62,15.63,66666
2026-02-25T01:00:00Z,15.63,15.71,15.46,15.53,129165
2026-02-25T02:00:00Z,15.53,15.69,15.47,15.61,109374
2026-02-25T03:00:00Z,15.61,15.69,15.55,15.63,58332
2026-02-25T04:00:00Z,15.63,15.64,15.63,15.64,101041
2026-02-25T05:00:00Z,15.64,15.69,15.53,15.59,118749
2026-02-25T06:00:00Z,15.59,15.66,15.53,15.66,131249
2026-02-25T07:00:00Z,15.66,15.70,15.60,15.67,92707
2026-02-25T08:00:00Z,15.67,15.75,15.60,15.68,99999
2026-02-25T09:00:00Z,15.68,15.73,15.57,15.65,103124
2026-02-25T10:00:00Z,15.65,15.70,15.43,15.49,156249
2026-02-25T11:00:00Z,15.49,15.56,15.40,15.47,117707
2026-02-25T12:00:00Z,15.47,15.53,15.34,15.35,79166
2026-02-25T13:00:00Z,15.35,15.47,15.30,15.45,147915
2026-02-25T14:00:00Z,15.45,15.52,15.33,15.41,135415
2026-02-25T15:00:00Z,15.41,15.46,15.28,15.33,114582
2026-02-25T16:00:00Z,15.33,15.36,15.27,15.35,65624
2026-02-25T17:00:00Z,15.35,15.42,15.30,15.30,90624
2026-02-25T18:00:00Z,15.30,15.46,15.27,15.40,156249
2026-02-25T19:00:00Z,15.40,15.44,15.25,15.30,89582
2026-02-25T20:00:00Z,15.30,15.39,15.29,15.32,123957
2026-02-25T21:00:00Z,15.32,15.35,15.21,15.26,108332
2026-02-25T22:00:00Z,15.26,15.29,15.17,15.19,128124
2026-02-25T23:00:00Z,15.19,15.30,15.16,15.27,77082
2026-02-26T00:00:00Z,15.27,15.27,15.19,15.24,113540
2026-02-26T01:00:00Z,15.24,15.26,15.04,15.08,87499
2026-02-26T02:00:00Z,15.08,15.10,14.99,14.99,80207
2026-02-26T03:00:00Z,14.99,15.05,14.98,15.05,92707
2026-02-26T04:00:00Z,15.05,15.10,14.97,14.99,64582
2026-02-26T05:00:00Z,14.99,15.12,14.93,15.11,116665
2026-02-26T06:00:00Z,15.11,15.11,15.02,15.04,77082
2026-02-26T07:00:00Z,15.04,15.06,15.02,15.04,114582
2026-02-26T08:00:00Z,15.04,15.10,14.89,14.92,105207
2026-02-26T09:00:00Z,14.92,14.96,14.89,14.94,60416
2026-02-26T10:00:00Z,14.94,15.09,14.86,15.03,110415
2026-02-26T11:00:00Z,15.03,15.14,14.97,15.13,123957
2026-02-26T12:00:00Z,15.13,15.27,15.12,15.20,104166
2026-02-26T13:00:00Z,15.20,15.30,15.18,15.25,58332
2026-02-26T14:00:00Z,15.25,15.32,15.21,15.24,77082
2026-02-26T15:00:00Z,15.24,15.38,15.24,15.33,129165
2026-02-26T16:00:00Z,15.33,15.43,15.27,15.38,94791
2026-02-26T17:00:00Z,15.38,15.46,15.35,15.39,81249
2026-02-26T18:00:00Z,15.39,15.45,15.22,15.27,107290
2026-02-26T19:00:00Z,15.27,15.35,15.27,15.32,147915
2026-02-26T20:00:00Z,15.32,15.35,15.28,15.33,115624
2026-02-26T21:00:00Z,15.33,15.34,15.21,15.25,131249
2026-02-26T22:00:00Z,15.25,15.25,15.11,15.18,91666
2026-02-26T23:00:00Z,15.18,15.26,15.15,15.23,73957
2026-02-27T00:00:00Z,15.23,15.31,15.19,15.28,134374
2026-02-27T01:00:00Z,15.28,15.32,15.14,15.15,110415
2026-02-27T02:00:00Z,15.15,15.23,15.09,15.14,89582
2026-02-27T03:00:00Z,15.14,15.20,15.08,15.15,88541
2026-02-27T04:00:00Z,15.15,15.22,15.10,15.20,85416
2026-02-27T05:00:00Z,15.20,15.23,15.20,15.21,56249
2026-02-27T06:00:00Z,15.21,15.24,15.13,15.20,152082
2026-02-27T07:00:00Z,15.20,15.30,15.19,15.25,95832
2026-02-27T08:00:00Z,15.25,15.41,15.18,15.39,63541
2026-02-27T09:00:00Z,15.39,15.52,15.39,15.47,64582
2026-02-27T10:00:00Z,15.47,15.49,15.36,15.39,91666
2026-02-27T11:00:00Z,15.39,15.41,15.30,15.35,120832
2026-02-27T12:00:00Z,15.35,15.37,15.29,15.31,139582
2026-02-27T13:00:00Z,15.31,15.42,15.24,15.34,52083
2026-02-27T14:00:00Z,15.34,15.37,15.29,15.30,103124
2026-02-27T15:00:00Z,15.30,15.33,15.16,15.17,78124
2026-02-27T16:00:00Z,15.17,15.19,15.10,15.13,145832
2026-02-27T17:00:00Z,15.13,15.19,15.12,15.15,142707
2026-02-27T18:00:00Z,15.15,15.23,15.10,15.23,141665
2026-02-27T19:00:00Z,15.23,15.37,15.17,15.37,131249
2026-02-27T20:00:00Z,15.37,15.40,15.32,15.35,85416
2026-02-27T21:00:00Z,15.35,15.41,15.28,15.32,110415
2026-02-27T22:00:00Z,15.32,15.34,15.22,15.27,56249
2026-02-27T23:00:00Z,15.27,15.30,15.19,15.21,106249
2026-02-28T00:00:00Z,15.21,15.26,15.20,15.21,133332
2026-02-28T01:00:00Z,15.21,15.27,15.10,15.16,116665
2026-02-28T02:00:00Z,15.16,15.31,15.10,15.26,147915
2026-02-28T03:00:00Z,15.26,15.29,15.13,15.14,113540
2026-02-28T04:00:00Z,15.14,15.33,15.08,15.28,86457
2026-02-28T05:00:00Z,15.28,15.34,15.27,15.28,107290
2026-02-28T06:00:00Z,15.28,15.32,15.23,15.28,108332
2026-02-28T07:00:00Z,15.28,15.44,15.25,15.38,96874
2026-02-28T08:00:00Z,15.38,15.39,15.27,15.34,68749
2026-02-28T09:00:00Z,15.34,15.51,15.34,15.49,153124
2026-02-28T10:00:00Z,15.49,15.60,15.41,15.52,68749
2026-02-28T11:00:00Z,15.52,15.57,15.39,15.43,95832
2026-02-28T12:00:00Z,15.43,15.55,15.35,15.53,118749
2026-02-28T13:00:00Z,15.53,15.54,15.43,15.48,81249
2026-02-28T14:00:00Z,15.48,15.54,15.42,15.46,139582
2026-02-28T15:00:00Z,15.46,15.52,15.33,15.38,126040
2026-02-28T16:00:00Z,15.38,15.45,15.38,15.44,138540
2026-02-28T17:00:00Z,15.44,15.44,15.41,15.43,63541
2026-02-28T18:00:00Z,15.43,15.43,15.37,15.40,89582
2026-02-28T19:00:00Z,15.40,15.46,15.34,15.36,133332
2026-02-28T20:00:00Z,15.36,15.49,15.33,15.48,76041
2026-02-28T21:00:00Z,15.48,15.49,15.46,15.49,84374
2026-02-28T22:00:00Z,15.49,15.53,15.44,15.46,54166
2026-02-28T23:00:00Z,15.46,15.53,15.38,15.48,140624
2026-03-01T00:00:00Z,15.48,15.57,15.47,15.51,82291
2026-03-01T01:00:00Z,15.51,15.51,15.47,15.49,92707
2026-03-01T02:00:00Z,15.49,15.59,15.43,15.52,89582
2026-03-01T03:00:00Z,15.52,15.66,15.52,15.58,101041
2026-03-01T04:00:00Z,15.58,15.66,15.52,15.61,57291
2026-03-01T05:00:00Z,15.61,15.66,15.55,15.62,114582
2026-03-01T06:00:00Z,15.62,15.68,15.49,15.56,123957
2026-03-01T07:00:00Z,15.56,15.56,15.42,15.50,149999
2026-03-01T08:00:00Z,15.50,15.52,15.44,15.48,86457
2026-03-01T09:00:00Z,15.48,15.51,15.33,15.39,99999
2026-03-01T10:00:00Z,15.39,15.42,15.26,15.33,107290
2026-03-01T11:00:00Z,15.33,15.36,15.19,15.26,110415
2026-03-01T12:00:00Z,15.26,15.30,15.22,15.23,146874
2026-03-01T13:00:00Z,15.23,15.28,15.16,15.17,98957
2026-03-01T14:00:00Z,15.17,15.20,15.05,15.12,152082
2026-03-01T15:00:00Z,15.12,15.17,14.99,15.05,91666
2026-03-01T16:00:00Z,15.05,15.08,14.96,15.02,57291
2026-03-01T17:00:00Z,15.02,15.05,15.00,15.02,128124
2026-03-01T18:00:00Z,15.02,15.07,14.98,15.02,88541
2026-03-01T19:00:00Z,15.02,15.13,15.00,15.06,87499
2026-03-01T20:00:00Z,15.06,15.12,14.83,14.86,56249
2026-03-01T21:00:00Z,14.86,14.94,14.85,14.89,96874
2026-03-01T22:00:00Z,14.89,14.96,14.87,14.87,56249
2026-03-01T23:00:00Z,14.87,14.94,14.79,14.82,74999
2026-03-02T00:00:00Z,14.82,14.82,14.81,14.81,69791
2026-03-02T01:00:00Z,14.81,14.84,14.75,14.83,105207
2026-03-02T02:00:00Z,14.83,14.96,14.79,14.90,65624
2026-03-02T03:00:00Z,14.90,15.02,14.87,15.00,87499
2026-03-02T04:00:00Z,15.00,15.06,14.91,14.93,121874
2026-03-02T05:00:00Z,14.93,14.98,14.91,14.93,151040
2026-03-02T06:00:00Z,14.93,14.97,14.92,14.93,65624
2026-03-02T07:00:00Z,14.93,15.08,14.90,15.05,109374
2026-03-02T08:00:00Z,15.05,15.16,14.98,15.08,95832
2026-03-02T09:00:00Z,15.08,15.18,15.03,15.15,117707
2026-03-02T10:00:00Z,15.15,15.20,15.06,15.07,86457
2026-03-02T11:00:00Z,15.07,15.15,15.06,15.12,120832
2026-03-02T12:00:00Z,15.12,15.19,15.09,15.11,97916
2026-03-02T13:00:00Z,15.11,15.19,15.08,15.16,73957
2026-03-02T14:00:00Z,15.16,15.23,15.00,15.01,140624
2026-03-02T15:00:00Z,15.01,15.16,14.93,15.09,86457
2026-03-02T16:00:00Z,15.09,15.10,14.95,15.00,114582
2026-03-02T17:00:00Z,15.00,15.03,15.00,15.03,109374
2026-03-02T18:00:00Z,15.03,15.03,14.94,15.00,74999
2026-03-02T19:00:00Z,15.00,15.02,14.96,14.96,114582
2026-03-02T20:00:00Z,14.96,15.02,14.84,14.87,135415
2026-03-02T21:00:00Z,14.87,14.92,14.83,14.87,128124
2026-03-02T22:00:00Z,14.87,15.07,14.81,15.00,154165
2026-03-02T23:00:00Z,15.00,15.08,15.00,15.03,107290
2026-03-03T00:00:00Z,15.03,15.07,14.93,14.94,79166
2026-03-03T01:00:00Z,14.94,14.94,14.83,14.84,70832
2026-03-03T02:00:00Z,14.84,14.95,14.77,14.87,151040
2026-03-03T03:00:00Z,14.87,14.98,14.81,14.96,68749
2026-03-03T04:00:00Z,14.96,15.00,14.91,14.95,86457
2026-03-03T05:00:00Z,14.95,15.02,14.88,14.98,134374
2026-03-03T06:00:00Z,14.98,15.02,14.90,14.94,142707
2026-03-03T07:00:00Z,14.94,14.99,14.90,14.99,72916
2026-03-03T08:00:00Z,14.99,15.04,14.97,15.03,99999
2026-03-03T09:00:00Z,15.03,15.10,15.03,15.10,55207
2026-03-03T10:00:00Z,15.10,15.21,15.10,15.20,154165
2026-03-03T11:00:00Z,15.20,15.26,15.13,15.22,82291
2026-03-03T12:00:00Z,15.22,15.39,15.21,15.33,81249
2026-03-03T13:00:00Z,15.33,15.39,15.23,15.30,143749
2026-03-03T14:00:00Z,15.30,15.31,15.18,15.21,80207
2026-03-03T15:00:00Z,15.21,15.30,15.19,15.29,104166
2026-03-03T16:00:00Z,15.29,15.35,15.11,15.18,109374
2026-03-03T17:00:00Z,15.18,15.20,15.07,15.10,87499
2026-03-03T18:00:00Z,15.10,15.20,15.06,15.15,76041
2026-03-03T19:00:00Z,15.15,15.18,15.10,15.18,136457
2026-03-03T20:00:00Z,15.18,15.21,15.13,15.14,107290
2026-03-03T21:00:00Z,15.14,15.22,15.03,15.03,149999
2026-03-03T22:00:00Z,15.03,15.09,14.96,14.98,92707
2026-03-03T23:00:00Z,14.98,15.04,14.92,14.99,87499
2026-03-04T00:00:00Z,14.99,14.99,14.91,14.96,149999
2026-03-04T01:00:00Z,14.96,14.99,14.88,14.97,86457
2026-03-04T02:00:00Z,14.97,15.02,14.84,14.91,60416
2026-03-04T03:00:00Z,14.91,15.07,14.83,14.99,84374
2026-03-04T04:00:00Z,14.99,15.05,14.94,14.96,132290
2026-03-04T05:00:00Z,14.96,15.05,14.94,15.02,64582
2026-03-04T06:00:00Z,15.02,15.11,14.99,15.05,106249
2026-03-04T07:00:00Z,15.05,15.06,14.98,15.04,140624
2026-03-04T08:00:00Z,15.04,15.13,15.01,15.12,57291
2026-03-04T09:00:00Z,15.12,15.20,15.09,15.17,87499
2026-03-04T10:00:00Z,15.17,15.26,15.14,15.21,98957
2026-03-04T11:00:00Z,15.21,15.28,15.14,15.23,70832
2026-03-04T12:00:00Z,15.23,15.25,15.16,15.20,140624
2026-03-04T13:00:00Z,15.20,15.21,15.17,15.20,83332
2026-03-04T14:00:00Z,15.20,15.26,15.13,15.19,128124
2026-03-04T15:00:00Z,15.19,15.19,15.13,15.14,83332
2026-03-04T16:00:00Z,15.14,15.16,15.13,15.13,143749
2026-03-04T17:00:00Z,15.13,15.29,15.06,15.25,115624
2026-03-04T18:00:00Z,15.25,15.31,15.24,15.25,141665
2026-03-04T19:00:00Z,15.25,15.32,15.17,15.21,106249
2026-03-04T20:00:00Z,15.21,15.32,15.19,15.31,89582
2026-03-04T21:00:00Z,15.31,15.39,15.22,15.27,71874
2026-03-04T22:00:00Z,15.27,15.35,15.25,15.28,72916
2026-03-04T23:00:00Z,15.28,15.34,15.27,15.27,139582
2026-03-05T00:00:00Z,15.27,15.42,15.27,15.38,57291
2026-03-05T01:00:00Z,15.38,15.45,15.30,15.37,94791
2026-03-05T02:00:00Z,15.37,15.37,15.28,15.33,149999
2026-03-05T03:00:00Z,15.33,15.38,15.27,15.32,102082
2026-03-05T04:00:00Z,15.32,15.32,15.22,15.29,63541
2026-03-05T05:00:00Z,15.29,15.30,15.23,15.29,130207
2026-03-05T06:00:00Z,15.29,15.35,15.21,15.31,96874
2026-03-05T07:00:00Z,15.31,15.34,15.12,15.20,111457
2026-03-05T08:00:00Z,15.20,15.24,15.12,15.24,120832
2026-03-05T09:00:00Z,15.24,15.31,15.19,15.20,99999
2026-03-05T10:00:00Z,15.20,15.26,15.14,15.25,99999
2026-03-05T11:00:00Z,15.25,15.27,15.19,15.21,65624
2026-03-05T12:00:00Z,15.21,15.24,15.13,15.20,118749
2026-03-05T13:00:00Z,15.20,15.23,15.12,15.22,143749
2026-03-05T14:00:00Z,15.22,15.25,15.10,15.16,89582
2026-03-05T15:00:00Z,15.16,15.25,15.11,15.21,89582
2026-03-05T16:00:00Z,15.21,15.27,15.21,15.26,66666
2026-03-05T17:00:00Z,15.26,15.29,15.17,15.20,136457
2026-03-05T18:00:00Z,15.20,15.28,15.14,15.28,77082
2026-03-05T19:00:00Z,15.28,15.37,15.26,15.32,153124
2026-03-05T20:00:00Z,15.32,15.37,15.15,15.16,149999
2026-03-05T21:00:00Z,15.16,15.31,15.12,15.27,62499
2026-03-05T22:00:00Z,15.27,15.36,15.24,15.29,154165
2026-03-05T23:00:00Z,15.29,15.39,15.26,15.36,121874
2026-03-06T00:00:00Z,15.36,15.43,15.33,15.34,81249
2026-03-06T01:00:00Z,15.34,15.36,15.19,15.22,117707
2026-03-06T02:00:00Z,15.22,15.23,15.15,15.23,73957
2026-03-06T03:00:00Z,15.23,15.27,15.19,15.26,72916
2026-03-06T04:00:00Z,15.26,15.31,15.23,15.23,52083
2026-03-06T05:00:00Z,15.23,15.28,15.13,15.16,53124
2026-03-06T06:00:00Z,15.16,15.23,15.09,15.18,57291
2026-03-06T07:00:00Z,15.18,15.25,15.17,15.20,139582
2026-03-06T08:00:00Z,15.20,15.31,15.13,15.23,111457
2026-03-06T09:00:00Z,15.23,15.27,15.17,15.25,132290
2026-03-06T10:00:00Z,15.25,15.38,15.18,15.38,107290
2026-03-06T11:00:00Z,15.38,15.49,15.33,15.49,143749
2026-03-06T12:00:00Z,15.49,15.49,15.43,15.48,97916
2026-03-06T13:00:00Z,15.48,15.51,15.37,15.41,155207
2026-03-06T14:00:00Z,15.41,15.44,15.31,15.33,134374
2026-03-06T15:00:00Z,15.33,15.36,15.29,15.36,109374
2026-03-06T16:00:00Z,15.36,15.42,15.27,15.34,114582
2026-03-06T17:00:00Z,15.34,15.49,15.33,15.41,143749
2026-03-06T18:00:00Z,15.41,15.44,15.25,15.28,77082
2026-03-06T19:00:00Z,15.28,15.35,15.24,15.35,81249
2026-03-06T20:00:00Z,15.35,15.39,15.30,15.38,147915
2026-03-06T21:00:00Z,15.38,15.38,15.30,15.32,121874
2026-03-06T22:00:00Z,15.32,15.36,15.18,15.26,152082
2026-03-06T23:00:00Z,15.26,15.30,15.17,15.22,112499
2026-03-07T00:00:00Z,15.22,15.44,15.21,15.37,110415
2026-03-07T01:00:00Z,15.37,15.46,15.34,15.40,85416
2026-03-07T02:00:00Z,15.40,15.46,15.28,15.29,123957
2026-03-07T03:00:00Z,15.29,15.37,15.29,15.37,67707
2026-03-07T04:00:00Z,15.37,15.43,15.35,15.37,108332
2026-03-07T05:00:00Z,15.37,15.40,15.26,15.31,76041
2026-03-07T06:00:00Z,15.31,15.33,15.23,15.30,139582
2026-03-07T07:00:00Z,15.30,15.40,15.27,15.39,91666
2026-03-07T08:00:00Z,15.39,15.51,15.39,15.46,139582
2026-03-07T09:00:00Z,15.46,15.54,15.41,15.49,114582
2026-03-07T10:00:00Z,15.49,15.62,15.44,15.59,80207
2026-03-07T11:00:00Z,15.59,15.65,15.46,15.50,56249
2026-03-07T12:00:00Z,15.50,15.59,15.44,15.59,154165
2026-03-07T13:00:00Z,15.59,15.59,15.54,15.54,110415
2026-03-07T14:00:00Z,15.54,15.61,15.53,15.56,139582
2026-03-07T15:00:00Z,15.56,15.58,15.46,15.48,112499
2026-03-07T16:00:00Z,15.48,15.60,15.43,15.54,54166
2026-03-07T17:00:00Z,15.54,15.58,15.50,15.51,93749
2026-03-07T18:00:00Z,15.51,15.63,15.46,15.57,128124
2026-03-07T19:00:00Z,15.57,15.63,15.47,15.48,96874
2026-03-07T20:00:00Z,15.48,15.56,15.46,15.48,152082
2026-03-07T21:00:00Z,15.48,15.54,15.40,15.51,129165
2026-03-07T22:00:00Z,15.51,15.55,15.43,15.53,115624
2026-03-07T23:00:00Z,15.53,15.61,15.43,15.50,124999
2026-03-08T00:00:00Z,15.50,15.56,15.34,15.38,87499
2026-03-08T01:00:00Z,15.38,15.39,15.36,15.38,83332
2026-03-08T02:00:00Z,15.38,15.45,15.24,15.26,154165
2026-03-08T03:00:00Z,15.26,15.29,15.26,15.29,89582
2026-03-08T04:00:00Z,15.29,15.46,15.28,15.38,66666
2026-03-08T05:00:00Z,15.38,15.43,15.37,15.41,141665
2026-03-08T06:00:00Z,15.41,15.57,15.41,15.49,147915
2026-03-08T07:00:00Z,15.49,15.56,15.36,15.39,154165
2026-03-08T08:00:00Z,15.39,15.39,15.23,15.30,114582
2026-03-08T09:00:00Z,15.30,15.37,15.19,15.27,118749
2026-03-08T10:00:00Z,15.27,15.35,15.16,15.19,116665
2026-03-08T11:00:00Z,15.19,15.26,15.11,15.17,116665
2026-03-08T12:00:00Z,15.17,15.20,15.12,15.17,104166
2026-03-08T13:00:00Z,15.17,15.24,15.04,15.11,53124
2026-03-08T14:00:00Z,15.11,15.25,15.08,15.21,80207
2026-03-08T15:00:00Z,15.21,15.26,15.04,15.12,78124
2026-03-08T16:00:00Z,15.12,15.20,15.01,15.09,153124
2026-03-08T17:00:00Z,15.09,15.11,15.04,15.08,86457
2026-03-08T18:00:00Z,15.08,15.11,15.06,15.06,107290
2026-03-08T19:00:00Z,15.06,15.12,15.03,15.06,68749
2026-03-08T20:00:00Z,15.06,15.07,14.96,15.04,86457
2026-03-08T21:00:00Z,15.04,15.12,14.93,14.95,65624
2026-03-08T22:00:00Z,14.95,15.09,14.92,15.05,108332
2026-03-08T23:00:00Z,15.05,15.11,14.96,15.03,142707
2026-03-09T00:00:00Z,15.03,15.03,14.96,15.00,156249
2026-03-09T01:00:00Z,15.00,15.06,14.86,14.87,63541
2026-03-09T02:00:00Z,14.87,14.99,14.82,14.94,59374
2026-03-09T03:00:00Z,14.94,15.04,14.94,14.99,140624
2026-03-09T04:00:00Z,14.99,15.06,14.89,14.91,110415
2026-03-09T05:00:00Z,14.91,15.06,14.89,14.99,95832
2026-03-09T06:00:00Z,14.99,15.01,14.96,14.97,83332
2026-03-09T07:00:00Z,14.97,15.10,14.92,15.08,139582
2026-03-09T08:00:00Z,15.08,15.14,14.93,15.00,73957
2026-03-09T09:00:00Z,15.00,15.03,14.98,15.01,149999
2026-03-09T10:00:00Z,15.01,15.03,14.98,15.03,84374
2026-03-09T11:00:00Z,15.03,15.09,14.95,15.09,73957
2026-03-09T12:00:00Z,15.09,15.17,15.07,15.07,141665
2026-03-09T13:00:00Z,15.07,15.22,15.00,15.16,80207
2026-03-09T14:00:00Z,15.16,15.30,15.12,15.26,117707
2026-03-09T15:00:00Z,15.26,15.36,15.25,15.30,120832
2026-03-09T16:00:00Z,15.30,15.37,15.21,15.21,59374
2026-03-09T17:00:00Z,15.21,15.27,15.09,15.17,142707
2026-03-09T18:00:00Z,15.17,15.31,15.12,15.30,147915
2026-03-09T19:00:00Z,15.30,15.45,15.27,15.38,147915
2026-03-09T20:00:00Z,15.38,15.39,15.27,15.30,96874
2026-03-09T21:00:00Z,15.30,15.35,15.22,15.27,153124
2026-03-09T22:00:00Z,15.27,15.28,15.13,15.14,83332
2026-03-09T23:00:00Z,15.14,15.28,15.14,15.20,119790
2026-03-10T00:00:00Z,15.20,15.25,15.13,15.17,137499
2026-03-10T01:00:00Z,15.17,15.31,15.11,15.28,111457
2026-03-10T02:00:00Z,15.28,15.34,15.20,15.21,119790
2026-03-10T03:00:00Z,15.21,15.21,15.18,15.19,146874
2026-03-10T04:00:00Z,15.19,15.24,15.12,15.16,87499
2026-03-10T05:00:00Z,15.16,15.23,15.16,15.20,59374
2026-03-10T06:00:00Z,15.20,15.28,15.11,15.13,128124
2026-03-10T07:00:00Z,15.13,15.28,15.08,15.22,118749
2026-03-10T08:00:00Z,15.22,15.22,15.13,15.14,124999
2026-03-10T09:00:00Z,15.14,15.19,15.08,15.13,155207
2026-03-10T10:00:00Z,15.13,15.15,15.07,15.14,148957
2026-03-10T11:00:00Z,15.14,15.21,15.09,15.18,117707
2026-03-10T12:00:00Z,15.18,15.32,15.17,15.26,91666
2026-03-10T13:00:00Z,15.26,15.34,15.21,15.28,76041
2026-03-10T14:00:00Z,15.28,15.34,15.14,15.17,145832
2026-03-10T15:00:00Z,15.17,15.23,15.09,15.19,119790
2026-03-10T16:00:00Z,15.19,15.28,15.19,15.24,136457
2026-03-10T17:00:00Z,15.24,15.34,15.21,15.29,117707
2026-03-10T18:00:00Z,15.29,15.34,15.20,15.25,85416
2026-03-10T19:00:00Z,15.25,15.45,15.19,15.37,84374
2026-03-10T20:00:00Z,15.37,15.58,15.32,15.50,155207
2026-03-10T21:00:00Z,15.50,15.56,15.44,15.45,152082
2026-03-10T22:00:00Z,15.45,15.55,15.44,15.52,72916
2026-03-10T23:00:00Z,15.52,15.52,15.50,15.52,71874
2026-03-11T00:00:00Z,15.52,15.52,15.45,15.47,64582
2026-03-11T01:00:00Z,15.47,15.59,15.46,15.51,109374
2026-03-11T02:00:00Z,15.51,15.56,15.50,15.50,146874
2026-03-11T03:00:00Z,15.50,15.69,15.42,15.66,127082
2026-03-11T04:00:00Z,15.66,15.71,15.53,15.59,60416
2026-03-11T05:00:00Z,15.59,15.68,15.54,15.63,147915
2026-03-11T06:00:00Z,15.63,15.68,15.60,15.67,89582
2026-03-11T07:00:00Z,15.67,15.73,15.46,15.48,147915
2026-03-11T08:00:00Z,15.48,15.52,15.44,15.48,93749
2026-03-11T09:00:00Z,15.48,15.51,15.35,15.41,72916
2026-03-11T10:00:00Z,15.41,15.46,15.32,15.38,65624
2026-03-11T11:00:00Z,15.38,15.53,15.32,15.45,67707
2026-03-11T12:00:00Z,15.45,15.46,15.36,15.42,99999
2026-03-11T13:00:00Z,15.42,15.50,15.36,15.46,55207
2026-03-11T14:00:00Z,15.46,15.55,15.44,15.49,74999
2026-03-11T15:00:00Z,15.49,15.59,15.44,15.52,116665
2026-03-11T16:00:00Z,15.52,15.59,15.51,15.55,137499
2026-03-11T17:00:00Z,15.55,15.59,15.36,15.44,58332
2026-03-11T18:00:00Z,15.44,15.44,15.32,15.37,54166
2026-03-11T19:00:00Z,15.37,15.42,15.30,15.37,147915
2026-03-11T20:00:00Z,15.37,15.45,15.29,15.41,80207
2026-03-11T21:00:00Z,15.41,15.51,15.33,15.45,134374
2026-03-11T22:00:00Z,15.45,15.49,15.44,15.49,93749
2026-03-11T23:00:00Z,15.49,15.59,15.43,15.53,115624
2026-03-12T00:00:00Z,15.53,15.60,15.40,15.42,72916
2026-03-12T01:00:00Z,15.42,15.60,15.36,15.54,140624
2026-03-12T02:00:00Z,15.54,15.57,15.42,15.49,55207
2026-03-12T03:00:00Z,15.49,15.63,15.46,15.57,57291
2026-03-12T04:00:00Z,15.57,15.61,15.51,15.58,81249
2026-03-12T05:00:00Z,15.58,15.65,15.50,15.50,65624
2026-03-12T06:00:00Z,15.50,15.67,15.49,15.59,135415
2026-03-12T07:00:00Z,15.59,15.59,15.44,15.51,65624
2026-03-12T08:00:00Z,15.51,15.57,15.42,15.48,124999
2026-03-12T09:00:00Z,15.48,15.56,15.45,15.48,114582
2026-03-12T10:00:00Z,15.48,15.61,15.48,15.59,155207
2026-03-12T11:00:00Z,15.59,15.68,15.53,15.68,94791
2026-03-12T12:00:00Z,15.68,15.72,15.55,15.62,142707
2026-03-12T13:00:00Z,15.62,15.69,15.50,15.56,129165
2026-03-12T14:00:00Z,15.56,15.62,15.52,15.52,86457
2026-03-12T15:00:00Z,15.52,15.60,15.45,15.58,105207
2026-03-12T16:00:00Z,15.58,15.67,15.57,15.63,120832
2026-03-12T17:00:00Z,15.63,15.70,15.51,15.52,81249
2026-03-12T18:00:00Z,15.52,15.57,15.43,15.46,114582
2026-03-12T19:00:00Z,15.46,15.52,15.44,15.52,143749
2026-03-12T20:00:00Z,15.52,15.60,15.49,15.55,146874
2026-03-12T21:00:00Z,15.55,15.57,15.49,15.51,111457
2026-03-12T22:00:00Z,15.51,15.51,15.43,15.50,130207
2026-03-12T23:00:00Z,15.50,15.70,15.50,15.66,155207
2026-03-13T00:00:00Z,15.66,15.68,15.58,15.68,68749
2026-03-13T01:00:00Z,15.68,15.81,15.60,15.75,143749
2026-03-13T02:00:00Z,15.75,15.77,15.72,15.77,53124
2026-03-13T03:00:00Z,15.77,15.82,15.63,15.66,137499
2026-03-13T04:00:00Z,15.66,15.69,15.59,15.66,87499
2026-03-13T05:00:00Z,15.66,15.77,15.62,15.70,70832
2026-03-13T06:00:00Z,15.70,15.72,15.61,15.67,65624
2026-03-13T07:00:00Z,15.67,15.75,15.47,15.52,122915
2026-03-13T08:00:00Z,15.52,15.54,15.40,15.42,129165
2026-03-13T09:00:00Z,15.42,15.42,15.32,15.33,57291
2026-03-13T10:00:00Z,15.33,15.36,15.22,15.28,110415
2026-03-13T11:00:00Z,15.28,15.33,15.25,15.25,124999
2026-03-13T12:00:00Z,15.25,15.31,15.24,15.31,81249
2026-03-13T13:00:00Z,15.31,15.46,15.26,15.42,111457
2026-03-13T14:00:00Z,15.42,15.49,15.39,15.44,80207
2026-03-13T15:00:00Z,15.44,15.45,15.42,15.43,61457
2026-03-13T16:00:00Z,15.43,15.49,15.39,15.47,119790
2026-03-13T17:00:00Z,15.47,15.60,15.43,15.57,151040
2026-03-13T18:00:00Z,15.57,15.63,15.54,15.56,85416
2026-03-13T19:00:00Z,15.56,15.58,15.53,15.58,83332
2026-03-13T20:00:00Z,15.58,15.69,15.57,15.62,62499
2026-03-13T21:00:00Z,15.62,15.70,15.57,15.57,124999
2026-03-13T22:00:00Z,15.57,15.64,15.56,15.57,112499
2026-03-13T23:00:00Z,15.57,15.65,15.52,15.62,70832
2026-03-14T00:00:00Z,15.62,15.80,15.56,15.72,130207
2026-03-14T01:00:00Z,15.72,15.79,15.66,15.66,87499
2026-03-14T02:00:00Z,15.66,15.69,15.66,15.67,139582
2026-03-14T03:00:00Z,15.67,15.75,15.59,15.71,135415
2026-03-14T04:00:00Z,15.71,15.74,15.59,15.65,58332
2026-03-14T05:00:00Z,15.65,15.74,15.65,15.67,65624
2026-03-14T06:00:00Z,15.67,15.83,15.63,15.76,155207
2026-03-14T07:00:00Z,15.76,15.85,15.76,15.80,58332
2026-03-14T08:00:00Z,15.80,15.87,15.79,15.79,140624
2026-03-14T09:00:00Z,15.79,15.83,15.68,15.76,154165
2026-03-14T10:00:00Z,15.76,15.76,15.62,15.70,76041
2026-03-14T11:00:00Z,15.70,15.73,15.62,15.64,88541
2026-03-14T12:00:00Z,15.64,15.72,15.53,15.57,105207
2026-03-14T13:00:00Z,15.57,15.65,15.57,15.57,127082
2026-03-14T14:00:00Z,15.57,15.67,15.51,15.61,141665
2026-03-14T15:00:00Z,15.61,15.67,15.56,15.59,63541
2026-03-14T16:00:00Z,15.59,15.61,15.47,15.53,66666
2026-03-14T17:00:00Z,15.53,15.53,15.41,15.45,109374
2026-03-14T18:00:00Z,15.45,15.56,15.45,15.55,81249
2026-03-14T19:00:00Z,15.55,15.61,15.49,15.58,99999
2026-03-14T20:00:00Z,15.58,15.71,15.55,15.65,67707
2026-03-14T21:00:00Z,15.65,15.74,15.59,15.73,52083
2026-03-14T22:00:00Z,15.73,15.82,15.72,15.77,129165
2026-03-14T23:00:00Z,15.77,15.86,15.70,15.84,129165
2026-03-15T00:00:00Z,15.84,15.92,15.78,15.78,127082
2026-03-15T01:00:00Z,15.78,15.85,15.74,15.79,52083
2026-03-15T02:00:00Z,15.79,15.94,15.73,15.89,64582
2026-03-15T03:00:00Z,15.89,15.94,15.72,15.72,76041
2026-03-15T04:00:00Z,15.72,15.79,15.60,15.65,141665
2026-03-15T05:00:00Z,15.65,15.73,15.65,15.72,138540
2026-03-15T06:00:00Z,15.72,15.79,15.68,15.72,152082
2026-03-15T07:00:00Z,15.72,15.82,15.67,15.75,104166
2026-03-15T08:00:00Z,15.75,15.77,15.71,15.74,101041
2026-03-15T09:00:00Z,15.74,15.87,15.69,15.79,60416
2026-03-15T10:00:00Z,15.79,15.91,15.73,15.85,76041
2026-03-15T11:00:00Z,15.85,16.00,15.84,15.98,144790
2026-03-15T12:00:00Z,15.98,16.04,15.90,15.92,53124
2026-03-15T13:00:00Z,15.92,15.96,15.92,15.95,128124
2026-03-15T14:00:00Z,15.95,16.02,15.78,15.85,72916
2026-03-15T15:00:00Z,15.85,15.87,15.85,15.86,74999
2026-03-15T16:00:00Z,15.86,15.98,15.84,15.90,142707
2026-03-15T17:00:00Z,15.90,15.91,15.82,15.85,116665
2026-03-15T18:00:00Z,15.85,15.85,15.81,15.82,87499
2026-03-15T19:00:00Z,15.82,15.84,15.66,15.74,69791
2026-03-15T20:00:00Z,15.74,15.88,15.73,15.82,155207
2026-03-15T21:00:00Z,15.82,15.88,15.70,15.76,92707
2026-03-15T22:00:00Z,15.76,15.82,15.65,15.69,77082
2026-03-15T23:00:00Z,15.69,15.76,15.63,15.68,128124
2026-03-16T00:00:00Z,15.68,15.86,15.66,15.78,103124
2026-03-16T01:00:00Z,15.78,15.78,15.72,15.75,82291
2026-03-16T02:00:00Z,15.75,15.83,15.72,15.74,147915
2026-03-16T03:00:00Z,15.74,15.79,15.67,15.71,86457
2026-03-16T04:00:00Z,15.71,15.75,15.60,15.65,135415
2026-03-16T05:00:00Z,15.65,15.66,15.47,15.54,149999
2026-03-16T06:00:00Z,15.54,15.67,15.50,15.60,52083
2026-03-16T07:00:00Z,15.60,15.64,15.55,15.58,71874
2026-03-16T08:00:00Z,15.58,15.65,15.52,15.54,98957
2026-03-16T09:00:00Z,15.54,15.61,15.37,15.42,59374
2026-03-16T10:00:00Z,15.42,15.49,15.29,15.31,89582
2026-03-16T11:00:00Z,15.31,15.34,15.31,15.32,74999
2026-03-16T12:00:00Z,15.32,15.34,15.18,15.24,66666
2026-03-16T13:00:00Z,15.24,15.28,15.17,15.22,83332
2026-03-16T14:00:00Z,15.22,15.24,15.09,15.17,103124
2026-03-16T15:00:00Z,15.17,15.30,15.16,15.27,83332
2026-03-16T16:00:00Z,15.27,15.32,15.13,15.13,107290
2026-03-16T17:00:00Z,15.13,15.20,15.08,15.13,112499
2026-03-16T18:00:00Z,15.13,15.13,15.07,15.11,108332
2026-03-16T19:00:00Z,15.11,15.20,15.09,15.20,64582
2026-03-16T20:00:00Z,15.20,15.23,15.00,15.03,140624
2026-03-16T21:00:00Z,15.03,15.06,14.97,15.04,102082
2026-03-16T22:00:00Z,15.04,15.10,14.85,14.93,148957
2026-03-16T23:00:00Z,14.93,14.93,14.84,14.90,130207
2026-03-17T00:00:00Z,14.90,15.13,14.90,15.08,149999
2026-03-17T01:00:00Z,15.08,15.09,14.99,15.05,93749
2026-03-17T02:00:00Z,15.05,15.15,15.05,15.13,120832
2026-03-17T03:00:00Z,15.13,15.14,15.05,15.08,144790
2026-03-17T04:00:00Z,15.08,15.09,15.02,15.05,147915
2026-03-17T05:00:00Z,15.05,15.08,14.97,15.01,65624
2026-03-17T06:00:00Z,15.01,15.02,14.84,14.92,120832
2026-03-17T07:00:00Z,14.92,15.03,14.90,14.96,105207
2026-03-17T08:00:00Z,14.96,14.96,14.80,14.85,122915
2026-03-17T09:00:00Z,14.85,14.97,14.80,14.91,107290
2026-03-17T10:00:00Z,14.91,15.07,14.84,14.99,112499
2026-03-17T11:00:00Z,14.99,15.04,14.87,14.93,86457
2026-03-17T12:00:00Z,14.93,15.12,14.88,15.09,99999
2026-03-17T13:00:00Z,15.09,15.13,15.06,15.09,146874
2026-03-17T14:00:00Z,15.09,15.15,15.03,15.14,86457
2026-03-17T15:00:00Z,15.14,15.19,15.12,15.12,60416
2026-03-17T16:00:00Z,15.12,15.17,15.03,15.10,82291
2026-03-17T17:00:00Z,15.10,15.20,15.04,15.14,114582
2026-03-17T18:00:00Z,15.14,15.25,15.10,15.18,59374
2026-03-17T19:00:00Z,15.18,15.28,15.12,15.21,105207
2026-03-17T20:00:00Z,15.21,15.27,15.17,15.27,64582
2026-03-17T21:00:00Z,15.27,15.34,15.23,15.26,101041
2026-03-17T22:00:00Z,15.26,15.29,15.16,15.17,74999
2026-03-17T23:00:00Z,15.17,15.22,15.16,15.18,141665
2026-03-18T00:00:00Z,15.18,15.21,15.16,15.18,153124
2026-03-18T01:00:00Z,15.18,15.22,15.16,15.17,78124
2026-03-18T02:00:00Z,15.17,15.21,15.12,15.15,78124
2026-03-18T03:00:00Z,15.15,15.26,15.09,15.26,122915
2026-03-18T04:00:00Z,15.26,15.31,15.23,15.25,126040
2026-03-18T05:00:00Z,15.25,15.26,15.25,15.25,144790
2026-03-18T06:00:00Z,15.25,15.33,15.17,15.28,129165
2026-03-18T07:00:00Z,15.28,15.39,15.23,15.35,155207
2026-03-18T08:00:00Z,15.35,15.35,15.19,15.19,146874
2026-03-18T09:00:00Z,15.19,15.27,15.17,15.18,65624
2026-03-18T10:00:00Z,15.18,15.25,15.17,15.21,77082
2026-03-18T11:00:00Z,15.21,15.25,15.15,15.18,144790
2026-03-18T12:00:00Z,15.18,15.27,15.14,15.23,88541
2026-03-18T13:00:00Z,15.23,15.28,15.20,15.21,82291
2026-03-18T14:00:00Z,15.21,15.21,15.08,15.14,66666
2026-03-18T15:00:00Z,15.14,15.15,14.98,15.05,116665
2026-03-18T16:00:00Z,15.05,15.14,15.03,15.12,56249
2026-03-18T17:00:00Z,15.12,15.12,15.07,15.07,106249
2026-03-18T18:00:00Z,15.07,15.09,15.02,15.07,134374
2026-03-18T19:00:00Z,15.07,15.13,15.07,15.09,135415
2026-03-18T20:00:00Z,15.09,15.24,15.08,15.22,147915
2026-03-18T21:00:00Z,15.22,15.24,15.12,15.12,142707
2026-03-18T22:00:00Z,15.12,15.16,15.11,15.13,95832
2026-03-18T23:00:00Z,15.13,15.18,15.07,15.16,106249
2026-03-19T00:00:00Z,15.16,15.16,15.11,15.15,77082
2026-03-19T01:00:00Z,15.15,15.17,15.10,15.12,135415
2026-03-19T02:00:00Z,15.12,15.19,15.06,15.17,52083
2026-03-19T03:00:00Z,15.17,15.25,15.13,15.21,55207
2026-03-19T04:00:00Z,15.21,15.36,15.18,15.29,74999
2026-03-19T05:00:00Z,15.29,15.42,15.24,15.35,137499
2026-03-19T06:00:00Z,15.35,15.37,15.20,15.28,53124
2026-03-19T07:00:00Z,15.28,15.46,15.25,15.40,99999
2026-03-19T08:00:00Z,15.40,15.45,15.32,15.39,133332
2026-03-19T09:00:00Z,15.39,15.51,15.36,15.49,137499
2026-03-19T10:00:00Z,15.49,15.52,15.41,15.45,73957
2026-03-19T11:00:00Z,15.45,15.53,15.40,15.42,95832
2026-03-19T12:00:00Z,15.42,15.45,15.23,15.31,126040
2026-03-19T13:00:00Z,15.31,15.44,15.28,15.41,69791
2026-03-19T14:00:00Z,15.41,15.44,15.31,15.31,106249
2026-03-19T15:00:00Z,15.31,15.40,15.29,15.40,67707
2026-03-19T16:00:00Z,15.40,15.42,15.28,15.36,149999
2026-03-19T17:00:00Z,15.36,15.36,15.34,15.34,65624
2026-03-19T18:00:00Z,15.34,15.43,15.31,15.40,153124
2026-03-19T19:00:00Z,15.40,15.43,15.17,15.25,73957
2026-03-19T20:00:00Z,15.25,15.31,15.19,15.25,81249
2026-03-19T21:00:00Z,15.25,15.41,15.23,15.35,60416
2026-03-19T22:00:00Z,15.35,15.46,15.32,15.40,153124
2026-03-19T23:00:00Z,15.40,15.41,15.39,15.39,96874
2026-03-20T00:00:00Z,15.39,15.46,15.32,15.45,145832
2026-03-20T01:00:00Z,15.45,15.50,15.32,15.40,52083
2026-03-20T02:00:00Z,15.40,15.48,15.33,15.39,156249
2026-03-20T03:00:00Z,15.39,15.44,15.28,15.31,55207
2026-03-20T04:00:00Z,15.31,15.33,15.29,15.31,146874
2026-03-20T05:00:00Z,15.31,15.33,15.24,15.29,133332
2026-03-20T06:00:00Z,15.29,15.36,15.28,15.29,95832
2026-03-20T07:00:00Z,15.29,15.30,15.20,15.21,109374
2026-03-20T08:00:00Z,15.21,15.21,15.16,15.16,148957
2026-03-20T09:00:00Z,15.16,15.26,15.10,15.22,131249
2026-03-20T10:00:00Z,15.22,15.25,15.07,15.14,152082
2026-03-20T11:00:00Z,15.14,15.21,14.99,15.04,62499
2026-03-20T12:00:00Z,15.04,15.08,14.94,15.01,58332
2026-03-20T13:00:00Z,15.01,15.09,14.86,14.91,109374
2026-03-20T14:00:00Z,14.91,14.91,14.85,14.85,90624
2026-03-20T15:00:00Z,14.85,14.95,14.79,14.91,97916
2026-03-20T16:00:00Z,14.91,14.95,14.85,14.85,80207
2026-03-20T17:00:00Z,14.85,15.01,14.82,14.98,156249
2026-03-20T18:00:00Z,14.98,15.05,14.96,14.96,129165
2026-03-20T19:00:00Z,14.96,15.02,14.86,14.90,99999
2026-03-20T20:00:00Z,14.90,14.96,14.83,14.85,105207
2026-03-20T21:00:00Z,14.85,14.87,14.83,14.85,83332
2026-03-20T22:00:00Z,14.85,14.85,14.70,14.74,58332
2026-03-20T23:00:00Z,14.74,14.76,14.67,14.75,106249
2026-03-21T00:00:00Z,14.75,14.82,14.65,14.72,110415
2026-03-21T01:00:00Z,14.72,14.77,14.65,14.69,89582
2026-03-21T02:00:00Z,14.69,14.71,14.51,14.55,111457
2026-03-21T03:00:00Z,14.55,14.64,14.49,14.59,136457
2026-03-21T04:00:00Z,14.59,14.61,14.50,14.56,89582
2026-03-21T05:00:00Z,14.56,14.56,14.49,14.50,139582
2026-03-21T06:00:00Z,14.50,14.64,14.43,14.60,133332
2026-03-21T07:00:00Z,14.60,14.74,14.58,14.71,126040
2026-03-21T08:00:00Z,14.71,14.75,14.65,14.66,131249
2026-03-21T09:00:00Z,14.66,14.74,14.54,14.62,138540
2026-03-21T10:00:00Z,14.62,14.65,14.58,14.64,79166
2026-03-21T11:00:00Z,14.64,14.65,14.56,14.62,99999
2026-03-21T12:00:00Z,14.62,14.77,14.62,14.72,106249
2026-03-21T13:00:00Z,14.72,14.83,14.66,14.82,137499
2026-03-21T14:00:00Z,14.82,14.83,14.77,14.77,113540
2026-03-21T15:00:00Z,14.77,14.80,14.70,14.75,136457
2026-03-21T16:00:00Z,14.75,14.80,14.75,14.75,64582
2026-03-21T17:00:00Z,14.75,14.79,14.65,14.70,151040
2026-03-21T18:00:00Z,14.70,14.77,14.70,14.70,54166
2026-03-21T19:00:00Z,14.70,14.84,14.67,14.77,122915
2026-03-21T20:00:00Z,14.77,14.84,14.64,14.65,87499
2026-03-21T21:00:00Z,14.65,14.74,14.63,14.71,68749
2026-03-21T22:00:00Z,14.71,14.75,14.69,14.70,148957
2026-03-21T23:00:00Z,14.70,14.73,14.59,14.64,68749
2026-03-22T00:00:00Z,14.64,14.66,14.59,14.63,80207
2026-03-22T01:00:00Z,14.63,14.64,14.62,14.62,102082
2026-03-22T02:00:00Z,14.62,14.69,14.56,14.66,81249
2026-03-22T03:00:00Z,14.66,14.76,14.60,14.69,70832
2026-03-22T04:00:00Z,14.69,14.75,14.58,14.64,67707
2026-03-22T05:00:00Z,14.64,14.64,14.62,14.63,60416
2026-03-22T06:00:00Z,14.63,14.71,14.60,14.63,73957
2026-03-22T07:00:00Z,14.63,14.70,14.55,14.56,112499
2026-03-22T08:00:00Z,14.56,14.70,14.49,14.65,64582
2026-03-22T09:00:00Z,14.65,14.69,14.62,14.67,132290
2026-03-22T10:00:00Z,14.67,14.74,14.62,14.73,155207
2026-03-22T11:00:00Z,14.73,14.80,14.72,14.75,79166
2026-03-22T12:00:00Z,14.75,14.88,14.70,14.81,136457
2026-03-22T13:00:00Z,14.81,14.83,14.78,14.82,131249
2026-03-22T14:00:00Z,14.82,14.87,14.73,14.80,102082
2026-03-22T15:00:00Z,14.80,14.80,14.75,14.78,124999
2026-03-22T16:00:00Z,14.78,14.86,14.70,14.76,60416
2026-03-22T17:00:00Z,14.76,14.77,14.65,14.69,110415
2026-03-22T18:00:00Z,14.69,14.77,14.63,14.77,99999
2026-03-22T19:00:00Z,14.77,14.92,14.72,14.91,76041
2026-03-22T20:00:00Z,14.91,14.96,14.82,14.83,120832
2026-03-22T21:00:00Z,14.83,14.89,14.83,14.88,59374
2026-03-22T22:00:00Z,14.88,14.91,14.83,14.83,55207
2026-03-22T23:00:00Z,14.83,14.90,14.65,14.71,81249
2026-03-23T00:00:00Z,14.71,14.79,14.68,14.79,124999
2026-03-23T01:00:00Z,14.79,14.86,14.68,14.73,143749
2026-03-23T02:00:00Z,14.73,14.81,14.71,14.80,78124
2026-03-23T03:00:00Z,14.80,14.84,14.69,14.74,148957
2026-03-23T04:00:00Z,14.74,14.88,14.69,14.84,155207
2026-03-23T05:00:00Z,14.84,14.84,14.72,14.76,95832
2026-03-23T06:00:00Z,14.76,14.83,14.69,14.83,72916
2026-03-23T07:00:00Z,14.83,14.94,14.78,14.87,83332
2026-03-23T08:00:00Z,14.87,14.91,14.81,14.89,145832
2026-03-23T09:00:00Z,14.89,14.98,14.81,14.97,120832
2026-03-23T10:00:00Z,14.97,15.04,14.90,14.95,140624
2026-03-23T11:00:00Z,14.95,15.00,14.81,14.86,112499
2026-03-23T12:00:00Z,14.86,14.92,14.77,14.83,87499
2026-03-23T13:00:00Z,14.83,14.91,14.82,14.91,67707
2026-03-23T14:00:00Z,14.91,15.01,14.88,14.98,94791
2026-03-23T15:00:00Z,14.98,15.13,14.96,15.09,89582
2026-03-23T16:00:00Z,15.09,15.12,14.94,15.00,112499
2026-03-23T17:00:00Z,15.00,15.02,14.83,14.87,61457
2026-03-23T18:00:00Z,14.87,14.87,14.79,14.81,57291
2026-03-23T19:00:00Z,14.81,14.87,14.75,14.87,143749
2026-03-23T20:00:00Z,14.87,14.94,14.86,14.87,55207
2026-03-23T21:00:00Z,14.87,14.88,14.81,14.83,103124
2026-03-23T22:00:00Z,14.83,14.87,14.75,14.85,70832
2026-03-23T23:00:00Z,14.85,14.91,14.85,14.88,126040
2026-03-24T00:00:00Z,14.88,14.93,14.83,14.88,109374
2026-03-24T01:00:00Z,14.88,14.94,14.87,14.88,99999
2026-03-24T02:00:00Z,14.88,14.92,14.72,14.75,69791
2026-03-24T03:00:00Z,14.75,14.84,14.70,14.81,63541
2026-03-24T04:00:00Z,14.81,14.82,14.72,14.75,141665
2026-03-24T05:00:00Z,14.75,14.78,14.68,14.77,68749
2026-03-24T06:00:00Z,14.77,14.81,14.71,14.75,142707
2026-03-24T07:00:00Z,14.75,14.87,14.74,14.81,136457
2026-03-24T08:00:00Z,14.81,14.87,14.74,14.83,58332
2026-03-24T09:00:00Z,14.83,14.91,14.83,14.89,140624
2026-03-24T10:00:00Z,14.89,14.96,14.69,14.71,61457
2026-03-24T11:00:00Z,14.71,14.72,14.60,14.65,127082
2026-03-24T12:00:00Z,14.65,14.70,14.65,14.69,70832
2026-03-24T13:00:00Z,14.69,14.69,14.67,14.67,112499
2026-03-24T14:00:00Z,14.67,14.79,14.66,14.77,76041
2026-03-24T15:00:00Z,14.77,14.78,14.69,14.70,135415
2026-03-24T16:00:00Z,14.70,14.76,14.60,14.67,68749
2026-03-24T17:00:00Z,14.67,14.73,14.56,14.60,99999
2026-03-24T18:00:00Z,14.60,14.72,14.56,14.66,57291
2026-03-24T19:00:00Z,14.66,14.81,14.60,14.74,108332
2026-03-24T20:00:00Z,14.74,14.75,14.66,14.66,119790
2026-03-24T21:00:00Z,14.66,14.66,14.62,14.65,77082
2026-03-24T22:00:00Z,14.65,14.75,14.58,14.73,95832
2026-03-24T23:00:00Z,14.73,14.84,14.70,14.76,81249
2026-03-25T00:00:00Z,14.76,14.80,14.68,14.69,137499
2026-03-25T01:00:00Z,14.69,14.81,14.66,14.76,99999
2026-03-25T02:00:00Z,14.76,14.76,14.71,14.74,79166
2026-03-25T03:00:00Z,14.74,14.77,14.72,14.76,112499
2026-03-25T04:00:00Z,14.76,14.82,14.74,14.76,103124
2026-03-25T05:00:00Z,14.76,14.83,14.76,14.76,91666
2026-03-25T06:00:00Z,14.76,14.83,14.63,14.67,81249
2026-03-25T07:00:00Z,14.67,14.73,14.66,14.71,101041
2026-03-25T08:00:00Z,14.71,14.82,14.64,14.76,97916
2026-03-25T09:00:00Z,14.76,14.79,14.59,14.66,122915
2026-03-25T10:00:00Z,14.66,14.74,14.62,14.72,78124
2026-03-25T11:00:00Z,14.72,14.75,14.52,14.58,120832
2026-03-25T12:00:00Z,14.58,14.63,14.40,14.46,101041
2026-03-25T13:00:00Z,14.46,14.52,14.42,14.50,106249
2026-03-25T14:00:00Z,14.50,14.62,14.47,14.57,103124
2026-03-25T15:00:00Z,14.57,14.60,14.45,14.50,148957
2026-03-25T16:00:00Z,14.50,14.52,14.38,14.41,146874
2026-03-25T17:00:00Z,14.41,14.43,14.34,14.40,98957
2026-03-25T18:00:00Z,14.40,14.53,14.33,14.46,76041
2026-03-25T19:00:00Z,14.46,14.52,14.37,14.42,122915
2026-03-25T20:00:00Z,14.42,14.42,14.40,14.40,133332
2026-03-25T21:00:00Z,14.40,14.45,14.32,14.36,82291
2026-03-25T22:00:00Z,14.36,14.37,14.33,14.35,73957
2026-03-25T23:00:00Z,14.35,14.42,14.29,14.33,85416
2026-03-26T00:00:00Z,14.33,14.39,14.19,14.25,137499
2026-03-26T01:00:00Z,14.25,14.28,14.23,14.24,122915
2026-03-26T02:00:00Z,14.24,14.29,14.20,14.23,80207
2026-03-26T03:00:00Z,14.23,14.23,14.14,14.20,93749
2026-03-26T04:00:00Z,14.20,14.26,14.12,14.17,135415
2026-03-26T05:00:00Z,14.17,14.20,14.15,14.18,52083
2026-03-26T06:00:00Z,14.18,14.28,14.17,14.21,135415
2026-03-26T07:00:00Z,14.21,14.25,14.04,14.08,148957
2026-03-26T08:00:00Z,14.08,14.14,14.04,14.12,98957
2026-03-26T09:00:00Z,14.12,14.35,14.10,14.28,60416
2026-03-26T10:00:00Z,14.28,14.28,14.21,14.22,130207
2026-03-26T11:00:00Z,14.22,14.26,14.03,14.08,144790
2026-03-26T12:00:00Z,14.08,14.11,14.07,14.11,59374
2026-03-26T13:00:00Z,14.11,14.16,13.99,14.03,104166
2026-03-26T14:00:00Z,14.03,14.08,13.92,13.98,114582
2026-03-26T15:00:00Z,13.98,14.03,13.94,13.98,89582
2026-03-26T16:00:00Z,13.98,13.99,13.77,13.84,82291
2026-03-26T17:00:00Z,13.84,13.97,13.80,13.91,68749
2026-03-26T18:00:00Z,13.91,13.91,13.83,13.90,101041
2026-03-26T19:00:00Z,13.90,13.90,13.78,13.82,83332
2026-03-26T20:00:00Z,13.82,13.88,13.73,13.80,70832
2026-03-26T21:00:00Z,13.80,13.88,13.73,13.85,98957
2026-03-26T22:00:00Z,13.85,13.96,13.84,13.92,131249
2026-03-26T23:00:00Z,13.92,13.93,13.89,13.91,65624
2026-03-27T00:00:00Z,13.91,13.97,13.77,13.81,102082
2026-03-27T01:00:00Z,13.81,13.82,13.75,13.80,110415
2026-03-27T02:00:00Z,13.80,13.90,13.80,13.86,139582
2026-03-27T03:00:00Z,13.86,13.86,13.80,13.85,136457
2026-03-27T04:00:00Z,13.85,13.85,13.68,13.74,86457
2026-03-27T05:00:00Z,13.74,13.82,13.73,13.77,70832
2026-03-27T06:00:00Z,13.77,13.81,13.71,13.75,131249
2026-03-27T07:00:00Z,13.75,13.83,13.72,13.82,83332
2026-03-27T08:00:00Z,13.82,13.94,13.77,13.89,111457
2026-03-27T09:00:00Z,13.89,13.98,13.86,13.96,110415
2026-03-27T10:00:00Z,13.96,13.99,13.91,13.92,68749
2026-03-27T11:00:00Z,13.92,13.96,13.79,13.83,156249
2026-03-27T12:00:00Z,13.83,13.87,13.81,13.83,84374
2026-03-27T13:00:00Z,13.83,13.88,13.79,13.85,139582
2026-03-27T14:00:00Z,13.85,13.91,13.77,13.81,123957
2026-03-27T15:00:00Z,13.81,13.82,13.71,13.74,83332
2026-03-27T16:00:00Z,13.74,13.76,13.65,13.72,69791
2026-03-27T17:00:00Z,13.72,13.82,13.72,13.77,98957
2026-03-27T18:00:00Z,13.77,13.81,13.72,13.75,155207
2026-03-27T19:00:00Z,13.75,13.79,13.73,13.74,128124
2026-03-27T20:00:00Z,13.74,13.74,13.61,13.68,104166
2026-03-27T21:00:00Z,13.68,13.74,13.67,13.71,156249
2026-03-27T22:00:00Z,13.71,13.77,13.60,13.62,97916
2026-03-27T23:00:00Z,13.62,13.65,13.56,13.59,78124
2026-03-28T00:00:00Z,13.59,13.66,13.55,13.66,142707
2026-03-28T01:00:00Z,13.66,13.72,13.51,13.55,54166
2026-03-28T02:00:00Z,13.55,13.59,13.50,13.52,72916
2026-03-28T03:00:00Z,13.52,13.59,13.37,13.43,148957
2026-03-28T04:00:00Z,13.43,13.50,13.38,13.43,77082
2026-03-28T05:00:00Z,13.43,13.50,13.36,13.39,80207
2026-03-28T06:00:00Z,13.39,13.41,13.33,13.36,152082
2026-03-28T07:00:00Z,13.36,13.42,13.35,13.38,113540
2026-03-28T08:00:00Z,13.38,13.48,13.38,13.44,140624
2026-03-28T09:00:00Z,13.44,13.54,13.44,13.47,154165
2026-03-28T10:00:00Z,13.47,13.56,13.44,13.52,111457
2026-03-28T11:00:00Z,13.52,13.71,13.50,13.66,156249
2026-03-28T12:00:00Z,13.66,13.68,13.51,13.56,102082
2026-03-28T13:00:00Z,13.56,13.61,13.39,13.43,101041
2026-03-28T14:00:00Z,13.43,13.49,13.32,13.37,69791
2026-03-28T15:00:00Z,13.37,13.43,13.31,13.42,53124
2026-03-28T16:00:00Z,13.42,13.47,13.40,13.44,79166
2026-03-28T17:00:00Z,13.44,13.44,13.38,13.38,111457
2026-03-28T18:00:00Z,13.38,13.43,13.29,13.31,58332
2026-03-28T19:00:00Z,13.31,13.38,13.26,13.28,137499
2026-03-28T20:00:00Z,13.28,13.33,13.24,13.25,60416
2026-03-28T21:00:00Z,13.25,13.31,13.22,13.22,87499
2026-03-28T22:00:00Z,13.22,13.23,13.15,13.18,114582
2026-03-28T23:00:00Z,13.18,13.22,13.07,13.13,52083
2026-03-29T00:00:00Z,13.13,13.19,13.12,13.17,117707
2026-03-29T01:00:00Z,13.17,13.23,13.14,13.17,79166
2026-03-29T02:00:00Z,13.17,13.24,13.13,13.15,103124
2026-03-29T03:00:00Z,13.15,13.21,13.12,13.14,87499
2026-03-29T04:00:00Z,13.14,13.17,13.05,13.11,93749
2026-03-29T05:00:00Z,13.11,13.18,13.10,13.10,54166
2026-03-29T06:00:00Z,13.10,13.24,13.09,13.22,111457
2026-03-29T07:00:00Z,13.22,13.38,13.16,13.32,65624
2026-03-29T08:00:00Z,13.32,13.37,13.26,13.27,121874
2026-03-29T09:00:00Z,13.27,13.30,13.16,13.20,55207
2026-03-29T10:00:00Z,13.20,13.30,13.19,13.24,85416
2026-03-29T11:00:00Z,13.24,13.25,13.12,13.16,64582
2026-03-29T12:00:00Z,13.16,13.21,13.10,13.20,105207
2026-03-29T13:00:00Z,13.20,13.21,13.17,13.19,104166
2026-03-29T14:00:00Z,13.19,13.27,13.14,13.26,118749
2026-03-29T15:00:00Z,13.26,13.38,13.21,13.34,74999
2026-03-29T16:00:00Z,13.34,13.36,13.33,13.33,141665
2026-03-29T17:00:00Z,13.33,13.37,13.28,13.33,61457
2026-03-29T18:00:00Z,13.33,13.34,13.23,13.26,128124
2026-03-29T19:00:00Z,13.26,13.33,13.15,13.21,60416
2026-03-29T20:00:00Z,13.21,13.26,13.16,13.16,156249
2026-03-29T21:00:00Z,13.16,13.21,13.11,13.20,77082
2026-03-29T22:00:00Z,13.20,13.25,13.12,13.16,66666
2026-03-29T23:00:00Z,13.16,13.26,13.16,13.20,81249
2026-03-30T00:00:00Z,13.20,13.27,13.20,13.27,122915
2026-03-30T01:00:00Z,13.27,13.29,13.24,13.27,68749
2026-03-30T02:00:00Z,13.27,13.28,13.15,13.16,60416
2026-03-30T03:00:00Z,13.16,13.16,13.15,13.16,104166
2026-03-30T04:00:00Z,13.16,13.20,13.09,13.12,70832
2026-03-30T05:00:00Z,13.12,13.29,13.07,13.25,155207
2026-03-30T06:00:00Z,13.25,13.26,13.18,13.24,78124
2026-03-30T07:00:00Z,13.24,13.30,13.23,13.24,135415
2026-03-30T08:00:00Z,13.24,13.38,13.24,13.37,123957
2026-03-30T09:00:00Z,13.37,13.38,13.29,13.36,87499
2026-03-30T10:00:00Z,13.36,13.40,13.27,13.28,154165
2026-03-30T11:00:00Z,13.28,13.30,13.21,13.24,117707
2026-03-30T12:00:00Z,13.24,13.25,13.19,13.24,146874
2026-03-30T13:00:00Z,13.24,13.25,13.14,13.17,104166
2026-03-30T14:00:00Z,13.17,13.25,13.11,13.20,91666
2026-03-30T15:00:00Z,13.20,13.21,13.04,13.07,152082
2026-03-30T16:00:00Z,13.07,13.13,13.05,13.09,111457
2026-03-30T17:00:00Z,13.09,13.14,13.00,13.01,136457
2026-03-30T18:00:00Z,13.01,13.06,12.95,13.05,55207
2026-03-30T19:00:00Z,13.05,13.16,13.04,13.10,118749
2026-03-30T20:00:00Z,13.10,13.10,13.05,13.10,70832
2026-03-30T21:00:00Z,13.10,13.10,13.08,13.09,113540
2026-03-30T22:00:00Z,13.09,13.14,13.05,13.05,111457
2026-03-30T23:00:00Z,13.05,13.06,12.99,13.03,119790
2026-03-31T00:00:00Z,13.03,13.03,12.93,12.96,78124
2026-03-31T01:00:00Z,12.96,12.96,12.88,12.90,136457
2026-03-31T02:00:00Z,12.90,12.97,12.83,12.93,148957
2026-03-31T03:00:00Z,12.93,12.93,12.85,12.90,65624
2026-03-31T04:00:00Z,12.90,12.91,12.84,12.86,111457
2026-03-31T05:00:00Z,12.86,12.88,12.81,12.83,96874
2026-03-31T06:00:00Z,12.83,12.96,12.78,12.91,104166
2026-03-31T07:00:00Z,12.91,13.01,12.89,12.97,87499
2026-03-31T08:00:00Z,12.97,13.02,12.97,12.99,59374
2026-03-31T09:00:00Z,12.99,13.01,12.97,13.01,124999
2026-03-31T10:00:00Z,13.01,13.01,12.94,12.95,148957
2026-03-31T11:00:00Z,12.95,13.04,12.94,13.03,72916
2026-03-31T12:00:00Z,13.03,13.10,13.02,13.04,67707
2026-03-31T13:00:00Z,13.04,13.12,13.03,13.10,57291
2026-03-31T14:00:00Z,13.10,13.16,13.03,13.09,102082
2026-03-31T15:00:00Z,13.09,13.28,13.09,13.26,79166
2026-03-31T16:00:00Z,13.26,13.26,13.16,13.21,74999
2026-03-31T17:00:00Z,13.21,13.24,13.16,13.19,123957
2026-03-31T18:00:00Z,13.19,13.34,13.15,13.33,94791
2026-03-31T19:00:00Z,13.33,13.36,13.33,13.34,65624
2026-03-31T20:00:00Z,13.34,13.42,13.31,13.36,138540
2026-03-31T21:00:00Z,13.36,13.42,13.26,13.26,63541
2026-03-31T22:00:00Z,13.26,13.31,13.25,13.25,131249
2026-03-31T23:00:00Z,13.25,13.31,13.18,13.19,113540
2026-04-01T00:00:00Z,13.19,13.20,13.11,13.16,77082
2026-04-01T01:00:00Z,13.16,13.21,13.13,13.17,153124
2026-04-01T02:00:00Z,13.17,13.20,13.08,13.08,103124
2026-04-01T03:00:00Z,13.08,13.20,13.05,13.14,148957
2026-04-01T04:00:00Z,13.14,13.18,13.11,13.13,68749
2026-04-01T05:00:00Z,13.13,13.19,13.07,13.07,74999
2026-04-01T06:00:00Z,13.07,13.11,12.95,13.00,127082
2026-04-01T07:00:00Z,13.00,13.03,12.94,13.02,63541
2026-04-01T08:00:00Z,13.02,13.06,12.96,13.03,88541
2026-04-01T09:00:00Z,13.03,13.10,13.01,13.03,55207
2026-04-01T10:00:00Z,13.03,13.07,12.98,12.99,121874
2026-04-01T11:00:00Z,12.99,13.06,12.96,13.01,146874
2026-04-01T12:00:00Z,13.01,13.08,12.95,13.08,109374
2026-04-01T13:00:00Z,13.08,13.08,13.04,13.06,79166
2026-04-01T14:00:00Z,13.06,13.12,13.02,13.11,124999
2026-04-01T15:00:00Z,13.11,13.14,12.97,13.04,128124
2026-04-01T16:00:00Z,13.04,13.05,12.90,12.96,123957
2026-04-01T17:00:00Z,12.96,12.98,12.92,12.96,98957
2026-04-01T18:00:00Z,12.96,13.03,12.94,13.00,109374
2026-04-01T19:00:00Z,13.00,13.07,12.97,12.98,62499
2026-04-01T20:00:00Z,12.98,13.01,12.92,12.92,62499
2026-04-01T21:00:00Z,12.92,12.99,12.90,12.98,103124
2026-04-01T22:00:00Z,12.98,13.10,12.97,13.06,153124
2026-04-01T23:00:00Z,13.06,13.09,12.99,13.03,118749
2026-04-02T00:00:00Z,13.03,13.06,12.98,13.02,142707
2026-04-02T01:00:00Z,13.02,13.04,12.93,12.97,110415
2026-04-02T02:00:00Z,12.97,12.97,12.86,12.89,137499
2026-04-02T03:00:00Z,12.89,12.95,12.81,12.83,60416
2026-04-02T04:00:00Z,12.83,12.95,12.81,12.91,137499
2026-04-02T05:00:00Z,12.91,13.03,12.84,12.99,58332
2026-04-02T06:00:00Z,12.99,13.04,12.95,13.03,73957
2026-04-02T07:00:00Z,13.03,13.03,12.97,13.02,85416
2026-04-02T08:00:00Z,13.02,13.14,12.99,13.09,61457
2026-04-02T09:00:00Z,13.09,13.14,13.05,13.13,52083
2026-04-02T10:00:00Z,13.13,13.18,13.06,13.11,73957
2026-04-02T11:00:00Z,13.11,13.13,13.04,13.09,57291
2026-04-02T12:00:00Z,13.09,13.18,13.05,13.12,74999
2026-04-02T13:00:00Z,13.12,13.16,13.02,13.09,104166
2026-04-02T14:00:00Z,13.09,13.11,13.00,13.04,80207
2026-04-02T15:00:00Z,13.04,13.05,13.00,13.02,52083
2026-04-02T16:00:00Z,13.02,13.02,12.94,12.97,152082
2026-04-02T17:00:00Z,12.97,13.04,12.93,13.00,118749
2026-04-02T18:00:00Z,13.00,13.04,12.93,12.98,112499
2026-04-02T19:00:00Z,12.98,12.99,12.93,12.99,58332
2026-04-02T20:00:00Z,12.99,13.05,12.93,13.02,91666
2026-04-02T21:00:00Z,13.02,13.04,12.94,13.00,119790
2026-04-02T22:00:00Z,13.00,13.09,12.99,13.04,77082
2026-04-02T23:00:00Z,13.04,13.06,12.95,13.00,114582
2026-04-03T00:00:00Z,13.00,13.04,12.92,12.93,120832
2026-04-03T01:00:00Z,12.93,13.01,12.91,12.99,112499
2026-04-03T02:00:00Z,12.99,13.03,12.92,12.94,141665
2026-04-03T03:00:00Z,12.94,12.96,12.85,12.87,109374
2026-04-03T04:00:00Z,12.87,12.91,12.83,12.90,140624
2026-04-03T05:00:00Z,12.90,12.94,12.86,12.88,81249
2026-04-03T06:00:00Z,12.88,12.88,12.76,12.82,145832
2026-04-03T07:00:00Z,12.82,12.88,12.79,12.80,113540
2026-04-03T08:00:00Z,12.80,12.92,12.78,12.87,98957
2026-04-03T09:00:00Z,12.87,12.97,12.87,12.93,61457
2026-04-03T10:00:00Z,12.93,12.93,12.92,12.93,70832
2026-04-03T11:00:00Z,12.93,12.99,12.87,12.95,148957
2026-04-03T12:00:00Z,12.95,13.00,12.93,12.93,59374
2026-04-03T13:00:00Z,12.93,12.94,12.83,12.85,84374
2026-04-03T14:00:00Z,12.85,12.95,12.80,12.89,118749
2026-04-03T15:00:00Z,12.89,12.95,12.82,12.90,60416
2026-04-03T16:00:00Z,12.90,12.95,12.82,12.87,68749
2026-04-03T17:00:00Z,12.87,12.91,12.80,12.91,112499
2026-04-03T18:00:00Z,12.91,12.96,12.91,12.91,119790
2026-04-03T19:00:00Z,12.91,13.05,12.91,12.99,152082
2026-04-03T20:00:00Z,12.99,13.10,12.97,13.09,54166
2026-04-03T21:00:00Z,13.09,13.10,12.98,12.99,126040
2026-04-03T22:00:00Z,12.99,13.02,12.93,12.94,106249
2026-04-03T23:00:00Z,12.94,12.99,12.75,12.79,98957
2026-04-04T00:00:00Z,12.79,12.79,12.71,12.76,155207
2026-04-04T01:00:00Z,12.76,12.77,12.72,12.73,54166
2026-04-04T02:00:00Z,12.73,12.76,12.70,12.71,109374
2026-04-04T03:00:00Z,12.71,12.77,12.64,12.67,92707
2026-04-04T04:00:00Z,12.67,12.76,12.64,12.73,62499
2026-04-04T05:00:00Z,12.73,12.75,12.71,12.75,81249
2026-04-04T06:00:00Z,12.75,12.79,12.70,12.75,87499
2026-04-04T07:00:00Z,12.75,12.78,12.75,12.75,52083
2026-04-04T08:00:00Z,12.75,12.80,12.59,12.64,102082
2026-04-04T09:00:00Z,12.64,12.69,12.62,12.65,128124
2026-04-04T10:00:00Z,12.65,12.70,12.57,12.59,110415
2026-04-04T11:00:00Z,12.59,12.65,12.56,12.56,112499
2026-04-04T12:00:00Z,12.56,12.57,12.49,12.49,99999
2026-04-04T13:00:00Z,12.49,12.49,12.37,12.39,154165
2026-04-04T14:00:00Z,12.39,12.45,12.38,12.40,57291
2026-04-04T15:00:00Z,12.40,12.40,12.34,12.36,74999
2026-04-04T16:00:00Z,12.36,12.50,12.34,12.47,89582
2026-04-04T17:00:00Z,12.47,12.47,12.41,12.47,132290
2026-04-04T18:00:00Z,12.47,12.52,12.46,12.47,106249
2026-04-04T19:00:00Z,12.47,12.50,12.41,12.41,87499
2026-04-04T20:00:00Z,12.41,12.46,12.36,12.43,92707
2026-04-04T21:00:00Z,12.43,12.61,12.40,12.58,129165
2026-04-04T22:00:00Z,12.58,12.58,12.54,12.56,99999
2026-04-04T23:00:00Z,12.56,12.66,12.56,12.64,115624
2026-04-05T00:00:00Z,12.64,12.67,12.58,12.66,52083
2026-04-05T01:00:00Z,12.66,12.69,12.64,12.64,139582
2026-04-05T02:00:00Z,12.64,12.67,12.53,12.58,60416
2026-04-05T03:00:00Z,12.58,12.58,12.50,12.51,85416
2026-04-05T04:00:00Z,12.51,12.57,12.49,12.52,112499
2026-04-05T05:00:00Z,12.52,12.54,12.48,12.52,98957
2026-04-05T06:00:00Z,12.52,12.55,12.45,12.48,69791
2026-04-05T07:00:00Z,12.48,12.53,12.48,12.50,102082
2026-04-05T08:00:00Z,12.50,12.56,12.36,12.40,102082
2026-04-05T09:00:00Z,12.40,12.46,12.29,12.33,98957
2026-04-05T10:00:00Z,12.33,12.43,12.32,12.41,91666
2026-04-05T11:00:00Z,12.41,12.46,12.37,12.41,137499
2026-04-05T12:00:00Z,12.41,12.45,12.37,12.41,137499
2026-04-05T13:00:00Z,12.41,12.44,12.33,12.35,139582
2026-04-05T14:00:00Z,12.35,12.47,12.33,12.45,88541
2026-04-05T15:00:00Z,12.45,12.46,12.36,12.38,139582
2026-04-05T16:00:00Z,12.38,12.40,12.35,12.38,132290
2026-04-05T17:00:00Z,12.38,12.43,12.37,12.40,148957
2026-04-05T18:00:00Z,12.40,12.46,12.35,12.38,127082
2026-04-05T19:00:00Z,12.38,12.41,12.32,12.33,148957
2026-04-05T20:00:00Z,12.33,12.43,12.31,12.40,138540
2026-04-05T21:00:00Z,12.40,12.48,12.37,12.44,155207
2026-04-05T22:00:00Z,12.44,12.53,12.44,12.49,62499
2026-04-05T23:00:00Z,12.49,12.59,12.48,12.57,81249
2026-04-06T00:00:00Z,12.57,12.59,12.48,12.51,134374
2026-04-06T01:00:00Z,12.51,12.61,12.47,12.57,117707
2026-04-06T02:00:00Z,12.57,12.75,12.57,12.69,83332
2026-04-06T03:00:00Z,12.69,12.70,12.69,12.69,82291
2026-04-06T04:00:00Z,12.69,12.76,12.62,12.62,114582
2026-04-06T05:00:00Z,12.62,12.68,12.52,12.53,109374
2026-04-06T06:00:00Z,12.53,12.59,12.43,12.48,72916
2026-04-06T07:00:00Z,12.48,12.52,12.47,12.52,137499
2026-04-06T08:00:00Z,12.52,12.55,12.48,12.53,137499
2026-04-06T09:00:00Z,12.53,12.62,12.51,12.58,137499
2026-04-06T10:00:00Z,12.58,12.63,12.52,12.60,61457
2026-04-06T11:00:00Z,12.60,12.67,12.60,12.64,97916
2026-04-06T12:00:00Z,12.64,12.68,12.57,12.62,110415
2026-04-06T13:00:00Z,12.62,12.70,12.62,12.67,141665
2026-04-06T14:00:00Z,12.67,12.67,12.62,12.66,102082
2026-04-06T15:00:00Z,12.66,12.76,12.63,12.74,85416
2026-04-06T16:00:00Z,12.74,12.76,12.70,12.74,123957
2026-04-06T17:00:00Z,12.74,12.82,12.70,12.77,74999
2026-04-06T18:00:00Z,12.77,12.78,12.66,12.67,55207
2026-04-06T19:00:00Z,12.67,12.73,12.55,12.61,136457
2026-04-06T20:00:00Z,12.61,12.68,12.58,12.68,77082
2026-04-06T21:00:00Z,12.68,12.72,12.62,12.69,132290
2026-04-06T22:00:00Z,12.69,12.76,12.67,12.76,87499
2026-04-06T23:00:00Z,12.76,12.80,12.71,12.77,116665
2026-04-07T00:00:00Z,12.77,12.78,12.66,12.69,95832
2026-04-07T01:00:00Z,12.69,12.72,12.67,12.70,69791
2026-04-07T02:00:00Z,12.70,12.76,12.65,12.75,93749
2026-04-07T03:00:00Z,12.75,12.82,12.75,12.75,149999
2026-04-07T04:00:00Z,12.75,12.84,12.70,12.84,129165
2026-04-07T05:00:00Z,12.84,12.94,12.82,12.88,117707
2026-04-07T06:00:00Z,12.88,12.91,12.77,12.83,115624
2026-04-07T07:00:00Z,12.83,12.89,12.80,12.88,119790
2026-04-07T08:00:00Z,12.88,12.93,12.76,12.77,70832
2026-04-07T09:00:00Z,12.77,12.83,12.77,12.80,97916
2026-04-07T10:00:00Z,12.80,12.82,12.67,12.71,71874
2026-04-07T11:00:00Z,12.71,12.86,12.69,12.84,73957
2026-04-07T12:00:00Z,12.84,12.91,12.78,12.85,85416
2026-04-07T13:00:00Z,12.85,12.85,12.82,12.84,112499
2026-04-07T14:00:00Z,12.84,12.88,12.82,12.85,147915
2026-04-07T15:00:00Z,12.85,12.91,12.78,12.83,76041
2026-04-07T16:00:00Z,12.83,12.90,12.78,12.90,77082
2026-04-07T17:00:00Z,12.90,12.93,12.86,12.93,56249
2026-04-07T18:00:00Z,12.93,13.05,12.93,12.98,88541
2026-04-07T19:00:00Z,12.98,13.01,12.84,12.90,64582
2026-04-07T20:00:00Z,12.90,12.91,12.79,12.81,121874
2026-04-07T21:00:00Z,12.81,12.95,12.80,12.95,55207
2026-04-07T22:00:00Z,12.95,13.00,12.84,12.88,54166
2026-04-07T23:00:00Z,12.88,13.04,12.87,12.98,56249
2026-04-08T00:00:00Z,12.98,13.09,12.95,13.09,126040
2026-04-08T01:00:00Z,13.09,13.12,13.02,13.11,126040
2026-04-08T02:00:00Z,13.11,13.16,13.04,13.07,129165
2026-04-08T03:00:00Z,13.07,13.12,13.04,13.08,132290
2026-04-08T04:00:00Z,13.08,13.11,13.00,13.03,144790
2026-04-08T05:00:00Z,13.03,13.06,13.01,13.05,81249
2026-04-08T06:00:00Z,13.05,13.11,13.02,13.06,105207
2026-04-08T07:00:00Z,13.06,13.15,13.00,13.11,79166
2026-04-08T08:00:00Z,13.11,13.18,13.04,13.15,71874
2026-04-08T09:00:00Z,13.15,13.25,13.08,13.24,148957
2026-04-08T10:00:00Z,13.24,13.24,13.14,13.17,155207
2026-04-08T11:00:00Z,13.17,13.22,13.07,13.08,106249
2026-04-08T12:00:00Z,13.08,13.11,12.99,13.00,149999
2026-04-08T13:00:00Z,13.00,13.00,12.90,12.90,58332
2026-04-08T14:00:00Z,12.90,12.91,12.82,12.88,70832
2026-04-08T15:00:00Z,12.88,12.94,12.73,12.75,142707
2026-04-08T16:00:00Z,12.75,12.88,12.69,12.85,134374
2026-04-08T17:00:00Z,12.85,13.01,12.82,12.95,72916
2026-04-08T18:00:00Z,12.95,13.04,12.88,12.98,131249
2026-04-08T19:00:00Z,12.98,13.01,12.95,13.00,121874
2026-04-08T20:00:00Z,13.00,13.04,12.87,12.94,111457
2026-04-08T21:00:00Z,12.94,12.95,12.87,12.94,123957
2026-04-08T22:00:00Z,12.94,13.11,12.94,13.05,129165
2026-04-08T23:00:00Z,13.05,13.10,13.04,13.05,74999
2026-04-09T00:00:00Z,13.05,13.15,13.03,13.09,62499
2026-04-09T01:00:00Z,13.09,13.16,13.06,13.10,95832
2026-04-09T02:00:00Z,13.10,13.11,13.08,13.09,132290
2026-04-09T03:00:00Z,13.09,13.14,13.06,13.06,130207
2026-04-09T04:00:00Z,13.06,13.09,13.06,13.08,54166
2026-04-09T05:00:00Z,13.08,13.13,12.95,13.01,103124
2026-04-09T06:00:00Z,13.01,13.02,12.94,12.94,133332
2026-04-09T07:00:00Z,12.94,13.02,12.88,13.00,148957
2026-04-09T08:00:00Z,13.00,13.05,12.93,12.99,114582
2026-04-09T09:00:00Z,12.99,13.07,12.95,13.03,140624
2026-04-09T10:00:00Z,13.03,13.19,12.99,13.14,142707
2026-04-09T11:00:00Z,13.14,13.26,13.13,13.22,58332
2026-04-09T12:00:00Z,13.22,13.31,13.17,13.27,122915
2026-04-09T13:00:00Z,13.27,13.27,13.16,13.21,156249
2026-04-09T14:00:00Z,13.21,13.27,13.14,13.17,74999
2026-04-09T15:00:00Z,13.17,13.24,13.11,13.12,156249
2026-04-09T16:00:00Z,13.12,13.16,12.99,13.04,67707
2026-04-09T17:00:00Z,13.04,13.12,13.00,13.07,104166
2026-04-09T18:00:00Z,13.07,13.14,13.01,13.08,145832
2026-04-09T19:00:00Z,13.08,13.13,13.06,13.09,55207
2026-04-09T20:00:00Z,13.09,13.20,13.03,13.17,106249
2026-04-09T21:00:00Z,13.17,13.30,13.12,13.24,144790
2026-04-09T22:00:00Z,13.24,13.26,13.23,13.24,108332
2026-04-09T23:00:00Z,13.24,13.28,13.18,13.18,82291
2026-04-10T00:00:00Z,13.18,13.23,13.13,13.16,138540
2026-04-10T01:00:00Z,13.16,13.16,13.09,13.12,94791
2026-04-10T02:00:00Z,13.12,13.14,13.10,13.14,98957
2026-04-10T03:00:00Z,13.14,13.19,12.98,13.04,109374
2026-04-10T04:00:00Z,13.04,13.07,12.97,13.02,146874
2026-04-10T05:00:00Z,13.02,13.11,13.00,13.10,84374
2026-04-10T06:00:00Z,13.10,13.15,13.08,13.12,143749
2026-04-10T07:00:00Z,13.12,13.15,12.99,13.05,62499
2026-04-10T08:00:00Z,13.05,13.17,13.00,13.13,137499
2026-04-10T09:00:00Z,13.13,13.19,13.10,13.18,95832
2026-04-10T10:00:00Z,13.18,13.28,13.15,13.27,52083
2026-04-10T11:00:00Z,13.27,13.30,13.25,13.27,128124
2026-04-10T12:00:00Z,13.27,13.32,13.21,13.26,148957
2026-04-10T13:00:00Z,13.26,13.28,13.21,13.27,115624
2026-04-10T14:00:00Z,13.27,13.35,13.24,13.34,90624
2026-04-10T15:00:00Z,13.34,13.37,13.22,13.26,109374
2026-04-10T16:00:00Z,13.26,13.31,13.23,13.29,140624
2026-04-10T17:00:00Z,13.29,13.31,13.23,13.24,133332
2026-04-10T18:00:00Z,13.24,13.26,13.14,13.19,111457
2026-04-10T19:00:00Z,13.19,13.23,13.12,13.12,85416
2026-04-10T20:00:00Z,13.12,13.18,13.03,13.07,57291
2026-04-10T21:00:00Z,13.07,13.21,13.02,13.15,134374
2026-04-10T22:00:00Z,13.15,13.16,13.11,13.12,135415
2026-04-10T23:00:00Z,13.12,13.12,13.01,13.07,105207
2026-04-11T00:00:00Z,13.07,13.09,12.98,13.03,103124
2026-04-11T01:00:00Z,13.03,13.11,12.98,13.09,108332
2026-04-11T02:00:00Z,13.09,13.24,13.05,13.21,124999
2026-04-11T03:00:00Z,13.21,13.34,13.17,13.28,154165
2026-04-11T04:00:00Z,13.28,13.28,13.22,13.26,96874
2026-04-11T05:00:00Z,13.26,13.33,13.20,13.23,69791
2026-04-11T06:00:00Z,13.23,13.35,13.22,13.28,116665
2026-04-11T07:00:00Z,13.28,13.41,13.26,13.37,136457
2026-04-11T08:00:00Z,13.37,13.44,13.30,13.36,151040
2026-04-11T09:00:00Z,13.36,13.38,13.23,13.30,64582
2026-04-11T10:00:00Z,13.30,13.45,13.24,13.39,96874
2026-04-11T11:00:00Z,13.39,13.45,13.35,13.42,83332
2026-04-11T12:00:00Z,13.42,13.49,13.24,13.27,56249
2026-04-11T13:00:00Z,13.27,13.35,13.26,13.33,87499
2026-04-11T14:00:00Z,13.33,13.39,13.28,13.33,97916
2026-04-11T15:00:00Z,13.33,13.48,13.32,13.43,134374
2026-04-11T16:00:00Z,13.43,13.48,13.30,13.32,129165
2026-04-11T17:00:00Z,13.32,13.42,13.29,13.36,130207
2026-04-11T18:00:00Z,13.36,13.38,13.22,13.27,95832
2026-04-11T19:00:00Z,13.27,13.38,13.21,13.33,71874
2026-04-11T20:00:00Z,13.33,13.35,13.30,13.35,137499
2026-04-11T21:00:00Z,13.35,13.46,13.33,13.40,127082
2026-04-11T22:00:00Z,13.40,13.43,13.35,13.35,56249
2026-04-11T23:00:00Z,13.35,13.38,13.28,13.30,145832
2026-04-12T00:00:00Z,13.30,13.35,13.30,13.34,112499
2026-04-12T01:00:00Z,13.34,13.40,13.25,13.31,130207
2026-04-12T02:00:00Z,13.31,13.33,13.22,13.28,56249
2026-04-12T03:00:00Z,13.28,13.33,13.22,13.30,81249
2026-04-12T04:00:00Z,13.30,13.33,13.21,13.22,122915
2026-04-12T05:00:00Z,13.22,13.24,13.20,13.21,117707
2026-04-12T06:00:00Z,13.21,13.27,13.11,13.18,156249
2026-04-12T07:00:00Z,13.18,13.31,13.12,13.31,115624
2026-04-12T08:00:00Z,13.31,13.38,13.29,13.30,68749
2026-04-12T09:00:00Z,13.30,13.31,13.22,13.23,130207
2026-04-12T10:00:00Z,13.23,13.27,13.14,13.17,128124
2026-04-12T11:00:00Z,13.17,13.23,13.15,13.17,81249
2026-04-12T12:00:00Z,13.17,13.18,13.15,13.16,92707
2026-04-12T13:00:00Z,13.16,13.22,13.06,13.09,149999
2026-04-12T14:00:00Z,13.09,13.11,13.08,13.11,115624
2026-04-12T15:00:00Z,13.11,13.19,13.07,13.13,88541
2026-04-12T16:00:00Z,13.13,13.20,13.12,13.15,119790
2026-04-12T17:00:00Z,13.15,13.18,13.09,13.15,118749
2026-04-12T18:00:00Z,13.15,13.30,13.12,13.26,115624
2026-04-12T19:00:00Z,13.26,13.41,13.23,13.37,87499
2026-04-12T20:00:00Z,13.37,13.41,13.35,13.39,126040
2026-04-12T21:00:00Z,13.39,13.47,13.39,13.42,55207
2026-04-12T22:00:00Z,13.42,13.52,13.38,13.52,86457
2026-04-12T23:00:00Z,13.52,13.59,13.45,13.57,74999
2026-04-13T00:00:00Z,13.57,13.63,13.52,13.52,88541
2026-04-13T01:00:00Z,13.52,13.56,13.42,13.44,64582
2026-04-13T02:00:00Z,13.44,13.51,13.39,13.48,133332
2026-04-13T03:00:00Z,13.48,13.48,13.42,13.45,114582
2026-04-13T04:00:00Z,13.45,13.54,13.44,13.54,138540
2026-04-13T05:00:00Z,13.54,13.65,13.51,13.62,64582
2026-04-13T06:00:00Z,13.62,13.67,13.50,13.57,145832
2026-04-13T07:00:00Z,13.57,13.67,13.51,13.67,123957
2026-04-13T08:00:00Z,13.67,13.67,13.57,13.62,137499
2026-04-13T09:00:00Z,13.62,13.65,13.55,13.55,67707
2026-04-13T10:00:00Z,13.55,13.60,13.51,13.57,89582
2026-04-13T11:00:00Z,13.57,13.71,13.53,13.64,82291
2026-04-13T12:00:00Z,13.64,13.70,13.61,13.64,95832
2026-04-13T13:00:00Z,13.64,13.69,13.57,13.60,137499
2026-04-13T14:00:00Z,13.60,13.70,13.59,13.70,61457
2026-04-13T15:00:00Z,13.70,13.70,13.66,13.70,130207
2026-04-13T16:00:00Z,13.70,13.76,13.58,13.61,139582
2026-04-13T17:00:00Z,13.61,13.67,13.53,13.60,53124
2026-04-13T18:00:00Z,13.60,13.70,13.59,13.64,121874
2026-04-13T19:00:00Z,13.64,13.73,13.64,13.67,91666
2026-04-13T20:00:00Z,13.67,13.67,13.49,13.55,97916
2026-04-13T21:00:00Z,13.55,13.55,13.53,13.55,115624
2026-04-13T22:00:00Z,13.55,13.59,13.51,13.59,56249
2026-04-13T23:00:00Z,13.59,13.62,13.55,13.56,142707
2026-04-14T00:00:00Z,13.56,13.58,13.50,13.58,140624
2026-04-14T01:00:00Z,13.58,13.64,13.55,13.55,96874
2026-04-14T02:00:00Z,13.55,13.57,13.45,13.49,64582
2026-04-14T03:00:00Z,13.49,13.51,13.34,13.39,115624
2026-04-14T04:00:00Z,13.39,13.44,13.27,13.32,76041
2026-04-14T05:00:00Z,13.32,13.34,13.25,13.26,144790
2026-04-14T06:00:00Z,13.26,13.33,13.24,13.24,114582
2026-04-14T07:00:00Z,13.24,13.25,13.10,13.14,79166
2026-04-14T08:00:00Z,13.14,13.17,13.03,13.04,88541
2026-04-14T09:00:00Z,13.04,13.06,12.94,12.96,117707
2026-04-14T10:00:00Z,12.96,13.09,12.94,13.03,140624
2026-04-14T11:00:00Z,13.03,13.10,12.99,13.05,132290
2026-04-14T12:00:00Z,13.05,13.12,13.05,13.09,152082
2026-04-14T13:00:00Z,13.09,13.14,13.07,13.12,91666
2026-04-14T14:00:00Z,13.12,13.15,13.11,13.11,59374
2026-04-14T15:00:00Z,13.11,13.16,13.02,13.09,78124
2026-04-14T16:00:00Z,13.09,13.21,13.09,13.16,126040
2026-04-14T17:00:00Z,13.16,13.21,13.15,13.19,105207
2026-04-14T18:00:00Z,13.19,13.19,13.02,13.06,123957
2026-04-14T19:00:00Z,13.06,13.09,12.96,12.98,104166
2026-04-14T20:00:00Z,12.98,13.01,12.95,13.00,136457
2026-04-14T21:00:00Z,13.00,13.05,12.90,12.92,137499
2026-04-14T22:00:00Z,12.92,13.01,12.89,13.01,134374
2026-04-14T23:00:00Z,13.01,13.02,12.90,12.91,92707
2026-04-15T00:00:00Z,12.91,12.91,12.84,12.85,70832
2026-04-15T01:00:00Z,12.85,12.95,12.85,12.89,135415
2026-04-15T02:00:00Z,12.89,12.93,12.79,12.82,55207
2026-04-15T03:00:00Z,12.82,12.83,12.82,12.83,79166
2026-04-15T04:00:00Z,12.83,12.86,12.76,12.78,66666
2026-04-15T05:00:00Z,12.78,12.81,12.78,12.81,149999
2026-04-15T06:00:00Z,12.81,12.90,12.77,12.86,68749
2026-04-15T07:00:00Z,12.86,12.92,12.80,12.84,154165
2026-04-15T08:00:00Z,12.84,12.89,12.75,12.79,103124
2026-04-15T09:00:00Z,12.79,12.84,12.77,12.78,53124
2026-04-15T10:00:00Z,12.78,12.83,12.69,12.75,112499
2026-04-15T11:00:00Z,12.75,12.83,12.71,12.79,130207
2026-04-15T12:00:00Z,12.79,12.85,12.79,12.80,127082
2026-04-15T13:00:00Z,12.80,12.80,12.68,12.74,124999
2026-04-15T14:00:00Z,12.74,12.77,12.67,12.76,70832
2026-04-15T15:00:00Z,12.76,12.89,12.75,12.89,98957
2026-04-15T16:00:00Z,12.89,12.94,12.74,12.81,117707
2026-04-15T17:00:00Z,12.81,12.82,12.70,12.76,101041
2026-04-15T18:00:00Z,12.76,12.85,12.72,12.84,143749
2026-04-15T19:00:00Z,12.84,12.89,12.71,12.76,152082
2026-04-15T20:00:00Z,12.76,12.81,12.71,12.73,56249
2026-04-15T21:00:00Z,12.73,12.86,12.71,12.79,62499
2026-04-15T22:00:00Z,12.79,12.79,12.74,12.78,112499
2026-04-15T23:00:00Z,12.78,12.81,12.65,12.70,86457
2026-04-16T00:00:00Z,12.70,12.74,12.68,12.74,140624
2026-04-16T01:00:00Z,12.74,12.92,12.67,12.85,67707
2026-04-16T02:00:00Z,12.85,12.97,12.78,12.92,153124
2026-04-16T03:00:00Z,12.92,13.00,12.89,12.98,74999
2026-04-16T04:00:00Z,12.98,13.08,12.96,13.07,64582
2026-04-16T05:00:00Z,13.07,13.08,13.04,13.06,113540
2026-04-16T06:00:00Z,13.06,13.06,12.94,12.95,59374
2026-04-16T07:00:00Z,12.95,13.01,12.92,12.97,112499
2026-04-16T08:00:00Z,12.97,12.98,12.91,12.98,61457
2026-04-16T09:00:00Z,12.98,13.04,12.92,13.04,96874
2026-04-16T10:00:00Z,13.04,13.08,12.90,12.97,81249
2026-04-16T11:00:00Z,12.97,13.01,12.93,12.94,115624
2026-04-16T12:00:00Z,12.94,12.99,12.84,12.90,107290
2026-04-16T13:00:00Z,12.90,12.91,12.89,12.91,147915
2026-04-16T14:00:00Z,12.91,12.93,12.78,12.83,84374
2026-04-16T15:00:00Z,12.83,12.85,12.79,12.84,61457
2026-04-16T16:00:00Z,12.84,12.86,12.78,12.82,131249
2026-04-16T17:00:00Z,12.82,12.90,12.81,12.86,124999
2026-04-16T18:00:00Z,12.86,12.96,12.81,12.94,148957
2026-04-16T19:00:00Z,12.94,13.03,12.89,12.97,71874
2026-04-16T20:00:00Z,12.97,12.98,12.92,12.97,68749
2026-04-16T21:00:00Z,12.97,12.98,12.85,12.88,85416
2026-04-16T22:00:00Z,12.88,12.90,12.77,12.80,93749
2026-04-16T23:00:00Z,12.80,12.86,12.77,12.84,146874
2026-04-17T00:00:00Z,12.84,12.86,12.75,12.80,64582
2026-04-17T01:00:00Z,12.80,12.88,12.75,12.87,110415
2026-04-17T02:00:00Z,12.87,12.88,12.79,12.84,94791
2026-04-17T03:00:00Z,12.84,12.92,12.83,12.87,90624
2026-04-17T04:00:00Z,12.87,12.95,12.82,12.89,120832
2026-04-17T05:00:00Z,12.89,12.91,12.82,12.84,106249
2026-04-17T06:00:00Z,12.84,12.85,12.79,12.85,81249
2026-04-17T07:00:00Z,12.85,12.87,12.84,12.85,135415
2026-04-17T08:00:00Z,12.85,12.89,12.74,12.78,70832
2026-04-17T09:00:00Z,12.78,12.84,12.75,12.78,95832
2026-04-17T10:00:00Z,12.78,12.81,12.74,12.81,64582
2026-04-17T11:00:00Z,12.81,12.87,12.78,12.84,148957
2026-04-17T12:00:00Z,12.84,12.91,12.78,12.88,146874
2026-04-17T13:00:00Z,12.88,12.88,12.80,12.82,113540
2026-04-17T14:00:00Z,12.82,12.89,12.78,12.83,126040
2026-04-17T15:00:00Z,12.83,12.91,12.80,12.90,97916
2026-04-17T16:00:00Z,12.90,12.95,12.84,12.93,58332
2026-04-17T17:00:00Z,12.93,12.98,12.87,12.87,81249
2026-04-17T18:00:00Z,12.87,12.91,12.85,12.87,128124
2026-04-17T19:00:00Z,12.87,12.92,12.78,12.79,78124
2026-04-17T20:00:00Z,12.79,12.85,12.72,12.73,79166
2026-04-17T21:00:00Z,12.73,12.74,12.70,12.71,131249
2026-04-17T22:00:00Z,12.71,12.77,12.65,12.71,149999
2026-04-17T23:00:00Z,12.71,12.81,12.66,12.79,149999
2026-04-18T00:00:00Z,12.79,12.87,12.78,12.80,142707
2026-04-18T01:00:00Z,12.80,12.82,12.71,12.77,77082
2026-04-18T02:00:00Z,12.77,12.80,12.77,12.80,121874
2026-04-18T03:00:00Z,12.80,12.83,12.71,12.75,93749
2026-04-18T04:00:00Z,12.75,12.81,12.70,12.74,78124
2026-04-18T05:00:00Z,12.74,12.79,12.57,12.63,156249
2026-04-18T06:00:00Z,12.63,12.68,12.60,12.64,89582
2026-04-18T07:00:00Z,12.64,12.66,12.51,12.57,85416
2026-04-18T08:00:00Z,12.57,12.70,12.52,12.64,86457
2026-04-18T09:00:00Z,12.64,12.80,12.62,12.73,149999
2026-04-18T10:00:00Z,12.73,12.74,12.65,12.67,144790
2026-04-18T11:00:00Z,12.67,12.72,12.67,12.69,76041
2026-04-18T12:00:00Z,12.69,12.75,12.61,12.63,124999
2026-04-18T13:00:00Z,12.63,12.64,12.56,12.57,81249
2026-04-18T14:00:00Z,12.57,12.57,12.52,12.55,110415
2026-04-18T15:00:00Z,12.55,12.58,12.43,12.45,96874
2026-04-18T16:00:00Z,12.45,12.48,12.35,12.38,147915
2026-04-18T17:00:00Z,12.38,12.42,12.34,12.34,124999
2026-04-18T18:00:00Z,12.34,12.44,12.28,12.38,60416
2026-04-18T19:00:00Z,12.38,12.43,12.24,12.29,122915
2026-04-18T20:00:00Z,12.29,12.42,12.29,12.36,127082
2026-04-18T21:00:00Z,12.36,12.36,12.32,12.35,152082
2026-04-18T22:00:00Z,12.35,12.49,12.30,12.46,147915
2026-04-18T23:00:00Z,12.46,12.47,12.38,12.43,68749
2026-04-19T00:00:00Z,12.43,12.48,12.36,12.36,84374
2026-04-19T01:00:00Z,12.36,12.40,12.26,12.27,60416
2026-04-19T02:00:00Z,12.27,12.31,12.25,12.28,94791
2026-04-19T03:00:00Z,12.28,12.33,12.24,12.28,60416
2026-04-19T04:00:00Z,12.28,12.36,12.24,12.34,123957
2026-04-19T05:00:00Z,12.34,12.36,12.24,12.28,127082
2026-04-19T06:00:00Z,12.28,12.31,12.25,12.31,99999
2026-04-19T07:00:00Z,12.31,12.37,12.30,12.35,57291
2026-04-19T08:00:00Z,12.35,12.40,12.29,12.31,145832
2026-04-19T09:00:00Z,12.31,12.39,12.29,12.33,93749
2026-04-19T10:00:00Z,12.33,12.37,12.18,12.20,139582
2026-04-19T11:00:00Z,12.20,12.28,12.20,12.23,121874
2026-04-19T12:00:00Z,12.23,12.23,12.15,12.20,120832
2026-04-19T13:00:00Z,12.20,12.29,12.18,12.24,86457
2026-04-19T14:00:00Z,12.24,12.25,12.13,12.18,84374
2026-04-19T15:00:00Z,12.18,12.20,12.09,12.09,97916
2026-04-19T16:00:00Z,12.09,12.09,11.97,12.00,109374
2026-04-19T17:00:00Z,12.00,12.04,11.99,12.04,85416
2026-04-19T18:00:00Z,12.04,12.05,12.01,12.01,123957
2026-04-19T19:00:00Z,12.01,12.05,11.96,12.01,94791
2026-04-19T20:00:00Z,12.01,12.05,11.97,11.97,58332
2026-04-19T21:00:00Z,11.97,11.99,11.96,11.98,53124
2026-04-19T22:00:00Z,11.98,12.00,11.98,11.98,114582
2026-04-19T23:00:00Z,11.98,12.06,11.92,12.03,154165
2026-04-20T00:00:00Z,12.03,12.10,12.02,12.08,58332
2026-04-20T01:00:00Z,12.08,12.15,12.02,12.09,91666
2026-04-20T02:00:00Z,12.09,12.12,12.03,12.04,131249
2026-04-20T03:00:00Z,12.04,12.22,12.03,12.16,138540
2026-04-20T04:00:00Z,12.16,12.21,12.05,12.11,83332
2026-04-20T05:00:00Z,12.11,12.12,12.03,12.06,127082
2026-04-20T06:00:00Z,12.06,12.14,12.00,12.09,112499
2026-04-20T07:00:00Z,12.09,12.09,12.06,12.06,117707
2026-04-20T08:00:00Z,12.06,12.08,11.98,12.02,84374
2026-04-20T09:00:00Z,12.02,12.11,11.97,12.08,59374
2026-04-20T10:00:00Z,12.08,12.20,12.05,12.20,103124
2026-04-20T11:00:00Z,12.20,12.35,12.18,12.31,139582
2026-04-20T12:00:00Z,12.31,12.40,12.25,12.40,141665
2026-04-20T13:00:00Z,12.40,12.46,12.35,12.36,156249
2026-04-20T14:00:00Z,12.36,12.38,12.28,12.33,58332
2026-04-20T15:00:00Z,12.33,12.35,12.31,12.35,133332
2026-04-20T16:00:00Z,12.35,12.40,12.29,12.29,58332
2026-04-20T17:00:00Z,12.29,12.30,12.25,12.30,53124
2026-04-20T18:00:00Z,12.30,12.31,12.24,12.27,132290
2026-04-20T19:00:00Z,12.27,12.27,12.23,12.25,88541
2026-04-20T20:00:00Z,12.25,12.27,12.19,12.19,130207
2026-04-20T21:00:00Z,12.19,12.24,12.07,12.13,123957
2026-04-20T22:00:00Z,12.13,12.14,12.05,12.11,143749
2026-04-20T23:00:00Z,12.11,12.15,12.09,12.15,131249
2026-04-21T00:00:00Z,12.15,12.15,12.12,12.15,99999
2026-04-21T01:00:00Z,12.15,12.33,12.13,12.28,123957
2026-04-21T02:00:00Z,12.28,12.34,12.28,12.28,81249
2026-04-21T03:00:00Z,12.28,12.35,12.25,12.34,83332
2026-04-21T04:00:00Z,12.34,12.38,12.29,12.34,55207
2026-04-21T05:00:00Z,12.34,12.38,12.30,12.34,81249
2026-04-21T06:00:00Z,12.34,12.41,12.32,12.36,63541
2026-04-21T07:00:00Z,12.36,12.51,12.33,12.46,113540
2026-04-21T08:00:00Z,12.46,12.53,12.45,12.48,155207
2026-04-21T09:00:00Z,12.48,12.51,12.34,12.40,136457
2026-04-21T10:00:00Z,12.40,12.45,12.31,12.36,87499
2026-04-21T11:00:00Z,12.36,12.45,12.32,12.40,127082
2026-04-21T12:00:00Z,12.40,12.43,12.37,12.37,123957
2026-04-21T13:00:00Z,12.37,12.44,12.36,12.43,132290
2026-04-21T14:00:00Z,12.43,12.46,12.42,12.46,114582
2026-04-21T15:00:00Z,12.46,12.49,12.34,12.35,141665
2026-04-21T16:00:00Z,12.35,12.37,12.29,12.36,86457
2026-04-21T17:00:00Z,12.36,12.36,12.29,12.30,55207
2026-04-21T18:00:00Z,12.30,12.34,12.25,12.29,101041
2026-04-21T19:00:00Z,12.29,12.30,12.24,12.30,62499
2026-04-21T20:00:00Z,12.30,12.40,12.30,12.40,59374
2026-04-21T21:00:00Z,12.40,12.48,12.34,12.48,94791
2026-04-21T22:00:00Z,12.48,12.57,12.48,12.51,54166
2026-04-21T23:00:00Z,12.51,12.52,12.37,12.43,117707
2026-04-22T00:00:00Z,12.43,12.43,12.39,12.43,104166
2026-04-22T01:00:00Z,12.43,12.51,12.39,12.47,90624
2026-04-22T02:00:00Z,12.47,12.57,12.44,12.50,80207
2026-04-22T03:00:00Z,12.50,12.54,12.45,12.49,56249
2026-04-22T04:00:00Z,12.49,12.55,12.48,12.49,110415
2026-04-22T05:00:00Z,12.49,12.49,12.42,12.44,139582
2026-04-22T06:00:00Z,12.44,12.47,12.44,12.46,124999
2026-04-22T07:00:00Z,12.46,12.48,12.42,12.47,117707
2026-04-22T08:00:00Z,12.47,12.52,12.47,12.50,55207
2026-04-22T09:00:00Z,12.50,12.57,12.49,12.57,77082
2026-04-22T10:00:00Z,12.57,12.61,12.53,12.53,93749
2026-04-22T11:00:00Z,12.53,12.65,12.50,12.61,149999
2026-04-22T12:00:00Z,12.61,12.78,12.59,12.75,67707
2026-04-22T13:00:00Z,12.75,12.79,12.68,12.75,73957
2026-04-22T14:00:00Z,12.75,12.81,12.72,12.76,72916
2026-04-22T15:00:00Z,12.76,12.80,12.70,12.71,84374
2026-04-22T16:00:00Z,12.71,12.72,12.67,12.72,95832
2026-04-22T17:00:00Z,12.72,12.74,12.64,12.70,133332
2026-04-22T18:00:00Z,12.70,12.72,12.65,12.68,90624
2026-04-22T19:00:00Z,12.68,12.81,12.62,12.77,133332
2026-04-22T20:00:00Z,12.77,12.79,12.76,12.77,79166
2026-04-22T21:00:00Z,12.77,12.81,12.70,12.76,87499
2026-04-22T22:00:00Z,12.76,12.90,12.71,12.84,144790
2026-04-22T23:00:00Z,12.84,12.94,12.79,12.92,55207
2026-04-23T00:00:00Z,12.92,12.96,12.80,12.86,126040
2026-04-23T01:00:00Z,12.86,12.91,12.84,12.89,88541
2026-04-23T02:00:00Z,12.89,12.95,12.79,12.84,68749
2026-04-23T03:00:00Z,12.84,12.88,12.75,12.80,120832
2026-04-23T04:00:00Z,12.80,12.82,12.68,12.68,152082
2026-04-23T05:00:00Z,12.68,12.69,12.59,12.64,95832
2026-04-23T06:00:00Z,12.64,12.67,12.53,12.57,120832
2026-04-23T07:00:00Z,12.57,12.57,12.49,12.55,138540
2026-04-23T08:00:00Z,12.55,12.56,12.50,12.53,66666
2026-04-23T09:00:00Z,12.53,12.63,12.47,12.58,118749
2026-04-23T10:00:00Z,12.58,12.64,12.53,12.58,82291
2026-04-23T11:00:00Z,12.58,12.58,12.53,12.54,94791
2026-04-23T12:00:00Z,12.54,12.54,12.47,12.53,82291
2026-04-23T13:00:00Z,12.53,12.56,12.47,12.51,126040
2026-04-23T14:00:00Z,12.51,12.53,12.48,12.52,147915
2026-04-23T15:00:00Z,12.52,12.64,12.47,12.64,82291
2026-04-23T16:00:00Z,12.64,12.67,12.62,12.62,136457
2026-04-23T17:00:00Z,12.62,12.64,12.48,12.54,66666
2026-04-23T18:00:00Z,12.54,12.57,12.49,12.56,76041
2026-04-23T19:00:00Z,12.56,12.58,12.54,12.54,73957
2026-04-23T20:00:00Z,12.54,12.56,12.50,12.52,117707
2026-04-23T21:00:00Z,12.52,12.60,12.49,12.57,82291
2026-04-23T22:00:00Z,12.57,12.68,12.53,12.63,117707
2026-04-23T23:00:00Z,12.63,12.72,12.59,12.71,103124
2026-04-24T00:00:00Z,12.71,12.77,12.60,12.65,149999
2026-04-24T01:00:00Z,12.65,12.70,12.63,12.66,153124
2026-04-24T02:00:00Z,12.66,12.71,12.65,12.67,117707
2026-04-24T03:00:00Z,12.67,12.83,12.66,12.78,78124
2026-04-24T04:00:00Z,12.78,12.84,12.76,12.81,142707
2026-04-24T05:00:00Z,12.81,12.84,12.73,12.75,66666
2026-04-24T06:00:00Z,12.75,12.76,12.72,12.72,88541
2026-04-24T07:00:00Z,12.72,12.73,12.70,12.73,149999
2026-04-24T08:00:00Z,12.73,12.75,12.67,12.70,60416
2026-04-24T09:00:00Z,12.70,12.75,12.66,12.74,53124
2026-04-24T10:00:00Z,12.74,12.77,12.68,12.77,68749
2026-04-24T11:00:00Z,12.77,12.90,12.76,12.86,70832
2026-04-24T12:00:00Z,12.86,12.86,12.79,12.80,135415
2026-04-24T13:00:00Z,12.80,12.84,12.72,12.74,141665
2026-04-24T14:00:00Z,12.74,12.82,12.72,12.79,81249
2026-04-24T15:00:00Z,12.79,12.80,12.64,12.70,108332
2026-04-24T16:00:00Z,12.70,12.72,12.70,12.70,53124
2026-04-24T17:00:00Z,12.70,12.75,12.61,12.67,126040
2026-04-24T18:00:00Z,12.67,12.75,12.61,12.73,149999
2026-04-24T19:00:00Z,12.73,12.78,12.62,12.65,104166
2026-04-24T20:00:00Z,12.65,12.65,12.61,12.62,90624
2026-04-24T21:00:00Z,12.62,12.63,12.53,12.58,138540
2026-04-24T22:00:00Z,12.58,12.66,12.57,12.62,76041
2026-04-24T23:00:00Z,12.62,12.65,12.57,12.60,53124
2026-04-25T00:00:00Z,12.60,12.67,12.56,12.61,146874
2026-04-25T01:00:00Z,12.61,12.75,12.58,12.69,65624
2026-04-25T02:00:00Z,12.69,12.82,12.63,12.76,55207
2026-04-25T03:00:00Z,12.76,12.80,12.71,12.72,131249
2026-04-25T04:00:00Z,12.72,12.72,12.66,12.71,82291
2026-04-25T05:00:00Z,12.71,12.82,12.67,12.77,82291
2026-04-25T06:00:00Z,12.77,12.83,12.77,12.82,113540
2026-04-25T07:00:00Z,12.82,12.86,12.80,12.82,130207
2026-04-25T08:00:00Z,12.82,12.83,12.79,12.79,105207
2026-04-25T09:00:00Z,12.79,12.82,12.71,12.77,74999
2026-04-25T10:00:00Z,12.77,12.78,12.70,12.75,140624
2026-04-25T11:00:00Z,12.75,12.76,12.68,12.73,83332
2026-04-25T12:00:00Z,12.73,12.74,12.68,12.71,119790
2026-04-25T13:00:00Z,12.71,12.85,12.65,12.82,111457
2026-04-25T14:00:00Z,12.82,12.85,12.78,12.80,155207
2026-04-25T15:00:00Z,12.80,12.82,12.66,12.73,118749
2026-04-25T16:00:00Z,12.73,12.76,12.71,12.71,143749
2026-04-25T17:00:00Z,12.71,12.81,12.71,12.76,79166
2026-04-25T18:00:00Z,12.76,12.82,12.72,12.75,79166
2026-04-25T19:00:00Z,12.75,12.78,12.68,12.77,140624
2026-04-25T20:00:00Z,12.77,12.80,12.72,12.76,126040
2026-04-25T21:00:00Z,12.76,12.80,12.68,12.69,103124
2026-04-25T22:00:00Z,12.69,12.75,12.66,12.66,84374
2026-04-25T23:00:00Z,12.66,12.66,12.60,12.61,81249
2026-04-26T00:00:00Z,12.61,12.65,12.53,12.57,63541
2026-04-26T01:00:00Z,12.57,12.63,12.52,12.59,118749
2026-04-26T02:00:00Z,12.59,12.59,12.52,12.56,106249
2026-04-26T03:00:00Z,12.56,12.60,12.54,12.57,109374
2026-04-26T04:00:00Z,12.57,12.60,12.44,12.48,80207
2026-04-26T05:00:00Z,12.48,12.49,12.44,12.49,123957
2026-04-26T06:00:00Z,12.49,12.54,12.32,12.37,118749
2026-04-26T07:00:00Z,12.37,12.47,12.36,12.42,86457
2026-04-26T08:00:00Z,12.42,12.44,12.34,12.35,74999
2026-04-26T09:00:00Z,12.35,12.43,12.35,12.41,146874
2026-04-26T10:00:00Z,12.41,12.48,12.37,12.46,57291
2026-04-26T11:00:00Z,12.46,12.54,12.42,12.53,134374
2026-04-26T12:00:00Z,12.53,12.53,12.46,12.52,120832
2026-04-26T13:00:00Z,12.52,12.52,12.45,12.46,129165
2026-04-26T14:00:00Z,12.46,12.52,12.36,12.40,55207
2026-04-26T15:00:00Z,12.40,12.44,12.31,12.35,105207
2026-04-26T16:00:00Z,12.35,12.39,12.28,12.34,71874
2026-04-26T17:00:00Z,12.34,12.41,12.31,12.35,124999
2026-04-26T18:00:00Z,12.35,12.41,12.30,12.35,156249
2026-04-26T19:00:00Z,12.35,12.38,12.28,12.33,108332
2026-04-26T20:00:00Z,12.33,12.34,12.30,12.34,141665
2026-04-26T21:00:00Z,12.34,12.40,12.27,12.30,129165
2026-04-26T22:00:00Z,12.30,12.31,12.25,12.25,155207
2026-04-26T23:00:00Z,12.25,12.35,12.19,12.34,93749
2026-04-27T00:00:00Z,12.34,12.39,12.29,12.32,54166
2026-04-27T01:00:00Z,12.32,12.38,12.23,12.29,82291
2026-04-27T02:00:00Z,12.29,12.37,12.25,12.36,77082
2026-04-27T03:00:00Z,12.36,12.46,12.35,12.41,156249
2026-04-27T04:00:00Z,12.41,12.44,12.30,12.35,87499
2026-04-27T05:00:00Z,12.35,12.39,12.31,12.31,135415
2026-04-27T06:00:00Z,12.31,12.37,12.27,12.28,127082
2026-04-27T07:00:00Z,12.28,12.31,12.28,12.30,91666
2026-04-27T08:00:00Z,12.30,12.37,12.27,12.32,142707
2026-04-27T09:00:00Z,12.32,12.32,12.29,12.30,66666
2026-04-27T10:00:00Z,12.30,12.33,12.25,12.28,62499
2026-04-27T11:00:00Z,12.28,12.31,12.21,12.22,60416
2026-04-27T12:00:00Z,12.22,12.24,12.08,12.12,115624
2026-04-27T13:00:00Z,12.12,12.16,12.09,12.13,72916
2026-04-27T14:00:00Z,12.13,12.14,12.05,12.08,148957
2026-04-27T15:00:00Z,12.08,12.11,12.03,12.07,69791
2026-04-27T16:00:00Z,12.07,12.11,12.06,12.07,153124
2026-04-27T17:00:00Z,12.07,12.20,12.03,12.16,134374
2026-04-27T18:00:00Z,12.16,12.17,12.13,12.13,59374
2026-04-27T19:00:00Z,12.13,12.20,12.07,12.18,138540
2026-04-27T20:00:00Z,12.18,12.19,12.09,12.14,119790
2026-04-27T21:00:00Z,12.14,12.21,12.10,12.18,63541
2026-04-27T22:00:00Z,12.18,12.24,12.10,12.12,123957
2026-04-27T23:00:00Z,12.12,12.17,12.07,12.15,105207
2026-04-28T00:00:00Z,12.15,12.16,12.12,12.15,108332
2026-04-28T01:00:00Z,12.15,12.17,12.12,12.16,149999
2026-04-28T02:00:00Z,12.16,12.29,12.15,12.25,141665
2026-04-28T03:00:00Z,12.25,12.35,12.21,12.33,89582
2026-04-28T04:00:00Z,12.33,12.34,12.30,12.33,151040
2026-04-28T05:00:00Z,12.33,12.38,12.17,12.23,117707
2026-04-28T06:00:00Z,12.23,12.28,12.18,12.21,139582
2026-04-28T07:00:00Z,12.21,12.30,12.18,12.28,126040
2026-04-28T08:00:00Z,12.28,12.28,12.25,12.25,120832
2026-04-28T09:00:00Z,12.25,12.28,12.25,12.28,112499
2026-04-28T10:00:00Z,12.28,12.32,12.22,12.25,151040
2026-04-28T11:00:00Z,12.25,12.27,12.22,12.23,66666
2026-04-28T12:00:00Z,12.23,12.25,12.12,12.16,77082
2026-04-28T13:00:00Z,12.16,12.20,12.11,12.11,104166
2026-04-28T14:00:00Z,12.11,12.11,12.03,12.07,112499
2026-04-28T15:00:00Z,12.07,12.11,11.93,11.98,61457
2026-04-28T16:00:00Z,11.98,12.01,11.91,11.92,60416
2026-04-28T17:00:00Z,11.92,11.97,11.78,11.84,79166
2026-04-28T18:00:00Z,11.84,11.91,11.83,11.85,110415
2026-04-28T19:00:00Z,11.85,11.95,11.85,11.93,79166
2026-04-28T20:00:00Z,11.93,11.99,11.87,11.96,92707
2026-04-28T21:00:00Z,11.96,11.99,11.91,11.99,87499
2026-04-28T22:00:00Z,11.99,12.05,11.94,12.00,57291
2026-04-28T23:00:00Z,12.00,12.02,11.94,11.97,123957
2026-04-29T00:00:00Z,11.97,12.01,11.87,11.89,103124
2026-04-29T01:00:00Z,11.89,11.94,11.86,11.86,64582
2026-04-29T02:00:00Z,11.86,11.96,11.86,11.92,60416
2026-04-29T03:00:00Z,11.92,11.97,11.89,11.89,127082
2026-04-29T04:00:00Z,11.89,11.95,11.83,11.83,96874
2026-04-29T05:00:00Z,11.83,11.83,11.75,11.80,123957
2026-04-29T06:00:00Z,11.80,11.81,11.71,11.74,139582
2026-04-29T07:00:00Z,11.74,11.79,11.67,11.73,103124
2026-04-29T08:00:00Z,11.73,11.78,11.66,11.71,56249
2026-04-29T09:00:00Z,11.71,11.74,11.67,11.69,98957
2026-04-29T10:00:00Z,11.69,11.79,11.65,11.78,97916
2026-04-29T11:00:00Z,11.78,11.82,11.75,11.79,108332
2026-04-29T12:00:00Z,11.79,11.86,11.74,11.82,94791
2026-04-29T13:00:00Z,11.82,11.91,11.81,11.88,67707
2026-04-29T14:00:00Z,11.88,11.92,11.83,11.85,148957
2026-04-29T15:00:00Z,11.85,11.89,11.84,11.85,149999
2026-04-29T16:00:00Z,11.85,11.89,11.80,11.87,98957
2026-04-29T17:00:00Z,11.87,11.89,11.82,11.89,90624
2026-04-29T18:00:00Z,11.89,11.96,11.87,11.90,79166
2026-04-29T19:00:00Z,11.90,11.94,11.86,11.89,131249
2026-04-29T20:00:00Z,11.89,11.93,11.82,11.82,70832
2026-04-29T21:00:00Z,11.82,11.82,11.68,11.74,58332
2026-04-29T22:00:00Z,11.74,11.77,11.67,11.72,130207
2026-04-29T23:00:00Z,11.72,11.72,11.60,11.61,81249
2026-04-30T00:00:00Z,11.61,11.61,11.52,11.55,156249
2026-04-30T01:00:00Z,11.55,11.59,11.54,11.56,108332
2026-04-30T02:00:00Z,11.56,11.64,11.54,11.63,89582
2026-04-30T03:00:00Z,11.63,11.63,11.61,11.61,93749
2026-04-30T04:00:00Z,11.61,11.67,11.58,11.62,120832
2026-04-30T05:00:00Z,11.62,11.64,11.54,11.56,147915
2026-04-30T06:00:00Z,11.56,11.69,11.51,11.63,129165
2026-04-30T07:00:00Z,11.63,11.66,11.62,11.63,59374
2026-04-30T08:00:00Z,11.63,11.68,11.60,11.63,153124
2026-04-30T09:00:00Z,11.63,11.64,11.52,11.56,145832
2026-04-30T10:00:00Z,11.56,11.58,11.53,11.53,110415
2026-04-30T11:00:00Z,11.53,11.58,11.45,11.50,87499
2026-04-30T12:00:00Z,11.50,11.53,11.50,11.52,104166
2026-04-30T13:00:00Z,11.52,11.63,11.51,11.59,69791
2026-04-30T14:00:00Z,11.59,11.63,11.59,11.63,129165
2026-04-30T15:00:00Z,11.63,11.65,11.59,11.64,102082
2026-04-30T16:00:00Z,11.64,11.66,11.59,11.64,95832
2026-04-30T17:00:00Z,11.64,11.67,11.51,11.53,152082
2026-04-30T18:00:00Z,11.53,11.59,11.53,11.56,81249
2026-04-30T19:00:00Z,11.56,11.61,11.47,11.53,128124
2026-04-30T20:00:00Z,11.53,11.61,11.50,11.57,67707
2026-04-30T21:00:00Z,11.57,11.61,11.47,11.50,112499
2026-04-30T22:00:00Z,11.50,11.58,11.45,11.56,115624
2026-04-30T23:00:00Z,11.56,11.60,11.55,11.60,72916
2026-05-01T00:00:00Z,11.60,11.61,11.56,11.60,123957
2026-05-01T01:00:00Z,11.60,11.71,11.55,11.68,72916
2026-05-01T02:00:00Z,11.68,11.69,11.65,11.67,60416
2026-05-01T03:00:00Z,11.67,11.68,11.65,11.68,129165
2026-05-01T04:00:00Z,11.68,11.80,11.63,11.77,115624
2026-05-01T05:00:00Z,11.77,11.82,11.75,11.80,124999
2026-05-01T06:00:00Z,11.80,11.84,11.68,11.73,121874
2026-05-01T07:00:00Z,11.73,11.80,11.68,11.76,99999
2026-05-01T08:00:00Z,11.76,11.82,11.74,11.80,147915
2026-05-01T09:00:00Z,11.80,11.87,11.75,11.84,57291
2026-05-01T10:00:00Z,11.84,11.90,11.75,11.80,154165
2026-05-01T11:00:00Z,11.80,11.85,11.75,11.80,142707
2026-05-01T12:00:00Z,11.80,11.85,11.76,11.83,144790
2026-05-01T13:00:00Z,11.83,11.94,11.79,11.93,79166
2026-05-01T14:00:00Z,11.93,11.93,11.83,11.87,60416
2026-05-01T15:00:00Z,11.87,11.92,11.82,11.92,88541
2026-05-01T16:00:00Z,11.92,11.95,11.91,11.91,138540
2026-05-01T17:00:00Z,11.91,11.92,11.85,11.92,118749
2026-05-01T18:00:00Z,11.92,12.05,11.90,12.03,99999
2026-05-01T19:00:00Z,12.03,12.06,12.01,12.03,80207
2026-05-01T20:00:00Z,12.03,12.06,11.97,11.97,126040
2026-05-01T21:00:00Z,11.97,11.99,11.88,11.92,111457
2026-05-01T22:00:00Z,11.92,11.99,11.89,11.97,106249
2026-05-01T23:00:00Z,11.97,12.07,11.92,12.03,85416
2026-05-02T00:00:00Z,12.03,12.06,11.90,11.96,151040
2026-05-02T01:00:00Z,11.96,12.02,11.87,11.91,77082
2026-05-02T02:00:00Z,11.91,12.07,11.90,12.04,65624
2026-05-02T03:00:00Z,12.04,12.16,12.01,12.11,110415
2026-05-02T04:00:00Z,12.11,12.11,12.01,12.07,101041
2026-05-02T05:00:00Z,12.07,12.10,12.02,12.10,131249
2026-05-02T06:00:00Z,12.10,12.11,12.04,12.09,62499
2026-05-02T07:00:00Z,12.09,12.11,12.08,12.10,139582
2026-05-02T08:00:00Z,12.10,12.21,12.07,12.20,135415
2026-05-02T09:00:00Z,12.20,12.26,12.11,12.16,83332
2026-05-02T10:00:00Z,12.16,12.16,12.09,12.11,122915
2026-05-02T11:00:00Z,12.11,12.19,12.09,12.15,74999
2026-05-02T12:00:00Z,12.15,12.16,12.07,12.10,71874
2026-05-02T13:00:00Z,12.10,12.13,12.09,12.13,57291
2026-05-02T14:00:00Z,12.13,12.19,12.11,12.18,115624
2026-05-02T15:00:00Z,12.18,12.23,12.13,12.23,144790
2026-05-02T16:00:00Z,12.23,12.32,12.17,12.27,90624
2026-05-02T17:00:00Z,12.27,12.36,12.25,12.31,85416
2026-05-02T18:00:00Z,12.31,12.39,12.31,12.37,130207
2026-05-02T19:00:00Z,12.37,12.43,12.31,12.31,59374
2026-05-02T20:00:00Z,12.31,12.37,12.26,12.34,145832
2026-05-02T21:00:00Z,12.34,12.36,12.28,12.34,118749
2026-05-02T22:00:00Z,12.34,12.36,12.25,12.30,116665
2026-05-02T23:00:00Z,12.30,12.38,12.30,12.34,84374
2026-05-03T00:00:00Z,12.34,12.34,12.29,12.34,113540
2026-05-03T01:00:00Z,12.34,12.35,12.29,12.32,55207
2026-05-03T02:00:00Z,12.32,12.47,12.28,12.44,85416
2026-05-03T03:00:00Z,12.44,12.45,12.39,12.45,58332
2026-05-03T04:00:00Z,12.45,12.50,12.33,12.38,77082
2026-05-03T05:00:00Z,12.38,12.45,12.34,12.41,149999
2026-05-03T06:00:00Z,12.41,12.44,12.33,12.35,151040
2026-05-03T07:00:00Z,12.35,12.45,12.33,12.42,155207
2026-05-03T08:00:00Z,12.42,12.42,12.34,12.38,114582
2026-05-03T09:00:00Z,12.38,12.48,12.34,12.43,68749
2026-05-03T10:00:00Z,12.43,12.48,12.36,12.40,146874
2026-05-03T11:00:00Z,12.40,12.48,12.39,12.44,53124
2026-05-03T12:00:00Z,12.44,12.54,12.39,12.53,119790
2026-05-03T13:00:00Z,12.53,12.56,12.49,12.51,112499
2026-05-03T14:00:00Z,12.51,12.51,12.47,12.50,66666
2026-05-03T15:00:00Z,12.50,12.55,12.43,12.46,132290
2026-05-03T16:00:00Z,12.46,12.51,12.32,12.33,99999
2026-05-03T17:00:00Z,12.33,12.37,12.31,12.33,74999
2026-05-03T18:00:00Z,12.33,12.36,12.28,12.36,77082
2026-05-03T19:00:00Z,12.36,12.37,12.33,12.37,115624
2026-05-03T20:00:00Z,12.37,12.38,12.31,12.37,144790
2026-05-03T21:00:00Z,12.37,12.42,12.34,12.41,140624
2026-05-03T22:00:00Z,12.41,12.45,12.37,12.39,60416
2026-05-03T23:00:00Z,12.39,12.42,12.29,12.31,93749
2026-05-04T00:00:00Z,12.31,12.35,12.26,12.28,79166
2026-05-04T01:00:00Z,12.28,12.28,12.16,12.19,87499
2026-05-04T02:00:00Z,12.19,12.32,12.18,12.28,117707
2026-05-04T03:00:00Z,12.28,12.31,12.23,12.31,155207
2026-05-04T04:00:00Z,12.31,12.34,12.20,12.23,135415
2026-05-04T05:00:00Z,12.23,12.31,12.21,12.25,53124
2026-05-04T06:00:00Z,12.25,12.30,12.23,12.23,82291
2026-05-04T07:00:00Z,12.23,12.27,12.15,12.19,86457
2026-05-04T08:00:00Z,12.19,12.23,12.09,12.12,145832
2026-05-04T09:00:00Z,12.12,12.18,12.09,12.16,145832
2026-05-04T10:00:00Z,12.16,12.23,12.10,12.17,154165
2026-05-04T11:00:00Z,12.17,12.19,12.09,12.14,56249
2026-05-04T12:00:00Z,12.14,12.19,12.08,12.17,80207
2026-05-04T13:00:00Z,12.17,12.18,12.06,12.12,122915
2026-05-04T14:00:00Z,12.12,12.18,11.99,12.04,137499
2026-05-04T15:00:00Z,12.04,12.09,12.00,12.08,142707
2026-05-04T16:00:00Z,12.08,12.13,12.05,12.11,132290
2026-05-04T17:00:00Z,12.11,12.12,12.04,12.09,86457
2026-05-04T18:00:00Z,12.09,12.09,12.03,12.03,84374
2026-05-04T19:00:00Z,12.03,12.10,12.03,12.07,88541
2026-05-04T20:00:00Z,12.07,12.09,12.07,12.07,85416
2026-05-04T21:00:00Z,12.07,12.10,11.97,12.02,116665
2026-05-04T22:00:00Z,12.02,12.04,11.95,12.00,141665
2026-05-04T23:00:00Z,12.00,12.03,11.89,11.89,85416
2026-05-05T00:00:00Z,11.89,11.95,11.84,11.90,93749
2026-05-05T01:00:00Z,11.90,11.96,11.86,11.93,92707
2026-05-05T02:00:00Z,11.93,12.06,11.88,12.01,120832
2026-05-05T03:00:00Z,12.01,12.06,11.99,12.02,97916
2026-05-05T04:00:00Z,12.02,12.06,11.86,11.92,137499
2026-05-05T05:00:00Z,11.92,12.02,11.89,12.00,136457
2026-05-05T06:00:00Z,12.00,12.02,11.86,11.92,134374
2026-05-05T07:00:00Z,11.92,12.00,11.91,11.96,132290
2026-05-05T08:00:00Z,11.96,12.02,11.95,12.01,63541
2026-05-05T09:00:00Z,12.01,12.06,11.96,12.04,131249
2026-05-05T10:00:00Z,12.04,12.09,11.93,11.97,78124
2026-05-05T11:00:00Z,11.97,12.02,11.92,12.00,126040
2026-05-05T12:00:00Z,12.00,12.05,11.88,11.92,156249
2026-05-05T13:00:00Z,11.92,11.94,11.84,11.84,155207
2026-05-05T14:00:00Z,11.84,11.95,11.82,11.92,119790
2026-05-05T15:00:00Z,11.92,11.98,11.91,11.97,154165
2026-05-05T16:00:00Z,11.97,12.07,11.93,12.01,66666
2026-05-05T17:00:00Z,12.01,12.02,11.95,11.99,57291
2026-05-05T18:00:00Z,11.99,12.05,11.95,12.04,106249
2026-05-05T19:00:00Z,12.04,12.09,12.02,12.04,118749
2026-05-05T20:00:00Z,12.04,12.07,12.03,12.04,152082
2026-05-05T21:00:00Z,12.04,12.09,11.97,12.01,92707
2026-05-05T22:00:00Z,12.01,12.04,11.90,11.93,151040
2026-05-05T23:00:00Z,11.93,11.99,11.91,11.96,127082
2026-05-06T00:00:00Z,11.96,12.11,11.94,12.09,153124
2026-05-06T01:00:00Z,12.09,12.14,12.04,12.04,146874
2026-05-06T02:00:00Z,12.04,12.09,11.98,12.08,87499
2026-05-06T03:00:00Z,12.08,12.11,11.98,12.02,144790
2026-05-06T04:00:00Z,12.02,12.08,12.00,12.08,155207
2026-05-06T05:00:00Z,12.08,12.09,12.03,12.05,68749
2026-05-06T06:00:00Z,12.05,12.10,11.90,11.94,93749
2026-05-06T07:00:00Z,11.94,12.05,11.94,12.04,109374
2026-05-06T08:00:00Z,12.04,12.07,12.00,12.01,69791
2026-05-06T09:00:00Z,12.01,12.03,11.93,11.96,72916
2026-05-06T10:00:00Z,11.96,12.00,11.91,11.97,70832
2026-05-06T11:00:00Z,11.97,12.02,11.86,11.91,141665
2026-05-06T12:00:00Z,11.91,11.93,11.81,11.82,94791
2026-05-06T13:00:00Z,11.82,11.84,11.82,11.82,121874
2026-05-06T14:00:00Z,11.82,11.84,11.74,11.77,52083
2026-05-06T15:00:00Z,11.77,11.77,11.71,11.73,77082
2026-05-06T16:00:00Z,11.73,11.77,11.66,11.69,118749
2026-05-06T17:00:00Z,11.69,11.86,11.69,11.80,99999
2026-05-06T18:00:00Z,11.80,11.87,11.78,11.82,144790
2026-05-06T19:00:00Z,11.82,11.84,11.73,11.77,65624
2026-05-06T20:00:00Z,11.77,11.82,11.77,11.79,135415
2026-05-06T21:00:00Z,11.79,11.82,11.75,11.81,105207
2026-05-06T22:00:00Z,11.81,11.81,11.70,11.75,147915
2026-05-06T23:00:00Z,11.75,11.76,11.69,11.72,102082
2026-05-07T00:00:00Z,11.72,11.73,11.61,11.67,113540
2026-05-07T01:00:00Z,11.67,11.75,11.65,11.72,62499
2026-05-07T02:00:00Z,11.72,11.72,11.67,11.72,94791
2026-05-07T03:00:00Z,11.72,11.72,11.67,11.70,54166
2026-05-07T04:00:00Z,11.70,11.74,11.57,11.60,130207
2026-05-07T05:00:00Z,11.60,11.71,11.57,11.68,53124
2026-05-07T06:00:00Z,11.68,11.68,11.63,11.65,107290
2026-05-07T07:00:00Z,11.65,11.68,11.58,11.61,102082
2026-05-07T08:00:00Z,11.61,11.65,11.56,11.61,68749
2026-05-07T09:00:00Z,11.61,11.67,11.58,11.64,57291
2026-05-07T10:00:00Z,11.64,11.67,11.63,11.65,84374
2026-05-07T11:00:00Z,11.65,11.78,11.62,11.76,143749
2026-05-07T12:00:00Z,11.76,11.86,11.73,11.83,154165
2026-05-07T13:00:00Z,11.83,11.93,11.78,11.87,72916
2026-05-07T14:00:00Z,11.87,11.88,11.81,11.83,53124
2026-05-07T15:00:00Z,11.83,11.88,11.79,11.84,115624
2026-05-07T16:00:00Z,11.84,11.89,11.76,11.80,154165
2026-05-07T17:00:00Z,11.80,11.87,11.74,11.82,77082
2026-05-07T18:00:00Z,11.82,11.90,11.80,11.85,104166
2026-05-07T19:00:00Z,11.85,11.85,11.80,11.85,86457
2026-05-07T20:00:00Z,11.85,11.94,11.85,11.91,133332
2026-05-07T21:00:00Z,11.91,12.04,11.86,12.00,92707
2026-05-07T22:00:00Z,12.00,12.10,11.94,12.04,60416
2026-05-07T23:00:00Z,12.04,12.17,12.04,12.13,139582
2026-05-08T00:00:00Z,12.13,12.13,12.03,12.07,55207
2026-05-08T01:00:00Z,12.07,12.21,12.05,12.19,82291
2026-05-08T02:00:00Z,12.19,12.25,12.18,12.18,86457
2026-05-08T03:00:00Z,12.18,12.36,12.15,12.30,77082
2026-05-08T04:00:00Z,12.30,12.44,12.25,12.42,59374
2026-05-08T05:00:00Z,12.42,12.51,12.37,12.48,139582
2026-05-08T06:00:00Z,12.48,12.54,12.41,12.46,111457
2026-05-08T07:00:00Z,12.46,12.55,12.46,12.49,154165
2026-05-08T08:00:00Z,12.49,12.56,12.49,12.51,133332
2026-05-08T09:00:00Z,12.51,12.56,12.47,12.47,132290
2026-05-08T10:00:00Z,12.47,12.47,12.40,12.46,64582
2026-05-08T11:00:00Z,12.46,12.47,12.42,12.43,120832
2026-05-08T12:00:00Z,12.43,12.49,12.42,12.45,89582
2026-05-08T13:00:00Z,12.45,12.53,12.39,12.50,52083
2026-05-08T14:00:00Z,12.50,12.59,12.49,12.53,94791
2026-05-08T15:00:00Z,12.53,12.65,12.47,12.61,119790
2026-05-08T16:00:00Z,12.61,12.61,12.57,12.59,78124
2026-05-08T17:00:00Z,12.59,12.71,12.59,12.65,67707
2026-05-08T18:00:00Z,12.65,12.69,12.55,12.59,82291
2026-05-08T19:00:00Z,12.59,12.59,12.54,12.59,149999
2026-05-08T20:00:00Z,12.59,12.65,12.58,12.61,136457
2026-05-08T21:00:00Z,12.61,12.66,12.55,12.64,94791
2026-05-08T22:00:00Z,12.64,12.70,12.60,12.66,90624
2026-05-08T23:00:00Z,12.66,12.73,12.63,12.71,141665
2026-05-09T00:00:00Z,12.71,12.79,12.68,12.73,119790
2026-05-09T01:00:00Z,12.73,12.86,12.71,12.82,141665
2026-05-09T02:00:00Z,12.82,12.85,12.66,12.70,59374
2026-05-09T03:00:00Z,12.70,12.73,12.59,12.62,131249
2026-05-09T04:00:00Z,12.62,12.67,12.56,12.64,86457
2026-05-09T05:00:00Z,12.64,12.69,12.57,12.63,101041
2026-05-09T06:00:00Z,12.63,12.68,12.58,12.62,127082
2026-05-09T07:00:00Z,12.62,12.68,12.48,12.51,130207
2026-05-09T08:00:00Z,12.51,12.64,12.50,12.59,128124
2026-05-09T09:00:00Z,12.59,12.63,12.51,12.54,154165
2026-05-09T10:00:00Z,12.54,12.60,12.47,12.51,127082
2026-05-09T11:00:00Z,12.51,12.55,12.46,12.52,156249
2026-05-09T12:00:00Z,12.52,12.64,12.48,12.61,73957
2026-05-09T13:00:00Z,12.61,12.67,12.56,12.64,93749
2026-05-09T14:00:00Z,12.64,12.66,12.60,12.65,73957
2026-05-09T15:00:00Z,12.65,12.70,12.52,12.58,119790
2026-05-09T16:00:00Z,12.58,12.62,12.54,12.60,93749
2026-05-09T17:00:00Z,12.60,12.65,12.60,12.61,89582
2026-05-09T18:00:00Z,12.61,12.65,12.55,12.62,144790
2026-05-09T19:00:00Z,12.62,12.62,12.55,12.59,80207
2026-05-09T20:00:00Z,12.59,12.62,12.46,12.52,151040
2026-05-09T21:00:00Z,12.52,12.58,12.42,12.47,156249
2026-05-09T22:00:00Z,12.47,12.54,12.47,12.48,124999
2026-05-09T23:00:00Z,12.48,12.55,12.46,12.50,113540
2026-05-10T00:00:00Z,12.50,12.55,12.43,12.43,137499
2026-05-10T01:00:00Z,12.43,12.43,12.38,12.43,152082
2026-05-10T02:00:00Z,12.43,12.49,12.41,12.48,119790
2026-05-10T03:00:00Z,12.48,12.53,12.47,12.53,74999
2026-05-10T04:00:00Z,12.53,12.57,12.48,12.56,78124
2026-05-10T05:00:00Z,12.56,12.62,12.53,12.58,113540
2026-05-10T06:00:00Z,12.58,12.63,12.53,12.59,127082
2026-05-10T07:00:00Z,12.59,12.65,12.55,12.63,54166
2026-05-10T08:00:00Z,12.63,12.75,12.58,12.69,81249
2026-05-10T09:00:00Z,12.69,12.69,12.63,12.63,135415
2026-05-10T10:00:00Z,12.63,12.67,12.62,12.67,141665
2026-05-10T11:00:00Z,12.67,12.73,12.62,12.67,69791
2026-05-10T12:00:00Z,12.67,12.71,12.62,12.66,121874
2026-05-10T13:00:00Z,12.66,12.77,12.62,12.73,105207
2026-05-10T14:00:00Z,12.73,12.79,12.66,12.76,118749
2026-05-10T15:00:00Z,12.76,12.92,12.73,12.89,143749
2026-05-10T16:00:00Z,12.89,12.99,12.85,12.92,129165
2026-05-10T17:00:00Z,12.92,13.02,12.87,12.96,57291
2026-05-10T18:00:00Z,12.96,12.97,12.82,12.84,56249
2026-05-10T19:00:00Z,12.84,12.93,12.83,12.86,69791
2026-05-10T20:00:00Z,12.86,12.99,12.82,12.96,69791
2026-05-10T21:00:00Z,12.96,13.02,12.88,12.91,152082
2026-05-10T22:00:00Z,12.91,12.94,12.89,12.94,131249
2026-05-10T23:00:00Z,12.94,12.96,12.85,12.86,126040
2026-05-11T00:00:00Z,12.86,12.89,12.79,12.85,98957
2026-05-11T01:00:00Z,12.85,12.91,12.80,12.85,144790
2026-05-11T02:00:00Z,12.85,12.96,12.79,12.94,62499
2026-05-11T03:00:00Z,12.94,13.00,12.91,12.96,85416
2026-05-11T04:00:00Z,12.96,13.00,12.90,12.98,130207
2026-05-11T05:00:00Z,12.98,13.01,12.95,12.99,138540
2026-05-11T06:00:00Z,12.99,13.03,12.93,13.01,78124
2026-05-11T07:00:00Z,13.01,13.01,12.95,12.97,128124
2026-05-11T08:00:00Z,12.97,13.00,12.97,12.97,141665
2026-05-11T09:00:00Z,12.97,13.03,12.90,13.03,128124
2026-05-11T10:00:00Z,13.03,13.04,12.96,13.00,78124
2026-05-11T11:00:00Z,13.00,13.07,12.88,12.93,118749
2026-05-11T12:00:00Z,12.93,12.99,12.92,12.93,89582
2026-05-11T13:00:00Z,12.93,12.99,12.85,12.86,147915
2026-05-11T14:00:00Z,12.86,12.94,12.83,12.92,86457
2026-05-11T15:00:00Z,12.92,12.94,12.82,12.82,154165
2026-05-11T16:00:00Z,12.82,12.82,12.76,12.82,89582
2026-05-11T17:00:00Z,12.82,12.90,12.78,12.89,116665
2026-05-11T18:00:00Z,12.89,12.91,12.84,12.91,134374
2026-05-11T19:00:00Z,12.91,13.02,12.90,12.99,59374
2026-05-11T20:00:00Z,12.99,13.09,12.94,13.07,74999
2026-05-11T21:00:00Z,13.07,13.13,13.04,13.12,78124
2026-05-11T22:00:00Z,13.12,13.20,13.11,13.16,105207
2026-05-11T23:00:00Z,13.16,13.23,13.13,13.19,111457
2026-05-12T00:00:00Z,13.19,13.20,13.09,13.12,82291
2026-05-12T01:00:00Z,13.12,13.12,13.05,13.11,90624
2026-05-12T02:00:00Z,13.11,13.15,13.10,13.10,70832
2026-05-12T03:00:00Z,13.10,13.15,13.10,13.11,127082
2026-05-12T04:00:00Z,13.11,13.14,13.05,13.10,98957
2026-05-12T05:00:00Z,13.10,13.13,13.02,13.03,144790
2026-05-12T06:00:00Z,13.03,13.06,12.90,12.95,109374
2026-05-12T07:00:00Z,12.95,12.96,12.93,12.93,115624
2026-05-12T08:00:00Z,12.93,12.97,12.83,12.90,144790
2026-05-12T09:00:00Z,12.90,12.99,12.90,12.93,60416
2026-05-12T10:00:00Z,12.93,12.99,12.74,12.80,97916
2026-05-12T11:00:00Z,12.80,12.81,12.70,12.75,88541
2026-05-12T12:00:00Z,12.75,12.82,12.69,12.76,63541
2026-05-12T13:00:00Z,12.76,12.84,12.69,12.82,52083
2026-05-12T14:00:00Z,12.82,12.84,12.75,12.76,113540
2026-05-12T15:00:00Z,12.76,12.82,12.74,12.81,136457
2026-05-12T16:00:00Z,12.81,12.92,12.79,12.88,103124
2026-05-12T17:00:00Z,12.88,13.01,12.87,12.98,137499
2026-05-12T18:00:00Z,12.98,13.08,12.93,13.02,117707
2026-05-12T19:00:00Z,13.02,13.05,12.97,13.01,79166
2026-05-12T20:00:00Z,13.01,13.02,12.93,12.98,89582
2026-05-12T21:00:00Z,12.98,12.98,12.90,12.95,77082
2026-05-12T22:00:00Z,12.95,12.99,12.90,12.94,151040
2026-05-12T23:00:00Z,12.94,12.99,12.91,12.95,155207
2026-05-13T00:00:00Z,12.95,12.95,12.78,12.82,95832
2026-05-13T01:00:00Z,12.82,12.87,12.76,12.80,103124
2026-05-13T02:00:00Z,12.80,12.80,12.72,12.77,105207
2026-05-13T03:00:00Z,12.77,12.78,12.71,12.78,129165
2026-05-13T04:00:00Z,12.78,12.82,12.76,12.78,132290
2026-05-13T05:00:00Z,12.78,12.80,12.65,12.68,86457
2026-05-13T06:00:00Z,12.68,12.79,12.64,12.74,61457
2026-05-13T07:00:00Z,12.74,12.78,12.69,12.74,122915
2026-05-13T08:00:00Z,12.74,12.83,12.69,12.80,70832
2026-05-13T09:00:00Z,12.80,12.89,12.75,12.82,93749
2026-05-13T10:00:00Z,12.82,12.89,12.73,12.78,64582
2026-05-13T11:00:00Z,12.78,12.86,12.76,12.80,63541
2026-05-13T12:00:00Z,12.80,12.85,12.76,12.84,93749
2026-05-13T13:00:00Z,12.84,12.87,12.79,12.84,97916
2026-05-13T14:00:00Z,12.84,12.90,12.70,12.75,110415
2026-05-13T15:00:00Z,12.75,12.76,12.73,12.74,83332
2026-05-13T16:00:00Z,12.74,12.75,12.63,12.64,144790
2026-05-13T17:00:00Z,12.64,12.64,12.57,12.59,116665
2026-05-13T18:00:00Z,12.59,12.63,12.49,12.55,141665
2026-05-13T19:00:00Z,12.55,12.57,12.52,12.54,71874
2026-05-13T20:00:00Z,12.54,12.59,12.50,12.54,81249
2026-05-13T21:00:00Z,12.54,12.59,12.48,12.58,92707
2026-05-13T22:00:00Z,12.58,12.58,12.46,12.51,92707
2026-05-13T23:00:00Z,12.51,12.51,12.41,12.46,141665
2026-05-14T00:00:00Z,12.46,12.52,12.37,12.38,151040
2026-05-14T01:00:00Z,12.38,12.42,12.33,12.42,137499
2026-05-14T02:00:00Z,12.42,12.46,12.26,12.32,120832
2026-05-14T03:00:00Z,12.32,12.38,12.31,12.33,137499
2026-05-14T04:00:00Z,12.33,12.37,12.21,12.27,66666
2026-05-14T05:00:00Z,12.27,12.36,12.25,12.31,144790
2026-05-14T06:00:00Z,12.31,12.38,12.30,12.34,52083
2026-05-14T07:00:00Z,12.34,12.34,12.29,12.32,82291
2026-05-14T08:00:00Z,12.32,12.34,12.26,12.31,120832
2026-05-14T09:00:00Z,12.31,12.34,12.26,12.33,74999
2026-05-14T10:00:00Z,12.33,12.45,12.29,12.42,123957
2026-05-14T11:00:00Z,12.42,12.47,12.38,12.38,102082
2026-05-14T12:00:00Z,12.38,12.45,12.36,12.43,55207
2026-05-14T13:00:00Z,12.43,12.44,12.36,12.36,57291
2026-05-14T14:00:00Z,12.36,12.40,12.30,12.38,88541
2026-05-14T15:00:00Z,12.38,12.42,12.37,12.38,145832
2026-05-14T16:00:00Z,12.38,12.45,12.36,12.42,91666
2026-05-14T17:00:00Z,12.42,12.46,12.35,12.40,105207
2026-05-14T18:00:00Z,12.40,12.44,12.40,12.41,91666
2026-05-14T19:00:00Z,12.41,12.41,12.38,12.38,88541
2026-05-14T20:00:00Z,12.38,12.48,12.33,12.44,85416
2026-05-14T21:00:00Z,12.44,12.50,12.33,12.39,57291
2026-05-14T22:00:00Z,12.39,12.47,12.39,12.45,59374
2026-05-14T23:00:00Z,12.45,12.64,12.42,12.61,89582
2026-05-15T00:00:00Z,12.61,12.67,12.55,12.62,86457
2026-05-15T01:00:00Z,12.62,12.72,12.60,12.67,82291
2026-05-15T02:00:00Z,12.67,12.72,12.64,12.69,137499
2026-05-15T03:00:00Z,12.69,12.75,12.63,12.73,101041
2026-05-15T04:00:00Z,12.73,12.86,12.72,12.80,83332
2026-05-15T05:00:00Z,12.80,12.89,12.80,12.89,68749
2026-05-15T06:00:00Z,12.89,12.92,12.79,12.85,96874
2026-05-15T07:00:00Z,12.85,12.93,12.79,12.89,72916
2026-05-15T08:00:00Z,12.89,12.89,12.83,12.88,138540
2026-05-15T09:00:00Z,12.88,13.04,12.82,13.00,151040
2026-05-15T10:00:00Z,13.00,13.03,13.00,13.00,73957
2026-05-15T11:00:00Z,13.00,13.05,12.90,12.95,73957
2026-05-15T12:00:00Z,12.95,12.96,12.89,12.89,54166
2026-05-15T13:00:00Z,12.89,12.93,12.79,12.86,140624
2026-05-15T14:00:00Z,12.86,12.88,12.80,12.88,156249
2026-05-15T15:00:00Z,12.88,12.94,12.79,12.82,103124
2026-05-15T16:00:00Z,12.82,12.87,12.77,12.81,72916
2026-05-15T17:00:00Z,12.81,12.86,12.66,12.70,133332
2026-05-15T18:00:00Z,12.70,12.78,12.69,12.73,116665
2026-05-15T19:00:00Z,12.73,12.73,12.70,12.72,55207
2026-05-15T20:00:00Z,12.72,12.76,12.70,12.72,102082
2026-05-15T21:00:00Z,12.72,12.75,12.61,12.66,145832
2026-05-15T22:00:00Z,12.66,12.71,12.53,12.58,136457
2026-05-15T23:00:00Z,12.58,12.65,12.58,12.60,129165
2026-05-16T00:00:00Z,12.60,12.75,12.56,12.72,143749
2026-05-16T01:00:00Z,12.72,12.82,12.69,12.75,148957
2026-05-16T02:00:00Z,12.75,12.82,12.71,12.82,133332
2026-05-16T03:00:00Z,12.82,12.90,12.79,12.85,103124
2026-05-16T04:00:00Z,12.85,12.87,12.79,12.84,129165
2026-05-16T05:00:00Z,12.84,12.85,12.78,12.78,115624
2026-05-16T06:00:00Z,12.78,12.81,12.72,12.76,80207
2026-05-16T07:00:00Z,12.76,12.83,12.67,12.71,130207
2026-05-16T08:00:00Z,12.71,12.76,12.68,12.69,65624
2026-05-16T09:00:00Z,12.69,12.80,12.69,12.76,86457
2026-05-16T10:00:00Z,12.76,12.79,12.69,12.72,98957
2026-05-16T11:00:00Z,12.72,12.80,12.66,12.76,140624
2026-05-16T12:00:00Z,12.76,12.77,12.59,12.65,65624
2026-05-16T13:00:00Z,12.65,12.80,12.63,12.76,61457
2026-05-16T14:00:00Z,12.76,12.78,12.73,12.78,91666
2026-05-16T15:00:00Z,12.78,12.89,12.78,12.82,146874
2026-05-16T16:00:00Z,12.82,12.91,12.82,12.85,126040
2026-05-16T17:00:00Z,12.85,13.00,12.79,12.94,139582
2026-05-16T18:00:00Z,12.94,13.05,12.90,13.02,63541
2026-05-16T19:00:00Z,13.02,13.07,12.99,13.05,151040
2026-05-16T20:00:00Z,13.05,13.13,13.01,13.09,64582
2026-05-16T21:00:00Z,13.09,13.11,13.03,13.06,141665
2026-05-16T22:00:00Z,13.06,13.16,13.01,13.14,64582
2026-05-16T23:00:00Z,13.14,13.17,13.11,13.15,139582
2026-05-17T00:00:00Z,13.15,13.16,13.10,13.10,84374
2026-05-17T01:00:00Z,13.10,13.12,12.99,12.99,91666
2026-05-17T02:00:00Z,12.99,13.01,12.92,12.97,94791
2026-05-17T03:00:00Z,12.97,13.06,12.93,13.05,63541
2026-05-17T04:00:00Z,13.05,13.11,12.99,13.00,68749
2026-05-17T05:00:00Z,13.00,13.10,12.94,13.05,86457
2026-05-17T06:00:00Z,13.05,13.14,13.00,13.07,120832
2026-05-17T07:00:00Z,13.07,13.07,12.98,13.04,105207
2026-05-17T08:00:00Z,13.04,13.08,12.93,12.94,135415
2026-05-17T09:00:00Z,12.94,12.99,12.92,12.99,81249
2026-05-17T10:00:00Z,12.99,13.04,12.87,12.92,113540
2026-05-17T11:00:00Z,12.92,12.94,12.86,12.92,108332
2026-05-17T12:00:00Z,12.92,12.97,12.88,12.94,66666
2026-05-17T13:00:00Z,12.94,13.01,12.89,13.00,155207
2026-05-17T14:00:00Z,13.00,13.05,12.94,12.95,137499
2026-05-17T15:00:00Z,12.95,12.96,12.89,12.93,123957
2026-05-17T16:00:00Z,12.93,12.94,12.89,12.93,71874
2026-05-17T17:00:00Z,12.93,12.94,12.86,12.91,89582
2026-05-17T18:00:00Z,12.91,12.95,12.84,12.92,61457
2026-05-17T19:00:00Z,12.92,12.98,12.91,12.95,71874
2026-05-17T20:00:00Z,12.95,12.96,12.95,12.95,113540
2026-05-17T21:00:00Z,12.95,13.02,12.90,12.94,103124
2026-05-17T22:00:00Z,12.94,12.98,12.91,12.98,102082
2026-05-17T23:00:00Z,12.98,12.99,12.87,12.91,70832
2026-05-18T00:00:00Z,12.91,12.93,12.85,12.91,59374
2026-05-18T01:00:00Z,12.91,13.00,12.91,12.96,94791
2026-05-18T02:00:00Z,12.96,12.97,12.90,12.90,147915
2026-05-18T03:00:00Z,12.90,12.93,12.86,12.89,80207
2026-05-18T04:00:00Z,12.89,12.93,12.85,12.86,110415
2026-05-18T05:00:00Z,12.86,12.89,12.86,12.89,138540
2026-05-18T06:00:00Z,12.89,12.92,12.86,12.86,115624
2026-05-18T07:00:00Z,12.86,12.94,12.85,12.89,109374
2026-05-18T08:00:00Z,12.89,13.00,12.88,12.96,77082
2026-05-18T09:00:00Z,12.96,12.99,12.95,12.97,67707
2026-05-18T10:00:00Z,12.97,13.05,12.93,13.02,81249
2026-05-18T11:00:00Z,13.02,13.06,13.00,13.02,106249
2026-05-18T12:00:00Z,13.02,13.09,12.96,13.06,104166
2026-05-18T13:00:00Z,13.06,13.11,12.98,12.99,81249
2026-05-18T14:00:00Z,12.99,13.11,12.96,13.07,103124
2026-05-18T15:00:00Z,13.07,13.07,12.99,13.04,83332
2026-05-18T16:00:00Z,13.04,13.10,12.98,13.08,55207
2026-05-18T17:00:00Z,13.08,13.13,13.04,13.09,129165
2026-05-18T18:00:00Z,13.09,13.12,13.05,13.09,81249
2026-05-18T19:00:00Z,13.09,13.13,12.97,13.03,138540
2026-05-18T20:00:00Z,13.03,13.09,13.00,13.00,136457
2026-05-18T21:00:00Z,13.00,13.04,12.97,12.99,148957
2026-05-18T22:00:00Z,12.99,13.02,12.98,13.01,77082
2026-05-18T23:00:00Z,13.01,13.05,12.91,12.95,97916
2026-05-19T00:00:00Z,12.95,12.95,12.86,12.86,137499
2026-05-19T01:00:00Z,12.86,12.89,12.83,12.85,130207
2026-05-19T02:00:00Z,12.85,12.85,12.67,12.71,138540
2026-05-19T03:00:00Z,12.71,12.73,12.66,12.71,90624
2026-05-19T04:00:00Z,12.71,12.71,12.57,12.61,96874
2026-05-19T05:00:00Z,12.61,12.72,12.55,12.69,70832
2026-05-19T06:00:00Z,12.69,12.69,12.66,12.66,128124
2026-05-19T07:00:00Z,12.66,12.73,12.66,12.68,60416
2026-05-19T08:00:00Z,12.68,12.72,12.61,12.66,67707
2026-05-19T09:00:00Z,12.66,12.70,12.59,12.64,60416
2026-05-19T10:00:00Z,12.64,12.79,12.62,12.73,121874
2026-05-19T11:00:00Z,12.73,12.78,12.69,12.71,58332
2026-05-19T12:00:00Z,12.71,12.75,12.68,12.75,81249
2026-05-19T13:00:00Z,12.75,12.78,12.73,12.78,136457
2026-05-19T14:00:00Z,12.78,12.79,12.71,12.71,76041
2026-05-19T15:00:00Z,12.71,12.73,12.65,12.66,84374
2026-05-19T16:00:00Z,12.66,12.73,12.65,12.70,60416
2026-05-19T17:00:00Z,12.70,12.70,12.65,12.69,95832
2026-05-19T18:00:00Z,12.69,12.77,12.63,12.76,120832
2026-05-19T19:00:00Z,12.76,12.81,12.71,12.76,109374
2026-05-19T20:00:00Z,12.76,12.77,12.69,12.69,148957
2026-05-19T21:00:00Z,12.69,12.80,12.67,12.80,146874
2026-05-19T22:00:00Z,12.80,12.87,12.75,12.82,142707
2026-05-19T23:00:00Z,12.82,12.84,12.72,12.75,95832
2026-05-20T00:00:00Z,12.75,12.75,12.62,12.69,87499
2026-05-20T01:00:00Z,12.69,12.73,12.64,12.67,132290
2026-05-20T02:00:00Z,12.67,12.69,12.65,12.66,62499
2026-05-20T03:00:00Z,12.66,12.70,12.52,12.58,120832
2026-05-20T04:00:00Z,12.58,12.66,12.54,12.64,119790
2026-05-20T05:00:00Z,12.64,12.67,12.60,12.60,53124
2026-05-20T06:00:00Z,12.60,12.61,12.60,12.60,73957
2026-05-20T07:00:00Z,12.60,12.64,12.59,12.64,55207
2026-05-20T08:00:00Z,12.64,12.72,12.61,12.70,113540
2026-05-20T09:00:00Z,12.70,12.71,12.56,12.60,128124
2026-05-20T10:00:00Z,12.60,12.63,12.58,12.59,111457
2026-05-20T11:00:00Z,12.59,12.63,12.53,12.60,80207
2026-05-20T12:00:00Z,12.60,12.63,12.50,12.52,65624
2026-05-20T13:00:00Z,12.52,12.61,12.47,12.59,82291
2026-05-20T14:00:00Z,12.59,12.72,12.54,12.67,121874
2026-05-20T15:00:00Z,12.67,12.75,12.64,12.72,105207
2026-05-20T16:00:00Z,12.72,12.77,12.70,12.73,135415
2026-05-20T17:00:00Z,12.73,12.77,12.66,12.67,61457
2026-05-20T18:00:00Z,12.67,12.67,12.66,12.67,154165
2026-05-20T19:00:00Z,12.67,12.70,12.57,12.62,147915
2026-05-20T20:00:00Z,12.62,12.71,12.58,12.66,117707
2026-05-20T21:00:00Z,12.66,12.66,12.56,12.59,118749
2026-05-20T22:00:00Z,12.59,12.68,12.56,12.68,113540
2026-05-20T23:00:00Z,12.68,12.71,12.63,12.70,140624
2026-05-21T00:00:00Z,12.70,12.71,12.61,12.66,107290
2026-05-21T01:00:00Z,12.66,12.66,12.52,12.58,74999
2026-05-21T02:00:00Z,12.58,12.61,12.53,12.56,99999
2026-05-21T03:00:00Z,12.56,12.60,12.49,12.55,79166
2026-05-21T04:00:00Z,12.55,12.61,12.53,12.57,99999
2026-05-21T05:00:00Z,12.57,12.58,12.56,12.57,61457
2026-05-21T06:00:00Z,12.57,12.61,12.48,12.53,140624
2026-05-21T07:00:00Z,12.53,12.54,12.45,12.49,118749
2026-05-21T08:00:00Z,12.49,12.55,12.46,12.53,129165
2026-05-21T09:00:00Z,12.53,12.58,12.42,12.47,108332
2026-05-21T10:00:00Z,12.47,12.58,12.44,12.56,69791
2026-05-21T11:00:00Z,12.56,12.64,12.50,12.60,126040
2026-05-21T12:00:00Z,12.60,12.68,12.56,12.66,82291
2026-05-21T13:00:00Z,12.66,12.66,12.64,12.65,149999
2026-05-21T14:00:00Z,12.65,12.74,12.60,12.71,154165
2026-05-21T15:00:00Z,12.71,12.74,12.68,12.68,94791
2026-05-21T16:00:00Z,12.68,12.71,12.56,12.59,112499
2026-05-21T17:00:00Z,12.59,12.59,12.57,12.59,85416
2026-05-21T18:00:00Z,12.59,12.65,12.45,12.51,61457
2026-05-21T19:00:00Z,12.51,12.58,12.50,12.57,102082
2026-05-21T20:00:00Z,12.57,12.61,12.47,12.50,131249
2026-05-21T21:00:00Z,12.50,12.50,12.49,12.49,70832
2026-05-21T22:00:00Z,12.49,12.66,12.43,12.64,76041
2026-05-21T23:00:00Z,12.64,12.68,12.52,12.56,70832
2026-05-22T00:00:00Z,12.56,12.69,12.55,12.63,84374
2026-05-22T01:00:00Z,12.63,12.63,12.57,12.63,133332
2026-05-22T02:00:00Z,12.63,12.71,12.58,12.65,83332
2026-05-22T03:00:00Z,12.65,12.77,12.65,12.71,91666
2026-05-22T04:00:00Z,12.71,12.81,12.68,12.78,133332
2026-05-22T05:00:00Z,12.78,12.85,12.76,12.78,131249
2026-05-22T06:00:00Z,12.78,12.79,12.69,12.75,97916
2026-05-22T07:00:00Z,12.75,12.95,12.69,12.89,88541
2026-05-22T08:00:00Z,12.89,12.99,12.87,12.93,112499
2026-05-22T09:00:00Z,12.93,12.93,12.80,12.84,66666
2026-05-22T10:00:00Z,12.84,12.91,12.84,12.85,68749
2026-05-22T11:00:00Z,12.85,12.88,12.80,12.85,64582
2026-05-22T12:00:00Z,12.85,12.90,12.84,12.84,104166
2026-05-22T13:00:00Z,12.84,12.85,12.79,12.85,132290
2026-05-22T14:00:00Z,12.85,12.89,12.81,12.84,128124
2026-05-22T15:00:00Z,12.84,12.89,12.76,12.81,53124
2026-05-22T16:00:00Z,12.81,12.88,12.78,12.86,78124
2026-05-22T17:00:00Z,12.86,12.88,12.80,12.87,85416
2026-05-22T18:00:00Z,12.87,12.99,12.84,12.97,58332
2026-05-22T19:00:00Z,12.97,13.03,12.87,12.93,107290
2026-05-22T20:00:00Z,12.93,13.01,12.93,12.96,90624
2026-05-22T21:00:00Z,12.96,13.04,12.96,13.02,147915
2026-05-22T22:00:00Z,13.02,13.08,12.95,13.01,114582
2026-05-22T23:00:00Z,13.01,13.12,12.96,13.06,137499
2026-05-23T00:00:00Z,13.06,13.11,12.91,12.98,148957
2026-05-23T01:00:00Z,12.98,13.02,12.97,13.01,124999
2026-05-23T02:00:00Z,13.01,13.03,12.93,12.94,129165
2026-05-23T03:00:00Z,12.94,12.98,12.91,12.93,144790
2026-05-23T04:00:00Z,12.93,12.94,12.84,12.90,56249
2026-05-23T05:00:00Z,12.90,12.95,12.85,12.95,79166
2026-05-23T06:00:00Z,12.95,13.00,12.94,12.99,156249
2026-05-23T07:00:00Z,12.99,13.06,12.91,12.97,88541
2026-05-23T08:00:00Z,12.97,13.07,12.97,13.01,84374
2026-05-23T09:00:00Z,13.01,13.03,12.95,12.97,83332
2026-05-23T10:00:00Z,12.97,13.00,12.91,12.93,59374
2026-05-23T11:00:00Z,12.93,12.96,12.88,12.93,144790
2026-05-23T12:00:00Z,12.93,12.97,12.77,12.81,98957
2026-05-23T13:00:00Z,12.81,12.88,12.73,12.77,52083
2026-05-23T14:00:00Z,12.77,12.88,12.71,12.83,130207
2026-05-23T15:00:00Z,12.83,12.90,12.81,12.85,53124
2026-05-23T16:00:00Z,12.85,12.91,12.75,12.81,57291
2026-05-23T17:00:00Z,12.81,12.82,12.78,12.78,110415
2026-05-23T18:00:00Z,12.78,12.81,12.74,12.79,147915
2026-05-23T19:00:00Z,12.79,12.80,12.67,12.72,70832
2026-05-23T20:00:00Z,12.72,12.79,12.68,12.75,52083
2026-05-23T21:00:00Z,12.75,12.85,12.70,12.80,68749
2026-05-23T22:00:00Z,12.80,12.80,12.74,12.75,152082
2026-05-23T23:00:00Z,12.75,12.80,12.61,12.64,77082
2026-05-24T00:00:00Z,12.64,12.66,12.57,12.58,92707
2026-05-24T01:00:00Z,12.58,12.59,12.50,12.54,146874
2026-05-24T02:00:00Z,12.54,12.69,12.50,12.66,135415
2026-05-24T03:00:00Z,12.66,12.66,12.58,12.63,152082
2026-05-24T04:00:00Z,12.63,12.69,12.55,12.58,76041
2026-05-24T05:00:00Z,12.58,12.60,12.54,12.55,131249
2026-05-24T06:00:00Z,12.55,12.64,12.49,12.61,80207
2026-05-24T07:00:00Z,12.61,12.67,12.57,12.58,110415
2026-05-24T08:00:00Z,12.58,12.64,12.51,12.61,103124
2026-05-24T09:00:00Z,12.61,12.64,12.58,12.60,113540
2026-05-24T10:00:00Z,12.60,12.65,12.51,12.55,123957
2026-05-24T11:00:00Z,12.55,12.62,12.50,12.61,55207
2026-05-24T12:00:00Z,12.61,12.62,12.59,12.59,66666
2026-05-24T13:00:00Z,12.59,12.65,12.59,12.59,65624
2026-05-24T14:00:00Z,12.59,12.64,12.57,12.58,103124
2026-05-24T15:00:00Z,12.58,12.64,12.57,12.59,143749
2026-05-24T16:00:00Z,12.59,12.65,12.59,12.62,82291
2026-05-24T17:00:00Z,12.62,12.71,12.57,12.65,85416
2026-05-24T18:00:00Z,12.65,12.68,12.62,12.63,87499
2026-05-24T19:00:00Z,12.63,12.68,12.61,12.62,89582
2026-05-24T20:00:00Z,12.62,12.69,12.57,12.69,126040
2026-05-24T21:00:00Z,12.69,12.76,12.64,12.70,126040
2026-05-24T22:00:00Z,12.70,12.73,12.57,12.63,113540
2026-05-24T23:00:00Z,12.63,12.67,12.57,12.57,126040
2026-05-25T00:00:00Z,12.57,12.60,12.53,12.53,145832
2026-05-25T01:00:00Z,12.53,12.66,12.53,12.60,156249
2026-05-25T02:00:00Z,12.60,12.68,12.54,12.62,59374
2026-05-25T03:00:00Z,12.62,12.64,12.59,12.61,98957
2026-05-25T04:00:00Z,12.61,12.71,12.58,12.67,70832
2026-05-25T05:00:00Z,12.67,12.76,12.67,12.70,81249
2026-05-25T06:00:00Z,12.70,12.74,12.63,12.66,70832
2026-05-25T07:00:00Z,12.66,12.75,12.63,12.74,53124
2026-05-25T08:00:00Z,12.74,12.82,12.70,12.80,148957
2026-05-25T09:00:00Z,12.80,12.90,12.77,12.85,89582
2026-05-25T10:00:00Z,12.85,13.00,12.79,12.94,66666
2026-05-25T11:00:00Z,12.94,12.98,12.80,12.87,65624
2026-05-25T12:00:00Z,12.87,12.94,12.79,12.82,99999
2026-05-25T13:00:00Z,12.82,12.93,12.76,12.88,92707
2026-05-25T14:00:00Z,12.88,13.00,12.84,12.95,53124
2026-05-25T15:00:00Z,12.95,13.05,12.89,13.01,136457
2026-05-25T16:00:00Z,13.01,13.04,12.94,12.96,104166
2026-05-25T17:00:00Z,12.96,13.03,12.91,12.99,87499
2026-05-25T18:00:00Z,12.99,13.00,12.84,12.90,56249
2026-05-25T19:00:00Z,12.90,12.96,12.84,12.88,143749
2026-05-25T20:00:00Z,12.88,13.03,12.88,12.98,152082
2026-05-25T21:00:00Z,12.98,13.02,12.92,12.94,71874
2026-05-25T22:00:00Z,12.94,13.00,12.85,12.89,85416
2026-05-25T23:00:00Z,12.89,13.01,12.87,12.96,137499
2026-05-26T00:00:00Z,12.96,13.05,12.91,13.04,79166
2026-05-26T01:00:00Z,13.04,13.10,12.90,12.94,115624
2026-05-26T02:00:00Z,12.94,13.01,12.94,12.96,93749
2026-05-26T03:00:00Z,12.96,13.04,12.92,12.97,144790
2026-05-26T04:00:00Z,12.97,13.01,12.95,13.01,76041
2026-05-26T05:00:00Z,13.01,13.05,12.97,13.00,62499
2026-05-26T06:00:00Z,13.00,13.01,12.96,12.98,56249
2026-05-26T07:00:00Z,12.98,12.98,12.94,12.98,129165
2026-05-26T08:00:00Z,12.98,12.99,12.94,12.97,105207
2026-05-26T09:00:00Z,12.97,13.10,12.96,13.10,114582
2026-05-26T10:00:00Z,13.10,13.12,13.06,13.10,59374
2026-05-26T11:00:00Z,13.10,13.26,13.10,13.22,108332
2026-05-26T12:00:00Z,13.22,13.25,13.20,13.22,105207
2026-05-26T13:00:00Z,13.22,13.29,13.22,13.24,102082
2026-05-26T14:00:00Z,13.24,13.32,13.20,13.30,66666
2026-05-26T15:00:00Z,13.30,13.31,13.18,13.23,101041
2026-05-26T16:00:00Z,13.23,13.39,13.21,13.37,96874
2026-05-26T17:00:00Z,13.37,13.40,13.37,13.39,133332
2026-05-26T18:00:00Z,13.39,13.47,13.39,13.43,99999
2026-05-26T19:00:00Z,13.43,13.46,13.41,13.43,141665
2026-05-26T20:00:00Z,13.43,13.52,13.43,13.45,82291
2026-05-26T21:00:00Z,13.45,13.49,13.42,13.43,96874
2026-05-26T22:00:00Z,13.43,13.43,13.36,13.36,76041
2026-05-26T23:00:00Z,13.36,13.40,13.30,13.40,86457
2026-05-27T00:00:00Z,13.40,13.46,13.36,13.38,81249
2026-05-27T01:00:00Z,13.38,13.41,13.34,13.35,154165
2026-05-27T02:00:00Z,13.35,13.38,13.33,13.37,54166
2026-05-27T03:00:00Z,13.37,13.43,13.34,13.40,69791
2026-05-27T04:00:00Z,13.40,13.42,13.35,13.40,79166
2026-05-27T05:00:00Z,13.40,13.44,13.35,13.39,68749
2026-05-27T06:00:00Z,13.39,13.39,13.37,13.37,108332
2026-05-27T07:00:00Z,13.37,13.45,13.35,13.43,119790
2026-05-27T08:00:00Z,13.43,13.47,13.33,13.40,145832
2026-05-27T09:00:00Z,13.40,13.46,13.29,13.34,156249
2026-05-27T10:00:00Z,13.34,13.43,13.29,13.41,63541
2026-05-27T11:00:00Z,13.41,13.46,13.35,13.41,149999
2026-05-27T12:00:00Z,13.41,13.58,13.36,13.52,80207
2026-05-27T13:00:00Z,13.52,13.62,13.52,13.57,136457
2026-05-27T14:00:00Z,13.57,13.62,13.48,13.52,60416
2026-05-27T15:00:00Z,13.52,13.58,13.45,13.49,108332
2026-05-27T16:00:00Z,13.49,13.61,13.47,13.58,128124
2026-05-27T17:00:00Z,13.58,13.66,13.56,13.61,115624
2026-05-27T18:00:00Z,13.61,13.73,13.57,13.67,151040
2026-05-27T19:00:00Z,13.67,13.75,13.63,13.68,91666
2026-05-27T20:00:00Z,13.68,13.69,13.62,13.65,123957
2026-05-27T21:00:00Z,13.65,13.75,13.61,13.69,61457
2026-05-27T22:00:00Z,13.69,13.74,13.63,13.72,94791
2026-05-27T23:00:00Z,13.72,13.74,13.57,13.61,96874
2026-05-28T00:00:00Z,13.61,13.66,13.54,13.63,118749
2026-05-28T01:00:00Z,13.63,13.63,13.54,13.61,84374
2026-05-28T02:00:00Z,13.61,13.76,13.56,13.69,122915
2026-05-28T03:00:00Z,13.69,13.69,13.62,13.63,86457
2026-05-28T04:00:00Z,13.63,13.71,13.61,13.65,87499
2026-05-28T05:00:00Z,13.65,13.68,13.55,13.55,57291
2026-05-28T06:00:00Z,13.55,13.72,13.54,13.70,153124
2026-05-28T07:00:00Z,13.70,13.71,13.64,13.66,95832
2026-05-28T08:00:00Z,13.66,13.69,13.58,13.58,103124
2026-05-28T09:00:00Z,13.58,13.59,13.52,13.59,96874
2026-05-28T10:00:00Z,13.59,13.73,13.58,13.67,93749
2026-05-28T11:00:00Z,13.67,13.79,13.66,13.76,137499
2026-05-28T12:00:00Z,13.76,13.87,13.71,13.80,83332
2026-05-28T13:00:00Z,13.80,13.92,13.76,13.85,60416
2026-05-28T14:00:00Z,13.85,13.87,13.79,13.84,98957
2026-05-28T15:00:00Z,13.84,13.91,13.79,13.79,89582
2026-05-28T16:00:00Z,13.79,13.86,13.71,13.76,143749
2026-05-28T17:00:00Z,13.76,13.80,13.72,13.72,86457
2026-05-28T18:00:00Z,13.72,13.79,13.53,13.59,130207
2026-05-28T19:00:00Z,13.59,13.64,13.46,13.49,138540
2026-05-28T20:00:00Z,13.49,13.51,13.39,13.41,81249
2026-05-28T21:00:00Z,13.41,13.47,13.38,13.38,135415
2026-05-28T22:00:00Z,13.38,13.44,13.28,13.34,89582
2026-05-28T23:00:00Z,13.34,13.40,13.30,13.40,119790
2026-05-29T00:00:00Z,13.40,13.43,13.28,13.30,116665
2026-05-29T01:00:00Z,13.30,13.38,13.30,13.37,132290
2026-05-29T02:00:00Z,13.37,13.41,13.31,13.39,99999
2026-05-29T03:00:00Z,13.39,13.39,13.33,13.34,130207
2026-05-29T04:00:00Z,13.34,13.41,13.25,13.26,111457
2026-05-29T05:00:00Z,13.26,13.36,13.25,13.29,73957
2026-05-29T06:00:00Z,13.29,13.32,13.20,13.23,84374
2026-05-29T07:00:00Z,13.23,13.24,13.18,13.18,123957
2026-05-29T08:00:00Z,13.18,13.20,13.16,13.19,137499
2026-05-29T09:00:00Z,13.19,13.24,13.18,13.23,149999
2026-05-29T10:00:00Z,13.23,13.30,13.21,13.22,88541
2026-05-29T11:00:00Z,13.22,13.25,13.20,13.25,122915
2026-05-29T12:00:00Z,13.25,13.28,13.24,13.26,52083
2026-05-29T13:00:00Z,13.26,13.26,13.19,13.19,88541
2026-05-29T14:00:00Z,13.19,13.23,13.14,13.22,143749
2026-05-29T15:00:00Z,13.22,13.23,13.12,13.14,109374
2026-05-29T16:00:00Z,13.14,13.21,13.10,13.19,83332
2026-05-29T17:00:00Z,13.19,13.27,13.17,13.27,72916
2026-05-29T18:00:00Z,13.27,13.28,13.24,13.24,128124
2026-05-29T19:00:00Z,13.24,13.30,13.21,13.26,116665
2026-05-29T20:00:00Z,13.26,13.26,13.16,13.22,60416
2026-05-29T21:00:00Z,13.22,13.22,13.16,13.22,136457
2026-05-29T22:00:00Z,13.22,13.23,13.08,13.14,141665
2026-05-29T23:00:00Z,13.14,13.20,13.08,13.18,69791
2026-05-30T00:00:00Z,13.18,13.20,13.17,13.18,93749
2026-05-30T01:00:00Z,13.18,13.23,13.13,13.19,53124
2026-05-30T02:00:00Z,13.19,13.32,13.16,13.30,114582
2026-05-30T03:00:00Z,13.30,13.32,13.21,13.28,117707
2026-05-30T04:00:00Z,13.28,13.33,13.23,13.27,86457
2026-05-30T05:00:00Z,13.27,13.27,13.18,13.22,96874
2026-05-30T06:00:00Z,13.22,13.24,13.12,13.12,73957
2026-05-30T07:00:00Z,13.12,13.15,13.04,13.08,110415
2026-05-30T08:00:00Z,13.08,13.13,12.99,13.06,139582
2026-05-30T09:00:00Z,13.06,13.22,13.00,13.15,83332
2026-05-30T10:00:00Z,13.15,13.20,13.03,13.08,107290
2026-05-30T11:00:00Z,13.08,13.09,12.98,13.00,114582
2026-05-30T12:00:00Z,13.00,13.03,12.97,13.01,110415
2026-05-30T13:00:00Z,13.01,13.11,13.00,13.06,147915
2026-05-30T14:00:00Z,13.06,13.09,12.93,12.98,127082
2026-05-30T15:00:00Z,12.98,13.01,12.95,12.95,128124
2026-05-30T16:00:00Z,12.95,13.04,12.89,13.02,118749
2026-05-30T17:00:00Z,13.02,13.02,12.94,12.99,81249
2026-05-30T18:00:00Z,12.99,13.10,12.94,13.05,120832
2026-05-30T19:00:00Z,13.05,13.18,13.04,13.11,145832
2026-05-30T20:00:00Z,13.11,13.21,13.08,13.16,129165
2026-05-30T21:00:00Z,13.16,13.26,13.11,13.19,85416
2026-05-30T22:00:00Z,13.19,13.26,13.16,13.24,72916
2026-05-30T23:00:00Z,13.24,13.26,13.22,13.23,107290
2026-05-31T00:00:00Z,13.23,13.31,13.16,13.28,110415
2026-05-31T01:00:00Z,13.28,13.35,13.23,13.30,66666
2026-05-31T02:00:00Z,13.30,13.36,13.13,13.18,111457
2026-05-31T03:00:00Z,13.18,13.19,13.14,13.14,154165
2026-05-31T04:00:00Z,13.14,13.20,13.08,13.12,68749
2026-05-31T05:00:00Z,13.12,13.18,13.07,13.11,136457
2026-05-31T06:00:00Z,13.11,13.17,13.02,13.06,128124
2026-05-31T07:00:00Z,13.06,13.13,13.04,13.07,120832
2026-05-31T08:00:00Z,13.07,13.11,13.02,13.04,144790
2026-05-31T09:00:00Z,13.04,13.15,12.98,13.12,67707
2026-05-31T10:00:00Z,13.12,13.27,13.06,13.23,57291
2026-05-31T11:00:00Z,13.23,13.30,13.15,13.22,118749
2026-05-31T12:00:00Z,13.22,13.24,13.08,13.14,71874
2026-05-31T13:00:00Z,13.14,13.23,13.09,13.20,104166
2026-05-31T14:00:00Z,13.20,13.27,13.16,13.25,140624
2026-05-31T15:00:00Z,13.25,13.25,13.24,13.25,133332
2026-05-31T16:00:00Z,13.25,13.45,13.24,13.38,151040
2026-05-31T17:00:00Z,13.38,13.53,13.33,13.51,144790
2026-05-31T18:00:00Z,13.51,13.59,13.47,13.54,121874
2026-05-31T19:00:00Z,13.54,13.62,13.50,13.56,130207
2026-05-31T20:00:00Z,13.56,13.62,13.52,13.61,89582
2026-05-31T21:00:00Z,13.61,13.67,13.54,13.65,61457
2026-05-31T22:00:00Z,13.65,13.74,13.60,13.70,153124
2026-05-31T23:00:00Z,13.70,13.75,13.64,13.73,122915
2026-06-01T00:00:00Z,13.73,13.82,13.71,13.78,147915
2026-06-01T01:00:00Z,13.78,13.79,13.64,13.65,138540
2026-06-01T02:00:00Z,13.65,13.75,13.60,13.70,63541
2026-06-01T03:00:00Z,13.70,13.70,13.67,13.68,143749
2026-06-01T04:00:00Z,13.68,13.72,13.63,13.68,121874
2026-06-01T05:00:00Z,13.68,13.73,13.61,13.71,66666
2026-06-01T06:00:00Z,13.71,13.78,13.65,13.73,143749
2026-06-01T07:00:00Z,13.73,13.74,13.66,13.72,97916
2026-06-01T08:00:00Z,13.72,13.80,13.71,13.77,119790
2026-06-01T09:00:00Z,13.77,13.80,13.70,13.71,94791
2026-06-01T10:00:00Z,13.71,13.78,13.61,13.61,62499
2026-06-01T11:00:00Z,13.61,13.70,13.58,13.65,53124
2026-06-01T12:00:00Z,13.65,13.78,13.60,13.74,80207
2026-06-01T13:00:00Z,13.74,13.81,13.55,13.58,88541
2026-06-01T14:00:00Z,13.58,13.62,13.57,13.60,67707
2026-06-01T15:00:00Z,13.60,13.67,13.54,13.55,88541
2026-06-01T16:00:00Z,13.55,13.68,13.54,13.62,72916
2026-06-01T17:00:00Z,13.62,13.69,13.55,13.63,133332
2026-06-01T18:00:00Z,13.63,13.69,13.57,13.66,107290
2026-06-01T19:00:00Z,13.66,13.74,13.66,13.69,119790
2026-06-01T20:00:00Z,13.69,13.74,13.56,13.59,96874
2026-06-01T21:00:00Z,13.59,13.63,13.52,13.63,137499
2026-06-01T22:00:00Z,13.63,13.74,13.61,13.72,93749
2026-06-01T23:00:00Z,13.72,13.73,13.66,13.73,61457
2026-06-02T00:00:00Z,13.73,13.77,13.71,13.77,104166
2026-06-02T01:00:00Z,13.77,13.82,13.71,13.76,57291
2026-06-02T02:00:00Z,13.76,13.76,13.76,13.76,153124
2026-06-02T03:00:00Z,13.76,13.82,13.69,13.73,114582
2026-06-02T04:00:00Z,13.73,13.76,13.62,13.69,138540
2026-06-02T05:00:00Z,13.69,13.71,13.58,13.62,97916
2026-06-02T06:00:00Z,13.62,13.68,13.51,13.56,132290
2026-06-02T07:00:00Z,13.56,13.64,13.56,13.63,112499
2026-06-02T08:00:00Z,13.63,13.70,13.61,13.63,106249
2026-06-02T09:00:00Z,13.63,13.68,13.59,13.64,136457
2026-06-02T10:00:00Z,13.64,13.77,13.64,13.70,128124
2026-06-02T11:00:00Z,13.70,13.75,13.64,13.65,77082
2026-06-02T12:00:00Z,13.65,13.74,13.64,13.69,71874
2026-06-02T13:00:00Z,13.69,13.74,13.67,13.70,120832
2026-06-02T14:00:00Z,13.70,13.78,13.68,13.73,59374
2026-06-02T15:00:00Z,13.73,13.86,13.67,13.85,62499
2026-06-02T16:00:00Z,13.85,14.06,13.78,14.01,61457
2026-06-02T17:00:00Z,14.01,14.07,13.96,13.96,120832
2026-06-02T18:00:00Z,13.96,13.98,13.91,13.94,54166
2026-06-02T19:00:00Z,13.94,14.03,13.88,13.98,78124
2026-06-02T20:00:00Z,13.98,13.99,13.89,13.93,82291
2026-06-02T21:00:00Z,13.93,13.93,13.81,13.87,139582
2026-06-02T22:00:00Z,13.87,13.94,13.83,13.85,138540
2026-06-02T23:00:00Z,13.85,13.90,13.77,13.77,116665
2026-06-03T00:00:00Z,13.77,13.86,13.76,13.82,83332
2026-06-03T01:00:00Z,13.82,13.84,13.75,13.84,130207
2026-06-03T02:00:00Z,13.84,13.89,13.77,13.81,54166
2026-06-03T03:00:00Z,13.81,13.99,13.74,13.96,62499
2026-06-03T04:00:00Z,13.96,14.03,13.78,13.83,66666
2026-06-03T05:00:00Z,13.83,13.92,13.77,13.86,155207
2026-06-03T06:00:00Z,13.86,13.88,13.78,13.83,61457
2026-06-03T07:00:00Z,13.83,13.83,13.68,13.71,105207
2026-06-03T08:00:00Z,13.71,13.76,13.51,13.57,102082
2026-06-03T09:00:00Z,13.57,13.59,13.51,13.55,140624
2026-06-03T10:00:00Z,13.55,13.61,13.53,13.54,67707
2026-06-03T11:00:00Z,13.54,13.59,13.40,13.44,74999
2026-06-03T12:00:00Z,13.44,13.48,13.34,13.38,148957
2026-06-03T13:00:00Z,13.38,13.52,13.34,13.45,126040
2026-06-03T14:00:00Z,13.45,13.46,13.39,13.42,152082
2026-06-03T15:00:00Z,13.42,13.62,13.39,13.55,114582
2026-06-03T16:00:00Z,13.55,13.57,13.48,13.55,106249
2026-06-03T17:00:00Z,13.55,13.68,13.51,13.66,137499
2026-06-03T18:00:00Z,13.66,13.73,13.63,13.70,83332
2026-06-03T19:00:00Z,13.70,13.71,13.62,13.62,115624
2026-06-03T20:00:00Z,13.62,13.69,13.57,13.63,123957
2026-06-03T21:00:00Z,13.63,13.68,13.56,13.62,66666
2026-06-03T22:00:00Z,13.62,13.81,13.56,13.75,83332
2026-06-03T23:00:00Z,13.75,13.84,13.71,13.80,106249
2026-06-04T00:00:00Z,13.80,13.89,13.79,13.88,90624
2026-06-04T01:00:00Z,13.88,13.94,13.81,13.85,62499
2026-06-04T02:00:00Z,13.85,13.93,13.79,13.92,106249
2026-06-04T03:00:00Z,13.92,14.02,13.90,13.95,120832
2026-06-04T04:00:00Z,13.95,14.14,13.89,14.09,104166
2026-06-04T05:00:00Z,14.09,14.10,13.96,13.96,118749
2026-06-04T06:00:00Z,13.96,14.13,13.95,14.06,93749
2026-06-04T07:00:00Z,14.06,14.15,14.05,14.11,91666
2026-06-04T08:00:00Z,14.11,14.11,14.00,14.05,101041
2026-06-04T09:00:00Z,14.05,14.16,14.03,14.11,64582
2026-06-04T10:00:00Z,14.11,14.18,14.08,14.10,53124
2026-06-04T11:00:00Z,14.10,14.15,14.05,14.14,119790
2026-06-04T12:00:00Z,14.14,14.26,14.14,14.22,119790
2026-06-04T13:00:00Z,14.22,14.28,14.15,14.22,148957
2026-06-04T14:00:00Z,14.22,14.23,14.16,14.17,67707
2026-06-04T15:00:00Z,14.17,14.21,14.16,14.16,127082
2026-06-04T16:00:00Z,14.16,14.24,14.16,14.17,108332
2026-06-04T17:00:00Z,14.17,14.21,14.10,14.15,71874
2026-06-04T18:00:00Z,14.15,14.18,14.13,14.16,64582
2026-06-04T19:00:00Z,14.16,14.20,14.11,14.15,131249
2026-06-04T20:00:00Z,14.15,14.19,14.04,14.08,133332
2026-06-04T21:00:00Z,14.08,14.19,14.03,14.18,87499
2026-06-04T22:00:00Z,14.18,14.27,14.17,14.23,54166
2026-06-04T23:00:00Z,14.23,14.36,14.20,14.30,148957
2026-06-05T00:00:00Z,14.30,14.35,14.21,14.27,67707
2026-06-05T01:00:00Z,14.27,14.29,14.26,14.28,62499
2026-06-05T02:00:00Z,14.28,14.28,14.16,14.22,95832
2026-06-05T03:00:00Z,14.22,14.27,14.09,14.15,138540
2026-06-05T04:00:00Z,14.15,14.33,14.12,14.29,112499
2026-06-05T05:00:00Z,14.29,14.39,14.28,14.37,90624
2026-06-05T06:00:00Z,14.37,14.37,14.26,14.27,139582
2026-06-05T07:00:00Z,14.27,14.30,14.23,14.26,107290
2026-06-05T08:00:00Z,14.26,14.31,14.19,14.26,135415
2026-06-05T09:00:00Z,14.26,14.26,14.14,14.21,137499
2026-06-05T10:00:00Z,14.21,14.25,14.17,14.25,93749
2026-06-05T11:00:00Z,14.25,14.25,14.12,14.19,66666
2026-06-05T12:00:00Z,14.19,14.24,14.10,14.17,124999
2026-06-05T13:00:00Z,14.17,14.26,14.17,14.22,54166
2026-06-05T14:00:00Z,14.22,14.36,14.19,14.30,91666
2026-06-05T15:00:00Z,14.30,14.43,14.24,14.36,55207
2026-06-05T16:00:00Z,14.36,14.41,14.29,14.36,94791
2026-06-05T17:00:00Z,14.36,14.41,14.24,14.29,126040
2026-06-05T18:00:00Z,14.29,14.31,14.18,14.24,105207
2026-06-05T19:00:00Z,14.24,14.30,14.14,14.21,136457
2026-06-05T20:00:00Z,14.21,14.34,14.17,14.32,144790
2026-06-05T21:00:00Z,14.32,14.43,14.27,14.37,148957
2026-06-05T22:00:00Z,14.37,14.43,14.35,14.36,154165
2026-06-05T23:00:00Z,14.36,14.43,14.31,14.32,70832
2026-06-06T00:00:00Z,14.32,14.36,14.25,14.35,65624
2026-06-06T01:00:00Z,14.35,14.41,14.23,14.28,139582
2026-06-06T02:00:00Z,14.28,14.43,14.27,14.39,117707
2026-06-06T03:00:00Z,14.39,14.53,14.31,14.46,110415
2026-06-06T04:00:00Z,14.46,14.49,14.31,14.36,66666
2026-06-06T05:00:00Z,14.36,14.37,14.32,14.36,108332
2026-06-06T06:00:00Z,14.36,14.41,14.29,14.30,72916
2026-06-06T07:00:00Z,14.30,14.32,14.18,14.22,69791
2026-06-06T08:00:00Z,14.22,14.29,14.17,14.23,89582
2026-06-06T09:00:00Z,14.23,14.33,14.18,14.30,92707
2026-06-06T10:00:00Z,14.30,14.34,14.18,14.25,115624
2026-06-06T11:00:00Z,14.25,14.29,14.15,14.20,79166
2026-06-06T12:00:00Z,14.20,14.38,14.20,14.33,74999
2026-06-06T13:00:00Z,14.33,14.34,14.25,14.30,106249
2026-06-06T14:00:00Z,14.30,14.37,14.21,14.26,73957
2026-06-06T15:00:00Z,14.26,14.32,14.21,14.29,143749
2026-06-06T16:00:00Z,14.29,14.42,14.26,14.37,85416
2026-06-06T17:00:00Z,14.37,14.39,14.21,14.26,90624
2026-06-06T18:00:00Z,14.26,14.26,14.25,14.25,111457
2026-06-06T19:00:00Z,14.25,14.27,14.23,14.27,96874
2026-06-06T20:00:00Z,14.27,14.29,14.18,14.18,106249
2026-06-06T21:00:00Z,14.18,14.20,14.09,14.14,135415
2026-06-06T22:00:00Z,14.14,14.17,14.08,14.15,118749
2026-06-06T23:00:00Z,14.15,14.20,14.05,14.08,88541
2026-06-07T00:00:00Z,14.08,14.11,13.90,13.96,89582
2026-06-07T01:00:00Z,13.96,14.11,13.92,14.04,60416
2026-06-07T02:00:00Z,14.04,14.15,13.98,14.09,141665
2026-06-07T03:00:00Z,14.09,14.17,14.06,14.12,56249
2026-06-07T04:00:00Z,14.12,14.17,13.95,14.00,136457
2026-06-07T05:00:00Z,14.00,14.00,13.97,13.99,131249
2026-06-07T06:00:00Z,13.99,14.02,13.97,13.97,70832
2026-06-07T07:00:00Z,13.97,14.01,13.95,13.97,59374
2026-06-07T08:00:00Z,13.97,14.06,13.92,14.01,147915
2026-06-07T09:00:00Z,14.01,14.06,13.89,13.94,83332
2026-06-07T10:00:00Z,13.94,13.95,13.83,13.90,73957
2026-06-07T11:00:00Z,13.90,13.91,13.90,13.91,56249
2026-06-07T12:00:00Z,13.91,13.93,13.85,13.86,82291
2026-06-07T13:00:00Z,13.86,13.89,13.77,13.80,105207
2026-06-07T14:00:00Z,13.80,13.90,13.77,13.86,113540
2026-06-07T15:00:00Z,13.86,13.93,13.82,13.89,82291
2026-06-07T16:00:00Z,13.89,13.95,13.86,13.88,118749
2026-06-07T17:00:00Z,13.88,13.88,13.81,13.86,108332
2026-06-07T18:00:00Z,13.86,13.89,13.82,13.87,72916
2026-06-07T19:00:00Z,13.87,13.97,13.85,13.94,71874
2026-06-07T20:00:00Z,13.94,14.00,13.87,13.90,148957
2026-06-07T21:00:00Z,13.90,14.00,13.87,14.00,124999
2026-06-07T22:00:00Z,14.00,14.03,13.94,14.01,91666
2026-06-07T23:00:00Z,14.01,14.01,13.95,13.99,156249
2026-06-08T00:00:00Z,13.99,14.04,13.98,14.00,79166
2026-06-08T01:00:00Z,14.00,14.07,13.95,13.96,65624
2026-06-08T02:00:00Z,13.96,14.03,13.90,13.98,132290
2026-06-08T03:00:00Z,13.98,14.03,13.91,13.96,58332
2026-06-08T04:00:00Z,13.96,14.01,13.80,13.85,139582
2026-06-08T05:00:00Z,13.85,13.96,13.85,13.92,55207
2026-06-08T06:00:00Z,13.92,13.94,13.85,13.88,72916
2026-06-08T07:00:00Z,13.88,14.03,13.88,13.97,110415
2026-06-08T08:00:00Z,13.97,13.98,13.92,13.96,58332
2026-06-08T09:00:00Z,13.96,14.00,13.96,13.96,156249
2026-06-08T10:00:00Z,13.96,14.02,13.90,13.99,143749
2026-06-08T11:00:00Z,13.99,14.03,13.91,13.92,97916
2026-06-08T12:00:00Z,13.92,13.97,13.86,13.92,113540
2026-06-08T13:00:00Z,13.92,13.95,13.85,13.85,66666
2026-06-08T14:00:00Z,13.85,13.92,13.77,13.79,153124
2026-06-08T15:00:00Z,13.79,13.86,13.73,13.77,59374
2026-06-08T16:00:00Z,13.77,13.85,13.75,13.79,60416
2026-06-08T17:00:00Z,13.79,13.83,13.75,13.78,127082
2026-06-08T18:00:00Z,13.78,13.82,13.78,13.81,60416
2026-06-08T19:00:00Z,13.81,13.85,13.72,13.79,144790
2026-06-08T20:00:00Z,13.79,13.79,13.72,13.74,117707
2026-06-08T21:00:00Z,13.74,13.84,13.67,13.82,74999
2026-06-08T22:00:00Z,13.82,13.86,13.81,13.82,145832
2026-06-08T23:00:00Z,13.82,13.84,13.66,13.67,124999
2026-06-09T00:00:00Z,13.67,13.73,13.62,13.67,149999
2026-06-09T01:00:00Z,13.67,13.67,13.62,13.65,111457
2026-06-09T02:00:00Z,13.65,13.78,13.59,13.72,76041
2026-06-09T03:00:00Z,13.72,13.74,13.65,13.71,73957
2026-06-09T04:00:00Z,13.71,13.75,13.56,13.62,71874
2026-06-09T05:00:00Z,13.62,13.66,13.56,13.57,112499
2026-06-09T06:00:00Z,13.57,13.60,13.56,13.58,53124
2026-06-09T07:00:00Z,13.58,13.65,13.53,13.63,139582
2026-06-09T08:00:00Z,13.63,13.66,13.48,13.50,82291
2026-06-09T09:00:00Z,13.50,13.60,13.46,13.53,84374
2026-06-09T10:00:00Z,13.53,13.54,13.44,13.47,143749
2026-06-09T11:00:00Z,13.47,13.57,13.45,13.55,72916
2026-06-09T12:00:00Z,13.55,13.68,13.54,13.64,103124
2026-06-09T13:00:00Z,13.64,13.70,13.55,13.60,138540
2026-06-09T14:00:00Z,13.60,13.65,13.57,13.57,143749
2026-06-09T15:00:00Z,13.57,13.65,13.55,13.62,144790
2026-06-09T16:00:00Z,13.62,13.69,13.56,13.65,129165
2026-06-09T17:00:00Z,13.65,13.71,13.59,13.66,154165
2026-06-09T18:00:00Z,13.66,13.71,13.62,13.70,59374
2026-06-09T19:00:00Z,13.70,13.72,13.61,13.68,102082
2026-06-09T20:00:00Z,13.68,13.76,13.63,13.72,109374
2026-06-09T21:00:00Z,13.72,13.76,13.68,13.71,114582
2026-06-09T22:00:00Z,13.71,13.84,13.71,13.79,88541
2026-06-09T23:00:00Z,13.79,13.79,13.67,13.72,112499
2026-06-10T00:00:00Z,13.72,13.81,13.71,13.80,92707
2026-06-10T01:00:00Z,13.80,13.86,13.71,13.74,109374
2026-06-10T02:00:00Z,13.74,13.93,13.73,13.88,108332
2026-06-10T03:00:00Z,13.88,13.91,13.80,13.87,68749
2026-06-10T04:00:00Z,13.87,13.92,13.81,13.87,140624
2026-06-10T05:00:00Z,13.87,13.91,13.80,13.83,137499
2026-06-10T06:00:00Z,13.83,13.88,13.79,13.84,119790
2026-06-10T07:00:00Z,13.84,13.99,13.79,13.97,60416
2026-06-10T08:00:00Z,13.97,14.09,13.96,14.06,74999
2026-06-10T09:00:00Z,14.06,14.16,13.99,14.12,141665
2026-06-10T10:00:00Z,14.12,14.21,14.11,14.18,52083
2026-06-10T11:00:00Z,14.18,14.29,14.15,14.23,102082
2026-06-10T12:00:00Z,14.23,14.29,14.21,14.27,114582
2026-06-10T13:00:00Z,14.27,14.42,14.24,14.38,61457
2026-06-10T14:00:00Z,14.38,14.49,14.36,14.47,90624
2026-06-10T15:00:00Z,14.47,14.54,14.43,14.53,84374
2026-06-10T16:00:00Z,14.53,14.53,14.38,14.45,76041
2026-06-10T17:00:00Z,14.45,14.46,14.36,14.40,104166
2026-06-10T18:00:00Z,14.40,14.43,14.35,14.38,81249
2026-06-10T19:00:00Z,14.38,14.38,14.23,14.27,118749
2026-06-10T20:00:00Z,14.27,14.41,14.24,14.34,104166
2026-06-10T21:00:00Z,14.34,14.34,14.30,14.30,144790
2026-06-10T22:00:00Z,14.30,14.34,14.28,14.28,149999
2026-06-10T23:00:00Z,14.28,14.37,14.28,14.32,144790
2026-06-11T00:00:00Z,14.32,14.34,14.28,14.30,63541
2026-06-11T01:00:00Z,14.30,14.40,14.29,14.35,80207
2026-06-11T02:00:00Z,14.35,14.40,14.35,14.37,52083
2026-06-11T03:00:00Z,14.37,14.38,14.25,14.25,74999
2026-06-11T04:00:00Z,14.25,14.28,14.23,14.23,123957
2026-06-11T05:00:00Z,14.23,14.26,14.13,14.15,103124
2026-06-11T06:00:00Z,14.15,14.26,14.14,14.24,139582
2026-06-11T07:00:00Z,14.24,14.27,14.19,14.26,132290
2026-06-11T08:00:00Z,14.26,14.40,14.21,14.35,105207
2026-06-11T09:00:00Z,14.35,14.40,14.32,14.34,146874
2026-06-11T10:00:00Z,14.34,14.38,14.29,14.31,105207
2026-06-11T11:00:00Z,14.31,14.31,14.25,14.30,99999
2026-06-11T12:00:00Z,14.30,14.33,14.26,14.29,139582
2026-06-11T13:00:00Z,14.29,14.31,14.13,14.19,109374
2026-06-11T14:00:00Z,14.19,14.25,14.17,14.23,88541
2026-06-11T15:00:00Z,14.23,14.28,14.22,14.28,95832
2026-06-11T16:00:00Z,14.28,14.34,14.20,14.27,148957
2026-06-11T17:00:00Z,14.27,14.28,14.22,14.26,79166
2026-06-11T18:00:00Z,14.26,14.30,14.13,14.16,68749
2026-06-11T19:00:00Z,14.16,14.19,14.16,14.16,123957
2026-06-11T20:00:00Z,14.16,14.22,14.06,14.06,120832
2026-06-11T21:00:00Z,14.06,14.17,14.05,14.16,113540
2026-06-11T22:00:00Z,14.16,14.19,14.16,14.19,113540
2026-06-11T23:00:00Z,14.19,14.19,14.12,14.18,153124
2026-06-12T00:00:00Z,14.18,14.25,14.14,14.19,74999
2026-06-12T01:00:00Z,14.19,14.19,14.03,14.08,71874
2026-06-12T02:00:00Z,14.08,14.13,14.02,14.04,54166
2026-06-12T03:00:00Z,14.04,14.08,13.92,13.98,79166
2026-06-12T04:00:00Z,13.98,14.03,13.86,13.89,121874
2026-06-12T05:00:00Z,13.89,14.02,13.88,13.99,116665
2026-06-12T06:00:00Z,13.99,14.13,13.98,14.12,127082
2026-06-12T07:00:00Z,14.12,14.17,14.09,14.14,96874
2026-06-12T08:00:00Z,14.14,14.20,14.14,14.20,76041
2026-06-12T09:00:00Z,14.20,14.28,14.16,14.21,93749
2026-06-12T10:00:00Z,14.21,14.33,14.20,14.28,101041
2026-06-12T11:00:00Z,14.28,14.39,14.26,14.35,96874
2026-06-12T12:00:00Z,14.35,14.37,14.31,14.34,85416
2026-06-12T13:00:00Z,14.34,14.37,14.34,14.36,104166
2026-06-12T14:00:00Z,14.36,14.43,14.31,14.40,146874
2026-06-12T15:00:00Z,14.40,14.53,14.40,14.49,131249
2026-06-12T16:00:00Z,14.49,14.57,14.45,14.55,63541
2026-06-12T17:00:00Z,14.55,14.55,14.48,14.48,132290
2026-06-12T18:00:00Z,14.48,14.48,14.44,14.48,71874
2026-06-12T19:00:00Z,14.48,14.54,14.44,14.49,113540
2026-06-12T20:00:00Z,14.49,14.53,14.39,14.46,135415
2026-06-12T21:00:00Z,14.46,14.53,14.38,14.43,74999
2026-06-12T22:00:00Z,14.43,14.57,14.40,14.53,56249
2026-06-12T23:00:00Z,14.53,14.59,14.53,14.57,95832
2026-06-13T00:00:00Z,14.57,14.58,14.52,14.55,148957
2026-06-13T01:00:00Z,14.55,14.62,14.48,14.59,83332
2026-06-13T02:00:00Z,14.59,14.66,14.54,14.55,81249
2026-06-13T03:00:00Z,14.55,14.61,14.50,14.53,92707
2026-06-13T04:00:00Z,14.53,14.59,14.48,14.54,74999
2026-06-13T05:00:00Z,14.54,14.60,14.48,14.57,132290
2026-06-13T06:00:00Z,14.57,14.62,14.38,14.43,53124
2026-06-13T07:00:00Z,14.43,14.45,14.36,14.45,155207
2026-06-13T08:00:00Z,14.45,14.56,14.42,14.49,91666
2026-06-13T09:00:00Z,14.49,14.68,14.45,14.65,74999
2026-06-13T10:00:00Z,14.65,14.68,14.57,14.67,156249
2026-06-13T11:00:00Z,14.67,14.69,14.53,14.58,99999
2026-06-13T12:00:00Z,14.58,14.73,14.52,14.70,99999
2026-06-13T13:00:00Z,14.70,14.78,14.63,14.73,65624
2026-06-13T14:00:00Z,14.73,14.81,14.69,14.69,62499
2026-06-13T15:00:00Z,14.69,14.76,14.62,14.70,87499
2026-06-13T16:00:00Z,14.70,14.77,14.64,14.66,103124
2026-06-13T17:00:00Z,14.66,14.71,14.65,14.68,129165
2026-06-13T18:00:00Z,14.68,14.81,14.65,14.79,103124
2026-06-13T19:00:00Z,14.79,14.87,14.74,14.86,98957
2026-06-13T20:00:00Z,14.86,14.86,14.72,14.78,122915
2026-06-13T21:00:00Z,14.78,14.80,14.68,14.69,144790
2026-06-13T22:00:00Z,14.69,14.70,14.61,14.62,143749
2026-06-13T23:00:00Z,14.62,14.63,14.54,14.58,142707
2026-06-14T00:00:00Z,14.58,14.61,14.43,14.44,87499
2026-06-14T01:00:00Z,14.44,14.53,14.38,14.47,71874
2026-06-14T02:00:00Z,14.47,14.51,14.41,14.43,79166
2026-06-14T03:00:00Z,14.43,14.44,14.37,14.41,94791
2026-06-14T04:00:00Z,14.41,14.47,14.41,14.43,122915
2026-06-14T05:00:00Z,14.43,14.44,14.23,14.30,55207
2026-06-14T06:00:00Z,14.30,14.39,14.24,14.34,76041
2026-06-14T07:00:00Z,14.34,14.38,14.27,14.36,112499
2026-06-14T08:00:00Z,14.36,14.36,14.28,14.35,62499
2026-06-14T09:00:00Z,14.35,14.37,14.25,14.25,102082
2026-06-14T10:00:00Z,14.25,14.30,14.20,14.29,93749
2026-06-14T11:00:00Z,14.29,14.29,14.22,14.27,89582
2026-06-14T12:00:00Z,14.27,14.37,14.24,14.32,76041
2026-06-14T13:00:00Z,14.32,14.35,14.24,14.28,112499
2026-06-14T14:00:00Z,14.28,14.29,14.18,14.21,139582
2026-06-14T15:00:00Z,14.21,14.28,14.11,14.15,72916
2026-06-14T16:00:00Z,14.15,14.18,14.10,14.12,104166
2026-06-14T17:00:00Z,14.12,14.27,14.10,14.23,129165
2026-06-14T18:00:00Z,14.23,14.39,14.23,14.35,72916
2026-06-14T19:00:00Z,14.35,14.40,14.30,14.34,121874
2026-06-14T20:00:00Z,14.34,14.40,14.21,14.26,73957
2026-06-14T21:00:00Z,14.26,14.29,14.22,14.26,103124
2026-06-14T22:00:00Z,14.26,14.36,14.21,14.34,83332
2026-06-14T23:00:00Z,14.34,14.40,14.33,14.34,154165
2026-06-15T00:00:00Z,14.34,14.34,14.26,14.33,142707
2026-06-15T01:00:00Z,14.33,14.33,14.29,14.32,127082
2026-06-15T02:00:00Z,14.32,14.36,14.21,14.28,134374
2026-06-15T03:00:00Z,14.28,14.35,14.27,14.27,112499
2026-06-15T04:00:00Z,14.27,14.31,14.22,14.24,68749
2026-06-15T05:00:00Z,14.24,14.25,14.22,14.23,86457
2026-06-15T06:00:00Z,14.23,14.26,14.17,14.24,155207
2026-06-15T07:00:00Z,14.24,14.27,14.14,14.19,91666
2026-06-15T08:00:00Z,14.19,14.22,14.10,14.17,69791
2026-06-15T09:00:00Z,14.17,14.17,14.03,14.06,137499
2026-06-15T10:00:00Z,14.06,14.09,14.01,14.03,83332
2026-06-15T11:00:00Z,14.03,14.19,14.03,14.14,57291
2026-06-15T12:00:00Z,14.14,14.16,14.06,14.09,81249
2026-06-15T13:00:00Z,14.09,14.14,14.03,14.08,65624
2026-06-15T14:00:00Z,14.08,14.10,14.05,14.06,68749
2026-06-15T15:00:00Z,14.06,14.16,13.99,14.09,56249
2026-06-15T16:00:00Z,14.09,14.10,14.04,14.08,135415
2026-06-15T17:00:00Z,14.08,14.15,13.95,13.99,145832
2026-06-15T18:00:00Z,13.99,14.00,13.93,13.97,57291
2026-06-15T19:00:00Z,13.97,13.98,13.96,13.98,146874
2026-06-15T20:00:00Z,13.98,14.10,13.94,14.06,122915
2026-06-15T21:00:00Z,14.06,14.12,14.06,14.10,59374
2026-06-15T22:00:00Z,14.10,14.14,14.04,14.09,116665
2026-06-15T23:00:00Z,14.09,14.15,14.02,14.06,139582
2026-06-16T00:00:00Z,14.06,14.11,14.03,14.04,140624
2026-06-16T01:00:00Z,14.04,14.05,13.97,14.02,139582
2026-06-16T02:00:00Z,14.02,14.08,14.00,14.08,84374
2026-06-16T03:00:00Z,14.08,14.08,13.94,13.99,60416
2026-06-16T04:00:00Z,13.99,14.03,13.93,13.98,62499
2026-06-16T05:00:00Z,13.98,14.00,13.96,13.97,63541
2026-06-16T06:00:00Z,13.97,14.00,13.95,13.95,55207
2026-06-16T07:00:00Z,13.95,13.96,13.93,13.93,129165
2026-06-16T08:00:00Z,13.93,13.95,13.87,13.89,83332
2026-06-16T09:00:00Z,13.89,13.92,13.87,13.91,137499
2026-06-16T10:00:00Z,13.91,13.99,13.85,13.94,97916
2026-06-16T11:00:00Z,13.94,13.98,13.82,13.85,131249
2026-06-16T12:00:00Z,13.85,13.88,13.78,13.85,71874
2026-06-16T13:00:00Z,13.85,13.92,13.77,13.82,62499
2026-06-16T14:00:00Z,13.82,13.86,13.74,13.76,120832
2026-06-16T15:00:00Z,13.76,13.76,13.63,13.69,63541
2026-06-16T16:00:00Z,13.69,13.75,13.63,13.75,79166
2026-06-16T17:00:00Z,13.75,13.78,13.70,13.71,131249
2026-06-16T18:00:00Z,13.71,13.79,13.64,13.72,123957
2026-06-16T19:00:00Z,13.72,13.72,13.66,13.71,77082
2026-06-16T20:00:00Z,13.71,13.77,13.62,13.69,105207
2026-06-16T21:00:00Z,13.69,13.83,13.62,13.78,68749
2026-06-16T22:00:00Z,13.78,13.84,13.78,13.79,71874
2026-06-16T23:00:00Z,13.79,13.92,13.75,13.88,87499
2026-06-17T00:00:00Z,13.88,13.96,13.88,13.93,74999
2026-06-17T01:00:00Z,13.93,13.96,13.87,13.89,88541
2026-06-17T02:00:00Z,13.89,13.93,13.78,13.81,70832
2026-06-17T03:00:00Z,13.81,13.97,13.80,13.92,65624
2026-06-17T04:00:00Z,13.92,13.96,13.83,13.87,67707
2026-06-17T05:00:00Z,13.87,13.91,13.81,13.85,69791
2026-06-17T06:00:00Z,13.85,13.93,13.84,13.90,53124
2026-06-17T07:00:00Z,13.90,13.97,13.80,13.85,141665
2026-06-17T08:00:00Z,13.85,13.91,13.79,13.83,74999
2026-06-17T09:00:00Z,13.83,13.84,13.72,13.73,59374
2026-06-17T10:00:00Z,13.73,13.81,13.68,13.75,56249
2026-06-17T11:00:00Z,13.75,13.89,13.70,13.82,73957
2026-06-17T12:00:00Z,13.82,13.85,13.70,13.77,65624
2026-06-17T13:00:00Z,13.77,13.87,13.73,13.83,87499
2026-06-17T14:00:00Z,13.83,13.86,13.77,13.84,76041
2026-06-17T15:00:00Z,13.84,13.94,13.84,13.87,123957
2026-06-17T16:00:00Z,13.87,13.92,13.84,13.88,136457
2026-06-17T17:00:00Z,13.88,13.96,13.84,13.92,59374
2026-06-17T18:00:00Z,13.92,13.97,13.88,13.94,52083
2026-06-17T19:00:00Z,13.94,13.99,13.84,13.85,135415
2026-06-17T20:00:00Z,13.85,13.90,13.78,13.80,93749
2026-06-17T21:00:00Z,13.80,13.84,13.76,13.83,102082
2026-06-17T22:00:00Z,13.83,13.89,13.80,13.86,79166
2026-06-17T23:00:00Z,13.86,13.90,13.78,13.85,54166
2026-06-18T00:00:00Z,13.85,13.87,13.82,13.82,112499
2026-06-18T01:00:00Z,13.82,13.84,13.80,13.83,121874
2026-06-18T02:00:00Z,13.83,13.98,13.78,13.93,69791
2026-06-18T03:00:00Z,13.93,13.97,13.91,13.91,120832
2026-06-18T04:00:00Z,13.91,13.91,13.73,13.75,135415
2026-06-18T05:00:00Z,13.75,13.79,13.71,13.76,156249
2026-06-18T06:00:00Z,13.76,13.78,13.62,13.68,143749
2026-06-18T07:00:00Z,13.68,13.81,13.63,13.80,117707
2026-06-18T08:00:00Z,13.80,13.81,13.72,13.76,54166
2026-06-18T09:00:00Z,13.76,13.77,13.58,13.61,58332
2026-06-18T10:00:00Z,13.61,13.69,13.58,13.69,149999
2026-06-18T11:00:00Z,13.69,13.80,13.69,13.75,105207
2026-06-18T12:00:00Z,13.75,13.82,13.66,13.72,102082
2026-06-18T13:00:00Z,13.72,13.80,13.71,13.77,92707
2026-06-18T14:00:00Z,13.77,13.84,13.66,13.73,68749
2026-06-18T15:00:00Z,13.73,13.73,13.63,13.67,59374
2026-06-18T16:00:00Z,13.67,13.68,13.62,13.67,136457
2026-06-18T17:00:00Z,13.67,13.69,13.63,13.65,99999
2026-06-18T18:00:00Z,13.65,13.68,13.56,13.58,147915
2026-06-18T19:00:00Z,13.58,13.68,13.55,13.63,121874
2026-06-18T20:00:00Z,13.63,13.67,13.59,13.59,72916
2026-06-18T21:00:00Z,13.59,13.73,13.53,13.71,134374
2026-06-18T22:00:00Z,13.71,13.71,13.71,13.71,65624
2026-06-18T23:00:00Z,13.71,13.77,13.71,13.74,77082
2026-06-19T00:00:00Z,13.74,13.81,13.68,13.77,89582
2026-06-19T01:00:00Z,13.77,13.84,13.66,13.72,135415
2026-06-19T02:00:00Z,13.72,13.82,13.71,13.77,136457
2026-06-19T03:00:00Z,13.77,13.80,13.71,13.71,143749
2026-06-19T04:00:00Z,13.71,13.72,13.63,13.66,92707
2026-06-19T05:00:00Z,13.66,13.78,13.61,13.72,103124
2026-06-19T06:00:00Z,13.72,13.78,13.64,13.65,148957
2026-06-19T07:00:00Z,13.65,13.82,13.61,13.77,87499
2026-06-19T08:00:00Z,13.77,13.83,13.73,13.82,88541
2026-06-19T09:00:00Z,13.82,13.88,13.75,13.87,152082
2026-06-19T10:00:00Z,13.87,13.92,13.74,13.75,88541
2026-06-19T11:00:00Z,13.75,13.77,13.73,13.74,102082
2026-06-19T12:00:00Z,13.74,13.76,13.69,13.75,106249
2026-06-19T13:00:00Z,13.75,13.82,13.67,13.68,155207
2026-06-19T14:00:00Z,13.68,13.71,13.56,13.61,137499
2026-06-19T15:00:00Z,13.61,13.66,13.57,13.60,130207
2026-06-19T16:00:00Z,13.60,13.66,13.51,13.58,93749
2026-06-19T17:00:00Z,13.58,13.58,13.51,13.58,144790
2026-06-19T18:00:00Z,13.58,13.60,13.56,13.60,111457
2026-06-19T19:00:00Z,13.60,13.65,13.57,13.57,83332
2026-06-19T20:00:00Z,13.57,13.65,13.50,13.63,52083
2026-06-19T21:00:00Z,13.63,13.69,13.56,13.59,73957
2026-06-19T22:00:00Z,13.59,13.60,13.55,13.56,138540
2026-06-19T23:00:00Z,13.56,13.61,13.42,13.49,70832
2026-06-20T00:00:00Z,13.49,13.50,13.39,13.44,52083
2026-06-20T01:00:00Z,13.44,13.48,13.34,13.40,74999
2026-06-20T02:00:00Z,13.40,13.49,13.37,13.44,74999
2026-06-20T03:00:00Z,13.44,13.44,13.36,13.43,116665
2026-06-20T04:00:00Z,13.43,13.56,13.38,13.50,135415
2026-06-20T05:00:00Z,13.50,13.54,13.42,13.48,133332
2026-06-20T06:00:00Z,13.48,13.50,13.43,13.45,90624
2026-06-20T07:00:00Z,13.45,13.52,13.41,13.48,144790
2026-06-20T08:00:00Z,13.48,13.65,13.42,13.58,81249
2026-06-20T09:00:00Z,13.58,13.59,13.52,13.54,152082
2026-06-20T10:00:00Z,13.54,13.60,13.47,13.60,156249
2026-06-20T11:00:00Z,13.60,13.66,13.56,13.66,96874
2026-06-20T12:00:00Z,13.66,13.79,13.65,13.75,118749
2026-06-20T13:00:00Z,13.75,13.76,13.71,13.75,124999
2026-06-20T14:00:00Z,13.75,13.78,13.70,13.70,140624
2026-06-20T15:00:00Z,13.70,13.75,13.63,13.64,124999
2026-06-20T16:00:00Z,13.64,13.69,13.53,13.59,71874
2026-06-20T17:00:00Z,13.59,13.69,13.57,13.64,52083
2026-06-20T18:00:00Z,13.64,13.66,13.62,13.65,151040
2026-06-20T19:00:00Z,13.65,13.72,13.59,13.70,88541
2026-06-20T20:00:00Z,13.70,13.86,13.64,13.79,85416
2026-06-20T21:00:00Z,13.79,13.88,13.79,13.88,128124
2026-06-20T22:00:00Z,13.88,13.91,13.85,13.88,55207
2026-06-20T23:00:00Z,13.88,13.94,13.85,13.88,116665
2026-06-21T00:00:00Z,13.88,13.93,13.81,13.87,127082
2026-06-21T01:00:00Z,13.87,13.94,13.82,13.93,88541
2026-06-21T02:00:00Z,13.93,13.93,13.85,13.90,133332
2026-06-21T03:00:00Z,13.90,14.09,13.84,14.04,115624
2026-06-21T04:00:00Z,14.04,14.10,13.81,13.88,63541
2026-06-21T05:00:00Z,13.88,13.95,13.78,13.83,61457
2026-06-21T06:00:00Z,13.83,13.83,13.82,13.83,80207
2026-06-21T07:00:00Z,13.83,13.96,13.78,13.89,87499
2026-06-21T08:00:00Z,13.89,13.98,13.85,13.91,57291
2026-06-21T09:00:00Z,13.91,13.94,13.88,13.92,78124
2026-06-21T10:00:00Z,13.92,13.92,13.88,13.90,144790
2026-06-21T11:00:00Z,13.90,13.90,13.86,13.86,102082
2026-06-21T12:00:00Z,13.86,13.87,13.86,13.86,92707
2026-06-21T13:00:00Z,13.86,13.88,13.85,13.88,81249
2026-06-21T14:00:00Z,13.88,13.90,13.84,13.89,147915
2026-06-21T15:00:00Z,13.89,13.90,13.85,13.90,87499
2026-06-21T16:00:00Z,13.90,13.94,13.84,13.84,92707
2026-06-21T17:00:00Z,13.84,13.93,13.84,13.86,152082
2026-06-21T18:00:00Z,13.86,13.93,13.81,13.85,134374
2026-06-21T19:00:00Z,13.85,13.91,13.75,13.75,95832
2026-06-21T20:00:00Z,13.75,13.80,13.61,13.67,144790
2026-06-21T21:00:00Z,13.67,13.77,13.66,13.71,74999
2026-06-21T22:00:00Z,13.71,13.76,13.71,13.71,124999
2026-06-21T23:00:00Z,13.71,13.87,13.65,13.81,109374
2026-06-22T00:00:00Z,13.81,13.81,13.74,13.78,103178
2026-06-22T01:00:00Z,13.78,13.88,13.77,13.88,100800
2026-06-22T02:00:00Z,13.88,13.92,13.86,13.91,104828
2026-06-22T03:00:00Z,13.91,13.92,13.87,13.91,106179
2026-06-22T04:00:00Z,13.91,13.94,13.84,13.92,103731
2026-06-22T05:00:00Z,13.92,13.95,13.78,13.79,105416
2026-06-22T06:00:00Z,13.79,13.80,13.73,13.78,98942
2026-06-22T07:00:00Z,13.78,13.81,13.74,13.81,105101
2026-06-22T08:00:00Z,13.81,13.81,13.66,13.66,106251
2026-06-22T09:00:00Z,13.66,13.72,13.62,13.62,106703
2026-06-22T10:00:00Z,13.62,13.62,13.53,13.58,104202
2026-06-22T11:00:00Z,13.58,13.60,13.40,13.41,101460
2026-06-22T12:00:00Z,13.41,13.43,13.34,13.37,103178
2026-06-22T13:00:00Z,13.37,13.38,13.32,13.35,102672
2026-06-22T14:00:00Z,13.35,13.35,13.20,13.23,108615
2026-06-22T15:00:00Z,13.23,13.25,13.17,13.24,100762
2026-06-22T16:00:00Z,13.24,13.31,13.24,13.31,100783
2026-06-22T17:00:00Z,13.31,13.31,13.22,13.24,103230
2026-06-22T18:00:00Z,13.24,13.29,13.17,13.18,104672
2026-06-22T19:00:00Z,13.18,13.26,13.17,13.26,104044
2026-06-22T20:00:00Z,13.26,13.31,13.24,13.25,100365
2026-06-22T21:00:00Z,13.25,13.26,13.19,13.22,104828
2026-06-22T22:00:00Z,13.22,13.26,13.18,13.22,106283
2026-06-22T23:00:00Z,13.22,13.23,13.17,13.19,109442
2026-06-23T00:00:00Z,13.19,13.19,13.13,13.14,111388
2026-06-23T01:00:00Z,13.14,13.15,13.07,13.14,105402
2026-06-23T02:00:00Z,13.14,13.21,13.14,13.19,101612
2026-06-23T03:00:00Z,13.19,13.26,13.19,13.26,106213
2026-06-23T04:00:00Z,13.26,13.26,13.20,13.22,99063
2026-06-23T05:00:00Z,13.22,13.26,13.18,13.19,100045
2026-06-23T06:00:00Z,13.19,13.22,13.10,13.14,110888
2026-06-23T07:00:00Z,13.14,13.15,13.10,13.11,111267
2026-06-23T08:00:00Z,13.11,13.21,13.10,13.21,97846
2026-06-23T09:00:00Z,13.21,13.31,13.20,13.29,110499
2026-06-23T10:00:00Z,13.29,13.37,13.29,13.33,98108
2026-06-23T11:00:00Z,13.33,13.42,13.33,13.41,102253
2026-06-23T12:00:00Z,13.41,13.42,13.32,13.34,99999
2026-06-23T13:00:00Z,13.34,13.37,13.30,13.35,103698
2026-06-23T14:00:00Z,13.35,13.42,13.34,13.40,99422
2026-06-23T15:00:00Z,13.40,13.43,13.37,13.39,113160
2026-06-23T16:00:00Z,13.39,13.40,13.34,13.35,99380
2026-06-23T17:00:00Z,13.35,13.35,13.28,13.30,104217
2026-06-23T18:00:00Z,13.30,13.34,13.28,13.34,104426
2026-06-23T19:00:00Z,13.34,13.43,13.32,13.40,104963
2026-06-23T20:00:00Z,13.40,13.41,13.30,13.38,111476
2026-06-23T21:00:00Z,13.38,13.44,13.36,13.39,108468
2026-06-23T22:00:00Z,13.39,13.40,13.31,13.32,102221
2026-06-23T23:00:00Z,13.32,13.42,13.29,13.39,102898
2026-06-24T00:00:00Z,13.39,13.41,13.34,13.36,99585
2026-06-24T01:00:00Z,13.36,13.47,13.35,13.39,105573
2026-06-24T02:00:00Z,13.39,13.41,13.36,13.41,104097
2026-06-24T03:00:00Z,13.41,13.47,13.36,13.36,103486
2026-06-24T04:00:00Z,13.36,13.41,13.35,13.37,110900
2026-06-24T05:00:00Z,13.37,13.46,13.35,13.45,91006
2026-06-24T06:00:00Z,13.45,13.54,13.44,13.53,107730
2026-06-24T07:00:00Z,13.53,13.63,13.52,13.63,107085
2026-06-24T08:00:00Z,13.63,13.66,13.57,13.64,106943
2026-06-24T09:00:00Z,13.64,13.64,13.49,13.54,101982
2026-06-24T10:00:00Z,13.54,13.54,13.48,13.50,97135
2026-06-24T11:00:00Z,13.50,13.52,13.41,13.49,104287
2026-06-24T12:00:00Z,13.49,13.50,13.42,13.49,97254
2026-06-24T13:00:00Z,13.49,13.61,13.48,13.60,99690
2026-06-24T14:00:00Z,13.60,13.63,13.50,13.52,105033
2026-06-24T15:00:00Z,13.52,13.59,13.51,13.59,108435
2026-06-24T16:00:00Z,13.59,13.60,13.54,13.58,103036
2026-06-24T17:00:00Z,13.58,13.65,13.56,13.62,104755
2026-06-24T18:00:00Z,13.62,13.62,13.54,13.57,106131
2026-06-24T19:00:00Z,13.57,13.64,13.57,13.63,110224
2026-06-24T20:00:00Z,13.63,13.72,13.62,13.70,107086
2026-06-24T21:00:00Z,13.70,13.74,13.59,13.62,100489
2026-06-24T22:00:00Z,13.62,13.62,13.46,13.47,98092
2026-06-24T23:00:00Z,13.47,13.47,13.33,13.35,104077
2026-06-25T00:00:00Z,13.35,13.45,13.35,13.45,98607
2026-06-25T01:00:00Z,13.45,13.48,13.35,13.38,106595
2026-06-25T02:00:00Z,13.38,13.42,13.35,13.37,103857
2026-06-25T03:00:00Z,13.37,13.47,13.34,13.47,105209
2026-06-25T04:00:00Z,13.47,13.51,13.46,13.51,108159
2026-06-25T05:00:00Z,13.51,13.53,13.44,13.46,105901
2026-06-25T06:00:00Z,13.46,13.46,13.37,13.40,105293
2026-06-25T07:00:00Z,13.40,13.41,13.32,13.37,96354
2026-06-25T08:00:00Z,13.37,13.43,13.34,13.43,107013
2026-06-25T09:00:00Z,13.43,13.47,13.38,13.46,99027
2026-06-25T10:00:00Z,13.46,13.50,13.42,13.45,105622
2026-06-25T11:00:00Z,13.45,13.56,13.42,13.56,105260
2026-06-25T12:00:00Z,13.56,13.56,13.49,13.54,108281
2026-06-25T13:00:00Z,13.54,13.55,13.48,13.53,99759
2026-06-25T14:00:00Z,13.53,13.60,13.52,13.60,101805
2026-06-25T15:00:00Z,13.60,13.60,13.47,13.56,96893
2026-06-25T16:00:00Z,13.56,13.57,13.52,13.56,104862
2026-06-25T17:00:00Z,13.56,13.59,13.52,13.56,110135
2026-06-25T18:00:00Z,13.56,13.64,13.56,13.64,106632
2026-06-25T19:00:00Z,13.64,13.76,13.61,13.75,105226
2026-06-25T20:00:00Z,13.75,13.88,13.75,13.83,99704
2026-06-25T21:00:00Z,13.83,13.92,13.83,13.86,110295
2026-06-25T22:00:00Z,13.86,13.91,13.84,13.86,106077
2026-06-25T23:00:00Z,13.86,13.92,13.83,13.92,104236
2026-06-26T00:00:00Z,13.92,13.97,13.87,13.93,102866
2026-06-26T01:00:00Z,13.93,13.97,13.88,13.89,106824
2026-06-26T02:00:00Z,13.89,13.94,13.86,13.93,105105
2026-06-26T03:00:00Z,13.93,13.94,13.86,13.91,107483
2026-06-26T04:00:00Z,13.91,13.94,13.85,13.89,109317
2026-06-26T05:00:00Z,13.89,13.90,13.82,13.85,106994
2026-06-26T06:00:00Z,13.85,13.95,13.85,13.95,102602
2026-06-26T07:00:00Z,13.95,13.97,13.90,13.95,104585
2026-06-26T08:00:00Z,13.95,14.08,13.94,14.08,100693
2026-06-26T09:00:00Z,14.08,14.13,14.06,14.09,104516
2026-06-26T10:00:00Z,14.09,14.09,14.04,14.08,97379
2026-06-26T11:00:00Z,14.08,14.10,13.93,13.95,105172
2026-06-26T12:00:00Z,13.95,14.02,13.94,13.97,100158
2026-06-26T13:00:00Z,13.97,13.99,13.91,13.93,103249
2026-06-26T14:00:00Z,13.93,13.99,13.90,13.99,108489
2026-06-26T15:00:00Z,13.99,14.02,13.95,13.97,102848
2026-06-26T16:00:00Z,13.97,13.97,13.86,13.89,104185
2026-06-26T17:00:00Z,13.89,14.05,13.86,14.04,109496
2026-06-26T18:00:00Z,14.04,14.04,13.94,13.98,101839
2026-06-26T19:00:00Z,13.98,13.99,13.82,13.83,108104
2026-06-26T20:00:00Z,13.83,13.91,13.80,13.88,109046
2026-06-26T21:00:00Z,13.88,13.99,13.86,13.99,101371
2026-06-26T22:00:00Z,13.99,14.10,13.98,14.10,104340
2026-06-26T23:00:00Z,14.10,14.10,13.98,14.01,103284
